# time,x,y,yaw
2.000000000000000042e-02,0.000000000000000000e+00,0.000000000000000000e+00,0.000000000000000000e+00
4.000000000000000083e-02,0.000000000000000000e+00,0.000000000000000000e+00,0.000000000000000000e+00
6.000000000000000472e-02,0.000000000000000000e+00,0.000000000000000000e+00,0.000000000000000000e+00
8.000000000000000167e-02,0.000000000000000000e+00,0.000000000000000000e+00,0.000000000000000000e+00
1.000000000000000056e-01,0.000000000000000000e+00,0.000000000000000000e+00,0.000000000000000000e+00
1.200000000000000094e-01,0.000000000000000000e+00,0.000000000000000000e+00,0.000000000000000000e+00
1.400000000000000133e-01,0.000000000000000000e+00,0.000000000000000000e+00,0.000000000000000000e+00
1.600000000000000033e-01,0.000000000000000000e+00,0.000000000000000000e+00,0.000000000000000000e+00
1.800000000000000211e-01,0.000000000000000000e+00,0.000000000000000000e+00,0.000000000000000000e+00
2.000000000000000111e-01,0.000000000000000000e+00,0.000000000000000000e+00,0.000000000000000000e+00
2.200000000000000011e-01,0.000000000000000000e+00,0.000000000000000000e+00,0.000000000000000000e+00
2.400000000000000189e-01,0.000000000000000000e+00,0.000000000000000000e+00,0.000000000000000000e+00
2.600000000000000089e-01,0.000000000000000000e+00,0.000000000000000000e+00,0.000000000000000000e+00
2.800000000000000266e-01,0.000000000000000000e+00,0.000000000000000000e+00,0.000000000000000000e+00
3.000000000000000444e-01,0.000000000000000000e+00,0.000000000000000000e+00,0.000000000000000000e+00
3.200000000000000067e-01,0.000000000000000000e+00,0.000000000000000000e+00,0.000000000000000000e+00
3.400000000000000244e-01,0.000000000000000000e+00,0.000000000000000000e+00,0.000000000000000000e+00
3.600000000000000422e-01,0.000000000000000000e+00,0.000000000000000000e+00,0.000000000000000000e+00
3.800000000000000044e-01,0.000000000000000000e+00,0.000000000000000000e+00,0.000000000000000000e+00
4.000000000000000222e-01,0.000000000000000000e+00,0.000000000000000000e+00,0.000000000000000000e+00
4.200000000000000400e-01,0.000000000000000000e+00,0.000000000000000000e+00,0.000000000000000000e+00
4.400000000000000022e-01,0.000000000000000000e+00,0.000000000000000000e+00,0.000000000000000000e+00
4.600000000000000200e-01,0.000000000000000000e+00,0.000000000000000000e+00,0.000000000000000000e+00
4.800000000000000377e-01,0.000000000000000000e+00,0.000000000000000000e+00,0.000000000000000000e+00
5.000000000000000000e-01,0.000000000000000000e+00,0.000000000000000000e+00,0.000000000000000000e+00
5.200000000000000178e-01,0.000000000000000000e+00,0.000000000000000000e+00,0.000000000000000000e+00
5.400000000000000355e-01,0.000000000000000000e+00,0.000000000000000000e+00,0.000000000000000000e+00
5.600000000000000533e-01,0.000000000000000000e+00,0.000000000000000000e+00,0.000000000000000000e+00
5.800000000000000711e-01,0.000000000000000000e+00,0.000000000000000000e+00,0.000000000000000000e+00
6.000000000000000888e-01,0.000000000000000000e+00,0.000000000000000000e+00,0.000000000000000000e+00
6.199999999999999956e-01,0.000000000000000000e+00,0.000000000000000000e+00,0.000000000000000000e+00
6.400000000000000133e-01,0.000000000000000000e+00,0.000000000000000000e+00,0.000000000000000000e+00
6.600000000000000311e-01,0.000000000000000000e+00,0.000000000000000000e+00,0.000000000000000000e+00
6.800000000000000488e-01,0.000000000000000000e+00,0.000000000000000000e+00,0.000000000000000000e+00
7.000000000000000666e-01,0.000000000000000000e+00,0.000000000000000000e+00,0.000000000000000000e+00
7.200000000000000844e-01,0.000000000000000000e+00,0.000000000000000000e+00,0.000000000000000000e+00
7.399999999999999911e-01,0.000000000000000000e+00,0.000000000000000000e+00,0.000000000000000000e+00
7.600000000000000089e-01,0.000000000000000000e+00,0.000000000000000000e+00,0.000000000000000000e+00
7.800000000000000266e-01,0.000000000000000000e+00,0.000000000000000000e+00,0.000000000000000000e+00
8.000000000000000444e-01,0.000000000000000000e+00,0.000000000000000000e+00,0.000000000000000000e+00
8.200000000000000622e-01,0.000000000000000000e+00,0.000000000000000000e+00,0.000000000000000000e+00
8.400000000000000799e-01,0.000000000000000000e+00,0.000000000000000000e+00,0.000000000000000000e+00
8.600000000000000977e-01,0.000000000000000000e+00,0.000000000000000000e+00,0.000000000000000000e+00
8.800000000000000044e-01,0.000000000000000000e+00,0.000000000000000000e+00,0.000000000000000000e+00
9.000000000000000222e-01,0.000000000000000000e+00,0.000000000000000000e+00,0.000000000000000000e+00
9.200000000000000400e-01,0.000000000000000000e+00,0.000000000000000000e+00,0.000000000000000000e+00
9.400000000000000577e-01,0.000000000000000000e+00,0.000000000000000000e+00,0.000000000000000000e+00
9.600000000000000755e-01,0.000000000000000000e+00,0.000000000000000000e+00,0.000000000000000000e+00
9.800000000000000933e-01,0.000000000000000000e+00,0.000000000000000000e+00,0.000000000000000000e+00
1.000000000000000000e+00,0.000000000000000000e+00,0.000000000000000000e+00,0.000000000000000000e+00
1.020000000000000018e+00,0.000000000000000000e+00,0.000000000000000000e+00,0.000000000000000000e+00
1.040000000000000036e+00,0.000000000000000000e+00,0.000000000000000000e+00,0.000000000000000000e+00
1.060000000000000053e+00,0.000000000000000000e+00,0.000000000000000000e+00,0.000000000000000000e+00
1.080000000000000071e+00,0.000000000000000000e+00,0.000000000000000000e+00,0.000000000000000000e+00
1.100000000000000089e+00,0.000000000000000000e+00,0.000000000000000000e+00,0.000000000000000000e+00
1.120000000000000107e+00,0.000000000000000000e+00,0.000000000000000000e+00,0.000000000000000000e+00
1.140000000000000124e+00,0.000000000000000000e+00,0.000000000000000000e+00,0.000000000000000000e+00
1.159999999999999920e+00,0.000000000000000000e+00,0.000000000000000000e+00,0.000000000000000000e+00
1.179999999999999938e+00,0.000000000000000000e+00,0.000000000000000000e+00,0.000000000000000000e+00
1.199999999999999956e+00,0.000000000000000000e+00,0.000000000000000000e+00,0.000000000000000000e+00
1.219999999999999973e+00,0.000000000000000000e+00,0.000000000000000000e+00,0.000000000000000000e+00
1.239999999999999991e+00,0.000000000000000000e+00,0.000000000000000000e+00,0.000000000000000000e+00
1.260000000000000009e+00,0.000000000000000000e+00,0.000000000000000000e+00,0.000000000000000000e+00
1.280000000000000027e+00,0.000000000000000000e+00,0.000000000000000000e+00,0.000000000000000000e+00
1.300000000000000044e+00,0.000000000000000000e+00,0.000000000000000000e+00,0.000000000000000000e+00
1.320000000000000062e+00,0.000000000000000000e+00,0.000000000000000000e+00,0.000000000000000000e+00
1.340000000000000080e+00,0.000000000000000000e+00,0.000000000000000000e+00,0.000000000000000000e+00
1.360000000000000098e+00,0.000000000000000000e+00,0.000000000000000000e+00,0.000000000000000000e+00
1.379999999999999893e+00,0.000000000000000000e+00,0.000000000000000000e+00,0.000000000000000000e+00
1.399999999999999911e+00,0.000000000000000000e+00,0.000000000000000000e+00,0.000000000000000000e+00
1.419999999999999929e+00,0.000000000000000000e+00,0.000000000000000000e+00,0.000000000000000000e+00
1.439999999999999947e+00,0.000000000000000000e+00,0.000000000000000000e+00,0.000000000000000000e+00
1.459999999999999964e+00,0.000000000000000000e+00,0.000000000000000000e+00,0.000000000000000000e+00
1.479999999999999982e+00,0.000000000000000000e+00,0.000000000000000000e+00,0.000000000000000000e+00
1.500000000000000000e+00,0.000000000000000000e+00,0.000000000000000000e+00,0.000000000000000000e+00
1.520000000000000018e+00,0.000000000000000000e+00,0.000000000000000000e+00,0.000000000000000000e+00
1.540000000000000036e+00,0.000000000000000000e+00,0.000000000000000000e+00,0.000000000000000000e+00
1.560000000000000053e+00,0.000000000000000000e+00,0.000000000000000000e+00,0.000000000000000000e+00
1.580000000000000071e+00,0.000000000000000000e+00,0.000000000000000000e+00,0.000000000000000000e+00
1.600000000000000089e+00,0.000000000000000000e+00,0.000000000000000000e+00,0.000000000000000000e+00
1.620000000000000107e+00,0.000000000000000000e+00,0.000000000000000000e+00,0.000000000000000000e+00
1.640000000000000124e+00,0.000000000000000000e+00,0.000000000000000000e+00,0.000000000000000000e+00
1.660000000000000142e+00,0.000000000000000000e+00,0.000000000000000000e+00,0.000000000000000000e+00
1.680000000000000160e+00,0.000000000000000000e+00,0.000000000000000000e+00,0.000000000000000000e+00
1.700000000000000178e+00,0.000000000000000000e+00,0.000000000000000000e+00,0.000000000000000000e+00
1.720000000000000195e+00,0.000000000000000000e+00,0.000000000000000000e+00,0.000000000000000000e+00
1.739999999999999991e+00,0.000000000000000000e+00,0.000000000000000000e+00,0.000000000000000000e+00
1.760000000000000009e+00,0.000000000000000000e+00,0.000000000000000000e+00,0.000000000000000000e+00
1.780000000000000027e+00,0.000000000000000000e+00,0.000000000000000000e+00,0.000000000000000000e+00
1.800000000000000044e+00,0.000000000000000000e+00,0.000000000000000000e+00,0.000000000000000000e+00
1.820000000000000062e+00,0.000000000000000000e+00,0.000000000000000000e+00,0.000000000000000000e+00
1.840000000000000080e+00,0.000000000000000000e+00,0.000000000000000000e+00,0.000000000000000000e+00
1.860000000000000098e+00,0.000000000000000000e+00,0.000000000000000000e+00,0.000000000000000000e+00
1.879999999999999893e+00,0.000000000000000000e+00,0.000000000000000000e+00,0.000000000000000000e+00
1.899999999999999911e+00,0.000000000000000000e+00,0.000000000000000000e+00,0.000000000000000000e+00
1.919999999999999929e+00,0.000000000000000000e+00,0.000000000000000000e+00,0.000000000000000000e+00
1.939999999999999947e+00,0.000000000000000000e+00,0.000000000000000000e+00,0.000000000000000000e+00
1.959999999999999964e+00,0.000000000000000000e+00,0.000000000000000000e+00,0.000000000000000000e+00
1.979999999999999982e+00,0.000000000000000000e+00,0.000000000000000000e+00,0.000000000000000000e+00
2.000000000000000000e+00,0.000000000000000000e+00,0.000000000000000000e+00,0.000000000000000000e+00
2.020000000000000018e+00,0.000000000000000000e+00,0.000000000000000000e+00,0.000000000000000000e+00
2.040000000000000036e+00,0.000000000000000000e+00,0.000000000000000000e+00,0.000000000000000000e+00
2.060000000000000053e+00,0.000000000000000000e+00,0.000000000000000000e+00,0.000000000000000000e+00
2.080000000000000071e+00,0.000000000000000000e+00,0.000000000000000000e+00,0.000000000000000000e+00
2.100000000000000089e+00,0.000000000000000000e+00,0.000000000000000000e+00,0.000000000000000000e+00
2.120000000000000107e+00,0.000000000000000000e+00,0.000000000000000000e+00,0.000000000000000000e+00
2.140000000000000124e+00,0.000000000000000000e+00,0.000000000000000000e+00,0.000000000000000000e+00
2.160000000000000142e+00,0.000000000000000000e+00,0.000000000000000000e+00,0.000000000000000000e+00
2.180000000000000160e+00,0.000000000000000000e+00,0.000000000000000000e+00,0.000000000000000000e+00
2.200000000000000178e+00,0.000000000000000000e+00,0.000000000000000000e+00,0.000000000000000000e+00
2.220000000000000195e+00,0.000000000000000000e+00,0.000000000000000000e+00,0.000000000000000000e+00
2.240000000000000213e+00,0.000000000000000000e+00,0.000000000000000000e+00,0.000000000000000000e+00
2.259999999999999787e+00,0.000000000000000000e+00,0.000000000000000000e+00,0.000000000000000000e+00
2.280000000000000249e+00,0.000000000000000000e+00,0.000000000000000000e+00,0.000000000000000000e+00
2.299999999999999822e+00,0.000000000000000000e+00,0.000000000000000000e+00,0.000000000000000000e+00
2.319999999999999840e+00,0.000000000000000000e+00,0.000000000000000000e+00,0.000000000000000000e+00
2.339999999999999858e+00,0.000000000000000000e+00,0.000000000000000000e+00,0.000000000000000000e+00
2.359999999999999876e+00,0.000000000000000000e+00,0.000000000000000000e+00,0.000000000000000000e+00
2.379999999999999893e+00,0.000000000000000000e+00,0.000000000000000000e+00,0.000000000000000000e+00
2.399999999999999911e+00,0.000000000000000000e+00,0.000000000000000000e+00,0.000000000000000000e+00
2.419999999999999929e+00,0.000000000000000000e+00,0.000000000000000000e+00,0.000000000000000000e+00
2.439999999999999947e+00,0.000000000000000000e+00,0.000000000000000000e+00,0.000000000000000000e+00
2.459999999999999964e+00,0.000000000000000000e+00,0.000000000000000000e+00,0.000000000000000000e+00
2.479999999999999982e+00,0.000000000000000000e+00,0.000000000000000000e+00,0.000000000000000000e+00
2.500000000000000000e+00,0.000000000000000000e+00,0.000000000000000000e+00,0.000000000000000000e+00
2.520000000000000018e+00,0.000000000000000000e+00,0.000000000000000000e+00,0.000000000000000000e+00
2.540000000000000036e+00,0.000000000000000000e+00,0.000000000000000000e+00,0.000000000000000000e+00
2.560000000000000053e+00,0.000000000000000000e+00,0.000000000000000000e+00,0.000000000000000000e+00
2.580000000000000071e+00,0.000000000000000000e+00,0.000000000000000000e+00,0.000000000000000000e+00
2.600000000000000089e+00,0.000000000000000000e+00,0.000000000000000000e+00,0.000000000000000000e+00
2.620000000000000107e+00,0.000000000000000000e+00,0.000000000000000000e+00,0.000000000000000000e+00
2.640000000000000124e+00,0.000000000000000000e+00,0.000000000000000000e+00,0.000000000000000000e+00
2.660000000000000142e+00,0.000000000000000000e+00,0.000000000000000000e+00,0.000000000000000000e+00
2.680000000000000160e+00,0.000000000000000000e+00,0.000000000000000000e+00,0.000000000000000000e+00
2.700000000000000178e+00,0.000000000000000000e+00,0.000000000000000000e+00,0.000000000000000000e+00
2.720000000000000195e+00,0.000000000000000000e+00,0.000000000000000000e+00,0.000000000000000000e+00
2.740000000000000213e+00,0.000000000000000000e+00,0.000000000000000000e+00,0.000000000000000000e+00
2.759999999999999787e+00,0.000000000000000000e+00,0.000000000000000000e+00,0.000000000000000000e+00
2.780000000000000249e+00,0.000000000000000000e+00,0.000000000000000000e+00,0.000000000000000000e+00
2.799999999999999822e+00,0.000000000000000000e+00,0.000000000000000000e+00,0.000000000000000000e+00
2.820000000000000284e+00,0.000000000000000000e+00,0.000000000000000000e+00,0.000000000000000000e+00
2.839999999999999858e+00,0.000000000000000000e+00,0.000000000000000000e+00,0.000000000000000000e+00
2.860000000000000320e+00,0.000000000000000000e+00,0.000000000000000000e+00,0.000000000000000000e+00
2.879999999999999893e+00,0.000000000000000000e+00,0.000000000000000000e+00,0.000000000000000000e+00
2.899999999999999911e+00,0.000000000000000000e+00,0.000000000000000000e+00,0.000000000000000000e+00
2.919999999999999929e+00,0.000000000000000000e+00,0.000000000000000000e+00,0.000000000000000000e+00
2.939999999999999947e+00,0.000000000000000000e+00,0.000000000000000000e+00,0.000000000000000000e+00
2.959999999999999964e+00,0.000000000000000000e+00,0.000000000000000000e+00,0.000000000000000000e+00
2.979999999999999982e+00,0.000000000000000000e+00,0.000000000000000000e+00,0.000000000000000000e+00
3.000000000000000000e+00,0.000000000000000000e+00,0.000000000000000000e+00,0.000000000000000000e+00
3.020000000000000018e+00,0.000000000000000000e+00,0.000000000000000000e+00,0.000000000000000000e+00
3.040000000000000036e+00,0.000000000000000000e+00,0.000000000000000000e+00,0.000000000000000000e+00
3.060000000000000053e+00,0.000000000000000000e+00,0.000000000000000000e+00,0.000000000000000000e+00
3.080000000000000071e+00,0.000000000000000000e+00,0.000000000000000000e+00,0.000000000000000000e+00
3.100000000000000089e+00,0.000000000000000000e+00,0.000000000000000000e+00,0.000000000000000000e+00
3.120000000000000107e+00,0.000000000000000000e+00,0.000000000000000000e+00,0.000000000000000000e+00
3.140000000000000124e+00,0.000000000000000000e+00,0.000000000000000000e+00,0.000000000000000000e+00
3.160000000000000142e+00,0.000000000000000000e+00,0.000000000000000000e+00,0.000000000000000000e+00
3.180000000000000160e+00,0.000000000000000000e+00,0.000000000000000000e+00,0.000000000000000000e+00
3.200000000000000178e+00,0.000000000000000000e+00,0.000000000000000000e+00,0.000000000000000000e+00
3.220000000000000195e+00,0.000000000000000000e+00,0.000000000000000000e+00,0.000000000000000000e+00
3.240000000000000213e+00,0.000000000000000000e+00,0.000000000000000000e+00,0.000000000000000000e+00
3.259999999999999787e+00,0.000000000000000000e+00,0.000000000000000000e+00,0.000000000000000000e+00
3.280000000000000249e+00,0.000000000000000000e+00,0.000000000000000000e+00,0.000000000000000000e+00
3.299999999999999822e+00,0.000000000000000000e+00,0.000000000000000000e+00,0.000000000000000000e+00
3.319999999999999840e+00,0.000000000000000000e+00,0.000000000000000000e+00,0.000000000000000000e+00
3.339999999999999858e+00,0.000000000000000000e+00,0.000000000000000000e+00,0.000000000000000000e+00
3.359999999999999876e+00,0.000000000000000000e+00,0.000000000000000000e+00,0.000000000000000000e+00
3.379999999999999893e+00,0.000000000000000000e+00,0.000000000000000000e+00,0.000000000000000000e+00
3.399999999999999911e+00,0.000000000000000000e+00,0.000000000000000000e+00,0.000000000000000000e+00
3.419999999999999929e+00,0.000000000000000000e+00,0.000000000000000000e+00,0.000000000000000000e+00
3.439999999999999947e+00,0.000000000000000000e+00,0.000000000000000000e+00,0.000000000000000000e+00
3.459999999999999964e+00,0.000000000000000000e+00,0.000000000000000000e+00,0.000000000000000000e+00
3.479999999999999982e+00,0.000000000000000000e+00,0.000000000000000000e+00,0.000000000000000000e+00
3.500000000000000000e+00,0.000000000000000000e+00,0.000000000000000000e+00,0.000000000000000000e+00
3.520000000000000018e+00,0.000000000000000000e+00,0.000000000000000000e+00,0.000000000000000000e+00
3.540000000000000036e+00,0.000000000000000000e+00,0.000000000000000000e+00,0.000000000000000000e+00
3.560000000000000053e+00,0.000000000000000000e+00,0.000000000000000000e+00,0.000000000000000000e+00
3.580000000000000071e+00,0.000000000000000000e+00,0.000000000000000000e+00,0.000000000000000000e+00
3.600000000000000089e+00,0.000000000000000000e+00,0.000000000000000000e+00,0.000000000000000000e+00
3.620000000000000107e+00,0.000000000000000000e+00,0.000000000000000000e+00,0.000000000000000000e+00
3.640000000000000124e+00,0.000000000000000000e+00,0.000000000000000000e+00,0.000000000000000000e+00
3.660000000000000142e+00,0.000000000000000000e+00,0.000000000000000000e+00,0.000000000000000000e+00
3.680000000000000160e+00,0.000000000000000000e+00,0.000000000000000000e+00,0.000000000000000000e+00
3.700000000000000178e+00,0.000000000000000000e+00,0.000000000000000000e+00,0.000000000000000000e+00
3.720000000000000195e+00,0.000000000000000000e+00,0.000000000000000000e+00,0.000000000000000000e+00
3.740000000000000213e+00,0.000000000000000000e+00,0.000000000000000000e+00,0.000000000000000000e+00
3.759999999999999787e+00,0.000000000000000000e+00,0.000000000000000000e+00,0.000000000000000000e+00
3.780000000000000249e+00,0.000000000000000000e+00,0.000000000000000000e+00,0.000000000000000000e+00
3.799999999999999822e+00,0.000000000000000000e+00,0.000000000000000000e+00,0.000000000000000000e+00
3.820000000000000284e+00,0.000000000000000000e+00,0.000000000000000000e+00,0.000000000000000000e+00
3.839999999999999858e+00,0.000000000000000000e+00,0.000000000000000000e+00,0.000000000000000000e+00
3.860000000000000320e+00,0.000000000000000000e+00,0.000000000000000000e+00,0.000000000000000000e+00
3.879999999999999893e+00,0.000000000000000000e+00,0.000000000000000000e+00,0.000000000000000000e+00
3.899999999999999911e+00,0.000000000000000000e+00,0.000000000000000000e+00,0.000000000000000000e+00
3.919999999999999929e+00,0.000000000000000000e+00,0.000000000000000000e+00,0.000000000000000000e+00
3.939999999999999947e+00,0.000000000000000000e+00,0.000000000000000000e+00,0.000000000000000000e+00
3.959999999999999964e+00,0.000000000000000000e+00,0.000000000000000000e+00,0.000000000000000000e+00
3.979999999999999982e+00,0.000000000000000000e+00,0.000000000000000000e+00,0.000000000000000000e+00
4.000000000000000000e+00,0.000000000000000000e+00,0.000000000000000000e+00,0.000000000000000000e+00
4.019999999999999574e+00,0.000000000000000000e+00,0.000000000000000000e+00,0.000000000000000000e+00
4.040000000000000036e+00,0.000000000000000000e+00,0.000000000000000000e+00,0.000000000000000000e+00
4.059999999999999609e+00,0.000000000000000000e+00,0.000000000000000000e+00,0.000000000000000000e+00
4.080000000000000071e+00,0.000000000000000000e+00,0.000000000000000000e+00,0.000000000000000000e+00
4.099999999999999645e+00,0.000000000000000000e+00,0.000000000000000000e+00,0.000000000000000000e+00
4.120000000000000107e+00,0.000000000000000000e+00,0.000000000000000000e+00,0.000000000000000000e+00
4.139999999999999680e+00,0.000000000000000000e+00,0.000000000000000000e+00,0.000000000000000000e+00
4.160000000000000142e+00,0.000000000000000000e+00,0.000000000000000000e+00,0.000000000000000000e+00
4.179999999999999716e+00,0.000000000000000000e+00,0.000000000000000000e+00,0.000000000000000000e+00
4.200000000000000178e+00,0.000000000000000000e+00,0.000000000000000000e+00,0.000000000000000000e+00
4.219999999999999751e+00,0.000000000000000000e+00,0.000000000000000000e+00,0.000000000000000000e+00
4.240000000000000213e+00,0.000000000000000000e+00,0.000000000000000000e+00,0.000000000000000000e+00
4.259999999999999787e+00,0.000000000000000000e+00,0.000000000000000000e+00,0.000000000000000000e+00
4.280000000000000249e+00,0.000000000000000000e+00,0.000000000000000000e+00,0.000000000000000000e+00
4.299999999999999822e+00,0.000000000000000000e+00,0.000000000000000000e+00,0.000000000000000000e+00
4.320000000000000284e+00,0.000000000000000000e+00,0.000000000000000000e+00,0.000000000000000000e+00
4.339999999999999858e+00,0.000000000000000000e+00,0.000000000000000000e+00,0.000000000000000000e+00
4.360000000000000320e+00,0.000000000000000000e+00,0.000000000000000000e+00,0.000000000000000000e+00
4.379999999999999893e+00,0.000000000000000000e+00,0.000000000000000000e+00,0.000000000000000000e+00
4.400000000000000355e+00,0.000000000000000000e+00,0.000000000000000000e+00,0.000000000000000000e+00
4.419999999999999929e+00,0.000000000000000000e+00,0.000000000000000000e+00,0.000000000000000000e+00
4.440000000000000391e+00,0.000000000000000000e+00,0.000000000000000000e+00,0.000000000000000000e+00
4.459999999999999964e+00,0.000000000000000000e+00,0.000000000000000000e+00,0.000000000000000000e+00
4.480000000000000426e+00,0.000000000000000000e+00,0.000000000000000000e+00,0.000000000000000000e+00
4.500000000000000000e+00,0.000000000000000000e+00,0.000000000000000000e+00,0.000000000000000000e+00
4.519999999999999574e+00,0.000000000000000000e+00,0.000000000000000000e+00,0.000000000000000000e+00
4.540000000000000036e+00,0.000000000000000000e+00,0.000000000000000000e+00,0.000000000000000000e+00
4.560000000000000497e+00,0.000000000000000000e+00,0.000000000000000000e+00,0.000000000000000000e+00
4.580000000000000071e+00,0.000000000000000000e+00,0.000000000000000000e+00,0.000000000000000000e+00
4.599999999999999645e+00,0.000000000000000000e+00,0.000000000000000000e+00,0.000000000000000000e+00
4.620000000000000107e+00,0.000000000000000000e+00,0.000000000000000000e+00,0.000000000000000000e+00
4.639999999999999680e+00,0.000000000000000000e+00,0.000000000000000000e+00,0.000000000000000000e+00
4.660000000000000142e+00,0.000000000000000000e+00,0.000000000000000000e+00,0.000000000000000000e+00
4.679999999999999716e+00,0.000000000000000000e+00,0.000000000000000000e+00,0.000000000000000000e+00
4.700000000000000178e+00,0.000000000000000000e+00,0.000000000000000000e+00,0.000000000000000000e+00
4.719999999999999751e+00,0.000000000000000000e+00,0.000000000000000000e+00,0.000000000000000000e+00
4.740000000000000213e+00,0.000000000000000000e+00,0.000000000000000000e+00,0.000000000000000000e+00
4.759999999999999787e+00,0.000000000000000000e+00,0.000000000000000000e+00,0.000000000000000000e+00
4.780000000000000249e+00,0.000000000000000000e+00,0.000000000000000000e+00,0.000000000000000000e+00
4.799999999999999822e+00,0.000000000000000000e+00,0.000000000000000000e+00,0.000000000000000000e+00
4.820000000000000284e+00,0.000000000000000000e+00,0.000000000000000000e+00,0.000000000000000000e+00
4.839999999999999858e+00,0.000000000000000000e+00,0.000000000000000000e+00,0.000000000000000000e+00
4.860000000000000320e+00,0.000000000000000000e+00,0.000000000000000000e+00,0.000000000000000000e+00
4.879999999999999893e+00,0.000000000000000000e+00,0.000000000000000000e+00,0.000000000000000000e+00
4.900000000000000355e+00,0.000000000000000000e+00,0.000000000000000000e+00,0.000000000000000000e+00
4.919999999999999929e+00,0.000000000000000000e+00,0.000000000000000000e+00,0.000000000000000000e+00
4.940000000000000391e+00,0.000000000000000000e+00,0.000000000000000000e+00,0.000000000000000000e+00
4.959999999999999964e+00,0.000000000000000000e+00,0.000000000000000000e+00,0.000000000000000000e+00
4.980000000000000426e+00,0.000000000000000000e+00,0.000000000000000000e+00,0.000000000000000000e+00
5.000000000000000000e+00,0.000000000000000000e+00,0.000000000000000000e+00,0.000000000000000000e+00
5.019999999999999574e+00,0.000000000000000000e+00,0.000000000000000000e+00,0.000000000000000000e+00
5.040000000000000036e+00,0.000000000000000000e+00,0.000000000000000000e+00,0.000000000000000000e+00
5.059999999999999609e+00,0.000000000000000000e+00,0.000000000000000000e+00,0.000000000000000000e+00
5.080000000000000071e+00,0.000000000000000000e+00,0.000000000000000000e+00,0.000000000000000000e+00
5.099999999999999645e+00,0.000000000000000000e+00,0.000000000000000000e+00,0.000000000000000000e+00
5.120000000000000107e+00,0.000000000000000000e+00,0.000000000000000000e+00,0.000000000000000000e+00
5.139999999999999680e+00,0.000000000000000000e+00,0.000000000000000000e+00,0.000000000000000000e+00
5.160000000000000142e+00,0.000000000000000000e+00,0.000000000000000000e+00,0.000000000000000000e+00
5.179999999999999716e+00,0.000000000000000000e+00,0.000000000000000000e+00,0.000000000000000000e+00
5.200000000000000178e+00,0.000000000000000000e+00,0.000000000000000000e+00,0.000000000000000000e+00
5.219999999999999751e+00,0.000000000000000000e+00,0.000000000000000000e+00,0.000000000000000000e+00
5.240000000000000213e+00,0.000000000000000000e+00,0.000000000000000000e+00,0.000000000000000000e+00
5.259999999999999787e+00,0.000000000000000000e+00,0.000000000000000000e+00,0.000000000000000000e+00
5.280000000000000249e+00,0.000000000000000000e+00,0.000000000000000000e+00,0.000000000000000000e+00
5.299999999999999822e+00,0.000000000000000000e+00,0.000000000000000000e+00,0.000000000000000000e+00
5.320000000000000284e+00,0.000000000000000000e+00,0.000000000000000000e+00,0.000000000000000000e+00
5.339999999999999858e+00,0.000000000000000000e+00,0.000000000000000000e+00,0.000000000000000000e+00
5.360000000000000320e+00,0.000000000000000000e+00,0.000000000000000000e+00,0.000000000000000000e+00
5.379999999999999893e+00,0.000000000000000000e+00,0.000000000000000000e+00,0.000000000000000000e+00
5.400000000000000355e+00,0.000000000000000000e+00,0.000000000000000000e+00,0.000000000000000000e+00
5.419999999999999929e+00,0.000000000000000000e+00,0.000000000000000000e+00,0.000000000000000000e+00
5.440000000000000391e+00,0.000000000000000000e+00,0.000000000000000000e+00,0.000000000000000000e+00
5.459999999999999964e+00,0.000000000000000000e+00,0.000000000000000000e+00,0.000000000000000000e+00
5.480000000000000426e+00,0.000000000000000000e+00,0.000000000000000000e+00,0.000000000000000000e+00
5.500000000000000000e+00,0.000000000000000000e+00,0.000000000000000000e+00,0.000000000000000000e+00
5.519999999999999574e+00,0.000000000000000000e+00,0.000000000000000000e+00,0.000000000000000000e+00
5.540000000000000036e+00,0.000000000000000000e+00,0.000000000000000000e+00,0.000000000000000000e+00
5.560000000000000497e+00,0.000000000000000000e+00,0.000000000000000000e+00,0.000000000000000000e+00
5.580000000000000071e+00,0.000000000000000000e+00,0.000000000000000000e+00,0.000000000000000000e+00
5.599999999999999645e+00,0.000000000000000000e+00,0.000000000000000000e+00,0.000000000000000000e+00
5.620000000000000107e+00,0.000000000000000000e+00,0.000000000000000000e+00,0.000000000000000000e+00
5.639999999999999680e+00,0.000000000000000000e+00,0.000000000000000000e+00,0.000000000000000000e+00
5.660000000000000142e+00,0.000000000000000000e+00,0.000000000000000000e+00,0.000000000000000000e+00
5.679999999999999716e+00,0.000000000000000000e+00,0.000000000000000000e+00,0.000000000000000000e+00
5.700000000000000178e+00,0.000000000000000000e+00,0.000000000000000000e+00,0.000000000000000000e+00
5.719999999999999751e+00,0.000000000000000000e+00,0.000000000000000000e+00,0.000000000000000000e+00
5.740000000000000213e+00,0.000000000000000000e+00,0.000000000000000000e+00,0.000000000000000000e+00
5.759999999999999787e+00,0.000000000000000000e+00,0.000000000000000000e+00,0.000000000000000000e+00
5.780000000000000249e+00,0.000000000000000000e+00,0.000000000000000000e+00,0.000000000000000000e+00
5.799999999999999822e+00,0.000000000000000000e+00,0.000000000000000000e+00,0.000000000000000000e+00
5.820000000000000284e+00,0.000000000000000000e+00,0.000000000000000000e+00,0.000000000000000000e+00
5.839999999999999858e+00,0.000000000000000000e+00,0.000000000000000000e+00,0.000000000000000000e+00
5.860000000000000320e+00,0.000000000000000000e+00,0.000000000000000000e+00,0.000000000000000000e+00
5.879999999999999893e+00,0.000000000000000000e+00,0.000000000000000000e+00,0.000000000000000000e+00
5.900000000000000355e+00,0.000000000000000000e+00,0.000000000000000000e+00,0.000000000000000000e+00
5.919999999999999929e+00,0.000000000000000000e+00,0.000000000000000000e+00,0.000000000000000000e+00
5.940000000000000391e+00,0.000000000000000000e+00,0.000000000000000000e+00,0.000000000000000000e+00
5.959999999999999964e+00,0.000000000000000000e+00,0.000000000000000000e+00,0.000000000000000000e+00
5.980000000000000426e+00,0.000000000000000000e+00,0.000000000000000000e+00,0.000000000000000000e+00
6.000000000000000000e+00,0.000000000000000000e+00,0.000000000000000000e+00,0.000000000000000000e+00
6.019999999999999574e+00,0.000000000000000000e+00,0.000000000000000000e+00,0.000000000000000000e+00
6.040000000000000036e+00,0.000000000000000000e+00,0.000000000000000000e+00,0.000000000000000000e+00
6.059999999999999609e+00,0.000000000000000000e+00,0.000000000000000000e+00,0.000000000000000000e+00
6.080000000000000071e+00,0.000000000000000000e+00,0.000000000000000000e+00,0.000000000000000000e+00
6.099999999999999645e+00,0.000000000000000000e+00,0.000000000000000000e+00,0.000000000000000000e+00
6.120000000000000107e+00,0.000000000000000000e+00,0.000000000000000000e+00,0.000000000000000000e+00
6.139999999999999680e+00,0.000000000000000000e+00,0.000000000000000000e+00,0.000000000000000000e+00
6.160000000000000142e+00,0.000000000000000000e+00,0.000000000000000000e+00,0.000000000000000000e+00
6.179999999999999716e+00,0.000000000000000000e+00,0.000000000000000000e+00,0.000000000000000000e+00
6.200000000000000178e+00,0.000000000000000000e+00,0.000000000000000000e+00,0.000000000000000000e+00
6.219999999999999751e+00,0.000000000000000000e+00,0.000000000000000000e+00,0.000000000000000000e+00
6.240000000000000213e+00,0.000000000000000000e+00,0.000000000000000000e+00,0.000000000000000000e+00
6.259999999999999787e+00,0.000000000000000000e+00,0.000000000000000000e+00,0.000000000000000000e+00
6.280000000000000249e+00,0.000000000000000000e+00,0.000000000000000000e+00,0.000000000000000000e+00
6.299999999999999822e+00,0.000000000000000000e+00,0.000000000000000000e+00,0.000000000000000000e+00
6.320000000000000284e+00,0.000000000000000000e+00,0.000000000000000000e+00,0.000000000000000000e+00
6.339999999999999858e+00,0.000000000000000000e+00,0.000000000000000000e+00,0.000000000000000000e+00
6.360000000000000320e+00,0.000000000000000000e+00,0.000000000000000000e+00,0.000000000000000000e+00
6.379999999999999893e+00,0.000000000000000000e+00,0.000000000000000000e+00,0.000000000000000000e+00
6.400000000000000355e+00,0.000000000000000000e+00,0.000000000000000000e+00,0.000000000000000000e+00
6.419999999999999929e+00,0.000000000000000000e+00,0.000000000000000000e+00,0.000000000000000000e+00
6.440000000000000391e+00,0.000000000000000000e+00,0.000000000000000000e+00,0.000000000000000000e+00
6.459999999999999964e+00,0.000000000000000000e+00,0.000000000000000000e+00,0.000000000000000000e+00
6.480000000000000426e+00,0.000000000000000000e+00,0.000000000000000000e+00,0.000000000000000000e+00
6.500000000000000000e+00,0.000000000000000000e+00,0.000000000000000000e+00,0.000000000000000000e+00
6.519999999999999574e+00,0.000000000000000000e+00,0.000000000000000000e+00,0.000000000000000000e+00
6.540000000000000036e+00,0.000000000000000000e+00,0.000000000000000000e+00,0.000000000000000000e+00
6.560000000000000497e+00,0.000000000000000000e+00,0.000000000000000000e+00,0.000000000000000000e+00
6.580000000000000071e+00,0.000000000000000000e+00,0.000000000000000000e+00,0.000000000000000000e+00
6.599999999999999645e+00,0.000000000000000000e+00,0.000000000000000000e+00,0.000000000000000000e+00
6.620000000000000107e+00,0.000000000000000000e+00,0.000000000000000000e+00,0.000000000000000000e+00
6.639999999999999680e+00,0.000000000000000000e+00,0.000000000000000000e+00,0.000000000000000000e+00
6.660000000000000142e+00,0.000000000000000000e+00,0.000000000000000000e+00,0.000000000000000000e+00
6.679999999999999716e+00,0.000000000000000000e+00,0.000000000000000000e+00,0.000000000000000000e+00
6.700000000000000178e+00,0.000000000000000000e+00,0.000000000000000000e+00,0.000000000000000000e+00
6.719999999999999751e+00,0.000000000000000000e+00,0.000000000000000000e+00,0.000000000000000000e+00
6.740000000000000213e+00,0.000000000000000000e+00,0.000000000000000000e+00,0.000000000000000000e+00
6.759999999999999787e+00,0.000000000000000000e+00,0.000000000000000000e+00,0.000000000000000000e+00
6.780000000000000249e+00,0.000000000000000000e+00,0.000000000000000000e+00,0.000000000000000000e+00
6.799999999999999822e+00,0.000000000000000000e+00,0.000000000000000000e+00,0.000000000000000000e+00
6.820000000000000284e+00,0.000000000000000000e+00,0.000000000000000000e+00,0.000000000000000000e+00
6.839999999999999858e+00,0.000000000000000000e+00,0.000000000000000000e+00,0.000000000000000000e+00
6.860000000000000320e+00,0.000000000000000000e+00,0.000000000000000000e+00,0.000000000000000000e+00
6.879999999999999893e+00,0.000000000000000000e+00,0.000000000000000000e+00,0.000000000000000000e+00
6.900000000000000355e+00,0.000000000000000000e+00,0.000000000000000000e+00,0.000000000000000000e+00
6.919999999999999929e+00,0.000000000000000000e+00,0.000000000000000000e+00,0.000000000000000000e+00
6.940000000000000391e+00,0.000000000000000000e+00,0.000000000000000000e+00,0.000000000000000000e+00
6.959999999999999964e+00,0.000000000000000000e+00,0.000000000000000000e+00,0.000000000000000000e+00
6.980000000000000426e+00,0.000000000000000000e+00,0.000000000000000000e+00,0.000000000000000000e+00
7.000000000000000000e+00,0.000000000000000000e+00,0.000000000000000000e+00,0.000000000000000000e+00
7.019999999999999574e+00,0.000000000000000000e+00,0.000000000000000000e+00,0.000000000000000000e+00
7.040000000000000036e+00,0.000000000000000000e+00,0.000000000000000000e+00,0.000000000000000000e+00
7.059999999999999609e+00,0.000000000000000000e+00,0.000000000000000000e+00,0.000000000000000000e+00
7.080000000000000071e+00,0.000000000000000000e+00,0.000000000000000000e+00,0.000000000000000000e+00
7.099999999999999645e+00,0.000000000000000000e+00,0.000000000000000000e+00,0.000000000000000000e+00
7.120000000000000107e+00,0.000000000000000000e+00,0.000000000000000000e+00,0.000000000000000000e+00
7.139999999999999680e+00,0.000000000000000000e+00,0.000000000000000000e+00,0.000000000000000000e+00
7.160000000000000142e+00,0.000000000000000000e+00,0.000000000000000000e+00,0.000000000000000000e+00
7.179999999999999716e+00,0.000000000000000000e+00,0.000000000000000000e+00,0.000000000000000000e+00
7.200000000000000178e+00,0.000000000000000000e+00,0.000000000000000000e+00,0.000000000000000000e+00
7.219999999999999751e+00,0.000000000000000000e+00,0.000000000000000000e+00,0.000000000000000000e+00
7.240000000000000213e+00,0.000000000000000000e+00,0.000000000000000000e+00,0.000000000000000000e+00
7.259999999999999787e+00,0.000000000000000000e+00,0.000000000000000000e+00,0.000000000000000000e+00
7.280000000000000249e+00,0.000000000000000000e+00,0.000000000000000000e+00,0.000000000000000000e+00
7.299999999999999822e+00,0.000000000000000000e+00,0.000000000000000000e+00,0.000000000000000000e+00
7.320000000000000284e+00,0.000000000000000000e+00,0.000000000000000000e+00,0.000000000000000000e+00
7.339999999999999858e+00,0.000000000000000000e+00,0.000000000000000000e+00,0.000000000000000000e+00
7.360000000000000320e+00,0.000000000000000000e+00,0.000000000000000000e+00,0.000000000000000000e+00
7.379999999999999893e+00,0.000000000000000000e+00,0.000000000000000000e+00,0.000000000000000000e+00
7.400000000000000355e+00,0.000000000000000000e+00,0.000000000000000000e+00,0.000000000000000000e+00
7.419999999999999929e+00,0.000000000000000000e+00,0.000000000000000000e+00,0.000000000000000000e+00
7.440000000000000391e+00,0.000000000000000000e+00,0.000000000000000000e+00,0.000000000000000000e+00
7.459999999999999964e+00,0.000000000000000000e+00,0.000000000000000000e+00,0.000000000000000000e+00
7.480000000000000426e+00,0.000000000000000000e+00,0.000000000000000000e+00,0.000000000000000000e+00
7.500000000000000000e+00,0.000000000000000000e+00,0.000000000000000000e+00,0.000000000000000000e+00
7.519999999999999574e+00,0.000000000000000000e+00,0.000000000000000000e+00,0.000000000000000000e+00
7.540000000000000036e+00,0.000000000000000000e+00,0.000000000000000000e+00,0.000000000000000000e+00
7.560000000000000497e+00,0.000000000000000000e+00,0.000000000000000000e+00,0.000000000000000000e+00
7.580000000000000071e+00,0.000000000000000000e+00,0.000000000000000000e+00,0.000000000000000000e+00
7.599999999999999645e+00,0.000000000000000000e+00,0.000000000000000000e+00,0.000000000000000000e+00
7.620000000000000107e+00,0.000000000000000000e+00,0.000000000000000000e+00,0.000000000000000000e+00
7.639999999999999680e+00,0.000000000000000000e+00,0.000000000000000000e+00,0.000000000000000000e+00
7.660000000000000142e+00,0.000000000000000000e+00,0.000000000000000000e+00,0.000000000000000000e+00
7.679999999999999716e+00,0.000000000000000000e+00,0.000000000000000000e+00,0.000000000000000000e+00
7.700000000000000178e+00,0.000000000000000000e+00,0.000000000000000000e+00,0.000000000000000000e+00
7.719999999999999751e+00,0.000000000000000000e+00,0.000000000000000000e+00,0.000000000000000000e+00
7.740000000000000213e+00,0.000000000000000000e+00,0.000000000000000000e+00,0.000000000000000000e+00
7.759999999999999787e+00,0.000000000000000000e+00,0.000000000000000000e+00,0.000000000000000000e+00
7.780000000000000249e+00,0.000000000000000000e+00,0.000000000000000000e+00,0.000000000000000000e+00
7.799999999999999822e+00,0.000000000000000000e+00,0.000000000000000000e+00,0.000000000000000000e+00
7.820000000000000284e+00,0.000000000000000000e+00,0.000000000000000000e+00,0.000000000000000000e+00
7.839999999999999858e+00,0.000000000000000000e+00,0.000000000000000000e+00,0.000000000000000000e+00
7.860000000000000320e+00,0.000000000000000000e+00,0.000000000000000000e+00,0.000000000000000000e+00
7.879999999999999893e+00,0.000000000000000000e+00,0.000000000000000000e+00,0.000000000000000000e+00
7.900000000000000355e+00,0.000000000000000000e+00,0.000000000000000000e+00,0.000000000000000000e+00
7.919999999999999929e+00,0.000000000000000000e+00,0.000000000000000000e+00,0.000000000000000000e+00
7.940000000000000391e+00,0.000000000000000000e+00,0.000000000000000000e+00,0.000000000000000000e+00
7.959999999999999964e+00,0.000000000000000000e+00,0.000000000000000000e+00,0.000000000000000000e+00
7.980000000000000426e+00,0.000000000000000000e+00,0.000000000000000000e+00,0.000000000000000000e+00
8.000000000000000000e+00,0.000000000000000000e+00,0.000000000000000000e+00,0.000000000000000000e+00
8.019999999999999574e+00,0.000000000000000000e+00,0.000000000000000000e+00,0.000000000000000000e+00
8.039999999999999147e+00,0.000000000000000000e+00,0.000000000000000000e+00,0.000000000000000000e+00
8.060000000000000497e+00,0.000000000000000000e+00,0.000000000000000000e+00,0.000000000000000000e+00
8.080000000000000071e+00,0.000000000000000000e+00,0.000000000000000000e+00,0.000000000000000000e+00
8.099999999999999645e+00,0.000000000000000000e+00,0.000000000000000000e+00,0.000000000000000000e+00
8.119999999999999218e+00,0.000000000000000000e+00,0.000000000000000000e+00,0.000000000000000000e+00
8.140000000000000568e+00,0.000000000000000000e+00,0.000000000000000000e+00,0.000000000000000000e+00
8.160000000000000142e+00,0.000000000000000000e+00,0.000000000000000000e+00,0.000000000000000000e+00
8.179999999999999716e+00,0.000000000000000000e+00,0.000000000000000000e+00,0.000000000000000000e+00
8.199999999999999289e+00,0.000000000000000000e+00,0.000000000000000000e+00,0.000000000000000000e+00
8.220000000000000639e+00,0.000000000000000000e+00,0.000000000000000000e+00,3.999999999999999216e-03
8.240000000000000213e+00,0.000000000000000000e+00,0.000000000000000000e+00,8.000000000000000167e-03
8.259999999999999787e+00,0.000000000000000000e+00,0.000000000000000000e+00,1.200000000000000198e-02
8.279999999999999361e+00,0.000000000000000000e+00,0.000000000000000000e+00,1.600000000000000033e-02
8.300000000000000711e+00,0.000000000000000000e+00,0.000000000000000000e+00,2.000000000000000042e-02
8.320000000000000284e+00,0.000000000000000000e+00,0.000000000000000000e+00,2.400000000000000397e-02
8.339999999999999858e+00,0.000000000000000000e+00,0.000000000000000000e+00,2.800000000000000058e-02
8.359999999999999432e+00,0.000000000000000000e+00,0.000000000000000000e+00,3.200000000000000067e-02
8.380000000000000782e+00,0.000000000000000000e+00,0.000000000000000000e+00,3.600000000000000422e-02
8.400000000000000355e+00,0.000000000000000000e+00,0.000000000000000000e+00,4.000000000000000777e-02
8.419999999999999929e+00,0.000000000000000000e+00,0.000000000000000000e+00,4.400000000000001132e-02
8.439999999999999503e+00,0.000000000000000000e+00,0.000000000000000000e+00,4.800000000000000794e-02
8.460000000000000853e+00,0.000000000000000000e+00,0.000000000000000000e+00,5.200000000000002537e-02
8.480000000000000426e+00,0.000000000000000000e+00,0.000000000000000000e+00,5.600000000000002198e-02
8.500000000000000000e+00,0.000000000000000000e+00,0.000000000000000000e+00,6.000000000000003247e-02
8.519999999999999574e+00,0.000000000000000000e+00,0.000000000000000000e+00,6.400000000000004297e-02
8.539999999999999147e+00,0.000000000000000000e+00,0.000000000000000000e+00,6.800000000000003264e-02
8.560000000000000497e+00,0.000000000000000000e+00,0.000000000000000000e+00,7.200000000000003619e-02
8.580000000000000071e+00,0.000000000000000000e+00,0.000000000000000000e+00,7.600000000000001199e-02
8.599999999999999645e+00,0.000000000000000000e+00,0.000000000000000000e+00,8.000000000000004330e-02
8.619999999999999218e+00,0.000000000000000000e+00,0.000000000000000000e+00,8.400000000000003297e-02
8.640000000000000568e+00,0.000000000000000000e+00,0.000000000000000000e+00,8.800000000000007816e-02
8.660000000000000142e+00,0.000000000000000000e+00,0.000000000000000000e+00,9.200000000000006783e-02
8.679999999999999716e+00,0.000000000000000000e+00,0.000000000000000000e+00,9.600000000000008527e-02
8.699999999999999289e+00,0.000000000000000000e+00,0.000000000000000000e+00,1.000000000000000749e-01
8.720000000000000639e+00,0.000000000000000000e+00,0.000000000000000000e+00,1.040000000000000924e-01
8.740000000000000213e+00,0.000000000000000000e+00,0.000000000000000000e+00,1.080000000000000820e-01
8.759999999999999787e+00,0.000000000000000000e+00,0.000000000000000000e+00,1.120000000000000856e-01
8.779999999999999361e+00,0.000000000000000000e+00,0.000000000000000000e+00,1.160000000000000753e-01
8.800000000000000711e+00,0.000000000000000000e+00,0.000000000000000000e+00,1.200000000000000927e-01
8.820000000000000284e+00,0.000000000000000000e+00,0.000000000000000000e+00,1.240000000000000963e-01
8.839999999999999858e+00,0.000000000000000000e+00,0.000000000000000000e+00,1.280000000000000859e-01
8.859999999999999432e+00,0.000000000000000000e+00,0.000000000000000000e+00,1.320000000000000895e-01
8.880000000000000782e+00,0.000000000000000000e+00,0.000000000000000000e+00,1.360000000000000930e-01
8.900000000000000355e+00,0.000000000000000000e+00,0.000000000000000000e+00,1.400000000000000966e-01
8.919999999999999929e+00,0.000000000000000000e+00,0.000000000000000000e+00,1.440000000000001001e-01
8.939999999999999503e+00,0.000000000000000000e+00,0.000000000000000000e+00,1.480000000000001037e-01
8.960000000000000853e+00,0.000000000000000000e+00,0.000000000000000000e+00,1.520000000000000517e-01
8.980000000000000426e+00,0.000000000000000000e+00,0.000000000000000000e+00,1.560000000000000830e-01
9.000000000000000000e+00,0.000000000000000000e+00,0.000000000000000000e+00,1.600000000000000866e-01
9.019999999999999574e+00,0.000000000000000000e+00,0.000000000000000000e+00,1.640000000000000902e-01
9.039999999999999147e+00,0.000000000000000000e+00,0.000000000000000000e+00,1.680000000000000937e-01
9.060000000000000497e+00,0.000000000000000000e+00,0.000000000000000000e+00,1.720000000000001250e-01
9.080000000000000071e+00,0.000000000000000000e+00,0.000000000000000000e+00,1.760000000000000731e-01
9.099999999999999645e+00,0.000000000000000000e+00,0.000000000000000000e+00,1.800000000000000488e-01
9.119999999999999218e+00,0.000000000000000000e+00,0.000000000000000000e+00,1.840000000000000802e-01
9.140000000000000568e+00,0.000000000000000000e+00,0.000000000000000000e+00,1.880000000000001115e-01
9.160000000000000142e+00,0.000000000000000000e+00,0.000000000000000000e+00,1.920000000000000873e-01
9.179999999999999716e+00,0.000000000000000000e+00,0.000000000000000000e+00,1.960000000000000908e-01
9.199999999999999289e+00,0.000000000000000000e+00,0.000000000000000000e+00,2.000000000000000944e-01
9.220000000000000639e+00,0.000000000000000000e+00,0.000000000000000000e+00,2.040000000000001257e-01
9.240000000000000213e+00,0.000000000000000000e+00,0.000000000000000000e+00,2.080000000000001015e-01
9.259999999999999787e+00,0.000000000000000000e+00,0.000000000000000000e+00,2.120000000000001328e-01
9.279999999999999361e+00,0.000000000000000000e+00,0.000000000000000000e+00,2.160000000000001918e-01
9.300000000000000711e+00,0.000000000000000000e+00,0.000000000000000000e+00,2.200000000000002232e-01
9.320000000000000284e+00,0.000000000000000000e+00,0.000000000000000000e+00,2.240000000000002267e-01
9.339999999999999858e+00,0.000000000000000000e+00,0.000000000000000000e+00,2.280000000000001470e-01
9.359999999999999432e+00,0.000000000000000000e+00,0.000000000000000000e+00,2.320000000000002061e-01
9.380000000000000782e+00,0.000000000000000000e+00,0.000000000000000000e+00,2.360000000000002096e-01
9.400000000000000355e+00,0.000000000000000000e+00,0.000000000000000000e+00,2.400000000000001854e-01
9.419999999999999929e+00,0.000000000000000000e+00,0.000000000000000000e+00,2.440000000000001890e-01
9.439999999999999503e+00,0.000000000000000000e+00,0.000000000000000000e+00,2.480000000000001925e-01
9.460000000000000853e+00,0.000000000000000000e+00,0.000000000000000000e+00,2.520000000000001683e-01
9.480000000000000426e+00,0.000000000000000000e+00,0.000000000000000000e+00,2.560000000000002829e-01
9.500000000000000000e+00,0.000000000000000000e+00,0.000000000000000000e+00,2.600000000000001754e-01
9.519999999999999574e+00,0.000000000000000000e+00,0.000000000000000000e+00,2.640000000000001235e-01
9.539999999999999147e+00,0.000000000000000000e+00,0.000000000000000000e+00,2.680000000000001825e-01
9.560000000000000497e+00,0.000000000000000000e+00,0.000000000000000000e+00,2.720000000000002416e-01
9.580000000000000071e+00,0.000000000000000000e+00,0.000000000000000000e+00,2.760000000000001896e-01
9.599999999999999645e+00,0.000000000000000000e+00,0.000000000000000000e+00,2.800000000000001932e-01
9.619999999999999218e+00,0.000000000000000000e+00,0.000000000000000000e+00,2.840000000000001967e-01
9.640000000000000568e+00,0.000000000000000000e+00,0.000000000000000000e+00,2.880000000000002558e-01
9.660000000000000142e+00,0.000000000000000000e+00,0.000000000000000000e+00,2.920000000000002593e-01
9.679999999999999716e+00,0.000000000000000000e+00,0.000000000000000000e+00,2.960000000000002629e-01
9.699999999999999289e+00,0.000000000000000000e+00,0.000000000000000000e+00,3.000000000000002665e-01
9.720000000000000639e+00,0.000000000000000000e+00,0.000000000000000000e+00,3.040000000000002700e-01
9.740000000000000213e+00,0.000000000000000000e+00,0.000000000000000000e+00,3.080000000000002736e-01
9.759999999999999787e+00,0.000000000000000000e+00,0.000000000000000000e+00,3.120000000000002771e-01
9.779999999999999361e+00,0.000000000000000000e+00,0.000000000000000000e+00,3.160000000000002807e-01
9.800000000000000711e+00,0.000000000000000000e+00,0.000000000000000000e+00,3.200000000000002842e-01
9.820000000000000284e+00,0.000000000000000000e+00,0.000000000000000000e+00,3.240000000000002878e-01
9.839999999999999858e+00,0.000000000000000000e+00,0.000000000000000000e+00,3.280000000000002913e-01
9.859999999999999432e+00,0.000000000000000000e+00,0.000000000000000000e+00,3.320000000000003504e-01
9.880000000000000782e+00,0.000000000000000000e+00,0.000000000000000000e+00,3.360000000000002984e-01
9.900000000000000355e+00,0.000000000000000000e+00,0.000000000000000000e+00,3.400000000000003020e-01
9.919999999999999929e+00,0.000000000000000000e+00,0.000000000000000000e+00,3.440000000000003055e-01
9.939999999999999503e+00,0.000000000000000000e+00,0.000000000000000000e+00,3.480000000000003091e-01
9.960000000000000853e+00,0.000000000000000000e+00,0.000000000000000000e+00,3.520000000000003126e-01
9.980000000000000426e+00,0.000000000000000000e+00,0.000000000000000000e+00,3.560000000000002607e-01
1.000000000000000000e+01,0.000000000000000000e+00,0.000000000000000000e+00,3.600000000000002642e-01
1.001999999999999957e+01,0.000000000000000000e+00,0.000000000000000000e+00,3.640000000000002678e-01
1.003999999999999915e+01,0.000000000000000000e+00,0.000000000000000000e+00,3.680000000000002713e-01
1.006000000000000050e+01,0.000000000000000000e+00,0.000000000000000000e+00,3.720000000000002749e-01
1.008000000000000007e+01,0.000000000000000000e+00,0.000000000000000000e+00,3.760000000000003340e-01
1.009999999999999964e+01,0.000000000000000000e+00,0.000000000000000000e+00,3.800000000000003375e-01
1.011999999999999922e+01,0.000000000000000000e+00,0.000000000000000000e+00,3.840000000000003966e-01
1.014000000000000057e+01,0.000000000000000000e+00,0.000000000000000000e+00,3.880000000000004556e-01
1.016000000000000014e+01,0.000000000000000000e+00,0.000000000000000000e+00,3.920000000000004592e-01
1.017999999999999972e+01,0.000000000000000000e+00,0.000000000000000000e+00,3.960000000000005183e-01
1.019999999999999929e+01,0.000000000000000000e+00,0.000000000000000000e+00,4.000000000000005218e-01
1.022000000000000064e+01,0.000000000000000000e+00,0.000000000000000000e+00,4.040000000000005254e-01
1.024000000000000021e+01,0.000000000000000000e+00,0.000000000000000000e+00,4.080000000000005844e-01
1.025999999999999979e+01,0.000000000000000000e+00,0.000000000000000000e+00,4.120000000000005325e-01
1.027999999999999936e+01,0.000000000000000000e+00,0.000000000000000000e+00,4.160000000000006470e-01
1.030000000000000071e+01,0.000000000000000000e+00,0.000000000000000000e+00,4.200000000000005951e-01
1.032000000000000028e+01,0.000000000000000000e+00,0.000000000000000000e+00,4.240000000000005986e-01
1.033999999999999986e+01,0.000000000000000000e+00,0.000000000000000000e+00,4.280000000000006577e-01
1.035999999999999943e+01,0.000000000000000000e+00,0.000000000000000000e+00,4.320000000000006057e-01
1.038000000000000078e+01,0.000000000000000000e+00,0.000000000000000000e+00,4.360000000000006093e-01
1.040000000000000036e+01,0.000000000000000000e+00,0.000000000000000000e+00,4.400000000000006128e-01
1.041999999999999993e+01,0.000000000000000000e+00,0.000000000000000000e+00,4.440000000000006719e-01
1.043999999999999950e+01,0.000000000000000000e+00,0.000000000000000000e+00,4.480000000000006199e-01
1.046000000000000085e+01,0.000000000000000000e+00,0.000000000000000000e+00,4.480000000000006199e-01
1.048000000000000043e+01,0.000000000000000000e+00,0.000000000000000000e+00,4.480000000000006199e-01
1.050000000000000000e+01,0.000000000000000000e+00,0.000000000000000000e+00,4.480000000000006199e-01
1.051999999999999957e+01,0.000000000000000000e+00,0.000000000000000000e+00,4.480000000000006199e-01
1.053999999999999915e+01,0.000000000000000000e+00,0.000000000000000000e+00,4.480000000000006199e-01
1.056000000000000050e+01,0.000000000000000000e+00,0.000000000000000000e+00,4.480000000000006199e-01
1.058000000000000007e+01,0.000000000000000000e+00,0.000000000000000000e+00,4.480000000000006199e-01
1.059999999999999964e+01,0.000000000000000000e+00,0.000000000000000000e+00,4.480000000000006199e-01
1.061999999999999922e+01,0.000000000000000000e+00,0.000000000000000000e+00,4.480000000000006199e-01
1.064000000000000057e+01,0.000000000000000000e+00,0.000000000000000000e+00,4.480000000000006199e-01
1.066000000000000014e+01,0.000000000000000000e+00,0.000000000000000000e+00,4.480000000000006199e-01
1.067999999999999972e+01,0.000000000000000000e+00,0.000000000000000000e+00,4.480000000000006199e-01
1.069999999999999929e+01,0.000000000000000000e+00,0.000000000000000000e+00,4.480000000000006199e-01
1.072000000000000064e+01,0.000000000000000000e+00,0.000000000000000000e+00,4.480000000000006199e-01
1.074000000000000021e+01,0.000000000000000000e+00,0.000000000000000000e+00,4.480000000000006199e-01
1.075999999999999979e+01,0.000000000000000000e+00,0.000000000000000000e+00,4.480000000000006199e-01
1.077999999999999936e+01,0.000000000000000000e+00,0.000000000000000000e+00,4.480000000000006199e-01
1.080000000000000071e+01,0.000000000000000000e+00,0.000000000000000000e+00,4.480000000000006199e-01
1.082000000000000028e+01,0.000000000000000000e+00,0.000000000000000000e+00,4.480000000000006199e-01
1.083999999999999986e+01,0.000000000000000000e+00,0.000000000000000000e+00,4.480000000000006199e-01
1.085999999999999943e+01,0.000000000000000000e+00,0.000000000000000000e+00,4.480000000000006199e-01
1.088000000000000078e+01,0.000000000000000000e+00,0.000000000000000000e+00,4.480000000000006199e-01
1.090000000000000036e+01,0.000000000000000000e+00,0.000000000000000000e+00,4.480000000000006199e-01
1.091999999999999993e+01,0.000000000000000000e+00,0.000000000000000000e+00,4.480000000000006199e-01
1.093999999999999950e+01,0.000000000000000000e+00,0.000000000000000000e+00,4.480000000000006199e-01
1.096000000000000085e+01,0.000000000000000000e+00,0.000000000000000000e+00,4.480000000000006199e-01
1.098000000000000043e+01,0.000000000000000000e+00,0.000000000000000000e+00,4.480000000000006199e-01
1.100000000000000000e+01,0.000000000000000000e+00,0.000000000000000000e+00,4.480000000000006199e-01
1.101999999999999957e+01,0.000000000000000000e+00,0.000000000000000000e+00,4.480000000000006199e-01
1.103999999999999915e+01,0.000000000000000000e+00,0.000000000000000000e+00,4.480000000000006199e-01
1.106000000000000050e+01,0.000000000000000000e+00,0.000000000000000000e+00,4.480000000000006199e-01
1.108000000000000007e+01,0.000000000000000000e+00,0.000000000000000000e+00,4.480000000000006199e-01
1.109999999999999964e+01,0.000000000000000000e+00,0.000000000000000000e+00,4.480000000000006199e-01
1.111999999999999922e+01,0.000000000000000000e+00,0.000000000000000000e+00,4.480000000000006199e-01
1.114000000000000057e+01,0.000000000000000000e+00,0.000000000000000000e+00,4.480000000000006199e-01
1.116000000000000014e+01,0.000000000000000000e+00,0.000000000000000000e+00,4.480000000000006199e-01
1.117999999999999972e+01,0.000000000000000000e+00,0.000000000000000000e+00,4.480000000000006199e-01
1.119999999999999929e+01,0.000000000000000000e+00,0.000000000000000000e+00,4.480000000000006199e-01
1.122000000000000064e+01,0.000000000000000000e+00,0.000000000000000000e+00,4.480000000000006199e-01
1.124000000000000021e+01,0.000000000000000000e+00,0.000000000000000000e+00,4.480000000000006199e-01
1.125999999999999979e+01,0.000000000000000000e+00,0.000000000000000000e+00,4.480000000000006199e-01
1.127999999999999936e+01,0.000000000000000000e+00,0.000000000000000000e+00,4.480000000000006199e-01
1.130000000000000071e+01,0.000000000000000000e+00,0.000000000000000000e+00,4.480000000000006199e-01
1.132000000000000028e+01,0.000000000000000000e+00,0.000000000000000000e+00,4.480000000000006199e-01
1.133999999999999986e+01,0.000000000000000000e+00,0.000000000000000000e+00,4.480000000000006199e-01
1.135999999999999943e+01,0.000000000000000000e+00,0.000000000000000000e+00,4.480000000000006199e-01
1.138000000000000078e+01,0.000000000000000000e+00,0.000000000000000000e+00,4.480000000000006199e-01
1.140000000000000036e+01,0.000000000000000000e+00,0.000000000000000000e+00,4.480000000000006199e-01
1.141999999999999993e+01,0.000000000000000000e+00,0.000000000000000000e+00,4.480000000000006199e-01
1.143999999999999950e+01,0.000000000000000000e+00,0.000000000000000000e+00,4.480000000000006199e-01
1.146000000000000085e+01,0.000000000000000000e+00,0.000000000000000000e+00,4.480000000000006199e-01
1.148000000000000043e+01,0.000000000000000000e+00,0.000000000000000000e+00,4.480000000000006199e-01
1.150000000000000000e+01,0.000000000000000000e+00,0.000000000000000000e+00,4.480000000000006199e-01
1.151999999999999957e+01,0.000000000000000000e+00,0.000000000000000000e+00,4.480000000000006199e-01
1.153999999999999915e+01,0.000000000000000000e+00,0.000000000000000000e+00,4.480000000000006199e-01
1.156000000000000050e+01,0.000000000000000000e+00,0.000000000000000000e+00,4.480000000000006199e-01
1.158000000000000007e+01,0.000000000000000000e+00,0.000000000000000000e+00,4.480000000000006199e-01
1.159999999999999964e+01,0.000000000000000000e+00,0.000000000000000000e+00,4.480000000000006199e-01
1.161999999999999922e+01,0.000000000000000000e+00,0.000000000000000000e+00,4.470000000000006191e-01
1.164000000000000057e+01,0.000000000000000000e+00,0.000000000000000000e+00,4.460000000000005627e-01
1.166000000000000014e+01,0.000000000000000000e+00,0.000000000000000000e+00,4.450000000000006173e-01
1.167999999999999972e+01,0.000000000000000000e+00,0.000000000000000000e+00,4.440000000000006719e-01
1.169999999999999929e+01,0.000000000000000000e+00,0.000000000000000000e+00,4.430000000000006155e-01
1.172000000000000064e+01,0.000000000000000000e+00,0.000000000000000000e+00,4.409950000000006365e-01
1.174000000000000021e+01,0.000000000000000000e+00,0.000000000000000000e+00,4.389900000000006575e-01
1.175999999999999979e+01,0.000000000000000000e+00,0.000000000000000000e+00,4.369850000000006229e-01
1.177999999999999936e+01,0.000000000000000000e+00,0.000000000000000000e+00,4.349800000000006439e-01
1.180000000000000071e+01,0.000000000000000000e+00,0.000000000000000000e+00,4.329750000000007204e-01
1.182000000000000028e+01,0.000000000000000000e+00,0.000000000000000000e+00,4.299599750000007714e-01
1.183999999999999986e+01,0.000000000000000000e+00,0.000000000000000000e+00,4.269449500000007114e-01
1.185999999999999943e+01,0.000000000000000000e+00,0.000000000000000000e+00,4.239299250000007624e-01
1.188000000000000078e+01,0.000000000000000000e+00,0.000000000000000000e+00,4.209149000000007579e-01
1.190000000000000036e+01,0.000000000000000000e+00,0.000000000000000000e+00,4.178998750000007534e-01
1.191999999999999993e+01,0.000000000000000000e+00,0.000000000000000000e+00,4.138697748750007621e-01
1.193999999999999950e+01,0.000000000000000000e+00,0.000000000000000000e+00,4.098396747500007709e-01
1.196000000000000085e+01,0.000000000000000000e+00,0.000000000000000000e+00,4.058095746250007796e-01
1.198000000000000043e+01,0.000000000000000000e+00,0.000000000000000000e+00,4.017794745000007883e-01
1.200000000000000000e+01,0.000000000000000000e+00,0.000000000000000000e+00,3.977493743750007971e-01
1.201999999999999957e+01,0.000000000000000000e+00,0.000000000000000000e+00,3.926991237493758224e-01
1.203999999999999915e+01,0.000000000000000000e+00,0.000000000000000000e+00,3.876488731237509033e-01
1.206000000000000050e+01,0.000000000000000000e+00,0.000000000000000000e+00,3.825986224981258732e-01
1.208000000000000007e+01,0.000000000000000000e+00,0.000000000000000000e+00,3.775483718725008986e-01
1.209999999999999964e+01,0.000000000000000000e+00,0.000000000000000000e+00,3.724981212468759240e-01
1.211999999999999922e+01,0.000000000000000000e+00,0.000000000000000000e+00,3.664981212468759186e-01
1.214000000000000057e+01,0.000000000000000000e+00,0.000000000000000000e+00,3.604981212468759133e-01
1.216000000000000014e+01,0.000000000000000000e+00,0.000000000000000000e+00,3.544981212468759635e-01
1.217999999999999972e+01,0.000000000000000000e+00,0.000000000000000000e+00,3.484981212468759582e-01
1.219999999999999929e+01,0.000000000000000000e+00,0.000000000000000000e+00,3.424981212468758973e-01
1.222000000000000064e+01,0.000000000000000000e+00,0.000000000000000000e+00,3.364981212468759475e-01
1.224000000000000021e+01,0.000000000000000000e+00,0.000000000000000000e+00,3.304981212468759422e-01
1.225999999999999979e+01,0.000000000000000000e+00,0.000000000000000000e+00,3.244981212468759368e-01
1.227999999999999936e+01,0.000000000000000000e+00,0.000000000000000000e+00,3.184981212468758760e-01
1.230000000000000071e+01,0.000000000000000000e+00,0.000000000000000000e+00,3.124981212468759817e-01
1.232000000000000028e+01,0.000000000000000000e+00,0.000000000000000000e+00,3.064981212468758653e-01
1.233999999999999986e+01,0.000000000000000000e+00,0.000000000000000000e+00,3.004981212468759155e-01
1.235999999999999943e+01,0.000000000000000000e+00,0.000000000000000000e+00,2.944981212468759102e-01
1.238000000000000078e+01,0.000000000000000000e+00,0.000000000000000000e+00,2.884981212468759604e-01
1.240000000000000036e+01,0.000000000000000000e+00,0.000000000000000000e+00,2.824981212468758995e-01
1.241999999999999993e+01,0.000000000000000000e+00,0.000000000000000000e+00,2.764981212468759497e-01
1.243999999999999950e+01,0.000000000000000000e+00,0.000000000000000000e+00,2.704981212468758889e-01
1.246000000000000085e+01,0.000000000000000000e+00,0.000000000000000000e+00,2.644981212468759946e-01
1.248000000000000043e+01,0.000000000000000000e+00,0.000000000000000000e+00,2.584981212468759337e-01
1.250000000000000000e+01,0.000000000000000000e+00,0.000000000000000000e+00,2.524981212468759284e-01
1.251999999999999957e+01,0.000000000000000000e+00,0.000000000000000000e+00,2.464981212468758676e-01
1.253999999999999915e+01,0.000000000000000000e+00,0.000000000000000000e+00,2.404981212468758345e-01
1.256000000000000050e+01,0.000000000000000000e+00,0.000000000000000000e+00,2.344981212468758569e-01
1.258000000000000007e+01,0.000000000000000000e+00,0.000000000000000000e+00,2.284981212468758793e-01
1.259999999999999964e+01,0.000000000000000000e+00,0.000000000000000000e+00,2.224981212468759018e-01
1.261999999999999922e+01,0.000000000000000000e+00,0.000000000000000000e+00,2.164981212468758964e-01
1.264000000000000057e+01,0.000000000000000000e+00,0.000000000000000000e+00,2.104981212468758911e-01
1.266000000000000014e+01,0.000000000000000000e+00,0.000000000000000000e+00,2.044981212468758858e-01
1.267999999999999972e+01,0.000000000000000000e+00,0.000000000000000000e+00,1.984981212468758804e-01
1.269999999999999929e+01,0.000000000000000000e+00,0.000000000000000000e+00,1.924981212468758196e-01
1.272000000000000064e+01,0.000000000000000000e+00,0.000000000000000000e+00,1.864981212468758143e-01
1.274000000000000021e+01,0.000000000000000000e+00,0.000000000000000000e+00,1.804981212468758645e-01
1.275999999999999979e+01,0.000000000000000000e+00,0.000000000000000000e+00,1.744981212468758591e-01
1.277999999999999936e+01,0.000000000000000000e+00,0.000000000000000000e+00,1.684981212468758538e-01
1.280000000000000071e+01,0.000000000000000000e+00,0.000000000000000000e+00,1.624981212468758762e-01
1.282000000000000028e+01,0.000000000000000000e+00,0.000000000000000000e+00,1.564981212468758431e-01
1.283999999999999986e+01,0.000000000000000000e+00,0.000000000000000000e+00,1.504981212468758656e-01
1.285999999999999943e+01,0.000000000000000000e+00,0.000000000000000000e+00,1.444981212468758325e-01
1.288000000000000078e+01,0.000000000000000000e+00,0.000000000000000000e+00,1.384981212468758272e-01
1.290000000000000036e+01,0.000000000000000000e+00,0.000000000000000000e+00,1.324981212468758218e-01
1.291999999999999993e+01,0.000000000000000000e+00,0.000000000000000000e+00,1.264981212468758165e-01
1.293999999999999950e+01,3.607487425803084999e-03,4.573557626566328348e-04,1.257155125512236793e-01
1.296000000000000085e+01,7.215331677416138983e-03,9.118881345126496297e-04,1.249329038555714727e-01
1.298000000000000043e+01,1.082353054511996787e-02,1.363596837178393355e-03,1.241502951599192939e-01
1.300000000000000000e+01,1.443208181897807571e-02,1.812481593991826113e-03,1.233676864642671428e-01
1.301999999999999957e+01,1.804098328883826929e-02,2.258542130022656372e-03,1.225850777686149640e-01
1.303999999999999915e+01,2.201141107812142061e-02,2.744030259603385397e-03,1.207589908120931949e-01
1.306000000000000050e+01,2.598271879057322681e-02,3.222267237363096639e-03,1.189329038555714396e-01
1.308000000000000007e+01,2.995489318350012115e-02,3.693251468576284804e-03,1.171068168990497121e-01
1.309999999999999964e+01,3.392792101131860555e-02,4.156981382702617557e-03,1.152807299425279708e-01
1.311999999999999922e+01,3.790178902559931257e-02,4.613455433391797957e-03,1.134546429860062294e-01
1.314000000000000057e+01,4.187648397511119225e-02,5.062672098488429917e-03,1.116285560294844742e-01
1.316000000000000014e+01,4.585199260586567127e-02,5.504629880038096681e-03,1.098024690729627467e-01
1.317999999999999972e+01,4.982830166116094389e-02,5.939327304291738829e-03,1.079763821164410054e-01
1.319999999999999929e+01,5.380539788162599923e-02,6.366762921710518441e-03,1.061502951599192501e-01
1.322000000000000064e+01,5.778326800526511348e-02,6.786935306970682397e-03,1.043242082033975088e-01
1.324000000000000021e+01,6.140020506184391130e-02,7.162305990604994621e-03,1.024981212468757813e-01
1.325999999999999979e+01,6.501782154704512096e-02,7.531071210474387344e-03,1.006720342903540399e-01
1.327999999999999936e+01,6.863610539759144868e-02,7.893229736896779578e-03,9.884594733383232634e-02
1.330000000000000071e+01,7.225504454798017950e-02,8.248780362221493079e-03,9.701986037731057111e-02
1.332000000000000028e+01,7.587462693052339502e-02,8.597721900831677491e-03,9.519377342078882975e-02
1.333999999999999986e+01,7.985686182987485060e-02,8.974286317981177569e-03,9.336768646426708840e-02
1.335999999999999943e+01,8.383977772864895095e-02,9.343578204120435785e-03,9.154159950774536092e-02
1.338000000000000078e+01,8.782336134544367623e-02,9.705596327811021745e-03,8.971551255122359181e-02
1.340000000000000036e+01,9.180759939663035718e-02,1.006033948187019800e-02,8.788942559470185045e-02
1.341999999999999993e+01,9.579247859639812568e-02,1.040780648337384824e-02,8.606333863818010910e-02
1.343999999999999950e+01,9.941566683312536012e-02,1.071706983818065256e-02,8.423725168165833999e-02
1.346000000000000085e+01,1.030394137703886381e-01,1.101971642425050336e-02,8.241116472513661251e-02
1.348000000000000043e+01,1.066637073244680739e-01,1.131574523238091518e-02,8.058507776861487115e-02
1.350000000000000000e+01,1.102885354098210868e-01,1.160515527543595424e-02,7.875899081209312980e-02
1.351999999999999957e+01,1.139138859391225084e-01,1.188794558835110440e-02,7.693290385557140232e-02
1.353999999999999915e+01,1.179023329117234731e-01,1.219173219211464217e-02,7.510681689904964708e-02
1.356000000000000050e+01,1.218913279748478351e-01,1.248823504242995569e-02,7.328072994252790573e-02
1.358000000000000007e+01,1.258808578268220402e-01,1.277745315058120314e-02,7.145464298600616437e-02
1.359999999999999964e+01,1.298709091641891411e-01,1.305938555214375060e-02,6.962855602948442302e-02
1.361999999999999922e+01,1.338614686817533039e-01,1.333403130698757218e-02,6.780246907296268166e-02
1.364000000000000057e+01,1.378524534628062514e-01,1.360243065306140572e-02,6.649812124687572157e-02
1.366000000000000014e+01,1.418437849348864188e-01,1.386562413997146151e-02,6.519377342078877535e-02
1.367999999999999972e+01,1.458354563074496513e-01,1.412361131993983450e-02,6.388942559470180138e-02
1.369999999999999929e+01,1.498274607893736732e-01,1.437639175404795133e-02,6.258507776861484129e-02
1.372000000000000064e+01,1.538197915889693568e-01,1.462396501223383986e-02,6.128072994252789507e-02
1.374000000000000021e+01,1.574494737026267133e-01,1.484429743138145769e-02,5.997638211644092804e-02
1.375999999999999979e+01,1.610794401186836644e-01,1.505989529646863459e-02,5.867203429035396794e-02
1.377999999999999936e+01,1.647096846613948229e-01,1.527075824069391331e-02,5.736768646426702173e-02
1.380000000000000071e+01,1.683402011545416244e-01,1.547688590531162874e-02,5.606333863818006163e-02
1.382000000000000028e+01,1.719709834214427913e-01,1.567827793963190441e-02,5.475899081209308072e-02
1.383999999999999986e+01,1.759651294713171221e-01,1.589459960716055678e-02,5.345464298600613451e-02
1.385999999999999943e+01,1.799595542821419425e-01,1.610571133643250163e-02,5.215029515991918135e-02
1.388000000000000078e+01,1.839542510581103907e-01,1.631161276827911705e-02,5.084594733383221432e-02
1.390000000000000036e+01,1.879492130029529473e-01,1.651230355239485456e-02,4.954159950774524729e-02
1.391999999999999993e+01,1.919444333199488983e-01,1.670778334734030618e-02,4.823725168165829413e-02
1.393999999999999950e+01,1.959399052119380202e-01,1.689805182054083740e-02,4.693290385557134098e-02
1.396000000000000085e+01,1.999356218813320152e-01,1.708310864828863074e-02,4.562855602948438088e-02
1.398000000000000043e+01,2.039315765301261962e-01,1.726295351574234915e-02,4.432420820339742079e-02
1.400000000000000000e+01,2.079277623599109781e-01,1.743758611692747262e-02,4.301986037731046070e-02
1.401999999999999957e+01,2.119241725718834235e-01,1.760700615473766162e-02,4.171551255122350060e-02
1.403999999999999915e+01,2.159208003668589004e-01,1.777121334093475710e-02,4.041116472513653357e-02
1.406000000000000050e+01,2.199176389452825453e-01,1.793020739614912054e-02,3.910681689904957348e-02
1.408000000000000007e+01,2.239146815072409480e-01,1.808398804988065739e-02,3.780246907296260644e-02
1.409999999999999964e+01,2.279119212524736426e-01,1.823255504049847014e-02,3.649812124687566023e-02
1.411999999999999922e+01,2.319093513803846263e-01,1.837590811524290879e-02,3.519377342078869320e-02
1.414000000000000057e+01,2.359069650900540716e-01,1.851404703022318382e-02,3.388942559470174698e-02
1.416000000000000014e+01,2.399047555802498177e-01,1.864697155042111323e-02,3.258507776861477995e-02
1.417999999999999972e+01,2.439027160494388613e-01,1.877468144968839903e-02,3.128072994252781985e-02
1.419999999999999929e+01,2.479008396957990690e-01,1.889717651075002378e-02,2.997638211644086323e-02
1.422000000000000064e+01,2.518991197172307239e-01,1.901445652520188448e-02,2.867203429035390660e-02
1.424000000000000021e+01,2.555340291765031413e-01,1.911728183266345540e-02,2.788942559470172777e-02
1.425999999999999979e+01,2.591690179945990713e-01,1.921726239717509027e-02,2.710681689904955241e-02
1.427999999999999936e+01,2.628040839451739052e-01,1.931439815750200101e-02,2.632420820339737705e-02
1.430000000000000071e+01,2.664392248018357390e-01,1.940868905414991699e-02,2.554159950774520169e-02
1.432000000000000028e+01,2.700744383381467606e-01,1.950013502936868981e-02,2.475899081209302979e-02
1.433999999999999986e+01,2.740732507265725149e-01,1.959759612692782427e-02,2.397638211644084749e-02
1.435999999999999943e+01,2.780721381643039836e-01,1.969192768961282314e-02,2.319377342078866866e-02
1.438000000000000078e+01,2.820710982021171209e-01,1.978312965964733675e-02,2.241116472513649677e-02
1.440000000000000036e+01,2.860701283907436387e-01,1.987120198117241568e-02,2.162855602948432487e-02
1.441999999999999993e+01,2.900692262808720612e-01,1.995614460024651773e-02,2.084594733383213910e-02
1.443999999999999950e+01,2.940683894231496120e-01,2.003795746484380094e-02,2.006333863817996374e-02
1.446000000000000085e+01,2.980676153681834917e-01,2.011664052485526502e-02,1.928072994252778838e-02
1.448000000000000043e+01,3.020669016665423756e-01,2.019219373209044446e-02,1.849812124687561996e-02
1.450000000000000000e+01,3.060662458687581355e-01,2.026461704027457747e-02,1.771551255122344112e-02
1.451999999999999957e+01,3.100656455253270050e-01,2.033391040504974046e-02,1.693290385557126576e-02
1.453999999999999915e+01,3.140650981867113001e-01,2.040007378397541010e-02,1.615029515991909040e-02
1.456000000000000050e+01,3.180646014033409186e-01,2.046310713652847377e-02,1.536768646426691677e-02
1.458000000000000007e+01,3.220641527256147829e-01,2.052301042410151558e-02,1.458507776861474661e-02
1.459999999999999964e+01,3.260637497039023391e-01,2.057978361000623035e-02,1.380246907296257472e-02
1.461999999999999922e+01,3.300633898885451112e-01,2.063342665947058216e-02,1.301986037731039936e-02
1.464000000000000057e+01,3.340630708298580331e-01,2.068393953963823181e-02,1.223725168165822746e-02
1.466000000000000014e+01,3.380627900781312256e-01,2.073132221957195431e-02,1.145464298600605210e-02
1.467999999999999972e+01,3.420625451836312725e-01,2.077557467025135940e-02,1.067203429035387847e-02
1.469999999999999929e+01,3.460623336966028307e-01,2.081669686457232604e-02,9.889425594701704847e-03
1.472000000000000064e+01,3.500621531672700182e-01,2.085468877734870247e-02,9.106816899049531219e-03
1.474000000000000021e+01,3.536983786023318865e-01,2.088638114822367886e-02,8.324208203397357592e-03
1.475999999999999979e+01,3.573346277265652682e-01,2.091522776803882849e-02,7.541599507745182229e-03
1.477999999999999936e+01,3.609708983128535609e-01,2.094122861912641950e-02,6.758990812093007734e-03
1.480000000000000071e+01,3.646071881340670617e-01,2.096438368556130180e-02,5.976382116440833239e-03
1.482000000000000028e+01,3.682434949630643550e-01,2.098469295316193750e-02,5.193773420788657877e-03
1.483999999999999986e+01,3.722434487336563902e-01,2.100390275512153612e-02,4.411164725136485117e-03
1.485999999999999943e+01,3.762434163130664588e-01,2.101998215291515232e-02,3.628556029484309754e-03
1.488000000000000078e+01,3.802433952514089888e-01,2.103293113669416764e-02,2.845947333832136127e-03
1.490000000000000036e+01,3.842433830987915799e-01,2.104274969852793983e-02,2.063338638179961198e-03
1.491999999999999993e+01,3.882433774053162812e-01,2.104943783240209240e-02,1.280729942527786703e-03
1.493999999999999950e+01,3.922433757210812555e-01,2.105299553422136302e-02,4.981212468756122079e-04
1.496000000000000085e+01,3.962433755961821680e-01,2.105342280180561368e-02,-2.844874487765621787e-04
1.498000000000000043e+01,4.002433745807137400e-01,2.105071963489382053e-02,-1.067096144428736565e-03
1.500000000000000000e+01,4.042433702247711924e-01,2.104488603514179795e-02,-1.849704840080910843e-03
1.501999999999999957e+01,4.082433600784519112e-01,2.103592200612219160e-02,-2.632313535733084905e-03
1.503999999999999915e+01,4.122433448015629942e-01,2.102487102693815016e-02,-2.893183100950476403e-03
1.506000000000000050e+01,4.162433265057046139e-01,2.101277657386636799e-02,-3.154052666167869636e-03
1.508000000000000007e+01,4.202433049186662939e-01,2.099963864773077629e-02,-3.414922231385261134e-03
1.509999999999999964e+01,4.242432797682378354e-01,2.098545724942340457e-02,-3.675791796602653067e-03
1.511999999999999922e+01,4.282432507822092060e-01,2.097023237991118422e-02,-3.936661361820043697e-03
1.514000000000000057e+01,4.322432176883706512e-01,2.095396404022913800e-02,-4.197530927037436063e-03
1.516000000000000014e+01,4.362431802145126936e-01,2.093665223148549054e-02,-4.458400492254827562e-03
1.517999999999999972e+01,4.402431380884261891e-01,2.091829695485826132e-02,-4.719270057472218192e-03
1.519999999999999929e+01,4.442430910379022713e-01,2.089889821159356814e-02,-4.980139622689609691e-03
1.522000000000000064e+01,4.482430387907324620e-01,2.087845600301583074e-02,-5.241009187907002057e-03
1.524000000000000021e+01,4.518793499579834561e-01,2.085892357346885717e-02,-5.501878753124392687e-03
1.525999999999999979e+01,4.555156559060872801e-01,2.083844254168404353e-02,-5.762748318341783318e-03
1.527999999999999936e+01,4.591519563875826604e-01,2.081701290905576748e-02,-6.023617883559175684e-03
1.530000000000000071e+01,4.627882511550087119e-01,2.079463467704030163e-02,-6.284487448776567182e-03
1.532000000000000028e+01,4.664245399609049381e-01,2.077130784716356426e-02,-6.545357013993956946e-03
1.533999999999999986e+01,4.704244508175018380e-01,2.074460487839495382e-02,-6.806226579211349312e-03
1.535999999999999943e+01,4.744243545720041588e-01,2.071685845554194563e-02,-7.067096144428740810e-03
1.538000000000000078e+01,4.784242509522066977e-01,2.068806858049073577e-02,-7.327965709646131441e-03
1.540000000000000036e+01,4.824241396859048070e-01,2.065823525520072215e-02,-7.588835274863523807e-03
1.541999999999999993e+01,4.864240205008942830e-01,2.062735848170449762e-02,-7.849704840080915305e-03
1.543999999999999950e+01,4.904238931249715883e-01,2.059543826209934980e-02,-8.110574405298307671e-03
1.546000000000000085e+01,4.944237572859336849e-01,2.056247459856086826e-02,-8.371443970515700037e-03
1.548000000000000043e+01,4.984236127115780346e-01,2.052846749333274434e-02,-8.632313535733092402e-03
1.550000000000000000e+01,5.024234591297028762e-01,2.049341694872675382e-02,-8.893183100950484768e-03
1.551999999999999957e+01,5.064232962681067818e-01,2.045732296712788126e-02,-9.154052666167877134e-03
1.553999999999999915e+01,5.104231238545892113e-01,2.042018555099600965e-02,-9.414922231385269499e-03
1.556000000000000050e+01,5.144229416169501246e-01,2.038200470285400981e-02,-9.675791796602661865e-03
1.558000000000000007e+01,5.184227492829902584e-01,2.034278042530476144e-02,-9.936661361820054231e-03
1.559999999999999964e+01,5.224225465805110158e-01,2.030251272101243204e-02,-1.019753092703744833e-02
1.561999999999999922e+01,5.264223332373143549e-01,2.026120159272289806e-02,-1.045840049225484070e-02
1.564000000000000057e+01,5.304221089812031220e-01,2.021884704324332024e-02,-1.071927005747222959e-02
1.566000000000000014e+01,5.344218735399809406e-01,2.017544907545746821e-02,-1.098013962268962196e-02
1.567999999999999972e+01,5.384216266414519891e-01,2.013100769231890297e-02,-1.124100918790701432e-02
1.569999999999999929e+01,5.424213680134214455e-01,2.008552289685098732e-02,-1.150187875312440842e-02
1.572000000000000064e+01,5.464210973836951535e-01,2.003899469215027901e-02,-1.176274831834180079e-02
1.574000000000000021e+01,5.500572038349539339e-01,1.999574777327260341e-02,-1.202361788355919316e-02
1.575999999999999979e+01,5.536932988806840816e-01,1.995155230636584676e-02,-1.228448744877658552e-02
1.577999999999999936e+01,5.573293822734386449e-01,1.990640829444161042e-02,-1.254535701399397615e-02
1.580000000000000071e+01,5.609654537657715601e-01,1.986031574056875207e-02,-1.280622657921137199e-02
1.582000000000000028e+01,5.646015131102374296e-01,1.981327464788731549e-02,-1.306709614442876262e-02
1.583999999999999986e+01,5.686011647543072201e-01,1.976048605676704317e-02,-1.332796570964615498e-02
1.585999999999999943e+01,5.726008024913463723e-01,1.970665408006972222e-02,-1.358883527486354735e-02
1.588000000000000078e+01,5.766004260491678357e-01,1.965177872145879370e-02,-1.384970484008093972e-02
1.590000000000000036e+01,5.806000351555854477e-01,1.959585998466749357e-02,-1.411057440529833208e-02
1.591999999999999993e+01,5.845996295384140451e-01,1.953889787350225615e-02,-1.437144397051572271e-02
1.593999999999999950e+01,5.885992089254695747e-01,1.948089239183931412e-02,-1.463231353573311681e-02
1.596000000000000085e+01,5.925987730445689827e-01,1.942184354362640197e-02,-1.489318310095051091e-02
1.598000000000000043e+01,5.965983216235302145e-01,1.936175133288274564e-02,-1.515405266616789981e-02
1.600000000000000000e+01,6.005978543901722144e-01,1.930061576369566934e-02,-1.541492223138529218e-02
1.601999999999999957e+01,6.045973710723150374e-01,1.923843684022739919e-02,-1.567579179660268454e-02
1.603999999999999915e+01,6.082332804591012998e-01,1.918096204611908703e-02,-1.593666136182006823e-02
1.605999999999999872e+01,6.118691747287460236e-01,1.912253875587527005e-02,-1.619753092703746580e-02
1.607999999999999829e+01,6.155050536338160239e-01,1.906316697347478287e-02,-1.645840049225485296e-02
1.610000000000000142e+01,6.191409169268790036e-01,1.900284670295527417e-02,-1.671927005747224360e-02
1.612000000000000099e+01,6.227767643605038872e-01,1.894157794842248402e-02,-1.698013962268963423e-02
1.614000000000000057e+01,6.267761788199360806e-01,1.887313899060791278e-02,-1.724100918790702486e-02
1.616000000000000014e+01,6.307755752896414547e-01,1.880365670962414956e-02,-1.750187875312441549e-02
1.617999999999999972e+01,6.347749534974492791e-01,1.873313111019689337e-02,-1.776274831834180612e-02
1.619999999999999929e+01,6.387743131711901556e-01,1.866156219712675202e-02,-1.802361788355920022e-02
1.621999999999999886e+01,6.427736540386959074e-01,1.858894997528582824e-02,-1.828448744877658738e-02
1.623999999999999844e+01,6.464094011196993561e-01,1.852199040649199838e-02,-1.854535701399397801e-02
1.626000000000000156e+01,6.500451306092778214e-01,1.845408238422799330e-02,-1.880622657921136864e-02
1.628000000000000114e+01,6.536808422600092205e-01,1.838522591311490123e-02,-1.906709614442875581e-02
1.630000000000000071e+01,6.573165358244726919e-01,1.831542099783725619e-02,-1.932796570964614991e-02
1.632000000000000028e+01,6.609522110552487062e-01,1.824466764314613965e-02,-1.958883527486353360e-02
1.633999999999999986e+01,6.649514333698859359e-01,1.816579567492708144e-02,-1.984970484008092770e-02
1.635999999999999943e+01,6.689506349731478840e-01,1.808588043401837542e-02,-2.011057440529831833e-02
1.637999999999999901e+01,6.729498155928772540e-01,1.800492192585560411e-02,-2.037144397051570549e-02
1.639999999999999858e+01,6.769489749569179704e-01,1.792292015595094851e-02,-2.063231353573309959e-02
1.642000000000000171e+01,6.809481127931156230e-01,1.783987512988298094e-02,-2.089318310095049022e-02
1.644000000000000128e+01,6.849472288293172451e-01,1.775578685330518255e-02,-2.115405266616788085e-02
1.646000000000000085e+01,6.889463227933712020e-01,1.767065533193912241e-02,-2.141492223138527148e-02
1.648000000000000043e+01,6.929453944131273024e-01,1.758448057157617136e-02,-2.167579179660266211e-02
1.650000000000000000e+01,6.969444434164371316e-01,1.749726257808429872e-02,-2.193666136182005622e-02
1.651999999999999957e+01,7.009434695311537178e-01,1.740900135739616855e-02,-2.219753092703744338e-02
1.653999999999999915e+01,7.045789267620427010e-01,1.732781550114450772e-02,-2.245840049225483401e-02
1.655999999999999872e+01,7.082143626903111278e-01,1.724568126751890862e-02,-2.271927005747222811e-02
1.657999999999999829e+01,7.118497770685568993e-01,1.716259866210924356e-02,-2.298013962268961527e-02
1.660000000000000142e+01,7.154851696493795821e-01,1.707856769056883411e-02,-2.324100918790700590e-02
1.662000000000000099e+01,7.191205401853798529e-01,1.699358835861600192e-02,-2.350187875312440000e-02
1.664000000000000057e+01,7.231194355596153311e-01,1.689958949735642646e-02,-2.350187875312440000e-02
1.666000000000000014e+01,7.271183309338508094e-01,1.680559063609685100e-02,-2.350187875312440000e-02
1.667999999999999972e+01,7.311172263080862876e-01,1.671159177483727554e-02,-2.350187875312440000e-02
1.669999999999999929e+01,7.351161216823217659e-01,1.661759291357770008e-02,-2.350187875312440000e-02
1.671999999999999886e+01,7.391150170565572441e-01,1.652359405231812461e-02,-2.350187875312440000e-02
1.673999999999999844e+01,7.431139124307927224e-01,1.642959519105854915e-02,-2.350187875312440000e-02
1.676000000000000156e+01,7.471128078050282006e-01,1.633559632979897369e-02,-2.350187875312440000e-02
1.678000000000000114e+01,7.511117031792636789e-01,1.624159746853939823e-02,-2.350187875312440000e-02
1.680000000000000071e+01,7.551105985534991571e-01,1.614759860727982277e-02,-2.350187875312440000e-02
1.682000000000000028e+01,7.591094939277346354e-01,1.605359974602024731e-02,-2.350187875312440000e-02
1.683999999999999986e+01,7.631083893019701136e-01,1.595960088476067185e-02,-2.350187875312440000e-02
1.685999999999999943e+01,7.671072846762055919e-01,1.586560202350109638e-02,-2.350187875312440000e-02
1.687999999999999901e+01,7.711061800504410702e-01,1.577160316224152092e-02,-2.350187875312440000e-02
1.689999999999999858e+01,7.751050754246765484e-01,1.567760430098194546e-02,-2.350187875312440000e-02
1.692000000000000171e+01,7.791039707989120267e-01,1.558360543972237000e-02,-2.350187875312440000e-02
1.694000000000000128e+01,7.831028661731475049e-01,1.548960657846279454e-02,-2.350187875312440000e-02
1.696000000000000085e+01,7.871017615473829832e-01,1.539560771720321908e-02,-2.350187875312440000e-02
1.698000000000000043e+01,7.911006569216184614e-01,1.530160885594364362e-02,-2.350187875312440000e-02
1.700000000000000000e+01,7.950995522958539397e-01,1.520760999468406816e-02,-2.350187875312440000e-02
1.701999999999999957e+01,7.990984476700894179e-01,1.511361113342449269e-02,-2.350187875312440000e-02
1.703999999999999915e+01,8.027338071012125598e-01,1.502815762318851500e-02,-2.350187875312440000e-02
1.705999999999999872e+01,8.063691665323357016e-01,1.494270411295253731e-02,-2.350187875312440000e-02
1.707999999999999829e+01,8.100045259634588435e-01,1.485725060271655962e-02,-2.350187875312440000e-02
1.710000000000000142e+01,8.136398853945819853e-01,1.477179709248058193e-02,-2.350187875312440000e-02
1.712000000000000099e+01,8.172752448257051272e-01,1.468634358224460423e-02,-2.350187875312440000e-02
1.714000000000000057e+01,8.212741401999406055e-01,1.459234472098502877e-02,-2.350187875312440000e-02
1.716000000000000014e+01,8.252730355741760837e-01,1.449834585972545331e-02,-2.350187875312440000e-02
1.717999999999999972e+01,8.292719309484115620e-01,1.440434699846587785e-02,-2.350187875312440000e-02
1.719999999999999929e+01,8.332708263226470402e-01,1.431034813720630239e-02,-2.350187875312440000e-02
1.721999999999999886e+01,8.372697216968825185e-01,1.421634927594672693e-02,-2.350187875312440000e-02
1.723999999999999844e+01,8.412686170711179967e-01,1.412235041468715147e-02,-2.350187875312440000e-02
1.726000000000000156e+01,8.452675124453534750e-01,1.402835155342757600e-02,-2.350187875312440000e-02
1.728000000000000114e+01,8.492664078195889532e-01,1.393435269216800054e-02,-2.350187875312440000e-02
1.730000000000000071e+01,8.532653031938244315e-01,1.384035383090842508e-02,-2.350187875312440000e-02
1.732000000000000028e+01,8.572641985680599097e-01,1.374635496964884962e-02,-2.350187875312440000e-02
1.733999999999999986e+01,8.612630939422953880e-01,1.365235610838927416e-02,-2.350187875312440000e-02
1.735999999999999943e+01,8.652619893165308662e-01,1.355835724712969870e-02,-2.350187875312440000e-02
1.737999999999999901e+01,8.692608846907663445e-01,1.346435838587012324e-02,-2.350187875312440000e-02
1.739999999999999858e+01,8.732597800650018227e-01,1.337035952461054777e-02,-2.350187875312440000e-02
1.742000000000000171e+01,8.772586754392373010e-01,1.327636066335097231e-02,-2.350187875312440000e-02
1.744000000000000128e+01,8.812575708134727792e-01,1.318236180209139685e-02,-2.350187875312440000e-02
1.746000000000000085e+01,8.852564661877082575e-01,1.308836294083182139e-02,-2.350187875312440000e-02
1.748000000000000043e+01,8.892553615619437357e-01,1.299436407957224593e-02,-2.350187875312440000e-02
1.750000000000000000e+01,8.932542569361792140e-01,1.290036521831267047e-02,-2.350187875312440000e-02
1.751999999999999957e+01,8.968896163673023558e-01,1.281491170807669278e-02,-2.350187875312440000e-02
1.753999999999999915e+01,9.005249757984254977e-01,1.272945819784071508e-02,-2.350187875312440000e-02
1.755999999999999872e+01,9.041603352295486395e-01,1.264400468760473739e-02,-2.350187875312440000e-02
1.757999999999999829e+01,9.077956946606717814e-01,1.255855117736875970e-02,-2.350187875312440000e-02
1.760000000000000142e+01,9.114310540917949233e-01,1.247309766713278201e-02,-2.350187875312440000e-02
1.762000000000000099e+01,9.154299494660304015e-01,1.237909880587320655e-02,-2.350187875312440000e-02
1.764000000000000057e+01,9.194288448402658798e-01,1.228509994461363108e-02,-2.350187875312440000e-02
1.766000000000000014e+01,9.234277402145013580e-01,1.219110108335405562e-02,-2.350187875312440000e-02
1.767999999999999972e+01,9.274266355887368363e-01,1.209710222209448016e-02,-2.350187875312440000e-02
1.769999999999999929e+01,9.314255309629723145e-01,1.200310336083490470e-02,-2.350187875312440000e-02
1.771999999999999886e+01,9.354244263372077928e-01,1.190910449957532924e-02,-2.350187875312440000e-02
1.773999999999999844e+01,9.394233217114432710e-01,1.181510563831575378e-02,-2.350187875312440000e-02
1.776000000000000156e+01,9.434222170856787493e-01,1.172110677705617832e-02,-2.350187875312440000e-02
1.778000000000000114e+01,9.474211124599142275e-01,1.162710791579660285e-02,-2.350187875312440000e-02
1.780000000000000071e+01,9.514200078341497058e-01,1.153310905453702739e-02,-2.350187875312440000e-02
1.782000000000000028e+01,9.550553672652728476e-01,1.144765554430104970e-02,-2.350187875312440000e-02
1.783999999999999986e+01,9.586907266963959895e-01,1.136220203406507201e-02,-2.350187875312440000e-02
1.785999999999999943e+01,9.623260861275191314e-01,1.127674852382909432e-02,-2.350187875312440000e-02
1.787999999999999901e+01,9.659614455586422732e-01,1.119129501359311663e-02,-2.350187875312440000e-02
1.789999999999999858e+01,9.695968049897654151e-01,1.110584150335713893e-02,-2.350187875312440000e-02
1.792000000000000171e+01,9.735957125793657241e-01,1.101236423820902387e-02,-2.324100918790700590e-02
1.794000000000000128e+01,9.775946444182705974e-01,1.091993016951457382e-02,-2.298013962268961527e-02
1.796000000000000085e+01,9.815936002343410571e-01,1.082853930356394122e-02,-2.271927005747222811e-02
1.798000000000000043e+01,9.855925797554363488e-01,1.073819164657578359e-02,-2.245840049225483401e-02
1.800000000000000000e+01,9.895915827094141637e-01,1.064888720469895841e-02,-2.219753092703744338e-02
1.801999999999999957e+01,9.932270505091457258e-01,1.056817553898147487e-02,-2.219753092703744338e-02
1.803999999999999915e+01,9.968625183088772879e-01,1.048746387326399132e-02,-2.219753092703744338e-02
1.805999999999999872e+01,1.000497986108608739e+00,1.040675220754650777e-02,-2.219753092703744338e-02
1.807999999999999829e+01,1.004133453908340190e+00,1.032604054182902423e-02,-2.219753092703744338e-02
1.810000000000000142e+01,1.007768921708071641e+00,1.024532887611154068e-02,-2.219753092703744338e-02
1.812000000000000099e+01,1.011767947822788338e+00,1.015706765542340878e-02,-2.193666136182005622e-02
1.814000000000000057e+01,1.015766996826098278e+00,1.006984966193153613e-02,-2.167579179660266211e-02
1.816000000000000014e+01,1.019766068445854490e+00,9.983674901568583351e-03,-2.141492223138527148e-02
1.817999999999999972e+01,1.023765162409908447e+00,9.898543380202524944e-03,-2.115405266616788085e-02
1.819999999999999929e+01,1.027764278446110069e+00,9.814455103624726562e-03,-2.089318310095049022e-02
1.821999999999999886e+01,1.031763416282307722e+00,9.731410077556760727e-03,-2.063231353573309959e-02
1.823999999999999844e+01,1.035762575646348438e+00,9.649408307652103389e-03,-2.037144397051570549e-02
1.826000000000000156e+01,1.039761756266077697e+00,9.568449799489330346e-03,-2.011057440529831833e-02
1.828000000000000114e+01,1.043760957869339645e+00,9.488534558580626055e-03,-1.984970484008092770e-02
1.830000000000000071e+01,1.047760180183976875e+00,9.409662590361566117e-03,-1.958883527486353013e-02
1.832000000000000028e+01,1.051395846165436243e+00,9.338435017563269380e-03,-1.958883527486352666e-02
1.833999999999999986e+01,1.055031512146895611e+00,9.267207444764972643e-03,-1.958883527486352319e-02
1.835999999999999943e+01,1.058667178128354980e+00,9.195979871966675906e-03,-1.958883527486351972e-02
1.837999999999999901e+01,1.062302844109814348e+00,9.124752299168379169e-03,-1.958883527486351625e-02
1.839999999999999858e+01,1.065938510091273717e+00,9.053524726370082432e-03,-1.958883527486351278e-02
1.842000000000000171e+01,1.069937752845127266e+00,8.975696036209854581e-03,-1.932796570964612562e-02
1.844000000000000128e+01,1.073937015766037062e+00,8.898910629404444689e-03,-1.906709614442873152e-02
1.846000000000000085e+01,1.077936298581841701e+00,8.823168511180043763e-03,-1.880622657921134436e-02
1.848000000000000043e+01,1.081935601020378002e+00,8.748469686689639216e-03,-1.854535701399395373e-02
1.850000000000000000e+01,1.085934922809481895e+00,8.674814161016425329e-03,-1.828448744877656310e-02
1.851999999999999957e+01,1.089934263676987758e+00,8.602201939175499815e-03,-1.802361788355917593e-02
1.853999999999999915e+01,1.093933623350728634e+00,8.530633026105358466e-03,-1.776274831834178183e-02
1.855999999999999872e+01,1.097933001558536459e+00,8.460107426678104003e-03,-1.750187875312439120e-02
1.857999999999999829e+01,1.101932398028241833e+00,8.390625145694339052e-03,-1.724100918790700057e-02
1.860000000000000142e+01,1.105931812487674026e+00,8.322186187879766078e-03,-1.698013962268960994e-02
1.862000000000000099e+01,1.109931244664661421e+00,8.254790557893696215e-03,-1.671927005747221931e-02
1.864000000000000057e+01,1.113930694287030621e+00,8.188438260322236997e-03,-1.645840049225482868e-02
1.866000000000000014e+01,1.117930161082607565e+00,8.123129299681702831e-03,-1.619753092703744152e-02
1.867999999999999972e+01,1.121929644779216861e+00,8.058863680413502761e-03,-1.593666136182004048e-02
1.869999999999999929e+01,1.125929145104681783e+00,7.995641406894357997e-03,-1.567579179660265332e-02
1.871999999999999886e+01,1.129928653653848647e+00,7.932940807689295090e-03,-1.567579179660265332e-02
1.873999999999999844e+01,1.133928162203015511e+00,7.870240208484232183e-03,-1.567579179660265332e-02
1.876000000000000156e+01,1.137927670752182374e+00,7.807539609279168409e-03,-1.567579179660265332e-02
1.878000000000000114e+01,1.141927179301349238e+00,7.744839010074104635e-03,-1.567579179660265332e-02
1.880000000000000071e+01,1.145926687850516101e+00,7.682138410869040861e-03,-1.567579179660265332e-02
1.882000000000000028e+01,1.149562604713395109e+00,7.625137866137165175e-03,-1.567579179660265332e-02
1.883999999999999986e+01,1.153198521576274116e+00,7.568137321405289490e-03,-1.567579179660265332e-02
1.885999999999999943e+01,1.156834438439153123e+00,7.511136776673413805e-03,-1.567579179660265332e-02
1.887999999999999901e+01,1.160470355302032130e+00,7.454136231941538120e-03,-1.567579179660265332e-02
1.889999999999999858e+01,1.164106272164911138e+00,7.397135687209662434e-03,-1.567579179660265332e-02
1.892000000000000171e+01,1.168105788847054072e+00,7.334956763741392292e-03,-1.541492223138526269e-02
1.894000000000000128e+01,1.172105321613696072e+00,7.273821194554315993e-03,-1.515405266616787032e-02
1.896000000000000085e+01,1.176104870192657303e+00,7.213728983810659655e-03,-1.489318310095048142e-02
1.898000000000000043e+01,1.180104434311756822e+00,7.154680135597746640e-03,-1.463231353573308906e-02
1.900000000000000000e+01,1.184104013698812352e+00,7.096674653934805475e-03,-1.437144397051569669e-02
1.901999999999999957e+01,1.188103608081640949e+00,7.039712542769568059e-03,-1.411057440529830780e-02
1.903999999999999915e+01,1.192103217188058562e+00,6.983793805978267058e-03,-1.384970484008091716e-02
1.905999999999999872e+01,1.196102840745880025e+00,6.928918447367338543e-03,-1.358883527486352653e-02
1.907999999999999829e+01,1.200102478482919066e+00,6.875086470670018456e-03,-1.332796570964613590e-02
1.910000000000000142e+01,1.204102130126988968e+00,6.822297879549747007e-03,-1.306709614442874527e-02
1.912000000000000099e+01,1.208101788633844764e+00,6.770030982421747050e-03,-1.306709614442874527e-02
1.914000000000000057e+01,1.212101447140700561e+00,6.717764085293747092e-03,-1.306709614442874527e-02
1.916000000000000014e+01,1.216101105647556357e+00,6.665497188165747135e-03,-1.306709614442874527e-02
1.917999999999999972e+01,1.220100764154412154e+00,6.613230291037747177e-03,-1.306709614442874527e-02
1.919999999999999929e+01,1.224100422661267951e+00,6.560963393909747220e-03,-1.306709614442874527e-02
1.921999999999999886e+01,1.228100081168123747e+00,6.508696496781747262e-03,-1.306709614442874527e-02
1.923999999999999844e+01,1.232099739674979544e+00,6.456429599653747305e-03,-1.306709614442874527e-02
1.926000000000000156e+01,1.236099398181835340e+00,6.404162702525747347e-03,-1.306709614442874527e-02
1.928000000000000114e+01,1.240099056688691137e+00,6.351895805397747390e-03,-1.306709614442874527e-02
1.930000000000000071e+01,1.244098715195546934e+00,6.299628908269747432e-03,-1.306709614442874527e-02
1.932000000000000028e+01,1.247734768383597759e+00,6.252113547244292531e-03,-1.306709614442874527e-02
1.933999999999999986e+01,1.251370821571648584e+00,6.204598186218837630e-03,-1.306709614442874527e-02
1.935999999999999943e+01,1.255006874759699409e+00,6.157082825193382729e-03,-1.306709614442874527e-02
1.937999999999999901e+01,1.258642927947750234e+00,6.109567464167927828e-03,-1.306709614442874527e-02
1.939999999999999858e+01,1.262278981135801059e+00,6.062052103142472927e-03,-1.306709614442874527e-02
1.942000000000000171e+01,1.266278646414713549e+00,6.010306901192894596e-03,-1.280622657921135638e-02
1.944000000000000128e+01,1.270278325056279689e+00,5.959605091932749371e-03,-1.254535701399396228e-02
1.946000000000000085e+01,1.274278016788309653e+00,5.909946678816089399e-03,-1.228448744877657338e-02
1.948000000000000043e+01,1.278277721338612727e+00,5.861331665218658810e-03,-1.202361788355918275e-02
1.950000000000000000e+01,1.282277438434997308e+00,5.813760054453214789e-03,-1.176274831834179212e-02
1.951999999999999957e+01,1.286277167805271127e+00,5.767231849752505607e-03,-1.150187875312440149e-02
1.953999999999999915e+01,1.290276909177240583e+00,5.721747054284589094e-03,-1.124100918790700912e-02
1.955999999999999872e+01,1.294276662278711632e+00,5.677305671146024718e-03,-1.098013962268961849e-02
1.957999999999999829e+01,1.298276426837489339e+00,5.633907703360172686e-03,-1.071927005747222612e-02
1.960000000000000142e+01,1.302276202581378106e+00,5.591553153880595740e-03,-1.045840049225483723e-02
1.962000000000000099e+01,1.306275983827090315e+00,5.549720314521007503e-03,-1.045840049225483723e-02
1.964000000000000057e+01,1.310275765072802523e+00,5.507887475161419265e-03,-1.045840049225483723e-02
1.966000000000000014e+01,1.314275546318514731e+00,5.466054635801831027e-03,-1.045840049225483723e-02
1.967999999999999972e+01,1.318275327564226940e+00,5.424221796442242789e-03,-1.045840049225483723e-02
1.969999999999999929e+01,1.322275108809939148e+00,5.382388957082654551e-03,-1.045840049225483723e-02
1.971999999999999886e+01,1.326274890055651356e+00,5.340556117723066314e-03,-1.045840049225483723e-02
1.973999999999999844e+01,1.330274671301363565e+00,5.298723278363478076e-03,-1.045840049225483723e-02
1.976000000000000156e+01,1.334274452547075773e+00,5.256890439003889838e-03,-1.045840049225483723e-02
1.978000000000000114e+01,1.338274233792787982e+00,5.215057599644301600e-03,-1.045840049225483723e-02
1.980000000000000071e+01,1.342274015038500190e+00,5.173224760284713362e-03,-1.045840049225483723e-02
1.982000000000000028e+01,1.345910179807329410e+00,5.135194906321451092e-03,-1.045840049225483723e-02
1.983999999999999986e+01,1.349546344576158630e+00,5.097165052358188821e-03,-1.045840049225483723e-02
1.985999999999999943e+01,1.353182509344987849e+00,5.059135198394926550e-03,-1.045840049225483723e-02
1.987999999999999901e+01,1.356818674113817069e+00,5.021105344431664279e-03,-1.045840049225483723e-02
1.989999999999999858e+01,1.360454838882646289e+00,4.983075490468402008e-03,-1.045840049225483723e-02
1.992000000000000171e+01,1.364454625539449628e+00,4.941764362178868025e-03,-1.019753092703744833e-02
1.994000000000000128e+01,1.368454422836970386e+00,4.901496657886538627e-03,-9.936661361820057700e-03
1.996000000000000085e+01,1.372454230503010519e+00,4.862272380337291124e-03,-9.675791796602667069e-03
1.998000000000000043e+01,1.376454048265371544e+00,4.824091532195291278e-03,-9.414922231385276438e-03
2.000000000000000000e+01,1.380453875851853862e+00,4.786954116063419674e-03,-9.154052666167885807e-03
2.001999999999999957e+01,1.384453708259663740e+00,4.750338416782754793e-03,-9.154052666167885807e-03
2.003999999999999915e+01,1.388453540667473618e+00,4.713722717502089911e-03,-9.154052666167885807e-03
2.005999999999999872e+01,1.392453373075283496e+00,4.677107018221425029e-03,-9.154052666167885807e-03
2.007999999999999829e+01,1.396453205483093374e+00,4.640491318940760147e-03,-9.154052666167885807e-03
2.010000000000000142e+01,1.400453037890903252e+00,4.603875619660095266e-03,-9.154052666167885807e-03
2.012000000000000099e+01,1.404089249170730413e+00,4.570588620314036676e-03,-9.154052666167885807e-03
2.014000000000000057e+01,1.407725460450557575e+00,4.537301620967978087e-03,-9.154052666167885807e-03
2.016000000000000014e+01,1.411361671730384737e+00,4.504014621621919498e-03,-9.154052666167885807e-03
2.017999999999999972e+01,1.414997883010211899e+00,4.470727622275860909e-03,-9.154052666167885807e-03
2.019999999999999929e+01,1.418634094290039060e+00,4.437440622929802320e-03,-9.154052666167885807e-03
2.021999999999999886e+01,1.422633931428442855e+00,4.401346641330929760e-03,-8.893183100950495176e-03
2.023999999999999844e+01,1.426633777846567641e+00,4.366296096724940103e-03,-8.632313535733104545e-03
2.026000000000000156e+01,1.430633633272212046e+00,4.332288991496815317e-03,-8.371443970515713914e-03
2.028000000000000114e+01,1.434633497433174032e+00,4.299325327958334643e-03,-8.110574405298323283e-03
2.030000000000000071e+01,1.438633370057251337e+00,4.267405108353185955e-03,-7.849704840080932652e-03
2.032000000000000028e+01,1.442269621661706358e+00,4.238861020256268035e-03,-7.849704840080932652e-03
2.033999999999999986e+01,1.445905873266161379e+00,4.210316932159350115e-03,-7.849704840080932652e-03
2.035999999999999943e+01,1.449542124870616400e+00,4.181772844062432194e-03,-7.849704840080932652e-03
2.037999999999999901e+01,1.453178376475071421e+00,4.153228755965514274e-03,-7.849704840080932652e-03
2.039999999999999858e+01,1.456814628079526441e+00,4.124684667868596354e-03,-7.849704840080932652e-03
2.042000000000000171e+01,1.460814504844426986e+00,4.093286170961986555e-03,-7.849704840080932652e-03
2.044000000000000128e+01,1.464814381609327532e+00,4.061887674055376755e-03,-7.849704840080932652e-03
2.046000000000000085e+01,1.468814258374228077e+00,4.030489177148766956e-03,-7.849704840080932652e-03
2.048000000000000043e+01,1.472814135139128622e+00,3.999090680242157157e-03,-7.849704840080932652e-03
2.050000000000000000e+01,1.476814011904029167e+00,3.967692183335547358e-03,-7.849704840080932652e-03
2.051999999999999957e+01,1.480813888668929712e+00,3.936293686428937559e-03,-7.849704840080932652e-03
2.053999999999999915e+01,1.484813765433830257e+00,3.904895189522328194e-03,-7.849704840080932652e-03
2.055999999999999872e+01,1.488813642198730802e+00,3.873496692615718828e-03,-7.849704840080932652e-03
2.057999999999999829e+01,1.492813518963631347e+00,3.842098195709109463e-03,-7.849704840080932652e-03
2.060000000000000142e+01,1.496813395728531892e+00,3.810699698802500097e-03,-7.849704840080932652e-03
2.062000000000000099e+01,1.500449647332986913e+00,3.782155610705582611e-03,-7.849704840080932652e-03
2.064000000000000057e+01,1.504085898937441934e+00,3.753611522608665124e-03,-7.849704840080932652e-03
2.066000000000000014e+01,1.507722150541896955e+00,3.725067434511747638e-03,-7.849704840080932652e-03
2.067999999999999972e+01,1.511358402146351976e+00,3.696523346414830151e-03,-7.849704840080932652e-03
2.069999999999999929e+01,1.514994653750806997e+00,3.667979258317912664e-03,-7.849704840080932652e-03
2.071999999999999886e+01,1.518994534565796473e+00,3.637102484821688134e-03,-7.588835274863542021e-03
2.073999999999999844e+01,1.522994423299494526e+00,3.607269159531673215e-03,-7.327965709646150523e-03
2.076000000000000156e+01,1.526994319679697121e+00,3.578479284480464654e-03,-7.067096144428760759e-03
2.078000000000000114e+01,1.530994223434199331e+00,3.550732861627457770e-03,-6.806226579211370128e-03
2.080000000000000071e+01,1.534994134290796231e+00,3.524029892858847324e-03,-6.545357013993977763e-03
2.082000000000000028e+01,1.538994048607705167e+00,3.497848651745278422e-03,-6.545357013993976895e-03
2.083999999999999986e+01,1.542993962924614104e+00,3.471667410631709520e-03,-6.545357013993976028e-03
2.085999999999999943e+01,1.546993877241523041e+00,3.445486169518140619e-03,-6.545357013993975161e-03
2.087999999999999901e+01,1.550993791558431978e+00,3.419304928404571717e-03,-6.545357013993974293e-03
2.089999999999999858e+01,1.554993705875340915e+00,3.393123687291002815e-03,-6.545357013993973426e-03
2.092000000000000171e+01,1.558993620192249852e+00,3.366942446177433913e-03,-6.545357013993972559e-03
2.094000000000000128e+01,1.562993534509158788e+00,3.340761205063865012e-03,-6.545357013993971691e-03
2.096000000000000085e+01,1.566993448826067725e+00,3.314579963950296110e-03,-6.545357013993970824e-03
2.098000000000000043e+01,1.570993363142976662e+00,3.288398722836727208e-03,-6.545357013993969957e-03
2.100000000000000000e+01,1.574993277459885599e+00,3.262217481723158306e-03,-6.545357013993969089e-03
2.101999999999999957e+01,1.578993191776794536e+00,3.236036240609589405e-03,-6.545357013993968222e-03
2.103999999999999915e+01,1.582993106093703473e+00,3.209854999496020503e-03,-6.545357013993967354e-03
2.105999999999999872e+01,1.586993020410612409e+00,3.183673758382451601e-03,-6.545357013993966487e-03
2.107999999999999829e+01,1.590992934727521346e+00,3.157492517268882699e-03,-6.545357013993965620e-03
2.110000000000000142e+01,1.594992849044430283e+00,3.131311276155313798e-03,-6.545357013993964752e-03
2.112000000000000099e+01,1.598629134787074912e+00,3.107510147870251160e-03,-6.545357013993963885e-03
2.114000000000000057e+01,1.602265420529719542e+00,3.083709019585188522e-03,-6.545357013993963018e-03
2.116000000000000014e+01,1.605901706272364171e+00,3.059907891300125884e-03,-6.545357013993962150e-03
2.117999999999999972e+01,1.609537992015008800e+00,3.036106763015063246e-03,-6.545357013993961283e-03
2.119999999999999929e+01,1.613174277757653430e+00,3.012305634730000608e-03,-6.545357013993960416e-03
2.121999999999999886e+01,1.617174195444139206e+00,2.986646121865590454e-03,-6.284487448776570652e-03
2.123999999999999844e+01,1.621174119688307824e+00,2.962030066648578628e-03,-6.023617883559180021e-03
2.126000000000000156e+01,1.625174050217952804e+00,2.938457470757474023e-03,-5.762748318341788523e-03
2.128000000000000114e+01,1.629173986760866999e+00,2.915928335794181012e-03,-5.501878753124398759e-03
2.130000000000000071e+01,1.633173929044843042e+00,2.894442663292509134e-03,-5.241009187907008995e-03
2.132000000000000028e+01,1.637173874108614147e+00,2.873478722514729092e-03,-5.241009187907008995e-03
2.133999999999999986e+01,1.641173819172385251e+00,2.852514781736949050e-03,-5.241009187907008995e-03
2.135999999999999943e+01,1.645173764236156355e+00,2.831550840959169008e-03,-5.241009187907008995e-03
2.137999999999999901e+01,1.649173709299927459e+00,2.810586900181388965e-03,-5.241009187907008995e-03
2.139999999999999858e+01,1.653173654363698564e+00,2.789622959403608923e-03,-5.241009187907008995e-03
2.142000000000000171e+01,1.657173599427469668e+00,2.768659018625828881e-03,-5.241009187907008995e-03
2.144000000000000128e+01,1.661173544491240772e+00,2.747695077848048839e-03,-5.241009187907008995e-03
2.146000000000000085e+01,1.665173489555011876e+00,2.726731137070268797e-03,-5.241009187907008995e-03
2.148000000000000043e+01,1.669173434618782981e+00,2.705767196292488755e-03,-5.241009187907008995e-03
2.150000000000000000e+01,1.673173379682554085e+00,2.684803255514708713e-03,-5.241009187907008995e-03
2.151999999999999957e+01,1.677173324746325189e+00,2.663839314736928671e-03,-5.241009187907008995e-03
2.153999999999999915e+01,1.681173269810096293e+00,2.642875373959148629e-03,-5.241009187907008995e-03
2.155999999999999872e+01,1.685173214873867398e+00,2.621911433181368586e-03,-5.241009187907008995e-03
2.157999999999999829e+01,1.689173159937638502e+00,2.600947492403588544e-03,-5.241009187907008995e-03
2.160000000000000142e+01,1.693173105001409606e+00,2.579983551625808502e-03,-5.241009187907008995e-03
2.162000000000000099e+01,1.696809418695746974e+00,2.560925423646008385e-03,-5.241009187907008995e-03
2.164000000000000057e+01,1.700445732390084341e+00,2.541867295666208268e-03,-5.241009187907008995e-03
2.166000000000000014e+01,1.704082046084421709e+00,2.522809167686408151e-03,-5.241009187907008995e-03
2.167999999999999972e+01,1.707718359778759076e+00,2.503751039706608034e-03,-5.241009187907008995e-03
2.169999999999999929e+01,1.711354673473096444e+00,2.484692911726807917e-03,-5.241009187907008995e-03
2.171999999999999886e+01,1.715354621225926524e+00,2.464250703149069213e-03,-4.980139622689617497e-03
2.173999999999999844e+01,1.719354574175402606e+00,2.444851959884374731e-03,-4.719270057472225999e-03
2.176000000000000156e+01,1.723354532049316212e+00,2.426496683257146816e-03,-4.458400492254835368e-03
2.178000000000000114e+01,1.727354494575458199e+00,2.409184874513499355e-03,-4.197530927037444737e-03
2.180000000000000071e+01,1.731354461481619644e+00,2.392916534831453137e-03,-3.936661361820053238e-03
2.182000000000000028e+01,1.735354430487054289e+00,2.377169930055896604e-03,-3.936661361820053238e-03
2.183999999999999986e+01,1.739354399492488934e+00,2.361423325280340071e-03,-3.936661361820053238e-03
2.185999999999999943e+01,1.743354368497923579e+00,2.345676720504783538e-03,-3.936661361820053238e-03
2.187999999999999901e+01,1.747354337503358224e+00,2.329930115729227005e-03,-3.936661361820053238e-03
2.189999999999999858e+01,1.751354306508792869e+00,2.314183510953670472e-03,-3.936661361820053238e-03
2.192000000000000171e+01,1.755354275514227513e+00,2.298436906178113939e-03,-3.936661361820053238e-03
2.194000000000000128e+01,1.759354244519662158e+00,2.282690301402557406e-03,-3.936661361820053238e-03
2.196000000000000085e+01,1.763354213525096803e+00,2.266943696627000873e-03,-3.936661361820053238e-03
2.198000000000000043e+01,1.767354182530531448e+00,2.251197091851444339e-03,-3.936661361820053238e-03
2.200000000000000000e+01,1.771354151535966093e+00,2.235450487075887806e-03,-3.936661361820053238e-03
2.201999999999999957e+01,1.775354120541400738e+00,2.219703882300331273e-03,-3.936661361820053238e-03
2.203999999999999915e+01,1.779354089546835382e+00,2.203957277524774740e-03,-3.936661361820053238e-03
2.205999999999999872e+01,1.783354058552270027e+00,2.188210672749218207e-03,-3.936661361820053238e-03
2.207999999999999829e+01,1.787354027557704672e+00,2.172464067973661674e-03,-3.936661361820053238e-03
2.210000000000000142e+01,1.791353996563139317e+00,2.156717463198105141e-03,-3.936661361820053238e-03
2.212000000000000099e+01,1.794990332022625479e+00,2.142402367947599320e-03,-3.936661361820053238e-03
2.214000000000000057e+01,1.798626667482111641e+00,2.128087272697093500e-03,-3.936661361820053238e-03
2.216000000000000014e+01,1.802263002941597803e+00,2.113772177446587679e-03,-3.936661361820053238e-03
2.217999999999999972e+01,1.805899338401083964e+00,2.099457082196081858e-03,-3.936661361820053238e-03
2.219999999999999929e+01,1.809535673860570126e+00,2.085141986945576037e-03,-3.936661361820053238e-03
2.221999999999999886e+01,1.813535642866004771e+00,2.069395382170019504e-03,-3.936661361820053238e-03
2.223999999999999844e+01,1.817535611871439416e+00,2.053648777394462971e-03,-3.936661361820053238e-03
2.226000000000000156e+01,1.821535580876874061e+00,2.037902172618906438e-03,-3.936661361820053238e-03
2.228000000000000114e+01,1.825535549882308706e+00,2.022155567843349905e-03,-3.936661361820053238e-03
2.230000000000000071e+01,1.829535518887743351e+00,2.006408963067793372e-03,-3.936661361820053238e-03
2.232000000000000028e+01,1.833535487893177995e+00,1.990662358292236839e-03,-3.936661361820053238e-03
2.233999999999999986e+01,1.837535456898612640e+00,1.974915753516680306e-03,-3.936661361820053238e-03
2.235999999999999943e+01,1.841535425904047285e+00,1.959169148741123773e-03,-3.936661361820053238e-03
2.237999999999999901e+01,1.845535394909481930e+00,1.943422543965567240e-03,-3.936661361820053238e-03
2.239999999999999858e+01,1.849535363914916575e+00,1.927675939190010707e-03,-3.936661361820053238e-03
2.242000000000000171e+01,1.853535332920351220e+00,1.911929334414454174e-03,-3.936661361820053238e-03
2.244000000000000128e+01,1.857535301925785864e+00,1.896182729638897640e-03,-3.936661361820053238e-03
2.246000000000000085e+01,1.861535270931220509e+00,1.880436124863341107e-03,-3.936661361820053238e-03
2.248000000000000043e+01,1.865535239936655154e+00,1.864689520087784574e-03,-3.936661361820053238e-03
2.250000000000000000e+01,1.869535208942089799e+00,1.848942915312228041e-03,-3.936661361820053238e-03
2.251999999999999957e+01,1.873535179956061114e+00,1.833718045800007690e-03,-3.675791796602663475e-03
2.253999999999999915e+01,1.877535154805632711e+00,1.819536647492637051e-03,-3.414922231385272844e-03
2.255999999999999872e+01,1.881535133218594336e+00,1.806398721357046436e-03,-3.154052666167883080e-03
2.257999999999999829e+01,1.885535114922735955e+00,1.794304268285263184e-03,-2.893183100950491148e-03
2.260000000000000142e+01,1.889535099645847094e+00,1.783253289101220662e-03,-2.632313535733100517e-03
2.262000000000000099e+01,1.893171450683900581e+00,1.773681250934609722e-03,-2.632313535733100517e-03
2.264000000000000057e+01,1.896807801721954068e+00,1.764109212767998782e-03,-2.632313535733100517e-03
2.266000000000000014e+01,1.900444152760007555e+00,1.754537174601387842e-03,-2.632313535733100517e-03
2.267999999999999972e+01,1.904080503798061041e+00,1.744965136434776902e-03,-2.632313535733100517e-03
2.269999999999999929e+01,1.907716854836114528e+00,1.735393098268165962e-03,-2.632313535733100517e-03
2.271999999999999886e+01,1.911716840977973453e+00,1.724863856284893776e-03,-2.632313535733100517e-03
2.273999999999999844e+01,1.915716827119832377e+00,1.714334614301621590e-03,-2.632313535733100517e-03
2.276000000000000156e+01,1.919716813261691302e+00,1.703805372318349404e-03,-2.632313535733100517e-03
2.278000000000000114e+01,1.923716799403550226e+00,1.693276130335077219e-03,-2.632313535733100517e-03
2.280000000000000071e+01,1.927716785545409151e+00,1.682746888351805033e-03,-2.632313535733100517e-03
2.282000000000000028e+01,1.931716771687268075e+00,1.672217646368532847e-03,-2.632313535733100517e-03
2.283999999999999986e+01,1.935716757829126999e+00,1.661688404385260661e-03,-2.632313535733100517e-03
2.285999999999999943e+01,1.939716743970985924e+00,1.651159162401988475e-03,-2.632313535733100517e-03
2.287999999999999901e+01,1.943716730112844848e+00,1.640629920418716289e-03,-2.632313535733100517e-03
2.289999999999999858e+01,1.947716716254703773e+00,1.630100678435444104e-03,-2.632313535733100517e-03
2.292000000000000171e+01,1.951353067292757260e+00,1.620528640268833163e-03,-2.632313535733100517e-03
2.294000000000000128e+01,1.954989418330810746e+00,1.610956602102222223e-03,-2.632313535733100517e-03
2.296000000000000085e+01,1.958625769368864233e+00,1.601384563935611283e-03,-2.632313535733100517e-03
2.298000000000000043e+01,1.962262120406917720e+00,1.591812525769000343e-03,-2.632313535733100517e-03
2.300000000000000000e+01,1.965898471444971207e+00,1.582240487602389403e-03,-2.632313535733100517e-03
2.301999999999999957e+01,1.969898457586830132e+00,1.571711245619117217e-03,-2.632313535733100517e-03
2.303999999999999915e+01,1.973898443728689056e+00,1.561182003635845032e-03,-2.632313535733100517e-03
2.305999999999999872e+01,1.977898429870547981e+00,1.550652761652572846e-03,-2.632313535733100517e-03
2.307999999999999829e+01,1.981898416012406905e+00,1.540123519669300660e-03,-2.632313535733100517e-03
2.310000000000000142e+01,1.985898402154265829e+00,1.529594277686028474e-03,-2.632313535733100517e-03
2.312000000000000099e+01,1.989534753192319316e+00,1.520022239519417534e-03,-2.632313535733100517e-03
2.314000000000000057e+01,1.993171104230372803e+00,1.510450201352806594e-03,-2.632313535733100517e-03
2.316000000000000014e+01,1.996807455268426290e+00,1.500878163186195654e-03,-2.632313535733100517e-03
2.317999999999999972e+01,2.000443806306479999e+00,1.491306125019584714e-03,-2.632313535733100517e-03
2.319999999999999929e+01,2.004080157344533486e+00,1.481734086852973774e-03,-2.632313535733100517e-03
2.321999999999999886e+01,2.008080143486392188e+00,1.471204844869701588e-03,-2.632313535733100517e-03
2.323999999999999844e+01,2.012080129628250891e+00,1.460675602886429402e-03,-2.632313535733100517e-03
2.326000000000000156e+01,2.016080115770109593e+00,1.450146360903157216e-03,-2.632313535733100517e-03
2.328000000000000114e+01,2.020080101911968296e+00,1.439617118919885030e-03,-2.632313535733100517e-03
2.330000000000000071e+01,2.024080088053826998e+00,1.429087876936612845e-03,-2.632313535733100517e-03
2.332000000000000028e+01,2.028080074195685700e+00,1.418558634953340659e-03,-2.632313535733100517e-03
2.333999999999999986e+01,2.032080060337544403e+00,1.408029392970068473e-03,-2.632313535733100517e-03
2.335999999999999943e+01,2.036080046479403105e+00,1.397500150986796287e-03,-2.632313535733100517e-03
2.337999999999999901e+01,2.040080032621261807e+00,1.386970909003524101e-03,-2.632313535733100517e-03
2.339999999999999858e+01,2.044080018763120510e+00,1.376441667020251915e-03,-2.632313535733100517e-03
2.342000000000000171e+01,2.047716369801173997e+00,1.366869628853640975e-03,-2.632313535733100517e-03
2.344000000000000128e+01,2.051352720839227484e+00,1.357297590687030035e-03,-2.632313535733100517e-03
2.346000000000000085e+01,2.054989071877280971e+00,1.347725552520419095e-03,-2.632313535733100517e-03
2.348000000000000043e+01,2.058625422915334457e+00,1.338153514353808155e-03,-2.632313535733100517e-03
2.350000000000000000e+01,2.062261773953387944e+00,1.328581476187197215e-03,-2.632313535733100517e-03
2.351999999999999957e+01,2.066261760095246647e+00,1.318052234203925029e-03,-2.632313535733100517e-03
2.353999999999999915e+01,2.070261746237105349e+00,1.307522992220652843e-03,-2.632313535733100517e-03
2.355999999999999872e+01,2.074261732378964052e+00,1.296993750237380658e-03,-2.632313535733100517e-03
2.357999999999999829e+01,2.078261718520822754e+00,1.286464508254108472e-03,-2.632313535733100517e-03
2.360000000000000142e+01,2.082261704662681456e+00,1.275935266270836286e-03,-2.632313535733100517e-03
2.362000000000000099e+01,2.086261692132551193e+00,1.265927761726969502e-03,-2.371443970515709453e-03
2.364000000000000057e+01,2.090261682076969052e+00,1.256963732504215534e-03,-2.110574405298319255e-03
2.366000000000000014e+01,2.094261674223723446e+00,1.249043179212012663e-03,-1.849704840080928408e-03
2.367999999999999972e+01,2.098261668300603677e+00,1.242166102390003220e-03,-1.588835274863537560e-03
2.369999999999999929e+01,2.102261664035398159e+00,1.236332502504628979e-03,-1.327965709646146495e-03
2.371999999999999886e+01,2.106261660508412792e+00,1.231020641227283064e-03,-1.327965709646146278e-03
2.373999999999999844e+01,2.110261656981427425e+00,1.225708779949937150e-03,-1.327965709646146061e-03
2.376000000000000156e+01,2.114261653454442058e+00,1.220396918672591235e-03,-1.327965709646145845e-03
2.378000000000000114e+01,2.118261649927456691e+00,1.215085057395245320e-03,-1.327965709646145628e-03
2.380000000000000071e+01,2.122261646400471324e+00,1.209773196117899406e-03,-1.327965709646145411e-03
2.382000000000000028e+01,2.126261642873485957e+00,1.204461334840553491e-03,-1.327965709646145194e-03
2.383999999999999986e+01,2.130261639346500591e+00,1.199149473563207577e-03,-1.327965709646144977e-03
2.385999999999999943e+01,2.134261635819515224e+00,1.193837612285861662e-03,-1.327965709646144760e-03
2.387999999999999901e+01,2.138261632292529857e+00,1.188525751008515747e-03,-1.327965709646144543e-03
2.389999999999999858e+01,2.142261628765544490e+00,1.183213889731169833e-03,-1.327965709646144327e-03
2.392000000000000171e+01,2.145897989195557631e+00,1.178384924933582618e-03,-1.327965709646144110e-03
2.394000000000000128e+01,2.149534349625570773e+00,1.173555960135995403e-03,-1.327965709646143893e-03
2.396000000000000085e+01,2.153170710055583914e+00,1.168726995338408188e-03,-1.327965709646143676e-03
2.398000000000000043e+01,2.156807070485597055e+00,1.163898030540820973e-03,-1.327965709646143459e-03
2.400000000000000000e+01,2.160443430915610197e+00,1.159069065743233758e-03,-1.327965709646143242e-03
2.401999999999999957e+01,2.164443427388624830e+00,1.153757204465887844e-03,-1.327965709646143026e-03
2.403999999999999915e+01,2.168443423861639463e+00,1.148445343188541929e-03,-1.327965709646142809e-03
2.405999999999999872e+01,2.172443420334654096e+00,1.143133481911196014e-03,-1.327965709646142592e-03
2.407999999999999829e+01,2.176443416807668729e+00,1.137821620633850100e-03,-1.327965709646142375e-03
2.410000000000000142e+01,2.180443413280683362e+00,1.132509759356504185e-03,-1.327965709646142158e-03
2.412000000000000099e+01,2.184443409753697996e+00,1.127197898079158270e-03,-1.327965709646141941e-03
2.414000000000000057e+01,2.188443406226712629e+00,1.121886036801812356e-03,-1.327965709646141725e-03
2.416000000000000014e+01,2.192443402699727262e+00,1.116574175524466441e-03,-1.327965709646141508e-03
2.417999999999999972e+01,2.196443399172741895e+00,1.111262314247120526e-03,-1.327965709646141291e-03
2.419999999999999929e+01,2.200443395645756528e+00,1.105950452969774612e-03,-1.327965709646141074e-03
2.421999999999999886e+01,2.204443392118771161e+00,1.100638591692428697e-03,-1.327965709646140857e-03
2.423999999999999844e+01,2.208443388591785794e+00,1.095326730415082783e-03,-1.327965709646140640e-03
2.426000000000000156e+01,2.212443385064800427e+00,1.090014869137736868e-03,-1.327965709646140424e-03
2.428000000000000114e+01,2.216443381537815061e+00,1.084703007860390953e-03,-1.327965709646140207e-03
2.430000000000000071e+01,2.220443378010829694e+00,1.079391146583045039e-03,-1.327965709646139990e-03
2.432000000000000028e+01,2.224443374483844327e+00,1.074079285305699124e-03,-1.327965709646139773e-03
2.433999999999999986e+01,2.228443370956858960e+00,1.068767424028353209e-03,-1.327965709646139556e-03
2.435999999999999943e+01,2.232443367429873593e+00,1.063455562751007295e-03,-1.327965709646139339e-03
2.437999999999999901e+01,2.236443363902888226e+00,1.058143701473661380e-03,-1.327965709646139122e-03
2.439999999999999858e+01,2.240443360375902859e+00,1.052831840196315465e-03,-1.327965709646138906e-03
2.442000000000000171e+01,2.244079720805916001e+00,1.048002875398728250e-03,-1.327965709646138689e-03
2.444000000000000128e+01,2.247716081235929142e+00,1.043173910601141036e-03,-1.327965709646138472e-03
2.446000000000000085e+01,2.251352441665942283e+00,1.038344945803553821e-03,-1.327965709646138255e-03
2.448000000000000043e+01,2.254988802095955425e+00,1.033515981005966606e-03,-1.327965709646138038e-03
2.450000000000000000e+01,2.258625162525968566e+00,1.028687016208379391e-03,-1.327965709646137821e-03
2.451999999999999957e+01,2.262625158998983199e+00,1.023375154931033476e-03,-1.327965709646137605e-03
2.453999999999999915e+01,2.266625155471997832e+00,1.018063293653687562e-03,-1.327965709646137388e-03
2.455999999999999872e+01,2.270625151945012465e+00,1.012751432376341647e-03,-1.327965709646137171e-03
2.457999999999999829e+01,2.274625148418027099e+00,1.007439571098995732e-03,-1.327965709646136954e-03
2.460000000000000142e+01,2.278625144891041732e+00,1.002127709821649818e-03,-1.327965709646136737e-03
2.462000000000000099e+01,2.282625141364056365e+00,9.968158485443039032e-04,-1.327965709646136520e-03
2.464000000000000057e+01,2.286625137837070998e+00,9.915039872669579885e-04,-1.327965709646136304e-03
2.466000000000000014e+01,2.290625134310085631e+00,9.861921259896120739e-04,-1.327965709646136087e-03
2.467999999999999972e+01,2.294625130783100264e+00,9.808802647122661592e-04,-1.327965709646135870e-03
2.469999999999999929e+01,2.298625127256114897e+00,9.755684034349202446e-04,-1.327965709646135653e-03
2.471999999999999886e+01,2.302625123729129530e+00,9.702565421575743299e-04,-1.327965709646135436e-03
2.473999999999999844e+01,2.306625120202144164e+00,9.649446808802284153e-04,-1.327965709646135219e-03
2.476000000000000156e+01,2.310625116675158797e+00,9.596328196028825006e-04,-1.327965709646135003e-03
2.478000000000000114e+01,2.314625113148173430e+00,9.543209583255365860e-04,-1.327965709646134786e-03
2.480000000000000071e+01,2.318625109621188063e+00,9.490090970481906713e-04,-1.327965709646134569e-03
2.482000000000000028e+01,2.322625106094202696e+00,9.436972357708447567e-04,-1.327965709646134352e-03
2.483999999999999986e+01,2.326625102567217329e+00,9.383853744934988420e-04,-1.327965709646134135e-03
2.485999999999999943e+01,2.330625099040231962e+00,9.330735132161529274e-04,-1.327965709646133918e-03
2.487999999999999901e+01,2.334625095513246595e+00,9.277616519388070127e-04,-1.327965709646133701e-03
2.489999999999999858e+01,2.338625091986261229e+00,9.224497906614610981e-04,-1.327965709646133485e-03
2.492000000000000171e+01,2.342261452416274370e+00,9.176208258638738832e-04,-1.327965709646133268e-03
2.494000000000000128e+01,2.345897812846287511e+00,9.127918610662866684e-04,-1.327965709646133051e-03
2.496000000000000085e+01,2.349534173276300653e+00,9.079628962686994535e-04,-1.327965709646132834e-03
2.498000000000000043e+01,2.353170533706313794e+00,9.031339314711122387e-04,-1.327965709646132617e-03
2.500000000000000000e+01,2.356806894136326935e+00,8.983049666735250238e-04,-1.327965709646132400e-03
2.501999999999999957e+01,2.360806890609341568e+00,8.929931053961791092e-04,-1.327965709646132184e-03
2.503999999999999915e+01,2.364806887082356202e+00,8.876812441188331945e-04,-1.327965709646131967e-03
2.505999999999999872e+01,2.368806883555370835e+00,8.823693828414872799e-04,-1.327965709646131750e-03
2.507999999999999829e+01,2.372806880028385468e+00,8.770575215641413652e-04,-1.327965709646131533e-03
2.510000000000000142e+01,2.376806876501400101e+00,8.717456602867954506e-04,-1.327965709646131316e-03
2.512000000000000099e+01,2.380806872974414734e+00,8.664337990094495359e-04,-1.327965709646131099e-03
2.514000000000000057e+01,2.384806869447429367e+00,8.611219377321036213e-04,-1.327965709646130883e-03
2.516000000000000014e+01,2.388806865920444000e+00,8.558100764547577066e-04,-1.327965709646130666e-03
2.517999999999999972e+01,2.392806862393458633e+00,8.504982151774117920e-04,-1.327965709646130449e-03
2.519999999999999929e+01,2.396806858866473267e+00,8.451863539000658773e-04,-1.327965709646130232e-03
2.521999999999999886e+01,2.400806855339487900e+00,8.398744926227199627e-04,-1.327965709646130015e-03
2.523999999999999844e+01,2.404806851812502533e+00,8.345626313453740480e-04,-1.327965709646129798e-03
2.526000000000000156e+01,2.408806848285517166e+00,8.292507700680281334e-04,-1.327965709646129581e-03
2.528000000000000114e+01,2.412806844758531799e+00,8.239389087906822187e-04,-1.327965709646129365e-03
2.530000000000000071e+01,2.416806841231546432e+00,8.186270475133363041e-04,-1.327965709646129148e-03
2.532000000000000028e+01,2.420806837704561065e+00,8.133151862359903894e-04,-1.327965709646128931e-03
2.533999999999999986e+01,2.424806834177575698e+00,8.080033249586444748e-04,-1.327965709646128714e-03
2.535999999999999943e+01,2.428806830650590332e+00,8.026914636812985601e-04,-1.327965709646128497e-03
2.537999999999999901e+01,2.432806827123604965e+00,7.973796024039526455e-04,-1.327965709646128280e-03
2.539999999999999858e+01,2.436806823596619598e+00,7.920677411266067308e-04,-1.327965709646128064e-03
2.542000000000000171e+01,2.440443184026632739e+00,7.872387763290195160e-04,-1.327965709646127847e-03
2.544000000000000128e+01,2.444079544456645881e+00,7.824098115314323011e-04,-1.327965709646127630e-03
2.546000000000000085e+01,2.447715904886659022e+00,7.775808467338450863e-04,-1.327965709646127413e-03
2.548000000000000043e+01,2.451352265316672163e+00,7.727518819362578714e-04,-1.327965709646127196e-03
2.550000000000000000e+01,2.454988625746685305e+00,7.679229171386706566e-04,-1.327965709646126979e-03
2.551999999999999957e+01,2.458988615146680878e+00,7.589588891355230271e-04,-3.154052666167867468e-03
2.553999999999999915e+01,2.462988581508423369e+00,7.426905516679805632e-04,-4.980139622689606221e-03
2.555999999999999872e+01,2.466988511493654279e+00,7.191179589845747133e-04,-6.806226579211345842e-03
2.557999999999999829e+01,2.470988391764236791e+00,6.882411896899733907e-04,-8.632313535733085463e-03
2.560000000000000142e+01,2.474988208982199289e+00,6.500603467457099919e-04,-1.045840049225482508e-02
2.562000000000000099e+01,2.478987961811475405e+00,6.056189666311861605e-04,-1.176274831834178171e-02
2.564000000000000057e+01,2.482987653271314876e+00,5.559605568933345980e-04,-1.306709614442873833e-02
2.566000000000000014e+01,2.486987276556950288e+00,5.010852020163230128e-04,-1.437144397051569322e-02
2.567999999999999972e+01,2.490986824863730575e+00,4.409929953613516318e-04,-1.567579179660265332e-02
2.569999999999999929e+01,2.494986291387132127e+00,3.756840391642699071e-04,-1.698013962268960994e-02
2.571999999999999886e+01,2.498622089510439626e+00,3.115698622303320932e-04,-1.828448744877656656e-02
2.573999999999999844e+01,2.502257800913750163e+00,2.427133958023944727e-04,-1.958883527486351625e-02
2.576000000000000156e+01,2.505893419411544087e+00,1.691147570272745200e-04,-2.089318310095047634e-02
2.578000000000000114e+01,2.509528938818460286e+00,9.077407112058116703e-05,-2.219753092703743297e-02
2.580000000000000071e+01,2.513164352949305513e+00,7.691471364548160610e-06,-2.350187875312439306e-02
2.582000000000000028e+01,2.517163185886042154e+00,-8.891533811557455862e-05,-2.480622657921134622e-02
2.583999999999999986e+01,2.521161889412279589e+00,-1.907379329847687204e-04,-2.611057440529829937e-02
2.585999999999999943e+01,2.525160456724931279e+00,-2.977761400103320802e-04,-2.741492223138526294e-02
2.587999999999999901e+01,2.529158881021142502e+00,-4.100297770855941288e-04,-2.871927005747221956e-02
2.589999999999999858e+01,2.533157155498302338e+00,-5.274986532305971608e-04,-3.002361788355918312e-02
2.592000000000000171e+01,2.536791837230665703e+00,-6.380813163679658739e-04,-3.080622657921135155e-02
2.594000000000000128e+01,2.540426431307005739e+00,-7.515084788805694374e-04,-3.158883527486353038e-02
2.596000000000000085e+01,2.544060935501220033e+00,-8.677800712963480191e-04,-3.237144397051570921e-02
2.598000000000000043e+01,2.547695347587260351e+00,-9.868960224016941254e-04,-3.315405266616787416e-02
2.600000000000000000e+01,2.551329665339135300e+00,-1.108856259240937172e-03,-3.393666136182003912e-02
2.601999999999999957e+01,2.555327308650088725e+00,-1.246141151903883658e-03,-3.471927005747221795e-02
2.603999999999999915e+01,2.559324843296471474e+00,-1.386554592622832229e-03,-3.550187875312438984e-02
2.605999999999999872e+01,2.563322266829887841e+00,-1.530096495397736392e-03,-3.628448744877656174e-02
2.607999999999999829e+01,2.567319576802010950e+00,-1.676766772312847462e-03,-3.706709614442873363e-02
2.610000000000000142e+01,2.571316770764582760e+00,-1.826565333536147098e-03,-3.784970484008090552e-02
2.612000000000000099e+01,2.575313846269416285e+00,-1.979492087319347296e-03,-3.863231353573307741e-02
2.614000000000000057e+01,2.579310800868397813e+00,-2.135546939998457863e-03,-3.941492223138524931e-02
2.616000000000000014e+01,2.583307632113486907e+00,-2.294729795993786202e-03,-4.019753092703742814e-02
2.617999999999999972e+01,2.587304337556719513e+00,-2.457040557809370921e-03,-4.098013962268961391e-02
2.619999999999999929e+01,2.591300914750207518e+00,-2.622479126033547790e-03,-4.176274831834177886e-02
2.621999999999999886e+01,2.594934047928330045e+00,-2.775721192674822802e-03,-4.254535701399395076e-02
2.623999999999999844e+01,2.598567060065286594e+00,-2.931806533715454553e-03,-4.332796570964612265e-02
2.626000000000000156e+01,2.602199948935943752e+00,-3.090735053556044852e-03,-4.411057440529829454e-02
2.628000000000000114e+01,2.605832712315242716e+00,-3.252506654857195440e-03,-4.489318310095045950e-02
2.630000000000000071e+01,2.609465347978201955e+00,-3.417121238537444965e-03,-4.567579179660264527e-02
2.632000000000000028e+01,2.613097853699918094e+00,-3.584578703773784632e-03,-4.645840049225479634e-02
2.633999999999999986e+01,2.616730227255567254e+00,-3.754878948003206006e-03,-4.724100918790696824e-02
2.635999999999999943e+01,2.620362466420406378e+00,-3.928021866920637130e-03,-4.802361788355914013e-02
2.637999999999999901e+01,2.623994568969775010e+00,-4.104007354479974681e-03,-4.880622657921131896e-02
2.639999999999999858e+01,2.627626532679096627e+00,-4.282835302894083540e-03,-4.958883527486348392e-02
2.642000000000000171e+01,2.630895173059400793e+00,-4.446338572661190369e-03,-5.037144397051565581e-02
2.644000000000000128e+01,2.634163684479654766e+00,-4.612399858480891943e-03,-5.115405266616783464e-02
2.646000000000000085e+01,2.637432064937972775e+00,-4.781019058644445270e-03,-5.193666136181999959e-02
2.648000000000000043e+01,2.640700312432549435e+00,-4.952196069876644256e-03,-5.271927005747217149e-02
2.650000000000000000e+01,2.643968424961660180e+00,-5.125930787335817966e-03,-5.350187875312434338e-02
2.651999999999999957e+01,2.647236400523663047e+00,-5.302223104612903415e-03,-5.428448744877650833e-02
2.653999999999999915e+01,2.650504237117000894e+00,-5.481072913733765761e-03,-5.506709614442868023e-02
2.655999999999999872e+01,2.653771932740200956e+00,-5.662480105156877247e-03,-5.584970484008085906e-02
2.657999999999999829e+01,2.657039485391876621e+00,-5.846444567774711047e-03,-5.663231353573302401e-02
2.660000000000000142e+01,2.660306893070729650e+00,-6.032966188913275497e-03,-5.741492223138520284e-02
2.662000000000000099e+01,2.663211124808347652e+00,-6.201036113730021976e-03,-5.819753092703738168e-02
2.664000000000000057e+01,2.666115224123608130e+00,-6.371378863857656873e-03,-5.898013962268955357e-02
2.666000000000000014e+01,2.669019189237818335e+00,-6.543994334964694896e-03,-5.976274831834171852e-02
2.667999999999999972e+01,2.671923018372368563e+00,-6.718882421328890853e-03,-6.054535701399389735e-02
2.669999999999999929e+01,2.674826709748732601e+00,-6.896043015835173588e-03,-6.132796570964607619e-02
2.671999999999999886e+01,2.677730261588467719e+00,-7.075476009976472587e-03,-6.211057440529824114e-02
2.673999999999999844e+01,2.680633672113217347e+00,-7.257181293854541963e-03,-6.289318310095041997e-02
2.676000000000000156e+01,2.683536939544711064e+00,-7.441158756179549333e-03,-6.367579179660261268e-02
2.678000000000000114e+01,2.686440062104766380e+00,-7.627408284269250084e-03,-6.445840049225477764e-02
2.680000000000000071e+01,2.689343038015289622e+00,-7.815929764050636233e-03,-6.524100918790694259e-02
2.682000000000000028e+01,2.691883012062902925e+00,-7.982873915557332778e-03,-6.602361788355913530e-02
2.683999999999999986e+01,2.694422854680747825e+00,-8.151805821512493264e-03,-6.680622657921131413e-02
2.685999999999999943e+01,2.696962564313230892e+00,-8.322725378450041706e-03,-6.758883527486349296e-02
2.687999999999999901e+01,2.699502139404840406e+00,-8.495632481685541637e-03,-6.837144397051567180e-02
2.689999999999999858e+01,2.702041578400146360e+00,-8.670527025316919489e-03,-6.915405266616783675e-02
2.692000000000000171e+01,2.704580879743802235e+00,-8.847408902226265234e-03,-6.993666136182001558e-02
2.694000000000000128e+01,2.707120041880546335e+00,-9.026278004076949274e-03,-7.071927005747218054e-02
2.696000000000000085e+01,2.709659063255201783e+00,-9.207134221316148198e-03,-7.150187875312437324e-02
2.698000000000000043e+01,2.712197942312678300e+00,-9.389977443173757113e-03,-7.228448744877655208e-02
2.700000000000000000e+01,2.714736677497972206e+00,-9.574807557662759136e-03,-7.306709614442873091e-02
2.701999999999999957e+01,2.717275315962218052e+00,-9.760962208645364638e-03,-7.332796570964612848e-02
2.703999999999999915e+01,2.719813905778000862e+00,-9.947779106799004012e-03,-7.358883527486352605e-02
2.705999999999999872e+01,2.722352446772561496e+00,-1.013525823940996870e-02,-7.384970484008092362e-02
2.707999999999999829e+01,2.724890938773145699e+00,-1.032339959372013428e-02,-7.411057440529830731e-02
2.710000000000000142e+01,2.727429381607000991e+00,-1.051220315692479382e-02,-7.437144397051571876e-02
2.712000000000000099e+01,2.729605104970922902e+00,-1.067516996100311907e-02,-7.515405266616789759e-02
2.714000000000000057e+01,2.731780700129330164e+00,-1.083983945502516380e-02,-7.593666136182007642e-02
2.716000000000000014e+01,2.733956165749722445e+00,-1.100621153813428552e-02,-7.671927005747225525e-02
2.717999999999999972e+01,2.736131500499678459e+00,-1.117428610843169620e-02,-7.750187875312443408e-02
2.719999999999999929e+01,2.738306703046856860e+00,-1.134406306297616046e-02,-7.828448744877661292e-02
2.721999999999999886e+01,2.740481816768042034e+00,-1.151497488652311434e-02,-7.854535701399401049e-02
2.723999999999999844e+01,2.742656885829523272e+00,-1.168645412521939798e-02,-7.880622657921140806e-02
2.726000000000000156e+01,2.744831910083280313e+00,-1.185850076739499402e-02,-7.906709614442880563e-02
2.728000000000000114e+01,2.747006889381296890e+00,-1.203111480134088501e-02,-7.932796570964620320e-02
2.730000000000000071e+01,2.749181823575559402e+00,-1.220429621531183943e-02,-7.958883527486361464e-02
2.732000000000000028e+01,2.751356712518056913e+00,-1.237804499751991340e-02,-7.984970484008101221e-02
2.733999999999999986e+01,2.753531556060781593e+00,-1.255236113614280682e-02,-8.011057440529840978e-02
2.735999999999999943e+01,2.755706354055729612e+00,-1.272724461931736169e-02,-8.037144397051580735e-02
2.737999999999999901e+01,2.757881106354898915e+00,-1.290269543514235145e-02,-8.063231353573320492e-02
2.739999999999999858e+01,2.760055812810291886e+00,-1.307871357167754781e-02,-8.089318310095058862e-02
2.742000000000000171e+01,2.761867991372398023e+00,-1.322634085331360343e-02,-8.167579179660279520e-02
2.744000000000000128e+01,2.763680053845163354e+00,-1.337538631629634801e-02,-8.245840049225496016e-02
2.746000000000000085e+01,2.765491999118742772e+00,-1.352584986933924246e-02,-8.324100918790713899e-02
2.748000000000000043e+01,2.767303826083362228e+00,-1.367773142028677613e-02,-8.402361788355930394e-02
2.750000000000000000e+01,2.769115533629320947e+00,-1.383103087611524742e-02,-8.480622657921149665e-02
2.751999999999999957e+01,2.770927160987469939e+00,-1.398527555325405382e-02,-8.506709614442889422e-02
2.753999999999999915e+01,2.772738748046234214e+00,-1.413999282358070937e-02,-8.532796570964627791e-02
2.755999999999999872e+01,2.774550294682330165e+00,-1.429518267656623015e-02,-8.558883527486371712e-02
2.757999999999999829e+01,2.776361800772476407e+00,-1.445084510164835676e-02,-8.584970484008110081e-02
2.760000000000000142e+01,2.778173266193395108e+00,-1.460698008823542796e-02,-8.611057440529849838e-02
2.762000000000000099e+01,2.779984690821810212e+00,-1.476358762570095969e-02,-8.637144397051590983e-02
2.764000000000000057e+01,2.781796074534449215e+00,-1.492066770338674499e-02,-8.663231353573327964e-02
2.766000000000000014e+01,2.783607417208041834e+00,-1.507822031060516987e-02,-8.689318310095069109e-02
2.767999999999999972e+01,2.785418718719321340e+00,-1.523624543663225535e-02,-8.715405266616808866e-02
2.769999999999999929e+01,2.787229978945023223e+00,-1.539474307071461538e-02,-8.741492223138548623e-02
2.771999999999999886e+01,2.789041197761886082e+00,-1.555371320206636737e-02,-8.767579179660289768e-02
2.773999999999999844e+01,2.790852375046650735e+00,-1.571315581986835325e-02,-8.793666136182029525e-02
2.776000000000000156e+01,2.792663510676061556e+00,-1.587307091327123942e-02,-8.819753092703770669e-02
2.778000000000000114e+01,2.794474604526865580e+00,-1.603345847139086774e-02,-8.845840049225509039e-02
2.780000000000000071e+01,2.796285656475812509e+00,-1.619431848331367996e-02,-8.871927005747248796e-02
2.782000000000000028e+01,2.797734430663342486e+00,-1.632376238970110680e-02,-8.950187875312465291e-02
2.783999999999999986e+01,2.799183103103286108e+00,-1.645434007960948353e-02,-9.028448744877685950e-02
2.785999999999999943e+01,2.800631672908366010e+00,-1.658605147306278435e-02,-9.106709614442902445e-02
2.787999999999999901e+01,2.802080139191367003e+00,-1.671889648939104550e-02,-9.184970484008121716e-02
2.789999999999999858e+01,2.803528501065137846e+00,-1.685287504722995586e-02,-9.263231353573338211e-02
2.792000000000000171e+01,2.804976792872778901e+00,-1.698760925691987500e-02,-9.289318310095077968e-02
2.794000000000000128e+01,2.806425049483085132e+00,-1.712272127727540103e-02,-9.315405266616817725e-02
2.796000000000000085e+01,2.807873270797498932e+00,-1.725821109910141357e-02,-9.341492223138556095e-02
2.798000000000000043e+01,2.809321456717464471e+00,-1.739407871317802737e-02,-9.367579179660300015e-02
2.800000000000000000e+01,2.810769607144428139e+00,-1.753032411025811851e-02,-9.393666136182041160e-02
2.801999999999999957e+01,2.812217721979839435e+00,-1.766694728106980861e-02,-9.419753092703779529e-02
2.803999999999999915e+01,2.813665801125149635e+00,-1.780394821631645086e-02,-9.445840049225519286e-02
2.805999999999999872e+01,2.815113844481812677e+00,-1.794132690667416333e-02,-9.471927005747259043e-02
2.807999999999999829e+01,2.816561851951285167e+00,-1.807908334279368159e-02,-9.498013962268996024e-02
2.810000000000000142e+01,2.818009823435025929e+00,-1.821721751530098674e-02,-9.524100918790737169e-02
2.812000000000000099e+01,2.819457758834496008e+00,-1.835572941479481426e-02,-9.550187875312476926e-02
2.814000000000000057e+01,2.820905658051159559e+00,-1.849461903184976275e-02,-9.576274831834216683e-02
2.816000000000000014e+01,2.822353520986482511e+00,-1.863388635701319213e-02,-9.602361788355953665e-02
2.817999999999999972e+01,2.823801347541933904e+00,-1.877353138080831846e-02,-9.628448744877694809e-02
2.819999999999999929e+01,2.825249137618984552e+00,-1.891355409373174021e-02,-9.654535701399434566e-02
2.821999999999999886e+01,2.826696891119107935e+00,-1.905395448625405927e-02,-9.680622657921175711e-02
2.823999999999999844e+01,2.828144607943780642e+00,-1.919473254882049160e-02,-9.706709614442914080e-02
2.826000000000000156e+01,2.829592287994481037e+00,-1.933588827185149517e-02,-9.732796570964651062e-02
2.828000000000000114e+01,2.831039931172690594e+00,-1.947742164574090690e-02,-9.758883527486393594e-02
2.830000000000000071e+01,2.832487537379892562e+00,-1.961933266085594957e-02,-9.784970484008131963e-02
2.832000000000000028e+01,2.833573214233152893e+00,-1.972604914586922886e-02,-9.811057440529871720e-02
2.833999999999999986e+01,2.834658863210389068e+00,-1.983304884729684969e-02,-9.837144397051611477e-02
2.835999999999999943e+01,2.835744484237718854e+00,-1.994033175785665454e-02,-9.863231353573351234e-02
2.837999999999999901e+01,2.836830077241263126e+00,-2.004789787024838579e-02,-9.889318310095088216e-02
2.839999999999999858e+01,2.837915642147143647e+00,-2.015574717715181569e-02,-9.915405266616829361e-02
2.842000000000000171e+01,2.839001178881484844e+00,-2.026387967122722164e-02,-9.941492223138569118e-02
2.844000000000000128e+01,2.840086687370412477e+00,-2.037229534511630566e-02,-9.967579179660308875e-02
2.846000000000000085e+01,2.841172167540054971e+00,-2.048099419144034511e-02,-9.993666136182051407e-02
2.848000000000000043e+01,2.842257619316542083e+00,-2.058997620280250684e-02,-1.001975309270379255e-01
2.850000000000000000e+01,2.843343042626005346e+00,-2.069924137178600146e-02,-1.004584004922553092e-01
2.851999999999999957e+01,2.844428437394578513e+00,-2.080878969095546066e-02,-1.007192700574727207e-01
2.853999999999999915e+01,2.845513803548397558e+00,-2.091862115285555296e-02,-1.009801396226901044e-01
2.855999999999999872e+01,2.846599141013600232e+00,-2.102873575001145204e-02,-1.012410091879075019e-01
2.857999999999999829e+01,2.847684449716325616e+00,-2.113913347493068598e-02,-1.015018787531249272e-01
2.860000000000000142e+01,2.848769729582715904e+00,-2.124981432009896351e-02,-1.017627483183423109e-01
2.862000000000000099e+01,2.849854980538914173e+00,-2.136077827798527756e-02,-1.020236178835597085e-01
2.864000000000000057e+01,2.850940202511066168e+00,-2.147202534103773153e-02,-1.022844874487771200e-01
2.866000000000000014e+01,2.852025395425319410e+00,-2.158355550168538847e-02,-1.025453570139945036e-01
2.867999999999999972e+01,2.853110559207822750e+00,-2.169536875233921136e-02,-1.028062265792119012e-01
2.869999999999999929e+01,2.854195693784728149e+00,-2.180746508538879830e-02,-1.030670961444292988e-01
2.871999999999999886e+01,2.855280799082188903e+00,-2.191984449320611567e-02,-1.033279657096466964e-01
2.873999999999999844e+01,2.856365875026360523e+00,-2.203250696814408258e-02,-1.035888352748640939e-01
2.876000000000000156e+01,2.857450921543400302e+00,-2.214545250253473554e-02,-1.038497048400814915e-01
2.878000000000000114e+01,2.858535938559467748e+00,-2.225868108869200057e-02,-1.041105744052988891e-01
2.880000000000000071e+01,2.859620926000724150e+00,-2.237219271891076680e-02,-1.043714439705162728e-01
2.882000000000000028e+01,2.860705883793333015e+00,-2.248598738546596018e-02,-1.046323135357336842e-01
2.883999999999999986e+01,2.861790811863459627e+00,-2.260006508061347674e-02,-1.048931831009510679e-01
2.885999999999999943e+01,2.862875710137271490e+00,-2.271442579659016872e-02,-1.051540526661684516e-01
2.887999999999999901e+01,2.863960578540938329e+00,-2.282906952561339353e-02,-1.054149222313858214e-01
2.889999999999999858e+01,2.865045417000631645e+00,-2.294399625988147520e-02,-1.056757917966032329e-01
2.892000000000000171e+01,2.866130225442524715e+00,-2.305920599157276762e-02,-1.059366613618206304e-01
2.894000000000000128e+01,2.867215003792793482e+00,-2.317469871284705968e-02,-1.061975309270380141e-01
2.896000000000000085e+01,2.868299751977615220e+00,-2.329047441584510339e-02,-1.064584004922554256e-01
2.898000000000000043e+01,2.869384469923169867e+00,-2.340653309268814902e-02,-1.067192700574728231e-01
2.900000000000000000e+01,2.870469157555639139e+00,-2.352287473547748364e-02,-1.069801396226902207e-01
2.901999999999999957e+01,2.871192262386017546e+00,-2.360062446935668953e-02,-1.072410091879076321e-01
2.903999999999999915e+01,2.871915346909252431e+00,-2.367856283663071285e-02,-1.075018787531250575e-01
2.905999999999999872e+01,2.872638411076135601e+00,-2.375668983199567472e-02,-1.077627483183424273e-01
2.907999999999999829e+01,2.873361454837460194e+00,-2.383500545013531383e-02,-1.080236178835598249e-01
2.910000000000000142e+01,2.874084478144021126e+00,-2.391350968571944596e-02,-1.082844874487772363e-01
2.912000000000000099e+01,2.874807480946614646e+00,-2.399220253340580977e-02,-1.085453570139946339e-01
2.914000000000000057e+01,2.875530463196038333e+00,-2.407108398783914735e-02,-1.088062265792120176e-01
2.916000000000000014e+01,2.876253424843091100e+00,-2.415015404365151303e-02,-1.090670961444294151e-01
2.917999999999999972e+01,2.876976365838573191e+00,-2.422941269546164539e-02,-1.093279657096468127e-01
2.919999999999999929e+01,2.876976365838573191e+00,-2.422941269546164539e-02,-1.085901396226902765e-01
2.921999999999999886e+01,2.876976365838573191e+00,-2.422941269546164539e-02,-1.078523135357337542e-01
2.923999999999999844e+01,2.876976365838573191e+00,-2.422941269546164539e-02,-1.071144874487772319e-01
2.926000000000000156e+01,2.876976365838573191e+00,-2.422941269546164539e-02,-1.063766613618207235e-01
2.928000000000000114e+01,2.876976365838573191e+00,-2.422941269546164539e-02,-1.056388352748641873e-01
2.930000000000000071e+01,2.876976365838573191e+00,-2.422941269546164539e-02,-1.038973200574728889e-01
2.932000000000000028e+01,2.876976365838573191e+00,-2.422941269546164539e-02,-1.021558048400816043e-01
2.933999999999999986e+01,2.876976365838573191e+00,-2.422941269546164539e-02,-1.004142896226902643e-01
2.935999999999999943e+01,2.876976365838573191e+00,-2.422941269546164539e-02,-9.867277440529895194e-02
2.937999999999999901e+01,2.876976365838573191e+00,-2.422941269546164539e-02,-9.693125918790766737e-02
2.939999999999999858e+01,2.876976365838573191e+00,-2.422941269546164539e-02,-9.418103639442940156e-02
2.942000000000000171e+01,2.876976365838573191e+00,-2.422941269546164539e-02,-9.143081360095114962e-02
2.944000000000000128e+01,2.876976365838573191e+00,-2.422941269546164539e-02,-8.868059080747285605e-02
2.946000000000000085e+01,2.876976365838573191e+00,-2.422941269546164539e-02,-8.593036801399459024e-02
2.948000000000000043e+01,2.876976365838573191e+00,-2.422941269546164539e-02,-8.318014522051633830e-02
2.950000000000000000e+01,2.876976365838573191e+00,-2.422941269546164539e-02,-7.941617131307067423e-02
2.951999999999999957e+01,2.876976365838573191e+00,-2.422941269546164539e-02,-7.565219740562503792e-02
2.953999999999999915e+01,2.876976365838573191e+00,-2.422941269546164539e-02,-7.188822349817938773e-02
2.955999999999999872e+01,2.876976365838573191e+00,-2.422941269546164539e-02,-6.812424959073373754e-02
2.957999999999999829e+01,2.876976365838573191e+00,-2.422941269546164539e-02,-6.436027568328808734e-02
2.960000000000000142e+01,2.876976365838573191e+00,-2.422941269546164539e-02,-6.436027568328808734e-02
2.962000000000000099e+01,2.876976365838573191e+00,-2.422941269546164539e-02,-6.436027568328808734e-02
2.964000000000000057e+01,2.876976365838573191e+00,-2.422941269546164539e-02,-6.436027568328808734e-02
2.966000000000000014e+01,2.876976365838573191e+00,-2.422941269546164539e-02,-6.436027568328808734e-02
2.967999999999999972e+01,2.876976365838573191e+00,-2.422941269546164539e-02,-6.436027568328808734e-02
2.969999999999999929e+01,2.876976365838573191e+00,-2.422941269546164539e-02,-6.436027568328808734e-02
2.971999999999999886e+01,2.876976365838573191e+00,-2.422941269546164539e-02,-6.436027568328808734e-02
2.973999999999999844e+01,2.876976365838573191e+00,-2.422941269546164539e-02,-6.436027568328808734e-02
2.976000000000000156e+01,2.876976365838573191e+00,-2.422941269546164539e-02,-6.336027568328811421e-02
2.978000000000000114e+01,2.876976365838573191e+00,-2.422941269546164539e-02,-6.236027568328809945e-02
2.980000000000000071e+01,2.876976365838573191e+00,-2.422941269546164539e-02,-6.136027568328809856e-02
2.982000000000000028e+01,2.876976365838573191e+00,-2.422941269546164539e-02,-6.036027568328809767e-02
2.983999999999999986e+01,2.876976365838573191e+00,-2.422941269546164539e-02,-5.936027568328811066e-02
2.985999999999999943e+01,2.876976365838573191e+00,-2.422941269546164539e-02,-5.735527568328811082e-02
2.987999999999999901e+01,2.876976365838573191e+00,-2.422941269546164539e-02,-5.535027568328810404e-02
2.989999999999999858e+01,2.876976365838573191e+00,-2.422941269546164539e-02,-5.334527568328809727e-02
2.992000000000000171e+01,2.876976365838573191e+00,-2.422941269546164539e-02,-5.134027568328810437e-02
2.994000000000000128e+01,2.876976365838573191e+00,-2.422941269546164539e-02,-4.933527568328809759e-02
2.996000000000000085e+01,2.876976365838573191e+00,-2.422941269546164539e-02,-4.632025068328810002e-02
2.998000000000000043e+01,2.876976365838573191e+00,-2.422941269546164539e-02,-4.330522568328810246e-02
3.000000000000000000e+01,2.876976365838573191e+00,-2.422941269546164539e-02,-4.029020068328810489e-02
3.001999999999999957e+01,2.876976365838573191e+00,-2.422941269546164539e-02,-3.727517568328811426e-02
3.003999999999999915e+01,2.876976365838573191e+00,-2.422941269546164539e-02,-3.426015068328810975e-02
3.005999999999999872e+01,2.876976365838573191e+00,-2.422941269546164539e-02,-3.023005055828810808e-02
3.007999999999999829e+01,2.876976365838573191e+00,-2.422941269546164539e-02,-2.619995043328811335e-02
3.010000000000000142e+01,2.876976365838573191e+00,-2.422941269546164539e-02,-2.216985030828811862e-02
3.012000000000000099e+01,2.876976365838573191e+00,-2.422941269546164539e-02,-1.813975018328811348e-02
3.014000000000000057e+01,2.876976365838573191e+00,-2.422941269546164539e-02,-1.410965005828812048e-02
3.016000000000000014e+01,2.876976365838573191e+00,-2.422941269546164539e-02,-9.059399432663116369e-03
3.017999999999999972e+01,2.876976365838573191e+00,-2.422941269546164539e-02,-4.009148807038117462e-03
3.019999999999999929e+01,2.876976365838573191e+00,-2.422941269546164539e-02,1.041101818586883396e-03
3.021999999999999886e+01,2.876976365838573191e+00,-2.422941269546164539e-02,6.091352444211883821e-03
3.023999999999999844e+01,2.876976365838573191e+00,-2.422941269546164539e-02,1.114160306983688446e-02
3.026000000000000156e+01,2.876976365838573191e+00,-2.422941269546164539e-02,1.714160306983688112e-02
3.028000000000000114e+01,2.876976365838573191e+00,-2.422941269546164539e-02,2.314160306983688298e-02
3.030000000000000071e+01,2.876976365838573191e+00,-2.422941269546164539e-02,2.914160306983688137e-02
3.032000000000000028e+01,2.876976365838573191e+00,-2.422941269546164539e-02,3.514160306983687976e-02
3.033999999999999986e+01,2.876976365838573191e+00,-2.422941269546164539e-02,4.114160306983688509e-02
3.035999999999999943e+01,2.876976365838573191e+00,-2.422941269546164539e-02,4.714160306983687654e-02
3.037999999999999901e+01,2.876976365838573191e+00,-2.422941269546164539e-02,5.314160306983687493e-02
3.039999999999999858e+01,2.876976365838573191e+00,-2.422941269546164539e-02,5.914160306983688720e-02
3.042000000000000171e+01,2.876976365838573191e+00,-2.422941269546164539e-02,6.514160306983686477e-02
3.044000000000000128e+01,2.876976365838573191e+00,-2.422941269546164539e-02,7.114160306983685622e-02
3.046000000000000085e+01,2.876976365838573191e+00,-2.422941269546164539e-02,7.714160306983687543e-02
3.048000000000000043e+01,2.876976365838573191e+00,-2.422941269546164539e-02,8.314160306983688076e-02
3.050000000000000000e+01,2.876976365838573191e+00,-2.422941269546164539e-02,8.914160306983688609e-02
3.051999999999999957e+01,2.876976365838573191e+00,-2.422941269546164539e-02,9.514160306983687754e-02
3.053999999999999915e+01,2.876976365838573191e+00,-2.422941269546164539e-02,1.011416030698368967e-01
3.055999999999999872e+01,2.876976365838573191e+00,-2.422941269546164539e-02,1.071416030698369021e-01
3.057999999999999829e+01,2.876976365838573191e+00,-2.422941269546164539e-02,1.131416030698369352e-01
3.060000000000000142e+01,2.876976365838573191e+00,-2.422941269546164539e-02,1.191416030698369544e-01
3.062000000000000099e+01,2.876976365838573191e+00,-2.422941269546164539e-02,1.251416030698369319e-01
3.064000000000000057e+01,2.876976365838573191e+00,-2.422941269546164539e-02,1.311416030698369095e-01
3.066000000000000014e+01,2.876976365838573191e+00,-2.422941269546164539e-02,1.371416030698369426e-01
3.067999999999999972e+01,2.876976365838573191e+00,-2.422941269546164539e-02,1.431416030698369479e-01
3.069999999999999929e+01,2.876976365838573191e+00,-2.422941269546164539e-02,1.491416030698369533e-01
3.071999999999999886e+01,2.876976365838573191e+00,-2.422941269546164539e-02,1.551416030698369308e-01
3.073999999999999844e+01,2.876976365838573191e+00,-2.422941269546164539e-02,1.611416030698370194e-01
3.076000000000000156e+01,2.876976365838573191e+00,-2.422941269546164539e-02,1.671416030698369970e-01
3.078000000000000114e+01,2.876976365838573191e+00,-2.422941269546164539e-02,1.731416030698370023e-01
3.080000000000000071e+01,2.876976365838573191e+00,-2.422941269546164539e-02,1.791416030698370632e-01
3.082000000000000028e+01,2.876976365838573191e+00,-2.422941269546164539e-02,1.851416030698370130e-01
3.083999999999999986e+01,2.876976365838573191e+00,-2.422941269546164539e-02,1.911416030698370183e-01
3.085999999999999943e+01,2.876976365838573191e+00,-2.422941269546164539e-02,1.971416030698370236e-01
3.087999999999999901e+01,2.876976365838573191e+00,-2.422941269546164539e-02,2.031416030698370290e-01
3.089999999999999858e+01,2.876976365838573191e+00,-2.422941269546164539e-02,2.091416030698370065e-01
3.092000000000000171e+01,2.876976365838573191e+00,-2.422941269546164539e-02,2.151416030698370119e-01
3.094000000000000128e+01,2.876976365838573191e+00,-2.422941269546164539e-02,2.211416030698370172e-01
3.096000000000000085e+01,2.876976365838573191e+00,-2.422941269546164539e-02,2.271416030698370225e-01
3.098000000000000043e+01,2.876976365838573191e+00,-2.422941269546164539e-02,2.331416030698370279e-01
3.100000000000000000e+01,2.876976365838573191e+00,-2.422941269546164539e-02,2.391416030698370332e-01
3.101999999999999957e+01,2.876976365838573191e+00,-2.422941269546164539e-02,2.451416030698370108e-01
3.103999999999999915e+01,2.876976365838573191e+00,-2.422941269546164539e-02,2.511416030698370161e-01
3.105999999999999872e+01,2.876976365838573191e+00,-2.422941269546164539e-02,2.571416030698370214e-01
3.107999999999999829e+01,2.876976365838573191e+00,-2.422941269546164539e-02,2.631416030698370268e-01
3.110000000000000142e+01,2.876976365838573191e+00,-2.422941269546164539e-02,2.691416030698369766e-01
3.112000000000000099e+01,2.876976365838573191e+00,-2.422941269546164539e-02,2.751416030698370374e-01
3.114000000000000057e+01,2.876976365838573191e+00,-2.422941269546164539e-02,2.811416030698370427e-01
3.116000000000000014e+01,2.876976365838573191e+00,-2.422941269546164539e-02,2.871416030698369370e-01
3.117999999999999972e+01,2.876976365838573191e+00,-2.422941269546164539e-02,2.931416030698369424e-01
3.119999999999999929e+01,2.876976365838573191e+00,-2.422941269546164539e-02,2.991416030698370587e-01
3.121999999999999886e+01,2.876976365838573191e+00,-2.422941269546164539e-02,3.051416030698370085e-01
3.123999999999999844e+01,2.876976365838573191e+00,-2.422941269546164539e-02,3.111416030698369029e-01
3.126000000000000156e+01,2.876976365838573191e+00,-2.422941269546164539e-02,3.171416030698369637e-01
3.128000000000000114e+01,2.876976365838573191e+00,-2.422941269546164539e-02,3.231416030698369690e-01
3.130000000000000071e+01,2.876976365838573191e+00,-2.422941269546164539e-02,3.291416030698369743e-01
3.132000000000000028e+01,2.876976365838573191e+00,-2.422941269546164539e-02,3.351416030698369797e-01
3.133999999999999986e+01,2.876976365838573191e+00,-2.422941269546164539e-02,3.411416030698369295e-01
3.135999999999999943e+01,2.876976365838573191e+00,-2.422941269546164539e-02,3.471416030698369903e-01
3.137999999999999901e+01,2.876976365838573191e+00,-2.422941269546164539e-02,3.531416030698369957e-01
3.139999999999999858e+01,2.876976365838573191e+00,-2.422941269546164539e-02,3.591416030698370010e-01
3.142000000000000171e+01,2.876976365838573191e+00,-2.422941269546164539e-02,3.651416030698370063e-01
3.144000000000000128e+01,2.876976365838573191e+00,-2.422941269546164539e-02,3.711416030698370117e-01
3.146000000000000085e+01,2.876976365838573191e+00,-2.422941269546164539e-02,3.771416030698370725e-01
3.148000000000000043e+01,2.876976365838573191e+00,-2.422941269546164539e-02,3.831416030698371333e-01
3.150000000000000000e+01,2.876976365838573191e+00,-2.422941269546164539e-02,3.891416030698369721e-01
3.151999999999999957e+01,2.876976365838573191e+00,-2.422941269546164539e-02,3.951416030698370885e-01
3.153999999999999915e+01,2.876976365838573191e+00,-2.422941269546164539e-02,4.011416030698370383e-01
3.155999999999999872e+01,2.876976365838573191e+00,-2.422941269546164539e-02,4.071416030698370991e-01
3.157999999999999829e+01,2.876976365838573191e+00,-2.422941269546164539e-02,4.131416030698370490e-01
3.160000000000000142e+01,2.876976365838573191e+00,-2.422941269546164539e-02,4.191416030698370543e-01
3.162000000000000099e+01,2.876976365838573191e+00,-2.422941269546164539e-02,4.251416030698370596e-01
3.164000000000000057e+01,2.876976365838573191e+00,-2.422941269546164539e-02,4.311416030698370649e-01
3.166000000000000014e+01,2.876976365838573191e+00,-2.422941269546164539e-02,4.371416030698370703e-01
3.167999999999999972e+01,2.876976365838573191e+00,-2.422941269546164539e-02,4.431416030698370756e-01
3.169999999999999929e+01,2.876976365838573191e+00,-2.422941269546164539e-02,4.491416030698370809e-01
3.171999999999999886e+01,2.876976365838573191e+00,-2.422941269546164539e-02,4.551416030698371418e-01
3.173999999999999844e+01,2.876976365838573191e+00,-2.422941269546164539e-02,4.611416030698370916e-01
3.176000000000000156e+01,2.876976365838573191e+00,-2.422941269546164539e-02,4.671416030698371524e-01
3.178000000000000114e+01,2.876976365838573191e+00,-2.422941269546164539e-02,4.731416030698371022e-01
3.180000000000000071e+01,2.876976365838573191e+00,-2.422941269546164539e-02,4.791416030698371076e-01
3.182000000000000028e+01,2.876976365838573191e+00,-2.422941269546164539e-02,4.851416030698371129e-01
3.183999999999999986e+01,2.876976365838573191e+00,-2.422941269546164539e-02,4.911416030698370627e-01
3.185999999999999943e+01,2.876976365838573191e+00,-2.422941269546164539e-02,4.971416030698371236e-01
3.187999999999999901e+01,2.876976365838573191e+00,-2.422941269546164539e-02,5.031416030698371289e-01
3.189999999999999858e+01,2.876976365838573191e+00,-2.422941269546164539e-02,5.091416030698371342e-01
3.192000000000000171e+01,2.876976365838573191e+00,-2.422941269546164539e-02,5.151416030698371396e-01
3.194000000000000128e+01,2.876976365838573191e+00,-2.422941269546164539e-02,5.211416030698371449e-01
3.196000000000000085e+01,2.876976365838573191e+00,-2.422941269546164539e-02,5.271416030698370392e-01
3.198000000000000043e+01,2.876976365838573191e+00,-2.422941269546164539e-02,5.331416030698371555e-01
3.200000000000000000e+01,2.876976365838573191e+00,-2.422941269546164539e-02,5.391416030698371609e-01
3.202000000000000313e+01,2.876976365838573191e+00,-2.422941269546164539e-02,5.451416030698372772e-01
3.203999999999999915e+01,2.876976365838573191e+00,-2.422941269546164539e-02,5.511416030698371715e-01
3.206000000000000227e+01,2.876976365838573191e+00,-2.422941269546164539e-02,5.571416030698371769e-01
3.207999999999999829e+01,2.876976365838573191e+00,-2.422941269546164539e-02,5.631416030698372932e-01
3.210000000000000142e+01,2.876976365838573191e+00,-2.422941269546164539e-02,5.691416030698371875e-01
3.211999999999999744e+01,2.876976365838573191e+00,-2.422941269546164539e-02,5.751416030698371928e-01
3.214000000000000057e+01,2.876976365838573191e+00,-2.422941269546164539e-02,5.811416030698373092e-01
3.215999999999999659e+01,2.876976365838573191e+00,-2.422941269546164539e-02,5.871416030698372035e-01
3.217999999999999972e+01,2.876976365838573191e+00,-2.422941269546164539e-02,5.931416030698372088e-01
3.220000000000000284e+01,2.876976365838573191e+00,-2.422941269546164539e-02,5.991416030698372142e-01
3.221999999999999886e+01,2.876976365838573191e+00,-2.422941269546164539e-02,6.051416030698372195e-01
3.224000000000000199e+01,2.876976365838573191e+00,-2.422941269546164539e-02,6.111416030698373358e-01
3.225999999999999801e+01,2.876976365838573191e+00,-2.422941269546164539e-02,6.171416030698372301e-01
3.228000000000000114e+01,2.876976365838573191e+00,-2.422941269546164539e-02,6.231416030698372355e-01
3.229999999999999716e+01,2.876976365838573191e+00,-2.422941269546164539e-02,6.291416030698373518e-01
3.232000000000000028e+01,2.876976365838573191e+00,-2.422941269546164539e-02,6.351416030698373572e-01
3.234000000000000341e+01,2.876976365838573191e+00,-2.422941269546164539e-02,6.411416030698373625e-01
3.235999999999999943e+01,2.876976365838573191e+00,-2.422941269546164539e-02,6.471416030698373678e-01
3.238000000000000256e+01,2.876976365838573191e+00,-2.422941269546164539e-02,6.531416030698372621e-01
3.239999999999999858e+01,2.876976365838573191e+00,-2.422941269546164539e-02,6.591416030698373785e-01
3.242000000000000171e+01,2.876976365838573191e+00,-2.422941269546164539e-02,6.651416030698373838e-01
3.243999999999999773e+01,2.876976365838573191e+00,-2.422941269546164539e-02,6.711416030698372781e-01
3.246000000000000085e+01,2.876976365838573191e+00,-2.422941269546164539e-02,6.771416030698372834e-01
3.247999999999999687e+01,2.876976365838573191e+00,-2.422941269546164539e-02,6.831416030698372888e-01
3.250000000000000000e+01,2.876976365838573191e+00,-2.422941269546164539e-02,6.891416030698372941e-01
3.252000000000000313e+01,2.876976365838573191e+00,-2.422941269546164539e-02,6.951416030698372994e-01
3.253999999999999915e+01,2.876976365838573191e+00,-2.422941269546164539e-02,7.011416030698373048e-01
3.256000000000000227e+01,2.876976365838573191e+00,-2.422941269546164539e-02,7.071416030698373101e-01
3.257999999999999829e+01,2.876976365838573191e+00,-2.422941269546164539e-02,7.131416030698373154e-01
3.260000000000000142e+01,2.876976365838573191e+00,-2.422941269546164539e-02,7.191416030698373207e-01
3.261999999999999744e+01,2.876976365838573191e+00,-2.422941269546164539e-02,7.251416030698373261e-01
3.264000000000000057e+01,2.876976365838573191e+00,-2.422941269546164539e-02,7.311416030698372204e-01
3.265999999999999659e+01,2.876976365838573191e+00,-2.422941269546164539e-02,7.371416030698373367e-01
3.267999999999999972e+01,2.876976365838573191e+00,-2.422941269546164539e-02,7.431416030698372310e-01
3.270000000000000284e+01,2.876976365838573191e+00,-2.422941269546164539e-02,7.491416030698373474e-01
3.271999999999999886e+01,2.876976365838573191e+00,-2.422941269546164539e-02,7.551416030698372417e-01
3.274000000000000199e+01,2.876976365838573191e+00,-2.422941269546164539e-02,7.611416030698373580e-01
3.275999999999999801e+01,2.876976365838573191e+00,-2.422941269546164539e-02,7.671416030698373634e-01
3.278000000000000114e+01,2.876976365838573191e+00,-2.422941269546164539e-02,7.731416030698373687e-01
3.279999999999999716e+01,2.876976365838573191e+00,-2.422941269546164539e-02,7.791416030698373740e-01
3.282000000000000028e+01,2.876976365838573191e+00,-2.422941269546164539e-02,7.851416030698373794e-01
3.284000000000000341e+01,2.876976365838573191e+00,-2.422941269546164539e-02,7.911416030698373847e-01
3.285999999999999943e+01,2.876976365838573191e+00,-2.422941269546164539e-02,7.971416030698373900e-01
3.288000000000000256e+01,2.876976365838573191e+00,-2.422941269546164539e-02,8.031416030698375064e-01
3.289999999999999858e+01,2.876976365838573191e+00,-2.422941269546164539e-02,8.091416030698374007e-01
3.292000000000000171e+01,2.876976365838573191e+00,-2.422941269546164539e-02,8.151416030698374060e-01
3.293999999999999773e+01,2.876976365838573191e+00,-2.422941269546164539e-02,8.211416030698374113e-01
3.296000000000000085e+01,2.876976365838573191e+00,-2.422941269546164539e-02,8.271416030698375277e-01
3.297999999999999687e+01,2.876976365838573191e+00,-2.422941269546164539e-02,8.331416030698374220e-01
3.300000000000000000e+01,2.876976365838573191e+00,-2.422941269546164539e-02,8.391416030698373163e-01
3.302000000000000313e+01,2.876976365838573191e+00,-2.422941269546164539e-02,8.451416030698373216e-01
3.303999999999999915e+01,2.876976365838573191e+00,-2.422941269546164539e-02,8.511416030698372159e-01
3.306000000000000227e+01,2.876976365838573191e+00,-2.422941269546164539e-02,8.571416030698373323e-01
3.307999999999999829e+01,2.876976365838573191e+00,-2.422941269546164539e-02,8.631416030698373376e-01
3.310000000000000142e+01,2.876976365838573191e+00,-2.422941269546164539e-02,8.691416030698374540e-01
3.311999999999999744e+01,2.876976365838573191e+00,-2.422941269546164539e-02,8.751416030698373483e-01
3.314000000000000057e+01,2.876976365838573191e+00,-2.422941269546164539e-02,8.811416030698372426e-01
3.315999999999999659e+01,2.876976365838573191e+00,-2.422941269546164539e-02,8.871416030698374700e-01
3.317999999999999972e+01,2.876976365838573191e+00,-2.422941269546164539e-02,8.931416030698374753e-01
3.320000000000000284e+01,2.876976365838573191e+00,-2.422941269546164539e-02,8.991416030698374806e-01
3.321999999999999886e+01,2.876976365838573191e+00,-2.422941269546164539e-02,9.051416030698375970e-01
3.324000000000000199e+01,2.876976365838573191e+00,-2.422941269546164539e-02,9.111416030698373802e-01
3.325999999999999801e+01,2.876976365838573191e+00,-2.422941269546164539e-02,9.171416030698374966e-01
3.328000000000000114e+01,2.876976365838573191e+00,-2.422941269546164539e-02,9.231416030698375019e-01
3.329999999999999716e+01,2.876976365838573191e+00,-2.422941269546164539e-02,9.291416030698375073e-01
3.332000000000000028e+01,2.876976365838573191e+00,-2.422941269546164539e-02,9.351416030698374016e-01
3.334000000000000341e+01,2.876976365838573191e+00,-2.422941269546164539e-02,9.411416030698374069e-01
3.335999999999999943e+01,2.876976365838573191e+00,-2.422941269546164539e-02,9.471416030698375232e-01
3.338000000000000256e+01,2.876976365838573191e+00,-2.422941269546164539e-02,9.531416030698376396e-01
3.339999999999999858e+01,2.876976365838573191e+00,-2.422941269546164539e-02,9.591416030698376449e-01
3.342000000000000171e+01,2.876976365838573191e+00,-2.422941269546164539e-02,9.651416030698376503e-01
3.343999999999999773e+01,2.876976365838573191e+00,-2.422941269546164539e-02,9.711416030698375446e-01
3.346000000000000085e+01,2.876976365838573191e+00,-2.422941269546164539e-02,9.771416030698376609e-01
3.347999999999999687e+01,2.876976365838573191e+00,-2.422941269546164539e-02,9.831416030698376662e-01
3.350000000000000000e+01,2.876976365838573191e+00,-2.422941269546164539e-02,9.891416030698377826e-01
3.352000000000000313e+01,2.876976365838573191e+00,-2.422941269546164539e-02,9.951416030698375659e-01
3.353999999999999915e+01,2.876976365838573191e+00,-2.422941269546164539e-02,1.001141603069837460e+00
3.356000000000000227e+01,2.876976365838573191e+00,-2.422941269546164539e-02,1.007141603069837466e+00
3.357999999999999829e+01,2.876976365838573191e+00,-2.422941269546164539e-02,1.013141603069837471e+00
3.360000000000000142e+01,2.876976365838573191e+00,-2.422941269546164539e-02,1.019141603069837476e+00
3.361999999999999744e+01,2.876976365838573191e+00,-2.422941269546164539e-02,1.025141603069837481e+00
3.364000000000000057e+01,2.876976365838573191e+00,-2.422941269546164539e-02,1.031141603069837487e+00
3.365999999999999659e+01,2.876976365838573191e+00,-2.422941269546164539e-02,1.037141603069837492e+00
3.367999999999999972e+01,2.876976365838573191e+00,-2.422941269546164539e-02,1.043141603069837497e+00
3.370000000000000284e+01,2.876976365838573191e+00,-2.422941269546164539e-02,1.049141603069837503e+00
3.371999999999999886e+01,2.876976365838573191e+00,-2.422941269546164539e-02,1.055141603069837508e+00
3.374000000000000199e+01,2.876976365838573191e+00,-2.422941269546164539e-02,1.061141603069837513e+00
3.375999999999999801e+01,2.876976365838573191e+00,-2.422941269546164539e-02,1.067141603069837519e+00
3.378000000000000114e+01,2.876976365838573191e+00,-2.422941269546164539e-02,1.073141603069837524e+00
3.379999999999999716e+01,2.876976365838573191e+00,-2.422941269546164539e-02,1.079141603069837529e+00
3.382000000000000028e+01,2.876976365838573191e+00,-2.422941269546164539e-02,1.085141603069837535e+00
3.384000000000000341e+01,2.876976365838573191e+00,-2.422941269546164539e-02,1.091141603069837762e+00
3.385999999999999943e+01,2.876976365838573191e+00,-2.422941269546164539e-02,1.097141603069837545e+00
3.388000000000000256e+01,2.876976365838573191e+00,-2.422941269546164539e-02,1.103141603069837551e+00
3.389999999999999858e+01,2.876976365838573191e+00,-2.422941269546164539e-02,1.109141603069837556e+00
3.392000000000000171e+01,2.876976365838573191e+00,-2.422941269546164539e-02,1.115141603069837561e+00
3.393999999999999773e+01,2.876976365838573191e+00,-2.422941269546164539e-02,1.121141603069837567e+00
3.396000000000000085e+01,2.876976365838573191e+00,-2.422941269546164539e-02,1.127141603069837794e+00
3.397999999999999687e+01,2.876976365838573191e+00,-2.422941269546164539e-02,1.133141603069837577e+00
3.400000000000000000e+01,2.876976365838573191e+00,-2.422941269546164539e-02,1.139141603069837583e+00
3.402000000000000313e+01,2.876976365838573191e+00,-2.422941269546164539e-02,1.145141603069837588e+00
3.403999999999999915e+01,2.876976365838573191e+00,-2.422941269546164539e-02,1.151141603069837593e+00
3.406000000000000227e+01,2.876976365838573191e+00,-2.422941269546164539e-02,1.157141603069837599e+00
3.407999999999999829e+01,2.876976365838573191e+00,-2.422941269546164539e-02,1.163141603069837604e+00
3.410000000000000142e+01,2.876976365838573191e+00,-2.422941269546164539e-02,1.169141603069837609e+00
3.411999999999999744e+01,2.876976365838573191e+00,-2.422941269546164539e-02,1.175141603069837615e+00
3.414000000000000057e+01,2.876976365838573191e+00,-2.422941269546164539e-02,1.181141603069837842e+00
3.415999999999999659e+01,2.876976365838573191e+00,-2.422941269546164539e-02,1.187141603069837625e+00
3.417999999999999972e+01,2.876976365838573191e+00,-2.422941269546164539e-02,1.193141603069837631e+00
3.420000000000000284e+01,2.876976365838573191e+00,-2.422941269546164539e-02,1.199141603069837636e+00
3.421999999999999886e+01,2.876976365838573191e+00,-2.422941269546164539e-02,1.205141603069837863e+00
3.424000000000000199e+01,2.876976365838573191e+00,-2.422941269546164539e-02,1.211141603069837647e+00
3.425999999999999801e+01,2.876976365838573191e+00,-2.422941269546164539e-02,1.217141603069837652e+00
3.428000000000000114e+01,2.876976365838573191e+00,-2.422941269546164539e-02,1.223141603069837435e+00
3.429999999999999716e+01,2.876976365838573191e+00,-2.422941269546164539e-02,1.229141603069837663e+00
3.432000000000000028e+01,2.876976365838573191e+00,-2.422941269546164539e-02,1.235141603069837446e+00
3.434000000000000341e+01,2.876976365838573191e+00,-2.422941269546164539e-02,1.241141603069837895e+00
3.435999999999999943e+01,2.876976365838573191e+00,-2.422941269546164539e-02,1.247141603069837679e+00
3.438000000000000256e+01,2.876976365838573191e+00,-2.422941269546164539e-02,1.253141603069837462e+00
3.439999999999999858e+01,2.876976365838573191e+00,-2.422941269546164539e-02,1.259141603069837689e+00
3.442000000000000171e+01,2.876976365838573191e+00,-2.422941269546164539e-02,1.265141603069837695e+00
3.443999999999999773e+01,2.876976365838573191e+00,-2.422941269546164539e-02,1.271141603069837700e+00
3.446000000000000085e+01,2.876976365838573191e+00,-2.422941269546164539e-02,1.277141603069837705e+00
3.447999999999999687e+01,2.876976365838573191e+00,-2.422941269546164539e-02,1.283141603069837711e+00
3.450000000000000000e+01,2.876976365838573191e+00,-2.422941269546164539e-02,1.289141603069837716e+00
3.452000000000000313e+01,2.876976365838573191e+00,-2.422941269546164539e-02,1.295141603069837721e+00
3.453999999999999915e+01,2.876976365838573191e+00,-2.422941269546164539e-02,1.301141603069837949e+00
3.456000000000000227e+01,2.876976365838573191e+00,-2.422941269546164539e-02,1.307141603069837732e+00
3.457999999999999829e+01,2.876976365838573191e+00,-2.422941269546164539e-02,1.313141603069837737e+00
3.460000000000000142e+01,2.876976365838573191e+00,-2.422941269546164539e-02,1.319141603069837743e+00
3.461999999999999744e+01,2.876976365838573191e+00,-2.422941269546164539e-02,1.325141603069837748e+00
3.464000000000000057e+01,2.876976365838573191e+00,-2.422941269546164539e-02,1.331141603069837975e+00
3.465999999999999659e+01,2.876976365838573191e+00,-2.422941269546164539e-02,1.337141603069837759e+00
3.467999999999999972e+01,2.876976365838573191e+00,-2.422941269546164539e-02,1.343141603069837542e+00
3.470000000000000284e+01,2.876976365838573191e+00,-2.422941269546164539e-02,1.349141603069837991e+00
3.471999999999999886e+01,2.876976365838573191e+00,-2.422941269546164539e-02,1.355141603069837997e+00
3.474000000000000199e+01,2.876976365838573191e+00,-2.422941269546164539e-02,1.361141603069837558e+00
3.475999999999999801e+01,2.876976365838573191e+00,-2.422941269546164539e-02,1.367141603069837785e+00
3.478000000000000114e+01,2.876976365838573191e+00,-2.422941269546164539e-02,1.373141603069837791e+00
3.479999999999999716e+01,2.876976365838573191e+00,-2.422941269546164539e-02,1.379141603069837796e+00
3.482000000000000028e+01,2.876976365838573191e+00,-2.422941269546164539e-02,1.385141603069838023e+00
3.484000000000000341e+01,2.876976365838573191e+00,-2.422941269546164539e-02,1.391141603069837807e+00
3.485999999999999943e+01,2.877564108756364814e+00,-2.100989423955759716e-02,1.389315516113316162e+00
3.488000000000000256e+01,2.878157729811605670e+00,-1.779145442062433566e-02,1.387489429156794518e+00
3.489999999999999858e+01,2.878757227024812071e+00,-1.457410397084755310e-02,1.385663342200272874e+00
3.492000000000000171e+01,2.879362598396904449e+00,-1.135785361878044637e-02,1.383837255243751230e+00
3.493999999999999773e+01,2.879973841909215793e+00,-8.142714089307811695e-03,1.382011168287229586e+00
3.496000000000000085e+01,2.880715790589422287e+00,-4.212130680589069170e-03,1.386445950895925261e+00
3.497999999999999687e+01,2.881440300747772909e+00,-2.782955534641291459e-04,1.390880733504620936e+00
3.500000000000000000e+01,2.882147358135134674e+00,3.658713924290816696e-03,1.395315516113316612e+00
3.502000000000000313e+01,2.882836948845622693e+00,7.598820322468837277e-03,1.399750298722012287e+00
3.503999999999999915e+01,2.883509059316874179e+00,1.154194614995505963e-02,1.404185081330707963e+00
3.506000000000000227e+01,2.884171910711823994e+00,1.548664232804874454e-02,1.404445950895925277e+00
3.507999999999999829e+01,2.884833733033054681e+00,1.943151128967154223e-02,1.404706820461142591e+00
3.510000000000000142e+01,2.885494526235525825e+00,2.337655276636327328e-02,1.404967690026360128e+00
3.511999999999999744e+01,2.886154290274271617e+00,2.732176648965312094e-02,1.405228559591576998e+00
3.514000000000000057e+01,2.886813025104389308e+00,3.126715219105706545e-02,1.405489429156794756e+00
3.515999999999999659e+01,2.887469701367941344e+00,3.521288095368774185e-02,1.406272037852446699e+00
3.517999999999999972e+01,2.888123289469069821e+00,3.915912242848727798e-02,1.407054646548098642e+00
3.520000000000000284e+01,2.888773789007466064e+00,4.310587419847621005e-02,1.407837255243751251e+00
3.521999999999999886e+01,2.889421199584714994e+00,4.705313384636242852e-02,1.408619863939403194e+00
3.524000000000000199e+01,2.890065520804292909e+00,5.100089895454270467e-02,1.409402472635055359e+00
3.525999999999999801e+01,2.890648458501816176e+00,5.459023363687152963e-02,1.410185081330707746e+00
3.528000000000000114e+01,2.891228586976574810e+00,5.818002343207358262e-02,1.410967690026359911e+00
3.529999999999999716e+01,2.891805905873253035e+00,6.177026614148766609e-02,1.411750298722011854e+00
3.532000000000000028e+01,2.892380414838257252e+00,6.536095956617492264e-02,1.412532907417664019e+00
3.534000000000000341e+01,2.892952113519714263e+00,6.895210150692052120e-02,1.413315516113315962e+00
3.535999999999999943e+01,2.893577890372247996e+00,7.290284858996678996e-02,1.414098124808968349e+00
3.538000000000000256e+01,2.894200575144438403e+00,7.685408420149965336e-02,1.414880733504620514e+00
3.539999999999999858e+01,2.894820167454907001e+00,8.080580592148110808e-02,1.415663342200272679e+00
3.542000000000000171e+01,2.895436666924167568e+00,8.475801132957495876e-02,1.416445950895924843e+00
3.543999999999999773e+01,2.896050073174628370e+00,8.871069800514881643e-02,1.417228559591577230e+00
3.546000000000000085e+01,2.896661932690299590e+00,9.266362450751164381e-02,1.417228559591577230e+00
3.547999999999999687e+01,2.897273792205970810e+00,9.661655100987447120e-02,1.417228559591577230e+00
3.550000000000000000e+01,2.897885651721642031e+00,1.005694775122372986e-01,1.417228559591577230e+00
3.552000000000000313e+01,2.898497511237313251e+00,1.045224040146001260e-01,1.417228559591577230e+00
3.553999999999999915e+01,2.899109370752984471e+00,1.084753305169629534e-01,1.417228559591577230e+00
3.556000000000000227e+01,2.899664200440225326e+00,1.120691173552601921e-01,1.418011168287228951e+00
3.557999999999999829e+01,2.900216217429013810e+00,1.156633373074962279e-01,1.418793776982881338e+00
3.560000000000000142e+01,2.900765421381251485e+00,1.192579881722964502e-01,1.419576385678533503e+00
3.561999999999999744e+01,2.901311811960565201e+00,1.228530677480222516e-01,1.420358994374185668e+00
3.564000000000000057e+01,2.901855388832302207e+00,1.264485738327723041e-01,1.421141603069838055e+00
3.565999999999999659e+01,2.902452291630500003e+00,1.304037864640675837e-01,1.420880733504620519e+00
3.567999999999999972e+01,2.903050226202973150e+00,1.343588432470091687e-01,1.420619863939402983e+00
3.570000000000000284e+01,2.903649192509033750e+00,1.383137439124440260e-01,1.420358994374185890e+00
3.571999999999999886e+01,2.904249190507919298e+00,1.422684881912297528e-01,1.420098124808968576e+00
3.574000000000000199e+01,2.904850220158797569e+00,1.462230758142341602e-01,1.419837255243751262e+00
3.575999999999999801e+01,2.905395672872683743e+00,1.498182978043033908e-01,1.420619863939403427e+00
3.578000000000000114e+01,2.905938311767826576e+00,1.534139455693716292e-01,1.421402472635055592e+00
3.579999999999999716e+01,2.906478136511872812e+00,1.570100169071899088e-01,1.422185081330707535e+00
3.582000000000000028e+01,2.907015146774191816e+00,1.606065096152495819e-01,1.422967690026359922e+00
3.584000000000000341e+01,2.907549342225877798e+00,1.642034214907839851e-01,1.423750298722012086e+00
3.585999999999999943e+01,2.908133860571135543e+00,1.681604832147682582e-01,1.424532907417664251e+00
3.588000000000000256e+01,2.908715281906793404e+00,1.721180011760421458e-01,1.425315516113316416e+00
3.589999999999999858e+01,2.909293605876745126e+00,1.760759729507197779e-01,1.426098124808968581e+00
3.592000000000000171e+01,2.909868832126779381e+00,1.800343961146369798e-01,1.426880733504620746e+00
3.593999999999999773e+01,2.910440960304585101e+00,1.839932682433530475e-01,1.427663342200272911e+00
3.596000000000000085e+01,2.911008957148887077e+00,1.879527350403389085e-01,1.428967690026359705e+00
3.597999999999999687e+01,2.911571788989571363e+00,1.919129393343978751e-01,1.430272037852446942e+00
3.600000000000000000e+01,2.912129454869079037e+00,1.958738743879430977e-01,1.431576385678533958e+00
3.602000000000000313e+01,2.912681953838640592e+00,1.998355334621447488e-01,1.432880733504621196e+00
3.603999999999999915e+01,2.913229284958276377e+00,2.037979098169410419e-01,1.434185081330707989e+00
3.606000000000000227e+01,2.913723099679606410e+00,2.074005875491230222e-01,1.434967690026360154e+00
3.607999999999999829e+01,2.914214094763078133e+00,2.110036506416831936e-01,1.435750298722012319e+00
3.610000000000000142e+01,2.914702269907968990e+00,2.146070968878305285e-01,1.436532907417664484e+00
3.611999999999999744e+01,2.915187624815283485e+00,2.182109240805394090e-01,1.437315516113316649e+00
3.614000000000000057e+01,2.915670159187753185e+00,2.218151300125510150e-01,1.438098124808969036e+00
3.615999999999999659e+01,2.916201981205666982e+00,2.257796177566148421e-01,1.436793776982881798e+00
3.617999999999999972e+01,2.916738973840684590e+00,2.297434084475453997e-01,1.435489429156794783e+00
3.620000000000000284e+01,2.917281136179207923e+00,2.337064953416542190e-01,1.434185081330707545e+00
3.621999999999999886e+01,2.917828467298843709e+00,2.376688716964505121e-01,1.432880733504620752e+00
3.624000000000000199e+01,2.918380966268405263e+00,2.416305307706521632e-01,1.431576385678533736e+00
3.625999999999999801e+01,2.918937598866797600e+00,2.455916113471831586e-01,1.430793776982881571e+00
3.628000000000000114e+01,2.919497331270514806e+00,2.495522550852128096e-01,1.430011168287229406e+00
3.629999999999999716e+01,2.920060163136733777e+00,2.535124595589405283e-01,1.429228559591577241e+00
3.632000000000000028e+01,2.920626094120733374e+00,2.574722223428346224e-01,1.428445950895924854e+00
3.634000000000000341e+01,2.921195123875894417e+00,2.614315410116344052e-01,1.427663342200272911e+00
3.635999999999999943e+01,2.921766219297947664e+00,2.653905623462777252e-01,1.427402472635055597e+00
3.638000000000000256e+01,2.922338347488731447e+00,2.693494345647970412e-01,1.427141603069838283e+00
3.639999999999999858e+01,2.922911508409309800e+00,2.733081573977792500e-01,1.426880733504620968e+00
3.642000000000000171e+01,2.923485702020678811e+00,2.772667305758219070e-01,1.426619863939403654e+00
3.643999999999999773e+01,2.924060928283761296e+00,2.812251538295319486e-01,1.426358994374186340e+00
3.646000000000000085e+01,2.924637187159413454e+00,2.851834268895274138e-01,1.426098124808969025e+00
3.647999999999999687e+01,2.925214478608416879e+00,2.891415494864364999e-01,1.425837255243751711e+00
3.650000000000000000e+01,2.925792802591486552e+00,2.930995213508967856e-01,1.425576385678534619e+00
3.652000000000000313e+01,2.926372159069265955e+00,2.970573422135568964e-01,1.425315516113317083e+00
3.653999999999999915e+01,2.926952548002327514e+00,3.010150118050757273e-01,1.425054646548099768e+00
3.656000000000000227e+01,2.927481112864915858e+00,3.046127554878449994e-01,1.424793776982882454e+00
3.657999999999999829e+01,2.928010616251338849e+00,3.082103611617119654e-01,1.424532907417665140e+00
3.660000000000000142e+01,2.928541058125561314e+00,3.118078285818481343e-01,1.424272037852448047e+00
3.661999999999999744e+01,2.929072438451485905e+00,3.154051575034354515e-01,1.424011168287230511e+00
3.664000000000000057e+01,2.929604757192951325e+00,3.190023476816655768e-01,1.423750298722013197e+00
3.665999999999999659e+01,2.930193404300414528e+00,3.229587971397587243e-01,1.422445950895925959e+00
3.667999999999999972e+01,2.930787211491924893e+00,3.269144754318954460e-01,1.421141603069839165e+00
3.670000000000000284e+01,2.931386177757224321e+00,3.308693758281890940e-01,1.419837255243752150e+00
3.671999999999999886e+01,2.931990302077277732e+00,3.348234916000767392e-01,1.418532907417665134e+00
3.674000000000000199e+01,2.932599583424274403e+00,3.387768160203301626e-01,1.417228559591578119e+00
3.675999999999999801e+01,2.933212989674735649e+00,3.427295026959041868e-01,1.416445950895925954e+00
3.678000000000000114e+01,2.933829489143995772e+00,3.466817081039978987e-01,1.415663342200273789e+00
3.679999999999999716e+01,2.934449081454464370e+00,3.506334298239793257e-01,1.414880733504621624e+00
3.682000000000000028e+01,2.935071766226655221e+00,3.545846654355123140e-01,1.414098124808969681e+00
3.684000000000000341e+01,2.935697543079188954e+00,3.585354125185584162e-01,1.413315516113317294e+00
3.685999999999999943e+01,2.936270178534839292e+00,3.621264050354072728e-01,1.412011168287230278e+00
3.688000000000000256e+01,2.936847497405325580e+00,3.657166475819371154e-01,1.410706820461143263e+00
3.689999999999999858e+01,2.937429498708441944e+00,3.693061340499856904e-01,1.409402472635056247e+00
3.692000000000000171e+01,2.938016181454015552e+00,3.728948583326771038e-01,1.408098124808969009e+00
3.693999999999999773e+01,2.938607544643910163e+00,3.764828143244319802e-01,1.406793776982882216e+00
3.696000000000000085e+01,2.939264220832981334e+00,3.804285426395319081e-01,1.404967690026360572e+00
3.697999999999999687e+01,2.939928101166184415e+00,3.843730652287764005e-01,1.403141603069838927e+00
3.700000000000000000e+01,2.940599183429749353e+00,3.883163689387895134e-01,1.401315516113317061e+00
3.702000000000000313e+01,2.941277465385889300e+00,3.922584406202596075e-01,1.399489429156795417e+00
3.703999999999999915e+01,2.941962944772810840e+00,3.961992671279835343e-01,1.397663342200273995e+00
3.706000000000000227e+01,2.942655619304719306e+00,4.001388353209102133e-01,1.395837255243752351e+00
3.707999999999999829e+01,2.943355486671827226e+00,4.040771320621844298e-01,1.394011168287230706e+00
3.710000000000000142e+01,2.944062544540362314e+00,4.080141442191908552e-01,1.392185081330709062e+00
3.711999999999999744e+01,2.944776790552574575e+00,4.119498586635977899e-01,1.390358994374187418e+00
3.714000000000000057e+01,2.945498222326744298e+00,4.158842622714007398e-01,1.388532907417665774e+00
3.715999999999999659e+01,2.946224785398964929e+00,4.198177219807976979e-01,1.387750298722013609e+00
3.717999999999999972e+01,2.946954426608142885e+00,4.237506118710989145e-01,1.386967690026361444e+00
3.720000000000000284e+01,2.947687145507390305e+00,4.276829295335023984e-01,1.386185081330709279e+00
3.721999999999999886e+01,2.948422941647933282e+00,4.316146725595567113e-01,1.385402472635057114e+00
3.724000000000000199e+01,2.949161814579114083e+00,4.355458385411622446e-01,1.384619863939404949e+00
3.725999999999999801e+01,2.949903763848391591e+00,4.394764250705727737e-01,1.383837255243752562e+00
3.728000000000000114e+01,2.950648789001339090e+00,4.434064297403969568e-01,1.383054646548100619e+00
3.729999999999999716e+01,2.951396889581645588e+00,4.473358501436001666e-01,1.382272037852448454e+00
3.732000000000000028e+01,2.952148065131118049e+00,4.512646838735052679e-01,1.381489429156796289e+00
3.734000000000000341e+01,2.952902315189678273e+00,4.551929285237945044e-01,1.380706820461144124e+00
3.735999999999999943e+01,2.953590791649394642e+00,4.587635223099004178e-01,1.379924211765491959e+00
3.738000000000000256e+01,2.954282062275734422e+00,4.623335761949450839e-01,1.379141603069839794e+00
3.739999999999999858e+01,2.954976126645309620e+00,4.659030879923550805e-01,1.378358994374187629e+00
3.742000000000000171e+01,2.955672984333022502e+00,4.694720555158887199e-01,1.377576385678535686e+00
3.743999999999999773e+01,2.956372634912064257e+00,4.730404765796379363e-01,1.376793776982883299e+00
3.746000000000000085e+01,2.957146346020953942e+00,4.769649343576692901e-01,1.375489429156796284e+00
3.747999999999999687e+01,2.957925175328197209e+00,4.808883796091987239e-01,1.374185081330709268e+00
3.750000000000000000e+01,2.958709121508754425e+00,4.848108056591786674e-01,1.372880733504622031e+00
3.752000000000000313e+01,2.959498183228878698e+00,4.887322058342952191e-01,1.371576385678535237e+00
3.753999999999999915e+01,2.960292359146122099e+00,4.926525734629802478e-01,1.370272037852448221e+00
3.756000000000000227e+01,2.961091647909334768e+00,4.965719018754219394e-01,1.368967690026361206e+00
3.757999999999999829e+01,2.961896048158668027e+00,5.004901844035767322e-01,1.367663342200274412e+00
3.760000000000000142e+01,2.962705558525577487e+00,5.044074143811804189e-01,1.366358994374187175e+00
3.761999999999999744e+01,2.963520177632824382e+00,5.083235851437594155e-01,1.365054646548100159e+00
3.764000000000000057e+01,2.964339904094478673e+00,5.122386900286424183e-01,1.363750298722013143e+00
3.765999999999999659e+01,2.965089751750334734e+00,5.157969012525778219e-01,1.362445950895926128e+00
3.767999999999999972e+01,2.965844239912083236e+00,5.193541313877974019e-01,1.361141603069839112e+00
3.770000000000000284e+01,2.966603367296095861e+00,5.229103743823036998e-01,1.359837255243752097e+00
3.771999999999999886e+01,2.967367132610851499e+00,5.264656241857786911e-01,1.358532907417665081e+00
3.774000000000000199e+01,2.968135534556938904e+00,5.300198747495941110e-01,1.357228559591578065e+00
3.775999999999999801e+01,2.968983836242344854e+00,5.339288879447359193e-01,1.356967690026360751e+00
3.778000000000000114e+01,2.969833157641445620e+00,5.378376797107785601e-01,1.356706820461143215e+00
3.779999999999999716e+01,2.970683498696443436e+00,5.417462497817170375e-01,1.356445950895926122e+00
3.782000000000000028e+01,2.971534859349472146e+00,5.456545978915617878e-01,1.356185081330708586e+00
3.784000000000000341e+01,2.972387239542592319e+00,5.495627237743387905e-01,1.355924211765491716e+00
3.785999999999999943e+01,2.973240639217797021e+00,5.534706271640877917e-01,1.355663342200274402e+00
3.788000000000000256e+01,2.974095058317010931e+00,5.573783077948650799e-01,1.355402472635056865e+00
3.789999999999999858e+01,2.974950496782086784e+00,5.612857654007414876e-01,1.355141603069839551e+00
3.792000000000000171e+01,2.975806954554809813e+00,5.651929997158030572e-01,1.354880733504622237e+00
3.793999999999999773e+01,2.976664431576896863e+00,5.691000104741512633e-01,1.354619863939404922e+00
3.796000000000000085e+01,2.977524965938111556e+00,5.730063487012815315e-01,1.353315516113317907e+00
3.797999999999999687e+01,2.978390594789632306e+00,5.769115611696352675e-01,1.352011168287230669e+00
3.800000000000000000e+01,2.979261316658745162e+00,5.808156412351845876e-01,1.350706820461144098e+00
3.802000000000000313e+01,2.980137130064070661e+00,5.847185822558281787e-01,1.349402472635057082e+00
3.803999999999999915e+01,2.981018033515567822e+00,5.886203775914027325e-01,1.348098124808969844e+00
3.806000000000000227e+01,2.981904025514535039e+00,5.925210206036940486e-01,1.346793776982882829e+00
3.807999999999999829e+01,2.982792561285505517e+00,5.964210852420950282e-01,1.346793776982882829e+00
3.810000000000000142e+01,2.983681097056475995e+00,6.003211498804960078e-01,1.346793776982882829e+00
3.811999999999999744e+01,2.984569632827446473e+00,6.042212145188969874e-01,1.346793776982882829e+00
3.814000000000000057e+01,2.985458168598416950e+00,6.081212791572979670e-01,1.346793776982882829e+00
3.815999999999999659e+01,2.986265928390208213e+00,6.116667924649352717e-01,1.346793776982882829e+00
3.817999999999999972e+01,2.987073688181999476e+00,6.152123057725725763e-01,1.346793776982882829e+00
3.820000000000000284e+01,2.987881447973790738e+00,6.187578190802098810e-01,1.346793776982882829e+00
3.821999999999999886e+01,2.988689207765582001e+00,6.223033323878471856e-01,1.346793776982882829e+00
3.824000000000000199e+01,2.989496967557373264e+00,6.258488456954844903e-01,1.346793776982882829e+00
3.825999999999999801e+01,2.990387029349814263e+00,6.297485622478766754e-01,1.346011168287230664e+00
3.828000000000000114e+01,2.991280142821457488e+00,6.336475810359993854e-01,1.345228559591578499e+00
3.829999999999999716e+01,2.992176307425292059e+00,6.375458996717958682e-01,1.344445950895926112e+00
3.832000000000000028e+01,2.993075522612437922e+00,6.414435157676384724e-01,1.343663342200274169e+00
3.834000000000000341e+01,2.993977787832147186e+00,6.453404269363293144e-01,1.342880733504622004e+00
3.835999999999999943e+01,2.994882086120518316e+00,6.492368669159648276e-01,1.342619863939404690e+00
3.838000000000000256e+01,2.995787400840712600e+00,6.531330708591196466e-01,1.342358994374187375e+00
3.839999999999999858e+01,2.996693731931116655e+00,6.570290385006455347e-01,1.342098124808970061e+00
3.842000000000000171e+01,2.997601079330056706e+00,6.609247695754107976e-01,1.341837255243752747e+00
3.843999999999999773e+01,2.998509442975782147e+00,6.648202638182990620e-01,1.341576385678535210e+00
3.846000000000000085e+01,2.999417806621507587e+00,6.687157580611873264e-01,1.341837255243752747e+00
3.847999999999999687e+01,3.000325154020447638e+00,6.726114891359525894e-01,1.342098124808970061e+00
3.850000000000000000e+01,3.001231485110851693e+00,6.765074567774784775e-01,1.342358994374187375e+00
3.852000000000000313e+01,3.002136799831045977e+00,6.804036607206332965e-01,1.342619863939404690e+00
3.853999999999999915e+01,3.003041098119417107e+00,6.843001007002688096e-01,1.342880733504622004e+00
3.856000000000000227e+01,3.003944888171358851e+00,6.881966586097590932e-01,1.342880733504622004e+00
3.857999999999999829e+01,3.004848678223300595e+00,6.920932165192493768e-01,1.342880733504622004e+00
3.860000000000000142e+01,3.005752468275242340e+00,6.959897744287396604e-01,1.342880733504622004e+00
3.861999999999999744e+01,3.006656258327184084e+00,6.998863323382299440e-01,1.342880733504622004e+00
3.864000000000000057e+01,3.007560048379125828e+00,7.037828902477202275e-01,1.342880733504622004e+00
3.865999999999999659e+01,3.008382137732190653e+00,7.073251084110252496e-01,1.342619863939404690e+00
3.867999999999999972e+01,3.009205151114185295e+00,7.108671119957113982e-01,1.342358994374187375e+00
3.870000000000000284e+01,3.010029088469098113e+00,7.144089007607349329e-01,1.342098124808970061e+00
3.871999999999999886e+01,3.010853949740861957e+00,7.179504744650669901e-01,1.341837255243752747e+00
3.874000000000000199e+01,3.011679734873339509e+00,7.214918328676926951e-01,1.341576385678535210e+00
3.875999999999999801e+01,3.012589114704036231e+00,7.253870900136046851e-01,1.341315516113318118e+00
3.878000000000000114e+01,3.013499510657814184e+00,7.292821097974563349e-01,1.341054646548100804e+00
3.879999999999999716e+01,3.014410922672721593e+00,7.331768919541806762e-01,1.340793776982883712e+00
3.882000000000000028e+01,3.015323350686733406e+00,7.370714362187256175e-01,1.340532907417666175e+00
3.884000000000000341e+01,3.016236794637755292e+00,7.409657423260564979e-01,1.340272037852448861e+00
3.885999999999999943e+01,3.017151254463626309e+00,7.448598100111539777e-01,1.340011168287231769e+00
3.888000000000000256e+01,3.018066730102113571e+00,7.487536390090158145e-01,1.339750298722014232e+00
3.889999999999999858e+01,3.018983221490916691e+00,7.526472290546554200e-01,1.339489429156796918e+00
3.892000000000000171e+01,3.019900728567665116e+00,7.565405798831024153e-01,1.339228559591579382e+00
3.893999999999999773e+01,3.020819251269920791e+00,7.604336912294026307e-01,1.338967690026362511e+00
3.896000000000000085e+01,3.021655195147424866e+00,7.639726654105086778e-01,1.338706820461144975e+00
3.897999999999999687e+01,3.022492062207130736e+00,7.675114213988825096e-01,1.338445950895927661e+00
3.900000000000000000e+01,3.023329852392086181e+00,7.710499589537012088e-01,1.338185081330710569e+00
3.902000000000000313e+01,3.024168565645276363e+00,7.745882778341572905e-01,1.337924211765493032e+00
3.903999999999999915e+01,3.025008201909626493e+00,7.781263777994574804e-01,1.337663342200275718e+00
3.906000000000000227e+01,3.025934847296777530e+00,7.820175634873992587e-01,1.336358994374188702e+00
3.907999999999999829e+01,3.026866567353820869e+00,7.859075371977055635e-01,1.335054646548101465e+00
3.910000000000000142e+01,3.027803360495599172e+00,7.897962923122746615e-01,1.333750298722014671e+00
3.911999999999999744e+01,3.028745225128325558e+00,7.936838222150779387e-01,1.332445950895927655e+00
3.914000000000000057e+01,3.029692159649583605e+00,7.975701202921714472e-01,1.331141603069840640e+00
3.915999999999999659e+01,3.030643148965276090e+00,8.014554283243360278e-01,1.330358994374188475e+00
3.917999999999999972e+01,3.031597178665280445e+00,8.053399909142390234e-01,1.329576385678536088e+00
3.920000000000000284e+01,3.032554248165275634e+00,8.092238056826779324e-01,1.328793776982884367e+00
3.921999999999999886e+01,3.033514356879079443e+00,8.131068702509077761e-01,1.328011168287231980e+00
3.924000000000000199e+01,3.034477504218648036e+00,8.169891822406435411e-01,1.327228559591579815e+00
3.925999999999999801e+01,3.035442170674619078e+00,8.208711171484858182e-01,1.327228559591579815e+00
3.928000000000000114e+01,3.036406837130590120e+00,8.247530520563280954e-01,1.327228559591579815e+00
3.929999999999999716e+01,3.037371503586561161e+00,8.286349869641703725e-01,1.327228559591579815e+00
3.932000000000000028e+01,3.038336170042532203e+00,8.325169218720126496e-01,1.327228559591579815e+00
3.934000000000000341e+01,3.039300836498503244e+00,8.363988567798549267e-01,1.327228559591579815e+00
3.935999999999999943e+01,3.040266009282865944e+00,8.402806658176077415e-01,1.326967690026362279e+00
3.938000000000000256e+01,3.041232194680211443e+00,8.441622229390743914e-01,1.326706820461144964e+00
3.939999999999999858e+01,3.042199392624787002e+00,8.480435278801040644e-01,1.326445950895927872e+00
3.942000000000000171e+01,3.043167603050773273e+00,8.519245803765619351e-01,1.326185081330710336e+00
3.943999999999999773e+01,3.044136825892282960e+00,8.558053801643312752e-01,1.325924211765493244e+00
3.946000000000000085e+01,3.045018857884165264e+00,8.593331499961324171e-01,1.325663342200275929e+00
3.947999999999999687e+01,3.045901810133807341e+00,8.628606896125964321e-01,1.325402472635058615e+00
3.950000000000000000e+01,3.046785682581120813e+00,8.663879987736637922e-01,1.325141603069841301e+00
3.952000000000000313e+01,3.047670475165956017e+00,8.699150772392911790e-01,1.324880733504623986e+00
3.953999999999999915e+01,3.048556187828101116e+00,8.734419247694498178e-01,1.324619863939406450e+00
3.956000000000000227e+01,3.049532495705415513e+00,8.773209481145790578e-01,1.323837255243754507e+00
3.957999999999999829e+01,3.050511839040838780e+00,8.811992062048468188e-01,1.323054646548102564e+00
3.960000000000000142e+01,3.051494217234544504e+00,8.850766966649119549e-01,1.322272037852450177e+00
3.961999999999999744e+01,3.052479629684850426e+00,8.889534171199030554e-01,1.321489429156798012e+00
3.964000000000000057e+01,3.053468075788214442e+00,8.928293651954206656e-01,1.320706820461145847e+00
3.965999999999999659e+01,3.054458544013199273e+00,8.967047971203223611e-01,1.320445950895928533e+00
3.967999999999999972e+01,3.055450023186712549e+00,9.005799705303446645e-01,1.320185081330711219e+00
3.970000000000000284e+01,3.056442513241279801e+00,9.044548851617704166e-01,1.319924211765493904e+00
3.971999999999999886e+01,3.057436014109359501e+00,9.083295407509005548e-01,1.319663342200276590e+00
3.974000000000000199e+01,3.058430525723343063e+00,9.122039370340533360e-01,1.319402472635059276e+00
3.975999999999999801e+01,3.059424026568887012e+00,9.160785925352906700e-01,1.320185081330711441e+00
3.978000000000000114e+01,3.060414494771404481e+00,9.199540243722820199e-01,1.320967690026363606e+00
3.979999999999999716e+01,3.061401929724257176e+00,9.238302301714170772e-01,1.321750298722015771e+00
3.982000000000000028e+01,3.062386330822664871e+00,9.277072075586115796e-01,1.322532907417667936e+00
3.984000000000000341e+01,3.063367697463704964e+00,9.315849541593087535e-01,1.323315516113320101e+00
3.985999999999999943e+01,3.064351087031685683e+00,9.354621877751051473e-01,1.321489429156798678e+00
3.988000000000000256e+01,3.065341555121862793e+00,9.393376191725388846e-01,1.319663342200276590e+00
3.989999999999999858e+01,3.066339098431428489e+00,9.432112354286250611e-01,1.317837255243755168e+00
3.992000000000000171e+01,3.067343713633982727e+00,9.470830236264311530e-01,1.316011168287233746e+00
3.993999999999999773e+01,3.068355397379542548e+00,9.509529708551210936e-01,1.314185081330712102e+00
3.996000000000000085e+01,3.069278780595990241e+00,9.544701435629154851e-01,1.313924211765494565e+00
3.997999999999999687e+01,3.070203081304323511e+00,9.579870752684570556e-01,1.313663342200277251e+00
4.000000000000000000e+01,3.071128299441639342e+00,9.615037657324095877e-01,1.313402472635060159e+00
4.002000000000000313e+01,3.072054434944975654e+00,9.650202147154501864e-01,1.313141603069842622e+00
4.003999999999999915e+01,3.072981487751305973e+00,9.685364219782759410e-01,1.312880733504625308e+00
4.006000000000000227e+01,3.073909457797541211e+00,9.720523872815971522e-01,1.312619863939408216e+00
4.007999999999999829e+01,3.074930729307198352e+00,9.759198159497902703e-01,1.312619863939408216e+00
4.010000000000000142e+01,3.075952000816855492e+00,9.797872446179833883e-01,1.312619863939408216e+00
4.011999999999999744e+01,3.076973272326512632e+00,9.836546732861765063e-01,1.312619863939408216e+00
4.014000000000000057e+01,3.077994543836169772e+00,9.875221019543696244e-01,1.312619863939408216e+00
4.015999999999999659e+01,3.079017328583151247e+00,9.913891305998162595e-01,1.311837255243755829e+00
4.017999999999999972e+01,3.080043139386853035e+00,9.952553576208762465e-01,1.311054646548103886e+00
4.020000000000000284e+01,3.081071975618989711e+00,9.991207806495766564e-01,1.310272037852451499e+00
4.021999999999999886e+01,3.082103836649422668e+00,1.002985397318437499e+00,1.309489429156799334e+00
4.024000000000000199e+01,3.083138721846162333e+00,1.006849205260472724e+00,1.308706820461147169e+00
4.025999999999999801e+01,3.084081359099900776e+00,1.010361266682021864e+00,1.308445950895929855e+00
4.028000000000000114e+01,3.085024912511489248e+00,1.013873082078701193e+00,1.308185081330712540e+00
4.029999999999999716e+01,3.085969382016716889e+00,1.017384651211519886e+00,1.307924211765495004e+00
4.032000000000000028e+01,3.086914767551309779e+00,1.020895973841505322e+00,1.307663342200277912e+00
4.034000000000000341e+01,3.087861069050933160e+00,1.024407049729702868e+00,1.307402472635060819e+00
4.035999999999999943e+01,3.088904015587341068e+00,1.028268689498707644e+00,1.306619863939408432e+00
4.038000000000000256e+01,3.089949983956912671e+00,1.032129511866185956e+00,1.305837255243756267e+00
4.039999999999999858e+01,3.090998973519017756e+00,1.035989514467475114e+00,1.305054646548104103e+00
4.042000000000000171e+01,3.092050983631174699e+00,1.039848694938414919e+00,1.304272037852451716e+00
4.043999999999999773e+01,3.093106013649052244e+00,1.043707050915348766e+00,1.303489429156799773e+00
4.046000000000000085e+01,3.094164062926469949e+00,1.047564580035124981e+00,1.302706820461147608e+00
4.047999999999999687e+01,3.095225130815396852e+00,1.051421279935098152e+00,1.301924211765495443e+00
4.050000000000000000e+01,3.096289216665954580e+00,1.055277148253130681e+00,1.301141603069843056e+00
4.052000000000000313e+01,3.097356319826415127e+00,1.059132182627594565e+00,1.300358994374191113e+00
4.053999999999999915e+01,3.098426439643203967e+00,1.062986380697372502e+00,1.299576385678538948e+00
4.056000000000000227e+01,3.099495553932112735e+00,1.066840857622821881e+00,1.300880733504625741e+00
4.057999999999999829e+01,3.100559639734394413e+00,1.070696725765919233e+00,1.302185081330712979e+00
4.060000000000000142e+01,3.101618695239695356e+00,1.074553978566587409e+00,1.303489429156799995e+00
4.061999999999999744e+01,3.102672718646219963e+00,1.078412609462393590e+00,1.304793776982887232e+00
4.064000000000000057e+01,3.103721708160733783e+00,1.082272611888559943e+00,1.306098124808973804e+00
4.065999999999999659e+01,3.104768683689506314e+00,1.086133161350929743e+00,1.305837255243756712e+00
4.067999999999999972e+01,3.105816666282501970e+00,1.089993437557891243e+00,1.305576385678539397e+00
4.070000000000000284e+01,3.106865655868401355e+00,1.093853440246740583e+00,1.305315516113322083e+00
4.071999999999999886e+01,3.107915652375819793e+00,1.097713169154793889e+00,1.305054646548104769e+00
4.074000000000000199e+01,3.108966655733301554e+00,1.101572624019384605e+00,1.304793776982887454e+00
4.075999999999999801e+01,3.109922113331012650e+00,1.105081219350830812e+00,1.305054646548104769e+00
4.078000000000000114e+01,3.110876655610483876e+00,1.108590063812697313e+00,1.305315516113322083e+00
4.079999999999999716e+01,3.111830282506756085e+00,1.112099157166196894e+00,1.305576385678539397e+00
4.082000000000000028e+01,3.112782993954934074e+00,1.115608499172525470e+00,1.305837255243756712e+00
4.084000000000000341e+01,3.113734789890181709e+00,1.119118089592861853e+00,1.306098124808973804e+00
4.085999999999999943e+01,3.114781261863086570e+00,1.122978775595365075e+00,1.306098124808973804e+00
4.088000000000000256e+01,3.115827733835991431e+00,1.126839461597868297e+00,1.306098124808973804e+00
4.089999999999999858e+01,3.116874205808896292e+00,1.130700147600371519e+00,1.306098124808973804e+00
4.092000000000000171e+01,3.117920677781801153e+00,1.134560833602874741e+00,1.306098124808973804e+00
4.093999999999999773e+01,3.118967149754706014e+00,1.138421519605377963e+00,1.306098124808973804e+00
4.096000000000000085e+01,3.120013118148003972e+00,1.142282342060435552e+00,1.306358994374191118e+00
4.097999999999999687e+01,3.121058079334648738e+00,1.146143437245439545e+00,1.306619863939408654e+00
4.100000000000000000e+01,3.122102033243525199e+00,1.150004804897631017e+00,1.306880733504626191e+00
4.102000000000000313e+01,3.123144979803591070e+00,1.153866444754233944e+00,1.307141603069843505e+00
4.103999999999999915e+01,3.124186918943870683e+00,1.157728356552450766e+00,1.307402472635060819e+00
4.106000000000000227e+01,3.125224827555352913e+00,1.161591352963021739e+00,1.309228559591582242e+00
4.107999999999999829e+01,3.126255680272895798e+00,1.165456238243157250e+00,1.311054646548103886e+00
4.110000000000000142e+01,3.127279473659025921e+00,1.169322999505039151e+00,1.312880733504625530e+00
4.111999999999999744e+01,3.128296204299808814e+00,1.173191623854593857e+00,1.314706820461147174e+00
4.114000000000000057e+01,3.129305868804862722e+00,1.177062098391534972e+00,1.316532907417668818e+00
4.115999999999999659e+01,3.130310484121361370e+00,1.180933887028485341e+00,1.317315516113320983e+00
4.117999999999999972e+01,3.131312069035063317e+00,1.184806460700348785e+00,1.318098124808973148e+00
4.120000000000000284e+01,3.132310622932521049e+00,1.188679817035265041e+00,1.318880733504625313e+00
4.121999999999999886e+01,3.133306145202143789e+00,1.192553953660895338e+00,1.319663342200277478e+00
4.124000000000000199e+01,3.134298635234197938e+00,1.196428868204422402e+00,1.320445950895929643e+00
4.125999999999999801e+01,3.135198141767478575e+00,1.199952222829995696e+00,1.321228559591581808e+00
4.128000000000000114e+01,3.136094890617608932e+00,1.203476280338146021e+00,1.322011168287233973e+00
4.129999999999999716e+01,3.136988881235352800e+00,1.207001038570471918e+00,1.322793776982886138e+00
4.132000000000000028e+01,3.137880113073161059e+00,1.210526495368142053e+00,1.323576385678538303e+00
4.134000000000000341e+01,3.138768585585176574e+00,1.214052648571897652e+00,1.324358994374190468e+00
4.135999999999999943e+01,3.139742869491434885e+00,1.217932180767068884e+00,1.325141603069842633e+00
4.138000000000000256e+01,3.140714116944009593e+00,1.221812474257158554e+00,1.325924211765495020e+00
4.139999999999999858e+01,3.141682327348033432e+00,1.225693526665578625e+00,1.326706820461146963e+00
4.142000000000000171e+01,3.142647500110501646e+00,1.229575335615276321e+00,1.327489429156798906e+00
4.143999999999999773e+01,3.143609634640268435e+00,1.233457898728735680e+00,1.328272037852451515e+00
4.146000000000000085e+01,3.144568730348049179e+00,1.237341213627978442e+00,1.329054646548103680e+00
4.147999999999999687e+01,3.145524786646419990e+00,1.241225277934566273e+00,1.329837255243755623e+00
4.150000000000000000e+01,3.146477802949819935e+00,1.245110089269601650e+00,1.330619863939407788e+00
4.152000000000000313e+01,3.147427778674548371e+00,1.248995645253729414e+00,1.331402472635059953e+00
4.153999999999999915e+01,3.148374713238767164e+00,1.252881943507138773e+00,1.332185081330711895e+00
4.156000000000000227e+01,3.149232797623981117e+00,1.256415614545706827e+00,1.332967690026364282e+00
4.157999999999999829e+01,3.150088116265016058e+00,1.259949956046362951e+00,1.333750298722016447e+00
4.160000000000000142e+01,3.150940668638011033e+00,1.263484965844406505e+00,1.334532907417668612e+00
4.161999999999999744e+01,3.151790454220797066e+00,1.267020641774727396e+00,1.335315516113320555e+00
4.164000000000000057e+01,3.152637472492900272e+00,1.270556981671808305e+00,1.336098124808972942e+00
4.165999999999999659e+01,3.153565132940427951e+00,1.274447925493770173e+00,1.337402472635059958e+00
4.167999999999999972e+01,3.154487717456154083e+00,1.278340075997401071e+00,1.338706820461146973e+00
4.170000000000000284e+01,3.155405224470464454e+00,1.282233426560895451e+00,1.340011168287233989e+00
4.171999999999999886e+01,3.156317652422382825e+00,1.286127970560406508e+00,1.341315516113321005e+00
4.174000000000000199e+01,3.157224999759575379e+00,1.290023701370057063e+00,1.342619863939408020e+00
4.175999999999999801e+01,3.158043392252451120e+00,1.293566774633387650e+00,1.344967690026364515e+00
4.178000000000000114e+01,3.158853463977527198e+00,1.297111759572982637e+00,1.347315516113321232e+00
4.179999999999999716e+01,3.159655210469457742e+00,1.300658636647875399e+00,1.349663342200277283e+00
4.182000000000000028e+01,3.160448627308787728e+00,1.304207386306669436e+00,1.352011168287234000e+00
4.184000000000000341e+01,3.161233710121977403e+00,1.307757988987645836e+00,1.354358994374190495e+00
4.185999999999999943e+01,3.162090167836416388e+00,1.311665223036809991e+00,1.355663342200277510e+00
4.188000000000000256e+01,3.162941528431507443e+00,1.315573570880681720e+00,1.356967690026364526e+00
4.189999999999999858e+01,3.163787790458810090e+00,1.319483025869898851e+00,1.358272037852451763e+00
4.192000000000000171e+01,3.164628952478560464e+00,1.323393581353215831e+00,1.359576385678538335e+00
4.193999999999999773e+01,3.165465013059669097e+00,1.327305230677514603e+00,1.360880733504625573e+00
4.196000000000000085e+01,3.166295970779727575e+00,1.331217967187816154e+00,1.362185081330712588e+00
4.197999999999999687e+01,3.167121824225008098e+00,1.335131784227291618e+00,1.363489429156799382e+00
4.200000000000000000e+01,3.167942571990467471e+00,1.339046675137274267e+00,1.364793776982886619e+00
4.202000000000000313e+01,3.168758212679747999e+00,1.342962633257269944e+00,1.366098124808973635e+00
4.203999999999999915e+01,3.169568744905182367e+00,1.346879651924969057e+00,1.367402472635060429e+00
4.206000000000000227e+01,3.170301876266694574e+00,1.350441345093636114e+00,1.368185081330712594e+00
4.207999999999999829e+01,3.171032219991933410e+00,1.354003610926497014e+00,1.368967690026364981e+00
4.210000000000000142e+01,3.171759775633580247e+00,1.357566447241747687e+00,1.369750298722016923e+00
4.211999999999999744e+01,3.172484542746025760e+00,1.361129851857235673e+00,1.370532907417669088e+00
4.214000000000000057e+01,3.173206520885365922e+00,1.364693822590459682e+00,1.371315516113321475e+00
4.215999999999999659e+01,3.173925709609406010e+00,1.368258357258572255e+00,1.372098124808973640e+00
4.217999999999999972e+01,3.174712725274310365e+00,1.372180168584320459e+00,1.373402472635060656e+00
4.220000000000000284e+01,3.175494624865103699e+00,1.376103003115815238e+00,1.374706820461147672e+00
4.221999999999999886e+01,3.176271407051522999e+00,1.380026854179047913e+00,1.376011168287234465e+00
4.224000000000000199e+01,3.177043070512010736e+00,1.383951715098280522e+00,1.377315516113321703e+00
4.225999999999999801e+01,3.177809613933717525e+00,1.387877579196056699e+00,1.378619863939408718e+00
4.228000000000000114e+01,3.178571036012506568e+00,1.391804439793213666e+00,1.379924211765495734e+00
4.229999999999999716e+01,3.179327335452951875e+00,1.395732290208892890e+00,1.381228559591582528e+00
4.232000000000000028e+01,3.180078510968344041e+00,1.399661123760552517e+00,1.382532907417669987e+00
4.234000000000000341e+01,3.180824561280691576e+00,1.403590933763977366e+00,1.383837255243756781e+00
4.235999999999999943e+01,3.181565485120720904e+00,1.407521713533291141e+00,1.385141603069843796e+00
4.238000000000000256e+01,3.182301281227881695e+00,1.411453456380967975e+00,1.386445950895930812e+00
4.239999999999999858e+01,3.183031948350347307e+00,1.415386155617843089e+00,1.387750298722017828e+00
4.242000000000000171e+01,3.183757485245016561e+00,1.419319804553124786e+00,1.389054646548105065e+00
4.243999999999999773e+01,3.184477890677517742e+00,1.423254396494405771e+00,1.390358994374191859e+00
4.246000000000000085e+01,3.185193163422207263e+00,1.427189924747674254e+00,1.391663342200278874e+00
4.247999999999999687e+01,3.185903302262175885e+00,1.431126382617325499e+00,1.392967690026365890e+00
4.250000000000000000e+01,3.186608305989247825e+00,1.435063763406172921e+00,1.394272037852453128e+00
4.252000000000000313e+01,3.187308173403983869e+00,1.439002060415460083e+00,1.395576385678539921e+00
4.253999999999999915e+01,3.188002903315684033e+00,1.442941266944871792e+00,1.396880733504626937e+00
4.256000000000000227e+01,3.188629804430869186e+00,1.446523184533665907e+00,1.398185081330713952e+00
4.257999999999999829e+01,3.189252032947678561e+00,1.450105916772335357e+00,1.399489429156800968e+00
4.260000000000000142e+01,3.189869587807499851e+00,1.453689457565495502e+00,1.400793776982887984e+00
4.261999999999999744e+01,3.190482467959673496e+00,1.457273800816386133e+00,1.402098124808974777e+00
4.264000000000000057e+01,3.191090672361491798e+00,1.460858940426881247e+00,1.403402472635062015e+00
4.265999999999999659e+01,3.191754552739874295e+00,1.464803463284562568e+00,1.404706820461149031e+00
4.267999999999999972e+01,3.192413287525163401e+00,1.468748848717472910e+00,1.406011168287236046e+00
4.270000000000000284e+01,3.193066875596639154e+00,1.472695090013237174e+00,1.407315516113323062e+00
4.271999999999999886e+01,3.193715315842336810e+00,1.476642180458024312e+00,1.408619863939410299e+00
4.274000000000000199e+01,3.194358607159049956e+00,1.480590113336558655e+00,1.409924211765497093e+00
4.275999999999999801e+01,3.194996748452332280e+00,1.484538881932131016e+00,1.411228559591583887e+00
4.278000000000000114e+01,3.195629738636499795e+00,1.488488479526610453e+00,1.412532907417671124e+00
4.279999999999999716e+01,3.196257576634631725e+00,1.492438899400455821e+00,1.413837255243757918e+00
4.282000000000000028e+01,3.196880261378572285e+00,1.496390134832726870e+00,1.415141603069845155e+00
4.284000000000000341e+01,3.197497791808933787e+00,1.500342179101095796e+00,1.416445950895932171e+00
4.285999999999999943e+01,3.198109135635351485e+00,1.504295184828358778e+00,1.418272037852454037e+00
4.288000000000000256e+01,3.198713259914292451e+00,1.508249300331156784e+00,1.420098124808975681e+00
4.289999999999999858e+01,3.199310162631248122e+00,1.512204512424125458e+00,1.421924211765497104e+00
4.292000000000000171e+01,3.199899841795790678e+00,1.516160807918243592e+00,1.423750298722018748e+00
4.293999999999999773e+01,3.200482295441580138e+00,1.520118173620877089e+00,1.425576385678540392e+00
4.296000000000000085e+01,3.201058554278015666e+00,1.524076446411501973e+00,1.426880733504627630e+00
4.297999999999999687e+01,3.201629649661204446e+00,1.528035467476723808e+00,1.428185081330714423e+00
4.300000000000000000e+01,3.202195580619528581e+00,1.531995230080969383e+00,1.429489429156801439e+00
4.302000000000000313e+01,3.202756346190157366e+00,1.535955727487403166e+00,1.430793776982888232e+00
4.303999999999999915e+01,3.203311945419046403e+00,1.539916952957939733e+00,1.432098124808975470e+00
4.306000000000000227e+01,3.203813277691330175e+00,1.543518592275490819e+00,1.432880733504627635e+00
4.307999999999999829e+01,3.204311791136126963e+00,1.547120622837037995e+00,1.433663342200279800e+00
4.310000000000000142e+01,3.204807485448107229e+00,1.550723042436422894e+00,1.434445950895932187e+00
4.311999999999999744e+01,3.205300360323671161e+00,1.554325848867248672e+00,1.435228559591584130e+00
4.314000000000000057e+01,3.205790415460944676e+00,1.557929039922881786e+00,1.436011168287236295e+00
4.315999999999999659e+01,3.206325339958259857e+00,1.561893110244374938e+00,1.437315516113323310e+00
4.317999999999999972e+01,3.206855093475495355e+00,1.565857874921193327e+00,1.438619863939410326e+00
4.320000000000000284e+01,3.207379675111369011e+00,1.569823327207991781e+00,1.439924211765497342e+00
4.321999999999999886e+01,3.207899083973398291e+00,1.573789460358254955e+00,1.441228559591584357e+00
4.324000000000000199e+01,3.208413319177900735e+00,1.577756267624309316e+00,1.442532907417671373e+00
4.325999999999999801e+01,3.208922379849996176e+00,1.581723742257334253e+00,1.443837255243758388e+00
4.328000000000000114e+01,3.209426265123608069e+00,1.585691877507373837e+00,1.445141603069845404e+00
4.329999999999999716e+01,3.209924974141464826e+00,1.589660666623348595e+00,1.446445950895932198e+00
4.332000000000000028e+01,3.210418506055101151e+00,1.593630102853065944e+00,1.447750298722019435e+00
4.334000000000000341e+01,3.210906860024859810e+00,1.597600179443232848e+00,1.449054646548106451e+00
4.335999999999999943e+01,3.211347051877579517e+00,1.601209801439198888e+00,1.449837255243758616e+00
4.338000000000000256e+01,3.211784418674221708e+00,1.604819766827697336e+00,1.450619863939410781e+00
4.339999999999999858e+01,3.212218960146909996e+00,1.608430073397709936e+00,1.451402472635063168e+00
4.342000000000000171e+01,3.212650676029497721e+00,1.612040718938009265e+00,1.452185081330714889e+00
4.343999999999999773e+01,3.213079566057569281e+00,1.615651701237160509e+00,1.452967690026367276e+00
4.346000000000000085e+01,3.213547200031454221e+00,1.619624271714576791e+00,1.454272037852454069e+00
4.347999999999999687e+01,3.214009651995343830e+00,1.623597448769864560e+00,1.455576385678541307e+00
4.350000000000000000e+01,3.214466921162458579e+00,1.627571225643366315e+00,1.456880733504628322e+00
4.352000000000000313e+01,3.214919006754835440e+00,1.631545595574403817e+00,1.458185081330715338e+00
4.353999999999999915e+01,3.215365908003330553e+00,1.635520551801290301e+00,1.459489429156802354e+00
4.356000000000000227e+01,3.215768410953894652e+00,1.639134570505689670e+00,1.460272037852454519e+00
4.357999999999999829e+01,3.216168085419021772e+00,1.642748903105615721e+00,1.461054646548106684e+00
4.360000000000000142e+01,3.216564931153920170e+00,1.646363547387375004e+00,1.461837255243758849e+00
4.361999999999999744e+01,3.216958947915531830e+00,1.649978501137083553e+00,1.462619863939411013e+00
4.364000000000000057e+01,3.217350135462530236e+00,1.653593762140667556e+00,1.463402472635063400e+00
4.365999999999999659e+01,3.217776291820487522e+00,1.657570995914302570e+00,1.464706820461150416e+00
4.367999999999999972e+01,3.218197260121174352e+00,1.661548782160619409e+00,1.466011168287237210e+00
4.370000000000000284e+01,3.218613039648388074e+00,1.665527114112118845e+00,1.467315516113324225e+00
4.371999999999999886e+01,3.219023629694753197e+00,1.669505985000373061e+00,1.468619863939411463e+00
4.374000000000000199e+01,3.219429029561723610e+00,1.673485388056037415e+00,1.469924211765498256e+00
4.375999999999999801e+01,3.219830276806361802e+00,1.677465212151652008e+00,1.470706820461150199e+00
4.378000000000000114e+01,3.220228409283496962e+00,1.681445349048043214e+00,1.471489429156802586e+00
4.379999999999999716e+01,3.220623426749281482e+00,1.685425796307471469e+00,1.472272037852454973e+00
4.382000000000000028e+01,3.221015328961776447e+00,1.689406551492006914e+00,1.473054646548106916e+00
4.384000000000000341e+01,3.221404115680951197e+00,1.693387612163531175e+00,1.473837255243759303e+00
4.385999999999999943e+01,3.221754725669799146e+00,1.697007033727356395e+00,1.474619863939411468e+00
4.388000000000000256e+01,3.222102502960776604e+00,1.700626728573174651e+00,1.475402472635063411e+00
4.389999999999999858e+01,3.222447447340878846e+00,1.704246694484008451e+00,1.476185081330715576e+00
4.392000000000000171e+01,3.222789558598835313e+00,1.707866929242714216e+00,1.476967690026367741e+00
4.393999999999999773e+01,3.223128836525110508e+00,1.711487430631984052e+00,1.477750298722019906e+00
4.396000000000000085e+01,3.223498925350585242e+00,1.715470273014582547e+00,1.478532907417672071e+00
4.397999999999999687e+01,3.223865897055960161e+00,1.719453403812186254e+00,1.479315516113324236e+00
4.400000000000000000e+01,3.224229751416475054e+00,1.723436820585221518e+00,1.480098124808976179e+00
4.402000000000000313e+01,3.224590488209277073e+00,1.727420520893939937e+00,1.480880733504628566e+00
4.403999999999999915e+01,3.224948107213423398e+00,1.731404502298419468e+00,1.481663342200280731e+00
4.406000000000000227e+01,3.225302608209880795e+00,1.735388762358565540e+00,1.482445950895932896e+00
4.407999999999999829e+01,3.225653990981526054e+00,1.739373298634113274e+00,1.483228559591584839e+00
4.410000000000000142e+01,3.226002255313145550e+00,1.743358108684628371e+00,1.484011168287237226e+00
4.411999999999999744e+01,3.226347400991435244e+00,1.747343190069509111e+00,1.484793776982889391e+00
4.414000000000000057e+01,3.226689427805002008e+00,1.751328540347987239e+00,1.485576385678541556e+00
4.415999999999999659e+01,3.227028335544362747e+00,1.755314157079130188e+00,1.486358994374193720e+00
4.417999999999999972e+01,3.227364124001943502e+00,1.759300037821841967e+00,1.487141603069845885e+00
4.420000000000000284e+01,3.227696792972082118e+00,1.763286180134864933e+00,1.487924211765497828e+00
4.421999999999999886e+01,3.228026342251027803e+00,1.767272581576781132e+00,1.488706820461150215e+00
4.424000000000000199e+01,3.228352771636938012e+00,1.771259239706014066e+00,1.489489429156802158e+00
4.425999999999999801e+01,3.228676080929883785e+00,1.775246152080830031e+00,1.490272037852454323e+00
4.428000000000000114e+01,3.228996269931843965e+00,1.779233316259339448e+00,1.491054646548106710e+00
4.429999999999999716e+01,3.229313338446711867e+00,1.783220729799498638e+00,1.491837255243759097e+00
4.432000000000000028e+01,3.229627286280290388e+00,1.787208390259110935e+00,1.492619863939411040e+00
4.434000000000000341e+01,3.229938113240293784e+00,1.791196295195828903e+00,1.493402472635063427e+00
4.435999999999999943e+01,3.230217845873069482e+00,1.794821883351580105e+00,1.494185081330715592e+00
4.438000000000000256e+01,3.230494741003653303e+00,1.798447689318206200e+00,1.494967690026367535e+00
4.439999999999999858e+01,3.230768798462452462e+00,1.802073710874986912e+00,1.495750298722019478e+00
4.442000000000000171e+01,3.231040018081613674e+00,1.805699945801070072e+00,1.496532907417671865e+00
4.443999999999999773e+01,3.231308399695020483e+00,1.809326391875472284e+00,1.497315516113324030e+00
4.446000000000000085e+01,3.231600497482624235e+00,1.813315712377242095e+00,1.498098124808976195e+00
4.447999999999999687e+01,3.231889473104180510e+00,1.817305260255575039e+00,1.498880733504628360e+00
4.450000000000000000e+01,3.232175326382699332e+00,1.821295033066967273e+00,1.499663342200280525e+00
4.452000000000000313e+01,3.232458057143101193e+00,1.825285028367777507e+00,1.500445950895932690e+00
4.453999999999999915e+01,3.232737665212221501e+00,1.829275243714227894e+00,1.501228559591584855e+00
4.456000000000000227e+01,3.233014150418805244e+00,1.833265676662405808e+00,1.502011168287237242e+00
4.457999999999999829e+01,3.233287512593513657e+00,1.837256324768265836e+00,1.502793776982889407e+00
4.460000000000000142e+01,3.233557751568918004e+00,1.841247185587630009e+00,1.503576385678541349e+00
4.461999999999999744e+01,3.233824867179502682e+00,1.845238256676190902e+00,1.504358994374193292e+00
4.464000000000000057e+01,3.234088859261666560e+00,1.849229535589511642e+00,1.505141603069845457e+00
4.465999999999999659e+01,3.234349727653720308e+00,1.853221019883028564e+00,1.505924211765497844e+00
4.467999999999999972e+01,3.234607472195889066e+00,1.857212707112051664e+00,1.506706820461150009e+00
4.470000000000000284e+01,3.234862092730309335e+00,1.861204594831767256e+00,1.507489429156802174e+00
4.471999999999999886e+01,3.235113589101032527e+00,1.865196680597238421e+00,1.508272037852454339e+00
4.474000000000000199e+01,3.235361961154022747e+00,1.869188961963407003e+00,1.509054646548106504e+00
4.475999999999999801e+01,3.235607208737158569e+00,1.873181436485095386e+00,1.509837255243758447e+00
4.478000000000000114e+01,3.235849331700231257e+00,1.877174101717007160e+00,1.510619863939411056e+00
4.479999999999999716e+01,3.236088329894946547e+00,1.881166955213729564e+00,1.511402472635063221e+00
4.482000000000000028e+01,3.236324203174923309e+00,1.885159994529734151e+00,1.512185081330715386e+00
4.484000000000000341e+01,3.236556951395694437e+00,1.889153217219378789e+00,1.512967690026367329e+00
4.485999999999999943e+01,3.236765699594797763e+00,1.892783584144406284e+00,1.513750298722019494e+00
4.488000000000000256e+01,3.236971606573540328e+00,1.896414113325815887e+00,1.514532907417671659e+00
4.489999999999999858e+01,3.237174672205809234e+00,1.900044802539994526e+00,1.515315516113324046e+00
4.492000000000000171e+01,3.237374896367231525e+00,1.903675649563230987e+00,1.516098124808975989e+00
4.493999999999999773e+01,3.237572278935174630e+00,1.907306652171717243e+00,1.516880733504628154e+00
4.496000000000000085e+01,3.237786273874103671e+00,1.911300923738533664e+00,1.517663342200280319e+00
4.497999999999999687e+01,3.237997142796157135e+00,1.915295361556434539e+00,1.518445950895932484e+00
4.500000000000000000e+01,3.238204885572183223e+00,1.919289963178921310e+00,1.519228559591584649e+00
4.502000000000000313e+01,3.238409502074944157e+00,1.923284726159395053e+00,1.520011168287237036e+00
4.503999999999999915e+01,3.238610992179117964e+00,1.927279648051157812e+00,1.520793776982888978e+00
4.506000000000000227e+01,3.238809355761294917e+00,1.931274726407414377e+00,1.521576385678541365e+00
4.507999999999999829e+01,3.239004592699983753e+00,1.935269958781274058e+00,1.522358994374193530e+00
4.510000000000000142e+01,3.239196702875605904e+00,1.939265342725751351e+00,1.523141603069845473e+00
4.511999999999999744e+01,3.239385686170498158e+00,1.943260875793768161e+00,1.523924211765497638e+00
4.514000000000000057e+01,3.239571542468912213e+00,1.947256555538155132e+00,1.524706820461149803e+00
4.515999999999999659e+01,3.239754271657017348e+00,1.951252379511652979e+00,1.525489429156801968e+00
4.517999999999999972e+01,3.239933873622894200e+00,1.955248345266913823e+00,1.526272037852454133e+00
4.520000000000000284e+01,3.240110348256542316e+00,1.959244450356503409e+00,1.527054646548106298e+00
4.521999999999999886e+01,3.240283695449874379e+00,1.963240692332901771e+00,1.527837255243758685e+00
4.524000000000000199e+01,3.240453915096718873e+00,1.967237068748505235e+00,1.528619863939410628e+00
4.525999999999999801e+01,3.240621007092821415e+00,1.971233577155627970e+00,1.529402472635063015e+00
4.528000000000000114e+01,3.240784971335842091e+00,1.975230215106503096e+00,1.530185081330715180e+00
4.529999999999999716e+01,3.240945807725355898e+00,1.979226980153284465e+00,1.530967690026367123e+00
4.532000000000000028e+01,3.241103516162854525e+00,1.983223869848047993e+00,1.531750298722019288e+00
4.534000000000000341e+01,3.241258096551745460e+00,1.987220881742793210e+00,1.532532907417671453e+00
4.535999999999999943e+01,3.241395780411387317e+00,1.990854637785203884e+00,1.533315516113323618e+00
4.538000000000000256e+01,3.241530620420079334e+00,1.994488500467394676e+00,1.534098124808975783e+00
4.539999999999999858e+01,3.241662616495234239e+00,1.998122467563710591e+00,1.534880733504627948e+00
4.542000000000000171e+01,3.241791768556008257e+00,2.001756536848432688e+00,1.535663342200280113e+00
4.543999999999999773e+01,3.241918076523298442e+00,2.005390706095779407e+00,1.536445950895932500e+00
4.546000000000000085e+01,3.242053886699388876e+00,2.009388399778321066e+00,1.537228559591584443e+00
4.547999999999999687e+01,3.242186568204369124e+00,2.013386198522830295e+00,1.538011168287236607e+00
4.550000000000000000e+01,3.242316120956976189e+00,2.017384099880750181e+00,1.538793776982888550e+00
4.552000000000000313e+01,3.242442544877861543e+00,2.021382101403460307e+00,1.539576385678541159e+00
4.553999999999999915e+01,3.242565839889594237e+00,2.025380200642279416e+00,1.540358994374193102e+00
4.556000000000000227e+01,3.242687048922567428e+00,2.029378363755457659e+00,1.540619863939410195e+00
4.557999999999999829e+01,3.242807214952357242e+00,2.033376558352339991e+00,1.540880733504627731e+00
4.560000000000000142e+01,3.242926337970784001e+00,2.037374784160837393e+00,1.541141603069844823e+00
4.561999999999999744e+01,3.243044417969739523e+00,2.041373040908859071e+00,1.541402472635062360e+00
4.564000000000000057e+01,3.243161454941190236e+00,2.045371328324311566e+00,1.541663342200279674e+00
4.565999999999999659e+01,3.243266903973899939e+00,2.049006162697755595e+00,1.541924211765496988e+00
4.567999999999999972e+01,3.243371404785369894e+00,2.052641024455962082e+00,1.542185081330714302e+00
4.570000000000000284e+01,3.243474957368488898e+00,2.056275913351568008e+00,1.542445950895931617e+00
4.571999999999999886e+01,3.243577561716207480e+00,2.059910829137208577e+00,1.542706820461148931e+00
4.574000000000000199e+01,3.243679217821546334e+00,2.063545771565517217e+00,1.542967690026366023e+00
4.575999999999999801e+01,3.243789996463190217e+00,2.067544237271486285e+00,1.543228559591583560e+00
4.578000000000000114e+01,3.243899732023065585e+00,2.071542731740177334e+00,1.543489429156801096e+00
4.579999999999999716e+01,3.244008424493705967e+00,2.075541254699480920e+00,1.543750298722018410e+00
4.582000000000000028e+01,3.244116073867712835e+00,2.079539805877286263e+00,1.544011168287235503e+00
4.584000000000000341e+01,3.244222680137760939e+00,2.083538385001480364e+00,1.544272037852452817e+00
4.585999999999999943e+01,3.244318646645793613e+00,2.087173482090996401e+00,1.544532907417669909e+00
4.588000000000000256e+01,3.244413664864373548e+00,2.090808604091563883e+00,1.544793776982887445e+00
4.589999999999999858e+01,3.244507734787036579e+00,2.094443750755802025e+00,1.545054646548104760e+00
4.592000000000000171e+01,3.244600856407378942e+00,2.098078921836328270e+00,1.545315516113322074e+00
4.593999999999999773e+01,3.244693029719064814e+00,2.101714117085759170e+00,1.545576385678539388e+00
4.596000000000000085e+01,3.244789204540408978e+00,2.105712959800098538e+00,1.547924211765495661e+00
4.597999999999999687e+01,3.244875990518064413e+00,2.109712017294604891e+00,1.550272037852452378e+00
4.600000000000000000e+01,3.244953387173642678e+00,2.113711267525334225e+00,1.552619863939408873e+00
4.602000000000000313e+01,3.245021394080511268e+00,2.117710688447280720e+00,1.554967690026365590e+00
4.603999999999999915e+01,3.245080010863796272e+00,2.121710258014497086e+00,1.557315516113321863e+00
4.606000000000000227e+01,3.245129237200385486e+00,2.125709954180216688e+00,1.559663342200278358e+00
4.607999999999999829e+01,3.245169072818929745e+00,2.129709754896974783e+00,1.562011168287234852e+00
4.610000000000000142e+01,3.245199517499843367e+00,2.133709638116731089e+00,1.564358994374191347e+00
4.611999999999999744e+01,3.245220571075306371e+00,2.137709581790990132e+00,1.566706820461147620e+00
4.614000000000000057e+01,3.245232233429265811e+00,2.141709563870922928e+00,1.569054646548104337e+00
4.615999999999999659e+01,3.245235246653115357e+00,2.145345925753610938e+00,1.570880733504625981e+00
4.617999999999999972e+01,3.245231619562627845e+00,2.148982287075811737e+00,1.572706820461147625e+00
4.620000000000000284e+01,3.245221352169898932e+00,2.152618635711741835e+00,1.574532907417669270e+00
4.621999999999999886e+01,3.245204444509165675e+00,2.156254959535659488e+00,1.576358994374190914e+00
4.624000000000000199e+01,3.245180896636808310e+00,2.159891246421906441e+00,1.578185081330712336e+00
4.625999999999999801e+01,3.245150708631349357e+00,2.163527484244947008e+00,1.580011168287234202e+00
4.628000000000000114e+01,3.245110197789664142e+00,2.167527278542855207e+00,1.581837255243755846e+00
4.629999999999999716e+01,3.245062383047385701e+00,2.171526992195642602e+00,1.583663342200277491e+00
4.632000000000000028e+01,3.245007264563956717e+00,2.175526611865893578e+00,1.585489429156799135e+00
4.634000000000000341e+01,3.244944842523174611e+00,2.179526124216505600e+00,1.587315516113320779e+00
4.635999999999999943e+01,3.244876160450450797e+00,2.183525534236053112e+00,1.588619863939407795e+00
4.638000000000000256e+01,3.244802261815866729e+00,2.187524851268169535e+00,1.589924211765494810e+00
4.639999999999999858e+01,3.244723146745147613e+00,2.191524068508725165e+00,1.591228559591582048e+00
4.642000000000000171e+01,3.244638815372894225e+00,2.195523179153759052e+00,1.592532907417669064e+00
4.643999999999999773e+01,3.244549267842581131e+00,2.199522176399492768e+00,1.593837255243755635e+00
4.646000000000000085e+01,3.244454504306558018e+00,2.203521053442340172e+00,1.595141603069842651e+00
4.647999999999999687e+01,3.244354524926047478e+00,2.207519803478919407e+00,1.596445950895929888e+00
4.650000000000000000e+01,3.244249329871147669e+00,2.211518419706065330e+00,1.597750298722016904e+00
4.652000000000000313e+01,3.244138919320828762e+00,2.215516895320840174e+00,1.599054646548103920e+00
4.653999999999999915e+01,3.244023293462934721e+00,2.219515223520545089e+00,1.600358994374190935e+00
4.656000000000000227e+01,3.243901409504692523e+00,2.223513365570872757e+00,1.602185081330712579e+00
4.657999999999999829e+01,3.243772224798676440e+00,2.227511278384529891e+00,1.604011168287234224e+00
4.660000000000000142e+01,3.243635739775664550e+00,2.231508948630106293e+00,1.605837255243755868e+00
4.661999999999999744e+01,3.243491954890779017e+00,2.235506362977000006e+00,1.607663342200277512e+00
4.664000000000000057e+01,3.243340870623483863e+00,2.239503508095462614e+00,1.609489429156798934e+00
4.665999999999999659e+01,3.243196885945391905e+00,2.243137019514717778e+00,1.611315516113321022e+00
4.667999999999999972e+01,3.243046266403244005e+00,2.246770261947436342e+00,1.613141603069842445e+00
4.670000000000000284e+01,3.242889012499294399e+00,2.250403223278234499e+00,1.614967690026364089e+00
4.671999999999999886e+01,3.242725124757920963e+00,2.254035891392666358e+00,1.616793776982885733e+00
4.674000000000000199e+01,3.242554603725622542e+00,2.257668254177263467e+00,1.618619863939407377e+00
4.675999999999999801e+01,3.242357650184187534e+00,2.261663401023540132e+00,1.621489429156798723e+00
4.678000000000000114e+01,3.242149233134954844e+00,2.265657966250743893e+00,1.624358994374190068e+00
4.679999999999999716e+01,3.241929354294113441e+00,2.269651916966031635e+00,1.627228559591581636e+00
4.682000000000000028e+01,3.241698015472233241e+00,2.273645220281619750e+00,1.630098124808972759e+00
4.684000000000000341e+01,3.241455218574250452e+00,2.277637843315056365e+00,1.632967690026364105e+00
4.685999999999999943e+01,3.241202006947165426e+00,2.281629819833298267e+00,1.635315516113320378e+00
4.688000000000000256e+01,3.240939423559969779e+00,2.285621190852766826e+00,1.637663342200277317e+00
4.689999999999999858e+01,3.240667469860098571e+00,2.289611934371888591e+00,1.640011168287233367e+00
4.692000000000000171e+01,3.240386147346637991e+00,2.293602028392548231e+00,1.642358994374190084e+00
4.693999999999999773e+01,3.240095457570317805e+00,2.297591450920211553e+00,1.644706820461146579e+00
4.696000000000000085e+01,3.239822679900485891e+00,2.301217568232787780e+00,1.647054646548103074e+00
4.697999999999999687e+01,3.239541389497468504e+00,2.304843035117327243e+00,1.649402472635059569e+00
4.700000000000000000e+01,3.239251587911819108e+00,2.308467831589224417e+00,1.651750298722015842e+00
4.702000000000000313e+01,3.238953276741006082e+00,2.312091937667568597e+00,1.654098124808972559e+00
4.703999999999999915e+01,3.238646457629405173e+00,2.315715333375254925e+00,1.656445950895929053e+00
4.706000000000000227e+01,3.238300639260044633e+00,2.319700355986142881e+00,1.658272037852450920e+00
4.707999999999999829e+01,3.237947544473498418e+00,2.323684740458754394e+00,1.660098124808972342e+00
4.710000000000000142e+01,3.237587174447194460e+00,2.327668473506790736e+00,1.661924211765494208e+00
4.711999999999999744e+01,3.237219530382819510e+00,2.331651541846124776e+00,1.663750298722015630e+00
4.714000000000000057e+01,3.236844613506317359e+00,2.335633932194845830e+00,1.665576385678537275e+00
4.715999999999999659e+01,3.236459309204025026e+00,2.339615329595262860e+00,1.668967690026363249e+00
4.717999999999999972e+01,3.236060505012979149e+00,2.343595397419134585e+00,1.672358994374189667e+00
4.720000000000000284e+01,3.235648205519800147e+00,2.347574089891962590e+00,1.675750298722015863e+00
4.721999999999999886e+01,3.235222415466317614e+00,2.351551361255066919e+00,1.679141603069842059e+00
4.724000000000000199e+01,3.234783139749515257e+00,2.355527165766111430e+00,1.682532907417668477e+00
4.725999999999999801e+01,3.234332456914162268e+00,2.359501694371141767e+00,1.684880733504624972e+00
4.728000000000000114e+01,3.233872443827586096e+00,2.363475153897859560e+00,1.687228559591581467e+00
4.729999999999999716e+01,3.233403103025509484e+00,2.367447522443423935e+00,1.689576385678537962e+00
4.732000000000000028e+01,3.232924437095073600e+00,2.371418778111008763e+00,1.691924211765494457e+00
4.734000000000000341e+01,3.232436448674820273e+00,2.375388899009921673e+00,1.694272037852450508e+00
4.735999999999999943e+01,3.231938105146160645e+00,2.379357732937946501e+00,1.697141603069842075e+00
4.738000000000000256e+01,3.231428374857117092e+00,2.383325120498196892e+00,1.700011168287233643e+00
4.739999999999999858e+01,3.230907262005012548e+00,2.387291029021620936e+00,1.702880733504624766e+00
4.742000000000000171e+01,3.230374770880897639e+00,2.391255425851346317e+00,1.705750298722016334e+00
4.743999999999999773e+01,3.229830905869516933e+00,2.395218278342948093e+00,1.708619863939407457e+00
4.746000000000000085e+01,3.229276704781517626e+00,2.399179699023000101e+00,1.710967690026364174e+00
4.747999999999999687e+01,3.228713204502706269e+00,2.403139807618236201e+00,1.713315516113320447e+00
4.750000000000000000e+01,3.228140408139256845e+00,2.407098582299409983e+00,1.715663342200276942e+00
4.752000000000000313e+01,3.227558318848585461e+00,2.411056001244627822e+00,1.718011168287233437e+00
4.753999999999999915e+01,3.226966939839334803e+00,2.415012042639469669e+00,1.720358994374189709e+00
4.756000000000000227e+01,3.226366274371354148e+00,2.418966684677108514e+00,1.722706820461146648e+00
4.757999999999999829e+01,3.225756325755682496e+00,2.422919905558431175e+00,1.725054646548102921e+00
4.760000000000000142e+01,3.225137097354530358e+00,2.426871683492158205e+00,1.727402472635059416e+00
4.761999999999999744e+01,3.224508592581261102e+00,2.430821996694964238e+00,1.729750298722015911e+00
4.764000000000000057e+01,3.223870814900372306e+00,2.434770823391597450e+00,1.732098124808972184e+00
4.765999999999999659e+01,3.223221708607124203e+00,2.438717802703106230e+00,1.735489429156798824e+00
4.767999999999999972e+01,3.222559220664098056e+00,2.442662558004865758e+00,1.738880733504624798e+00
4.770000000000000284e+01,3.221883358690524002e+00,2.446605043928504752e+00,1.742272037852450994e+00
4.771999999999999886e+01,3.221194130459446026e+00,2.450545215131751942e+00,1.745663342200276968e+00
4.774000000000000199e+01,3.220491543897633147e+00,2.454483026298957871e+00,1.749054646548103387e+00
4.775999999999999801e+01,3.219775607085486602e+00,2.458418432141615817e+00,1.752445950895929361e+00
4.778000000000000114e+01,3.219046328256948364e+00,2.462351387398882263e+00,1.755837255243755557e+00
4.779999999999999716e+01,3.218303715799406550e+00,2.466281846838097813e+00,1.759228559591581975e+00
4.782000000000000028e+01,3.217547778253598167e+00,2.470209765255306777e+00,1.762619863939407949e+00
4.784000000000000341e+01,3.216778524313511411e+00,2.474135097475778533e+00,1.766011168287234145e+00
4.785999999999999943e+01,3.215996986059801888e+00,2.478058002901453172e+00,1.768880733504625713e+00
4.788000000000000256e+01,3.215204194006329619e+00,2.481978649503832290e+00,1.771750298722016836e+00
4.789999999999999858e+01,3.214400154681260613e+00,2.485897004998748550e+00,1.774619863939408182e+00
4.792000000000000171e+01,3.213584874705375682e+00,2.489813037120899519e+00,1.777489429156799750e+00
4.793999999999999773e+01,3.212758360792015377e+00,2.493726713624114577e+00,1.780358994374191095e+00
4.796000000000000085e+01,3.211918579436443988e+00,2.497637563513712244e+00,1.784272037852451920e+00
4.797999999999999687e+01,3.211063501223591299e+00,2.501545097369488158e+00,1.788185081330712745e+00
4.800000000000000000e+01,3.210193139246320548e+00,2.505449255359715188e+00,1.792098124808973569e+00
4.802000000000000313e+01,3.209307506831517998e+00,2.509349977704356416e+00,1.796011168287234394e+00
4.803999999999999915e+01,3.208406617539889982e+00,2.513247204675981283e+00,1.799924211765495219e+00
4.806000000000000227e+01,3.207490485165753746e+00,2.517140876600680421e+00,1.803837255243756044e+00
4.807999999999999829e+01,3.206559123736827388e+00,2.521030933858978695e+00,1.807750298722016646e+00
4.810000000000000142e+01,3.205612547514014476e+00,2.524917316886748253e+00,1.811663342200277693e+00
4.811999999999999744e+01,3.204650770991185560e+00,2.528799966176121128e+00,1.815576385678538518e+00
4.814000000000000057e+01,3.203673808894956565e+00,2.532678822276399178e+00,1.819489429156799343e+00
4.815999999999999659e+01,3.202682686931313416e+00,2.536554085095692468e+00,1.822880733504625539e+00
4.817999999999999972e+01,3.201678428496627760e+00,2.540425964440633066e+00,1.826272037852451957e+00
4.820000000000000284e+01,3.200661045140809957e+00,2.544294415780991248e+00,1.829663342200277931e+00
4.821999999999999886e+01,3.199630548564718513e+00,2.548159394625962637e+00,1.833054646548104127e+00
4.824000000000000199e+01,3.198586950620026848e+00,2.552020856524680248e+00,1.836445950895930324e+00
4.825999999999999801e+01,3.197529257104167577e+00,2.555878480665345176e+00,1.840358994374191148e+00
4.828000000000000114e+01,3.196456476673488645e+00,2.559731936482100068e+00,1.844272037852451973e+00
4.829999999999999716e+01,3.195368625754285485e+00,2.563581164971254545e+00,1.848185081330712798e+00
4.832000000000000028e+01,3.194265721003611613e+00,2.567426107193846896e+00,1.852098124808973845e+00
4.834000000000000341e+01,3.193147779309023271e+00,2.571266704276545134e+00,1.856011168287234447e+00
4.835999999999999943e+01,3.192119633665353895e+00,2.574754690508965105e+00,1.858880733504625793e+00
4.838000000000000256e+01,3.191081483264530227e+00,2.578239712053721711e+00,1.861750298722017138e+00
4.839999999999999858e+01,3.190033336655096807e+00,2.581721740213757332e+00,1.864619863939408484e+00
4.842000000000000171e+01,3.188975202467910997e+00,2.585200746316663079e+00,1.867489429156799607e+00
4.843999999999999773e+01,3.187907089416071926e+00,2.588676701714915040e+00,1.870358994374191397e+00
4.846000000000000085e+01,3.186827194824779053e+00,2.592149013811335223e+00,1.874272037852452000e+00
4.847999999999999687e+01,3.185733721227570925e+00,2.595617073660221319e+00,1.878185081330712825e+00
4.850000000000000000e+01,3.184626685367594412e+00,2.599080828159023859e+00,1.882098124808973871e+00
4.852000000000000313e+01,3.183506104195660935e+00,2.602540224271115754e+00,1.886011168287234474e+00
4.853999999999999915e+01,3.182371994869985343e+00,2.605995209026604975e+00,1.889924211765495299e+00
4.856000000000000227e+01,3.181110602736525017e+00,2.609791111363475302e+00,1.893315516113321717e+00
4.857999999999999829e+01,3.179836344821235006e+00,2.613582714115707528e+00,1.896706820461147469e+00
4.860000000000000142e+01,3.178549235779271953e+00,2.617369973676327621e+00,1.900098124808973665e+00
4.861999999999999744e+01,3.177249290413592053e+00,2.621152846488313148e+00,1.903489429156800083e+00
4.864000000000000057e+01,3.175936523674780965e+00,2.624931289045092875e+00,1.906880733504626502e+00
4.865999999999999659e+01,3.174611935039304278e+00,2.628705604077991254e+00,1.909750298722017847e+00
4.867999999999999972e+01,3.173276521229149161e+00,2.632476102583022559e+00,1.912619863939408971e+00
4.870000000000000284e+01,3.171930293240645682e+00,2.636242753512398451e+00,1.915489429156800316e+00
4.871999999999999886e+01,3.170573262159171790e+00,2.640005525850012358e+00,1.918358994374191440e+00
4.874000000000000199e+01,3.169328895486310582e+00,2.643422348848958769e+00,1.921750298722017858e+00
4.875999999999999801e+01,3.168072948504657926e+00,2.646834932181557853e+00,1.925141603069844054e+00
4.878000000000000114e+01,3.166805435658777590e+00,2.650243236599913565e+00,1.928532907417670250e+00
4.879999999999999716e+01,3.165526371526251381e+00,2.653647222905341607e+00,1.931924211765496668e+00
4.882000000000000028e+01,3.164235770817511728e+00,2.657046851948819288e+00,1.935315516113322643e+00
4.884000000000000341e+01,3.162932762914019591e+00,2.660441744292721733e+00,1.939228559591583245e+00
4.885999999999999943e+01,3.161616480658840267e+00,2.663831511931948448e+00,1.943141603069844292e+00
4.888000000000000256e+01,3.160286944206741833e+00,2.667216102962751023e+00,1.947054646548105117e+00
4.889999999999999858e+01,3.158944173915440246e+00,2.670595465560645199e+00,1.950967690026365942e+00
4.892000000000000171e+01,3.157588190345285817e+00,2.673969547981203565e+00,1.954880733504626766e+00
4.893999999999999773e+01,3.156357513520405611e+00,2.677002066901942978e+00,1.957750298722018112e+00
4.896000000000000085e+01,3.155118139763593899e+00,2.680031041834633143e+00,1.960619863939409235e+00
4.897999999999999687e+01,3.153870079280348904e+00,2.683056447837486314e+00,1.963489429156800803e+00
4.900000000000000000e+01,3.152613342347697856e+00,2.686078259998102791e+00,1.966358994374192148e+00
4.902000000000000313e+01,3.151347939314114388e+00,2.689096453433676093e+00,1.969228559591583494e+00
4.903999999999999915e+01,3.150073094411995456e+00,2.692110670415230889e+00,1.972619863939409912e+00
4.906000000000000227e+01,3.148788034733269736e+00,2.695120546684858009e+00,1.976011168287235886e+00
4.907999999999999829e+01,3.147492775057323389e+00,2.698126047626168589e+00,1.979402472635062082e+00
4.910000000000000142e+01,3.146187330280852734e+00,2.701127138673094397e+00,1.982793776982888279e+00
4.911999999999999744e+01,3.144871715417692393e+00,2.704123785310284411e+00,1.986185081330714475e+00
4.914000000000000057e+01,3.143694640894941106e+00,2.706784105140265684e+00,1.988532907417671192e+00
4.915999999999999659e+01,3.142511323653816468e+00,2.709441654074294714e+00,1.990880733504627464e+00
4.917999999999999972e+01,3.141321770217100351e+00,2.712096417463205178e+00,1.993228559591584181e+00
4.920000000000000284e+01,3.140125987141949793e+00,2.714748380673185135e+00,1.995576385678540676e+00
4.921999999999999886e+01,3.138923981019861920e+00,2.717397529085857855e+00,1.997924211765496727e+00
4.924000000000000199e+01,3.137715068310782840e+00,2.720043532519718088e+00,2.000793776982888073e+00
4.925999999999999801e+01,3.136498567710039875e+00,2.722686056010354516e+00,2.003663342200279196e+00
4.928000000000000114e+01,3.135274489234784578e+00,2.725325077798174345e+00,2.006532907417670319e+00
4.929999999999999716e+01,3.134042842964567033e+00,2.727960576152419936e+00,2.009402472635061443e+00
4.932000000000000028e+01,3.132803639041254140e+00,2.730592529371346444e+00,2.012272037852452566e+00
4.934000000000000341e+01,3.131713331461700278e+00,2.732892652248196885e+00,2.014619863939409061e+00
4.935999999999999943e+01,3.130617626603656944e+00,2.735190208935355027e+00,2.016967690026365556e+00
4.938000000000000256e+01,3.129516530506961658e+00,2.737485186768033874e+00,2.019315516113321607e+00
4.939999999999999858e+01,3.128410049241169943e+00,2.739777573095661722e+00,2.021663342200278546e+00
4.942000000000000171e+01,3.127298188905521137e+00,2.742067355281952779e+00,2.024011168287235041e+00
4.943999999999999773e+01,3.126180955628906410e+00,2.744354520704975098e+00,2.026358994374191536e+00
4.946000000000000085e+01,3.125058355569833690e+00,2.746639056757221642e+00,2.028706820461148030e+00
4.947999999999999687e+01,3.123930394916394349e+00,2.748920950845679112e+00,2.031054646548104525e+00
4.950000000000000000e+01,3.122797079886228566e+00,2.751200190391897227e+00,2.033402472635061020e+00
4.952000000000000313e+01,3.121658416726491581e+00,2.753476762832058444e+00,2.035750298722017515e+00
4.953999999999999915e+01,3.120513818693152253e+00,2.755750356845713345e+00,2.038619863939408638e+00
4.956000000000000227e+01,3.119362701155005357e+00,2.758020657004331522e+00,2.041489429156799762e+00
4.957999999999999829e+01,3.118205073590811338e+00,2.760287644613355962e+00,2.044358994374190885e+00
4.960000000000000142e+01,3.117040945532937535e+00,2.762551301005506055e+00,2.047228559591582009e+00
4.961999999999999744e+01,3.115870326567279136e+00,2.764811607540932581e+00,2.050098124808973132e+00
4.964000000000000057e+01,3.114862392754895737e+00,2.766746652420400299e+00,2.051924211765494999e+00
4.965999999999999659e+01,3.113850927064785612e+00,2.768679853499809607e+00,2.053750298722016865e+00
4.967999999999999972e+01,3.112835932869775224e+00,2.770611204332722899e+00,2.055576385678538731e+00
4.970000000000000284e+01,3.111817413554456735e+00,2.772540698478871413e+00,2.057402472635060597e+00
4.971999999999999886e+01,3.110795372515176460e+00,2.774468329504178765e+00,2.059228559591582464e+00
4.974000000000000199e+01,3.109769813160025542e+00,2.776394090980780049e+00,2.061054646548104330e+00
4.975999999999999801e+01,3.108740738908827073e+00,2.778317976487045815e+00,2.062880733504626196e+00
4.978000000000000114e+01,3.107708153193123657e+00,2.780239979607601164e+00,2.064706820461148506e+00
4.979999999999999716e+01,3.106672059456168533e+00,2.782160093933348843e+00,2.066532907417669929e+00
4.982000000000000028e+01,3.105632461152911805e+00,2.784078313061489673e+00,2.068358994374191795e+00
4.984000000000000341e+01,3.104591361811503525e+00,2.785995718264580479e+00,2.068098124808974259e+00
4.985999999999999943e+01,3.103550762698175536e+00,2.787913394993557947e+00,2.067837255243756722e+00
4.988000000000000256e+01,3.102510663883744524e+00,2.789831343117919360e+00,2.067576385678539186e+00
4.989999999999999858e+01,3.101471065438992092e+00,2.791749562507141569e+00,2.067315516113321650e+00
4.992000000000000171e+01,3.100431967434666092e+00,2.793668053030685439e+00,2.067054646548104113e+00
4.993999999999999773e+01,3.099564801624919763e+00,2.795266116753993835e+00,2.068880733504625979e+00
4.996000000000000085e+01,3.098694719059296609e+00,2.796862594293561877e+00,2.070706820461147846e+00
4.997999999999999687e+01,3.097821722639167774e+00,2.798457480325787561e+00,2.072532907417669712e+00
5.000000000000000000e+01,3.096945815275620628e+00,2.800050769532375750e+00,2.074358994374191578e+00
5.002000000000000313e+01,3.096066999889449889e+00,2.801642456600355935e+00,2.076185081330713444e+00
5.003999999999999915e+01,3.095185694184547920e+00,2.803232766290255640e+00,2.077489429156800238e+00
5.006000000000000227e+01,3.094302314912940055e+00,2.804821925098485824e+00,2.078793776982887476e+00
5.007999999999999829e+01,3.093416863577539644e+00,2.806409930321374091e+00,2.080098124808973825e+00
5.010000000000000142e+01,3.092529341684785660e+00,2.807996779257210473e+00,2.081402472635060619e+00
5.011999999999999744e+01,3.091639750744639592e+00,2.809582469206252320e+00,2.082706820461147412e+00
5.014000000000000057e+01,3.090749332548518691e+00,2.811167694912970028e+00,2.082445950895929876e+00
5.015999999999999659e+01,3.089859327919830978e+00,2.812753152848753491e+00,2.082185081330712340e+00
5.017999999999999972e+01,3.088969736919144893e+00,2.814338842905707239e+00,2.081924211765494803e+00
5.020000000000000284e+01,3.088080559607000009e+00,2.815924764975920258e+00,2.081663342200277267e+00
5.021999999999999886e+01,3.087191796043906145e+00,2.817510918951465992e+00,2.081402472635059731e+00
5.024000000000000199e+01,3.086303860180479752e+00,2.819097536377842772e+00,2.080619863939407566e+00
5.025999999999999801e+01,3.085417166289440960e+00,2.820684848224593200e+00,2.079837255243755401e+00
5.028000000000000114e+01,3.084531714913868683e+00,2.822272853519527391e+00,2.079054646548103236e+00
5.029999999999999716e+01,3.083647506596081111e+00,2.823861551290028693e+00,2.078272037852451071e+00
5.032000000000000028e+01,3.082764541877635267e+00,2.825450940563057678e+00,2.077489429156798906e+00
5.034000000000000341e+01,3.082057838460348975e+00,2.826722267609641737e+00,2.078793776982885699e+00
5.035999999999999943e+01,3.081349477392028913e+00,2.827992671787951995e+00,2.080098124808972493e+00
5.038000000000000256e+01,3.080639459877825725e+00,2.829262150936620923e+00,2.081402472635059731e+00
5.039999999999999858e+01,3.079927787125708694e+00,2.830530702895854400e+00,2.082706820461146080e+00
5.042000000000000171e+01,3.079214460346463511e+00,2.831798325507435710e+00,2.084011168287232874e+00
5.043999999999999773e+01,3.078499480753688733e+00,2.833065016614729092e+00,2.085315516113319667e+00
5.046000000000000085e+01,3.077782849563796219e+00,2.834330774062684188e+00,2.086619863939406461e+00
5.047999999999999687e+01,3.077064567996006694e+00,2.835595595697838256e+00,2.087924211765493254e+00
5.050000000000000000e+01,3.076344637272349303e+00,2.836859479368321502e+00,2.089228559591580048e+00
5.052000000000000313e+01,3.075623058617658501e+00,2.838122422923859745e+00,2.090532907417666841e+00
5.053999999999999915e+01,3.074900821084985747e+00,2.839384989917623336e+00,2.090272037852449305e+00
5.056000000000000227e+01,3.074178912942187036e+00,2.840647745278215286e+00,2.090011168287231769e+00
5.057999999999999829e+01,3.073457334238390626e+00,2.841910688919701222e+00,2.089750298722014232e+00
5.060000000000000142e+01,3.072736085022701680e+00,2.843173820756133896e+00,2.089489429156796696e+00
5.061999999999999744e+01,3.072015165344203158e+00,2.844437140701554068e+00,2.089228559591579160e+00
5.064000000000000057e+01,3.071294904903585365e+00,2.845700836578351378e+00,2.088445950895926995e+00
5.065999999999999659e+01,3.070575633662819826e+00,2.846965095750183306e+00,2.087663342200274830e+00
5.067999999999999972e+01,3.069857352062442590e+00,2.848229917442720804e+00,2.086880733504622665e+00
5.070000000000000284e+01,3.069140060542384862e+00,2.849495300881290660e+00,2.086098124808970500e+00
5.071999999999999886e+01,3.068423759541970330e+00,2.850761245290875490e+00,2.085315516113318335e+00
5.074000000000000199e+01,3.067885296069422285e+00,2.851710001630917812e+00,2.088706820461144531e+00
5.075999999999999801e+01,3.067343618177957421e+00,2.852656926425152673e+00,2.092098124808970727e+00
5.078000000000000114e+01,3.066798732097376856e+00,2.853602008783060473e+00,2.095489429156796923e+00
5.079999999999999716e+01,3.066250644094380196e+00,2.854545237835311333e+00,2.098880733504623120e+00
5.082000000000000028e+01,3.065699360472490920e+00,2.855486602733889878e+00,2.102272037852449316e+00
5.084000000000000341e+01,3.065145867984981454e+00,2.856426671104899118e+00,2.103576385678536109e+00
5.085999999999999943e+01,3.064591149792518454e+00,2.857366016729710356e+00,2.104880733504622903e+00
5.088000000000000256e+01,3.064035206838856773e+00,2.858304638010193077e+00,2.106185081330709696e+00
5.089999999999999858e+01,3.063478040069834485e+00,2.859242533349449555e+00,2.107489429156796490e+00
5.092000000000000171e+01,3.062919650433372887e+00,2.860179701151816634e+00,2.108793776982883283e+00
5.093999999999999773e+01,3.062360283161482677e+00,2.861116285819118144e+00,2.109576385678535448e+00
5.096000000000000085e+01,3.061800183081662130e+00,2.862052432433955573e+00,2.110358994374187613e+00
5.097999999999999687e+01,3.061239350536959059e+00,2.862988140422960903e+00,2.111141603069839778e+00
5.100000000000000000e+01,3.060677785870870249e+00,2.863923409213035232e+00,2.111924211765491943e+00
5.102000000000000313e+01,3.060115489427341018e+00,2.864858238231348331e+00,2.112706820461144108e+00
5.103999999999999915e+01,3.059552461550764324e+00,2.865792626905339979e+00,2.113489429156796273e+00
5.106000000000000227e+01,3.058988702585981656e+00,2.866726574662719074e+00,2.114272037852448438e+00
5.107999999999999829e+01,3.058424212878281701e+00,2.867660080931464517e+00,2.115054646548100603e+00
5.110000000000000142e+01,3.057858992773401230e+00,2.868593145139826106e+00,2.115837255243752768e+00
5.111999999999999744e+01,3.057293042617524215e+00,2.869525766716324089e+00,2.116619863939404933e+00
5.114000000000000057e+01,3.056727335799152456e+00,2.870458535857939086e+00,2.115315516113318139e+00
5.115999999999999659e+01,3.056162846117062681e+00,2.871392042084332630e+00,2.114011168287231346e+00
5.117999999999999972e+01,3.055599574531634222e+00,2.872326283807309366e+00,2.112706820461144552e+00
5.120000000000000284e+01,3.055037522001174288e+00,2.873261259437422499e+00,2.111402472635057759e+00
5.121999999999999886e+01,3.054476689481915308e+00,2.874196967383976009e+00,2.110098124808970965e+00
5.124000000000000199e+01,3.053917322273469459e+00,2.875133551945048715e+00,2.108272037852449099e+00
5.125999999999999801e+01,3.053359666281554308e+00,2.876071156397153050e+00,2.106445950895927233e+00
5.128000000000000114e+01,3.052803723365725919e+00,2.877009777613760200e+00,2.104619863939405366e+00
5.129999999999999716e+01,3.052249495379827149e+00,2.877949412464950729e+00,2.102793776982883500e+00
5.132000000000000028e+01,3.051696984171982763e+00,2.878890057817424797e+00,2.100967690026361634e+00
5.134000000000000341e+01,3.051146437301821557e+00,2.879831854102037791e+00,2.098619863939405139e+00
5.135999999999999943e+01,3.050598103120899740e+00,2.880774940378042270e+00,2.096272037852448644e+00
5.138000000000000256e+01,3.050051984651791948e+00,2.881719311446878429e+00,2.093924211765492149e+00
5.139999999999999858e+01,3.049508084904858585e+00,2.882664962102903683e+00,2.091576385678535654e+00
5.142000000000000171e+01,3.048966406878229840e+00,2.883611887133422425e+00,2.089228559591579160e+00
5.143999999999999773e+01,3.048426953557789698e+00,2.884560081318713998e+00,2.086880733504622665e+00
5.146000000000000085e+01,3.047889727917158176e+00,2.885509539432062454e+00,2.084532907417666170e+00
5.147999999999999687e+01,3.047354732917676223e+00,2.886460256239784083e+00,2.082185081330709675e+00
5.150000000000000000e+01,3.046821971508388405e+00,2.887412226501256729e+00,2.079837255243753180e+00
5.152000000000000313e+01,3.046291446626027355e+00,2.888365444968949536e+00,2.077489429156796685e+00
5.153999999999999915e+01,3.045937100664284802e+00,2.889000554166138546e+00,2.081924211765492139e+00
5.156000000000000227e+01,3.045579941625060627e+00,2.889634085675739428e+00,2.086358994374187592e+00
5.157999999999999829e+01,3.045219976532695494e+00,2.890266027037920793e+00,2.090793776982883045e+00
5.160000000000000142e+01,3.044857212466718366e+00,2.890896365824124459e+00,2.095228559591578499e+00
5.161999999999999744e+01,3.044491656561706172e+00,2.891525089637311030e+00,2.099663342200273952e+00
5.164000000000000057e+01,3.044124461461798159e+00,2.892152858186572750e+00,2.100445950895926117e+00
5.165999999999999659e+01,3.043756775177263840e+00,2.892780339173538717e+00,2.101228559591578282e+00
5.167999999999999972e+01,3.043388597933302631e+00,2.893407532213891908e+00,2.102011168287230447e+00
5.170000000000000284e+01,3.043019929955414149e+00,2.894034436923491604e+00,2.102793776982882612e+00
5.171999999999999886e+01,3.042650771469399107e+00,2.894661052918373390e+00,2.103576385678534777e+00
5.174000000000000199e+01,3.042280959341090441e+00,2.895287283334914363e+00,2.104880733504621571e+00
5.175999999999999801e+01,3.041910330705315690e+00,2.895913030855236325e+00,2.106185081330708364e+00
5.178000000000000114e+01,3.041538886192634461e+00,2.896538294414740644e+00,2.107489429156795158e+00
5.179999999999999716e+01,3.041166626434993248e+00,2.897163072949652030e+00,2.108793776982881951e+00
5.182000000000000028e+01,3.040793552065726324e+00,2.897787365397020309e+00,2.110098124808968745e+00
5.184000000000000341e+01,3.040419663719553967e+00,2.898411170694722649e+00,2.111402472635055538e+00
5.185999999999999943e+01,3.040044962032580678e+00,2.899034487781464442e+00,2.112706820461142332e+00
5.188000000000000256e+01,3.039669447642295186e+00,2.899657315596782414e+00,2.114011168287229125e+00
5.189999999999999858e+01,3.039293121187568669e+00,2.900279653081045073e+00,2.115315516113315919e+00
5.192000000000000171e+01,3.038915983308653868e+00,2.900901499175454923e+00,2.116619863939402713e+00
5.193999999999999773e+01,3.038537872593522593e+00,2.901522754163329054e+00,2.118445950895924579e+00
5.196000000000000085e+01,3.038158628043814424e+00,2.902143317652725596e+00,2.120272037852446445e+00
5.197999999999999687e+01,3.037778250924155099e+00,2.902763187574318060e+00,2.122098124808968311e+00
5.200000000000000000e+01,3.037396742502947777e+00,2.903382361861093219e+00,2.123924211765490178e+00
5.202000000000000313e+01,3.037014104052367713e+00,2.904000838448356880e+00,2.125750298722012044e+00
5.203999999999999915e+01,3.036630336848357814e+00,2.904618615273741433e+00,2.127576385678533910e+00
5.206000000000000227e+01,3.036245442170625974e+00,2.905235690277212512e+00,2.129402472635055776e+00
5.207999999999999829e+01,3.035859421302638861e+00,2.905852061401076991e+00,2.131228559591577643e+00
5.210000000000000142e+01,3.035472275531618802e+00,2.906467726589987866e+00,2.133054646548099509e+00
5.211999999999999744e+01,3.035084006148538904e+00,2.907082683790952693e+00,2.134880733504621375e+00
5.214000000000000057e+01,3.035084006148538904e+00,2.907082683790952693e+00,2.135715950895925808e+00
5.215999999999999659e+01,3.035084006148538904e+00,2.907082683790952693e+00,2.136551168287230240e+00
5.217999999999999972e+01,3.035084006148538904e+00,2.907082683790952693e+00,2.137386385678534673e+00
5.220000000000000284e+01,3.035084006148538904e+00,2.907082683790952693e+00,2.138221603069839105e+00
5.221999999999999886e+01,3.035084006148538904e+00,2.907082683790952693e+00,2.139056820461143538e+00
5.224000000000000199e+01,3.035084006148538904e+00,2.907082683790952693e+00,2.138896213939404323e+00
5.225999999999999801e+01,3.035084006148538904e+00,2.907082683790952693e+00,2.138735607417665108e+00
5.228000000000000114e+01,3.035084006148538904e+00,2.907082683790952693e+00,2.138575000895925893e+00
5.229999999999999716e+01,3.035084006148538904e+00,2.907082683790952693e+00,2.138414394374186678e+00
5.232000000000000028e+01,3.035084006148538904e+00,2.907082683790952693e+00,2.138253787852447463e+00
5.234000000000000341e+01,3.035084006148538904e+00,2.907082683790952693e+00,2.137092378298099504e+00
5.235999999999999943e+01,3.035084006148538904e+00,2.907082683790952693e+00,2.135930968743751546e+00
5.238000000000000256e+01,3.035084006148538904e+00,2.907082683790952693e+00,2.134769559189403587e+00
5.239999999999999858e+01,3.035084006148538904e+00,2.907082683790952693e+00,2.133608149635055629e+00
5.242000000000000171e+01,3.035084006148538904e+00,2.907082683790952693e+00,2.132446740080707670e+00
5.243999999999999773e+01,3.035084006148538904e+00,2.907082683790952693e+00,2.130279523478588288e+00
5.246000000000000085e+01,3.035084006148538904e+00,2.907082683790952693e+00,2.128112306876468907e+00
5.247999999999999687e+01,3.035084006148538904e+00,2.907082683790952693e+00,2.125945090274349525e+00
5.250000000000000000e+01,3.035084006148538904e+00,2.907082683790952693e+00,2.123777873672230143e+00
5.252000000000000313e+01,3.035084006148538904e+00,2.907082683790952693e+00,2.121610657070110761e+00
5.253999999999999915e+01,3.035084006148538904e+00,2.907082683790952693e+00,2.118432604384980600e+00
5.256000000000000227e+01,3.035084006148538904e+00,2.907082683790952693e+00,2.115254551699850438e+00
5.257999999999999829e+01,3.035084006148538904e+00,2.907082683790952693e+00,2.112076499014720277e+00
5.260000000000000142e+01,3.035084006148538904e+00,2.907082683790952693e+00,2.108898446329590115e+00
5.261999999999999744e+01,3.035084006148538904e+00,2.907082683790952693e+00,2.105720393644460398e+00
5.264000000000000057e+01,3.035084006148538904e+00,2.907082683790952693e+00,2.101526450695903936e+00
5.265999999999999659e+01,3.035084006148538904e+00,2.907082683790952693e+00,2.097332507747347918e+00
5.267999999999999972e+01,3.035084006148538904e+00,2.907082683790952693e+00,2.093138564798791901e+00
5.270000000000000284e+01,3.035084006148538904e+00,2.907082683790952693e+00,2.088944621850235883e+00
5.271999999999999886e+01,3.035084006148538904e+00,2.907082683790952693e+00,2.084750678901679866e+00
5.274000000000000199e+01,3.035084006148538904e+00,2.907082683790952693e+00,2.079535766238381100e+00
5.275999999999999801e+01,3.035084006148538904e+00,2.907082683790952693e+00,2.074320853575082335e+00
5.278000000000000114e+01,3.035084006148538904e+00,2.907082683790952693e+00,2.069105940911783570e+00
5.279999999999999716e+01,3.035084006148538904e+00,2.907082683790952693e+00,2.063891028248484805e+00
5.282000000000000028e+01,3.035084006148538904e+00,2.907082683790952693e+00,2.058676115585186039e+00
5.284000000000000341e+01,3.035084006148538904e+00,2.907082683790952693e+00,2.052676115585186256e+00
5.285999999999999943e+01,3.035084006148538904e+00,2.907082683790952693e+00,2.046676115585186473e+00
5.288000000000000256e+01,3.035084006148538904e+00,2.907082683790952693e+00,2.040676115585186690e+00
5.289999999999999858e+01,3.035084006148538904e+00,2.907082683790952693e+00,2.034676115585186906e+00
5.292000000000000171e+01,3.035084006148538904e+00,2.907082683790952693e+00,2.028676115585187123e+00
5.293999999999999773e+01,3.035084006148538904e+00,2.907082683790952693e+00,2.022676115585187340e+00
5.296000000000000085e+01,3.035084006148538904e+00,2.907082683790952693e+00,2.016676115585187556e+00
5.297999999999999687e+01,3.035084006148538904e+00,2.907082683790952693e+00,2.010676115585187773e+00
5.300000000000000000e+01,3.035084006148538904e+00,2.907082683790952693e+00,2.004676115585187990e+00
5.302000000000000313e+01,3.035084006148538904e+00,2.907082683790952693e+00,1.998676115585187985e+00
5.303999999999999915e+01,3.035084006148538904e+00,2.907082683790952693e+00,1.992676115585187979e+00
5.306000000000000227e+01,3.035084006148538904e+00,2.907082683790952693e+00,1.986676115585187974e+00
5.307999999999999829e+01,3.035084006148538904e+00,2.907082683790952693e+00,1.980676115585187969e+00
5.310000000000000142e+01,3.035084006148538904e+00,2.907082683790952693e+00,1.974676115585187963e+00
5.311999999999999744e+01,3.035084006148538904e+00,2.907082683790952693e+00,1.968676115585187736e+00
5.314000000000000057e+01,3.035084006148538904e+00,2.907082683790952693e+00,1.962676115585187731e+00
5.315999999999999659e+01,3.035084006148538904e+00,2.907082683790952693e+00,1.956676115585187725e+00
5.317999999999999972e+01,3.035084006148538904e+00,2.907082683790952693e+00,1.950676115585188164e+00
5.320000000000000284e+01,3.035084006148538904e+00,2.907082683790952693e+00,1.944676115585187937e+00
5.321999999999999886e+01,3.035084006148538904e+00,2.907082683790952693e+00,1.938676115585187931e+00
5.324000000000000199e+01,3.035084006148538904e+00,2.907082683790952693e+00,1.932676115585187926e+00
5.325999999999999801e+01,3.035084006148538904e+00,2.907082683790952693e+00,1.926676115585187699e+00
5.328000000000000114e+01,3.035084006148538904e+00,2.907082683790952693e+00,1.920676115585187915e+00
5.329999999999999716e+01,3.035084006148538904e+00,2.907082683790952693e+00,1.914676115585187688e+00
5.332000000000000028e+01,3.035084006148538904e+00,2.907082683790952693e+00,1.908676115585187905e+00
5.334000000000000341e+01,3.035084006148538904e+00,2.907082683790952693e+00,1.902676115585187677e+00
5.335999999999999943e+01,3.035084006148538904e+00,2.907082683790952693e+00,1.896676115585187894e+00
5.338000000000000256e+01,3.035084006148538904e+00,2.907082683790952693e+00,1.890676115585187667e+00
5.339999999999999858e+01,3.035084006148538904e+00,2.907082683790952693e+00,1.884676115585187661e+00
5.342000000000000171e+01,3.035084006148538904e+00,2.907082683790952693e+00,1.878676115585187878e+00
5.343999999999999773e+01,3.035084006148538904e+00,2.907082683790952693e+00,1.872676115585187873e+00
5.346000000000000085e+01,3.035084006148538904e+00,2.907082683790952693e+00,1.866676115585187867e+00
5.347999999999999687e+01,3.035084006148538904e+00,2.907082683790952693e+00,1.860676115585187862e+00
5.350000000000000000e+01,3.035084006148538904e+00,2.907082683790952693e+00,1.854676115585187857e+00
5.352000000000000313e+01,3.035084006148538904e+00,2.907082683790952693e+00,1.848676115585187851e+00
5.353999999999999915e+01,3.035084006148538904e+00,2.907082683790952693e+00,1.842676115585187846e+00
5.356000000000000227e+01,3.035084006148538904e+00,2.907082683790952693e+00,1.836676115585187841e+00
5.357999999999999829e+01,3.035084006148538904e+00,2.907082683790952693e+00,1.830676115585188057e+00
5.360000000000000142e+01,3.035084006148538904e+00,2.907082683790952693e+00,1.824676115585188052e+00
5.361999999999999744e+01,3.035084006148538904e+00,2.907082683790952693e+00,1.818676115585187603e+00
5.364000000000000057e+01,3.035084006148538904e+00,2.907082683790952693e+00,1.812676115585187597e+00
5.365999999999999659e+01,3.035084006148538904e+00,2.907082683790952693e+00,1.806676115585187814e+00
5.367999999999999972e+01,3.035084006148538904e+00,2.907082683790952693e+00,1.800676115585187809e+00
5.370000000000000284e+01,3.035084006148538904e+00,2.907082683790952693e+00,1.794676115585188025e+00
5.371999999999999886e+01,3.035084006148538904e+00,2.907082683790952693e+00,1.788676115585188020e+00
5.374000000000000199e+01,3.035084006148538904e+00,2.907082683790952693e+00,1.782676115585188015e+00
5.375999999999999801e+01,3.035084006148538904e+00,2.907082683790952693e+00,1.776676115585188009e+00
5.378000000000000114e+01,3.035084006148538904e+00,2.907082683790952693e+00,1.770676115585187560e+00
5.379999999999999716e+01,3.035084006148538904e+00,2.907082683790952693e+00,1.764676115585187777e+00
5.382000000000000028e+01,3.035084006148538904e+00,2.907082683790952693e+00,1.758676115585187771e+00
5.384000000000000341e+01,3.035084006148538904e+00,2.907082683790952693e+00,1.752676115585187766e+00
5.385999999999999943e+01,3.035084006148538904e+00,2.907082683790952693e+00,1.746676115585187761e+00
5.388000000000000256e+01,3.035084006148538904e+00,2.907082683790952693e+00,1.740676115585187755e+00
5.389999999999999858e+01,3.035084006148538904e+00,2.907082683790952693e+00,1.734676115585187750e+00
5.392000000000000171e+01,3.035084006148538904e+00,2.907082683790952693e+00,1.728676115585187523e+00
5.393999999999999773e+01,3.035084006148538904e+00,2.907082683790952693e+00,1.722676115585187739e+00
5.396000000000000085e+01,3.035084006148538904e+00,2.907082683790952693e+00,1.716676115585187734e+00
5.397999999999999687e+01,3.035084006148538904e+00,2.907082683790952693e+00,1.710676115585187729e+00
5.400000000000000000e+01,3.035084006148538904e+00,2.907082683790952693e+00,1.704676115585187723e+00
5.402000000000000313e+01,3.035084006148538904e+00,2.907082683790952693e+00,1.698676115585187718e+00
5.403999999999999915e+01,3.035084006148538904e+00,2.907082683790952693e+00,1.692676115585187713e+00
5.406000000000000227e+01,3.035084006148538904e+00,2.907082683790952693e+00,1.686676115585187707e+00
5.407999999999999829e+01,3.035084006148538904e+00,2.907082683790952693e+00,1.680676115585187702e+00
5.410000000000000142e+01,3.035084006148538904e+00,2.907082683790952693e+00,1.674676115585187919e+00
5.411999999999999744e+01,3.035084006148538904e+00,2.907082683790952693e+00,1.668676115585187691e+00
5.414000000000000057e+01,3.035084006148538904e+00,2.907082683790952693e+00,1.662676115585187686e+00
5.415999999999999659e+01,3.035084006148538904e+00,2.907082683790952693e+00,1.656676115585187681e+00
5.417999999999999972e+01,3.035084006148538904e+00,2.907082683790952693e+00,1.650676115585187675e+00
5.420000000000000284e+01,3.035084006148538904e+00,2.907082683790952693e+00,1.644676115585187892e+00
5.421999999999999886e+01,3.035084006148538904e+00,2.907082683790952693e+00,1.638676115585187443e+00
5.424000000000000199e+01,3.035084006148538904e+00,2.907082683790952693e+00,1.638676115585187443e+00
5.425999999999999801e+01,3.035084006148538904e+00,2.907082683790952693e+00,1.638676115585187443e+00
5.428000000000000114e+01,3.035084006148538904e+00,2.907082683790952693e+00,1.638676115585187443e+00
5.429999999999999716e+01,3.035084006148538904e+00,2.907082683790952693e+00,1.638676115585187443e+00
5.432000000000000028e+01,3.035084006148538904e+00,2.907082683790952693e+00,1.638676115585187443e+00
5.434000000000000341e+01,3.035084006148538904e+00,2.907082683790952693e+00,1.638676115585187443e+00
5.435999999999999943e+01,3.035084006148538904e+00,2.907082683790952693e+00,1.638676115585187443e+00
5.438000000000000256e+01,3.035084006148538904e+00,2.907082683790952693e+00,1.638676115585187443e+00
5.439999999999999858e+01,3.035084006148538904e+00,2.907082683790952693e+00,1.638676115585187443e+00
5.442000000000000171e+01,3.035084006148538904e+00,2.907082683790952693e+00,1.638676115585187443e+00
5.443999999999999773e+01,3.035084006148538904e+00,2.907082683790952693e+00,1.639676115585187333e+00
5.446000000000000085e+01,3.035084006148538904e+00,2.907082683790952693e+00,1.640676115585187445e+00
5.447999999999999687e+01,3.035084006148538904e+00,2.907082683790952693e+00,1.641676115585187334e+00
5.450000000000000000e+01,3.035084006148538904e+00,2.907082683790952693e+00,1.642676115585187224e+00
5.452000000000000313e+01,3.035084006148538904e+00,2.907082683790952693e+00,1.643676115585187114e+00
5.453999999999999915e+01,3.035084006148538904e+00,2.907082683790952693e+00,1.645681115585187149e+00
5.456000000000000227e+01,3.035084006148538904e+00,2.907082683790952693e+00,1.647686115585186961e+00
5.457999999999999829e+01,3.035084006148538904e+00,2.907082683790952693e+00,1.649691115585186996e+00
5.460000000000000142e+01,3.035084006148538904e+00,2.907082683790952693e+00,1.651696115585187252e+00
5.461999999999999744e+01,3.035084006148538904e+00,2.907082683790952693e+00,1.653701115585187287e+00
5.464000000000000057e+01,3.035084006148538904e+00,2.907082683790952693e+00,1.656716140585187569e+00
5.465999999999999659e+01,3.035084006148538904e+00,2.907082683790952693e+00,1.659731165585187407e+00
5.467999999999999972e+01,3.035084006148538904e+00,2.907082683790952693e+00,1.662746190585187245e+00
5.470000000000000284e+01,3.035084006148538904e+00,2.907082683790952693e+00,1.665761215585187749e+00
5.471999999999999886e+01,3.035084006148538904e+00,2.907082683790952693e+00,1.668776240585187809e+00
5.474000000000000199e+01,3.035084006148538904e+00,2.907082683790952693e+00,1.672806340710187634e+00
5.475999999999999801e+01,3.035084006148538904e+00,2.907082683790952693e+00,1.676836440835187458e+00
5.478000000000000114e+01,3.035084006148538904e+00,2.907082683790952693e+00,1.680866540960187727e+00
5.479999999999999716e+01,3.035084006148538904e+00,2.907082683790952693e+00,1.684896641085187774e+00
5.482000000000000028e+01,3.035084006148538904e+00,2.907082683790952693e+00,1.688926741210187821e+00
5.484000000000000341e+01,3.035084006148538904e+00,2.907082683790952693e+00,1.693976991835812518e+00
5.485999999999999943e+01,3.035084006148538904e+00,2.907082683790952693e+00,1.699027242461437659e+00
5.488000000000000256e+01,3.035084006148538904e+00,2.907082683790952693e+00,1.704077493087062578e+00
5.489999999999999858e+01,3.035084006148538904e+00,2.907082683790952693e+00,1.709127743712687497e+00
5.492000000000000171e+01,3.035084006148538904e+00,2.907082683790952693e+00,1.714177994338312638e+00
5.493999999999999773e+01,3.035084006148538904e+00,2.907082683790952693e+00,1.720177994338312644e+00
5.496000000000000085e+01,3.035084006148538904e+00,2.907082683790952693e+00,1.726177994338312427e+00
5.497999999999999687e+01,3.035084006148538904e+00,2.907082683790952693e+00,1.732177994338312432e+00
5.500000000000000000e+01,3.035084006148538904e+00,2.907082683790952693e+00,1.738177994338312438e+00
5.502000000000000313e+01,3.035084006148538904e+00,2.907082683790952693e+00,1.744177994338312443e+00
5.503999999999999915e+01,3.035084006148538904e+00,2.907082683790952693e+00,1.750177994338312226e+00
5.506000000000000227e+01,3.035084006148538904e+00,2.907082683790952693e+00,1.756177994338312676e+00
5.507999999999999829e+01,3.035084006148538904e+00,2.907082683790952693e+00,1.762177994338312681e+00
5.510000000000000142e+01,3.035084006148538904e+00,2.907082683790952693e+00,1.768177994338312464e+00
5.511999999999999744e+01,3.035084006148538904e+00,2.907082683790952693e+00,1.774177994338312470e+00
5.514000000000000057e+01,3.035084006148538904e+00,2.907082683790952693e+00,1.780177994338312253e+00
5.515999999999999659e+01,3.035084006148538904e+00,2.907082683790952693e+00,1.786177994338312702e+00
5.517999999999999972e+01,3.035084006148538904e+00,2.907082683790952693e+00,1.792177994338312486e+00
5.520000000000000284e+01,3.035084006148538904e+00,2.907082683790952693e+00,1.798177994338312713e+00
5.521999999999999886e+01,3.035084006148538904e+00,2.907082683790952693e+00,1.804177994338312274e+00
5.524000000000000199e+01,3.035084006148538904e+00,2.907082683790952693e+00,1.810177994338312502e+00
5.525999999999999801e+01,3.035084006148538904e+00,2.907082683790952693e+00,1.816177994338312507e+00
5.528000000000000114e+01,3.035084006148538904e+00,2.907082683790952693e+00,1.822177994338312512e+00
5.529999999999999716e+01,3.035084006148538904e+00,2.907082683790952693e+00,1.828177994338312295e+00
5.532000000000000028e+01,3.035084006148538904e+00,2.907082683790952693e+00,1.834177994338312523e+00
5.534000000000000341e+01,3.035084006148538904e+00,2.907082683790952693e+00,1.840177994338312306e+00
5.535999999999999943e+01,3.035084006148538904e+00,2.907082683790952693e+00,1.846177994338312534e+00
5.538000000000000256e+01,3.035084006148538904e+00,2.907082683790952693e+00,1.852177994338312539e+00
5.539999999999999858e+01,3.035084006148538904e+00,2.907082683790952693e+00,1.858177994338312544e+00
5.542000000000000171e+01,3.035084006148538904e+00,2.907082683790952693e+00,1.864177994338312327e+00
5.543999999999999773e+01,3.035084006148538904e+00,2.907082683790952693e+00,1.870177994338312555e+00
5.546000000000000085e+01,3.035084006148538904e+00,2.907082683790952693e+00,1.876177994338312560e+00
5.547999999999999687e+01,3.035084006148538904e+00,2.907082683790952693e+00,1.882177994338312566e+00
5.550000000000000000e+01,3.035084006148538904e+00,2.907082683790952693e+00,1.888177994338312793e+00
5.552000000000000313e+01,3.035084006148538904e+00,2.907082683790952693e+00,1.894177994338312798e+00
5.553999999999999915e+01,3.035084006148538904e+00,2.907082683790952693e+00,1.900177994338312581e+00
5.556000000000000227e+01,3.035084006148538904e+00,2.907082683790952693e+00,1.906177994338312809e+00
5.557999999999999829e+01,3.035084006148538904e+00,2.907082683790952693e+00,1.912177994338312592e+00
5.560000000000000142e+01,3.035084006148538904e+00,2.907082683790952693e+00,1.918177994338312375e+00
5.561999999999999744e+01,3.035084006148538904e+00,2.907082683790952693e+00,1.924177994338312603e+00
5.564000000000000057e+01,3.035084006148538904e+00,2.907082683790952693e+00,1.930177994338312608e+00
5.565999999999999659e+01,3.035084006148538904e+00,2.907082683790952693e+00,1.936177994338312613e+00
5.567999999999999972e+01,3.035084006148538904e+00,2.907082683790952693e+00,1.942177994338312619e+00
5.570000000000000284e+01,3.035084006148538904e+00,2.907082683790952693e+00,1.948177994338312624e+00
5.571999999999999886e+01,3.035084006148538904e+00,2.907082683790952693e+00,1.954177994338312629e+00
5.574000000000000199e+01,3.035084006148538904e+00,2.907082683790952693e+00,1.960177994338312635e+00
5.575999999999999801e+01,3.035084006148538904e+00,2.907082683790952693e+00,1.966177994338312862e+00
5.578000000000000114e+01,3.035084006148538904e+00,2.907082683790952693e+00,1.972177994338312423e+00
5.579999999999999716e+01,3.035084006148538904e+00,2.907082683790952693e+00,1.978177994338312651e+00
5.582000000000000028e+01,3.035084006148538904e+00,2.907082683790952693e+00,1.984177994338312656e+00
5.584000000000000341e+01,3.035084006148538904e+00,2.907082683790952693e+00,1.990177994338312661e+00
5.585999999999999943e+01,3.035084006148538904e+00,2.907082683790952693e+00,1.996177994338312667e+00
5.588000000000000256e+01,3.035084006148538904e+00,2.907082683790952693e+00,2.002177994338312672e+00
5.589999999999999858e+01,3.035084006148538904e+00,2.907082683790952693e+00,2.008177994338312455e+00
5.592000000000000171e+01,3.035084006148538904e+00,2.907082683790952693e+00,2.014177994338312239e+00
5.593999999999999773e+01,3.035084006148538904e+00,2.907082683790952693e+00,2.020177994338312022e+00
5.596000000000000085e+01,3.035084006148538904e+00,2.907082683790952693e+00,2.026177994338311805e+00
5.597999999999999687e+01,3.035084006148538904e+00,2.907082683790952693e+00,2.032177994338311589e+00
5.600000000000000000e+01,3.035084006148538904e+00,2.907082683790952693e+00,2.038177994338311372e+00
5.602000000000000313e+01,3.035084006148538904e+00,2.907082683790952693e+00,2.044177994338311155e+00
5.603999999999999915e+01,3.035084006148538904e+00,2.907082683790952693e+00,2.050177994338310938e+00
5.606000000000000227e+01,3.035084006148538904e+00,2.907082683790952693e+00,2.056177994338310722e+00
5.607999999999999829e+01,3.035084006148538904e+00,2.907082683790952693e+00,2.062177994338310505e+00
5.610000000000000142e+01,3.035084006148538904e+00,2.907082683790952693e+00,2.068177994338310288e+00
5.611999999999999744e+01,3.035084006148538904e+00,2.907082683790952693e+00,2.074177994338310071e+00
5.614000000000000057e+01,3.035084006148538904e+00,2.907082683790952693e+00,2.080177994338309855e+00
5.615999999999999659e+01,3.035084006148538904e+00,2.907082683790952693e+00,2.086177994338309638e+00
5.617999999999999972e+01,3.035084006148538904e+00,2.907082683790952693e+00,2.092177994338309421e+00
5.620000000000000284e+01,3.035084006148538904e+00,2.907082683790952693e+00,2.098177994338309205e+00
5.621999999999999886e+01,3.035084006148538904e+00,2.907082683790952693e+00,2.104177994338308988e+00
5.624000000000000199e+01,3.035084006148538904e+00,2.907082683790952693e+00,2.110177994338308771e+00
5.625999999999999801e+01,3.035084006148538904e+00,2.907082683790952693e+00,2.116177994338308554e+00
5.628000000000000114e+01,3.035084006148538904e+00,2.907082683790952693e+00,2.122177994338308338e+00
5.629999999999999716e+01,3.035084006148538904e+00,2.907082683790952693e+00,2.128177994338308121e+00
5.632000000000000028e+01,3.035084006148538904e+00,2.907082683790952693e+00,2.134177994338307904e+00
5.634000000000000341e+01,3.035084006148538904e+00,2.907082683790952693e+00,2.140177994338307688e+00
5.635999999999999943e+01,3.035084006148538904e+00,2.907082683790952693e+00,2.146177994338307471e+00
5.638000000000000256e+01,3.035084006148538904e+00,2.907082683790952693e+00,2.152177994338307254e+00
5.639999999999999858e+01,3.035084006148538904e+00,2.907082683790952693e+00,2.158177994338307037e+00
5.642000000000000171e+01,3.035084006148538904e+00,2.907082683790952693e+00,2.164177994338306821e+00
5.643999999999999773e+01,3.035084006148538904e+00,2.907082683790952693e+00,2.170177994338306604e+00
5.646000000000000085e+01,3.035084006148538904e+00,2.907082683790952693e+00,2.176177994338306387e+00
5.647999999999999687e+01,3.035084006148538904e+00,2.907082683790952693e+00,2.182177994338306171e+00
5.650000000000000000e+01,3.035084006148538904e+00,2.907082683790952693e+00,2.188177994338305954e+00
5.652000000000000313e+01,3.035084006148538904e+00,2.907082683790952693e+00,2.194177994338305737e+00
5.653999999999999915e+01,3.035084006148538904e+00,2.907082683790952693e+00,2.200177994338305520e+00
5.656000000000000227e+01,3.035084006148538904e+00,2.907082683790952693e+00,2.206177994338305304e+00
5.657999999999999829e+01,3.035084006148538904e+00,2.907082683790952693e+00,2.212177994338305087e+00
5.660000000000000142e+01,3.035084006148538904e+00,2.907082683790952693e+00,2.218177994338304870e+00
5.661999999999999744e+01,3.035084006148538904e+00,2.907082683790952693e+00,2.224177994338304654e+00
5.664000000000000057e+01,3.035084006148538904e+00,2.907082683790952693e+00,2.230177994338304437e+00
5.665999999999999659e+01,3.035084006148538904e+00,2.907082683790952693e+00,2.236177994338304220e+00
5.667999999999999972e+01,3.035084006148538904e+00,2.907082683790952693e+00,2.242177994338304003e+00
5.670000000000000284e+01,3.035084006148538904e+00,2.907082683790952693e+00,2.248177994338303787e+00
5.671999999999999886e+01,3.035084006148538904e+00,2.907082683790952693e+00,2.254177994338303570e+00
5.674000000000000199e+01,3.035084006148538904e+00,2.907082683790952693e+00,2.260177994338303353e+00
5.675999999999999801e+01,3.035084006148538904e+00,2.907082683790952693e+00,2.266177994338303137e+00
5.678000000000000114e+01,3.035084006148538904e+00,2.907082683790952693e+00,2.272177994338302920e+00
5.679999999999999716e+01,3.035084006148538904e+00,2.907082683790952693e+00,2.278177994338302703e+00
5.682000000000000028e+01,3.035084006148538904e+00,2.907082683790952693e+00,2.284177994338302486e+00
5.684000000000000341e+01,3.035084006148538904e+00,2.907082683790952693e+00,2.290177994338302270e+00
5.685999999999999943e+01,3.035084006148538904e+00,2.907082683790952693e+00,2.296177994338302053e+00
5.688000000000000256e+01,3.035084006148538904e+00,2.907082683790952693e+00,2.302177994338301836e+00
5.689999999999999858e+01,3.035084006148538904e+00,2.907082683790952693e+00,2.308177994338301620e+00
5.692000000000000171e+01,3.035084006148538904e+00,2.907082683790952693e+00,2.314177994338301403e+00
5.693999999999999773e+01,3.035084006148538904e+00,2.907082683790952693e+00,2.320177994338301186e+00
5.696000000000000085e+01,3.035084006148538904e+00,2.907082683790952693e+00,2.326177994338300969e+00
5.697999999999999687e+01,3.035084006148538904e+00,2.907082683790952693e+00,2.332177994338300753e+00
5.700000000000000000e+01,3.035084006148538904e+00,2.907082683790952693e+00,2.338177994338300536e+00
5.702000000000000313e+01,3.035084006148538904e+00,2.907082683790952693e+00,2.344177994338300319e+00
5.703999999999999915e+01,3.035084006148538904e+00,2.907082683790952693e+00,2.350177994338300103e+00
5.706000000000000227e+01,3.035084006148538904e+00,2.907082683790952693e+00,2.356177994338299886e+00
5.707999999999999829e+01,3.035084006148538904e+00,2.907082683790952693e+00,2.362177994338299669e+00
5.710000000000000142e+01,3.035084006148538904e+00,2.907082683790952693e+00,2.368177994338299452e+00
5.711999999999999744e+01,3.035084006148538904e+00,2.907082683790952693e+00,2.374177994338299236e+00
5.714000000000000057e+01,3.035084006148538904e+00,2.907082683790952693e+00,2.380177994338299019e+00
5.715999999999999659e+01,3.035084006148538904e+00,2.907082683790952693e+00,2.386177994338298802e+00
5.717999999999999972e+01,3.035084006148538904e+00,2.907082683790952693e+00,2.392177994338298586e+00
5.720000000000000284e+01,3.035084006148538904e+00,2.907082683790952693e+00,2.398177994338298369e+00
5.721999999999999886e+01,3.035084006148538904e+00,2.907082683790952693e+00,2.404177994338298152e+00
5.724000000000000199e+01,3.035084006148538904e+00,2.907082683790952693e+00,2.410177994338297935e+00
5.725999999999999801e+01,3.035084006148538904e+00,2.907082683790952693e+00,2.416177994338297719e+00
5.728000000000000114e+01,3.035084006148538904e+00,2.907082683790952693e+00,2.422177994338297502e+00
5.729999999999999716e+01,3.035084006148538904e+00,2.907082683790952693e+00,2.428177994338297285e+00
5.732000000000000028e+01,3.035084006148538904e+00,2.907082683790952693e+00,2.434177994338297069e+00
5.734000000000000341e+01,3.035084006148538904e+00,2.907082683790952693e+00,2.440177994338296852e+00
5.735999999999999943e+01,3.035084006148538904e+00,2.907082683790952693e+00,2.446177994338296635e+00
5.738000000000000256e+01,3.035084006148538904e+00,2.907082683790952693e+00,2.452177994338296418e+00
5.739999999999999858e+01,3.035084006148538904e+00,2.907082683790952693e+00,2.458177994338296202e+00
5.742000000000000171e+01,3.035084006148538904e+00,2.907082683790952693e+00,2.464177994338295985e+00
5.743999999999999773e+01,3.035084006148538904e+00,2.907082683790952693e+00,2.470177994338295768e+00
5.746000000000000085e+01,3.035084006148538904e+00,2.907082683790952693e+00,2.476177994338295552e+00
5.747999999999999687e+01,3.035084006148538904e+00,2.907082683790952693e+00,2.482177994338295335e+00
5.750000000000000000e+01,3.035084006148538904e+00,2.907082683790952693e+00,2.488177994338295118e+00
5.752000000000000313e+01,3.035084006148538904e+00,2.907082683790952693e+00,2.494177994338294901e+00
5.753999999999999915e+01,3.035084006148538904e+00,2.907082683790952693e+00,2.500177994338294685e+00
5.756000000000000227e+01,3.035084006148538904e+00,2.907082683790952693e+00,2.506177994338294468e+00
5.757999999999999829e+01,3.035084006148538904e+00,2.907082683790952693e+00,2.512177994338294251e+00
5.760000000000000142e+01,3.035084006148538904e+00,2.907082683790952693e+00,2.518177994338294035e+00
5.761999999999999744e+01,3.035084006148538904e+00,2.907082683790952693e+00,2.524177994338293818e+00
5.764000000000000057e+01,3.035084006148538904e+00,2.907082683790952693e+00,2.530177994338293601e+00
5.765999999999999659e+01,3.031810157394466465e+00,2.909380924872089214e+00,2.528873646512206808e+00
5.767999999999999972e+01,3.028539309130239499e+00,2.911683434234495049e+00,2.527569298686120014e+00
5.770000000000000284e+01,3.025271466920626651e+00,2.913990207960857948e+00,2.526264950860033220e+00
5.771999999999999886e+01,3.022006636325283768e+00,2.916301242126610571e+00,2.524960603033946427e+00
5.774000000000000199e+01,3.018744822898741464e+00,2.918616532799937602e+00,2.523656255207859633e+00
5.775999999999999801e+01,3.015483613424094766e+00,2.920932674407405116e+00,2.524438863903511798e+00
5.778000000000000114e+01,3.012220592315777878e+00,2.923246263054948280e+00,2.525221472599163963e+00
5.779999999999999716e+01,3.008955761572313481e+00,2.925557297325549921e+00,2.526004081294816128e+00
5.782000000000000028e+01,3.005689123193333590e+00,2.927865775803756065e+00,2.526786689990468293e+00
5.784000000000000341e+01,3.002420679179576002e+00,2.930171697075677706e+00,2.527569298686120458e+00
5.785999999999999943e+01,2.999446635011475681e+00,2.932264111496287295e+00,2.529395385642642324e+00
5.788000000000000256e+01,2.996468774873430441e+00,2.934351091567977132e+00,2.531221472599164191e+00
5.789999999999999858e+01,2.993487108695391363e+00,2.936432630331518467e+00,2.533047559555686057e+00
5.792000000000000171e+01,2.990501646420000270e+00,2.938508720845827149e+00,2.534873646512207923e+00
5.793999999999999773e+01,2.987512398002557745e+00,2.940579356187987603e+00,2.536699733468729789e+00
5.796000000000000085e+01,2.984220070951832948e+00,2.942851046779802804e+00,2.538525820425251656e+00
5.797999999999999687e+01,2.980923601088139030e+00,2.945116721511893854e+00,2.540351907381773522e+00
5.800000000000000000e+01,2.977622999403860771e+00,2.947376372829158875e+00,2.542177994338295388e+00
5.802000000000000313e+01,2.974318276905159930e+00,2.949629993196580813e+00,2.544004081294817254e+00
5.803999999999999915e+01,2.971009444611940165e+00,2.951877575099253637e+00,2.545830168251339121e+00
5.806000000000000227e+01,2.967696513557808835e+00,2.954119111042407653e+00,2.547656255207860987e+00
5.807999999999999829e+01,2.964379494790041925e+00,2.956354593551433485e+00,2.549482342164382853e+00
5.810000000000000142e+01,2.961058399369545846e+00,2.958584015171907389e+00,2.551308429120904719e+00
5.811999999999999744e+01,2.957733238370820583e+00,2.960807368469616563e+00,2.553134516077426586e+00
5.814000000000000057e+01,2.954404022881923719e+00,2.963024646030583575e+00,2.554960603033948452e+00
5.815999999999999659e+01,2.951070187587032212e+00,2.965234970639508472e+00,2.557308429120904947e+00
5.817999999999999972e+01,2.947731172027655777e+00,2.967437461898180473e+00,2.559656255207861442e+00
5.820000000000000284e+01,2.944386994609399011e+00,2.969632107665839627e+00,2.562004081294817937e+00
5.821999999999999886e+01,2.941037673766320193e+00,2.971818895844974051e+00,2.564351907381774431e+00
5.824000000000000199e+01,2.937683227960829591e+00,2.973997814381384330e+00,2.566699733468730926e+00
5.825999999999999801e+01,2.934324808322403388e+00,2.976170604123581587e+00,2.568004081294817720e+00
5.828000000000000114e+01,2.930963557468082126e+00,2.978339011471358155e+00,2.569308429120904513e+00
5.829999999999999716e+01,2.927599481116439417e+00,2.980503032735552171e+00,2.570612776946991307e+00
5.832000000000000028e+01,2.924232584990856143e+00,2.982662664234465133e+00,2.571917124773078100e+00
5.834000000000000341e+01,2.920862874819509791e+00,2.984817902293865455e+00,2.573221472599164894e+00
5.835999999999999943e+01,2.917490917386076799e+00,2.986969623058854051e+00,2.574004081294817059e+00
5.838000000000000256e+01,2.914117277030056741e+00,2.989118704241963798e+00,2.574786689990469224e+00
5.839999999999999858e+01,2.910741955817723881e+00,2.991265144526934261e+00,2.575569298686121389e+00
5.842000000000000171e+01,2.907364955816382768e+00,2.993408942599120159e+00,2.576351907381773554e+00
5.843999999999999773e+01,2.903986279094366463e+00,2.995550097145497137e+00,2.577134516077425719e+00
5.846000000000000085e+01,2.900604255830573575e+00,2.997685960271601058e+00,2.579482342164382214e+00
5.847999999999999687e+01,2.897217227257559813e+00,2.999813877115811156e+00,2.581830168251338709e+00
5.850000000000000000e+01,2.893825212045591400e+00,3.001933835948444429e+00,2.584177994338295203e+00
5.852000000000000313e+01,2.890428228892421902e+00,3.004045825083683674e+00,2.586525820425251698e+00
5.853999999999999915e+01,2.887026296523190094e+00,3.006149832879643213e+00,2.588873646512208193e+00
5.856000000000000227e+01,2.883620527186128157e+00,3.008247625279833137e+00,2.590177994338294987e+00
5.857999999999999829e+01,2.880212024496042300e+00,3.010340973588940372e+00,2.591482342164381780e+00
5.860000000000000142e+01,2.876800794251896498e+00,3.012429874245503125e+00,2.592786689990468574e+00
5.861999999999999744e+01,2.873386842257295459e+00,3.014514323695627773e+00,2.594091037816555367e+00
5.864000000000000057e+01,2.869970174320473522e+00,3.016594318392991081e+00,2.595395385642642161e+00
5.865999999999999659e+01,2.866548093883078074e+00,3.018665391801667486e+00,2.599308429120902986e+00
5.867999999999999972e+01,2.863117935465328667e+00,3.020723058638955294e+00,2.603221472599163810e+00
5.870000000000000284e+01,2.859679751589432772e+00,3.022767287398087088e+00,2.607134516077424635e+00
5.871999999999999886e+01,2.856233594900482675e+00,3.024798046778057081e+00,2.611047559555685460e+00
5.874000000000000199e+01,2.852779518165649897e+00,3.026815305684102064e+00,2.614960603033946285e+00
5.875999999999999801e+01,2.849320188813432075e+00,3.028823548240280772e+00,2.616264950860033078e+00
5.878000000000000114e+01,2.845858242957862494e+00,3.030827276920684099e+00,2.617569298686119872e+00
5.879999999999999716e+01,2.842393686488829729e+00,3.032826488316322067e+00,2.618873646512206665e+00
5.882000000000000028e+01,2.838926525300663695e+00,3.034821179025890547e+00,2.620177994338293459e+00
5.884000000000000341e+01,2.835456765292125425e+00,3.036811345655776595e+00,2.621482342164380253e+00
5.885999999999999943e+01,2.831983894728067330e+00,3.038796078786244692e+00,2.623308429120902119e+00
5.888000000000000256e+01,2.828507405661046192e+00,3.040774466847460555e+00,2.625134516077423985e+00
5.889999999999999858e+01,2.825027309683736831e+00,3.042746503242305778e+00,2.626960603033945851e+00
5.892000000000000171e+01,2.821543618400841780e+00,3.044712181394842343e+00,2.628786689990467718e+00
5.893999999999999773e+01,2.818056343429052202e+00,3.046671494750333942e+00,2.630612776946989584e+00
5.896000000000000085e+01,2.814564478658802216e+00,3.048622614799711084e+00,2.633482342164380707e+00
5.897999999999999687e+01,2.811067029406711271e+00,3.050563706696001187e+00,2.636351907381771831e+00
5.900000000000000000e+01,2.807564024472171571e+00,3.052494754455478798e+00,2.639221472599162954e+00
5.902000000000000313e+01,2.804055492700322727e+00,3.054415742177126969e+00,2.642091037816554078e+00
5.903999999999999915e+01,2.800541462981815055e+00,3.056326654042766044e+00,2.644960603033945201e+00
5.906000000000000227e+01,2.797022459839348940e+00,3.058228392598298928e+00,2.647308429120901696e+00
5.907999999999999829e+01,2.793499001448467300e+00,3.060121863912581563e+00,2.649656255207858191e+00
5.910000000000000142e+01,2.789971107231476566e+00,3.062007057548261191e+00,2.652004081294814686e+00
5.911999999999999744e+01,2.786438796635134274e+00,3.063883963113613884e+00,2.654351907381771181e+00
5.914000000000000057e+01,2.782902089130542045e+00,3.065752570262601395e+00,2.656699733468727676e+00
5.915999999999999659e+01,2.779359067049915755e+00,3.067609171542668545e+00,2.661134516077423129e+00
5.917999999999999972e+01,2.775807846213986352e+00,3.069450042084400199e+00,2.665569298686118582e+00
5.920000000000000284e+01,2.772248496465553824e+00,3.071275145682907937e+00,2.670004081294814036e+00
5.921999999999999886e+01,2.768681087807290719e+00,3.073084446443396622e+00,2.674438863903509489e+00
5.924000000000000199e+01,2.765105690400367688e+00,3.074877908781869174e+00,2.678873646512204942e+00
5.925999999999999801e+01,2.761524229276364650e+00,3.076659236620179261e+00,2.681221472599161437e+00
5.928000000000000114e+01,2.757938595779252378e+00,3.078432150908765319e+00,2.683569298686117932e+00
5.929999999999999716e+01,2.754348809674064036e+00,3.080196641874818120e+00,2.685917124773074427e+00
5.932000000000000028e+01,2.750754890748723369e+00,3.081952699791961514e+00,2.688264950860030922e+00
5.934000000000000341e+01,2.747156858813934566e+00,3.083700314980303947e+00,2.690612776946987417e+00
5.935999999999999943e+01,2.743881787655455096e+00,3.085280517603083972e+00,2.693482342164378540e+00
5.938000000000000256e+01,2.740602195492837456e+00,3.086851315702471954e+00,2.696351907381769664e+00
5.939999999999999858e+01,2.737318109331551064e+00,3.088412696343889152e+00,2.699221472599160787e+00
5.942000000000000171e+01,2.734029556214071732e+00,3.089964646670305015e+00,2.702091037816551911e+00
5.943999999999999773e+01,2.730736563219657853e+00,3.091507153902341543e+00,2.704960603033943034e+00
5.946000000000000085e+01,2.727109856519748465e+00,3.093194456828053607e+00,2.707308429120899529e+00
5.947999999999999687e+01,2.723479198325373218e+00,3.094873240234541800e+00,2.709656255207856024e+00
5.950000000000000000e+01,2.719844608649753859e+00,3.096543494867873392e+00,2.712004081294812519e+00
5.952000000000000313e+01,2.716206107527784130e+00,3.098205211521129154e+00,2.714351907381769013e+00
5.953999999999999915e+01,2.712563715015917865e+00,3.099858381034453991e+00,2.716699733468725508e+00
5.956000000000000227e+01,2.708917451192060621e+00,3.101502994295106230e+00,2.719047559555682003e+00
5.957999999999999829e+01,2.705267336155456892e+00,3.103139042237509582e+00,2.721395385642638498e+00
5.960000000000000142e+01,2.701613390026579964e+00,3.104766515843301988e+00,2.723743211729594993e+00
5.961999999999999744e+01,2.697955632947021787e+00,3.106385406141384919e+00,2.726091037816551488e+00
5.964000000000000057e+01,2.694294085079381063e+00,3.107995704207974441e+00,2.728438863903507983e+00
5.965999999999999659e+01,2.690961977377355208e+00,3.109451792352223798e+00,2.730786689990464478e+00
5.967999999999999972e+01,2.687626460220503333e+00,3.110900053281086652e+00,2.733134516077420972e+00
5.970000000000000284e+01,2.684287551995146348e+00,3.112340479011336480e+00,2.735482342164377467e+00
5.971999999999999886e+01,2.680945271106296879e+00,3.113773061602936654e+00,2.737830168251333962e+00
5.974000000000000199e+01,2.677599635977559345e+00,3.115197793159083517e+00,2.740177994338290457e+00
5.975999999999999801e+01,2.673915361920751632e+00,3.116755391854232560e+00,2.743047559555681580e+00
5.978000000000000114e+01,2.670226633407930983e+00,3.118302411886261893e+00,2.745917124773072704e+00
5.979999999999999716e+01,2.666533480813559454e+00,3.119838840516391265e+00,2.748786689990463827e+00
5.982000000000000028e+01,2.662835934548528183e+00,3.121364665093054658e+00,2.751656255207854951e+00
5.984000000000000341e+01,2.659134025059908257e+00,3.122879873052003763e+00,2.754525820425246074e+00
5.985999999999999943e+01,2.655427782830699357e+00,3.124384451916411454e+00,2.757395385642637198e+00
5.988000000000000256e+01,2.651717238379577957e+00,3.125878389296976145e+00,2.760264950860028321e+00
5.989999999999999858e+01,2.648002422260647304e+00,3.127361672892020827e+00,2.763134516077419445e+00
5.992000000000000171e+01,2.644283365063185176e+00,3.128834290487596981e+00,2.766004081294810568e+00
5.993999999999999773e+01,2.640560097411392082e+00,3.130296229957583609e+00,2.768873646512201692e+00
5.996000000000000085e+01,2.636832649964138575e+00,3.131747479263788048e+00,2.771743211729592815e+00
5.997999999999999687e+01,2.633101053414714343e+00,3.133188026456044994e+00,2.774612776946983939e+00
6.000000000000000000e+01,2.629365338490573301e+00,3.134617859672314211e+00,2.777482342164375062e+00
6.002000000000000313e+01,2.625625535953082679e+00,3.136036967138778220e+00,2.780351907381766186e+00
6.003999999999999915e+01,2.621881676597268118e+00,3.137445337169940451e+00,2.783221472599157309e+00
6.006000000000000227e+01,2.618133791251560982e+00,3.138842958168719832e+00,2.786091037816548432e+00
6.007999999999999829e+01,2.614381910777544338e+00,3.140229818626548042e+00,2.788960603033939556e+00
6.010000000000000142e+01,2.610626066069698492e+00,3.141605907123462771e+00,2.791830168251330679e+00
6.011999999999999744e+01,2.606866288055146974e+00,3.142971212328202313e+00,2.794699733468721803e+00
6.014000000000000057e+01,2.603102607693401627e+00,3.144325722998299266e+00,2.797569298686112926e+00
6.015999999999999659e+01,2.599677879070993569e+00,3.145548166569422044e+00,2.799917124773069421e+00
6.017999999999999972e+01,2.596250289805355660e+00,3.146762566111503290e+00,2.802264950860025916e+00
6.020000000000000284e+01,2.592819858790336607e+00,3.147968914930426187e+00,2.804612776946982411e+00
6.021999999999999886e+01,2.589386604935448588e+00,3.149167206376453088e+00,2.806960603033938906e+00
6.024000000000000199e+01,2.585950547165765112e+00,3.150357433844259702e+00,2.809308429120895401e+00
6.025999999999999801e+01,2.582167481477577908e+00,3.151656819475877835e+00,2.812177994338286524e+00
6.028000000000000114e+01,2.578380702698331639e+00,3.152945344018850626e+00,2.815047559555677648e+00
6.029999999999999716e+01,2.574590242009872743e+00,3.154222996862953377e+00,2.817917124773068771e+00
6.032000000000000028e+01,2.570796130624366960e+00,3.155489767487482666e+00,2.820786689990459895e+00
6.034000000000000341e+01,2.566998399784040430e+00,3.156745645461343841e+00,2.823656255207851018e+00
6.035999999999999943e+01,2.563197080760924340e+00,3.157990620443136720e+00,2.826525820425242141e+00
6.038000000000000256e+01,2.559392204856595576e+00,3.159224682181240418e+00,2.829395385642633265e+00
6.039999999999999858e+01,2.555583803401919596e+00,3.160447820513898609e+00,2.832264950860024388e+00
6.042000000000000171e+01,2.551771907756793745e+00,3.161660025369302573e+00,2.835134516077415512e+00
6.043999999999999773e+01,2.547956549309887020e+00,3.162861286765673796e+00,2.838004081294806635e+00
6.046000000000000085e+01,2.544137759478382499e+00,3.164051594811346568e+00,2.840873646512197759e+00
6.047999999999999687e+01,2.540315569707719323e+00,3.165230939704849700e+00,2.843743211729588882e+00
6.050000000000000000e+01,2.536490011471332462e+00,3.166399311734987343e+00,2.846612776946980006e+00
6.052000000000000313e+01,2.532661116270394697e+00,3.167556701280917597e+00,2.849482342164371129e+00
6.053999999999999915e+01,2.528828915633555940e+00,3.168703098812233776e+00,2.852351907381762253e+00
6.056000000000000227e+01,2.524993737002477978e+00,3.169839495537857932e+00,2.854699733468718748e+00
6.057999999999999829e+01,2.521155900882272149e+00,3.170966884807244757e+00,2.857047559555675242e+00
6.060000000000000142e+01,2.517315428428184010e+00,3.172085260405903995e+00,2.859395385642631737e+00
6.061999999999999744e+01,2.513472340809991934e+00,3.173194616169030535e+00,2.861743211729588232e+00
6.064000000000000057e+01,2.509626659211888988e+00,3.174294945981539939e+00,2.864091037816544727e+00
6.065999999999999659e+01,2.506128246139596616e+00,3.175287034887503967e+00,2.866438863903501222e+00
6.067999999999999972e+01,2.502627513459354969e+00,3.176270907401201882e+00,2.868786689990457717e+00
6.070000000000000284e+01,2.499124480468199128e+00,3.177246558099247942e+00,2.871134516077414212e+00
6.071999999999999886e+01,2.495619166475845141e+00,3.178213981603577487e+00,2.873482342164370706e+00
6.074000000000000199e+01,2.492111590804581667e+00,3.179173172581476692e+00,2.875830168251327201e+00
6.075999999999999801e+01,2.488250790987623251e+00,3.180219221062025259e+00,2.878177994338283696e+00
6.078000000000000114e+01,2.484387545873924186e+00,3.181256202181316439e+00,2.880525820425240191e+00
6.079999999999999716e+01,2.480521876758792210e+00,3.182284110223214224e+00,2.882873646512196686e+00
6.082000000000000028e+01,2.476653804950895932e+00,3.183302939521597263e+00,2.885221472599153181e+00
6.084000000000000341e+01,2.472783351772149363e+00,3.184312684460388621e+00,2.887569298686109676e+00
6.085999999999999943e+01,2.468910538557592460e+00,3.185313339473585970e+00,2.889917124773066170e+00
6.088000000000000256e+01,2.465035386655274330e+00,3.186304899045294015e+00,2.892264950860022665e+00
6.089999999999999858e+01,2.461157917426136432e+00,3.187287357709754243e+00,2.894612776946979160e+00
6.092000000000000171e+01,2.457278152243893121e+00,3.188260710051374680e+00,2.896960603033935655e+00
6.093999999999999773e+01,2.453396112494915293e+00,3.189224950704760086e+00,2.899308429120892150e+00
6.096000000000000085e+01,2.449864937116002839e+00,3.190093244932015626e+00,2.901656255207848645e+00
6.097999999999999687e+01,2.446331732867547348e+00,3.190953246188072523e+00,2.904004081294805140e+00
6.100000000000000000e+01,2.442796519225577168e+00,3.191804949732359731e+00,2.906351907381761634e+00
6.102000000000000313e+01,2.439259315677196671e+00,3.192648350870044727e+00,2.908699733468718129e+00
6.103999999999999915e+01,2.435720141720479237e+00,3.193483444952059713e+00,2.911047559555674624e+00
6.106000000000000227e+01,2.431824904378747654e+00,3.194392905617435385e+00,2.913395385642631119e+00
6.107999999999999829e+01,2.427927542519331627e+00,3.195293218444764438e+00,2.915743211729587614e+00
6.110000000000000142e+01,2.424028077625599131e+00,3.196184378471266019e+00,2.918091037816544109e+00
6.111999999999999744e+01,2.420126531192511532e+00,3.197066380784611805e+00,2.920438863903500604e+00
6.114000000000000057e+01,2.416222924726504129e+00,3.197939220522953985e+00,2.922786689990457099e+00
6.115999999999999659e+01,2.412672338380016157e+00,3.198724377206588088e+00,2.925134516077413593e+00
6.117999999999999972e+01,2.409119918409798888e+00,3.199501195574628643e+00,2.927482342164370088e+00
6.120000000000000284e+01,2.405565684397803494e+00,3.200269671345032041e+00,2.929830168251326583e+00
6.121999999999999886e+01,2.402009655935979815e+00,3.201029800281740556e+00,2.932177994338283078e+00
6.124000000000000199e+01,2.398451852626169334e+00,3.201781578194707212e+00,2.934525820425239573e+00
6.125999999999999801e+01,2.394536338225380145e+00,3.202599343214438843e+00,2.936873646512196068e+00
6.128000000000000114e+01,2.390618914648023896e+00,3.203407913041885546e+00,2.939221472599152563e+00
6.129999999999999716e+01,2.386699603488054766e+00,3.204207283219979718e+00,2.941569298686109057e+00
6.132000000000000028e+01,2.382778426349832390e+00,3.204997449342365634e+00,2.943917124773065552e+00
6.134000000000000341e+01,2.378855404848001953e+00,3.205778407053422541e+00,2.946264950860022047e+00
6.135999999999999943e+01,2.374930560607374730e+00,3.206550152048288638e+00,2.948612776946978542e+00
6.138000000000000256e+01,2.371003915262810402e+00,3.207312680072886391e+00,2.950960603033935037e+00
6.139999999999999858e+01,2.367075490459096265e+00,3.208065986923943846e+00,2.953308429120891532e+00
6.142000000000000171e+01,2.363145307850829102e+00,3.208810068449019059e+00,2.955656255207848027e+00
6.143999999999999773e+01,2.359213389102294389e+00,3.209544920546522739e+00,2.958004081294804521e+00
6.146000000000000085e+01,2.355637530787569656e+00,3.210205506751646620e+00,2.959830168251326388e+00
6.147999999999999687e+01,2.352060472147677661e+00,3.210859562030779824e+00,2.961656255207848254e+00
6.150000000000000000e+01,2.348482225110652077e+00,3.211507084202914086e+00,2.963482342164370120e+00
6.152000000000000313e+01,2.344902801608489185e+00,3.212148071108827274e+00,2.965308429120891986e+00
6.153999999999999915e+01,2.341322213577108347e+00,3.212782520611088710e+00,2.967134516077413853e+00
6.156000000000000227e+01,2.337382119202944697e+00,3.213472193702466395e+00,2.969482342164370348e+00
6.157999999999999829e+01,2.333440416457254418e+00,3.214152614245148420e+00,2.971830168251326842e+00
6.160000000000000142e+01,2.329497127067825968e+00,3.214823778488463457e+00,2.974177994338283337e+00
6.161999999999999744e+01,2.325552272771193252e+00,3.215485682732762918e+00,2.976525820425239832e+00
6.164000000000000057e+01,2.321605875312516609e+00,3.216138323329442272e+00,2.978873646512196327e+00
6.165999999999999659e+01,2.317658124058112445e+00,3.216782726609406673e+00,2.980699733468718193e+00
6.167999999999999972e+01,2.313709202650009011e+00,3.217419919881893353e+00,2.982525820425240060e+00
6.170000000000000284e+01,2.309759124256250740e+00,3.218049901022121961e+00,2.984351907381761926e+00
6.171999999999999886e+01,2.305807902048740310e+00,3.218672667929361797e+00,2.986177994338283792e+00
6.174000000000000199e+01,2.301855549203193796e+00,3.219288218526939360e+00,2.988004081294805658e+00
6.175999999999999801e+01,2.297902078899098033e+00,3.219896550762244125e+00,2.989830168251327525e+00
6.178000000000000114e+01,2.293947504319665764e+00,3.220497662606735645e+00,2.991656255207849391e+00
6.179999999999999716e+01,2.289991838651793010e+00,3.221091552055950658e+00,2.993482342164371257e+00
6.182000000000000028e+01,2.286035095086012880e+00,3.221678217129510191e+00,2.995308429120893123e+00
6.184000000000000341e+01,2.282077286816453388e+00,3.222257655871125337e+00,2.997134516077414990e+00
6.185999999999999943e+01,2.278118427040793037e+00,3.222829866348603467e+00,2.998960603033936856e+00
6.188000000000000256e+01,2.274158528960216419e+00,3.223394846653855783e+00,3.000786689990458722e+00
6.189999999999999858e+01,2.270197605779370686e+00,3.223952594902903535e+00,3.002612776946980588e+00
6.192000000000000171e+01,2.266235670706320704e+00,3.224503109235882903e+00,3.004438863903502455e+00
6.193999999999999773e+01,2.262272736952506413e+00,3.225046387817052995e+00,3.006264950860024321e+00
6.196000000000000085e+01,2.258669174025407678e+00,3.225533697833188107e+00,3.008091037816546187e+00
6.197999999999999687e+01,2.255064727236546496e+00,3.226014426621231834e+00,3.009917124773068053e+00
6.200000000000000000e+01,2.251459408605284374e+00,3.226488572578149583e+00,3.011743211729589920e+00
6.202000000000000313e+01,2.247853230153890713e+00,3.226956134122857645e+00,3.013569298686111786e+00
6.203999999999999915e+01,2.244246203907501513e+00,3.227417109696228970e+00,3.015395385642633652e+00
6.206000000000000227e+01,2.240277555692737455e+00,3.227916936567584827e+00,3.017221472599155518e+00
6.207999999999999829e+01,2.236308001368063181e+00,3.228409515512868921e+00,3.019047559555677385e+00
6.210000000000000142e+01,2.232337554170324978e+00,3.228894844889530713e+00,3.020873646512199251e+00
6.211999999999999744e+01,2.228366227339347194e+00,3.229372923079194990e+00,3.022699733468721117e+00
6.214000000000000057e+01,2.224394034117886942e+00,3.229843748487665867e+00,3.024525820425242983e+00
6.215999999999999659e+01,2.220420987751590136e+00,3.230307319544931666e+00,3.026351907381764850e+00
6.217999999999999972e+01,2.216447101488948412e+00,3.230763634705172027e+00,3.028177994338286716e+00
6.220000000000000284e+01,2.212472388581253391e+00,3.231212692446761903e+00,3.030004081294808582e+00
6.221999999999999886e+01,2.208496862282554041e+00,3.231654491272276886e+00,3.031830168251330448e+00
6.224000000000000199e+01,2.204520535849610496e+00,3.232089029708497652e+00,3.033656255207852315e+00
6.225999999999999801e+01,2.200543422541851868e+00,3.232516306306415288e+00,3.035482342164374181e+00
6.228000000000000114e+01,2.196565535621330945e+00,3.232936319641236622e+00,3.037308429120896047e+00
6.229999999999999716e+01,2.192586888352680230e+00,3.233349068312388219e+00,3.039134516077417913e+00
6.232000000000000028e+01,2.188607494003067977e+00,3.233754550943521711e+00,3.040960603033939780e+00
6.234000000000000341e+01,2.184627365842152891e+00,3.234152766182516903e+00,3.042786689990461646e+00
6.235999999999999943e+01,2.180646618992641894e+00,3.234544751197120149e+00,3.044091037816548440e+00
6.238000000000000256e+01,2.176665364244742218e+00,3.234931543601249349e+00,3.045395385642635233e+00
6.239999999999999858e+01,2.172683608371854369e+00,3.235313142736846448e+00,3.046699733468722027e+00
6.242000000000000171e+01,2.168701358148231062e+00,3.235689547954687217e+00,3.048004081294808820e+00
6.243999999999999773e+01,2.164718620348966560e+00,3.236060758614385691e+00,3.049308429120895614e+00
6.246000000000000085e+01,2.161097512531709786e+00,3.236393499950755537e+00,3.050612776946982407e+00
6.247999999999999687e+01,2.157475973784474199e+00,3.236721517821304683e+00,3.051917124773069201e+00
6.250000000000000000e+01,2.153854010268667185e+00,3.237044811667968869e+00,3.053221472599155994e+00
6.252000000000000313e+01,2.150231628146418661e+00,3.237363380940721402e+00,3.054525820425242788e+00
6.253999999999999915e+01,2.146608833580570419e+00,3.237677225097572276e+00,3.055830168251329582e+00
6.256000000000000227e+01,2.142623312650075995e+00,3.238017255455271748e+00,3.057134516077416375e+00
6.257999999999999829e+01,2.138637351592179048e+00,3.238352087019633174e+00,3.058438863903503169e+00
6.260000000000000142e+01,2.134650957188286124e+00,3.238681719220999344e+00,3.059743211729589962e+00
6.261999999999999744e+01,2.130664136220542293e+00,3.239006151498560193e+00,3.061047559555676756e+00
6.264000000000000057e+01,2.126676895471817819e+00,3.239325383300351024e+00,3.062351907381763549e+00
6.265999999999999659e+01,2.122689241725696618e+00,3.239639414083256064e+00,3.063656255207850343e+00
6.267999999999999972e+01,2.118701181766466046e+00,3.239948243313006682e+00,3.064960603033937137e+00
6.270000000000000284e+01,2.114712722379104459e+00,3.240251870464184947e+00,3.066264950860023930e+00
6.271999999999999886e+01,2.110723870349269671e+00,3.240550295020223182e+00,3.067569298686110724e+00
6.274000000000000199e+01,2.106734632463286960e+00,3.240843516473404851e+00,3.068873646512197517e+00
6.275999999999999801e+01,2.102745015508138859e+00,3.241131534324865449e+00,3.070177994338284311e+00
6.278000000000000114e+01,2.098755026271452273e+00,3.241414348084593389e+00,3.071482342164371104e+00
6.279999999999999716e+01,2.094764671541487822e+00,3.241691957271431335e+00,3.072786689990457898e+00
6.282000000000000028e+01,2.090773958107127850e+00,3.241964361413076201e+00,3.074091037816544691e+00
6.284000000000000341e+01,2.086782892757865326e+00,3.242231560046080929e+00,3.075395385642631485e+00
6.285999999999999943e+01,2.082791482283790963e+00,3.242493552715854044e+00,3.076699733468718279e+00
6.288000000000000256e+01,2.078799733475583444e+00,3.242750338976661428e+00,3.078004081294805072e+00
6.289999999999999858e+01,2.074807653124496998e+00,3.243001918391626770e+00,3.079308429120891866e+00
6.292000000000000171e+01,2.070815248022349397e+00,3.243248290532732003e+00,3.080612776946978659e+00
6.293999999999999773e+01,2.066822524961511753e+00,3.243489454980819087e+00,3.081917124773065453e+00
6.296000000000000085e+01,2.063192493846406350e+00,3.243703960748791637e+00,3.083221472599152246e+00
6.297999999999999687e+01,2.059562186029175734e+00,3.243913731512441334e+00,3.084525820425239040e+00
6.300000000000000000e+01,2.055931607686146023e+00,3.244118766914880325e+00,3.085830168251325833e+00
6.302000000000000313e+01,2.052300764994104298e+00,3.244319066607276980e+00,3.087134516077412627e+00
6.303999999999999915e+01,2.048669664130286172e+00,3.244514630248857223e+00,3.088438863903499421e+00
6.306000000000000227e+01,2.044675230700397250e+00,3.244725582275510334e+00,3.089221472599151586e+00
6.307999999999999829e+01,2.040680633400882460e+00,3.244933408159544008e+00,3.090004081294803751e+00
6.310000000000000142e+01,2.036685874678338504e+00,3.245138107773671177e+00,3.090786689990455915e+00
6.311999999999999744e+01,2.032690956979460672e+00,3.245339680992516573e+00,3.091569298686108080e+00
6.314000000000000057e+01,2.028695882751041069e+00,3.245538127692622954e+00,3.092351907381760245e+00
6.315999999999999659e+01,2.024700654439968606e+00,3.245733447752444878e+00,3.093134516077412410e+00
6.317999999999999972e+01,2.020705274493225900e+00,3.245925641052354038e+00,3.093917124773064575e+00
6.320000000000000284e+01,2.016709745357888384e+00,3.246114707474637040e+00,3.094699733468716740e+00
6.321999999999999886e+01,2.012714069481123413e+00,3.246300646903494957e+00,3.095482342164368905e+00
6.324000000000000199e+01,2.008718249310188053e+00,3.246483459225044221e+00,3.096264950860021070e+00
6.325999999999999801e+01,2.005085556566769345e+00,3.246646809318018967e+00,3.097047559555673235e+00
6.328000000000000114e+01,2.001452737096629519e+00,3.246807316384330289e+00,3.097830168251325400e+00
6.329999999999999716e+01,1.997819793124784749e+00,3.246964980325671490e+00,3.098612776946977565e+00
6.332000000000000028e+01,1.994186726876327143e+00,3.247119801045476706e+00,3.099395385642629730e+00
6.334000000000000341e+01,1.990553540576423863e+00,3.247271778448922674e+00,3.100177994338281895e+00
6.335999999999999943e+01,1.986556906037704850e+00,3.247435825842325929e+00,3.100960603033934060e+00
6.338000000000000256e+01,1.982560144338004315e+00,3.247596745384868200e+00,3.101743211729586225e+00
6.339999999999999858e+01,1.978563257925244345e+00,3.247754536977989659e+00,3.102525820425238390e+00
6.342000000000000171e+01,1.974566249247423411e+00,3.247909200525046280e+00,3.103308429120890555e+00
6.343999999999999773e+01,1.970569120752614589e+00,3.248060735931309839e+00,3.104091037816542720e+00
6.346000000000000085e+01,1.966935260876569114e+00,3.248195651542818752e+00,3.104873646512194885e+00
6.347999999999999687e+01,1.963301296527230289e+00,3.248327723222963481e+00,3.105656255207847050e+00
6.350000000000000000e+01,1.959667229930315280e+00,3.248456950890854067e+00,3.106438863903499215e+00
6.352000000000000313e+01,1.956033063311603870e+00,3.248583334467340933e+00,3.107221472599151380e+00
6.353999999999999915e+01,1.952398798896937127e+00,3.248706873875017997e+00,3.108004081294803544e+00
6.356000000000000227e+01,1.948401002913743962e+00,3.248839638554539277e+00,3.108786689990455709e+00
6.357999999999999829e+01,1.944403104252046433e+00,3.248969274483822556e+00,3.109569298686107874e+00
6.360000000000000142e+01,1.940405105360462734e+00,3.249095781583468678e+00,3.110351907381760039e+00
6.361999999999999744e+01,1.936407008687672793e+00,3.249219159775995180e+00,3.111134516077412204e+00
6.364000000000000057e+01,1.932408816682416264e+00,3.249339408985835842e+00,3.111917124773064369e+00
6.365999999999999659e+01,1.928410531793490978e+00,3.249456529139340688e+00,3.112699733468716534e+00
6.367999999999999972e+01,1.924412156469752055e+00,3.249570520164776877e+00,3.113482342164368699e+00
6.370000000000000284e+01,1.920413693160109680e+00,3.249681381992326923e+00,3.114264950860020864e+00
6.371999999999999886e+01,1.916415144313527996e+00,3.249789114554090474e+00,3.115047559555673029e+00
6.374000000000000199e+01,1.912416512379023548e+00,3.249893717784085201e+00,3.115830168251325194e+00
6.375999999999999801e+01,1.908781319130514742e+00,3.249985966724228348e+00,3.116612776946977359e+00
6.378000000000000114e+01,1.905146054800425315e+00,3.250075370702564914e+00,3.117395385642629524e+00
6.379999999999999716e+01,1.901510721615268906e+00,3.250161929664337812e+00,3.118177994338281689e+00
6.382000000000000028e+01,1.897875321801601123e+00,3.250245643556530784e+00,3.118960603033933854e+00
6.384000000000000341e+01,1.894239857586018205e+00,3.250326512327871509e+00,3.119743211729586019e+00
6.385999999999999943e+01,1.890240800990806935e+00,3.250413381525972145e+00,3.120004081294803555e+00
6.388000000000000256e+01,1.886241721870139720e+00,3.250499207488974029e+00,3.120264950860021091e+00
6.389999999999999858e+01,1.882242620496165753e+00,3.250583990211035168e+00,3.120525820425238628e+00
6.392000000000000171e+01,1.878243497141035334e+00,3.250667729686385954e+00,3.120786689990456164e+00
6.393999999999999773e+01,1.874244352076900766e+00,3.250750425909328722e+00,3.121047559555673701e+00
6.396000000000000085e+01,1.870245185575915459e+00,3.250832078874235531e+00,3.121308429120891237e+00
6.397999999999999687e+01,1.866245997910234378e+00,3.250912688575549936e+00,3.121569298686108773e+00
6.400000000000000000e+01,1.862246789352014265e+00,3.250992255007785658e+00,3.121830168251326310e+00
6.401999999999999602e+01,1.858247560173412527e+00,3.251070778165527031e+00,3.122091037816543846e+00
6.404000000000000625e+01,1.854248310646588793e+00,3.251148258043432548e+00,3.122351907381761382e+00
6.406000000000000227e+01,1.850249041043703579e+00,3.251224694636228207e+00,3.122612776946978919e+00
6.407999999999999829e+01,1.846249751636918734e+00,3.251300087938711503e+00,3.122873646512196455e+00
6.409999999999999432e+01,1.842250442698397883e+00,3.251374437945753204e+00,3.123134516077413991e+00
6.412000000000000455e+01,1.838251114500305539e+00,3.251447744652292471e+00,3.123395385642631528e+00
6.414000000000000057e+01,1.834251767314807768e+00,3.251520008053341293e+00,3.123656255207849064e+00
6.415999999999999659e+01,1.830252401414071750e+00,3.251591228143980050e+00,3.123917124773066600e+00
6.418000000000000682e+01,1.826253017070266216e+00,3.251661404919365506e+00,3.124177994338284137e+00
6.420000000000000284e+01,1.822253614555560786e+00,3.251730538374719259e+00,3.124438863903501673e+00
6.421999999999999886e+01,1.818254194142126634e+00,3.251798628505337518e+00,3.124699733468719209e+00
6.423999999999999488e+01,1.814618341378498867e+00,3.251859580142836936e+00,3.124960603033936746e+00
6.426000000000000512e+01,1.810982472838159385e+00,3.251919583294943905e+00,3.125221472599154282e+00
6.428000000000000114e+01,1.807346588768539597e+00,3.251978637957573248e+00,3.125482342164371818e+00
6.429999999999999716e+01,1.803710689417072022e+00,3.252036744126708623e+00,3.125743211729589355e+00
6.431999999999999318e+01,1.800074775031190510e+00,3.252093901798393194e+00,3.126004081294806891e+00
6.434000000000000341e+01,1.796075252941043310e+00,3.252155731885775669e+00,3.126264950860024427e+00
6.435999999999999943e+01,1.792075714857397806e+00,3.252216518617475849e+00,3.126525820425241964e+00
6.437999999999999545e+01,1.788076161052434498e+00,3.252276261989358819e+00,3.126786689990459500e+00
6.440000000000000568e+01,1.784076591798334555e+00,3.252334961997357610e+00,3.127047559555677037e+00
6.442000000000000171e+01,1.780077007367280473e+00,3.252392618637478527e+00,3.127308429120894573e+00
6.443999999999999773e+01,1.776077408031455640e+00,3.252449231905799376e+00,3.127569298686112109e+00
6.445999999999999375e+01,1.772077794063044553e+00,3.252504801798464573e+00,3.127830168251329646e+00
6.448000000000000398e+01,1.768078165734232599e+00,3.252559328311694919e+00,3.128091037816547182e+00
6.450000000000000000e+01,1.764078523317206049e+00,3.252612811441777385e+00,3.128351907381764718e+00
6.451999999999999602e+01,1.760078867084152510e+00,3.252665251185073991e+00,3.128612776946982255e+00
6.454000000000000625e+01,1.756079204033817120e+00,3.252717169233782180e+00,3.128612776946982255e+00
6.456000000000000227e+01,1.752079540983481731e+00,3.252769087282490368e+00,3.128612776946982255e+00
6.457999999999999829e+01,1.748079877933146342e+00,3.252821005331198556e+00,3.128612776946982255e+00
6.459999999999999432e+01,1.744080214882810953e+00,3.252872923379906744e+00,3.128612776946982255e+00
6.462000000000000455e+01,1.740080551832475564e+00,3.252924841428614933e+00,3.128612776946982255e+00
6.464000000000000057e+01,1.736080888782140175e+00,3.252976759477323121e+00,3.128612776946982255e+00
6.465999999999999659e+01,1.732081225731804786e+00,3.253028677526031309e+00,3.128612776946982255e+00
6.468000000000000682e+01,1.728081562681469396e+00,3.253080595574739498e+00,3.128612776946982255e+00
6.470000000000000284e+01,1.724081899631134007e+00,3.253132513623447686e+00,3.128612776946982255e+00
6.471999999999999886e+01,1.720082236580798618e+00,3.253184431672155874e+00,3.128612776946982255e+00
6.473999999999999488e+01,1.716446179262311800e+00,3.253231629898253985e+00,3.128612776946982255e+00
6.476000000000000512e+01,1.712810121943824981e+00,3.253278828124352096e+00,3.128612776946982255e+00
6.478000000000000114e+01,1.709174064625338163e+00,3.253326026350450206e+00,3.128612776946982255e+00
6.479999999999999716e+01,1.705538007306851345e+00,3.253373224576548317e+00,3.128612776946982255e+00
6.481999999999999318e+01,1.701901949988364526e+00,3.253420422802646428e+00,3.128612776946982255e+00
6.484000000000000341e+01,1.697902286938029137e+00,3.253472340851354616e+00,3.128612776946982255e+00
6.485999999999999943e+01,1.693902623887693748e+00,3.253524258900062804e+00,3.128612776946982255e+00
6.487999999999999545e+01,1.689902960837358359e+00,3.253576176948770993e+00,3.128612776946982255e+00
6.490000000000000568e+01,1.685903297787022970e+00,3.253628094997479181e+00,3.128612776946982255e+00
6.492000000000000171e+01,1.681903634736687581e+00,3.253680013046187369e+00,3.128612776946982255e+00
6.493999999999999773e+01,1.677903971686352191e+00,3.253731931094895558e+00,3.128612776946982255e+00
6.495999999999999375e+01,1.673904308636016802e+00,3.253783849143603746e+00,3.128612776946982255e+00
6.498000000000000398e+01,1.669904645585681413e+00,3.253835767192311934e+00,3.128612776946982255e+00
6.500000000000000000e+01,1.665904982535346024e+00,3.253887685241020122e+00,3.128612776946982255e+00
6.501999999999999602e+01,1.661905319485010635e+00,3.253939603289728311e+00,3.128612776946982255e+00
6.504000000000000625e+01,1.658269262166523816e+00,3.253986801515826421e+00,3.128612776946982255e+00
6.506000000000000227e+01,1.654633204848036998e+00,3.254033999741924532e+00,3.128612776946982255e+00
6.507999999999999829e+01,1.650997147529550180e+00,3.254081197968022643e+00,3.128612776946982255e+00
6.509999999999999432e+01,1.647361090211063361e+00,3.254128396194120754e+00,3.128612776946982255e+00
6.512000000000000455e+01,1.643725032892576543e+00,3.254175594420218864e+00,3.128612776946982255e+00
6.514000000000000057e+01,1.639725369842241154e+00,3.254227512468927053e+00,3.128612776946982255e+00
6.515999999999999659e+01,1.635725706791905765e+00,3.254279430517635241e+00,3.128612776946982255e+00
6.518000000000000682e+01,1.631726043741570376e+00,3.254331348566343429e+00,3.128612776946982255e+00
6.520000000000000284e+01,1.627726380691234986e+00,3.254383266615051618e+00,3.128612776946982255e+00
6.521999999999999886e+01,1.623726717640899597e+00,3.254435184663759806e+00,3.128612776946982255e+00
6.523999999999999488e+01,1.620090660322412779e+00,3.254482382889857917e+00,3.128612776946982255e+00
6.526000000000000512e+01,1.616454603003925961e+00,3.254529581115956027e+00,3.128612776946982255e+00
6.528000000000000114e+01,1.612818545685439142e+00,3.254576779342054138e+00,3.128612776946982255e+00
6.529999999999999716e+01,1.609182488366952324e+00,3.254623977568152249e+00,3.128612776946982255e+00
6.531999999999999318e+01,1.605546431048465505e+00,3.254671175794250360e+00,3.128612776946982255e+00
6.534000000000000341e+01,1.601546767998130116e+00,3.254723093842958548e+00,3.128612776946982255e+00
6.535999999999999943e+01,1.597547104947794727e+00,3.254775011891666736e+00,3.128612776946982255e+00
6.537999999999999545e+01,1.593547441897459338e+00,3.254826929940374924e+00,3.128612776946982255e+00
6.540000000000000568e+01,1.589547778847123949e+00,3.254878847989083113e+00,3.128612776946982255e+00
6.542000000000000171e+01,1.585548115796788560e+00,3.254930766037791301e+00,3.128612776946982255e+00
6.543999999999999773e+01,1.581548452746453171e+00,3.254982684086499489e+00,3.128612776946982255e+00
6.545999999999999375e+01,1.577548789696117781e+00,3.255034602135207678e+00,3.128612776946982255e+00
6.548000000000000398e+01,1.573549126645782392e+00,3.255086520183915866e+00,3.128612776946982255e+00
6.550000000000000000e+01,1.569549463595447003e+00,3.255138438232624054e+00,3.128612776946982255e+00
6.551999999999999602e+01,1.565549800545111614e+00,3.255190356281332242e+00,3.128612776946982255e+00
6.554000000000000625e+01,1.561913743226624796e+00,3.255237554507430353e+00,3.128612776946982255e+00
6.556000000000000227e+01,1.558277685908137977e+00,3.255284752733528464e+00,3.128612776946982255e+00
6.557999999999999829e+01,1.554641628589651159e+00,3.255331950959626575e+00,3.128612776946982255e+00
6.559999999999999432e+01,1.551005571271164341e+00,3.255379149185724685e+00,3.128612776946982255e+00
6.562000000000000455e+01,1.547369513952677522e+00,3.255426347411822796e+00,3.128612776946982255e+00
6.564000000000000057e+01,1.543369850902342133e+00,3.255478265460530984e+00,3.128612776946982255e+00
6.565999999999999659e+01,1.539370187852006744e+00,3.255530183509239173e+00,3.128612776946982255e+00
6.568000000000000682e+01,1.535370524801671355e+00,3.255582101557947361e+00,3.128612776946982255e+00
6.570000000000000284e+01,1.531370861751335966e+00,3.255634019606655549e+00,3.128612776946982255e+00
6.571999999999999886e+01,1.527371198701000576e+00,3.255685937655363738e+00,3.128612776946982255e+00
6.573999999999999488e+01,1.523371535650665187e+00,3.255737855704071926e+00,3.128612776946982255e+00
6.576000000000000512e+01,1.519371872600329798e+00,3.255789773752780114e+00,3.128612776946982255e+00
6.578000000000000114e+01,1.515372209549994409e+00,3.255841691801488302e+00,3.128612776946982255e+00
6.579999999999999716e+01,1.511372546499659020e+00,3.255893609850196491e+00,3.128612776946982255e+00
6.581999999999999318e+01,1.507372883449323631e+00,3.255945527898904679e+00,3.128612776946982255e+00
6.584000000000000341e+01,1.503373220398988241e+00,3.255997445947612867e+00,3.128612776946982255e+00
6.585999999999999943e+01,1.499373557348652852e+00,3.256049363996321055e+00,3.128612776946982255e+00
6.587999999999999545e+01,1.495373894298317463e+00,3.256101282045029244e+00,3.128612776946982255e+00
6.590000000000000568e+01,1.491374231247982074e+00,3.256153200093737432e+00,3.128612776946982255e+00
6.592000000000000171e+01,1.487374568197646685e+00,3.256205118142445620e+00,3.128612776946982255e+00
6.593999999999999773e+01,1.483374905147311296e+00,3.256257036191153809e+00,3.128612776946982255e+00
6.595999999999999375e+01,1.479375242096975906e+00,3.256308954239861997e+00,3.128612776946982255e+00
6.598000000000000398e+01,1.475375579046640517e+00,3.256360872288570185e+00,3.128612776946982255e+00
6.600000000000000000e+01,1.471375915996305128e+00,3.256412790337278373e+00,3.128612776946982255e+00
6.601999999999999602e+01,1.467376252945969739e+00,3.256464708385986562e+00,3.128612776946982255e+00
6.604000000000000625e+01,1.463740195627482921e+00,3.256511906612084672e+00,3.128612776946982255e+00
6.606000000000000227e+01,1.460104138308996102e+00,3.256559104838182783e+00,3.128612776946982255e+00
6.607999999999999829e+01,1.456468080990509284e+00,3.256606303064280894e+00,3.128612776946982255e+00
6.609999999999999432e+01,1.452832023672022466e+00,3.256653501290379005e+00,3.128612776946982255e+00
6.612000000000000455e+01,1.449195966353535647e+00,3.256700699516477115e+00,3.128612776946982255e+00
6.614000000000000057e+01,1.445196303303200258e+00,3.256752617565185304e+00,3.128612776946982255e+00
6.615999999999999659e+01,1.441196640252864869e+00,3.256804535613893492e+00,3.128612776946982255e+00
6.618000000000000682e+01,1.437196977202529480e+00,3.256856453662601680e+00,3.128612776946982255e+00
6.620000000000000284e+01,1.433197314152194091e+00,3.256908371711309869e+00,3.128612776946982255e+00
6.621999999999999886e+01,1.429197651101858701e+00,3.256960289760018057e+00,3.128612776946982255e+00
6.623999999999999488e+01,1.425197988051523312e+00,3.257012207808726245e+00,3.128612776946982255e+00
6.626000000000000512e+01,1.421198325001187923e+00,3.257064125857434433e+00,3.128612776946982255e+00
6.628000000000000114e+01,1.417198661950852534e+00,3.257116043906142622e+00,3.128612776946982255e+00
6.629999999999999716e+01,1.413198998900517145e+00,3.257167961954850810e+00,3.128612776946982255e+00
6.631999999999999318e+01,1.409199335850181756e+00,3.257219880003558998e+00,3.128612776946982255e+00
6.634000000000000341e+01,1.405199672799846367e+00,3.257271798052267187e+00,3.128612776946982255e+00
6.635999999999999943e+01,1.401200009749510977e+00,3.257323716100975375e+00,3.128612776946982255e+00
6.637999999999999545e+01,1.397200346699175588e+00,3.257375634149683563e+00,3.128612776946982255e+00
6.640000000000000568e+01,1.393200683648840199e+00,3.257427552198391751e+00,3.128612776946982255e+00
6.642000000000000171e+01,1.389201020598504810e+00,3.257479470247099940e+00,3.128612776946982255e+00
6.643999999999999773e+01,1.385201300275470615e+00,3.257526692993642836e+00,3.130960603033938749e+00
6.645999999999999375e+01,1.381201480105540780e+00,3.257564524970945286e+00,3.133308429120895244e+00
6.648000000000000398e+01,1.377201582136863278e+00,3.257592965970466548e+00,3.135656255207851739e+00
6.650000000000000000e+01,1.373201628418014852e+00,3.257612015835432473e+00,3.138004081294808234e+00
6.651999999999999602e+01,1.369201640997879554e+00,3.257621674460834171e+00,3.140351907381764729e+00
6.654000000000000625e+01,1.365565278062010002e+00,3.257622866106937298e+00,-3.141007312841300081e+00
6.656000000000000227e+01,1.361928919012986627e+00,3.257617417439817586e+00,-3.139181225884778215e+00
6.657999999999999829e+01,1.358292575976585814e+00,3.257605328477644058e+00,-3.137355138928256348e+00
6.659999999999999432e+01,1.354656261078530211e+00,3.257586599260728910e+00,-3.135529051971734482e+00
6.662000000000000455e+01,1.351019986444448762e+00,3.257561229851526186e+00,-3.133702965015212616e+00
6.664000000000000057e+01,1.347020141975374896e+00,3.257526019382943172e+00,-3.131876878058690750e+00
6.665999999999999659e+01,1.343020368472568782e+00,3.257483504913313066e+00,-3.130050791102168883e+00
6.668000000000000682e+01,1.339020679273645653e+00,3.257433686584403354e+00,-3.128224704145647017e+00
6.670000000000000284e+01,1.335021087715939636e+00,3.257376564562338483e+00,-3.126398617189125151e+00
6.671999999999999886e+01,1.331021607136459339e+00,3.257312139037597198e+00,-3.124572530232603285e+00
6.673999999999999488e+01,1.327022232023894910e+00,3.257241453532961017e+00,-3.123268182406516491e+00
6.676000000000000512e+01,1.323022952511903050e+00,3.257165551513699242e+00,-3.121963834580429697e+00
6.678000000000000114e+01,1.319023775404550181e+00,3.257084433108946353e+00,-3.120659486754342904e+00
6.679999999999999716e+01,1.315024707505728196e+00,3.256998098456711066e+00,-3.119355138928256110e+00
6.681999999999999318e+01,1.311025755619143363e+00,3.256906547703875887e+00,-3.118050791102169317e+00
6.684000000000000341e+01,1.307026952199986214e+00,3.256808737843358337e+00,-3.116224704145647451e+00
6.685999999999999943e+01,1.303028334057230397e+00,3.256703625987211304e+00,-3.114398617189125584e+00
6.687999999999999545e+01,1.299029914524638896e+00,3.256591212485940634e+00,-3.112572530232603718e+00
6.690000000000000568e+01,1.295031706935311888e+00,3.256471497714399366e+00,-3.110746443276081852e+00
6.692000000000000171e+01,1.291033724621643008e+00,3.256344482071787283e+00,-3.108920356319559986e+00
6.693999999999999773e+01,1.287035945740264253e+00,3.256211208866801599e+00,-3.107616008493473192e+00
6.695999999999999375e+01,1.283038344094207917e+00,3.256072721282471605e+00,-3.106311660667386398e+00
6.698000000000000398e+01,1.279040926484685814e+00,3.255929019554409720e+00,-3.105007312841299605e+00
6.700000000000000000e+01,1.275043699712596457e+00,3.255780103927098601e+00,-3.103702965015212811e+00
6.701999999999999602e+01,1.271046670578513726e+00,3.255625974653892030e+00,-3.102398617189126018e+00
6.704000000000000625e+01,1.267413193582296982e+00,3.255481117693094006e+00,-3.101094269363039224e+00
6.706000000000000227e+01,1.263779908620747516e+00,3.255331521539042594e+00,-3.099789921536952431e+00
6.707999999999999829e+01,1.260146821875256729e+00,3.255177186446249760e+00,-3.098485573710865637e+00
6.709999999999999432e+01,1.256513939526878731e+00,3.255018112677289022e+00,-3.097181225884778843e+00
6.712000000000000455e+01,1.252881267756319694e+00,3.254854300502796338e+00,-3.095876878058692050e+00
6.714000000000000057e+01,1.248885567242688621e+00,3.254668895171335841e+00,-3.094572530232605256e+00
6.715999999999999659e+01,1.244890111961018730e+00,3.254478278215792386e+00,-3.093268182406518463e+00
6.718000000000000682e+01,1.240894908708869870e+00,3.254282449960466117e+00,-3.091963834580431669e+00
6.720000000000000284e+01,1.236899964283373343e+00,3.254081410738524305e+00,-3.090659486754344876e+00
6.721999999999999886e+01,1.232905285481219915e+00,3.253875160891999574e+00,-3.089355138928258082e+00
6.723999999999999488e+01,1.228910934669899646e+00,3.253662658774401528e+00,-3.087529051971736216e+00
6.726000000000000512e+01,1.224916978565475434e+00,3.253442862983245032e+00,-3.085702965015214350e+00
6.728000000000000114e+01,1.220923430486163808e+00,3.253215774251459358e+00,-3.083876878058692483e+00
6.729999999999999716e+01,1.216930303748820830e+00,3.252981393336292992e+00,-3.082050791102170617e+00
6.731999999999999318e+01,1.212937611668897464e+00,3.252739721019310970e+00,-3.080224704145648751e+00
6.734000000000000341e+01,1.209308298842986629e+00,3.252513391098475370e+00,-3.078398617189126885e+00
6.735999999999999943e+01,1.205679405366102186e+00,3.252280434117869490e+00,-3.076572530232605018e+00
6.737999999999999545e+01,1.202050943339125766e+00,3.252040850854310161e+00,-3.074746443276083152e+00
6.740000000000000568e+01,1.198422924861500372e+00,3.251794642106709876e+00,-3.072920356319561286e+00
6.742000000000000171e+01,1.194795362031189523e+00,3.251541808696074565e+00,-3.071094269363039420e+00
6.743999999999999773e+01,1.190805408620589478e+00,3.251258487386239349e+00,-3.070311660667387255e+00
6.745999999999999375e+01,1.186815678161563747e+00,3.250972043591251470e+00,-3.069529051971735090e+00
6.748000000000000398e+01,1.182826173097727640e+00,3.250682477486552369e+00,-3.068746443276082925e+00
6.750000000000000000e+01,1.178836895872558577e+00,3.250389789249493955e+00,-3.067963834580430760e+00
6.751999999999999602e+01,1.174847848929394534e+00,3.250093979059340832e+00,-3.067181225884778595e+00
6.754000000000000625e+01,1.170858956774420090e+00,3.249796087660902444e+00,-3.066920356319561058e+00
6.756000000000000227e+01,1.166870142465972204e+00,3.249497155692049777e+00,-3.066659486754343522e+00
6.757999999999999829e+01,1.162881406275501517e+00,3.249197183173126113e+00,-3.066398617189125986e+00
6.759999999999999432e+01,1.158892748474453116e+00,3.248896170124545790e+00,-3.066137747623908449e+00
6.762000000000000455e+01,1.154904169334266761e+00,3.248594116566792867e+00,-3.065876878058690913e+00
6.764000000000000057e+01,1.150915748420579643e+00,3.248289982059332726e+00,-3.065094269363038748e+00
6.765999999999999659e+01,1.146927566746585248e+00,3.247982726272439891e+00,-3.064311660667386583e+00
6.768000000000000682e+01,1.142939626754950311e+00,3.247672349394301161e+00,-3.063529051971734418e+00
6.770000000000000284e+01,1.138951930888193687e+00,3.247358851615015141e+00,-3.062746443276082253e+00
6.771999999999999886e+01,1.134964481588685015e+00,3.247042233126591793e+00,-3.061963834580430088e+00
6.773999999999999488e+01,1.130977281298642279e+00,3.246722494122952440e+00,-3.061181225884777923e+00
6.776000000000000512e+01,1.126990332460131583e+00,3.246399634799929323e+00,-3.060398617189125758e+00
6.778000000000000114e+01,1.123003637515064712e+00,3.246073655355266929e+00,-3.059616008493473593e+00
6.779999999999999716e+01,1.119017198905198018e+00,3.245744555988618885e+00,-3.058833399797821428e+00
6.781999999999999318e+01,1.115031019072130647e+00,3.245412336901551509e+00,-3.058050791102169264e+00
6.784000000000000341e+01,1.111045100457303647e+00,3.245076998297540705e+00,-3.057268182406517099e+00
6.785999999999999943e+01,1.107059269367320242e+00,3.244740619892465094e+00,-3.057529051971734635e+00
6.787999999999999545e+01,1.103073350662072905e+00,3.244405281280847930e+00,-3.057789921536952171e+00
6.790000000000000568e+01,1.099087344612815764e+00,3.244070982485509180e+00,-3.058050791102169708e+00
6.792000000000000171e+01,1.095101251490807837e+00,3.243737723529198647e+00,-3.058311660667387244e+00
6.793999999999999773e+01,1.091115071567314576e+00,3.243405504434593745e+00,-3.058572530232604780e+00
6.795999999999999375e+01,1.087128805113606989e+00,3.243074325224306165e+00,-3.058833399797822317e+00
6.798000000000000398e+01,1.083142452400962297e+00,3.242744185920873434e+00,-3.059094269363039853e+00
6.800000000000000000e+01,1.079156013700663719e+00,3.242415086546759806e+00,-3.059355138928257389e+00
6.801999999999999602e+01,1.075169489283999802e+00,3.242087027124362919e+00,-3.059616008493474926e+00
6.804000000000000625e+01,1.071183050674133108e+00,3.241757927757714874e+00,-3.058833399797822761e+00
6.806000000000000227e+01,1.067196870841065737e+00,3.241425708670647499e+00,-3.058050791102170596e+00
6.807999999999999829e+01,1.063210952226238737e+00,3.241090370066636694e+00,-3.057268182406518431e+00
6.809999999999999432e+01,1.059225297270932842e+00,3.240751912151070169e+00,-3.056485573710866266e+00
6.812000000000000455e+01,1.055239908416267358e+00,3.240410335131244768e+00,-3.055702965015214101e+00
6.814000000000000057e+01,1.051254608713852345e+00,3.240067718448624845e+00,-3.055963834580431637e+00
6.815999999999999659e+01,1.047269219768778736e+00,3.239726141421050976e+00,-3.056224704145649174e+00
6.818000000000000682e+01,1.043283741852264246e+00,3.239385604071768565e+00,-3.056485573710866710e+00
6.820000000000000284e+01,1.039298175235532140e+00,3.239046106423953741e+00,-3.056746443276084246e+00
6.821999999999999886e+01,1.035312520189812124e+00,3.238707648500708469e+00,-3.057007312841301783e+00
6.823999999999999488e+01,1.031326689190246615e+00,3.238371270103264532e+00,-3.057789921536953948e+00
6.826000000000000512e+01,1.027340596158662800e+00,3.238038011154512841e+00,-3.058572530232606113e+00
6.828000000000000114e+01,1.023354243536448216e+00,3.237707871858568343e+00,-3.059355138928258278e+00
6.829999999999999716e+01,1.019367633765149384e+00,3.237380852417632404e+00,-3.060137747623910442e+00
6.831999999999999318e+01,1.015380769286470697e+00,3.237056953031997697e+00,-3.060920356319562607e+00
6.834000000000000341e+01,1.011393736269006194e+00,3.236735133786257101e+00,-3.061181225884780144e+00
6.835999999999999943e+01,1.007406619434360495e+00,3.236414354647027203e+00,-3.061442095449997680e+00
6.837999999999999545e+01,1.003419419053868555e+00,3.236094615636133653e+00,-3.061702965015215216e+00
6.840000000000000568e+01,9.994321353988713241e-01,3.235775916775339045e+00,-3.061963834580432753e+00
6.842000000000000171e+01,9.954447687407148582e-01,3.235458258086330030e+00,-3.062224704145650289e+00
6.843999999999999773e+01,9.914575686315664216e-01,3.235138519097196852e+00,-3.060920356319563496e+00
6.845999999999999375e+01,9.874707889649128045e-01,3.234813579685733576e+00,-3.059616008493476702e+00
6.848000000000000398e+01,9.834844365235538843e-01,3.234483440404766430e+00,-3.058311660667389908e+00
6.850000000000000000e+01,9.794985180895628973e-01,3.234148101815970122e+00,-3.057007312841303115e+00
6.851999999999999602e+01,9.755130404442745595e-01,3.233807564489863395e+00,-3.055702965015216321e+00
6.854000000000000625e+01,9.715279201312059243e-01,3.233462868574986881e+00,-3.054920356319564156e+00
6.856000000000000227e+01,9.675430708005261504e-01,3.233115053976177933e+00,-3.054137747623911991e+00
6.857999999999999829e+01,9.635584948928609395e-01,3.232764120906464367e+00,-3.053355138928259827e+00
6.859999999999999432e+01,9.595741948486689044e-01,3.232410069580784029e+00,-3.052572530232607662e+00
6.862000000000000455e+01,9.555901731082394601e-01,3.232052900215985680e+00,-3.051789921536955497e+00
6.864000000000000057e+01,9.516064321116918245e-01,3.231692613030826333e+00,-3.051007312841303332e+00
6.865999999999999659e+01,9.476229742989729088e-01,3.231329208245974360e+00,-3.050224704145651167e+00
6.868000000000000682e+01,9.436398021098564293e-01,3.230962686084005941e+00,-3.049442095449999002e+00
6.870000000000000284e+01,9.396569179839412422e-01,3.230593046769406840e+00,-3.048659486754346837e+00
6.871999999999999886e+01,9.356743243606495675e-01,3.230220290528573290e+00,-3.047876878058694672e+00
6.873999999999999488e+01,9.316920236792256560e-01,3.229844417589808891e+00,-3.047094269363042507e+00
6.876000000000000512e+01,9.277100183787345689e-01,3.229465428183328157e+00,-3.046311660667390342e+00
6.878000000000000114e+01,9.237283108980601787e-01,3.229083322541251633e+00,-3.045529051971738177e+00
6.879999999999999716e+01,9.197469036759042815e-01,3.228698100897610779e+00,-3.044746443276086012e+00
6.881999999999999318e+01,9.157657991507845985e-01,3.228309763488344863e+00,-3.043963834580433847e+00
6.884000000000000341e+01,9.117849997610333324e-01,3.227918310551300074e+00,-3.043181225884781682e+00
6.885999999999999943e+01,9.078045079447959465e-01,3.227523742326233958e+00,-3.042398617189129517e+00
6.887999999999999545e+01,9.038243261400296102e-01,3.227126059054808760e+00,-3.041616008493477352e+00
6.890000000000000568e+01,8.998444567845013120e-01,3.226725260980596754e+00,-3.040833399797825187e+00
6.892000000000000171e+01,8.958649023157870817e-01,3.226321348349077578e+00,-3.040050791102173022e+00
6.893999999999999773e+01,8.918855590354582974e-01,3.225915359474129662e+00,-3.039789921536955486e+00
6.895999999999999375e+01,8.879063218006723046e-01,3.225508332523455923e+00,-3.039529051971737950e+00
6.898000000000000398e+01,8.839271908822283752e-01,3.225100267524757314e+00,-3.039268182406520413e+00
6.900000000000000000e+01,8.799481665509176764e-01,3.224691164505801844e+00,-3.039007312841302877e+00
6.901999999999999602e+01,8.759692490775246032e-01,3.224281023494430354e+00,-3.038746443276085341e+00
6.904000000000000625e+01,8.719903851233521408e-01,3.223870363496150304e+00,-3.038746443276085341e+00
6.906000000000000227e+01,8.680115211691796784e-01,3.223459703497870255e+00,-3.038746443276085341e+00
6.907999999999999829e+01,8.640326572150072160e-01,3.223049043499590205e+00,-3.038746443276085341e+00
6.909999999999999432e+01,8.600537932608347536e-01,3.222638383501310155e+00,-3.038746443276085341e+00
6.912000000000000455e+01,8.560749293066622911e-01,3.222227723503030106e+00,-3.038746443276085341e+00
6.914000000000000057e+01,8.520960653524898287e-01,3.221817063504750056e+00,-3.038746443276085341e+00
6.915999999999999659e+01,8.481172013983173663e-01,3.221406403506470006e+00,-3.038746443276085341e+00
6.918000000000000682e+01,8.441383374441449039e-01,3.220995743508189957e+00,-3.038746443276085341e+00
6.920000000000000284e+01,8.401594734899724415e-01,3.220585083509909907e+00,-3.038746443276085341e+00
6.921999999999999886e+01,8.361806095357999791e-01,3.220174423511629858e+00,-3.038746443276085341e+00
6.923999999999999488e+01,8.322017455816275167e-01,3.219763763513349808e+00,-3.038746443276085341e+00
6.926000000000000512e+01,8.282228816274550542e-01,3.219353103515069758e+00,-3.038746443276085341e+00
6.928000000000000114e+01,8.242440176732825918e-01,3.218942443516789709e+00,-3.038746443276085341e+00
6.929999999999999716e+01,8.202651537191101294e-01,3.218531783518509659e+00,-3.038746443276085341e+00
6.931999999999999318e+01,8.162862897649376670e-01,3.218121123520229609e+00,-3.038746443276085341e+00
6.934000000000000341e+01,8.126691407156899638e-01,3.217747796249065928e+00,-3.038746443276085341e+00
6.935999999999999943e+01,8.090519916664422606e-01,3.217374468977902247e+00,-3.038746443276085341e+00
6.937999999999999545e+01,8.054348426171945574e-01,3.217001141706738565e+00,-3.038746443276085341e+00
6.940000000000000568e+01,8.018176935679468542e-01,3.216627814435574884e+00,-3.038746443276085341e+00
6.942000000000000171e+01,7.982005445186991510e-01,3.216254487164411202e+00,-3.038746443276085341e+00
6.943999999999999773e+01,7.942217341740006598e-01,3.215843308188538252e+00,-3.038485573710867804e+00
6.945999999999999375e+01,7.902430312287664904e-01,3.215431091276141906e+00,-3.038224704145650268e+00
6.948000000000000398e+01,7.862644359537589445e-01,3.215017836455276612e+00,-3.037963834580432732e+00
6.950000000000000000e+01,7.822859486197332179e-01,3.214603543754063431e+00,-3.037702965015215195e+00
6.951999999999999602e+01,7.783075694974369574e-01,3.214188213200700250e+00,-3.037442095449997659e+00
6.954000000000000625e+01,7.743292988576104818e-01,3.213771844823447132e+00,-3.037181225884780122e+00
6.956000000000000227e+01,7.703511369709868939e-01,3.213354438650641853e+00,-3.036920356319562586e+00
6.957999999999999829e+01,7.663730841082915246e-01,3.212935994710691023e+00,-3.036659486754345050e+00
6.959999999999999432e+01,7.623951405402428216e-01,3.212516513032067866e+00,-3.036398617189127513e+00
6.962000000000000455e+01,7.584173065375513501e-01,3.212095993643321101e+00,-3.036137747623909977e+00
6.964000000000000057e+01,7.544395823709203475e-01,3.211674436573068725e+00,-3.035876878058692441e+00
6.965999999999999659e+01,7.504619683110456130e-01,3.211251841849998456e+00,-3.035616008493474904e+00
6.968000000000000682e+01,7.464844646286153962e-01,3.210828209502867736e+00,-3.035355138928257368e+00
6.970000000000000284e+01,7.425070715943107302e-01,3.210403539560507724e+00,-3.035094269363039832e+00
6.971999999999999886e+01,7.385297894788043216e-01,3.209977832051817082e+00,-3.034833399797822295e+00
6.973999999999999488e+01,7.345528420143033754e-01,3.209549012047427485e+00,-3.033529051971735502e+00
6.976000000000000512e+01,7.305764572631204823e-01,3.209115005086509598e+00,-3.032224704145648708e+00
6.978000000000000114e+01,7.266006419903705549e-01,3.208675811907449216e+00,-3.030920356319561915e+00
6.979999999999999716e+01,7.226254029601995033e-01,3.208231433257456189e+00,-3.029616008493475121e+00
6.981999999999999318e+01,7.186507469357730216e-01,3.207781869892562199e+00,-3.028311660667388328e+00
6.984000000000000341e+01,7.146766806792648197e-01,3.207327122577619427e+00,-3.027007312841301534e+00
6.985999999999999943e+01,7.107032109518451879e-01,3.206867192086300111e+00,-3.025702965015214740e+00
6.987999999999999545e+01,7.067303445136697837e-01,3.206402079201094768e+00,-3.024398617189127947e+00
6.990000000000000568e+01,7.027580881238675303e-01,3.205931784713309973e+00,-3.023094269363041153e+00
6.992000000000000171e+01,6.987864485405297366e-01,3.205456309423069250e+00,-3.021789921536954360e+00
6.993999999999999773e+01,6.948153070873187565e-01,3.204976690051116073e+00,-3.021007312841302195e+00
6.995999999999999375e+01,6.908445422044755535e-01,3.204493962976524113e+00,-3.020224704145650030e+00
6.998000000000000398e+01,6.868741563239997294e-01,3.204008128494953311e+00,-3.019442095449997865e+00
7.000000000000000000e+01,6.829041518776587383e-01,3.203519186903965643e+00,-3.018659486754345700e+00
7.001999999999999602e+01,6.789345312969864432e-01,3.203027138503026894e+00,-3.017876878058693535e+00
7.004000000000000625e+01,6.749652970132813401e-01,3.202531983593503995e+00,-3.017094269363041370e+00
7.006000000000000227e+01,6.709964514576056693e-01,3.202033722478668132e+00,-3.016311660667389205e+00
7.007999999999999829e+01,6.670279970607833064e-01,3.201532355463691637e+00,-3.015529051971737040e+00
7.009999999999999432e+01,6.630599362533987629e-01,3.201027882855651097e+00,-3.014746443276084875e+00
7.012000000000000455e+01,6.590922714657954096e-01,3.200520304963523799e+00,-3.013963834580432710e+00
7.014000000000000057e+01,6.554856657042305024e-01,3.200056047813219173e+00,-3.013181225884780545e+00
7.015999999999999659e+01,6.518794243787915388e-01,3.199588968244344578e+00,-3.012398617189128380e+00
7.018000000000000682e+01,6.482735496982162671e-01,3.199119066542976508e+00,-3.011616008493476215e+00
7.020000000000000284e+01,6.446680438710176153e-01,3.198646342996917635e+00,-3.010833399797824050e+00
7.021999999999999886e+01,6.410629091054824702e-01,3.198170797895699913e+00,-3.010050791102171885e+00
7.023999999999999488e+01,6.370980852948529005e-01,3.197641491934133828e+00,-3.007702965015215391e+00
7.026000000000000512e+01,6.331345151290451723e-01,3.197102878723189434e+00,-3.005355138928258896e+00
7.028000000000000114e+01,6.291722204563869880e-01,3.196554961231856229e+00,-3.003007312841302401e+00
7.029999999999999716e+01,6.252112231181748969e-01,3.195997742480411574e+00,-3.000659486754345906e+00
7.031999999999999318e+01,6.212515449485543906e-01,3.195431225540404263e+00,-2.998311660667389411e+00
7.034000000000000341e+01,6.172930573380790431e-01,3.194856446111761006e+00,-2.996485573710867545e+00
7.035999999999999943e+01,6.133356259242097597e-01,3.194274439102870122e+00,-2.994659486754345679e+00
7.037999999999999545e+01,6.093792639033681624e-01,3.193685206454487169e+00,-2.992833399797823812e+00
7.040000000000000568e+01,6.054239844684099481e-01,3.193088750131463538e+00,-2.991007312841301946e+00
7.042000000000000171e+01,6.014698008085809233e-01,3.192485072122738021e+00,-2.989181225884780080e+00
7.043999999999999773e+01,5.975167261094728177e-01,3.191874174441330592e+00,-2.987355138928258214e+00
7.045999999999999375e+01,5.935647735529794300e-01,3.191256059124336186e+00,-2.985529051971736347e+00
7.048000000000000398e+01,5.896139563172526632e-01,3.190630728232918045e+00,-2.983702965015214481e+00
7.050000000000000000e+01,5.856642875766586709e-01,3.189998183852299274e+00,-2.981876878058692615e+00
7.051999999999999602e+01,5.817157805017336702e-01,3.189358428091757958e+00,-2.980050791102170749e+00
7.054000000000000625e+01,5.777682793513377879e-01,3.188712492801510034e+00,-2.978746443276083955e+00
7.056000000000000227e+01,5.738216240829818737e-01,3.188061409147649794e+00,-2.977442095449997161e+00
7.057999999999999829e+01,5.698758214112014109e-01,3.187405178237881831e+00,-2.976137747623910368e+00
7.059999999999999432e+01,5.659308780490811541e-01,3.186743801188666403e+00,-2.974833399797823574e+00
7.062000000000000455e+01,5.619868007082441386e-01,3.186077279125219430e+00,-2.973529051971736781e+00
7.064000000000000057e+01,5.584020692451494572e-01,3.185466673721847997e+00,-2.972224704145649987e+00
7.065999999999999659e+01,5.548181372730522920e-01,3.184851393102529737e+00,-2.970920356319563194e+00
7.068000000000000682e+01,5.512350108893789846e-01,3.184231438314055751e+00,-2.969616008493476400e+00
7.070000000000000284e+01,5.476526961901845292e-01,3.183606810411169885e+00,-2.968311660667389607e+00
7.071999999999999886e+01,5.440711992701435795e-01,3.182977510456565184e+00,-2.967007312841302813e+00
7.073999999999999488e+01,5.401322769510036315e-01,3.182281169916925112e+00,-2.966224704145650648e+00
7.076000000000000512e+01,5.361939008002180040e-01,3.181581746955987278e+00,-2.965442095449998483e+00
7.078000000000000114e+01,5.322560732299488340e-01,3.180879242002132123e+00,-2.964659486754346318e+00
7.079999999999999716e+01,5.283187966520220824e-01,3.180173655485626583e+00,-2.963876878058694153e+00
7.081999999999999318e+01,5.243820734779267578e-01,3.179464987838625856e+00,-2.963094269363041988e+00
7.084000000000000341e+01,5.204464651480923409e-01,3.178750159380586915e+00,-2.960746443276085493e+00
7.085999999999999943e+01,5.165125459567144750e-01,3.178026092777301415e+00,-2.958398617189128998e+00
7.087999999999999545e+01,5.125803375886761604e-01,3.177292792020030454e+00,-2.956050791102172504e+00
7.090000000000000568e+01,5.086498617194298300e-01,3.176550261150936638e+00,-2.953702965015216009e+00
7.092000000000000171e+01,5.047211400148778893e-01,3.175798504263061428e+00,-2.951355138928259514e+00
7.093999999999999773e+01,5.007939953923381537e-01,3.175038549877894578e+00,-2.949529051971737648e+00
7.095999999999999375e+01,4.968682450595311995e-01,3.174271425456210771e+00,-2.947702965015215781e+00
7.098000000000000398e+01,4.929439021072352656e-01,3.173497133556057115e+00,-2.945876878058693915e+00
7.100000000000000000e+01,4.890209796215354565e-01,3.172715676759382042e+00,-2.944050791102172049e+00
7.101999999999999602e+01,4.850994906837803877e-01,3.171927057672025985e+00,-2.942224704145650183e+00
7.104000000000000625e+01,4.811794483705380543e-01,3.171131278923712049e+00,-2.940398617189128316e+00
7.106000000000000227e+01,4.772608657535528653e-01,3.170328343168038465e+00,-2.938572530232606450e+00
7.107999999999999829e+01,4.733437558997015127e-01,3.169518253082468373e+00,-2.936746443276084584e+00
7.109999999999999432e+01,4.694281318709498385e-01,3.168701011368322717e+00,-2.934920356319562718e+00
7.112000000000000455e+01,4.655140067243087598e-01,3.167876620750769145e+00,-2.933094269363040851e+00
7.114000000000000057e+01,4.616013935117913025e-01,3.167045083978814901e+00,-2.931268182406518985e+00
7.115999999999999659e+01,4.576903052803686922e-01,3.166206403825296611e+00,-2.929442095449997119e+00
7.118000000000000682e+01,4.537807550719270000e-01,3.165360583086870960e+00,-2.927616008493475253e+00
7.120000000000000284e+01,4.498727559232235662e-01,3.164507624584004919e+00,-2.925789921536953386e+00
7.121999999999999886e+01,4.459663208658436462e-01,3.163647531160968196e+00,-2.923963834580431520e+00
7.123999999999999488e+01,4.420612365605436356e-01,3.162781324314964060e+00,-2.922659486754344726e+00
7.126000000000000512e+01,4.381572854118445659e-01,3.161910024619028814e+00,-2.921355138928257933e+00
7.128000000000000114e+01,4.342544740616286481e-01,3.161033633555524691e+00,-2.920050791102171139e+00
7.129999999999999716e+01,4.303528091498382557e-01,3.160152152615475885e+00,-2.918746443276084346e+00
7.131999999999999318e+01,4.264522973144659890e-01,3.159265583298565883e+00,-2.917442095449997552e+00
7.134000000000000341e+01,4.225527125413454654e-01,3.158374944325350153e+00,-2.916659486754345387e+00
7.135999999999999943e+01,4.186538259841606213e-01,3.157481253776240671e+00,-2.915876878058693222e+00
7.137999999999999545e+01,4.147556400308871072e-01,3.156584512198602255e+00,-2.915094269363041057e+00
7.140000000000000568e+01,4.108581570690717499e-01,3.155684720141667121e+00,-2.914311660667388892e+00
7.142000000000000171e+01,4.069613794858306099e-01,3.154781878156536656e+00,-2.913529051971736727e+00
7.143999999999999773e+01,4.030662583037434299e-01,3.153871922114933390e+00,-2.910659486754345604e+00
7.145999999999999375e+01,3.991737643332697316e-01,3.152950792530878843e+00,-2.907789921536954481e+00
7.148000000000000398e+01,3.952839296267575686e-01,3.152018496989321239e+00,-2.904920356319563357e+00
7.150000000000000000e+01,3.913967862146575105e-01,3.151075043167153922e+00,-2.902050791102172234e+00
7.151999999999999602e+01,3.875123661052589652e-01,3.150120438833151848e+00,-2.899181225884781110e+00
7.154000000000000625e+01,3.836304490422193236e-01,3.149155704379550169e+00,-2.896833399797824615e+00
7.156000000000000227e+01,3.797508077049320807e-01,3.148181858527119292e+00,-2.894485573710868120e+00
7.157999999999999829e+01,3.758734634790852902e-01,3.147198906643974947e+00,-2.892137747623911626e+00
7.159999999999999432e+01,3.719984377377045792e-01,3.146206854148427823e+00,-2.889789921536955131e+00
7.162000000000000455e+01,3.681257518410355201e-01,3.145205706508953813e+00,-2.887442095449998636e+00
7.164000000000000057e+01,3.642556912472206809e-01,3.144194459743324455e+00,-2.884572530232607512e+00
7.165999999999999659e+01,3.603885484217795310e-01,3.143172111765171195e+00,-2.881702965015216389e+00
7.168000000000000682e+01,3.565243552083086076e-01,3.142138670992915550e+00,-2.878833399797825265e+00
7.170000000000000284e+01,3.526631434261162656e-01,3.141094145936321080e+00,-2.875963834580434142e+00
7.171999999999999886e+01,3.488049448699603872e-01,3.140038545196423225e+00,-2.873094269363043018e+00
7.173999999999999488e+01,3.452997536473139117e-01,3.139070675724816351e+00,-2.871268182406521152e+00
7.176000000000000512e+01,3.417963356816952625e-01,3.138096407086520490e+00,-2.869442095449999286e+00
7.178000000000000114e+01,3.382947026555763181e-01,3.137115742530324436e+00,-2.867616008493477420e+00
7.179999999999999716e+01,3.347948662454766633e-01,3.136128685326344812e+00,-2.865789921536955553e+00
7.181999999999999318e+01,3.312968381219252856e-01,3.135135238766015409e+00,-2.863963834580433687e+00
7.184000000000000341e+01,3.278011527907204736e-01,3.134133582394126982e+00,-2.861094269363042564e+00
7.185999999999999943e+01,3.243083561662892245e-01,3.133121899062987215e+00,-2.858224704145651440e+00
7.187999999999999545e+01,3.208184770097121663e-01,3.132100197103199868e+00,-2.855355138928260317e+00
7.190000000000000568e+01,3.173315440580463109e-01,3.131068484927866269e+00,-2.852485573710869193e+00
7.192000000000000171e+01,3.138475860240884652e-01,3.130026771032516475e+00,-2.849616008493478070e+00
7.193999999999999773e+01,3.107139863778425326e-01,3.129082686534094382e+00,-2.848311660667391276e+00
7.195999999999999375e+01,3.075816208114431904e-01,3.128134515536040716e+00,-2.847007312841304483e+00
7.198000000000000398e+01,3.044504946540559365e-01,3.127182259651501095e+00,-2.845702965015217689e+00
7.200000000000000000e+01,3.013206132327379549e-01,3.126225920500570687e+00,-2.844398617189130896e+00
7.201999999999999602e+01,2.981919818724285132e-01,3.125265499710291106e+00,-2.843094269363044102e+00
7.204000000000000625e+01,2.943711764845818313e-01,3.124081681408213740e+00,-2.839181225884783277e+00
7.206000000000000227e+01,2.905550326692752927e-01,3.122882921229934272e+00,-2.835268182406522453e+00
7.207999999999999829e+01,2.867436088588821153e-01,3.121669237530735774e+00,-2.831355138928261628e+00
7.209999999999999432e+01,2.829369634135034950e-01,3.120440648894410085e+00,-2.827442095450000803e+00
7.212000000000000455e+01,2.791351546200746547e-01,3.119197174132970041e+00,-2.823529051971739978e+00
7.214000000000000057e+01,2.756825190693820704e-01,3.118055928245434316e+00,-2.821181225884783483e+00
7.215999999999999659e+01,2.722325724790495283e-01,3.116906579322967552e+00,-2.818833399797826988e+00
7.218000000000000682e+01,2.687853338661651548e-01,3.115749133701108065e+00,-2.816485573710870494e+00
7.220000000000000284e+01,2.653408222328898503e-01,3.114583597760026024e+00,-2.814137747623913999e+00
7.221999999999999886e+01,2.618990565663528725e-01,3.113409977924487482e+00,-2.811789921536957504e+00
7.223999999999999488e+01,2.584594392227646531e-01,3.112230074898465926e+00,-2.810485573710870710e+00
7.226000000000000512e+01,2.550213638086371581e-01,3.111045686420009559e+00,-2.809181225884783917e+00
7.228000000000000114e+01,2.515848361732470062e-01,3.109856814504146527e+00,-2.807876878058697123e+00
7.229999999999999716e+01,2.481498621632379775e-01,3.108663461173531317e+00,-2.806572530232610330e+00
7.231999999999999318e+01,2.447164476226101615e-01,3.107465628458443430e+00,-2.805268182406523536e+00
7.234000000000000341e+01,2.416283487894054505e-01,3.106381938245349694e+00,-2.802920356319567041e+00
7.235999999999999943e+01,2.385428027812558360e-01,3.105291000706721594e+00,-2.800572530232610546e+00
7.237999999999999545e+01,2.354598266065697221e-01,3.104192821856118112e+00,-2.798224704145654052e+00
7.240000000000000568e+01,2.323794372595898161e-01,3.103087407747013415e+00,-2.795876878058697557e+00
7.242000000000000171e+01,2.293016517202995097e-01,3.101974764472764878e+00,-2.793529051971741062e+00
7.243999999999999773e+01,2.262270724181153214e-01,3.100853294165118790e+00,-2.790137747623914866e+00
7.245999999999999375e+01,2.231563140360382780e-01,3.099721403492281979e+00,-2.786746443276088669e+00
7.248000000000000398e+01,2.200894118906584485e-01,3.098579105472054618e+00,-2.783355138928262473e+00
7.250000000000000000e+01,2.170264012542153509e-01,3.097426413241930909e+00,-2.779963834580436277e+00
7.251999999999999602e+01,2.139673173541926932e-01,3.096263340058948099e+00,-2.776572530232610081e+00
7.254000000000000625e+01,2.112505653313840603e-01,3.095223115485076004e+00,-2.775268182406523287e+00
7.256000000000000227e+01,2.085351724338886936e-01,3.094179348207492630e+00,-2.773963834580436494e+00
7.257999999999999829e+01,2.058211432814668895e-01,3.093132040001983718e+00,-2.772659486754349700e+00
7.259999999999999432e+01,2.031084824915589393e-01,3.092081192650358190e+00,-2.771355138928262907e+00
7.262000000000000455e+01,2.003971946792771908e-01,3.091026807940446819e+00,-2.770050791102176113e+00
7.264000000000000057e+01,1.976870084474497413e-01,3.089969594587225643e+00,-2.769268182406523948e+00
7.265999999999999659e+01,1.949776504298639801e-01,3.088910260542667707e+00,-2.768485573710871783e+00
7.268000000000000682e+01,1.922691222859370663e-01,3.087848806455590900e+00,-2.767702965015219618e+00
7.270000000000000284e+01,1.895614256745787873e-01,3.086785232976110294e+00,-2.766920356319567453e+00
7.271999999999999886e+01,1.868545622541890050e-01,3.085719540755639922e+00,-2.766137747623915288e+00
7.273999999999999488e+01,1.844870311813848196e-01,3.084784589129265786e+00,-2.764833399797828495e+00
7.276000000000000512e+01,1.821207216243236893e-01,3.083846550215086690e+00,-2.763529051971741701e+00
7.278000000000000114e+01,1.797556376088626506e-01,3.082905425609009598e+00,-2.762224704145654908e+00
7.279999999999999716e+01,1.773917831587734084e-01,3.081961216912191937e+00,-2.760920356319568114e+00
7.281999999999999318e+01,1.750291622957360904e-01,3.081013925731037162e+00,-2.759616008493481321e+00
7.284000000000000341e+01,1.726675310893953375e-01,3.080064169679459063e+00,-2.758833399797829156e+00
7.285999999999999943e+01,1.703066438935451621e-01,3.079112565685802938e+00,-2.758050791102176991e+00
7.287999999999999545e+01,1.679465021541729497e-01,3.078159114332903901e+00,-2.757268182406524826e+00
7.290000000000000568e+01,1.655871073168097007e-01,3.077203816204728604e+00,-2.756485573710872661e+00
7.292000000000000171e+01,1.632284608265290315e-01,3.076246671886374351e+00,-2.755702965015220496e+00
7.293999999999999773e+01,1.608701889913661531e-01,3.075288604668245718e+00,-2.755702965015220496e+00
7.295999999999999375e+01,1.585119171562032747e-01,3.074330537450117085e+00,-2.755702965015220496e+00
7.298000000000000398e+01,1.561536453210403963e-01,3.073372470231988451e+00,-2.755702965015220496e+00
7.300000000000000000e+01,1.537953734858775179e-01,3.072414403013859818e+00,-2.755702965015220496e+00
7.301999999999999602e+01,1.514371016507146395e-01,3.071456335795731185e+00,-2.755702965015220496e+00
7.304000000000000625e+01,1.494162619306224349e-01,3.070633817267487409e+00,-2.754398617189133702e+00
7.306000000000000227e+01,1.473964967795309000e-01,3.069808663561780282e+00,-2.753094269363046909e+00
7.307999999999999829e+01,1.453778096337128289e-01,3.068980876082462839e+00,-2.751789921536960115e+00
7.309999999999999432e+01,1.433602039276072049e-01,3.068150456237868529e+00,-2.750485573710873322e+00
7.312000000000000455e+01,1.413436830938128996e-01,3.067317405440809885e+00,-2.749181225884786528e+00
7.314000000000000057e+01,1.393280325366514083e-01,3.066482250864122960e+00,-2.748398617189134363e+00
7.315999999999999659e+01,1.373130361959263301e-01,3.065645519077699888e+00,-2.747616008493482198e+00
7.318000000000000682e+01,1.352986953057750408e-01,3.064807210594019171e+00,-2.746833399797830033e+00
7.320000000000000284e+01,1.332850110999338478e-01,3.063967325926524765e+00,-2.746050791102177868e+00
7.321999999999999886e+01,1.312719848117366583e-01,3.063125865589626073e+00,-2.745268182406525703e+00
7.323999999999999488e+01,1.292591780577651284e-01,3.062283880124973212e+00,-2.745529051971743240e+00
7.326000000000000512e+01,1.272461517239027728e-01,3.061442419768985790e+00,-2.745789921536960776e+00
7.328000000000000114e+01,1.252329059471413986e-01,3.060601484578929554e+00,-2.746050791102178312e+00
7.329999999999999716e+01,1.232194408644895212e-01,3.059761074612031617e+00,-2.746311660667395849e+00
7.331999999999999318e+01,1.212057566129681602e-01,3.058921189925483564e+00,-2.746572530232613385e+00
7.334000000000000341e+01,1.195280519131745739e-01,3.058220410648126997e+00,-2.745268182406526591e+00
7.335999999999999943e+01,1.178512627002076124e-01,3.057517443657038925e+00,-2.743963834580439798e+00
7.337999999999999545e+01,1.161753918268272623e-01,3.056812290148192890e+00,-2.742659486754353004e+00
7.340000000000000568e+01,1.145004421442313014e-01,3.056104951321283458e+00,-2.741355138928266211e+00
7.342000000000000171e+01,1.128264165020501364e-01,3.055395428379721778e+00,-2.740050791102179417e+00
7.343999999999999773e+01,1.111531320669636030e-01,3.054684158983123066e+00,-2.739268182406527252e+00
7.345999999999999375e+01,1.094804047898585986e-01,3.053971580277526687e+00,-2.738485573710875087e+00
7.348000000000000398e+01,1.078082356952409088e-01,3.053257692699370196e+00,-2.737702965015222922e+00
7.350000000000000000e+01,1.061366258072746621e-01,3.052542496685892726e+00,-2.736920356319570757e+00
7.351999999999999602e+01,1.044655761497812058e-01,3.051825992675134991e+00,-2.736137747623918592e+00
7.354000000000000625e+01,1.027948069487122362e-01,3.051108834811951276e+00,-2.736137747623918592e+00
7.356000000000000227e+01,1.011240377476432667e-01,3.050391676948767561e+00,-2.736137747623918592e+00
7.357999999999999829e+01,9.945326854657429716e-02,3.049674519085583846e+00,-2.736137747623918592e+00
7.359999999999999432e+01,9.778249934550532763e-02,3.048957361222400131e+00,-2.736137747623918592e+00
7.362000000000000455e+01,9.611173014443635809e-02,3.048240203359216416e+00,-2.736137747623918592e+00
7.364000000000000057e+01,9.477563936332811245e-02,3.047665256999927408e+00,-2.734311660667396726e+00
7.365999999999999659e+01,9.344060071134301093e-02,3.047087871782652613e+00,-2.732485573710874860e+00
7.368000000000000682e+01,9.210661864029112689e-02,3.046508049632735915e+00,-2.730659486754352994e+00
7.370000000000000284e+01,9.077369759845931030e-02,3.045925792483648031e+00,-2.728833399797831127e+00
7.371999999999999886e+01,8.944184203059617200e-02,3.045341102276979850e+00,-2.727007312841309261e+00
7.373999999999999488e+01,8.811090317052511223e-02,3.044754328103951302e+00,-2.725702965015222468e+00
7.376000000000000512e+01,8.678073080003251283e-02,3.044165818423352210e+00,-2.724398617189135674e+00
7.378000000000000114e+01,8.545132718217117451e-02,3.043575574236427883e+00,-2.723094269363048880e+00
7.379999999999999716e+01,8.412269457868612466e-02,3.042983596547374603e+00,-2.721789921536962087e+00
7.381999999999999318e+01,8.279483525001049560e-02,3.042389886363337403e+00,-2.720485573710875293e+00
7.384000000000000341e+01,8.146775145526202744e-02,3.041794444694408739e+00,-2.719181225884788500e+00
7.385999999999999943e+01,8.014144545223879368e-02,3.041197272553627595e+00,-2.717876878058701706e+00
7.387999999999999545e+01,7.881591949741587055e-02,3.040598370956976826e+00,-2.716572530232614913e+00
7.390000000000000568e+01,7.749117584594089614e-02,3.039997740923380931e+00,-2.715268182406528119e+00
7.392000000000000171e+01,7.616721675163087846e-02,3.039395383474706058e+00,-2.713963834580441326e+00
7.393999999999999773e+01,7.484357202087801864e-02,3.038792335305740444e+00,-2.714224704145658862e+00
7.395999999999999375e+01,7.351977001825189817e-02,3.038189632455915667e+00,-2.714485573710876398e+00
7.398000000000000398e+01,7.219581083384168929e-02,3.037587274966248252e+00,-2.714746443276093935e+00
7.400000000000000000e+01,7.087169455774647298e-02,3.036985262877729852e+00,-2.715007312841311471e+00
7.401999999999999602e+01,6.954742128007616875e-02,3.036383596231328585e+00,-2.715268182406529007e+00
7.404000000000000625e+01,6.822283429967672397e-02,3.035782620605607995e+00,-2.716050791102181172e+00
7.406000000000000227e+01,6.689777739621378949e-02,3.035182681797112370e+00,-2.716833399797833337e+00
7.407999999999999829e+01,6.557225138125331865e-02,3.034583780173290002e+00,-2.717616008493485502e+00
7.409999999999999432e+01,6.424625706664879865e-02,3.033985916100953695e+00,-2.718398617189137667e+00
7.412000000000000455e+01,6.291979526454022364e-02,3.033389089946281203e+00,-2.719181225884789832e+00
7.414000000000000057e+01,6.192529973162182871e-02,3.032940691983573522e+00,-2.716833399797833337e+00
7.415999999999999659e+01,6.093185969914177019e-02,3.032489960356303804e+00,-2.714485573710876842e+00
7.418000000000000682e+01,5.993948064322439373e-02,3.032036897549033494e+00,-2.712137747623920347e+00
7.420000000000000284e+01,5.894816803414572315e-02,3.031581506059173758e+00,-2.709789921536963853e+00
7.421999999999999886e+01,5.795792733630313748e-02,3.031123788396972163e+00,-2.707442095450007358e+00
7.423999999999999488e+01,5.696852396416601794e-02,3.030664263160336436e+00,-2.706137747623920564e+00
7.426000000000000512e+01,5.597972081424972685e-02,3.030203447788829330e+00,-2.704833399797833771e+00
7.428000000000000114e+01,5.499151956882786241e-02,3.029741343066446824e+00,-2.703529051971746977e+00
7.429999999999999716e+01,5.400392190914987678e-02,3.029277949779378254e+00,-2.702224704145660183e+00
7.431999999999999318e+01,5.301692951543844623e-02,3.028813268716005425e+00,-2.700920356319573390e+00
7.434000000000000341e+01,5.203030102024171905e-02,3.028347815334508919e+00,-2.700659486754355854e+00
7.435999999999999943e+01,5.104379398123665146e-02,3.027882104587506618e+00,-2.700398617189138317e+00
7.437999999999999545e+01,5.005740846555741669e-02,3.027416136506691391e+00,-2.700137747623920781e+00
7.440000000000000568e+01,4.907114454033077028e-02,3.026949911123773429e+00,-2.699876878058703245e+00
7.442000000000000171e+01,4.808500227267487048e-02,3.026483428470481130e+00,-2.699616008493485708e+00
7.443999999999999773e+01,4.709886000501897069e-02,3.026016945817188830e+00,-2.699876878058703245e+00
7.445999999999999375e+01,4.611259607979232428e-02,3.025550720434270868e+00,-2.700137747623920781e+00
7.448000000000000398e+01,4.512621056411309645e-02,3.025084752353455642e+00,-2.700398617189138317e+00
7.450000000000000000e+01,4.413970352510802886e-02,3.024619041606453340e+00,-2.700659486754355854e+00
7.451999999999999602e+01,4.315307502991130167e-02,3.024153588224956835e+00,-2.700920356319573390e+00
7.454000000000000625e+01,4.216620384615626244e-02,3.023688649680027929e+00,-2.701702965015225555e+00
7.456000000000000227e+01,4.117896909970773789e-02,3.023224483611372193e+00,-2.702485573710877720e+00
7.457999999999999829e+01,4.019137139522366287e-02,3.022761090303279996e+00,-2.703268182406529885e+00
7.459999999999999432e+01,3.920341133758437069e-02,3.022298470039569196e+00,-2.704050791102182050e+00
7.462000000000000455e+01,3.821508953189196173e-02,3.021836623103583364e+00,-2.704833399797834215e+00
7.464000000000000057e+01,3.722658705392906803e-02,3.021375162925789670e+00,-2.704833399797834215e+00
7.465999999999999659e+01,3.623808457596617433e-02,3.020913702747995977e+00,-2.704833399797834215e+00
7.468000000000000682e+01,3.524958209800328063e-02,3.020452242570202284e+00,-2.704833399797834215e+00
7.470000000000000284e+01,3.426107962004038693e-02,3.019990782392408590e+00,-2.704833399797834215e+00
7.471999999999999886e+01,3.327257714207749323e-02,3.019529322214614897e+00,-2.704833399797834215e+00
7.473999999999999488e+01,3.228407466411459953e-02,3.019067862036821204e+00,-2.704833399797834215e+00
7.476000000000000512e+01,3.129557218615170583e-02,3.018606401859027510e+00,-2.704833399797834215e+00
7.478000000000000114e+01,3.030706970818881213e-02,3.018144941681233817e+00,-2.704833399797834215e+00
7.479999999999999716e+01,2.931856723022591843e-02,3.017683481503440124e+00,-2.704833399797834215e+00
7.481999999999999318e+01,2.833006475226302473e-02,3.017222021325646431e+00,-2.704833399797834215e+00
7.484000000000000341e+01,2.734150209505362833e-02,3.016760690088191588e+00,-2.705094269363051751e+00
7.485999999999999943e+01,2.635281912420360528e-02,3.016299616752342150e+00,-2.705355138928269287e+00
7.487999999999999545e+01,2.536401590699570094e-02,3.015838801349474796e+00,-2.705616008493486824e+00
7.490000000000000568e+01,2.437509251072078609e-02,3.015378243910950218e+00,-2.705876878058704360e+00
7.492000000000000171e+01,2.338604900267808595e-02,3.014917944468110012e+00,-2.706137747623921896e+00
7.493999999999999773e+01,2.239688545017495466e-02,3.014457903052279342e+00,-2.706398617189139433e+00
7.495999999999999375e+01,2.140760192052686486e-02,3.013998119694765165e+00,-2.706659486754356969e+00
7.498000000000000398e+01,2.041819848105718913e-02,3.013538594426857120e+00,-2.706920356319574505e+00
7.500000000000000000e+01,1.942867519909788343e-02,3.013079327279826636e+00,-2.707181225884792042e+00
7.501999999999999602e+01,1.942867519909788343e-02,3.013079327279826636e+00,-2.708443399797835660e+00
7.504000000000000625e+01,1.942867519909788343e-02,3.013079327279826636e+00,-2.709705573710879278e+00
7.506000000000000227e+01,1.942867519909788343e-02,3.013079327279826636e+00,-2.710967747623922897e+00
7.507999999999999829e+01,1.942867519909788343e-02,3.013079327279826636e+00,-2.712229921536966515e+00
7.509999999999999432e+01,1.942867519909788343e-02,3.013079327279826636e+00,-2.713492095450010133e+00
7.512000000000000455e+01,1.942867519909788343e-02,3.013079327279826636e+00,-2.715760580232618793e+00
7.514000000000000057e+01,1.942867519909788343e-02,3.013079327279826636e+00,-2.718029065015227452e+00
7.515999999999999659e+01,1.942867519909788343e-02,3.013079327279826636e+00,-2.720297549797836112e+00
7.518000000000000682e+01,1.942867519909788343e-02,3.013079327279826636e+00,-2.722566034580444772e+00
7.520000000000000284e+01,1.942867519909788343e-02,3.013079327279826636e+00,-2.724834519363053431e+00
7.521999999999999886e+01,1.942867519909788343e-02,3.013079327279826636e+00,-2.728114346569574966e+00
7.523999999999999488e+01,1.942867519909788343e-02,3.013079327279826636e+00,-2.731394173776096501e+00
7.526000000000000512e+01,1.942867519909788343e-02,3.013079327279826636e+00,-2.734674000982618036e+00
7.528000000000000114e+01,1.942867519909788343e-02,3.013079327279826636e+00,-2.737953828189139571e+00
7.529999999999999716e+01,1.942867519909788343e-02,3.013079327279826636e+00,-2.741233655395661106e+00
7.531999999999999318e+01,1.942867519909788343e-02,3.013079327279826636e+00,-2.745529881738215661e+00
7.534000000000000341e+01,1.942867519909788343e-02,3.013079327279826636e+00,-2.749826108080770215e+00
7.535999999999999943e+01,1.942867519909788343e-02,3.013079327279826636e+00,-2.754122334423324769e+00
7.537999999999999545e+01,1.942867519909788343e-02,3.013079327279826636e+00,-2.758418560765879324e+00
7.540000000000000568e+01,1.942867519909788343e-02,3.013079327279826636e+00,-2.762714787108433878e+00
7.542000000000000171e+01,1.942867519909788343e-02,3.013079327279826636e+00,-2.768032494582700842e+00
7.543999999999999773e+01,1.942867519909788343e-02,3.013079327279826636e+00,-2.773350202056967806e+00
7.545999999999999375e+01,1.942867519909788343e-02,3.013079327279826636e+00,-2.778667909531234770e+00
7.548000000000000398e+01,1.942867519909788343e-02,3.013079327279826636e+00,-2.783985617005501734e+00
7.550000000000000000e+01,1.942867519909788343e-02,3.013079327279826636e+00,-2.789303324479768698e+00
7.551999999999999602e+01,1.942867519909788343e-02,3.013079327279826636e+00,-2.795303324479768481e+00
7.554000000000000625e+01,1.942867519909788343e-02,3.013079327279826636e+00,-2.801303324479768264e+00
7.556000000000000227e+01,1.942867519909788343e-02,3.013079327279826636e+00,-2.807303324479768047e+00
7.557999999999999829e+01,1.942867519909788343e-02,3.013079327279826636e+00,-2.813303324479767831e+00
7.559999999999999432e+01,1.942867519909788343e-02,3.013079327279826636e+00,-2.819303324479767614e+00
7.562000000000000455e+01,1.942867519909788343e-02,3.013079327279826636e+00,-2.825303324479767397e+00
7.564000000000000057e+01,1.942867519909788343e-02,3.013079327279826636e+00,-2.831303324479767181e+00
7.565999999999999659e+01,1.942867519909788343e-02,3.013079327279826636e+00,-2.837303324479766964e+00
7.568000000000000682e+01,1.942867519909788343e-02,3.013079327279826636e+00,-2.843303324479766747e+00
7.570000000000000284e+01,1.942867519909788343e-02,3.013079327279826636e+00,-2.849303324479766530e+00
7.571999999999999886e+01,1.942867519909788343e-02,3.013079327279826636e+00,-2.855303324479766314e+00
7.573999999999999488e+01,1.942867519909788343e-02,3.013079327279826636e+00,-2.861303324479766097e+00
7.576000000000000512e+01,1.942867519909788343e-02,3.013079327279826636e+00,-2.867303324479765880e+00
7.578000000000000114e+01,1.942867519909788343e-02,3.013079327279826636e+00,-2.873303324479765664e+00
7.579999999999999716e+01,1.942867519909788343e-02,3.013079327279826636e+00,-2.879303324479765447e+00
7.581999999999999318e+01,1.942867519909788343e-02,3.013079327279826636e+00,-2.885303324479765230e+00
7.584000000000000341e+01,1.942867519909788343e-02,3.013079327279826636e+00,-2.891303324479765013e+00
7.585999999999999943e+01,1.942867519909788343e-02,3.013079327279826636e+00,-2.897303324479764797e+00
7.587999999999999545e+01,1.942867519909788343e-02,3.013079327279826636e+00,-2.903303324479764580e+00
7.590000000000000568e+01,1.942867519909788343e-02,3.013079327279826636e+00,-2.909303324479764363e+00
7.592000000000000171e+01,1.942867519909788343e-02,3.013079327279826636e+00,-2.915303324479764147e+00
7.593999999999999773e+01,1.942867519909788343e-02,3.013079327279826636e+00,-2.921303324479763930e+00
7.595999999999999375e+01,1.942867519909788343e-02,3.013079327279826636e+00,-2.927303324479763713e+00
7.598000000000000398e+01,1.942867519909788343e-02,3.013079327279826636e+00,-2.933303324479763496e+00
7.600000000000000000e+01,1.942867519909788343e-02,3.013079327279826636e+00,-2.939303324479763280e+00
7.601999999999999602e+01,1.942867519909788343e-02,3.013079327279826636e+00,-2.945303324479763063e+00
7.604000000000000625e+01,1.942867519909788343e-02,3.013079327279826636e+00,-2.951303324479762846e+00
7.606000000000000227e+01,1.942867519909788343e-02,3.013079327279826636e+00,-2.957303324479762630e+00
7.607999999999999829e+01,1.942867519909788343e-02,3.013079327279826636e+00,-2.963303324479762413e+00
7.609999999999999432e+01,1.942867519909788343e-02,3.013079327279826636e+00,-2.969303324479762196e+00
7.612000000000000455e+01,1.942867519909788343e-02,3.013079327279826636e+00,-2.975303324479761979e+00
7.614000000000000057e+01,1.942867519909788343e-02,3.013079327279826636e+00,-2.981303324479761763e+00
7.615999999999999659e+01,1.942867519909788343e-02,3.013079327279826636e+00,-2.987303324479761546e+00
7.618000000000000682e+01,1.942867519909788343e-02,3.013079327279826636e+00,-2.993303324479761329e+00
7.620000000000000284e+01,1.942867519909788343e-02,3.013079327279826636e+00,-2.999303324479761113e+00
7.621999999999999886e+01,1.942867519909788343e-02,3.013079327279826636e+00,-3.005303324479760896e+00
7.623999999999999488e+01,1.942867519909788343e-02,3.013079327279826636e+00,-3.011303324479760679e+00
7.626000000000000512e+01,1.942867519909788343e-02,3.013079327279826636e+00,-3.017303324479760462e+00
7.628000000000000114e+01,1.942867519909788343e-02,3.013079327279826636e+00,-3.023303324479760246e+00
7.629999999999999716e+01,1.942867519909788343e-02,3.013079327279826636e+00,-3.029303324479760029e+00
7.631999999999999318e+01,1.942867519909788343e-02,3.013079327279826636e+00,-3.035303324479759812e+00
7.634000000000000341e+01,1.942867519909788343e-02,3.013079327279826636e+00,-3.041303324479759596e+00
7.635999999999999943e+01,1.942867519909788343e-02,3.013079327279826636e+00,-3.047303324479759379e+00
7.637999999999999545e+01,1.942867519909788343e-02,3.013079327279826636e+00,-3.053303324479759162e+00
7.640000000000000568e+01,1.942867519909788343e-02,3.013079327279826636e+00,-3.059303324479758945e+00
7.642000000000000171e+01,1.942867519909788343e-02,3.013079327279826636e+00,-3.065303324479758729e+00
7.643999999999999773e+01,1.942867519909788343e-02,3.013079327279826636e+00,-3.071303324479758512e+00
7.645999999999999375e+01,1.942867519909788343e-02,3.013079327279826636e+00,-3.077303324479758295e+00
7.648000000000000398e+01,1.942867519909788343e-02,3.013079327279826636e+00,-3.083303324479758079e+00
7.650000000000000000e+01,1.942867519909788343e-02,3.013079327279826636e+00,-3.089303324479757862e+00
7.651999999999999602e+01,1.942867519909788343e-02,3.013079327279826636e+00,-3.089303324479757862e+00
7.654000000000000625e+01,1.942867519909788343e-02,3.013079327279826636e+00,-3.089303324479757862e+00
7.656000000000000227e+01,1.942867519909788343e-02,3.013079327279826636e+00,-3.089303324479757862e+00
7.657999999999999829e+01,1.942867519909788343e-02,3.013079327279826636e+00,-3.089303324479757862e+00
7.659999999999999432e+01,1.942867519909788343e-02,3.013079327279826636e+00,-3.089303324479757862e+00
7.662000000000000455e+01,1.942867519909788343e-02,3.013079327279826636e+00,-3.089303324479757862e+00
7.664000000000000057e+01,1.942867519909788343e-02,3.013079327279826636e+00,-3.089303324479757862e+00
