# time,x,y,yaw,truth_x,truth_y,truth_yaw
5.000000000000000000e-01,7.236000000000000765e-02,0.000000000000000000e+00,0.000000000000000000e+00,7.200000000000003619e-02,0.000000000000000000e+00,0.000000000000000000e+00
6.800000000000000488e-01,1.085399999999999698e-01,0.000000000000000000e+00,0.000000000000000000e+00,1.080000000000000682e-01,0.000000000000000000e+00,0.000000000000000000e+00
9.000000000000000222e-01,1.527599999999999236e-01,0.000000000000000000e+00,0.000000000000000000e+00,1.520000000000001072e-01,0.000000000000000000e+00,0.000000000000000000e+00
1.080000000000000071e+00,1.889399999999998858e-01,0.000000000000000000e+00,0.000000000000000000e+00,1.880000000000001392e-01,0.000000000000000000e+00,0.000000000000000000e+00
1.280000000000000027e+00,2.291399999999998438e-01,0.000000000000000000e+00,0.000000000000000000e+00,2.280000000000001747e-01,0.000000000000000000e+00,0.000000000000000000e+00
1.479999999999999982e+00,2.693399999999998018e-01,2.803786314172867659e-18,2.775557561562891351e-17,2.680000000000001825e-01,0.000000000000000000e+00,0.000000000000000000e+00
1.700000000000000178e+00,3.135600000000000609e-01,4.031137867895985406e-18,2.775557561562891351e-17,3.120000000000002216e-01,0.000000000000000000e+00,0.000000000000000000e+00
1.879999999999999893e+00,3.497400000000002174e-01,1.749054193980646685e-17,2.775557561562891351e-17,3.480000000000002536e-01,0.000000000000000000e+00,0.000000000000000000e+00
2.080000000000000071e+00,3.899400000000004529e-01,1.860631607955475571e-17,2.775557561562891351e-17,3.880000000000002891e-01,0.000000000000000000e+00,0.000000000000000000e+00
2.280000000000000249e+00,4.301400000000005774e-01,1.916689568775290826e-17,2.775557561562891351e-17,4.280000000000003246e-01,0.000000000000000000e+00,0.000000000000000000e+00
2.500000000000000000e+00,4.743600000000008365e-01,2.025544860858849347e-17,2.775557561562891351e-17,4.720000000000003637e-01,0.000000000000000000e+00,0.000000000000000000e+00
2.700000000000000178e+00,5.145600000000010166e-01,2.137122274833678233e-17,2.775557561562891351e-17,5.120000000000003437e-01,0.000000000000000000e+00,0.000000000000000000e+00
2.899999999999999911e+00,5.547600000000012521e-01,2.247362034736494316e-17,2.775557561562891351e-17,5.520000000000003793e-01,0.000000000000000000e+00,0.000000000000000000e+00
3.100000000000000089e+00,5.949600000000014877e-01,2.358939448711323202e-17,2.775557561562891351e-17,5.920000000000004148e-01,0.000000000000000000e+00,0.000000000000000000e+00
3.299999999999999822e+00,6.351600000000017232e-01,2.470516862686152088e-17,2.775557561562891351e-17,6.320000000000004503e-01,0.000000000000000000e+00,0.000000000000000000e+00
3.479999999999999982e+00,6.713400000000021572e-01,2.577621036700964576e-17,2.775557561562891351e-17,6.680000000000004823e-01,0.000000000000000000e+00,0.000000000000000000e+00
3.700000000000000178e+00,7.155600000000024163e-01,2.700356192073276351e-17,2.775557561562891351e-17,7.120000000000005214e-01,0.000000000000000000e+00,0.000000000000000000e+00
3.879999999999999893e+00,7.517400000000025173e-01,3.255118292545391441e-17,2.775557561562891351e-17,7.480000000000005533e-01,0.000000000000000000e+00,0.000000000000000000e+00
4.099999999999999645e+00,7.959599997990027820e-01,3.377853447359816162e-17,2.775557561562891351e-17,7.920000000000005924e-01,0.000000000000000000e+00,0.000000000000000000e+00
4.280000000000000249e+00,8.321400000000028774e-01,3.895733034811921676e-17,2.775557561562891351e-17,8.280000000000006244e-01,0.000000000000000000e+00,0.000000000000000000e+00
4.500000000000000000e+00,8.763600000000031365e-01,4.122833168763451412e-17,2.775557561562891351e-17,8.720000000000006635e-01,0.000000000000000000e+00,0.000000000000000000e+00
4.679999999999999716e+00,9.125400000000033485e-01,4.223252841340797718e-17,2.775557561562891351e-17,9.080000000000006954e-01,0.000000000000000000e+00,0.000000000000000000e+00
4.900000000000000355e+00,9.567600000000034965e-01,5.223326633796886619e-17,2.775557561562891351e-17,9.520000000000007345e-01,0.000000000000000000e+00,0.000000000000000000e+00
5.080000000000000071e+00,9.929400000000037085e-01,5.323746306374232309e-17,2.775557561562891351e-17,9.880000000000007665e-01,0.000000000000000000e+00,0.000000000000000000e+00
5.299999999999999822e+00,1.037160000000002968e+00,5.446481461746541310e-17,2.775557561562891351e-17,1.032000000000000695e+00,0.000000000000000000e+00,0.000000000000000000e+00
5.480000000000000426e+00,1.073340000000002181e+00,5.317117114836056791e-17,2.775557561562891351e-17,1.068000000000000727e+00,0.000000000000000000e+00,0.000000000000000000e+00
5.700000000000000178e+00,1.117560000000000997e+00,5.439852270208365793e-17,2.775557561562891351e-17,1.112000000000000766e+00,0.000000000000000000e+00,0.000000000000000000e+00
5.879999999999999893e+00,1.153740000000000432e+00,5.319937551440610335e-17,2.775557561562891351e-17,1.148000000000000798e+00,0.000000000000000000e+00,0.000000000000000000e+00
6.080000000000000071e+00,1.193939999999999557e+00,5.431514965415436139e-17,2.775557561562891351e-17,1.188000000000000833e+00,0.000000000000000000e+00,0.000000000000000000e+00
6.280000000000000249e+00,1.234139999999998683e+00,5.634545192611260201e-17,2.775557561562891351e-17,1.228000000000000869e+00,0.000000000000000000e+00,0.000000000000000000e+00
6.500000000000000000e+00,1.278359999999997720e+00,5.780143551288818304e-17,2.775557561562891351e-17,1.272000000000000908e+00,0.000000000000000000e+00,0.000000000000000000e+00
6.679999999999999716e+00,1.314539999999996933e+00,5.880563223866160912e-17,2.775557561562891351e-17,1.308000000000000940e+00,0.000000000000000000e+00,0.000000000000000000e+00
6.900000000000000355e+00,1.358759999999995971e+00,5.352606037607616002e-17,2.775557561562891351e-17,1.352000000000000979e+00,0.000000000000000000e+00,0.000000000000000000e+00
7.080000000000000071e+00,1.394939999999995184e+00,5.453025710184959227e-17,2.775557561562891351e-17,1.388000000000001011e+00,0.000000000000000000e+00,0.000000000000000000e+00
7.280000000000000249e+00,1.435139999999994309e+00,5.564603124159784415e-17,2.775557561562891351e-17,1.428000000000001046e+00,0.000000000000000000e+00,0.000000000000000000e+00
7.480000000000000426e+00,1.465339999999993426e+00,3.914693723694554453e-17,2.775557561562891351e-17,1.468000000000001082e+00,0.000000000000000000e+00,0.000000000000000000e+00
7.700000000000000178e+00,1.509559999999992463e+00,4.037428879066862838e-17,2.775557561562891351e-17,1.512000000000001121e+00,0.000000000000000000e+00,0.000000000000000000e+00
7.879999999999999893e+00,1.555739999999991685e+00,4.669663207693604313e-17,2.775557561562891351e-17,1.548000000000001153e+00,0.000000000000000000e+00,0.000000000000000000e+00
8.080000000000000071e+00,1.595939999999990810e+00,4.781240621668430117e-17,2.775557561562891351e-17,1.588000000000001188e+00,0.000000000000000000e+00,0.000000000000000000e+00
8.279999999999999361e+00,1.628139999898989831e+00,5.228463785672786799e-17,2.775557561562891351e-17,1.628000000000001224e+00,0.000000000000000000e+00,0.000000000000000000e+00
8.480000000000000426e+00,1.666339999999989052e+00,5.423952643096819845e-17,2.775557561562891351e-17,1.668000000000001259e+00,0.000000000000000000e+00,0.000000000000000000e+00
8.679999999999999716e+00,1.706539999999988177e+00,5.535530057071645650e-17,2.775557561562891351e-17,1.708000000000001295e+00,0.000000000000000000e+00,0.000000000000000000e+00
8.900000000000000355e+00,1.760759999999987002e+00,5.908548217927801301e-17,2.775557561562891351e-17,1.752000000000001334e+00,0.000000000000000000e+00,0.000000000000000000e+00
9.080000000000000071e+00,1.796939999999986215e+00,6.008967890505145142e-17,2.775557561562891351e-17,1.788000000000001366e+00,0.000000000000000000e+00,0.000000000000000000e+00
9.300000000000000711e+00,1.841159999999985253e+00,6.131703045877452911e-17,2.775557561562891351e-17,1.832000000000001405e+00,0.000000000000000000e+00,0.000000000000000000e+00
9.480000000000000426e+00,1.867339999999984457e+00,6.835805716291692011e-17,2.775557561562891351e-17,1.868000000000001437e+00,0.000000000000000000e+00,0.000000000000000000e+00
9.699999999999999289e+00,1.911559999999983495e+00,6.958540871664001012e-17,2.775557561562891351e-17,1.912000000000001476e+00,0.000000000000000000e+00,0.000000000000000000e+00
9.880000000000000782e+00,1.947739999999982485e+00,7.661051889216643589e-17,2.775557561562891351e-17,1.948000000000001508e+00,0.000000000000000000e+00,0.000000000000000000e+00
1.009999999999999964e+01,1.991959999999981745e+00,7.934309880832777890e-17,2.775557561562891351e-17,1.992000000000001547e+00,0.000000000000000000e+00,0.000000000000000000e+00
1.027999999999999936e+01,2.028139999999982734e+00,8.034729553410126661e-17,2.775557561562891351e-17,2.028000000000001357e+00,0.000000000000000000e+00,0.000000000000000000e+00
1.048000000000000043e+01,2.078339999999984311e+00,8.497750452758100349e-17,2.775557561562891351e-17,2.068000000000001393e+00,0.000000000000000000e+00,0.000000000000000000e+00
1.069999999999999929e+01,2.122559999999985791e+00,8.620485608130415514e-17,2.775557561562891351e-17,2.112000000000001432e+00,0.000000000000000000e+00,0.000000000000000000e+00
1.088000000000000078e+01,2.150739999999986996e+00,9.115850904279204423e-17,2.775557561562891351e-17,2.148000000000001464e+00,0.000000000000000000e+00,0.000000000000000000e+00
1.108000000000000007e+01,2.188939999999988562e+00,9.326164724146896733e-17,2.775557561562891351e-17,2.188000000000001499e+00,0.000000000000000000e+00,0.000000000000000000e+00
1.127999999999999936e+01,2.229139999999989907e+00,9.437742138121728701e-17,2.775557561562891351e-17,2.228000000000001535e+00,0.000000000000000000e+00,0.000000000000000000e+00
1.148000000000000043e+01,2.269339999999991253e+00,1.162762100522846951e-16,2.775557561562891351e-17,2.268000000000001570e+00,0.000000000000000000e+00,0.000000000000000000e+00
1.167999999999999972e+01,2.309539999999992599e+00,1.173919841920330395e-16,2.775557561562891351e-17,2.308000000000001606e+00,0.000000000000000000e+00,0.000000000000000000e+00
1.188000000000000078e+01,2.349739999999993945e+00,1.302410939238842928e-16,2.775557561562891351e-17,2.348000000000001641e+00,0.000000000000000000e+00,0.000000000000000000e+00
1.208000000000000007e+01,2.389939999999995290e+00,1.342902019616583644e-16,2.775557561562891351e-17,2.388000000000001677e+00,0.000000000000000000e+00,0.000000000000000000e+00
1.227999999999999936e+01,2.430139999999996636e+00,1.384843014491981255e-16,2.775557561562891351e-17,2.428000000000001712e+00,0.000000000000000000e+00,0.000000000000000000e+00
1.248000000000000043e+01,2.470339999999997982e+00,1.403696569258943117e-16,2.775557561562891351e-17,2.468000000000001748e+00,0.000000000000000000e+00,0.000000000000000000e+00
1.267999999999999972e+01,2.510539999999999328e+00,1.414854310656426067e-16,2.775557561562891351e-17,2.508000000000001783e+00,0.000000000000000000e+00,0.000000000000000000e+00
1.288000000000000078e+01,2.550740000000000229e+00,1.466211143843694249e-16,2.775557561562891351e-17,2.548000000000001819e+00,0.000000000000000000e+00,0.000000000000000000e+00
1.308000000000000007e+01,2.590940000000001575e+00,1.487418658188623569e-16,2.775557561562891351e-17,2.588000000000001855e+00,0.000000000000000000e+00,0.000000000000000000e+00
1.327999999999999936e+01,2.631140000000002921e+00,1.498576399586106765e-16,2.775557561562891351e-17,2.628000000000001890e+00,0.000000000000000000e+00,0.000000000000000000e+00
1.348000000000000043e+01,2.671340000000004267e+00,1.548802190893746414e-16,2.775557561562891351e-17,2.668000000000001926e+00,0.000000000000000000e+00,0.000000000000000000e+00
1.369999999999999929e+01,2.715560000000005747e+00,1.561075706430978054e-16,2.775557561562891351e-17,2.712000000000001965e+00,0.000000000000000000e+00,0.000000000000000000e+00
1.388000000000000078e+01,2.751740000000006958e+00,1.651469888806850457e-16,2.775557561562891351e-17,2.748000000000001997e+00,0.000000000000000000e+00,0.000000000000000000e+00
1.408000000000000007e+01,2.791940000000008304e+00,1.682715683983867819e-16,2.775557561562891351e-17,2.788000000000002032e+00,0.000000000000000000e+00,0.000000000000000000e+00
1.427999999999999936e+01,2.832140000000009650e+00,1.693873425381351016e-16,2.775557561562891351e-17,2.828000000000002068e+00,0.000000000000000000e+00,0.000000000000000000e+00
1.448000000000000043e+01,2.862340000000011209e+00,1.876547711974547453e-16,2.775557561562891351e-17,2.868000000000002103e+00,0.000000000000000000e+00,0.000000000000000000e+00
1.467999999999999972e+01,2.902540000000012554e+00,1.887705453372030403e-16,2.775557561562891351e-17,2.908000000000002139e+00,0.000000000000000000e+00,0.000000000000000000e+00
1.488000000000000078e+01,2.950740000000013463e+00,1.938753626420190761e-16,2.775557561562891351e-17,2.948000000000002174e+00,0.000000000000000000e+00,0.000000000000000000e+00
1.508000000000000007e+01,2.992940000000014589e+00,1.959883975730343186e-16,2.775557561562891351e-17,2.988000000000002210e+00,0.000000000000000000e+00,0.000000000000000000e+00
1.527999999999999936e+01,3.033140000000015934e+00,1.971041717127826136e-16,2.775557561562891351e-17,3.028000000000002245e+00,0.000000000000000000e+00,0.000000000000000000e+00
1.548000000000000043e+01,3.063340000000017493e+00,2.102067293589989576e-16,2.775557561562891351e-17,3.068000000000002281e+00,0.000000000000000000e+00,0.000000000000000000e+00
1.567999999999999972e+01,3.103540000000018839e+00,2.113225034987472526e-16,2.775557561562891351e-17,3.108000000000002316e+00,0.000000000000000000e+00,0.000000000000000000e+00
1.588000000000000078e+01,3.153740000000019528e+00,2.153920997144016380e-16,2.775557561562891351e-17,3.148000000000002352e+00,0.000000000000000000e+00,0.000000000000000000e+00
1.607999999999999829e+01,3.193939999799020768e+00,2.165078738485710594e-16,2.775557561562891351e-17,3.188000000000002387e+00,0.000000000000000000e+00,0.000000000000000000e+00
1.628000000000000114e+01,3.234140000000022219e+00,2.176236479938982773e-16,2.775557561562891351e-17,3.228000000000002423e+00,0.000000000000000000e+00,0.000000000000000000e+00
1.648000000000000043e+01,3.264340000000023778e+00,2.129239356044702382e-16,2.775557561562891351e-17,3.268000000000002458e+00,0.000000000000000000e+00,0.000000000000000000e+00
1.667999999999999972e+01,3.304540000000025124e+00,2.140397097442185825e-16,2.775557561562891351e-17,3.308000000000002494e+00,0.000000000000000000e+00,0.000000000000000000e+00
1.687999999999999901e+01,3.352739999699026807e+00,2.260273343349042546e-16,2.775557561562891351e-17,3.348000000000002530e+00,0.000000000000000000e+00,0.000000000000000000e+00
1.707999999999999829e+01,3.394939999799027497e+00,2.298610712586543033e-16,2.775557561562891351e-17,3.388000000000002565e+00,0.000000000000000000e+00,0.000000000000000000e+00
1.728000000000000114e+01,3.435140000000028948e+00,2.309768454039814720e-16,2.775557561562891351e-17,3.428000000000002601e+00,0.000000000000000000e+00,0.000000000000000000e+00
1.748000000000000043e+01,3.475340000000030294e+00,2.240673817393220266e-16,2.775557561562891351e-17,3.468000000000002636e+00,0.000000000000000000e+00,0.000000000000000000e+00
1.767999999999999972e+01,3.515540000000031640e+00,2.251831558790703216e-16,2.775557561562891351e-17,3.508000000000002672e+00,0.000000000000000000e+00,0.000000000000000000e+00
1.787999999999999901e+01,3.547740000000032978e+00,2.314140995186309114e-16,2.775557561562891351e-17,3.548000000000002707e+00,0.000000000000000000e+00,0.000000000000000000e+00
1.807999999999999829e+01,3.585940000000034544e+00,2.338086660333322925e-16,2.775557561562891351e-17,3.588000000000002743e+00,0.000000000000000000e+00,0.000000000000000000e+00
1.828000000000000114e+01,3.626140000000035890e+00,2.349244401730806368e-16,2.775557561562891351e-17,3.628000000000002778e+00,0.000000000000000000e+00,0.000000000000000000e+00
1.848000000000000043e+01,3.676340000000037023e+00,2.418518460784548384e-16,2.775557561562891351e-17,3.668000000000002814e+00,0.000000000000000000e+00,0.000000000000000000e+00
1.867999999999999972e+01,3.716540000000038368e+00,2.429676202182031827e-16,2.775557561562891351e-17,3.708000000000002849e+00,0.000000000000000000e+00,0.000000000000000000e+00
1.887999999999999901e+01,3.748740000000039707e+00,2.465504872447864320e-16,2.775557561562891351e-17,3.748000000000002885e+00,0.000000000000000000e+00,0.000000000000000000e+00
1.907999999999999829e+01,3.786940000000040829e+00,2.482830346062434902e-16,2.775557561562891351e-17,3.788000000000002920e+00,0.000000000000000000e+00,0.000000000000000000e+00
1.928000000000000114e+01,3.827140000000042175e+00,2.493988087459918345e-16,2.775557561562891351e-17,3.828000000000002956e+00,0.000000000000000000e+00,0.000000000000000000e+00
1.948000000000000043e+01,3.867340000000042632e+00,2.568966338943873395e-16,2.775557561562891351e-17,3.868000000000002991e+00,0.000000000000000000e+00,0.000000000000000000e+00
1.967999999999999972e+01,3.875380000000042902e+00,2.571197887223370280e-16,1.809000000000003314e-02,3.876000000000002998e+00,0.000000000000000000e+00,1.800000000000000558e-02
1.987999999999999901e+01,3.875380000000042902e+00,2.571197887223370280e-16,7.838999999999997359e-02,3.876000000000002998e+00,0.000000000000000000e+00,7.799999999999999989e-02
2.007999999999999829e+01,3.875380000000042902e+00,2.571197887223370280e-16,1.386899999999999522e-01,3.876000000000002998e+00,0.000000000000000000e+00,1.380000000000000393e-01
2.028000000000000114e+01,3.875380000000042902e+00,2.571197887223370280e-16,1.989900000000000835e-01,3.876000000000002998e+00,0.000000000000000000e+00,1.980000000000000648e-01
2.048000000000000043e+01,3.875380000000042902e+00,2.571197887223370280e-16,2.592900000000000205e-01,3.876000000000002998e+00,0.000000000000000000e+00,2.580000000000001181e-01
2.067999999999999972e+01,3.875380000000042902e+00,2.571197887223370280e-16,3.195899999999998742e-01,3.876000000000002998e+00,0.000000000000000000e+00,3.180000000000003935e-01
2.087999999999999901e+01,3.875380000000042902e+00,2.571197887223370280e-16,3.798899999999996724e-01,3.876000000000002998e+00,0.000000000000000000e+00,3.780000000000003357e-01
2.107999999999999829e+01,3.875380000000042902e+00,2.571197887223370280e-16,4.401899999999992485e-01,3.876000000000002998e+00,0.000000000000000000e+00,4.380000000000004445e-01
2.128000000000000114e+01,3.875380000000042902e+00,2.571197887223370280e-16,5.004899999999992133e-01,3.876000000000002998e+00,0.000000000000000000e+00,4.980000000000003868e-01
2.148000000000000043e+01,3.875380000000042902e+00,2.571197887223370280e-16,5.607899999999992335e-01,3.876000000000002998e+00,0.000000000000000000e+00,5.580000000000002736e-01
2.167999999999999972e+01,3.875380000000042902e+00,2.571197887223370280e-16,6.210899999999989207e-01,3.876000000000002998e+00,0.000000000000000000e+00,6.180000000000003268e-01
2.187999999999999901e+01,3.875380000000042902e+00,2.571197887223370280e-16,6.813899999999987189e-01,3.876000000000002998e+00,0.000000000000000000e+00,6.780000000000003801e-01
2.207999999999999829e+01,3.875380000000042902e+00,2.571197887223370280e-16,7.416899999999982951e-01,3.876000000000002998e+00,0.000000000000000000e+00,7.380000000000003224e-01
2.228000000000000114e+01,3.875380000000042902e+00,2.571197887223370280e-16,8.019899999999983153e-01,3.876000000000002998e+00,0.000000000000000000e+00,7.980000000000003757e-01
2.248000000000000043e+01,3.875380000000042902e+00,2.571197887223370280e-16,8.622899999999985576e-01,3.876000000000002998e+00,0.000000000000000000e+00,8.580000000000003180e-01
2.267999999999999972e+01,3.875380000000042902e+00,2.571197887223370280e-16,9.225899999999982448e-01,3.876000000000002998e+00,0.000000000000000000e+00,9.180000000000005933e-01
2.287999999999999901e+01,3.875380000000042902e+00,2.571197887223370280e-16,9.828899999999977100e-01,3.876000000000002998e+00,0.000000000000000000e+00,9.780000000000006466e-01
2.307999999999999829e+01,3.875380000000042902e+00,2.571197887223370280e-16,1.043189999999998063e+00,3.876000000000002998e+00,0.000000000000000000e+00,1.038000000000000700e+00
2.328000000000000114e+01,3.875380000000042902e+00,2.571197887223370280e-16,1.103489999999997639e+00,3.876000000000002998e+00,0.000000000000000000e+00,1.098000000000000753e+00
2.348000000000000043e+01,3.875380000000042902e+00,2.571197887223370280e-16,1.163789999999997660e+00,3.876000000000002998e+00,0.000000000000000000e+00,1.158000000000000806e+00
2.367999999999999972e+01,3.875380000000042902e+00,2.571197887223370280e-16,1.224089999999997458e+00,3.876000000000002998e+00,0.000000000000000000e+00,1.218000000000000860e+00
2.387999999999999901e+01,3.875380000000042902e+00,2.571197887223370280e-16,1.284389999999997478e+00,3.876000000000002998e+00,0.000000000000000000e+00,1.278000000000000691e+00
2.407999999999999829e+01,3.875380000000042902e+00,2.571197887223370280e-16,1.344689999999997498e+00,3.876000000000002998e+00,0.000000000000000000e+00,1.338000000000000744e+00
2.428000000000000114e+01,3.875380000000042902e+00,2.571197887223370280e-16,1.404989999999997297e+00,3.876000000000002998e+00,0.000000000000000000e+00,1.398000000000001020e+00
2.448000000000000043e+01,3.875380000000042902e+00,2.571197887223370280e-16,1.465289999999996651e+00,3.876000000000002998e+00,0.000000000000000000e+00,1.458000000000001073e+00
2.467999999999999972e+01,3.875380000000042902e+00,2.571197887223370280e-16,1.525589999999996671e+00,3.876000000000002998e+00,0.000000000000000000e+00,1.518000000000001126e+00
2.487999999999999901e+01,3.875380000000042902e+00,2.571197887223370280e-16,1.585889999999996025e+00,3.876000000000002998e+00,0.000000000000000000e+00,1.578000000000001180e+00
2.507999999999999829e+01,3.875380000000042902e+00,2.571197887223370280e-16,1.646189999999996045e+00,3.876000000000002998e+00,0.000000000000000000e+00,1.638000000000001455e+00
2.528000000000000114e+01,3.875380000000042902e+00,2.571197887223370280e-16,1.706489999999994955e+00,3.876000000000002998e+00,0.000000000000000000e+00,1.698000000000001508e+00
2.548000000000000043e+01,3.875380000000042902e+00,2.571197887223370280e-16,1.766789999999994754e+00,3.876000000000002998e+00,0.000000000000000000e+00,1.758000000000001561e+00
2.567999999999999972e+01,3.875380000000042902e+00,2.571197887223370280e-16,1.827089999999995440e+00,3.876000000000002998e+00,0.000000000000000000e+00,1.818000000000001615e+00
2.587999999999999901e+01,3.875380000000042902e+00,2.571197887223370280e-16,1.887389999999994794e+00,3.876000000000002998e+00,0.000000000000000000e+00,1.878000000000001446e+00
2.607999999999999829e+01,3.875380000000042902e+00,2.571197887223370280e-16,1.947689999999995925e+00,3.876000000000002998e+00,0.000000000000000000e+00,1.938000000000001721e+00
2.628000000000000114e+01,3.875380000000042902e+00,2.571197887223370280e-16,2.007989999999994613e+00,3.876000000000002998e+00,0.000000000000000000e+00,1.998000000000001553e+00
2.650000000000000000e+01,3.875380000000042902e+00,2.571197887223370280e-16,2.074319999999993946e+00,3.876000000000002998e+00,0.000000000000000000e+00,2.063999999999998725e+00
2.667999999999999972e+01,3.875380000000042902e+00,2.571197887223370280e-16,2.128589999999994209e+00,3.876000000000002998e+00,0.000000000000000000e+00,2.117999999999997218e+00
2.687999999999999901e+01,3.875380000000042902e+00,2.571197887223370280e-16,2.188889999999994007e+00,3.876000000000002998e+00,0.000000000000000000e+00,2.177999999999995051e+00
2.707999999999999829e+01,3.875380000000042902e+00,2.571197887223370280e-16,2.249189999999993805e+00,3.876000000000002998e+00,0.000000000000000000e+00,2.237999999999992884e+00
2.728000000000000114e+01,3.875380000000042902e+00,2.571197887223370280e-16,2.309489999999993604e+00,3.876000000000002998e+00,0.000000000000000000e+00,2.297999999999990717e+00
2.748000000000000043e+01,3.875380000000042902e+00,2.571197887223370280e-16,2.369789999999993402e+00,3.876000000000002998e+00,0.000000000000000000e+00,2.357999999999988550e+00
2.767999999999999972e+01,3.875380000000042902e+00,2.571197887223370280e-16,2.430089999999993200e+00,3.876000000000002998e+00,0.000000000000000000e+00,2.417999999999986382e+00
2.787999999999999901e+01,3.875380000000042902e+00,2.571197887223370280e-16,2.490389999999992998e+00,3.876000000000002998e+00,0.000000000000000000e+00,2.477999999999984215e+00
2.807999999999999829e+01,3.875380000000042902e+00,2.571197887223370280e-16,2.550689999999993240e+00,3.876000000000002998e+00,0.000000000000000000e+00,2.537999999999982048e+00
2.828000000000000114e+01,3.875380000000042902e+00,2.571197887223370280e-16,2.610989999999992595e+00,3.876000000000002998e+00,0.000000000000000000e+00,2.597999999999979881e+00
2.848000000000000043e+01,3.875380000000042902e+00,2.571197887223370280e-16,2.671289999999992393e+00,3.876000000000002998e+00,0.000000000000000000e+00,2.657999999999977714e+00
2.867999999999999972e+01,3.875380000000042902e+00,2.571197887223370280e-16,2.731589999999992191e+00,3.876000000000002998e+00,0.000000000000000000e+00,2.717999999999975547e+00
2.887999999999999901e+01,3.875380000000042902e+00,2.571197887223370280e-16,2.791889999999991989e+00,3.876000000000002998e+00,0.000000000000000000e+00,2.777999999999973380e+00
2.907999999999999829e+01,3.875380000000042902e+00,2.571197887223370280e-16,2.852189999999991787e+00,3.876000000000002998e+00,0.000000000000000000e+00,2.837999999999971212e+00
2.928000000000000114e+01,3.875380000000042902e+00,2.571197887223370280e-16,2.908078889067910122e+00,3.876000000000002998e+00,0.000000000000000000e+00,2.893610834893421302e+00
2.950000000000000000e+01,3.875380000000042902e+00,2.571197887223370280e-16,2.958225029858559285e+00,3.876000000000002998e+00,0.000000000000000000e+00,2.943507492396555403e+00
2.967999999999999972e+01,3.843656395865949094e+00,5.273347205116015596e-03,2.990724844502047119e+00,3.844515384423003557e+00,5.714019735640764319e-03,2.975845616419927175e+00
2.987999999999999901e+01,3.803825609238450589e+00,1.069803274361729936e-02,3.020751351403046847e+00,3.804967905876824652e+00,1.170385375874784945e-02,3.005722737714452641e+00
3.007999999999999829e+01,3.763862077237588810e+00,1.504289438530926649e-02,3.044911860957371097e+00,3.765272955537798172e+00,1.662667577519300055e-02,3.029763045728705251e+00
3.028000000000000114e+01,3.723812936033058740e+00,1.851484233227981488e-02,3.064572311045435260e+00,3.725480168172963236e+00,2.068663045282084778e-02,3.049325682632253454e+00
3.050000000000000000e+01,3.679695522657917994e+00,2.151699038817193529e-02,3.082038267064338477e+00,3.681633049357326826e+00,2.434474500733809291e-02,3.066704743347579587e+00
3.067999999999999972e+01,3.651417334438924911e+00,2.874018354565894759e-02,3.082453409983186177e+00,3.645718750289940413e+00,2.682442226353371276e-02,3.078230258689715448e+00
3.087999999999999901e+01,3.613172514751496145e+00,3.232862666736627255e-02,3.090282247805840932e+00,3.605785912702689000e+00,2.913821671991717252e-02,3.088798256523202390e+00
3.107999999999999829e+01,3.573016745366590197e+00,3.421128528207608571e-02,3.098849582129077795e+00,3.565832788909153006e+00,3.107168787382370498e-02,3.097322967292591933e+00
3.128000000000000114e+01,3.532847520822267828e+00,3.578185924085881819e-02,3.105912389017468023e+00,3.525865872344990937e+00,3.269619262493540790e-02,3.104350635838253325e+00
3.148000000000000043e+01,3.492669056007343453e+00,3.709582851124672981e-02,3.111671006865107447e+00,3.485889410856757742e+00,3.406665419075816797e-02,3.110080603845854608e+00
3.167999999999999972e+01,3.452484265115663753e+00,3.820016588738249508e-02,3.116410150867368944e+00,3.445906356253376934e+00,3.522957477387767683e-02,3.114796170017258614e+00
3.187999999999999901e+01,3.412295107788382520e+00,3.913273116574562949e-02,3.120228352854052201e+00,3.405918704270197939e+00,3.622243537365903848e-02,3.118595375974158035e+00
3.207999999999999829e+01,3.372102958219149293e+00,3.992632184744458745e-02,3.123369638087484912e+00,3.365927865170517119e+00,3.707770578595975114e-02,3.121721032922847971e+00
3.228000000000000114e+01,3.321908715482871699e+00,4.060602121669926179e-02,3.125901278774408265e+00,3.325934767870341258e+00,3.782021888099407203e-02,3.124240078382474639e+00
3.247999999999999687e+01,3.281713019400647191e+00,4.119375334022527813e-02,3.127964548495218100e+00,3.285940080243725969e+00,3.847168006865800405e-02,3.126293083089140445e+00
3.267999999999999972e+01,3.249508284789774049e+00,4.102609049222540050e-02,3.126855341850699688e+00,3.245944249742552135e+00,3.904888889686741749e-02,3.127967504329035808e+00
3.288000000000000256e+01,3.211306669826883287e+00,4.144786429525550153e-02,3.127530041874685196e+00,3.205947589476256354e+00,3.956553160018267540e-02,3.129333374999669015e+00
3.307999999999999829e+01,3.171110323634220851e+00,4.198969527026581716e-02,3.128660887089734999e+00,3.165950319235224519e+00,4.003265546789171875e-02,3.130458594119121418e+00
3.328000000000000114e+01,3.130923232818803470e+00,4.327087850616536530e-02,3.133063038842418102e+00,3.125952594553542685e+00,4.045916560864139949e-02,3.131366207803384150e+00
3.347999999999999687e+01,3.090724566931621009e+00,4.359824748696641827e-02,3.133807052330372489e+00,3.085954532884627177e+00,4.085285319327051912e-02,3.132106519735066374e+00
3.367999999999999972e+01,3.050525687653360407e+00,4.389836455936375892e-02,3.134420520130889898e+00,3.045956214462230971e+00,4.121955975268675604e-02,3.132716935453603302e+00
3.388000000000000256e+01,3.010326649327055737e+00,4.417636601637196792e-02,3.134915157560562271e+00,3.005957701072923705e+00,4.156437050707948583e-02,3.133209112000539864e+00
3.407999999999999829e+01,2.970127490468920772e+00,4.443637603543405812e-02,3.135319066904660446e+00,2.965959037960767208e+00,4.189136862698033398e-02,3.133611011845411909e+00
3.428000000000000114e+01,2.929928239170714210e+00,4.468169307654792921e-02,3.135648957991312269e+00,2.925960258480044818e+00,4.220381978158205954e-02,3.133939261682876065e+00
3.447999999999999687e+01,2.889728916363587086e+00,4.491500852233998309e-02,3.135918448258344871e+00,2.885961387885687124e+00,4.250438860106072608e-02,3.134207411202311278e+00
3.467999999999999972e+01,2.849529537414960068e+00,4.513844858089049311e-02,3.136140856238849306e+00,2.845962444977881756e+00,4.279518016081791665e-02,3.134428712675451312e+00
3.488000000000000256e+01,2.809330114647802468e+00,4.535386651895041005e-02,3.136320372028245540e+00,2.805963445088711428e+00,4.307802930955551002e-02,3.134607335351466961e+00
3.510000000000000142e+01,2.765110710054021759e+00,4.558332938684782343e-02,3.136480478047659837e+00,2.761964493338292748e+00,4.338174099728688005e-02,3.134766644823521631e+00
3.528000000000000114e+01,2.728931172717100839e+00,4.576629620618054284e-02,3.136587081939139043e+00,2.725965318649862024e+00,4.362550429897716492e-02,3.134872718347381682e+00
3.550000000000000000e+01,2.684711714484785183e+00,4.598518374213777377e-02,3.136694134021433378e+00,2.681966295846132109e+00,4.391874572655925235e-02,3.134979237832253407e+00
3.567999999999999972e+01,2.648532141750592928e+00,4.616101373248326922e-02,3.136767854426115942e+00,2.645967073996357222e+00,4.415544310632810165e-02,3.135052591468753924e+00
3.588000000000000256e+01,2.608332603093560742e+00,4.635360457818371582e-02,3.136833668648950635e+00,2.605967920631455659e+00,4.441569196278870313e-02,3.135118078257641550e+00
3.610000000000000142e+01,2.564113097514957751e+00,4.656271183779529810e-02,3.136891767053581859e+00,2.561968834343413270e+00,4.469925028273291634e-02,3.135175887615484047e+00
3.628000000000000114e+01,2.527933493883649518e+00,4.673206646262936803e-02,3.136930478669455624e+00,2.525969570905464590e+00,4.492953663017013738e-02,3.135214406636253504e+00
3.646000000000000085e+01,2.491753884264859220e+00,4.690013668563298294e-02,3.136962895609548330e+00,2.489970299356201178e+00,4.515855133609467803e-02,3.135246662298037723e+00
3.667999999999999972e+01,2.447534354725346528e+00,4.710411484502349116e-02,3.136995641320102557e+00,2.445971180629240571e+00,4.543703151290975212e-02,3.135279245094610534e+00
3.688000000000000256e+01,2.412408558621239152e+00,4.780139705809031969e-02,3.138764303022312685e+00,2.405971974718210671e+00,4.568907618395185583e-02,3.135302789076909402e+00
3.710000000000000142e+01,2.368188734106714932e+00,4.792597577378645418e-02,3.138785694591081477e+00,2.361972842035890086e+00,4.596534249677357992e-02,3.135324074219962398e+00
3.728000000000000114e+01,2.326891769636378449e+00,4.714138331025957696e-02,3.135310142453148874e+00,2.325973547662704810e+00,4.619074079353212986e-02,3.135338450202118210e+00
3.747999999999999687e+01,2.286692561256737921e+00,4.739366451075857634e-02,3.135323295014111888e+00,2.285974328271199063e+00,4.644063593300425813e-02,3.135351537327451865e+00
3.767999999999999972e+01,2.246493349857364930e+00,4.764546290154489383e-02,3.135334189661794113e+00,2.245975105893045054e+00,4.669005305442791576e-02,3.135362377772907383e+00
3.788000000000000256e+01,2.206294135989497196e+00,4.789686749728892801e-02,3.135343020892316979e+00,2.205975881085921575e+00,4.693908028985387809e-02,3.135371165066959342e+00
3.807999999999999829e+01,2.166094920096526266e+00,4.814794938099284383e-02,3.135350338176088769e+00,2.165976654294924142e+00,4.718778801504629888e-02,3.135378445946331638e+00
3.828000000000000114e+01,2.133303378462565902e+00,4.888636052719599889e-02,3.137101219755518144e+00,2.125977425866837134e+00,4.743623424967152724e-02,3.135384298264173530e+00
3.850000000000000000e+01,2.089083823927765149e+00,4.908484865745228742e-02,3.137106555496776306e+00,2.081978273068807450e+00,4.770927893935184710e-02,3.135389607459454719e+00
3.867999999999999972e+01,2.052904187678693759e+00,4.924708725873938597e-02,3.137110165899270608e+00,2.045978965252577719e+00,4.793251995910858404e-02,3.135393199899746630e+00
3.888000000000000256e+01,2.007630959380467761e+00,4.883388828235368795e-02,3.135368491871659558e+00,2.005979733481758398e+00,4.818042825825489400e-02,3.135396509325011127e+00
3.907999999999999829e+01,1.967431737703298378e+00,4.908404135424403181e-02,3.135371222143748859e+00,1.965980500956349575e+00,4.842821639111714177e-02,3.135399226013658502e+00
3.928000000000000114e+01,1.927234603910566113e+00,4.972430559120102900e-02,3.137118464453167554e+00,1.925981267824546039e+00,4.867590541998723097e-02,3.135401457167309225e+00
3.947999999999999687e+01,1.887035006112615321e+00,4.990412944631861941e-02,3.137120286652706813e+00,1.885982034225658355e+00,4.892351412431924368e-02,3.135403270301178491e+00
3.967999999999999972e+01,1.846835408036662018e+00,5.008388615161572799e-02,3.137121815980690620e+00,1.845982800232908838e+00,4.917105634277351561e-02,3.135404792020564990e+00
3.988000000000000256e+01,1.806633910940980581e+00,4.990844991472051517e-02,3.135378059361445313e+00,1.805983565898855225e+00,4.941854345583493457e-02,3.135406029215344503e+00
4.007999999999999829e+01,1.766434687106545276e+00,5.015825392368595398e-02,3.135379071334288170e+00,1.765984331218087400e+00,4.966598599327175234e-02,3.135407036153497806e+00
4.028000000000000114e+01,1.731436158765403910e+00,5.098588966193359773e-02,3.137124913682028282e+00,1.725985096317655287e+00,4.991339183121713818e-02,3.135407874310453202e+00
4.047999999999999687e+01,1.691236559915043403e+00,5.116547789354540521e-02,3.137125601245619233e+00,1.685985861283880949e+00,5.016076725447552592e-02,3.135408558453329331e+00
4.067999999999999972e+01,1.651036960896358430e+00,5.134504082087145566e-02,3.137126174065745232e+00,1.645986626060205626e+00,5.040811762423837161e-02,3.135409128423603420e+00
4.088000000000000256e+01,1.610837361847534455e+00,5.152458296215361999e-02,3.137126641822460371e+00,1.605987390770670542e+00,5.065544741073963603e-02,3.135409593853170307e+00
4.107999999999999829e+01,1.570637762677026261e+00,5.170410796103196149e-02,3.137127032066171939e+00,1.565988155367300960e+00,5.090276022069380180e-02,3.135409982155370479e+00
4.128000000000000114e+01,1.530438163669771257e+00,5.188361870545722676e-02,3.137127351448445012e+00,1.525988919659063914e+00,5.115005891841734736e-02,3.135410299948679924e+00
4.147999999999999687e+01,1.490238564422425638e+00,5.206311774943214732e-02,3.137127615726363228e+00,1.485989683894535451e+00,5.139734605449323285e-02,3.135410562911783217e+00
4.167999999999999972e+01,1.450038965044901484e+00,5.224260712969897719e-02,3.137127834689056094e+00,1.445990448273043905e+00,5.164462358339862863e-02,3.135410780785108820e+00
4.188000000000000256e+01,1.409839365739341988e+00,5.242208846020874474e-02,3.137128016248861062e+00,1.405991212733057161e+00,5.189189318435707965e-02,3.135410961441631006e+00
4.207999999999999829e+01,1.369639766018185156e+00,5.260156315676328687e-02,3.137128166921903105e+00,1.365991977363251397e+00,5.213915619936503737e-02,3.135411111365053127e+00
4.228000000000000114e+01,1.325599750456918802e+00,5.269154690643914479e-02,3.137128293185691863e+00,1.325992741392728824e+00,5.238641372381647177e-02,3.135411237000665263e+00
4.247999999999999687e+01,1.284440047020164011e+00,5.284864007287402854e-02,3.137128397056091256e+00,1.285993505949302396e+00,5.263366665827196034e-02,3.135411340354295806e+00
4.270000000000000284e+01,1.245658354254535638e+00,5.326173055846914611e-02,3.137128491392757290e+00,1.241994346450097320e+00,5.290564059443084860e-02,3.135411434221626159e+00
4.288000000000000256e+01,1.209478714706902602e+00,5.342324222302703707e-02,3.137128555429600230e+00,1.205995034174166314e+00,5.312816189407655598e-02,3.135411497939877723e+00
4.307999999999999829e+01,1.169279115293716087e+00,5.360269712728762265e-02,3.137128615463438575e+00,1.165995798645830694e+00,5.337540530939408751e-02,3.135411557675039873e+00
4.328000000000000114e+01,1.129079515295411396e+00,5.378214979018647313e-02,3.137128666021932411e+00,1.125996563619552138e+00,5.362264647730356076e-02,3.135411607981997584e+00
4.347999999999999687e+01,1.088879916070901288e+00,5.396160066309241971e-02,3.137128707864580868e+00,1.085997327242008925e+00,5.386988591530687820e-02,3.135411649616474339e+00
4.367999999999999972e+01,1.048680315998774315e+00,5.414104989068067864e-02,3.137128743181540891e+00,1.045998090686079518e+00,5.411712380464066274e-02,3.135411684757728246e+00
4.388000000000000256e+01,1.008480718068252679e+00,5.432049787274870895e-02,3.137128772478125605e+00,1.005998854830327804e+00,5.436436030832800248e-02,3.135411713908559772e+00
4.407999999999999829e+01,9.682811191438585041e-01,5.449994478657868568e-02,3.137128797082750165e+00,9.659996200561631330e-01,5.461159583483188307e-02,3.135411738390772918e+00
4.428000000000000114e+01,9.280815216502137366e-01,5.467939079457921625e-02,3.137128817775630463e+00,9.260003827371489082e-01,5.485883054326116254e-02,3.135411758980705343e+00
4.447999999999999687e+01,8.878819245844662422e-01,5.485883612934845666e-02,3.137128835228973234e+00,8.860011496751323268e-01,5.510606429823792368e-02,3.135411776347215351e+00
4.467999999999999972e+01,8.476823289075409162e-01,5.503828059757153585e-02,3.137128849969808453e+00,8.460019134949814390e-01,5.535329765290442766e-02,3.135411791014714566e+00
4.488000000000000256e+01,8.074827291970051446e-01,5.521772469378391501e-02,3.137128862429168219e+00,8.060026816306931075e-01,5.560053010695385073e-02,3.135411803412085696e+00
4.507999999999999829e+01,7.672831295065313251e-01,5.539716846182618504e-02,3.137128873125370365e+00,7.660034432476549027e-01,5.584776242379621558e-02,3.135411814055073521e+00
4.528000000000000114e+01,7.270835302649488741e-01,5.557661138398931056e-02,3.137128882149274212e+00,7.260042144939721220e-01,5.609499411397106394e-02,3.135411823034080836e+00
4.550000000000000000e+01,6.828639711556603320e-01,5.577399866220172225e-02,3.137128890503544820e+00,6.820050581845340520e-01,5.636694903641231019e-02,3.135411831346787359e+00
4.567999999999999972e+01,6.466843345236200635e-01,5.593549696190359272e-02,3.137128896338341022e+00,6.460057509774631557e-01,5.658945648955224922e-02,3.135411837152554337e+00
4.588000000000000256e+01,6.064847357521823135e-01,5.611493929158731936e-02,3.137128901960585026e+00,6.060065168970071303e-01,5.683668797402126327e-02,3.135411842746826938e+00
4.607999999999999829e+01,5.662851286323864475e-01,5.629438101071203987e-02,3.137128906821374574e+00,5.660072789594768894e-01,5.708391904976350961e-02,3.135411847583432721e+00
4.628000000000000114e+01,5.260855277348592818e-01,5.647382351475219858e-02,3.137128911152438526e+00,5.260080507461196708e-01,5.733114889176231521e-02,3.135411851892948132e+00
4.647999999999999687e+01,4.858859127333691186e-01,5.665326493041215189e-02,3.137128914739897745e+00,4.860088287657413075e-01,5.757837929633482371e-02,3.135411855462556741e+00
4.667999999999999972e+01,4.497638220091180750e-01,5.663646891663245975e-02,3.137128918077679796e+00,4.460095845846452356e-01,5.782560925397016438e-02,3.135411858783733852e+00
4.688000000000000256e+01,4.105835917466447160e-01,5.676685141330286427e-02,3.137128920917530817e+00,4.060103426503929303e-01,5.807284007629276434e-02,3.135411861609456174e+00
4.710000000000000142e+01,3.663640447324427729e-01,5.696423632523195391e-02,3.137128923628581756e+00,3.620111987281764976e-01,5.834479344495198394e-02,3.135411864307019236e+00
4.728000000000000114e+01,3.301844132535213805e-01,5.712573422234251685e-02,3.137128925694992798e+00,3.260118778006975138e-01,5.856729995335924199e-02,3.135411866363150946e+00
4.747999999999999687e+01,2.899848014886861614e-01,5.730517404337532456e-02,3.137128927904947684e+00,2.860126541837103020e-01,5.881453072538914140e-02,3.135411868562110183e+00
4.767999999999999972e+01,2.497852145283471770e-01,5.748461687352731525e-02,3.137128929917788245e+00,2.460134078783803302e-01,5.906176072014856365e-02,3.135411870564937864e+00
4.788000000000000256e+01,2.095856250221950212e-01,5.766405853464194597e-02,3.137128932371567203e+00,2.060141847186600095e-01,5.930899021335996751e-02,3.135411873006508365e+00
4.807999999999999829e+01,1.693860370301969454e-01,5.784349788807368470e-02,3.137128934653667933e+00,1.660149735926776948e-01,5.955621885113135394e-02,3.135411875277254623e+00
4.828000000000000114e+01,1.291864164581074115e-01,5.802293996626678441e-02,3.137128936086312159e+00,1.260157081156064174e-01,5.980345124172242732e-02,3.135411876702772105e+00
4.847999999999999687e+01,1.010466663636276352e-01,5.814854868283665656e-02,3.137128937944746454e+00,9.801623912846418873e-02,5.997651089374857886e-02,3.135411878551960019e+00
4.867999999999999972e+01,1.010466663636276352e-01,5.814854868283665656e-02,3.100948937944746575e+00,9.801623912846418873e-02,5.997651089374857886e-02,3.099411878551961319e+00
4.888000000000000256e+01,1.010466663636275797e-01,5.814854868283683004e-02,3.040648937944746777e+00,9.801623912846418873e-02,5.997651089374857886e-02,3.039411878551963486e+00
4.907999999999999829e+01,1.010466663636275797e-01,5.814854868283683004e-02,2.980348937944747423e+00,9.801623912846418873e-02,5.997651089374857886e-02,2.979411878551965653e+00
4.928000000000000114e+01,1.010466663636275797e-01,5.814854868283683004e-02,2.920048937944747180e+00,9.801623912846418873e-02,5.997651089374857886e-02,2.919411878551967821e+00
4.947999999999999687e+01,1.010466663636275797e-01,5.814854868283683004e-02,2.859748937944747382e+00,9.801623912846418873e-02,5.997651089374857886e-02,2.859411878551969988e+00
4.967999999999999972e+01,1.010466663636275797e-01,5.814854868283683004e-02,2.799448937944748028e+00,9.801623912846418873e-02,5.997651089374857886e-02,2.799411878551972155e+00
4.988000000000000256e+01,1.010466663636275797e-01,5.814854868283683004e-02,2.739148937944748230e+00,9.801623912846418873e-02,5.997651089374857886e-02,2.739411878551974322e+00
5.010000000000000142e+01,1.010466663636275797e-01,5.814854868283683004e-02,2.672818937944748452e+00,9.801623912846418873e-02,5.997651089374857886e-02,2.673411878551976706e+00
5.028000000000000114e+01,1.010466663636275797e-01,5.814854868283683004e-02,2.618548937944748634e+00,9.801623912846418873e-02,5.997651089374857886e-02,2.619411878551978656e+00
5.050000000000000000e+01,1.010466663636275797e-01,5.814854868283683004e-02,2.552218937944748411e+00,9.801623912846418873e-02,5.997651089374857886e-02,2.553411878551981040e+00
5.067999999999999972e+01,1.010466663636275797e-01,5.814854868283683004e-02,2.497948937944748593e+00,9.801623912846418873e-02,5.997651089374857886e-02,2.499411878551982991e+00
5.088000000000000256e+01,1.010466663636275797e-01,5.814854868283683004e-02,2.437648937944749239e+00,9.801623912846418873e-02,5.997651089374857886e-02,2.439411878551985158e+00
5.107999999999999829e+01,1.010466663636275797e-01,5.814854868283683004e-02,2.377348937944749441e+00,9.801623912846418873e-02,5.997651089374857886e-02,2.379411878551987325e+00
5.128000000000000114e+01,1.010466663636275797e-01,5.814854868283683004e-02,2.317048937944749198e+00,9.801623912846418873e-02,5.997651089374857886e-02,2.319411878551989492e+00
5.147999999999999687e+01,1.010466663636275797e-01,5.814854868283683004e-02,2.256748937944749400e+00,9.801623912846418873e-02,5.997651089374857886e-02,2.259411878551991659e+00
5.167999999999999972e+01,1.010466663636275797e-01,5.814854868283683004e-02,2.196448937944749602e+00,9.801623912846418873e-02,5.997651089374857886e-02,2.199411878551993826e+00
5.188000000000000256e+01,1.010466663636275797e-01,5.814854868283683004e-02,2.136148937944749804e+00,9.801623912846418873e-02,5.997651089374857886e-02,2.139411878551995994e+00
5.210000000000000142e+01,1.010466663636275797e-01,5.814854868283683004e-02,2.069818937944751358e+00,9.801623912846418873e-02,5.997651089374857886e-02,2.073411878551998377e+00
5.228000000000000114e+01,1.010466663636275797e-01,5.814854868283683004e-02,2.015548937944750207e+00,9.801623912846418873e-02,5.997651089374857886e-02,2.019411878552000328e+00
5.247999999999999687e+01,1.010466663636275797e-01,5.814854868283683004e-02,1.955248937944750409e+00,9.801623912846418873e-02,5.997651089374857886e-02,1.959411878552001163e+00
5.267999999999999972e+01,1.010466663636275797e-01,5.814854868283683004e-02,1.894948937944749945e+00,9.801623912846418873e-02,5.997651089374857886e-02,1.899411878552000887e+00
5.288000000000000256e+01,1.010466663636275797e-01,5.814854868283683004e-02,1.836010454455328178e+00,9.801623912846418873e-02,5.997651089374857886e-02,1.840766621348595811e+00
5.310000000000000142e+01,1.010466663636275797e-01,5.814854868283683004e-02,1.781342261711684749e+00,9.801623912846418873e-02,5.997651089374857886e-02,1.786370409663376790e+00
5.328000000000000114e+01,9.496694303595011599e-02,8.972732141339634371e-02,1.745886274610802813e+00,9.180566734139687657e-02,9.136674462640514971e-02,1.751090820508271140e+00
5.347999999999999687e+01,8.863164662150219142e-02,1.294232028419080582e-01,1.713467561199273348e+00,8.529309790843454808e-02,1.308312629664613591e-01,1.718833394228141298e+00
5.367999999999999972e+01,8.347252340577185348e-02,1.692895504726236178e-01,1.686546537256651046e+00,7.994410714088914793e-02,1.704707944318722690e-01,1.692046305728018396e+00
5.388000000000000256e+01,7.927347181952584809e-02,2.092688783317443457e-01,1.665165420729719292e+00,7.554503051352008669e-02,2.102274042738488113e-01,1.670771562915151609e+00
5.407999999999999829e+01,7.697264952335138022e-02,2.494836347397836884e-01,1.653354468863666327e+00,7.191045759962114148e-02,2.500614359561278977e-01,1.653463153098184257e+00
5.428000000000000114e+01,7.417730263356586695e-02,2.896048698900757223e-01,1.640588042819890902e+00,6.889924300507203891e-02,2.899476015334049306e-01,1.639371186885470566e+00
5.447999999999999687e+01,7.161405383806761227e-02,3.297228447975932841e-01,1.629055997868169348e+00,6.639613451325865334e-02,3.298689862216517832e-01,1.627896515291717749e+00
5.470000000000000284e+01,6.928213207016238606e-02,3.738811097372348180e-01,1.618526003763566479e+00,6.412555933881076975e-02,3.738101590445956912e-01,1.617418909217487988e+00
5.488000000000000256e+01,6.768443027778819898e-02,4.100257454971379389e-01,1.611699903928994537e+00,6.257498749508835778e-02,4.097766819796150317e-01,1.610626770078608994e+00
5.507999999999999829e+01,6.616916332119295030e-02,4.501971141673539178e-01,1.605531738820047849e+00,6.110951813693540208e-02,4.497497653631764014e-01,1.604489292358263652e+00
5.521999999999999886e+01,6.524438370958322853e-02,4.783218989205220706e-01,1.601877885556001413e+00,6.021825282601471485e-02,4.777355617245121477e-01,1.600853617468666279e+00
5.547999999999999687e+01,6.376907383760763159e-02,5.305610050379617748e-01,1.596412233321408802e+00,5.880278777979768695e-02,5.297162287193800667e-01,1.595415157533747186e+00
5.567999999999999972e+01,6.280901683203990449e-02,5.707495207687275363e-01,1.593075622879038145e+00,5.788703477057807051e-02,5.697057264910494467e-01,1.592095147143329115e+00
5.588000000000000256e+01,6.197133560825598964e-02,6.109407791682148758e-01,1.590301252113360153e+00,5.709244550949296032e-02,6.096978208346248707e-01,1.589334579217279941e+00
5.607999999999999829e+01,6.123334102607845553e-02,6.511339963908513440e-01,1.588094225746580213e+00,5.639655528100532417e-02,6.496917590803563680e-01,1.587138533081181135e+00
5.628000000000000114e+01,6.057568430721575747e-02,6.913286110089756908e-01,1.586278428855356415e+00,5.578020680940207199e-02,6.896870047975404150e-01,1.585331770005336205e+00
5.650000000000000000e+01,5.487143548632020251e-02,7.354165009749489279e-01,1.584681847779212838e+00,5.517699426941832103e-02,7.336828651781435173e-01,1.583743132118627051e+00
5.667999999999999972e+01,5.438937442257070487e-02,7.715932875809849989e-01,1.583598113551981434e+00,5.473102198920320322e-02,7.696801009506344382e-01,1.582664789603969169e+00
5.688000000000000256e+01,5.389496918242107915e-02,8.117902456451618898e-01,1.582629457012144636e+00,5.427630675734197718e-02,8.096775147507543346e-01,1.581700952250897796e+00
5.707999999999999829e+01,5.347320140587727422e-02,8.466414305441948285e-01,1.581831719269294778e+00,5.385669008162621840e-02,8.496753126632462516e-01,1.580907183352538103e+00
5.728000000000000114e+01,5.304299405799985795e-02,8.868391278189530214e-01,1.581188942739691905e+00,5.346553619722358569e-02,8.896733994211092345e-01,1.580267604716117713e+00
5.750000000000000000e+01,5.259665698467441003e-02,9.310568745844394201e-01,1.580611556173447063e+00,5.306189127101421099e-02,9.336715473098683438e-01,1.579693090719854975e+00
5.767999999999999972e+01,5.224863992301419929e-02,9.672352005330270286e-01,1.580231985416296947e+00,5.274863389581825601e-02,9.696701841513348796e-01,1.579315408374431629e+00
5.788000000000000256e+01,5.187660298035459000e-02,1.007433478757365553e+00,1.579883347544282612e+00,5.241507355094827958e-02,1.009668793145973797e+00,1.578968505019193280e+00
5.807999999999999829e+01,5.151727400628611231e-02,1.047631872650350848e+00,1.579595923804209434e+00,5.209409514129648144e-02,1.049667505149932900e+00,1.578682511247975429e+00
5.828000000000000114e+01,5.116837551406387685e-02,1.087830358475442960e+00,1.579363890450325103e+00,5.178344376460374682e-02,1.089666298739766725e+00,1.578451632288887296e+00
5.847999999999999687e+01,5.082791361978199890e-02,1.128028916669477244e+00,1.579174473265365863e+00,5.148114531029732849e-02,1.129665156360045497e+00,1.578263157477982848e+00
5.867999999999999972e+01,5.049434294892687219e-02,1.168227532658060008e+00,1.579019725185040190e+00,5.118566972994915976e-02,1.169664064983020557e+00,1.578109179288603503e+00
5.888000000000000256e+01,5.016640276687252958e-02,1.208426194987825442e+00,1.578893274719323170e+00,5.089576879245265306e-02,1.209663014411140436e+00,1.577983357929682473e+00
5.907999999999999829e+01,4.984307397737810369e-02,1.248624894681150677e+00,1.578788927078996318e+00,5.061043350893439097e-02,1.249661996677579268e+00,1.577879529431844619e+00
5.928000000000000114e+01,4.952354203533353844e-02,1.288823624739862561e+00,1.578703783455652099e+00,5.032885741306009769e-02,1.289661005589593845e+00,1.577794809408615162e+00
5.947999999999999687e+01,4.920710031359117054e-02,1.329022379247897456e+00,1.578634996967813509e+00,5.005034088622883903e-02,1.329660035926490513e+00,1.577726365142109621e+00
5.967999999999999972e+01,4.889317904998165265e-02,1.369221153520319145e+00,1.578578208939675376e+00,4.977431981750734397e-02,1.369659083564326085e+00,1.577669859641474215e+00
5.988000000000000256e+01,4.858130713233220488e-02,1.409419943745769066e+00,1.578532324491915162e+00,4.950032776747807090e-02,1.409658145154420117e+00,1.577624203474548903e+00
6.007999999999999829e+01,4.827110580187028710e-02,1.449618746899085764e+00,1.578494780035708756e+00,4.922798973416298712e-02,1.449657218041535689e+00,1.577586845806681071e+00
6.028000000000000114e+01,4.796227633570962490e-02,1.489817560616324643e+00,1.578463461853653715e+00,4.895700995763217767e-02,1.489656300153957114e+00,1.577555683436478340e+00
6.047999999999999687e+01,4.765458338877533173e-02,1.530016383049290329e+00,1.578438398063216175e+00,4.868715542709147609e-02,1.529655389874550631e+00,1.577530744341514746e+00
6.067999999999999972e+01,4.734780243238433106e-02,1.570215212452495512e+00,1.578417896979033674e+00,4.841820384111281822e-02,1.569654485676880373e+00,1.577510345252775670e+00
6.088000000000000256e+01,4.704176828139119276e-02,1.610414047547170657e+00,1.578401104276913491e+00,4.814999165313450097e-02,1.609653586443025919e+00,1.577493636096438001e+00
6.107999999999999829e+01,4.673634593363616002e-02,1.650612887294867104e+00,1.578387345228500660e+00,4.788238519934953641e-02,1.649652691267944560e+00,1.577479945501002012e+00
6.128000000000000114e+01,4.643142493572225554e-02,1.690811730849397510e+00,1.578376068475058958e+00,4.761527512314336907e-02,1.689651799409807253e+00,1.577468724850810800e+00
6.147999999999999687e+01,4.612691489927249477e-02,1.731010577519092930e+00,1.578366823367513661e+00,4.734857193164241501e-02,1.729650910267206410e+00,1.577459525738825086e+00
6.167999999999999972e+01,4.582274183624179820e-02,1.771209426738032722e+00,1.578359241492998555e+00,4.708220237106156003e-02,1.769650023349185863e+00,1.577451981585078711e+00
6.188000000000000256e+01,4.551884516627663357e-02,1.811408278048936005e+00,1.578353021602427964e+00,4.681610646272487547e-02,1.809649138251233191e+00,1.577445792639237121e+00
6.207999999999999829e+01,4.521517527762992927e-02,1.851607131075901913e+00,1.578347917310966686e+00,4.655023508438683316e-02,1.849648254649040258e+00,1.577440713742260137e+00
6.228000000000000114e+01,4.491169152476446463e-02,1.891805985513148380e+00,1.578343727059661861e+00,4.628454799684072335e-02,1.889647372265607528e+00,1.577436544337976754e+00
6.247999999999999687e+01,4.460836060291428762e-02,1.932004841096297110e+00,1.578340285921005615e+00,4.601901222543684777e-02,1.929646490890300381e+00,1.577433120319414073e+00
6.267999999999999972e+01,4.430515521381082206e-02,1.972203697626609298e+00,1.578337458908717572e+00,4.575360074042120889e-02,1.969645610344123554e+00,1.577430307371862739e+00
6.288000000000000256e+01,4.400205297239517116e-02,2.012402554929828558e+00,1.578335135514499221e+00,4.548829138000260591e-02,2.009644730464649864e+00,1.577427995536820449e+00
6.307999999999999829e+01,4.369903551960281629e-02,2.052601412862385288e+00,1.578333225245915017e+00,4.522306596704529780e-02,2.049643851157409546e+00,1.577426094772059084e+00
6.328000000000000114e+01,4.339608779595745258e-02,2.092800271315434113e+00,1.578331653981352334e+00,4.495790958882574934e-02,2.089642972305382873e+00,1.577424531324731261e+00
6.347999999999999687e+01,4.309319743436663269e-02,2.132999130220568418e+00,1.578330360991748726e+00,4.469281001233324502e-02,2.129642093800136582e+00,1.577423244767912180e+00
6.367999999999999972e+01,4.279035429208627450e-02,2.173197989461437274e+00,1.578329296506914892e+00,4.442775717820392906e-02,2.169641215636047615e+00,1.577422185579022917e+00
6.388000000000000256e+01,4.248755029861815691e-02,2.209396849017604136e+00,1.578328411281103127e+00,4.416274310419973648e-02,2.209640337711883173e+00,1.577421304757319565e+00
6.407999999999999829e+01,4.218477837603631236e-02,2.243595708823450163e+00,1.578327690418938500e+00,4.389776078855529146e-02,2.249639460027351934e+00,1.577420587481533465e+00
6.428000000000000114e+01,4.188203279313115757e-02,2.283794568813599213e+00,1.578327096072142943e+00,4.363280454658063912e-02,2.289638582493613406e+00,1.577419996091688148e+00
6.448000000000000398e+01,4.157930897857074759e-02,2.323993428967934260e+00,1.578326601242220795e+00,4.336786986608950900e-02,2.329637705052288954e+00,1.577419503723605620e+00
6.468000000000000682e+01,4.127660321893203421e-02,2.364192289206652031e+00,1.578326197244457108e+00,4.310295305507814284e-02,2.369636827813711211e+00,1.577419101735779705e+00
6.487999999999999545e+01,4.097391223280918288e-02,2.414391149451604157e+00,1.578325894292562648e+00,4.283805085390688522e-02,2.409635950623331357e+00,1.577418769907829921e+00
6.507999999999999829e+01,4.067123344446523653e-02,2.454590010182894577e+00,1.578325588153227654e+00,4.257316075485004236e-02,2.449635073550377573e+00,1.577418495674855814e+00
6.528000000000000114e+01,4.036856475254369664e-02,2.494788870755785037e+00,1.578325358161036140e+00,4.230828064575747893e-02,2.489634196585383208e+00,1.577418266826904114e+00
6.548000000000000398e+01,4.006590448470231935e-02,2.524987731395338830e+00,1.578325169879153611e+00,4.204340886396654847e-02,2.529633319603373121e+00,1.577418079481747615e+00
6.570000000000000284e+01,3.973298607546817823e-02,2.569206478117409542e+00,1.578324999749581181e+00,4.175205773343963755e-02,2.573632355051043596e+00,1.577417910198590123e+00
6.587999999999999545e+01,3.946060341516190867e-02,2.613385452627901007e+00,1.578324896726335691e+00,4.151368457777443455e-02,2.609631565712392742e+00,1.577417795900642128e+00
6.607999999999999829e+01,3.915796045983755552e-02,2.655584313449272482e+00,1.578324777752290631e+00,4.124882994971128952e-02,2.649630688715502114e+00,1.577417689305764092e+00
6.628000000000000114e+01,3.885532142429662383e-02,2.695783174059256382e+00,1.578324688818699029e+00,4.098397923720482200e-02,2.689629811916200541e+00,1.577417600814627230e+00
6.648000000000000398e+01,3.855268567875927421e-02,2.735982035053083017e+00,1.578324614922446578e+00,4.071913174802986590e-02,2.729628935066811479e+00,1.577417527286018917e+00
6.670000000000000284e+01,3.821978945529615201e-02,2.780200782232865375e+00,1.578324547817631984e+00,4.042780256617648643e-02,2.773627970707789991e+00,1.577417460515059044e+00
6.687999999999999545e+01,3.794742179350621414e-02,2.806379757067440472e+00,1.578324507003224797e+00,4.018944434091088064e-02,2.809627181608033819e+00,1.577417415224458441e+00
6.707999999999999829e+01,3.764479296675413839e-02,2.846578618741666400e+00,1.578324459660008339e+00,3.992460363027269116e-02,2.849626305308226470e+00,1.577417372796031003e+00
6.728000000000000114e+01,3.734216558545840753e-02,2.886777480280163122e+00,1.578324424075371546e+00,3.965976443075988622e-02,2.889625428708715749e+00,1.577417337388433038e+00
6.748000000000000398e+01,3.703953963158929802e-02,2.936976341601313045e+00,1.578324394081606741e+00,3.939492653770880481e-02,2.929624551009550881e+00,1.577417307543891312e+00
6.770000000000000284e+01,3.670665217204840264e-02,2.981195089529958597e+00,1.578324366989933614e+00,3.910360616617716834e-02,2.973623586854158951e+00,1.577417280587003479e+00
6.787999999999999545e+01,3.643429058199856158e-02,3.009374064376959979e+00,1.578324350410806209e+00,3.886525397613854738e-02,3.009622797963201091e+00,1.577417262185094593e+00
6.807999999999999829e+01,3.613166723278024572e-02,3.047572926057784404e+00,1.578324331057335383e+00,3.860041876487528556e-02,3.049621919587803820e+00,1.577417244833175580e+00
6.828000000000000114e+01,3.582904467723230929e-02,3.087771787984404881e+00,1.578324316400012473e+00,3.833558424468636733e-02,3.089621041770475252e+00,1.577417230248775892e+00
6.848000000000000398e+01,3.552642280985034845e-02,3.127970649862245267e+00,1.578324303947046037e+00,3.807075019102184460e-02,3.129620167244785645e+00,1.577417217857763676e+00
6.868000000000000682e+01,3.522380126715629611e-02,3.168169511067411293e+00,1.578324293572619164e+00,3.780591668532122529e-02,3.169619290982141013e+00,1.577417207534950849e+00
6.887999999999999545e+01,3.492117960611769434e-02,3.208368370173469319e+00,1.578324284778598763e+00,3.754108371793717785e-02,3.209618417053436978e+00,1.577417198784679897e+00
6.907999999999999829e+01,3.461855902008133951e-02,3.248567233850610858e+00,1.578324277291602851e+00,3.727625092558017189e-02,3.249617538629752111e+00,1.577417191334934188e+00
6.928000000000000114e+01,3.431593862844858206e-02,3.288766095660000666e+00,1.578324271007179203e+00,3.701141833826311622e-02,3.289616659572978552e+00,1.577417185081777085e+00
6.948000000000000398e+01,3.401331830912174975e-02,3.328964955298032713e+00,1.578324265647794711e+00,3.674658647553401963e-02,3.329615779981577539e+00,1.577417179749055709e+00
6.968000000000000682e+01,3.371069792744143395e-02,3.369163819622642109e+00,1.578324260978370086e+00,3.648175365500200967e-02,3.369614901039497568e+00,1.577417175102862501e+00
6.987999999999999545e+01,3.340807765891746356e-02,3.409362679138039365e+00,1.578324256993271169e+00,3.621692216027488920e-02,3.409614020653950472e+00,1.577417171137591279e+00
7.007999999999999829e+01,3.310545765408914182e-02,3.449561537334696393e+00,1.578324253600673410e+00,3.595209094827780255e-02,3.449613144836372047e+00,1.577417167761871797e+00
7.028000000000000114e+01,3.280283877397688341e-02,3.489760410027912485e+00,1.578324250721825139e+00,3.568725827723003702e-02,3.489612280987692383e+00,1.577417164897345625e+00
7.048000000000000398e+01,3.250021836796157526e-02,3.529959277357886727e+00,1.578324248302840127e+00,3.542242646914353643e-02,3.529611398275153800e+00,1.577417162490395874e+00
7.068000000000000682e+01,3.219759818324711975e-02,3.570158134086745427e+00,1.578324246065079484e+00,3.515759560677176460e-02,3.569610522146458909e+00,1.577417160263768547e+00
7.087999999999999545e+01,3.189497928677428873e-02,3.610356989896027269e+00,1.578324243851734865e+00,3.489276568492838404e-02,3.609609632925523837e+00,1.577417158061435565e+00
7.107999999999999829e+01,3.159236076156321515e-02,3.650555840896746673e+00,1.578324242196739169e+00,3.462793282094207836e-02,3.649608765416048506e+00,1.577417156414673061e+00
7.128000000000000114e+01,3.128973987859716421e-02,3.690754701671167481e+00,1.578324241058289834e+00,3.436310219892355772e-02,3.689607859765184905e+00,1.577417155281888528e+00
7.148000000000000398e+01,3.098713225294629989e-02,3.730953555915174302e+00,1.578324240077653595e+00,3.409826862562704425e-02,3.729606986945463998e+00,1.577417154306131719e+00
7.170000000000000284e+01,3.065424258394585516e-02,3.775172282152989389e+00,1.578324240163029746e+00,3.380696092229212857e-02,3.773606049362900450e+00,1.577417154391082210e+00
7.190000000000000568e+01,3.035162718050810407e-02,3.805371047664358297e+00,1.578324240968035364e+00,3.354212726263030436e-02,3.813605092708157063e+00,1.577417155192082809e+00
7.207999999999999829e+01,3.007927021984839813e-02,3.841550036470656959e+00,1.578324242870087213e+00,3.330377892390329331e-02,3.849604303323355570e+00,1.577417157084671118e+00
7.229999999999999716e+01,2.974638948721300413e-02,3.885768782376756825e+00,1.578324244852500780e+00,3.301246599156040101e-02,3.893603328287629228e+00,1.577417159057221463e+00
7.248000000000000398e+01,2.947403185124050640e-02,3.931947751825718207e+00,1.578324248425739595e+00,3.277411763873510492e-02,3.929602539021046059e+00,1.577417162612682944e+00
7.268000000000000682e+01,2.941350760489280791e-02,3.939987522156533473e+00,1.596414249260366347e+00,3.272115151211580503e-02,3.937602363171032405e+00,1.595417163443157760e+00
7.287999999999999545e+01,2.941350760489280791e-02,3.939987522156533473e+00,1.656714249260366145e+00,3.272115151211580503e-02,3.937602363171032405e+00,1.655417163443158257e+00
7.307999999999999829e+01,2.941350760489280791e-02,3.939987522156533473e+00,1.717014249260364611e+00,3.272115151211580503e-02,3.937602363171032405e+00,1.715417163443158088e+00
7.328000000000000114e+01,2.941350760489280791e-02,3.939987522156533473e+00,1.777314249260366408e+00,3.272115151211580503e-02,3.937602363171032405e+00,1.775417163443158142e+00
7.348000000000000398e+01,2.941350760489280791e-02,3.939987522156533473e+00,1.837614249260365318e+00,3.272115151211580503e-02,3.937602363171032405e+00,1.835417163443158417e+00
7.368000000000000682e+01,2.941350760489280791e-02,3.939987522156533473e+00,1.897914249260365560e+00,3.272115151211580503e-02,3.937602363171032405e+00,1.895417163443158248e+00
7.387999999999999545e+01,2.941350760489280791e-02,3.939987522156533473e+00,1.958214249260365136e+00,3.272115151211580503e-02,3.937602363171032405e+00,1.955417163443158524e+00
7.407999999999999829e+01,2.941350760489280791e-02,3.939987522156533473e+00,2.018514249260366267e+00,3.272115151211580503e-02,3.937602363171032405e+00,2.015417163443157911e+00
7.428000000000000114e+01,2.941350760489280791e-02,3.939987522156533473e+00,2.078814249260365177e+00,3.272115151211580503e-02,3.937602363171032405e+00,2.075417163443155744e+00
7.448000000000000398e+01,2.941350760489280791e-02,3.939987522156533473e+00,2.139114249260364531e+00,3.272115151211580503e-02,3.937602363171032405e+00,2.135417163443153576e+00
7.468000000000000682e+01,2.941350760489280791e-02,3.939987522156533473e+00,2.199414249260364329e+00,3.272115151211580503e-02,3.937602363171032405e+00,2.195417163443151409e+00
7.487999999999999545e+01,2.941350760489280791e-02,3.939987522156533473e+00,2.259714249260364127e+00,3.272115151211580503e-02,3.937602363171032405e+00,2.255417163443149242e+00
7.507999999999999829e+01,2.941350760489280791e-02,3.939987522156533473e+00,2.320014249260363925e+00,3.272115151211580503e-02,3.937602363171032405e+00,2.315417163443147075e+00
7.528000000000000114e+01,2.941350760489280791e-02,3.939987522156533473e+00,2.380314249260363724e+00,3.272115151211580503e-02,3.937602363171032405e+00,2.375417163443144908e+00
7.548000000000000398e+01,2.941350760489280791e-02,3.939987522156533473e+00,2.440614249260363522e+00,3.272115151211580503e-02,3.937602363171032405e+00,2.435417163443142741e+00
7.568000000000000682e+01,2.941350760489280791e-02,3.939987522156533473e+00,2.500914249260363320e+00,3.272115151211580503e-02,3.937602363171032405e+00,2.495417163443140574e+00
7.587999999999999545e+01,2.941350760489280791e-02,3.939987522156533473e+00,2.561214249260363118e+00,3.272115151211580503e-02,3.937602363171032405e+00,2.555417163443138406e+00
7.607999999999999829e+01,2.941350760489280791e-02,3.939987522156533473e+00,2.621514249260363361e+00,3.272115151211580503e-02,3.937602363171032405e+00,2.615417163443136239e+00
7.628000000000000114e+01,2.941350760489280791e-02,3.939987522156533473e+00,2.681814249260362715e+00,3.272115151211580503e-02,3.937602363171032405e+00,2.675417163443134072e+00
7.648000000000000398e+01,2.941350760489280791e-02,3.939987522156533473e+00,2.742114249260362513e+00,3.272115151211580503e-02,3.937602363171032405e+00,2.735417163443131905e+00
7.668000000000000682e+01,2.941350760489280791e-02,3.939987522156533473e+00,2.802414249260362311e+00,3.272115151211580503e-02,3.937602363171032405e+00,2.795417163443129738e+00
7.690000000000000568e+01,2.941350760489280791e-02,3.939987522156533473e+00,2.868744249260362089e+00,3.272115151211580503e-02,3.937602363171032405e+00,2.861417163443127354e+00
7.709999999999999432e+01,2.941350760489280791e-02,3.939987522156533473e+00,2.929044249260361887e+00,3.272115151211580503e-02,3.937602363171032405e+00,2.921417163443125187e+00
7.728000000000000114e+01,2.941350760489280791e-02,3.939987522156533473e+00,2.983314249260361706e+00,3.272115151211580503e-02,3.937602363171032405e+00,2.975417163443123236e+00
7.748000000000000398e+01,2.941350760489280791e-02,3.939987522156533473e+00,3.043614249260361504e+00,3.272115151211580503e-02,3.937602363171032405e+00,3.035417163443121069e+00
7.768000000000000682e+01,2.941350760489280791e-02,3.939987522156533473e+00,3.103914249260361302e+00,3.272115151211580503e-02,3.937602363171032405e+00,3.095417163443118902e+00
7.787999999999999545e+01,2.941350760489280791e-02,3.939987522156533473e+00,-3.118971057919225576e+00,3.272115151211580503e-02,3.937602363171032405e+00,-3.127768143736469941e+00
7.807999999999999829e+01,2.941350760489280791e-02,3.939987522156533473e+00,-3.058671057919225778e+00,3.272115151211580503e-02,3.937602363171032405e+00,-3.067768143736472108e+00
7.828000000000000114e+01,2.941350760489280791e-02,3.939987522156533473e+00,-2.998371057919225979e+00,3.272115151211580503e-02,3.937602363171032405e+00,-3.007768143736474276e+00
7.848000000000000398e+01,2.941350760489280791e-02,3.939987522156533473e+00,-2.938071057919226181e+00,3.272115151211580503e-02,3.937602363171032405e+00,-2.947768143736476443e+00
7.868000000000000682e+01,2.941350760489280791e-02,3.939987522156533473e+00,-2.877771057919226383e+00,3.272115151211580503e-02,3.937602363171032405e+00,-2.887768143736478610e+00
7.887999999999999545e+01,2.941350760489280791e-02,3.939987522156533473e+00,-2.817471057919226585e+00,3.272115151211580503e-02,3.937602363171032405e+00,-2.827768143736480777e+00
7.907999999999999829e+01,2.941350760489280791e-02,3.939987522156533473e+00,-2.757171057919226786e+00,3.272115151211580503e-02,3.937602363171032405e+00,-2.767768143736482944e+00
7.928000000000000114e+01,2.941350760489280791e-02,3.939987522156533473e+00,-2.696871057919226988e+00,3.272115151211580503e-02,3.937602363171032405e+00,-2.707768143736485111e+00
7.948000000000000398e+01,2.941350760489280791e-02,3.939987522156533473e+00,-2.636571057919227190e+00,3.272115151211580503e-02,3.937602363171032405e+00,-2.647768143736487279e+00
7.968000000000000682e+01,2.941350760489280791e-02,3.939987522156533473e+00,-2.576271057919227392e+00,3.272115151211580503e-02,3.937602363171032405e+00,-2.587768143736489446e+00
7.990000000000000568e+01,2.941350760489280791e-02,3.939987522156533473e+00,-2.509941057919227614e+00,3.272115151211580503e-02,3.937602363171032405e+00,-2.521768143736491830e+00
8.007999999999999829e+01,2.941350760489280791e-02,3.939987522156533473e+00,-2.455671057919227795e+00,3.272115151211580503e-02,3.937602363171032405e+00,-2.467768143736493780e+00
8.028000000000000114e+01,2.941350760489280791e-02,3.939987522156533473e+00,-2.395371057919227997e+00,3.272115151211580503e-02,3.937602363171032405e+00,-2.407768143736495947e+00
8.048000000000000398e+01,2.941350760489280791e-02,3.939987522156533473e+00,-2.335071057919228199e+00,3.272115151211580503e-02,3.937602363171032405e+00,-2.347768143736498114e+00
8.068000000000000682e+01,2.941350760489280791e-02,3.939987522156533473e+00,-2.274771057919228401e+00,3.272115151211580503e-02,3.937602363171032405e+00,-2.287768143736500281e+00
8.087999999999999545e+01,2.941350760489280791e-02,3.939987522156533473e+00,-2.214471057919228603e+00,3.272115151211580503e-02,3.937602363171032405e+00,-2.227768143736502449e+00
8.107999999999999829e+01,2.941350760489280791e-02,3.939987522156533473e+00,-2.154171057919228804e+00,3.272115151211580503e-02,3.937602363171032405e+00,-2.167768143736504616e+00
8.128000000000000114e+01,2.941350760489280791e-02,3.939987522156533473e+00,-2.093871057919229006e+00,3.272115151211580503e-02,3.937602363171032405e+00,-2.107768143736506783e+00
8.148000000000000398e+01,2.941350760489280791e-02,3.939987522156533473e+00,-2.033571057919229208e+00,3.272115151211580503e-02,3.937602363171032405e+00,-2.047768143736508950e+00
8.168000000000000682e+01,2.941350760489280791e-02,3.939987522156533473e+00,-1.973271057919230076e+00,3.272115151211580503e-02,3.937602363171032405e+00,-1.987768143736510229e+00
8.187999999999999545e+01,2.941350760489280791e-02,3.939987522156533473e+00,-1.912971057919229168e+00,3.272115151211580503e-02,3.937602363171032405e+00,-1.927768143736510398e+00
8.207999999999999829e+01,2.941350760489280791e-02,3.939987522156533473e+00,-1.852753528283459517e+00,3.272115151211580503e-02,3.937602363171032405e+00,-1.867850203800420994e+00
8.228000000000000114e+01,2.941350760489280791e-02,3.939987522156533473e+00,-1.799222986863493023e+00,3.272115151211580503e-02,3.937602363171032405e+00,-1.814585983482046805e+00
8.248000000000000398e+01,2.712215007813384773e-02,3.928147267843855595e+00,-1.756107126068342961e+00,3.025829544455364145e-02,3.925857887267267810e+00,-1.771684629457022098e+00
8.268000000000000682e+01,2.043217300908146614e-02,3.888509898480390969e+00,-1.721231874626049541e+00,2.298450815718599410e-02,3.886526829762739332e+00,-1.736982886728371644e+00
8.287999999999999545e+01,1.499380302447434442e-02,3.848680813032436809e+00,-1.692850302432052478e+00,1.694676443721774770e-02,3.846986474410436507e+00,-1.708742516386085653e+00
8.307999999999999829e+01,1.058588053999715527e-02,3.808724125943248939e+00,-1.669506342881892369e+00,1.192710540158006816e-02,3.807303592757414368e+00,-1.685514695938164387e+00
8.328000000000000114e+01,7.014137792458648331e-03,3.768683704055135752e+00,-1.650737378582723958e+00,7.733894259262377030e-03,3.767524570079392010e+00,-1.666839109570833033e+00
8.348000000000000398e+01,4.121955109060897529e-03,3.728588268768346037e+00,-1.635452664817482971e+00,4.212534444831918246e-03,3.727680256861862329e+00,-1.651630439157657282e+00
8.368000000000000682e+01,-5.106891719222031445e-03,3.688176142336574870e+00,-1.636963581489127684e+00,1.239102614511621014e-03,3.687791181691433717e+00,-1.639243291567255234e+00
8.387999999999999545e+01,-7.553710525538548382e-03,3.648050847590464052e+00,-1.626822721848673714e+00,-1.287600919558752567e-03,3.647871233763693155e+00,-1.629152883964812393e+00
8.407999999999999829e+01,-9.632667838278534400e-03,3.607904754661348079e+00,-1.618561004545228998e+00,-3.450143065339540769e-03,3.607929846289518849e+00,-1.620932269732529463e+00
8.428000000000000114e+01,-1.141177837906619946e-02,3.567744218249427668e+00,-1.611829299797715054e+00,-5.315849270120199740e-03,3.567973455315392339e+00,-1.614234056053412081e+00
8.448000000000000398e+01,-1.294648045872445752e-02,3.527573574101114051e+00,-1.606343498101432621e+00,-6.939597630991233695e-03,3.528006475409602771e+00,-1.608775546902881715e+00
8.468000000000000682e+01,-1.428195267428800097e-02,3.487395796270333470e+00,-1.601872374074013505e+00,-8.366111330575458360e-03,3.488031953159673293e+00,-1.604326667273608953e+00
8.487999999999999545e+01,-1.545500932349663098e-02,3.447212937292804202e+00,-1.598227720631042681e+00,-9.631834342593265097e-03,3.448052005711293777e+00,-1.600700146434832050e+00
8.507999999999999829e+01,-1.649564839702570562e-02,3.407026423565641338e+00,-1.595256327678027164e+00,-1.076646343191847190e-02,3.408068115762273642e+00,-1.597743536531336384e+00
8.528000000000000114e+01,-1.742831437825483748e-02,3.366837254048991035e+00,-1.592833459662001738e+00,-1.179419798358259490e-02,3.368081330576137677e+00,-1.595332722585041552e+00
8.548000000000000398e+01,-1.827292763563422712e-02,3.326646134326598503e+00,-1.590857551295939087e+00,-1.273475887490513152e-02,3.328092396711213041e+00,-1.593366644608859461e+00
8.568000000000000682e+01,-1.904572316331773485e-02,3.286453567370503759e+00,-1.589245893468051118e+00,-1.360421868131734928e-02,3.288101851603937309e+00,-1.591763004979119378e+00
8.587999999999999545e+01,-1.975993379217190482e-02,3.246259915244669614e+00,-1.587931124115258719e+00,-1.441567796072269585e-02,3.248110086120842510e+00,-1.590454776767385559e+00
8.607999999999999829e+01,-2.042634662730506701e-02,3.206065441252484494e+00,-1.586858373560454449e+00,-1.517981606714501400e-02,3.208117387517499086e+00,-1.589387363280019949e+00
8.628000000000000114e+01,-2.105375620549999882e-02,3.165870338884396507e+00,-1.585982942008129726e+00,-1.590533974001153567e-02,3.168123969126564354e+00,-1.588516287108551861e+00
8.648000000000000398e+01,-2.164933353916029257e-02,3.125674751824049746e+00,-1.585268409793873179e+00,-1.659934843589243314e-02,3.128129991020202283e+00,-1.587805309780933039e+00
8.668000000000000682e+01,-2.221892666895539103e-02,3.085478787872301343e+00,-1.584685099587256785e+00,-1.726763186340584538e-02,3.088135574503663161e+00,-1.587224901615146733e+00
8.685999999999999943e+01,-2.271330166451365762e-02,3.049302165960520838e+00,-1.584252192503371681e+00,-1.785101005261988810e-02,3.052140301899084918e+00,-1.586794148297848261e+00
8.707999999999999829e+01,-2.261793682678412548e-02,3.005078441488606256e+00,-1.586611871237050497e+00,-1.854504206217513773e-02,3.008145776219816270e+00,-1.586363977883597176e+00
8.728000000000000114e+01,-2.310506932217719356e-02,2.964878307174476646e+00,-1.586992167248213237e+00,-1.916116413575878405e-02,2.968150521747439097e+00,-1.586047854511619892e+00
8.748000000000000398e+01,-2.375067650619153842e-02,2.924683491810744496e+00,-1.586730096894781950e+00,-1.976581834131885609e-02,2.928155092205483534e+00,-1.585787087990792710e+00
8.768000000000000682e+01,-2.438677124761104431e-02,2.884488524744286408e+00,-1.586518394248170427e+00,-2.036105438254636607e-02,2.888159521348546921e+00,-1.585576438591178361e+00
8.787999999999999545e+01,-2.501516691120171665e-02,2.844293436550884291e+00,-1.586345464546832895e+00,-2.094866765352410704e-02,2.848163837747576643e+00,-1.585404369236613320e+00
8.807999999999999829e+01,-2.563726975257976659e-02,2.814098250453851424e+00,-1.586204094755260252e+00,-2.153005047321262383e-02,2.808168063078497756e+00,-1.585263702777337080e+00
8.828000000000000114e+01,-2.625422765015424098e-02,2.773902985046806879e+00,-1.586088499253100803e+00,-2.210633934362857961e-02,2.768172214676762888e+00,-1.585148682377178542e+00
8.848000000000000398e+01,-2.686697814415271723e-02,2.733707655273142301e+00,-1.585993957152667777e+00,-2.267846251300490237e-02,2.728176306461932210e+00,-1.585054610635452610e+00
8.868000000000000682e+01,-2.747628712855735428e-02,2.683512273178311425e+00,-1.585916615663317319e+00,-2.324717828434248387e-02,2.688180349646435818e+00,-1.584977653929631636e+00
8.887999999999999545e+01,-2.808278040141368864e-02,2.643316848496543248e+00,-1.585853329917187082e+00,-2.381310625305551806e-02,2.648184353284038117e+00,-1.584914683037959016e+00
8.907999999999999829e+01,-2.868696939595631601e-02,2.611121389109469781e+00,-1.585801532437586481e+00,-2.437675278329021547e-02,2.608188324703018424e+00,-1.584863143257261964e+00
8.928000000000000114e+01,-2.928927216948280787e-02,2.572925901413432914e+00,-1.585759126749621162e+00,-2.493853178875874918e-02,2.568192269847064502e+00,-1.584820948542869701e+00
8.948000000000000398e+01,-2.989002718612588511e-02,2.532730390553332267e+00,-1.585724068344837479e+00,-2.549877837879227852e-02,2.528196193495314326e+00,-1.584786064558011187e+00
8.968000000000000682e+01,-3.097859425859799537e-02,2.487261613883183120e+00,-1.583950675498776661e+00,-2.605776353833255329e-02,2.488200099493012463e+00,-1.584757812969892488e+00
8.987999999999999545e+01,-3.150689927138737578e-02,2.447065085503061788e+00,-1.583927424643377435e+00,-2.661572510258491953e-02,2.448203991196921780e+00,-1.584734677790389679e+00
9.007999999999999829e+01,-3.169414936215814854e-02,2.406864352254820982e+00,-1.585304368156005062e+00,-2.717284791425387397e-02,2.408207871207506123e+00,-1.584715716111412043e+00
9.028000000000000114e+01,-3.220601307402233549e-02,2.366667017243972548e+00,-1.585637744617595102e+00,-2.772928317922024322e-02,2.368211741647863633e+00,-1.584700170302049349e+00
9.048000000000000398e+01,-3.280234919075216554e-02,2.326471440581982186e+00,-1.585624931553752726e+00,-2.828515466955777366e-02,2.328215604250675419e+00,-1.584687420984792761e+00
9.068000000000000682e+01,-3.378840073485860768e-02,2.286281308765838904e+00,-1.583869523426749915e+00,-2.884056741525567458e-02,2.288219460480671597e+00,-1.584677064639518074e+00
9.087999999999999545e+01,-3.431374811970994143e-02,2.246084741622687897e+00,-1.583860876544842977e+00,-2.939560073899594519e-02,2.248223311442347327e+00,-1.584668460776923693e+00
9.107999999999999829e+01,-3.483508058303978749e-02,2.209909764000512755e+00,-1.583853777824015152e+00,-2.995032188392541747e-02,2.208227158074322016e+00,-1.584661397373116065e+00
9.128000000000000114e+01,-3.535892885339800285e-02,2.170718587766859553e+00,-1.583847948038990650e+00,-3.050478670068484249e-02,2.168231001154109716e+00,-1.584655596591997950e+00
9.148000000000000398e+01,-3.588348936556116919e-02,2.130522010343427919e+00,-1.583843158554243180e+00,-3.105904097105202308e-02,2.128234841314446069e+00,-1.584650830935533383e+00
9.168000000000000682e+01,-3.397275025765944534e-02,2.085094490703609083e+00,-1.583839222191128382e+00,-3.161312223265325128e-02,2.088238679076552806e+00,-1.584646914156315978e+00
9.187999999999999545e+01,-3.449699237974089561e-02,2.044897909126010660e+00,-1.583835985671257385e+00,-3.216706127613917776e-02,2.048242514869322406e+00,-1.584643693738533976e+00
9.207999999999999829e+01,-3.912721047105550271e-02,2.004753683388140306e+00,-1.583833297611687341e+00,-3.272088255104246141e-02,2.008246349025748501e+00,-1.584641019052394517e+00
9.228000000000000114e+01,-4.067775939700982168e-02,1.964570188331358436e+00,-1.583831090748943682e+00,-3.327460682224377131e-02,1.968250181844240831e+00,-1.584638823169068012e+00
9.250000000000000000e+01,-4.125409479042063676e-02,1.920353944294623583e+00,-1.583829114389346371e+00,-3.388361211872346901e-02,1.924254396683614754e+00,-1.584636856642105629e+00
9.268000000000000682e+01,-4.172558255742893352e-02,1.884177016588153952e+00,-1.583827760595539758e+00,-3.438183039491807258e-02,1.888257844381917794e+00,-1.584635509583591118e+00
9.290000000000000568e+01,-3.743628357205779772e-02,1.839895260431868573e+00,-1.583826430432406562e+00,-3.499070488311657734e-02,1.844262057402869193e+00,-1.584634186038185621e+00
9.307999999999999829e+01,-3.790768250576130594e-02,1.803718331559152510e+00,-1.583825528119100934e+00,-3.548883521091265869e-02,1.808265503873150548e+00,-1.584633288214001068e+00
9.328000000000000114e+01,-3.840158975878342484e-02,1.768384365015122750e+00,-1.583824704303643083e+00,-3.604227893207744698e-02,1.768269332809601080e+00,-1.584632468497126911e+00
9.348000000000000398e+01,-3.892530174454932740e-02,1.728187776529463981e+00,-1.583824032843027529e+00,-3.659569310939379122e-02,1.728273161365480259e+00,-1.584631800377111821e+00
9.368000000000000682e+01,-3.944898916631986441e-02,1.687991187733425269e+00,-1.583823478260130146e+00,-3.714908297062009812e-02,1.688276989516368953e+00,-1.584631248553333149e+00
9.387999999999999545e+01,-3.997265626355407664e-02,1.647794598663755217e+00,-1.583823015730399186e+00,-3.770245269759202322e-02,1.648280817456523994e+00,-1.584630788324744799e+00
9.407999999999999829e+01,-4.049630618118676972e-02,1.607598009323885302e+00,-1.583822626389981725e+00,-3.825580541506650584e-02,1.608284645171634830e+00,-1.584630400921345661e+00
9.428000000000000114e+01,-4.104347156284444964e-02,1.562376951089114341e+00,-1.583822315579050732e+00,-3.880914433118724111e-02,1.568288472691782953e+00,-1.584630091656738848e+00
9.448000000000000398e+01,-4.156709612734198200e-02,1.522180361493152168e+00,-1.583822055855364397e+00,-3.936247194935637433e-02,1.528292299953247779e+00,-1.584629833225208895e+00
9.468000000000000682e+01,-4.209071117881797719e-02,1.481983771859843202e+00,-1.583821842888721410e+00,-3.991579017653455047e-02,1.488296127228180055e+00,-1.584629621318101700e+00
9.487999999999999545e+01,-4.261431846477933827e-02,1.441787182111950338e+00,-1.583821666328230071e+00,-4.046910068263010612e-02,1.448299954167873160e+00,-1.584629445636019485e+00
9.507999999999999829e+01,-4.313791926725887849e-02,1.401590592363030074e+00,-1.583821519748379369e+00,-4.102240475575342354e-02,1.408303781270538346e+00,-1.584629299785421663e+00
9.528000000000000114e+01,-4.364157485801883896e-02,1.363855575894338701e+00,-1.583821396831060602e+00,-4.157570348674514971e-02,1.368307608422389077e+00,-1.584629177479632167e+00
9.548000000000000398e+01,-4.416018085691111872e-02,1.324274378904493510e+00,-1.583821295746965063e+00,-4.212899776753369074e-02,1.328311435259893258e+00,-1.584629076898442790e+00
9.568000000000000682e+01,-4.468376805158488785e-02,1.284077788566242884e+00,-1.583821211587010502e+00,-4.268228839346505793e-02,1.288315262119360760e+00,-1.584628993157195298e+00
9.590000000000000568e+01,-4.525971040993498340e-02,1.239861539396481360e+00,-1.583821134986224566e+00,-4.329090457291956406e-02,1.244319471459467863e+00,-1.584628916937507626e+00
9.607999999999999829e+01,-4.573093373038104176e-02,1.203684608300482628e+00,-1.583821082899031563e+00,-4.378886096336598310e-02,1.208322916086490562e+00,-1.584628865109455775e+00
9.628000000000000114e+01,-4.625451308969155684e-02,1.163488017769642724e+00,-1.583821033990021832e+00,-4.434214389880791751e-02,1.168326743026906644e+00,-1.584628816443774735e+00
9.648000000000000398e+01,-4.677809061027203563e-02,1.123291427736732073e+00,-1.583820993072862171e+00,-4.489542497691655781e-02,1.128330569803158490e+00,-1.584628775730183126e+00
9.668000000000000682e+01,-4.730166671529896505e-02,1.083094837059348947e+00,-1.583820958792413025e+00,-4.544870459255793277e-02,1.088334396896491141e+00,-1.584628741620284220e+00
9.687999999999999545e+01,-4.782524144737496097e-02,1.042898247422229918e+00,-1.583820930025643170e+00,-4.600198295737425308e-02,1.048338223475866027e+00,-1.584628712996632549e+00
9.707999999999999829e+01,-4.834881517740959034e-02,1.002701657856708728e+00,-1.583820905853251748e+00,-4.655526021641973045e-02,1.008342050122556177e+00,-1.584628688944501151e+00
9.728000000000000114e+01,-4.871941886365232371e-02,9.689564915795862987e-01,-1.584984218303184811e+00,-4.710853668325545168e-02,9.683458761953132043e-01,-1.584628668687184438e+00
9.748000000000000398e+01,-4.928975263172173660e-02,9.287605379772776448e-01,-1.584984201123993408e+00,-4.766181233072559059e-02,9.283497019213754475e-01,-1.584628651593460225e+00
9.768000000000000682e+01,-4.986008559922205929e-02,8.885645822720332765e-01,-1.584984186614167401e+00,-4.821508735189070777e-02,8.883535277237585293e-01,-1.584628637155823583e+00
9.790000000000000568e+01,-5.048745177241169280e-02,8.443490302906602185e-01,-1.584984173180962630e+00,-4.882368953607654771e-02,8.443577374432543747e-01,-1.584628623789452240e+00
9.807999999999999829e+01,-5.100075062168165502e-02,8.081726688246662071e-01,-1.584984163782443112e+00,-4.932163588578099278e-02,8.083611794076580592e-01,-1.584628614437691541e+00
9.829999999999999716e+01,-4.866075507427437830e-02,7.638715059074008273e-01,-1.584984154030015358e+00,-4.993023715252005446e-02,7.643653880650905785e-01,-1.584628604733783863e+00
9.848000000000000398e+01,-4.917405320006047742e-02,7.276951448947324153e-01,-1.584984147216525141e+00,-5.042818329422574242e-02,7.283688321657235676e-01,-1.584628597954191864e+00
9.868000000000000682e+01,-4.974438438022688036e-02,6.874991911448080639e-01,-1.584984140615969261e+00,-5.098145586908139210e-02,6.883726617755363542e-01,-1.584628591386475049e+00
9.887999999999999545e+01,-5.031471560025663203e-02,6.473032376622690487e-01,-1.584984135065901301e+00,-5.153472912105288434e-02,6.483764911407787768e-01,-1.584628585864019890e+00
9.907999999999999829e+01,-5.088504567023108965e-02,6.071072838609855582e-01,-1.584984130219077914e+00,-5.208800200337020819e-02,6.083803148111243120e-01,-1.584628581041308992e+00
9.929999999999999716e+01,-5.151240991763851584e-02,5.628917324715866366e-01,-1.584984125596645921e+00,-5.269660097549568739e-02,5.643845217483919319e-01,-1.584628576441873715e+00
9.948000000000000398e+01,-5.202570641492415549e-02,5.267153765044623182e-01,-1.584984122171625653e+00,-5.319454581007707072e-02,5.283879688283019682e-01,-1.584628573033893373e+00
9.968000000000000682e+01,-5.259603653935242262e-02,4.865194204977562609e-01,-1.584984118888290272e+00,-5.374781808289446489e-02,4.883917989060135856e-01,-1.584628569766893813e+00
9.987999999999999545e+01,-5.316636634978755271e-02,4.463234618274086185e-01,-1.584984116112434283e+00,-5.430109068343406953e-02,4.483956336672365595e-01,-1.584628567004848554e+00
1.000999999999999943e+02,-5.379372902039902815e-02,4.021079215403802753e-01,-1.584984113493162372e+00,-5.490968916643495373e-02,4.043998415915637246e-01,-1.584628564398607553e+00
1.002800000000000011e+02,-5.430702655939420587e-02,3.659315648311123881e-01,-1.584984111390394412e+00,-5.540763505227925406e-02,3.684032796613863070e-01,-1.584628562306301225e+00
1.004800000000000040e+02,-5.487735496332963453e-02,3.257356140589223181e-01,-1.584984109393838603e+00,-5.596090757906802687e-02,3.284070954575378787e-01,-1.584628560319677915e+00
1.006800000000000068e+02,-5.544768494583542789e-02,2.855396537183492733e-01,-1.584984107484205706e+00,-5.651417848141514211e-02,2.884109326425405850e-01,-1.584628558419546307e+00
1.009000000000000057e+02,-5.935373020051894905e-02,2.412453584572073484e-01,-1.584984105517158737e+00,-5.712277653798251281e-02,2.444151654850353905e-01,-1.584628556462286175e+00
1.010799999999999983e+02,-5.986702836462564487e-02,2.050689975107663487e-01,-1.584984103536599909e+00,-5.762071883622015001e-02,2.084186034080802441e-01,-1.584628554491581021e+00
1.012800000000000011e+02,-5.758301085963366678e-02,1.649830394839612024e-01,-1.583820768818227087e+00,-5.817399126173361523e-02,1.684224219364768294e-01,-1.584628552591245798e+00
1.014800000000000040e+02,-5.768772740985266684e-02,1.569437298638125811e-01,-1.583820768660382239e+00,-5.828464367269169805e-02,1.604231881289277517e-01,-1.584628552434186100e+00
1.016800000000000068e+02,-5.768772740985268765e-02,1.569437298638125811e-01,-1.583820768660382239e+00,-5.828464367269169805e-02,1.604231881289277517e-01,-1.584628552434186100e+00
1.018799999999999955e+02,-5.768772740985269459e-02,1.569437298638125811e-01,-1.583820768660382239e+00,-5.828464367269169805e-02,1.604231881289277517e-01,-1.584628552434186100e+00
1.020799999999999983e+02,-5.768772740985269459e-02,1.569437298638125811e-01,-1.583820768660382239e+00,-5.828464367269169805e-02,1.604231881289277517e-01,-1.584628552434186100e+00
1.022800000000000011e+02,-5.768772740985269459e-02,1.569437298638125811e-01,-1.583820768660382239e+00,-5.828464367269169805e-02,1.604231881289277517e-01,-1.584628552434186100e+00
1.024800000000000040e+02,-5.768772740985269459e-02,1.569437298638125811e-01,-1.583820768660382239e+00,-5.828464367269169805e-02,1.604231881289277517e-01,-1.584628552434186100e+00
1.026800000000000068e+02,-5.768772740985269459e-02,1.569437298638125811e-01,-1.583820768660382239e+00,-5.828464367269169805e-02,1.604231881289277517e-01,-1.584628552434186100e+00
1.028799999999999955e+02,-5.768772740985269459e-02,1.569437298638125811e-01,-1.583820768660382239e+00,-5.828464367269169805e-02,1.604231881289277517e-01,-1.584628552434186100e+00
1.030799999999999983e+02,-5.768772740985269459e-02,1.569437298638125811e-01,-1.583820768660382239e+00,-5.828464367269169805e-02,1.604231881289277517e-01,-1.584628552434186100e+00
1.032800000000000011e+02,-5.768772740985269459e-02,1.569437298638125811e-01,-1.583820768660382239e+00,-5.828464367269169805e-02,1.604231881289277517e-01,-1.584628552434186100e+00
1.034800000000000040e+02,-5.768772740985269459e-02,1.569437298638125811e-01,-1.583820768660382239e+00,-5.828464367269169805e-02,1.604231881289277517e-01,-1.584628552434186100e+00
1.036800000000000068e+02,-5.768772740985269459e-02,1.569437298638125811e-01,-1.583820768660382239e+00,-5.828464367269169805e-02,1.604231881289277517e-01,-1.584628552434186100e+00
1.038799999999999955e+02,-5.768772740985269459e-02,1.569437298638125811e-01,-1.583820768660382239e+00,-5.828464367269169805e-02,1.604231881289277517e-01,-1.584628552434186100e+00
1.040799999999999983e+02,-5.768772740985269459e-02,1.569437298638125811e-01,-1.583820768660382239e+00,-5.828464367269169805e-02,1.604231881289277517e-01,-1.584628552434186100e+00
1.042800000000000011e+02,-5.768772740985269459e-02,1.569437298638125811e-01,-1.583820768660382239e+00,-5.828464367269169805e-02,1.604231881289277517e-01,-1.584628552434186100e+00
1.044800000000000040e+02,-5.768772740985269459e-02,1.569437298638125811e-01,-1.583820768660382239e+00,-5.828464367269169805e-02,1.604231881289277517e-01,-1.584628552434186100e+00
1.046800000000000068e+02,-5.768772740985269459e-02,1.569437298638125811e-01,-1.583820768660382239e+00,-5.828464367269169805e-02,1.604231881289277517e-01,-1.584628552434186100e+00
1.048799999999999955e+02,-5.768772740985269459e-02,1.569437298638125811e-01,-1.583820768660382239e+00,-5.828464367269169805e-02,1.604231881289277517e-01,-1.584628552434186100e+00
1.050799999999999983e+02,-5.768772740985269459e-02,1.569437298638125811e-01,-1.583820768660382239e+00,-5.828464367269169805e-02,1.604231881289277517e-01,-1.584628552434186100e+00
1.052800000000000011e+02,-5.768772740985269459e-02,1.569437298638125811e-01,-1.583820768660382239e+00,-5.828464367269169805e-02,1.604231881289277517e-01,-1.584628552434186100e+00
1.054800000000000040e+02,-5.768772740985269459e-02,1.569437298638125811e-01,-1.583820768660382239e+00,-5.828464367269169805e-02,1.604231881289277517e-01,-1.584628552434186100e+00
1.056800000000000068e+02,-5.768772740985269459e-02,1.569437298638125811e-01,-1.583820768660382239e+00,-5.828464367269169805e-02,1.604231881289277517e-01,-1.584628552434186100e+00
1.058799999999999955e+02,-5.768772740985269459e-02,1.569437298638125811e-01,-1.583820768660382239e+00,-5.828464367269169805e-02,1.604231881289277517e-01,-1.584628552434186100e+00
1.060799999999999983e+02,-5.768772740985269459e-02,1.569437298638125811e-01,-1.583820768660382239e+00,-5.828464367269169805e-02,1.604231881289277517e-01,-1.584628552434186100e+00
1.062800000000000011e+02,-5.768772740985269459e-02,1.569437298638125811e-01,-1.583820768660382239e+00,-5.828464367269169805e-02,1.604231881289277517e-01,-1.584628552434186100e+00
1.064800000000000040e+02,-5.768772740985269459e-02,1.569437298638125811e-01,-1.583820768660382239e+00,-5.828464367269169805e-02,1.604231881289277517e-01,-1.584628552434186100e+00
1.066800000000000068e+02,-5.768772740985269459e-02,1.569437298638125811e-01,-1.583820768660382239e+00,-5.828464367269169805e-02,1.604231881289277517e-01,-1.584628552434186100e+00
1.068799999999999955e+02,-5.768772740985269459e-02,1.569437298638125811e-01,-1.583820768660382239e+00,-5.828464367269169805e-02,1.604231881289277517e-01,-1.584628552434186100e+00
1.070799999999999983e+02,-5.768772740985269459e-02,1.569437298638125811e-01,-1.583820768660382239e+00,-5.828464367269169805e-02,1.604231881289277517e-01,-1.584628552434186100e+00
1.072800000000000011e+02,-5.768772740985269459e-02,1.569437298638125811e-01,-1.583820768660382239e+00,-5.828464367269169805e-02,1.604231881289277517e-01,-1.584628552434186100e+00
1.074800000000000040e+02,-5.768772740985269459e-02,1.569437298638125811e-01,-1.583820768660382239e+00,-5.828464367269169805e-02,1.604231881289277517e-01,-1.584628552434186100e+00
1.076800000000000068e+02,-5.768772740985269459e-02,1.569437298638125811e-01,-1.583820768660382239e+00,-5.828464367269169805e-02,1.604231881289277517e-01,-1.584628552434186100e+00
1.078799999999999955e+02,-5.768772740985269459e-02,1.569437298638125811e-01,-1.583820768660382239e+00,-5.828464367269169805e-02,1.604231881289277517e-01,-1.584628552434186100e+00
1.080799999999999983e+02,-5.768772740985269459e-02,1.569437298638125811e-01,-1.583820768660382239e+00,-5.828464367269169805e-02,1.604231881289277517e-01,-1.584628552434186100e+00
1.082800000000000011e+02,-5.768772740985269459e-02,1.569437298638125811e-01,-1.583820768660382239e+00,-5.828464367269169805e-02,1.604231881289277517e-01,-1.584628552434186100e+00
1.084800000000000040e+02,-5.768772740985269459e-02,1.569437298638125811e-01,-1.583820768660382239e+00,-5.828464367269169805e-02,1.604231881289277517e-01,-1.584628552434186100e+00
1.086800000000000068e+02,-5.768772740985269459e-02,1.569437298638125811e-01,-1.583820768660382239e+00,-5.828464367269169805e-02,1.604231881289277517e-01,-1.584628552434186100e+00
1.088799999999999955e+02,-5.768772740985269459e-02,1.569437298638125811e-01,-1.583820768660382239e+00,-5.828464367269169805e-02,1.604231881289277517e-01,-1.584628552434186100e+00
1.090799999999999983e+02,-5.768772740985269459e-02,1.569437298638125811e-01,-1.583820768660382239e+00,-5.828464367269169805e-02,1.604231881289277517e-01,-1.584628552434186100e+00
1.092800000000000011e+02,-5.768772740985269459e-02,1.569437298638125811e-01,-1.583820768660382239e+00,-5.828464367269169805e-02,1.604231881289277517e-01,-1.584628552434186100e+00
1.094800000000000040e+02,-5.768772740985269459e-02,1.569437298638125811e-01,-1.583820768660382239e+00,-5.828464367269169805e-02,1.604231881289277517e-01,-1.584628552434186100e+00
1.096800000000000068e+02,-5.768772740985269459e-02,1.569437298638125811e-01,-1.583820768660382239e+00,-5.828464367269169805e-02,1.604231881289277517e-01,-1.584628552434186100e+00
1.099000000000000057e+02,-5.768772740985269459e-02,1.569437298638125811e-01,-1.583820768660382239e+00,-5.828464367269169805e-02,1.604231881289277517e-01,-1.584628552434186100e+00
1.100799999999999983e+02,-5.768772740985269459e-02,1.569437298638125811e-01,-1.583820768660382239e+00,-5.828464367269169805e-02,1.604231881289277517e-01,-1.584628552434186100e+00
1.102800000000000011e+02,-5.768772740985269459e-02,1.569437298638125811e-01,-1.583820768660382239e+00,-5.828464367269169805e-02,1.604231881289277517e-01,-1.584628552434186100e+00
1.104800000000000040e+02,-5.768772740985269459e-02,1.569437298638125811e-01,-1.583820768660382239e+00,-5.828464367269169805e-02,1.604231881289277517e-01,-1.584628552434186100e+00
1.106800000000000068e+02,-5.768772740985269459e-02,1.569437298638125811e-01,-1.583820768660382239e+00,-5.828464367269169805e-02,1.604231881289277517e-01,-1.584628552434186100e+00
1.108799999999999955e+02,-5.768772740985269459e-02,1.569437298638125811e-01,-1.583820768660382239e+00,-5.828464367269169805e-02,1.604231881289277517e-01,-1.584628552434186100e+00
1.110999999999999943e+02,-5.768772740985269459e-02,1.569437298638125811e-01,-1.583820768660382239e+00,-5.828464367269169805e-02,1.604231881289277517e-01,-1.584628552434186100e+00
1.112800000000000011e+02,-5.768772740985269459e-02,1.569437298638125811e-01,-1.583820768660382239e+00,-5.828464367269169805e-02,1.604231881289277517e-01,-1.584628552434186100e+00
1.114800000000000040e+02,-5.768772740985269459e-02,1.569437298638125811e-01,-1.583820768660382239e+00,-5.828464367269169805e-02,1.604231881289277517e-01,-1.584628552434186100e+00
1.116800000000000068e+02,-5.768772740985269459e-02,1.569437298638125811e-01,-1.583820768660382239e+00,-5.828464367269169805e-02,1.604231881289277517e-01,-1.584628552434186100e+00
1.118799999999999955e+02,-5.768772740985269459e-02,1.569437298638125811e-01,-1.583820768660382239e+00,-5.828464367269169805e-02,1.604231881289277517e-01,-1.584628552434186100e+00
1.120799999999999983e+02,-5.768772740985269459e-02,1.569437298638125811e-01,-1.583820768660382239e+00,-5.828464367269169805e-02,1.604231881289277517e-01,-1.584628552434186100e+00
1.122999999999999972e+02,-5.768772740985269459e-02,1.569437298638125811e-01,-1.583820768660382239e+00,-5.828464367269169805e-02,1.604231881289277517e-01,-1.584628552434186100e+00
1.124800000000000040e+02,-5.768772740985269459e-02,1.569437298638125811e-01,-1.583820768660382239e+00,-5.828464367269169805e-02,1.604231881289277517e-01,-1.584628552434186100e+00
1.126800000000000068e+02,-5.768772740985269459e-02,1.569437298638125811e-01,-1.583820768660382239e+00,-5.828464367269169805e-02,1.604231881289277517e-01,-1.584628552434186100e+00
1.129000000000000057e+02,-5.768772740985269459e-02,1.569437298638125811e-01,-1.583820768660382239e+00,-5.828464367269169805e-02,1.604231881289277517e-01,-1.584628552434186100e+00
1.130799999999999983e+02,-5.768772740985269459e-02,1.569437298638125811e-01,-1.583820768660382239e+00,-5.828464367269169805e-02,1.604231881289277517e-01,-1.584628552434186100e+00
1.132800000000000011e+02,-5.768772740985269459e-02,1.569437298638125811e-01,-1.583820768660382239e+00,-5.828464367269169805e-02,1.604231881289277517e-01,-1.584628552434186100e+00
1.134800000000000040e+02,-5.768772740985269459e-02,1.569437298638125811e-01,-1.583820768660382239e+00,-5.828464367269169805e-02,1.604231881289277517e-01,-1.584628552434186100e+00
1.136800000000000068e+02,-5.768772740985269459e-02,1.569437298638125811e-01,-1.583820768660382239e+00,-5.828464367269169805e-02,1.604231881289277517e-01,-1.584628552434186100e+00
1.138799999999999955e+02,-5.768772740985269459e-02,1.569437298638125811e-01,-1.583820768660382239e+00,-5.828464367269169805e-02,1.604231881289277517e-01,-1.584628552434186100e+00
1.140799999999999983e+02,-5.768772740985269459e-02,1.569437298638125811e-01,-1.583820768660382239e+00,-5.828464367269169805e-02,1.604231881289277517e-01,-1.584628552434186100e+00
1.142999999999999972e+02,-5.768772740985269459e-02,1.569437298638125811e-01,-1.583820768660382239e+00,-5.828464367269169805e-02,1.604231881289277517e-01,-1.584628552434186100e+00
1.144800000000000040e+02,-5.768772740985269459e-02,1.569437298638125811e-01,-1.583820768660382239e+00,-5.828464367269169805e-02,1.604231881289277517e-01,-1.584628552434186100e+00
1.146800000000000068e+02,-5.768772740985269459e-02,1.569437298638125811e-01,-1.583820768660382239e+00,-5.828464367269169805e-02,1.604231881289277517e-01,-1.584628552434186100e+00
1.148799999999999955e+02,-5.768772740985269459e-02,1.569437298638125811e-01,-1.583820768660382239e+00,-5.828464367269169805e-02,1.604231881289277517e-01,-1.584628552434186100e+00
1.150799999999999983e+02,-5.768772740985269459e-02,1.569437298638125811e-01,-1.583820768660382239e+00,-5.828464367269169805e-02,1.604231881289277517e-01,-1.584628552434186100e+00
1.152800000000000011e+02,-5.768772740985269459e-02,1.569437298638125811e-01,-1.583820768660382239e+00,-5.828464367269169805e-02,1.604231881289277517e-01,-1.584628552434186100e+00
1.154800000000000040e+02,-5.768772740985269459e-02,1.569437298638125811e-01,-1.583820768660382239e+00,-5.828464367269169805e-02,1.604231881289277517e-01,-1.584628552434186100e+00
1.156800000000000068e+02,-5.768772740985269459e-02,1.569437298638125811e-01,-1.583820768660382239e+00,-5.828464367269169805e-02,1.604231881289277517e-01,-1.584628552434186100e+00
1.158799999999999955e+02,-5.768772740985269459e-02,1.569437298638125811e-01,-1.583820768660382239e+00,-5.828464367269169805e-02,1.604231881289277517e-01,-1.584628552434186100e+00
1.160799999999999983e+02,-5.768772740985269459e-02,1.569437298638125811e-01,-1.583820768660382239e+00,-5.828464367269169805e-02,1.604231881289277517e-01,-1.584628552434186100e+00
1.162800000000000011e+02,-5.768772740985269459e-02,1.569437298638125811e-01,-1.583820768660382239e+00,-5.828464367269169805e-02,1.604231881289277517e-01,-1.584628552434186100e+00
1.164800000000000040e+02,-5.768772740985269459e-02,1.569437298638125811e-01,-1.583820768660382239e+00,-5.828464367269169805e-02,1.604231881289277517e-01,-1.584628552434186100e+00
1.166800000000000068e+02,-5.768772740985269459e-02,1.569437298638125811e-01,-1.583820768660382239e+00,-5.828464367269169805e-02,1.604231881289277517e-01,-1.584628552434186100e+00
1.168799999999999955e+02,-5.768772740985269459e-02,1.569437298638125811e-01,-1.583820768660382239e+00,-5.828464367269169805e-02,1.604231881289277517e-01,-1.584628552434186100e+00
1.170799999999999983e+02,-5.768772740985269459e-02,1.569437298638125811e-01,-1.583820768660382239e+00,-5.828464367269169805e-02,1.604231881289277517e-01,-1.584628552434186100e+00
1.172800000000000011e+02,-5.768772740985269459e-02,1.569437298638125811e-01,-1.583820768660382239e+00,-5.828464367269169805e-02,1.604231881289277517e-01,-1.584628552434186100e+00
1.174800000000000040e+02,-5.768772740985269459e-02,1.569437298638125811e-01,-1.583820768660382239e+00,-5.828464367269169805e-02,1.604231881289277517e-01,-1.584628552434186100e+00
1.176800000000000068e+02,-5.768772740985269459e-02,1.569437298638125811e-01,-1.583820768660382239e+00,-5.828464367269169805e-02,1.604231881289277517e-01,-1.584628552434186100e+00
1.178799999999999955e+02,-5.768772740985269459e-02,1.569437298638125811e-01,-1.583820768660382239e+00,-5.828464367269169805e-02,1.604231881289277517e-01,-1.584628552434186100e+00
1.180999999999999943e+02,-5.768772740985269459e-02,1.569437298638125811e-01,-1.583820768660382239e+00,-5.828464367269169805e-02,1.604231881289277517e-01,-1.584628552434186100e+00
1.182800000000000011e+02,-5.768772740985269459e-02,1.569437298638125811e-01,-1.583820768660382239e+00,-5.828464367269169805e-02,1.604231881289277517e-01,-1.584628552434186100e+00
1.184800000000000040e+02,-5.768772740985269459e-02,1.569437298638125811e-01,-1.583820768660382239e+00,-5.828464367269169805e-02,1.604231881289277517e-01,-1.584628552434186100e+00
1.187000000000000028e+02,-5.768772740985269459e-02,1.569437298638125811e-01,-1.583820768660382239e+00,-5.828464367269169805e-02,1.604231881289277517e-01,-1.584628552434186100e+00
1.188799999999999955e+02,-5.768772740985269459e-02,1.569437298638125811e-01,-1.583820768660382239e+00,-5.828464367269169805e-02,1.604231881289277517e-01,-1.584628552434186100e+00
1.190799999999999983e+02,-5.768772740985269459e-02,1.569437298638125811e-01,-1.583820768660382239e+00,-5.828464367269169805e-02,1.604231881289277517e-01,-1.584628552434186100e+00
1.192800000000000011e+02,-5.768772740985269459e-02,1.569437298638125811e-01,-1.583820768660382239e+00,-5.828464367269169805e-02,1.604231881289277517e-01,-1.584628552434186100e+00
