# time,x,y,yaw
4.759999999999999787e+00,0.000000000000000000e+00,0.000000000000000000e+00,0.000000000000000000e+00
4.780000000000000249e+00,0.000000000000000000e+00,0.000000000000000000e+00,0.000000000000000000e+00
4.799999999999999822e+00,0.000000000000000000e+00,0.000000000000000000e+00,0.000000000000000000e+00
4.820000000000000284e+00,0.000000000000000000e+00,0.000000000000000000e+00,0.000000000000000000e+00
4.839999999999999858e+00,0.000000000000000000e+00,0.000000000000000000e+00,0.000000000000000000e+00
4.860000000000000320e+00,0.000000000000000000e+00,0.000000000000000000e+00,0.000000000000000000e+00
4.879999999999999893e+00,0.000000000000000000e+00,0.000000000000000000e+00,0.000000000000000000e+00
4.900000000000000355e+00,0.000000000000000000e+00,0.000000000000000000e+00,0.000000000000000000e+00
4.919999999999999929e+00,0.000000000000000000e+00,0.000000000000000000e+00,0.000000000000000000e+00
4.940000000000000391e+00,0.000000000000000000e+00,0.000000000000000000e+00,0.000000000000000000e+00
4.959999999999999964e+00,0.000000000000000000e+00,0.000000000000000000e+00,0.000000000000000000e+00
4.980000000000000426e+00,0.000000000000000000e+00,0.000000000000000000e+00,0.000000000000000000e+00
5.000000000000000000e+00,0.000000000000000000e+00,0.000000000000000000e+00,0.000000000000000000e+00
5.019999999999999574e+00,0.000000000000000000e+00,0.000000000000000000e+00,0.000000000000000000e+00
5.040000000000000036e+00,0.000000000000000000e+00,0.000000000000000000e+00,0.000000000000000000e+00
5.059999999999999609e+00,0.000000000000000000e+00,0.000000000000000000e+00,0.000000000000000000e+00
5.080000000000000071e+00,0.000000000000000000e+00,0.000000000000000000e+00,0.000000000000000000e+00
5.099999999999999645e+00,0.000000000000000000e+00,0.000000000000000000e+00,0.000000000000000000e+00
5.120000000000000107e+00,0.000000000000000000e+00,0.000000000000000000e+00,0.000000000000000000e+00
5.139999999999999680e+00,0.000000000000000000e+00,0.000000000000000000e+00,0.000000000000000000e+00
5.160000000000000142e+00,0.000000000000000000e+00,0.000000000000000000e+00,0.000000000000000000e+00
5.179999999999999716e+00,0.000000000000000000e+00,0.000000000000000000e+00,0.000000000000000000e+00
5.200000000000000178e+00,0.000000000000000000e+00,0.000000000000000000e+00,0.000000000000000000e+00
5.219999999999999751e+00,0.000000000000000000e+00,0.000000000000000000e+00,0.000000000000000000e+00
5.240000000000000213e+00,0.000000000000000000e+00,0.000000000000000000e+00,0.000000000000000000e+00
5.259999999999999787e+00,0.000000000000000000e+00,0.000000000000000000e+00,0.000000000000000000e+00
5.280000000000000249e+00,0.000000000000000000e+00,0.000000000000000000e+00,0.000000000000000000e+00
5.299999999999999822e+00,0.000000000000000000e+00,0.000000000000000000e+00,0.000000000000000000e+00
5.320000000000000284e+00,0.000000000000000000e+00,0.000000000000000000e+00,0.000000000000000000e+00
5.339999999999999858e+00,0.000000000000000000e+00,0.000000000000000000e+00,0.000000000000000000e+00
5.360000000000000320e+00,0.000000000000000000e+00,0.000000000000000000e+00,0.000000000000000000e+00
5.379999999999999893e+00,0.000000000000000000e+00,0.000000000000000000e+00,0.000000000000000000e+00
5.400000000000000355e+00,0.000000000000000000e+00,0.000000000000000000e+00,0.000000000000000000e+00
5.419999999999999929e+00,0.000000000000000000e+00,0.000000000000000000e+00,0.000000000000000000e+00
5.440000000000000391e+00,0.000000000000000000e+00,0.000000000000000000e+00,0.000000000000000000e+00
5.459999999999999964e+00,0.000000000000000000e+00,0.000000000000000000e+00,0.000000000000000000e+00
5.480000000000000426e+00,0.000000000000000000e+00,0.000000000000000000e+00,0.000000000000000000e+00
5.500000000000000000e+00,0.000000000000000000e+00,0.000000000000000000e+00,0.000000000000000000e+00
5.519999999999999574e+00,0.000000000000000000e+00,0.000000000000000000e+00,0.000000000000000000e+00
5.540000000000000036e+00,0.000000000000000000e+00,0.000000000000000000e+00,0.000000000000000000e+00
5.560000000000000497e+00,0.000000000000000000e+00,0.000000000000000000e+00,0.000000000000000000e+00
5.580000000000000071e+00,0.000000000000000000e+00,0.000000000000000000e+00,0.000000000000000000e+00
5.599999999999999645e+00,0.000000000000000000e+00,0.000000000000000000e+00,0.000000000000000000e+00
5.620000000000000107e+00,0.000000000000000000e+00,0.000000000000000000e+00,0.000000000000000000e+00
5.639999999999999680e+00,0.000000000000000000e+00,0.000000000000000000e+00,0.000000000000000000e+00
5.660000000000000142e+00,0.000000000000000000e+00,0.000000000000000000e+00,0.000000000000000000e+00
5.679999999999999716e+00,0.000000000000000000e+00,0.000000000000000000e+00,0.000000000000000000e+00
5.700000000000000178e+00,0.000000000000000000e+00,0.000000000000000000e+00,0.000000000000000000e+00
5.719999999999999751e+00,0.000000000000000000e+00,0.000000000000000000e+00,0.000000000000000000e+00
5.740000000000000213e+00,0.000000000000000000e+00,0.000000000000000000e+00,0.000000000000000000e+00
5.759999999999999787e+00,0.000000000000000000e+00,0.000000000000000000e+00,0.000000000000000000e+00
5.780000000000000249e+00,0.000000000000000000e+00,0.000000000000000000e+00,0.000000000000000000e+00
5.799999999999999822e+00,0.000000000000000000e+00,0.000000000000000000e+00,0.000000000000000000e+00
5.820000000000000284e+00,0.000000000000000000e+00,0.000000000000000000e+00,0.000000000000000000e+00
5.839999999999999858e+00,0.000000000000000000e+00,0.000000000000000000e+00,0.000000000000000000e+00
5.860000000000000320e+00,0.000000000000000000e+00,0.000000000000000000e+00,0.000000000000000000e+00
5.879999999999999893e+00,0.000000000000000000e+00,0.000000000000000000e+00,0.000000000000000000e+00
5.900000000000000355e+00,0.000000000000000000e+00,0.000000000000000000e+00,0.000000000000000000e+00
5.919999999999999929e+00,0.000000000000000000e+00,0.000000000000000000e+00,0.000000000000000000e+00
5.940000000000000391e+00,0.000000000000000000e+00,0.000000000000000000e+00,0.000000000000000000e+00
5.959999999999999964e+00,0.000000000000000000e+00,0.000000000000000000e+00,0.000000000000000000e+00
5.980000000000000426e+00,0.000000000000000000e+00,0.000000000000000000e+00,0.000000000000000000e+00
6.000000000000000000e+00,0.000000000000000000e+00,0.000000000000000000e+00,0.000000000000000000e+00
6.019999999999999574e+00,0.000000000000000000e+00,0.000000000000000000e+00,0.000000000000000000e+00
6.040000000000000036e+00,0.000000000000000000e+00,0.000000000000000000e+00,0.000000000000000000e+00
6.059999999999999609e+00,0.000000000000000000e+00,0.000000000000000000e+00,0.000000000000000000e+00
6.080000000000000071e+00,0.000000000000000000e+00,0.000000000000000000e+00,0.000000000000000000e+00
6.099999999999999645e+00,0.000000000000000000e+00,0.000000000000000000e+00,0.000000000000000000e+00
6.120000000000000107e+00,0.000000000000000000e+00,0.000000000000000000e+00,0.000000000000000000e+00
6.139999999999999680e+00,0.000000000000000000e+00,0.000000000000000000e+00,0.000000000000000000e+00
6.160000000000000142e+00,0.000000000000000000e+00,0.000000000000000000e+00,0.000000000000000000e+00
6.179999999999999716e+00,0.000000000000000000e+00,0.000000000000000000e+00,0.000000000000000000e+00
6.200000000000000178e+00,0.000000000000000000e+00,0.000000000000000000e+00,0.000000000000000000e+00
6.219999999999999751e+00,0.000000000000000000e+00,0.000000000000000000e+00,0.000000000000000000e+00
6.240000000000000213e+00,0.000000000000000000e+00,0.000000000000000000e+00,0.000000000000000000e+00
6.259999999999999787e+00,0.000000000000000000e+00,0.000000000000000000e+00,0.000000000000000000e+00
6.280000000000000249e+00,0.000000000000000000e+00,0.000000000000000000e+00,0.000000000000000000e+00
6.299999999999999822e+00,0.000000000000000000e+00,0.000000000000000000e+00,0.000000000000000000e+00
6.320000000000000284e+00,0.000000000000000000e+00,0.000000000000000000e+00,0.000000000000000000e+00
6.339999999999999858e+00,0.000000000000000000e+00,0.000000000000000000e+00,0.000000000000000000e+00
6.360000000000000320e+00,0.000000000000000000e+00,0.000000000000000000e+00,0.000000000000000000e+00
6.379999999999999893e+00,0.000000000000000000e+00,0.000000000000000000e+00,0.000000000000000000e+00
6.400000000000000355e+00,0.000000000000000000e+00,0.000000000000000000e+00,0.000000000000000000e+00
6.419999999999999929e+00,0.000000000000000000e+00,0.000000000000000000e+00,0.000000000000000000e+00
6.440000000000000391e+00,0.000000000000000000e+00,0.000000000000000000e+00,0.000000000000000000e+00
6.459999999999999964e+00,0.000000000000000000e+00,0.000000000000000000e+00,0.000000000000000000e+00
6.480000000000000426e+00,0.000000000000000000e+00,0.000000000000000000e+00,0.000000000000000000e+00
6.500000000000000000e+00,0.000000000000000000e+00,0.000000000000000000e+00,0.000000000000000000e+00
6.519999999999999574e+00,0.000000000000000000e+00,0.000000000000000000e+00,0.000000000000000000e+00
6.540000000000000036e+00,0.000000000000000000e+00,0.000000000000000000e+00,0.000000000000000000e+00
6.560000000000000497e+00,0.000000000000000000e+00,0.000000000000000000e+00,0.000000000000000000e+00
6.580000000000000071e+00,0.000000000000000000e+00,0.000000000000000000e+00,0.000000000000000000e+00
6.599999999999999645e+00,0.000000000000000000e+00,0.000000000000000000e+00,0.000000000000000000e+00
6.620000000000000107e+00,0.000000000000000000e+00,0.000000000000000000e+00,0.000000000000000000e+00
6.639999999999999680e+00,0.000000000000000000e+00,0.000000000000000000e+00,0.000000000000000000e+00
6.660000000000000142e+00,0.000000000000000000e+00,0.000000000000000000e+00,0.000000000000000000e+00
6.679999999999999716e+00,0.000000000000000000e+00,0.000000000000000000e+00,0.000000000000000000e+00
6.700000000000000178e+00,0.000000000000000000e+00,0.000000000000000000e+00,0.000000000000000000e+00
6.719999999999999751e+00,0.000000000000000000e+00,0.000000000000000000e+00,0.000000000000000000e+00
6.740000000000000213e+00,0.000000000000000000e+00,0.000000000000000000e+00,0.000000000000000000e+00
6.759999999999999787e+00,0.000000000000000000e+00,0.000000000000000000e+00,0.000000000000000000e+00
6.780000000000000249e+00,0.000000000000000000e+00,0.000000000000000000e+00,0.000000000000000000e+00
6.799999999999999822e+00,0.000000000000000000e+00,0.000000000000000000e+00,0.000000000000000000e+00
6.820000000000000284e+00,0.000000000000000000e+00,0.000000000000000000e+00,0.000000000000000000e+00
6.839999999999999858e+00,0.000000000000000000e+00,0.000000000000000000e+00,0.000000000000000000e+00
6.860000000000000320e+00,0.000000000000000000e+00,0.000000000000000000e+00,0.000000000000000000e+00
6.879999999999999893e+00,0.000000000000000000e+00,0.000000000000000000e+00,0.000000000000000000e+00
6.900000000000000355e+00,0.000000000000000000e+00,0.000000000000000000e+00,0.000000000000000000e+00
6.919999999999999929e+00,0.000000000000000000e+00,0.000000000000000000e+00,0.000000000000000000e+00
6.940000000000000391e+00,0.000000000000000000e+00,0.000000000000000000e+00,0.000000000000000000e+00
6.959999999999999964e+00,0.000000000000000000e+00,0.000000000000000000e+00,0.000000000000000000e+00
6.980000000000000426e+00,0.000000000000000000e+00,0.000000000000000000e+00,0.000000000000000000e+00
7.000000000000000000e+00,0.000000000000000000e+00,0.000000000000000000e+00,0.000000000000000000e+00
7.019999999999999574e+00,0.000000000000000000e+00,0.000000000000000000e+00,0.000000000000000000e+00
7.040000000000000036e+00,0.000000000000000000e+00,0.000000000000000000e+00,0.000000000000000000e+00
7.059999999999999609e+00,0.000000000000000000e+00,0.000000000000000000e+00,0.000000000000000000e+00
7.080000000000000071e+00,0.000000000000000000e+00,0.000000000000000000e+00,0.000000000000000000e+00
7.099999999999999645e+00,0.000000000000000000e+00,0.000000000000000000e+00,0.000000000000000000e+00
7.120000000000000107e+00,0.000000000000000000e+00,0.000000000000000000e+00,0.000000000000000000e+00
7.139999999999999680e+00,0.000000000000000000e+00,0.000000000000000000e+00,0.000000000000000000e+00
7.160000000000000142e+00,0.000000000000000000e+00,0.000000000000000000e+00,0.000000000000000000e+00
7.179999999999999716e+00,0.000000000000000000e+00,0.000000000000000000e+00,0.000000000000000000e+00
7.200000000000000178e+00,0.000000000000000000e+00,0.000000000000000000e+00,0.000000000000000000e+00
7.219999999999999751e+00,0.000000000000000000e+00,0.000000000000000000e+00,0.000000000000000000e+00
7.240000000000000213e+00,0.000000000000000000e+00,0.000000000000000000e+00,0.000000000000000000e+00
7.259999999999999787e+00,0.000000000000000000e+00,0.000000000000000000e+00,0.000000000000000000e+00
7.280000000000000249e+00,0.000000000000000000e+00,0.000000000000000000e+00,0.000000000000000000e+00
7.299999999999999822e+00,0.000000000000000000e+00,0.000000000000000000e+00,0.000000000000000000e+00
7.320000000000000284e+00,0.000000000000000000e+00,0.000000000000000000e+00,0.000000000000000000e+00
7.339999999999999858e+00,0.000000000000000000e+00,0.000000000000000000e+00,0.000000000000000000e+00
7.360000000000000320e+00,0.000000000000000000e+00,0.000000000000000000e+00,0.000000000000000000e+00
7.379999999999999893e+00,0.000000000000000000e+00,0.000000000000000000e+00,0.000000000000000000e+00
7.400000000000000355e+00,0.000000000000000000e+00,0.000000000000000000e+00,0.000000000000000000e+00
7.419999999999999929e+00,0.000000000000000000e+00,0.000000000000000000e+00,0.000000000000000000e+00
7.440000000000000391e+00,0.000000000000000000e+00,0.000000000000000000e+00,0.000000000000000000e+00
7.459999999999999964e+00,0.000000000000000000e+00,0.000000000000000000e+00,0.000000000000000000e+00
7.480000000000000426e+00,0.000000000000000000e+00,0.000000000000000000e+00,0.000000000000000000e+00
7.500000000000000000e+00,0.000000000000000000e+00,0.000000000000000000e+00,0.000000000000000000e+00
7.519999999999999574e+00,0.000000000000000000e+00,0.000000000000000000e+00,0.000000000000000000e+00
7.540000000000000036e+00,0.000000000000000000e+00,0.000000000000000000e+00,0.000000000000000000e+00
7.560000000000000497e+00,0.000000000000000000e+00,0.000000000000000000e+00,0.000000000000000000e+00
7.580000000000000071e+00,0.000000000000000000e+00,0.000000000000000000e+00,0.000000000000000000e+00
7.599999999999999645e+00,0.000000000000000000e+00,0.000000000000000000e+00,0.000000000000000000e+00
7.620000000000000107e+00,0.000000000000000000e+00,0.000000000000000000e+00,0.000000000000000000e+00
7.639999999999999680e+00,0.000000000000000000e+00,0.000000000000000000e+00,0.000000000000000000e+00
7.660000000000000142e+00,0.000000000000000000e+00,0.000000000000000000e+00,0.000000000000000000e+00
7.679999999999999716e+00,0.000000000000000000e+00,0.000000000000000000e+00,0.000000000000000000e+00
7.700000000000000178e+00,0.000000000000000000e+00,0.000000000000000000e+00,0.000000000000000000e+00
7.719999999999999751e+00,0.000000000000000000e+00,0.000000000000000000e+00,0.000000000000000000e+00
7.740000000000000213e+00,0.000000000000000000e+00,0.000000000000000000e+00,0.000000000000000000e+00
7.759999999999999787e+00,0.000000000000000000e+00,0.000000000000000000e+00,0.000000000000000000e+00
7.780000000000000249e+00,0.000000000000000000e+00,0.000000000000000000e+00,0.000000000000000000e+00
7.799999999999999822e+00,0.000000000000000000e+00,0.000000000000000000e+00,0.000000000000000000e+00
7.820000000000000284e+00,0.000000000000000000e+00,0.000000000000000000e+00,0.000000000000000000e+00
7.839999999999999858e+00,0.000000000000000000e+00,0.000000000000000000e+00,0.000000000000000000e+00
7.860000000000000320e+00,0.000000000000000000e+00,0.000000000000000000e+00,0.000000000000000000e+00
7.879999999999999893e+00,0.000000000000000000e+00,0.000000000000000000e+00,0.000000000000000000e+00
7.900000000000000355e+00,0.000000000000000000e+00,0.000000000000000000e+00,0.000000000000000000e+00
7.919999999999999929e+00,0.000000000000000000e+00,0.000000000000000000e+00,0.000000000000000000e+00
7.940000000000000391e+00,0.000000000000000000e+00,0.000000000000000000e+00,0.000000000000000000e+00
7.959999999999999964e+00,0.000000000000000000e+00,0.000000000000000000e+00,0.000000000000000000e+00
7.980000000000000426e+00,0.000000000000000000e+00,0.000000000000000000e+00,0.000000000000000000e+00
8.000000000000000000e+00,0.000000000000000000e+00,0.000000000000000000e+00,0.000000000000000000e+00
8.019999999999999574e+00,0.000000000000000000e+00,0.000000000000000000e+00,0.000000000000000000e+00
8.039999999999999147e+00,0.000000000000000000e+00,0.000000000000000000e+00,0.000000000000000000e+00
8.060000000000000497e+00,0.000000000000000000e+00,0.000000000000000000e+00,0.000000000000000000e+00
8.080000000000000071e+00,0.000000000000000000e+00,0.000000000000000000e+00,0.000000000000000000e+00
8.099999999999999645e+00,0.000000000000000000e+00,0.000000000000000000e+00,0.000000000000000000e+00
8.119999999999999218e+00,0.000000000000000000e+00,0.000000000000000000e+00,0.000000000000000000e+00
8.140000000000000568e+00,0.000000000000000000e+00,0.000000000000000000e+00,0.000000000000000000e+00
8.160000000000000142e+00,0.000000000000000000e+00,0.000000000000000000e+00,0.000000000000000000e+00
8.179999999999999716e+00,0.000000000000000000e+00,0.000000000000000000e+00,0.000000000000000000e+00
8.199999999999999289e+00,0.000000000000000000e+00,0.000000000000000000e+00,0.000000000000000000e+00
8.220000000000000639e+00,0.000000000000000000e+00,0.000000000000000000e+00,0.000000000000000000e+00
8.240000000000000213e+00,0.000000000000000000e+00,0.000000000000000000e+00,0.000000000000000000e+00
8.259999999999999787e+00,0.000000000000000000e+00,0.000000000000000000e+00,0.000000000000000000e+00
8.279999999999999361e+00,0.000000000000000000e+00,0.000000000000000000e+00,0.000000000000000000e+00
8.300000000000000711e+00,0.000000000000000000e+00,0.000000000000000000e+00,0.000000000000000000e+00
8.320000000000000284e+00,0.000000000000000000e+00,0.000000000000000000e+00,0.000000000000000000e+00
8.339999999999999858e+00,0.000000000000000000e+00,0.000000000000000000e+00,0.000000000000000000e+00
8.359999999999999432e+00,0.000000000000000000e+00,0.000000000000000000e+00,0.000000000000000000e+00
8.380000000000000782e+00,0.000000000000000000e+00,0.000000000000000000e+00,0.000000000000000000e+00
8.400000000000000355e+00,0.000000000000000000e+00,0.000000000000000000e+00,0.000000000000000000e+00
8.419999999999999929e+00,0.000000000000000000e+00,0.000000000000000000e+00,0.000000000000000000e+00
8.439999999999999503e+00,0.000000000000000000e+00,0.000000000000000000e+00,0.000000000000000000e+00
8.460000000000000853e+00,0.000000000000000000e+00,0.000000000000000000e+00,0.000000000000000000e+00
8.480000000000000426e+00,0.000000000000000000e+00,0.000000000000000000e+00,0.000000000000000000e+00
8.500000000000000000e+00,0.000000000000000000e+00,0.000000000000000000e+00,0.000000000000000000e+00
8.519999999999999574e+00,0.000000000000000000e+00,0.000000000000000000e+00,0.000000000000000000e+00
8.539999999999999147e+00,0.000000000000000000e+00,0.000000000000000000e+00,0.000000000000000000e+00
8.560000000000000497e+00,0.000000000000000000e+00,0.000000000000000000e+00,0.000000000000000000e+00
8.580000000000000071e+00,0.000000000000000000e+00,0.000000000000000000e+00,0.000000000000000000e+00
8.599999999999999645e+00,0.000000000000000000e+00,0.000000000000000000e+00,0.000000000000000000e+00
8.619999999999999218e+00,0.000000000000000000e+00,0.000000000000000000e+00,0.000000000000000000e+00
8.640000000000000568e+00,0.000000000000000000e+00,0.000000000000000000e+00,0.000000000000000000e+00
8.660000000000000142e+00,0.000000000000000000e+00,0.000000000000000000e+00,0.000000000000000000e+00
8.679999999999999716e+00,0.000000000000000000e+00,0.000000000000000000e+00,0.000000000000000000e+00
8.699999999999999289e+00,0.000000000000000000e+00,0.000000000000000000e+00,0.000000000000000000e+00
8.720000000000000639e+00,0.000000000000000000e+00,0.000000000000000000e+00,0.000000000000000000e+00
8.740000000000000213e+00,0.000000000000000000e+00,0.000000000000000000e+00,0.000000000000000000e+00
8.759999999999999787e+00,0.000000000000000000e+00,0.000000000000000000e+00,0.000000000000000000e+00
8.779999999999999361e+00,0.000000000000000000e+00,0.000000000000000000e+00,0.000000000000000000e+00
8.800000000000000711e+00,0.000000000000000000e+00,0.000000000000000000e+00,0.000000000000000000e+00
8.820000000000000284e+00,0.000000000000000000e+00,0.000000000000000000e+00,0.000000000000000000e+00
8.839999999999999858e+00,0.000000000000000000e+00,0.000000000000000000e+00,0.000000000000000000e+00
8.859999999999999432e+00,0.000000000000000000e+00,0.000000000000000000e+00,0.000000000000000000e+00
8.880000000000000782e+00,0.000000000000000000e+00,0.000000000000000000e+00,0.000000000000000000e+00
8.900000000000000355e+00,0.000000000000000000e+00,0.000000000000000000e+00,0.000000000000000000e+00
8.919999999999999929e+00,0.000000000000000000e+00,0.000000000000000000e+00,0.000000000000000000e+00
8.939999999999999503e+00,0.000000000000000000e+00,0.000000000000000000e+00,0.000000000000000000e+00
8.960000000000000853e+00,0.000000000000000000e+00,0.000000000000000000e+00,0.000000000000000000e+00
8.980000000000000426e+00,0.000000000000000000e+00,0.000000000000000000e+00,0.000000000000000000e+00
9.000000000000000000e+00,0.000000000000000000e+00,0.000000000000000000e+00,0.000000000000000000e+00
9.019999999999999574e+00,0.000000000000000000e+00,0.000000000000000000e+00,0.000000000000000000e+00
9.039999999999999147e+00,0.000000000000000000e+00,0.000000000000000000e+00,0.000000000000000000e+00
9.060000000000000497e+00,0.000000000000000000e+00,0.000000000000000000e+00,0.000000000000000000e+00
9.080000000000000071e+00,0.000000000000000000e+00,0.000000000000000000e+00,0.000000000000000000e+00
9.099999999999999645e+00,0.000000000000000000e+00,0.000000000000000000e+00,0.000000000000000000e+00
9.119999999999999218e+00,0.000000000000000000e+00,0.000000000000000000e+00,0.000000000000000000e+00
9.140000000000000568e+00,0.000000000000000000e+00,0.000000000000000000e+00,0.000000000000000000e+00
9.160000000000000142e+00,0.000000000000000000e+00,0.000000000000000000e+00,0.000000000000000000e+00
9.179999999999999716e+00,0.000000000000000000e+00,0.000000000000000000e+00,0.000000000000000000e+00
9.199999999999999289e+00,0.000000000000000000e+00,0.000000000000000000e+00,0.000000000000000000e+00
9.220000000000000639e+00,0.000000000000000000e+00,0.000000000000000000e+00,0.000000000000000000e+00
9.240000000000000213e+00,0.000000000000000000e+00,0.000000000000000000e+00,0.000000000000000000e+00
9.259999999999999787e+00,0.000000000000000000e+00,0.000000000000000000e+00,0.000000000000000000e+00
9.279999999999999361e+00,0.000000000000000000e+00,0.000000000000000000e+00,0.000000000000000000e+00
9.300000000000000711e+00,0.000000000000000000e+00,0.000000000000000000e+00,0.000000000000000000e+00
9.320000000000000284e+00,0.000000000000000000e+00,0.000000000000000000e+00,0.000000000000000000e+00
9.339999999999999858e+00,0.000000000000000000e+00,0.000000000000000000e+00,0.000000000000000000e+00
9.359999999999999432e+00,0.000000000000000000e+00,0.000000000000000000e+00,0.000000000000000000e+00
9.380000000000000782e+00,0.000000000000000000e+00,0.000000000000000000e+00,0.000000000000000000e+00
9.400000000000000355e+00,0.000000000000000000e+00,0.000000000000000000e+00,0.000000000000000000e+00
9.419999999999999929e+00,0.000000000000000000e+00,0.000000000000000000e+00,0.000000000000000000e+00
9.439999999999999503e+00,0.000000000000000000e+00,0.000000000000000000e+00,0.000000000000000000e+00
9.460000000000000853e+00,0.000000000000000000e+00,0.000000000000000000e+00,0.000000000000000000e+00
9.480000000000000426e+00,0.000000000000000000e+00,0.000000000000000000e+00,0.000000000000000000e+00
9.500000000000000000e+00,0.000000000000000000e+00,0.000000000000000000e+00,0.000000000000000000e+00
9.519999999999999574e+00,0.000000000000000000e+00,0.000000000000000000e+00,0.000000000000000000e+00
9.539999999999999147e+00,0.000000000000000000e+00,0.000000000000000000e+00,0.000000000000000000e+00
9.560000000000000497e+00,0.000000000000000000e+00,0.000000000000000000e+00,0.000000000000000000e+00
9.580000000000000071e+00,0.000000000000000000e+00,0.000000000000000000e+00,0.000000000000000000e+00
9.599999999999999645e+00,0.000000000000000000e+00,0.000000000000000000e+00,0.000000000000000000e+00
9.619999999999999218e+00,0.000000000000000000e+00,0.000000000000000000e+00,0.000000000000000000e+00
9.640000000000000568e+00,0.000000000000000000e+00,0.000000000000000000e+00,0.000000000000000000e+00
9.660000000000000142e+00,0.000000000000000000e+00,0.000000000000000000e+00,0.000000000000000000e+00
9.679999999999999716e+00,0.000000000000000000e+00,0.000000000000000000e+00,0.000000000000000000e+00
9.699999999999999289e+00,0.000000000000000000e+00,0.000000000000000000e+00,0.000000000000000000e+00
9.720000000000000639e+00,0.000000000000000000e+00,0.000000000000000000e+00,0.000000000000000000e+00
9.740000000000000213e+00,0.000000000000000000e+00,0.000000000000000000e+00,0.000000000000000000e+00
9.759999999999999787e+00,0.000000000000000000e+00,0.000000000000000000e+00,0.000000000000000000e+00
9.779999999999999361e+00,0.000000000000000000e+00,0.000000000000000000e+00,0.000000000000000000e+00
9.800000000000000711e+00,0.000000000000000000e+00,0.000000000000000000e+00,0.000000000000000000e+00
9.820000000000000284e+00,0.000000000000000000e+00,0.000000000000000000e+00,0.000000000000000000e+00
9.839999999999999858e+00,0.000000000000000000e+00,0.000000000000000000e+00,0.000000000000000000e+00
9.859999999999999432e+00,0.000000000000000000e+00,0.000000000000000000e+00,0.000000000000000000e+00
9.880000000000000782e+00,0.000000000000000000e+00,0.000000000000000000e+00,0.000000000000000000e+00
9.900000000000000355e+00,0.000000000000000000e+00,0.000000000000000000e+00,0.000000000000000000e+00
9.919999999999999929e+00,0.000000000000000000e+00,0.000000000000000000e+00,0.000000000000000000e+00
9.939999999999999503e+00,0.000000000000000000e+00,0.000000000000000000e+00,3.999999999999999216e-03
9.960000000000000853e+00,0.000000000000000000e+00,0.000000000000000000e+00,8.000000000000000167e-03
9.980000000000000426e+00,0.000000000000000000e+00,0.000000000000000000e+00,1.200000000000000198e-02
1.000000000000000000e+01,0.000000000000000000e+00,0.000000000000000000e+00,1.600000000000000033e-02
1.001999999999999957e+01,0.000000000000000000e+00,0.000000000000000000e+00,2.000000000000000042e-02
1.003999999999999915e+01,0.000000000000000000e+00,0.000000000000000000e+00,2.400000000000000397e-02
1.006000000000000050e+01,0.000000000000000000e+00,0.000000000000000000e+00,2.800000000000000058e-02
1.008000000000000007e+01,0.000000000000000000e+00,0.000000000000000000e+00,3.200000000000000067e-02
1.009999999999999964e+01,0.000000000000000000e+00,0.000000000000000000e+00,3.600000000000000422e-02
1.011999999999999922e+01,0.000000000000000000e+00,0.000000000000000000e+00,4.000000000000000777e-02
1.014000000000000057e+01,0.000000000000000000e+00,0.000000000000000000e+00,4.400000000000001132e-02
1.016000000000000014e+01,0.000000000000000000e+00,0.000000000000000000e+00,4.800000000000000794e-02
1.017999999999999972e+01,0.000000000000000000e+00,0.000000000000000000e+00,5.200000000000002537e-02
1.019999999999999929e+01,0.000000000000000000e+00,0.000000000000000000e+00,5.600000000000002198e-02
1.022000000000000064e+01,0.000000000000000000e+00,0.000000000000000000e+00,6.000000000000003247e-02
1.024000000000000021e+01,0.000000000000000000e+00,0.000000000000000000e+00,6.400000000000004297e-02
1.025999999999999979e+01,0.000000000000000000e+00,0.000000000000000000e+00,6.800000000000003264e-02
1.027999999999999936e+01,0.000000000000000000e+00,0.000000000000000000e+00,7.200000000000003619e-02
1.030000000000000071e+01,0.000000000000000000e+00,0.000000000000000000e+00,7.600000000000001199e-02
1.032000000000000028e+01,0.000000000000000000e+00,0.000000000000000000e+00,8.000000000000004330e-02
1.033999999999999986e+01,0.000000000000000000e+00,0.000000000000000000e+00,8.400000000000003297e-02
1.035999999999999943e+01,0.000000000000000000e+00,0.000000000000000000e+00,8.800000000000007816e-02
1.038000000000000078e+01,0.000000000000000000e+00,0.000000000000000000e+00,9.200000000000006783e-02
1.040000000000000036e+01,0.000000000000000000e+00,0.000000000000000000e+00,9.600000000000008527e-02
1.041999999999999993e+01,0.000000000000000000e+00,0.000000000000000000e+00,1.000000000000000749e-01
1.043999999999999950e+01,0.000000000000000000e+00,0.000000000000000000e+00,1.040000000000000924e-01
1.046000000000000085e+01,0.000000000000000000e+00,0.000000000000000000e+00,1.080000000000000820e-01
1.048000000000000043e+01,0.000000000000000000e+00,0.000000000000000000e+00,1.120000000000000856e-01
1.050000000000000000e+01,0.000000000000000000e+00,0.000000000000000000e+00,1.160000000000000753e-01
1.051999999999999957e+01,0.000000000000000000e+00,0.000000000000000000e+00,1.200000000000000927e-01
1.053999999999999915e+01,0.000000000000000000e+00,0.000000000000000000e+00,1.240000000000000963e-01
1.056000000000000050e+01,0.000000000000000000e+00,0.000000000000000000e+00,1.280000000000000859e-01
1.058000000000000007e+01,0.000000000000000000e+00,0.000000000000000000e+00,1.320000000000000895e-01
1.059999999999999964e+01,0.000000000000000000e+00,0.000000000000000000e+00,1.360000000000000930e-01
1.061999999999999922e+01,0.000000000000000000e+00,0.000000000000000000e+00,1.400000000000000966e-01
1.064000000000000057e+01,0.000000000000000000e+00,0.000000000000000000e+00,1.440000000000001001e-01
1.066000000000000014e+01,0.000000000000000000e+00,0.000000000000000000e+00,1.480000000000001037e-01
1.067999999999999972e+01,0.000000000000000000e+00,0.000000000000000000e+00,1.520000000000000517e-01
1.069999999999999929e+01,0.000000000000000000e+00,0.000000000000000000e+00,1.560000000000000830e-01
1.072000000000000064e+01,0.000000000000000000e+00,0.000000000000000000e+00,1.600000000000000866e-01
1.074000000000000021e+01,0.000000000000000000e+00,0.000000000000000000e+00,1.640000000000000902e-01
1.075999999999999979e+01,0.000000000000000000e+00,0.000000000000000000e+00,1.680000000000000937e-01
1.077999999999999936e+01,0.000000000000000000e+00,0.000000000000000000e+00,1.720000000000001250e-01
1.080000000000000071e+01,0.000000000000000000e+00,0.000000000000000000e+00,1.760000000000000731e-01
1.082000000000000028e+01,0.000000000000000000e+00,0.000000000000000000e+00,1.800000000000000488e-01
1.083999999999999986e+01,0.000000000000000000e+00,0.000000000000000000e+00,1.840000000000000802e-01
1.085999999999999943e+01,0.000000000000000000e+00,0.000000000000000000e+00,1.880000000000001115e-01
1.088000000000000078e+01,0.000000000000000000e+00,0.000000000000000000e+00,1.920000000000000873e-01
1.090000000000000036e+01,0.000000000000000000e+00,0.000000000000000000e+00,1.960000000000000908e-01
1.091999999999999993e+01,0.000000000000000000e+00,0.000000000000000000e+00,2.000000000000000944e-01
1.093999999999999950e+01,0.000000000000000000e+00,0.000000000000000000e+00,2.040000000000001257e-01
1.096000000000000085e+01,0.000000000000000000e+00,0.000000000000000000e+00,2.080000000000001015e-01
1.098000000000000043e+01,0.000000000000000000e+00,0.000000000000000000e+00,2.120000000000001328e-01
1.100000000000000000e+01,0.000000000000000000e+00,0.000000000000000000e+00,2.160000000000001918e-01
1.101999999999999957e+01,0.000000000000000000e+00,0.000000000000000000e+00,2.200000000000002232e-01
1.103999999999999915e+01,0.000000000000000000e+00,0.000000000000000000e+00,2.240000000000002267e-01
1.106000000000000050e+01,0.000000000000000000e+00,0.000000000000000000e+00,2.280000000000001470e-01
1.108000000000000007e+01,0.000000000000000000e+00,0.000000000000000000e+00,2.320000000000002061e-01
1.109999999999999964e+01,0.000000000000000000e+00,0.000000000000000000e+00,2.360000000000002096e-01
1.111999999999999922e+01,0.000000000000000000e+00,0.000000000000000000e+00,2.400000000000001854e-01
1.114000000000000057e+01,0.000000000000000000e+00,0.000000000000000000e+00,2.440000000000001890e-01
1.116000000000000014e+01,0.000000000000000000e+00,0.000000000000000000e+00,2.480000000000001925e-01
1.117999999999999972e+01,0.000000000000000000e+00,0.000000000000000000e+00,2.520000000000001683e-01
1.119999999999999929e+01,0.000000000000000000e+00,0.000000000000000000e+00,2.560000000000002829e-01
1.122000000000000064e+01,0.000000000000000000e+00,0.000000000000000000e+00,2.600000000000001754e-01
1.124000000000000021e+01,0.000000000000000000e+00,0.000000000000000000e+00,2.640000000000001235e-01
1.125999999999999979e+01,0.000000000000000000e+00,0.000000000000000000e+00,2.680000000000001825e-01
1.127999999999999936e+01,0.000000000000000000e+00,0.000000000000000000e+00,2.720000000000002416e-01
1.130000000000000071e+01,0.000000000000000000e+00,0.000000000000000000e+00,2.760000000000001896e-01
1.132000000000000028e+01,0.000000000000000000e+00,0.000000000000000000e+00,2.800000000000001932e-01
1.133999999999999986e+01,0.000000000000000000e+00,0.000000000000000000e+00,2.840000000000001967e-01
1.135999999999999943e+01,0.000000000000000000e+00,0.000000000000000000e+00,2.880000000000002558e-01
1.138000000000000078e+01,0.000000000000000000e+00,0.000000000000000000e+00,2.920000000000002593e-01
1.140000000000000036e+01,0.000000000000000000e+00,0.000000000000000000e+00,2.960000000000002629e-01
1.141999999999999993e+01,0.000000000000000000e+00,0.000000000000000000e+00,3.000000000000002665e-01
1.143999999999999950e+01,0.000000000000000000e+00,0.000000000000000000e+00,3.040000000000002700e-01
1.146000000000000085e+01,0.000000000000000000e+00,0.000000000000000000e+00,3.080000000000002736e-01
1.148000000000000043e+01,0.000000000000000000e+00,0.000000000000000000e+00,3.120000000000002771e-01
1.150000000000000000e+01,0.000000000000000000e+00,0.000000000000000000e+00,3.160000000000002807e-01
1.151999999999999957e+01,0.000000000000000000e+00,0.000000000000000000e+00,3.200000000000002842e-01
1.153999999999999915e+01,0.000000000000000000e+00,0.000000000000000000e+00,3.240000000000002878e-01
1.156000000000000050e+01,0.000000000000000000e+00,0.000000000000000000e+00,3.280000000000002913e-01
1.158000000000000007e+01,0.000000000000000000e+00,0.000000000000000000e+00,3.320000000000003504e-01
1.159999999999999964e+01,0.000000000000000000e+00,0.000000000000000000e+00,3.360000000000002984e-01
1.161999999999999922e+01,0.000000000000000000e+00,0.000000000000000000e+00,3.400000000000003020e-01
1.164000000000000057e+01,0.000000000000000000e+00,0.000000000000000000e+00,3.440000000000003055e-01
1.166000000000000014e+01,0.000000000000000000e+00,0.000000000000000000e+00,3.480000000000003091e-01
1.167999999999999972e+01,0.000000000000000000e+00,0.000000000000000000e+00,3.520000000000003126e-01
1.169999999999999929e+01,0.000000000000000000e+00,0.000000000000000000e+00,3.560000000000002607e-01
1.172000000000000064e+01,0.000000000000000000e+00,0.000000000000000000e+00,3.600000000000002642e-01
1.174000000000000021e+01,0.000000000000000000e+00,0.000000000000000000e+00,3.640000000000002678e-01
1.175999999999999979e+01,0.000000000000000000e+00,0.000000000000000000e+00,3.680000000000002713e-01
1.177999999999999936e+01,0.000000000000000000e+00,0.000000000000000000e+00,3.720000000000002749e-01
1.180000000000000071e+01,0.000000000000000000e+00,0.000000000000000000e+00,3.760000000000003340e-01
1.182000000000000028e+01,0.000000000000000000e+00,0.000000000000000000e+00,3.800000000000003375e-01
1.183999999999999986e+01,0.000000000000000000e+00,0.000000000000000000e+00,3.840000000000003966e-01
1.185999999999999943e+01,0.000000000000000000e+00,0.000000000000000000e+00,3.880000000000004556e-01
1.188000000000000078e+01,0.000000000000000000e+00,0.000000000000000000e+00,3.920000000000004592e-01
1.190000000000000036e+01,0.000000000000000000e+00,0.000000000000000000e+00,3.960000000000005183e-01
1.191999999999999993e+01,0.000000000000000000e+00,0.000000000000000000e+00,4.000000000000005218e-01
1.193999999999999950e+01,0.000000000000000000e+00,0.000000000000000000e+00,4.040000000000005254e-01
1.196000000000000085e+01,0.000000000000000000e+00,0.000000000000000000e+00,4.080000000000005844e-01
1.198000000000000043e+01,0.000000000000000000e+00,0.000000000000000000e+00,4.120000000000005325e-01
1.200000000000000000e+01,0.000000000000000000e+00,0.000000000000000000e+00,4.160000000000006470e-01
1.201999999999999957e+01,0.000000000000000000e+00,0.000000000000000000e+00,4.200000000000005951e-01
1.203999999999999915e+01,0.000000000000000000e+00,0.000000000000000000e+00,4.240000000000005986e-01
1.206000000000000050e+01,0.000000000000000000e+00,0.000000000000000000e+00,4.240000000000005986e-01
1.208000000000000007e+01,0.000000000000000000e+00,0.000000000000000000e+00,4.240000000000005986e-01
1.209999999999999964e+01,0.000000000000000000e+00,0.000000000000000000e+00,4.240000000000005986e-01
1.211999999999999922e+01,0.000000000000000000e+00,0.000000000000000000e+00,4.240000000000005986e-01
1.214000000000000057e+01,0.000000000000000000e+00,0.000000000000000000e+00,4.240000000000005986e-01
1.216000000000000014e+01,0.000000000000000000e+00,0.000000000000000000e+00,4.240000000000005986e-01
1.217999999999999972e+01,0.000000000000000000e+00,0.000000000000000000e+00,4.240000000000005986e-01
1.219999999999999929e+01,0.000000000000000000e+00,0.000000000000000000e+00,4.240000000000005986e-01
1.222000000000000064e+01,0.000000000000000000e+00,0.000000000000000000e+00,4.240000000000005986e-01
1.224000000000000021e+01,0.000000000000000000e+00,0.000000000000000000e+00,4.240000000000005986e-01
1.225999999999999979e+01,0.000000000000000000e+00,0.000000000000000000e+00,4.240000000000005986e-01
1.227999999999999936e+01,0.000000000000000000e+00,0.000000000000000000e+00,4.240000000000005986e-01
1.230000000000000071e+01,0.000000000000000000e+00,0.000000000000000000e+00,4.240000000000005986e-01
1.232000000000000028e+01,0.000000000000000000e+00,0.000000000000000000e+00,4.240000000000005986e-01
1.233999999999999986e+01,0.000000000000000000e+00,0.000000000000000000e+00,4.240000000000005986e-01
1.235999999999999943e+01,0.000000000000000000e+00,0.000000000000000000e+00,4.240000000000005986e-01
1.238000000000000078e+01,0.000000000000000000e+00,0.000000000000000000e+00,4.240000000000005986e-01
1.240000000000000036e+01,0.000000000000000000e+00,0.000000000000000000e+00,4.240000000000005986e-01
1.241999999999999993e+01,0.000000000000000000e+00,0.000000000000000000e+00,4.240000000000005986e-01
1.243999999999999950e+01,0.000000000000000000e+00,0.000000000000000000e+00,4.240000000000005986e-01
1.246000000000000085e+01,0.000000000000000000e+00,0.000000000000000000e+00,4.240000000000005986e-01
1.248000000000000043e+01,0.000000000000000000e+00,0.000000000000000000e+00,4.240000000000005986e-01
1.250000000000000000e+01,0.000000000000000000e+00,0.000000000000000000e+00,4.240000000000005986e-01
1.251999999999999957e+01,0.000000000000000000e+00,0.000000000000000000e+00,4.240000000000005986e-01
1.253999999999999915e+01,0.000000000000000000e+00,0.000000000000000000e+00,4.240000000000005986e-01
1.256000000000000050e+01,0.000000000000000000e+00,0.000000000000000000e+00,4.240000000000005986e-01
1.258000000000000007e+01,0.000000000000000000e+00,0.000000000000000000e+00,4.240000000000005986e-01
1.259999999999999964e+01,0.000000000000000000e+00,0.000000000000000000e+00,4.240000000000005986e-01
1.261999999999999922e+01,0.000000000000000000e+00,0.000000000000000000e+00,4.240000000000005986e-01
1.264000000000000057e+01,0.000000000000000000e+00,0.000000000000000000e+00,4.240000000000005986e-01
1.266000000000000014e+01,0.000000000000000000e+00,0.000000000000000000e+00,4.240000000000005986e-01
1.267999999999999972e+01,0.000000000000000000e+00,0.000000000000000000e+00,4.240000000000005986e-01
1.269999999999999929e+01,0.000000000000000000e+00,0.000000000000000000e+00,4.240000000000005986e-01
1.272000000000000064e+01,0.000000000000000000e+00,0.000000000000000000e+00,4.240000000000005986e-01
1.274000000000000021e+01,0.000000000000000000e+00,0.000000000000000000e+00,4.240000000000005986e-01
1.275999999999999979e+01,0.000000000000000000e+00,0.000000000000000000e+00,4.240000000000005986e-01
1.277999999999999936e+01,0.000000000000000000e+00,0.000000000000000000e+00,4.240000000000005986e-01
1.280000000000000071e+01,0.000000000000000000e+00,0.000000000000000000e+00,4.240000000000005986e-01
1.282000000000000028e+01,0.000000000000000000e+00,0.000000000000000000e+00,4.240000000000005986e-01
1.283999999999999986e+01,0.000000000000000000e+00,0.000000000000000000e+00,4.240000000000005986e-01
1.285999999999999943e+01,0.000000000000000000e+00,0.000000000000000000e+00,4.240000000000005986e-01
1.288000000000000078e+01,0.000000000000000000e+00,0.000000000000000000e+00,4.240000000000005986e-01
1.290000000000000036e+01,0.000000000000000000e+00,0.000000000000000000e+00,4.240000000000005986e-01
1.291999999999999993e+01,0.000000000000000000e+00,0.000000000000000000e+00,4.240000000000005986e-01
1.293999999999999950e+01,0.000000000000000000e+00,0.000000000000000000e+00,4.240000000000005986e-01
1.296000000000000085e+01,0.000000000000000000e+00,0.000000000000000000e+00,4.240000000000005986e-01
1.298000000000000043e+01,0.000000000000000000e+00,0.000000000000000000e+00,4.240000000000005986e-01
1.300000000000000000e+01,0.000000000000000000e+00,0.000000000000000000e+00,4.240000000000005986e-01
1.301999999999999957e+01,0.000000000000000000e+00,0.000000000000000000e+00,4.240000000000005986e-01
1.303999999999999915e+01,0.000000000000000000e+00,0.000000000000000000e+00,4.240000000000005986e-01
1.306000000000000050e+01,0.000000000000000000e+00,0.000000000000000000e+00,4.240000000000005986e-01
1.308000000000000007e+01,0.000000000000000000e+00,0.000000000000000000e+00,4.240000000000005986e-01
1.309999999999999964e+01,0.000000000000000000e+00,0.000000000000000000e+00,4.240000000000005986e-01
1.311999999999999922e+01,0.000000000000000000e+00,0.000000000000000000e+00,4.240000000000005986e-01
1.314000000000000057e+01,0.000000000000000000e+00,0.000000000000000000e+00,4.240000000000005986e-01
1.316000000000000014e+01,0.000000000000000000e+00,0.000000000000000000e+00,4.240000000000005986e-01
1.317999999999999972e+01,0.000000000000000000e+00,0.000000000000000000e+00,4.240000000000005986e-01
1.319999999999999929e+01,0.000000000000000000e+00,0.000000000000000000e+00,4.240000000000005986e-01
1.322000000000000064e+01,0.000000000000000000e+00,0.000000000000000000e+00,4.240000000000005986e-01
1.324000000000000021e+01,0.000000000000000000e+00,0.000000000000000000e+00,4.240000000000005986e-01
1.325999999999999979e+01,0.000000000000000000e+00,0.000000000000000000e+00,4.240000000000005986e-01
1.327999999999999936e+01,0.000000000000000000e+00,0.000000000000000000e+00,4.240000000000005986e-01
1.330000000000000071e+01,0.000000000000000000e+00,0.000000000000000000e+00,4.240000000000005986e-01
1.332000000000000028e+01,0.000000000000000000e+00,0.000000000000000000e+00,4.240000000000005986e-01
1.333999999999999986e+01,0.000000000000000000e+00,0.000000000000000000e+00,4.240000000000005986e-01
1.335999999999999943e+01,0.000000000000000000e+00,0.000000000000000000e+00,4.240000000000005986e-01
1.338000000000000078e+01,0.000000000000000000e+00,0.000000000000000000e+00,4.240000000000005986e-01
1.340000000000000036e+01,0.000000000000000000e+00,0.000000000000000000e+00,4.240000000000005986e-01
1.341999999999999993e+01,0.000000000000000000e+00,0.000000000000000000e+00,4.240000000000005986e-01
1.343999999999999950e+01,0.000000000000000000e+00,0.000000000000000000e+00,4.240000000000005986e-01
1.346000000000000085e+01,0.000000000000000000e+00,0.000000000000000000e+00,4.240000000000005986e-01
1.348000000000000043e+01,0.000000000000000000e+00,0.000000000000000000e+00,4.240000000000005986e-01
1.350000000000000000e+01,0.000000000000000000e+00,0.000000000000000000e+00,4.240000000000005986e-01
1.351999999999999957e+01,0.000000000000000000e+00,0.000000000000000000e+00,4.240000000000005986e-01
1.353999999999999915e+01,0.000000000000000000e+00,0.000000000000000000e+00,4.240000000000005986e-01
1.356000000000000050e+01,0.000000000000000000e+00,0.000000000000000000e+00,4.240000000000005986e-01
1.358000000000000007e+01,0.000000000000000000e+00,0.000000000000000000e+00,4.240000000000005986e-01
1.359999999999999964e+01,0.000000000000000000e+00,0.000000000000000000e+00,4.240000000000005986e-01
1.361999999999999922e+01,0.000000000000000000e+00,0.000000000000000000e+00,4.240000000000005986e-01
1.364000000000000057e+01,0.000000000000000000e+00,0.000000000000000000e+00,4.240000000000005986e-01
1.366000000000000014e+01,0.000000000000000000e+00,0.000000000000000000e+00,4.240000000000005986e-01
1.367999999999999972e+01,0.000000000000000000e+00,0.000000000000000000e+00,4.240000000000005986e-01
1.369999999999999929e+01,0.000000000000000000e+00,0.000000000000000000e+00,4.240000000000005986e-01
1.372000000000000064e+01,0.000000000000000000e+00,0.000000000000000000e+00,4.240000000000005986e-01
1.374000000000000021e+01,0.000000000000000000e+00,0.000000000000000000e+00,4.240000000000005986e-01
1.375999999999999979e+01,0.000000000000000000e+00,0.000000000000000000e+00,4.240000000000005986e-01
1.377999999999999936e+01,0.000000000000000000e+00,0.000000000000000000e+00,4.240000000000005986e-01
1.380000000000000071e+01,0.000000000000000000e+00,0.000000000000000000e+00,4.240000000000005986e-01
1.382000000000000028e+01,0.000000000000000000e+00,0.000000000000000000e+00,4.240000000000005986e-01
1.383999999999999986e+01,0.000000000000000000e+00,0.000000000000000000e+00,4.240000000000005986e-01
1.385999999999999943e+01,0.000000000000000000e+00,0.000000000000000000e+00,4.240000000000005986e-01
1.388000000000000078e+01,0.000000000000000000e+00,0.000000000000000000e+00,4.240000000000005986e-01
1.390000000000000036e+01,0.000000000000000000e+00,0.000000000000000000e+00,4.240000000000005986e-01
1.391999999999999993e+01,0.000000000000000000e+00,0.000000000000000000e+00,4.240000000000005986e-01
1.393999999999999950e+01,0.000000000000000000e+00,0.000000000000000000e+00,4.240000000000005986e-01
1.396000000000000085e+01,0.000000000000000000e+00,0.000000000000000000e+00,4.240000000000005986e-01
1.398000000000000043e+01,0.000000000000000000e+00,0.000000000000000000e+00,4.240000000000005986e-01
1.400000000000000000e+01,0.000000000000000000e+00,0.000000000000000000e+00,4.240000000000005986e-01
1.401999999999999957e+01,0.000000000000000000e+00,0.000000000000000000e+00,4.240000000000005986e-01
1.403999999999999915e+01,0.000000000000000000e+00,0.000000000000000000e+00,4.240000000000005986e-01
1.406000000000000050e+01,0.000000000000000000e+00,0.000000000000000000e+00,4.240000000000005986e-01
1.408000000000000007e+01,0.000000000000000000e+00,0.000000000000000000e+00,4.240000000000005986e-01
1.409999999999999964e+01,0.000000000000000000e+00,0.000000000000000000e+00,4.240000000000005986e-01
1.411999999999999922e+01,0.000000000000000000e+00,0.000000000000000000e+00,4.240000000000005986e-01
1.414000000000000057e+01,0.000000000000000000e+00,0.000000000000000000e+00,4.240000000000005986e-01
1.416000000000000014e+01,0.000000000000000000e+00,0.000000000000000000e+00,4.240000000000005986e-01
1.417999999999999972e+01,0.000000000000000000e+00,0.000000000000000000e+00,4.240000000000005986e-01
1.419999999999999929e+01,0.000000000000000000e+00,0.000000000000000000e+00,4.240000000000005986e-01
1.422000000000000064e+01,0.000000000000000000e+00,0.000000000000000000e+00,4.240000000000005986e-01
1.424000000000000021e+01,0.000000000000000000e+00,0.000000000000000000e+00,4.240000000000005986e-01
1.425999999999999979e+01,0.000000000000000000e+00,0.000000000000000000e+00,4.240000000000005986e-01
1.427999999999999936e+01,0.000000000000000000e+00,0.000000000000000000e+00,4.240000000000005986e-01
1.430000000000000071e+01,0.000000000000000000e+00,0.000000000000000000e+00,4.240000000000005986e-01
1.432000000000000028e+01,0.000000000000000000e+00,0.000000000000000000e+00,4.240000000000005986e-01
1.433999999999999986e+01,0.000000000000000000e+00,0.000000000000000000e+00,4.240000000000005986e-01
1.435999999999999943e+01,0.000000000000000000e+00,0.000000000000000000e+00,4.240000000000005986e-01
1.438000000000000078e+01,0.000000000000000000e+00,0.000000000000000000e+00,4.240000000000005986e-01
1.440000000000000036e+01,0.000000000000000000e+00,0.000000000000000000e+00,4.240000000000005986e-01
1.441999999999999993e+01,0.000000000000000000e+00,0.000000000000000000e+00,4.240000000000005986e-01
1.443999999999999950e+01,0.000000000000000000e+00,0.000000000000000000e+00,4.240000000000005986e-01
1.446000000000000085e+01,0.000000000000000000e+00,0.000000000000000000e+00,4.240000000000005986e-01
1.448000000000000043e+01,0.000000000000000000e+00,0.000000000000000000e+00,4.240000000000005986e-01
1.450000000000000000e+01,0.000000000000000000e+00,0.000000000000000000e+00,4.240000000000005986e-01
1.451999999999999957e+01,0.000000000000000000e+00,0.000000000000000000e+00,4.240000000000005986e-01
1.453999999999999915e+01,0.000000000000000000e+00,0.000000000000000000e+00,4.240000000000005986e-01
1.456000000000000050e+01,0.000000000000000000e+00,0.000000000000000000e+00,4.240000000000005986e-01
1.458000000000000007e+01,0.000000000000000000e+00,0.000000000000000000e+00,4.240000000000005986e-01
1.459999999999999964e+01,0.000000000000000000e+00,0.000000000000000000e+00,4.240000000000005986e-01
1.461999999999999922e+01,0.000000000000000000e+00,0.000000000000000000e+00,4.240000000000005986e-01
1.464000000000000057e+01,0.000000000000000000e+00,0.000000000000000000e+00,4.240000000000005986e-01
1.466000000000000014e+01,0.000000000000000000e+00,0.000000000000000000e+00,4.240000000000005986e-01
1.467999999999999972e+01,0.000000000000000000e+00,0.000000000000000000e+00,4.240000000000005986e-01
1.469999999999999929e+01,0.000000000000000000e+00,0.000000000000000000e+00,4.240000000000005986e-01
1.472000000000000064e+01,0.000000000000000000e+00,0.000000000000000000e+00,4.240000000000005986e-01
1.474000000000000021e+01,0.000000000000000000e+00,0.000000000000000000e+00,4.240000000000005986e-01
1.475999999999999979e+01,0.000000000000000000e+00,0.000000000000000000e+00,4.240000000000005986e-01
1.477999999999999936e+01,0.000000000000000000e+00,0.000000000000000000e+00,4.240000000000005986e-01
1.480000000000000071e+01,0.000000000000000000e+00,0.000000000000000000e+00,4.240000000000005986e-01
1.482000000000000028e+01,0.000000000000000000e+00,0.000000000000000000e+00,4.240000000000005986e-01
1.483999999999999986e+01,0.000000000000000000e+00,0.000000000000000000e+00,4.240000000000005986e-01
1.485999999999999943e+01,0.000000000000000000e+00,0.000000000000000000e+00,4.240000000000005986e-01
1.488000000000000078e+01,0.000000000000000000e+00,0.000000000000000000e+00,4.240000000000005986e-01
1.490000000000000036e+01,0.000000000000000000e+00,0.000000000000000000e+00,4.240000000000005986e-01
1.491999999999999993e+01,0.000000000000000000e+00,0.000000000000000000e+00,4.240000000000005986e-01
1.493999999999999950e+01,0.000000000000000000e+00,0.000000000000000000e+00,4.240000000000005986e-01
1.496000000000000085e+01,0.000000000000000000e+00,0.000000000000000000e+00,4.240000000000005986e-01
1.498000000000000043e+01,0.000000000000000000e+00,0.000000000000000000e+00,4.240000000000005986e-01
1.500000000000000000e+01,0.000000000000000000e+00,0.000000000000000000e+00,4.240000000000005986e-01
1.501999999999999957e+01,0.000000000000000000e+00,0.000000000000000000e+00,4.240000000000005986e-01
1.503999999999999915e+01,0.000000000000000000e+00,0.000000000000000000e+00,4.240000000000005986e-01
1.506000000000000050e+01,0.000000000000000000e+00,0.000000000000000000e+00,4.240000000000005986e-01
1.508000000000000007e+01,0.000000000000000000e+00,0.000000000000000000e+00,4.240000000000005986e-01
1.509999999999999964e+01,0.000000000000000000e+00,0.000000000000000000e+00,4.240000000000005986e-01
1.511999999999999922e+01,0.000000000000000000e+00,0.000000000000000000e+00,4.240000000000005986e-01
1.514000000000000057e+01,0.000000000000000000e+00,0.000000000000000000e+00,4.240000000000005986e-01
1.516000000000000014e+01,0.000000000000000000e+00,0.000000000000000000e+00,4.240000000000005986e-01
1.517999999999999972e+01,0.000000000000000000e+00,0.000000000000000000e+00,4.240000000000005986e-01
1.519999999999999929e+01,0.000000000000000000e+00,0.000000000000000000e+00,4.240000000000005986e-01
1.522000000000000064e+01,0.000000000000000000e+00,0.000000000000000000e+00,4.240000000000005986e-01
1.524000000000000021e+01,0.000000000000000000e+00,0.000000000000000000e+00,4.240000000000005986e-01
1.525999999999999979e+01,0.000000000000000000e+00,0.000000000000000000e+00,4.240000000000005986e-01
1.527999999999999936e+01,0.000000000000000000e+00,0.000000000000000000e+00,4.240000000000005986e-01
1.530000000000000071e+01,0.000000000000000000e+00,0.000000000000000000e+00,4.240000000000005986e-01
1.532000000000000028e+01,0.000000000000000000e+00,0.000000000000000000e+00,4.240000000000005986e-01
1.533999999999999986e+01,0.000000000000000000e+00,0.000000000000000000e+00,4.240000000000005986e-01
1.535999999999999943e+01,0.000000000000000000e+00,0.000000000000000000e+00,4.240000000000005986e-01
1.538000000000000078e+01,0.000000000000000000e+00,0.000000000000000000e+00,4.240000000000005986e-01
1.540000000000000036e+01,0.000000000000000000e+00,0.000000000000000000e+00,4.240000000000005986e-01
1.541999999999999993e+01,0.000000000000000000e+00,0.000000000000000000e+00,4.240000000000005986e-01
1.543999999999999950e+01,0.000000000000000000e+00,0.000000000000000000e+00,4.240000000000005986e-01
1.546000000000000085e+01,0.000000000000000000e+00,0.000000000000000000e+00,4.240000000000005986e-01
1.548000000000000043e+01,0.000000000000000000e+00,0.000000000000000000e+00,4.240000000000005986e-01
1.550000000000000000e+01,0.000000000000000000e+00,0.000000000000000000e+00,4.240000000000005986e-01
1.551999999999999957e+01,0.000000000000000000e+00,0.000000000000000000e+00,4.240000000000005986e-01
1.553999999999999915e+01,0.000000000000000000e+00,0.000000000000000000e+00,4.240000000000005986e-01
1.556000000000000050e+01,0.000000000000000000e+00,0.000000000000000000e+00,4.240000000000005986e-01
1.558000000000000007e+01,0.000000000000000000e+00,0.000000000000000000e+00,4.240000000000005986e-01
1.559999999999999964e+01,0.000000000000000000e+00,0.000000000000000000e+00,4.240000000000005986e-01
1.561999999999999922e+01,0.000000000000000000e+00,0.000000000000000000e+00,4.240000000000005986e-01
1.564000000000000057e+01,0.000000000000000000e+00,0.000000000000000000e+00,4.240000000000005986e-01
1.566000000000000014e+01,0.000000000000000000e+00,0.000000000000000000e+00,4.240000000000005986e-01
1.567999999999999972e+01,0.000000000000000000e+00,0.000000000000000000e+00,4.240000000000005986e-01
1.569999999999999929e+01,0.000000000000000000e+00,0.000000000000000000e+00,4.240000000000005986e-01
1.572000000000000064e+01,0.000000000000000000e+00,0.000000000000000000e+00,4.240000000000005986e-01
1.574000000000000021e+01,0.000000000000000000e+00,0.000000000000000000e+00,4.240000000000005986e-01
1.575999999999999979e+01,0.000000000000000000e+00,0.000000000000000000e+00,4.240000000000005986e-01
1.577999999999999936e+01,0.000000000000000000e+00,0.000000000000000000e+00,4.240000000000005986e-01
1.580000000000000071e+01,0.000000000000000000e+00,0.000000000000000000e+00,4.240000000000005986e-01
1.582000000000000028e+01,0.000000000000000000e+00,0.000000000000000000e+00,4.240000000000005986e-01
1.583999999999999986e+01,0.000000000000000000e+00,0.000000000000000000e+00,4.240000000000005986e-01
1.585999999999999943e+01,0.000000000000000000e+00,0.000000000000000000e+00,4.240000000000005986e-01
1.588000000000000078e+01,0.000000000000000000e+00,0.000000000000000000e+00,4.240000000000005986e-01
1.590000000000000036e+01,0.000000000000000000e+00,0.000000000000000000e+00,4.240000000000005986e-01
1.591999999999999993e+01,0.000000000000000000e+00,0.000000000000000000e+00,4.240000000000005986e-01
1.593999999999999950e+01,0.000000000000000000e+00,0.000000000000000000e+00,4.240000000000005986e-01
1.596000000000000085e+01,0.000000000000000000e+00,0.000000000000000000e+00,4.240000000000005986e-01
1.598000000000000043e+01,0.000000000000000000e+00,0.000000000000000000e+00,4.240000000000005986e-01
1.600000000000000000e+01,0.000000000000000000e+00,0.000000000000000000e+00,4.240000000000005986e-01
1.601999999999999957e+01,0.000000000000000000e+00,0.000000000000000000e+00,4.240000000000005986e-01
1.603999999999999915e+01,0.000000000000000000e+00,0.000000000000000000e+00,4.240000000000005986e-01
1.605999999999999872e+01,0.000000000000000000e+00,0.000000000000000000e+00,4.240000000000005986e-01
1.607999999999999829e+01,0.000000000000000000e+00,0.000000000000000000e+00,4.240000000000005986e-01
1.610000000000000142e+01,0.000000000000000000e+00,0.000000000000000000e+00,4.240000000000005986e-01
1.612000000000000099e+01,0.000000000000000000e+00,0.000000000000000000e+00,4.240000000000005986e-01
1.614000000000000057e+01,0.000000000000000000e+00,0.000000000000000000e+00,4.240000000000005986e-01
1.616000000000000014e+01,0.000000000000000000e+00,0.000000000000000000e+00,4.240000000000005986e-01
1.617999999999999972e+01,0.000000000000000000e+00,0.000000000000000000e+00,4.240000000000005986e-01
1.619999999999999929e+01,0.000000000000000000e+00,0.000000000000000000e+00,4.240000000000005986e-01
1.621999999999999886e+01,0.000000000000000000e+00,0.000000000000000000e+00,4.240000000000005986e-01
1.623999999999999844e+01,0.000000000000000000e+00,0.000000000000000000e+00,4.240000000000005986e-01
1.626000000000000156e+01,0.000000000000000000e+00,0.000000000000000000e+00,4.240000000000005986e-01
1.628000000000000114e+01,0.000000000000000000e+00,0.000000000000000000e+00,4.240000000000005986e-01
1.630000000000000071e+01,0.000000000000000000e+00,0.000000000000000000e+00,4.240000000000005986e-01
1.632000000000000028e+01,0.000000000000000000e+00,0.000000000000000000e+00,4.240000000000005986e-01
1.633999999999999986e+01,0.000000000000000000e+00,0.000000000000000000e+00,4.240000000000005986e-01
1.635999999999999943e+01,0.000000000000000000e+00,0.000000000000000000e+00,4.240000000000005986e-01
1.637999999999999901e+01,0.000000000000000000e+00,0.000000000000000000e+00,4.240000000000005986e-01
1.639999999999999858e+01,0.000000000000000000e+00,0.000000000000000000e+00,4.240000000000005986e-01
1.642000000000000171e+01,0.000000000000000000e+00,0.000000000000000000e+00,4.240000000000005986e-01
1.644000000000000128e+01,0.000000000000000000e+00,0.000000000000000000e+00,4.240000000000005986e-01
1.646000000000000085e+01,0.000000000000000000e+00,0.000000000000000000e+00,4.240000000000005986e-01
1.648000000000000043e+01,0.000000000000000000e+00,0.000000000000000000e+00,4.240000000000005986e-01
1.650000000000000000e+01,0.000000000000000000e+00,0.000000000000000000e+00,4.240000000000005986e-01
1.651999999999999957e+01,0.000000000000000000e+00,0.000000000000000000e+00,4.240000000000005986e-01
1.653999999999999915e+01,0.000000000000000000e+00,0.000000000000000000e+00,4.240000000000005986e-01
1.655999999999999872e+01,0.000000000000000000e+00,0.000000000000000000e+00,4.240000000000005986e-01
1.657999999999999829e+01,0.000000000000000000e+00,0.000000000000000000e+00,4.240000000000005986e-01
1.660000000000000142e+01,0.000000000000000000e+00,0.000000000000000000e+00,4.240000000000005986e-01
1.662000000000000099e+01,0.000000000000000000e+00,0.000000000000000000e+00,4.240000000000005986e-01
1.664000000000000057e+01,0.000000000000000000e+00,0.000000000000000000e+00,4.240000000000005986e-01
1.666000000000000014e+01,0.000000000000000000e+00,0.000000000000000000e+00,4.240000000000005986e-01
1.667999999999999972e+01,0.000000000000000000e+00,0.000000000000000000e+00,4.240000000000005986e-01
1.669999999999999929e+01,0.000000000000000000e+00,0.000000000000000000e+00,4.240000000000005986e-01
1.671999999999999886e+01,0.000000000000000000e+00,0.000000000000000000e+00,4.240000000000005986e-01
1.673999999999999844e+01,0.000000000000000000e+00,0.000000000000000000e+00,4.240000000000005986e-01
1.676000000000000156e+01,0.000000000000000000e+00,0.000000000000000000e+00,4.240000000000005986e-01
1.678000000000000114e+01,0.000000000000000000e+00,0.000000000000000000e+00,4.240000000000005986e-01
1.680000000000000071e+01,0.000000000000000000e+00,0.000000000000000000e+00,4.240000000000005986e-01
1.682000000000000028e+01,0.000000000000000000e+00,0.000000000000000000e+00,4.240000000000005986e-01
1.683999999999999986e+01,0.000000000000000000e+00,0.000000000000000000e+00,4.240000000000005986e-01
1.685999999999999943e+01,0.000000000000000000e+00,0.000000000000000000e+00,4.240000000000005986e-01
1.687999999999999901e+01,0.000000000000000000e+00,0.000000000000000000e+00,4.240000000000005986e-01
1.689999999999999858e+01,0.000000000000000000e+00,0.000000000000000000e+00,4.240000000000005986e-01
1.692000000000000171e+01,0.000000000000000000e+00,0.000000000000000000e+00,4.240000000000005986e-01
1.694000000000000128e+01,0.000000000000000000e+00,0.000000000000000000e+00,4.240000000000005986e-01
1.696000000000000085e+01,0.000000000000000000e+00,0.000000000000000000e+00,4.240000000000005986e-01
1.698000000000000043e+01,0.000000000000000000e+00,0.000000000000000000e+00,4.240000000000005986e-01
1.700000000000000000e+01,0.000000000000000000e+00,0.000000000000000000e+00,4.240000000000005986e-01
1.701999999999999957e+01,0.000000000000000000e+00,0.000000000000000000e+00,4.240000000000005986e-01
1.703999999999999915e+01,0.000000000000000000e+00,0.000000000000000000e+00,4.240000000000005986e-01
1.705999999999999872e+01,0.000000000000000000e+00,0.000000000000000000e+00,4.240000000000005986e-01
1.707999999999999829e+01,0.000000000000000000e+00,0.000000000000000000e+00,4.240000000000005986e-01
1.710000000000000142e+01,0.000000000000000000e+00,0.000000000000000000e+00,4.240000000000005986e-01
1.712000000000000099e+01,0.000000000000000000e+00,0.000000000000000000e+00,4.240000000000005986e-01
1.714000000000000057e+01,0.000000000000000000e+00,0.000000000000000000e+00,4.240000000000005986e-01
1.716000000000000014e+01,0.000000000000000000e+00,0.000000000000000000e+00,4.240000000000005986e-01
1.717999999999999972e+01,0.000000000000000000e+00,0.000000000000000000e+00,4.240000000000005986e-01
1.719999999999999929e+01,0.000000000000000000e+00,0.000000000000000000e+00,4.240000000000005986e-01
1.721999999999999886e+01,0.000000000000000000e+00,0.000000000000000000e+00,4.240000000000005986e-01
1.723999999999999844e+01,0.000000000000000000e+00,0.000000000000000000e+00,4.240000000000005986e-01
1.726000000000000156e+01,0.000000000000000000e+00,0.000000000000000000e+00,4.240000000000005986e-01
1.728000000000000114e+01,0.000000000000000000e+00,0.000000000000000000e+00,4.240000000000005986e-01
1.730000000000000071e+01,0.000000000000000000e+00,0.000000000000000000e+00,4.240000000000005986e-01
1.732000000000000028e+01,0.000000000000000000e+00,0.000000000000000000e+00,4.240000000000005986e-01
1.733999999999999986e+01,0.000000000000000000e+00,0.000000000000000000e+00,4.240000000000005986e-01
1.735999999999999943e+01,0.000000000000000000e+00,0.000000000000000000e+00,4.240000000000005986e-01
1.737999999999999901e+01,0.000000000000000000e+00,0.000000000000000000e+00,4.240000000000005986e-01
1.739999999999999858e+01,0.000000000000000000e+00,0.000000000000000000e+00,4.240000000000005986e-01
1.742000000000000171e+01,0.000000000000000000e+00,0.000000000000000000e+00,4.240000000000005986e-01
1.744000000000000128e+01,0.000000000000000000e+00,0.000000000000000000e+00,4.240000000000005986e-01
1.746000000000000085e+01,0.000000000000000000e+00,0.000000000000000000e+00,4.240000000000005986e-01
1.748000000000000043e+01,0.000000000000000000e+00,0.000000000000000000e+00,4.240000000000005986e-01
1.750000000000000000e+01,0.000000000000000000e+00,0.000000000000000000e+00,4.240000000000005986e-01
1.751999999999999957e+01,0.000000000000000000e+00,0.000000000000000000e+00,4.240000000000005986e-01
1.753999999999999915e+01,0.000000000000000000e+00,0.000000000000000000e+00,4.240000000000005986e-01
1.755999999999999872e+01,0.000000000000000000e+00,0.000000000000000000e+00,4.240000000000005986e-01
1.757999999999999829e+01,0.000000000000000000e+00,0.000000000000000000e+00,4.240000000000005986e-01
1.760000000000000142e+01,0.000000000000000000e+00,0.000000000000000000e+00,4.240000000000005986e-01
1.762000000000000099e+01,0.000000000000000000e+00,0.000000000000000000e+00,4.240000000000005986e-01
1.764000000000000057e+01,0.000000000000000000e+00,0.000000000000000000e+00,4.240000000000005986e-01
1.766000000000000014e+01,0.000000000000000000e+00,0.000000000000000000e+00,4.240000000000005986e-01
1.767999999999999972e+01,0.000000000000000000e+00,0.000000000000000000e+00,4.240000000000005986e-01
1.769999999999999929e+01,0.000000000000000000e+00,0.000000000000000000e+00,4.240000000000005986e-01
1.771999999999999886e+01,0.000000000000000000e+00,0.000000000000000000e+00,4.240000000000005986e-01
1.773999999999999844e+01,0.000000000000000000e+00,0.000000000000000000e+00,4.240000000000005986e-01
1.776000000000000156e+01,0.000000000000000000e+00,0.000000000000000000e+00,4.240000000000005986e-01
1.778000000000000114e+01,0.000000000000000000e+00,0.000000000000000000e+00,4.240000000000005986e-01
1.780000000000000071e+01,0.000000000000000000e+00,0.000000000000000000e+00,4.240000000000005986e-01
1.782000000000000028e+01,0.000000000000000000e+00,0.000000000000000000e+00,4.240000000000005986e-01
1.783999999999999986e+01,0.000000000000000000e+00,0.000000000000000000e+00,4.240000000000005986e-01
1.785999999999999943e+01,0.000000000000000000e+00,0.000000000000000000e+00,4.240000000000005986e-01
1.787999999999999901e+01,0.000000000000000000e+00,0.000000000000000000e+00,4.240000000000005986e-01
1.789999999999999858e+01,0.000000000000000000e+00,0.000000000000000000e+00,4.240000000000005986e-01
1.792000000000000171e+01,0.000000000000000000e+00,0.000000000000000000e+00,4.240000000000005986e-01
1.794000000000000128e+01,0.000000000000000000e+00,0.000000000000000000e+00,4.240000000000005986e-01
1.796000000000000085e+01,0.000000000000000000e+00,0.000000000000000000e+00,4.240000000000005986e-01
1.798000000000000043e+01,0.000000000000000000e+00,0.000000000000000000e+00,4.240000000000005986e-01
1.800000000000000000e+01,0.000000000000000000e+00,0.000000000000000000e+00,4.240000000000005986e-01
1.801999999999999957e+01,0.000000000000000000e+00,0.000000000000000000e+00,4.240000000000005986e-01
1.803999999999999915e+01,0.000000000000000000e+00,0.000000000000000000e+00,4.240000000000005986e-01
1.805999999999999872e+01,0.000000000000000000e+00,0.000000000000000000e+00,4.240000000000005986e-01
1.807999999999999829e+01,0.000000000000000000e+00,0.000000000000000000e+00,4.240000000000005986e-01
1.810000000000000142e+01,0.000000000000000000e+00,0.000000000000000000e+00,4.240000000000005986e-01
1.812000000000000099e+01,0.000000000000000000e+00,0.000000000000000000e+00,4.240000000000005986e-01
1.814000000000000057e+01,0.000000000000000000e+00,0.000000000000000000e+00,4.240000000000005986e-01
1.816000000000000014e+01,0.000000000000000000e+00,0.000000000000000000e+00,4.240000000000005986e-01
1.817999999999999972e+01,0.000000000000000000e+00,0.000000000000000000e+00,4.240000000000005986e-01
1.819999999999999929e+01,0.000000000000000000e+00,0.000000000000000000e+00,4.240000000000005986e-01
1.821999999999999886e+01,0.000000000000000000e+00,0.000000000000000000e+00,4.240000000000005986e-01
1.823999999999999844e+01,0.000000000000000000e+00,0.000000000000000000e+00,4.240000000000005986e-01
1.826000000000000156e+01,0.000000000000000000e+00,0.000000000000000000e+00,4.240000000000005986e-01
1.828000000000000114e+01,0.000000000000000000e+00,0.000000000000000000e+00,4.240000000000005986e-01
1.830000000000000071e+01,0.000000000000000000e+00,0.000000000000000000e+00,4.240000000000005986e-01
1.832000000000000028e+01,0.000000000000000000e+00,0.000000000000000000e+00,4.240000000000005986e-01
1.833999999999999986e+01,0.000000000000000000e+00,0.000000000000000000e+00,4.230000000000006533e-01
1.835999999999999943e+01,0.000000000000000000e+00,0.000000000000000000e+00,4.220000000000006524e-01
1.837999999999999901e+01,0.000000000000000000e+00,0.000000000000000000e+00,4.210000000000005960e-01
1.839999999999999858e+01,0.000000000000000000e+00,0.000000000000000000e+00,4.200000000000005951e-01
1.842000000000000171e+01,0.000000000000000000e+00,0.000000000000000000e+00,4.190000000000005387e-01
1.844000000000000128e+01,0.000000000000000000e+00,0.000000000000000000e+00,4.170000000000005924e-01
1.846000000000000085e+01,0.000000000000000000e+00,0.000000000000000000e+00,4.150000000000005906e-01
1.848000000000000043e+01,0.000000000000000000e+00,0.000000000000000000e+00,4.130000000000006999e-01
1.850000000000000000e+01,0.000000000000000000e+00,0.000000000000000000e+00,4.110000000000005871e-01
1.851999999999999957e+01,0.000000000000000000e+00,0.000000000000000000e+00,4.090000000000006408e-01
1.853999999999999915e+01,0.000000000000000000e+00,0.000000000000000000e+00,4.060000000000006382e-01
1.855999999999999872e+01,0.000000000000000000e+00,0.000000000000000000e+00,4.030000000000006355e-01
1.857999999999999829e+01,0.000000000000000000e+00,0.000000000000000000e+00,4.000000000000005773e-01
1.860000000000000142e+01,0.000000000000000000e+00,0.000000000000000000e+00,3.970000000000006302e-01
1.862000000000000099e+01,0.000000000000000000e+00,0.000000000000000000e+00,3.940000000000005165e-01
1.864000000000000057e+01,0.000000000000000000e+00,0.000000000000000000e+00,3.900000000000005129e-01
1.866000000000000014e+01,0.000000000000000000e+00,0.000000000000000000e+00,3.860000000000005094e-01
1.867999999999999972e+01,0.000000000000000000e+00,0.000000000000000000e+00,3.820000000000004503e-01
1.869999999999999929e+01,0.000000000000000000e+00,0.000000000000000000e+00,3.780000000000005023e-01
1.871999999999999886e+01,0.000000000000000000e+00,0.000000000000000000e+00,3.740000000000004987e-01
1.873999999999999844e+01,0.000000000000000000e+00,0.000000000000000000e+00,3.690000000000004943e-01
1.876000000000000156e+01,0.000000000000000000e+00,0.000000000000000000e+00,3.640000000000004898e-01
1.878000000000000114e+01,0.000000000000000000e+00,0.000000000000000000e+00,3.590000000000004299e-01
1.880000000000000071e+01,0.000000000000000000e+00,0.000000000000000000e+00,3.540000000000004809e-01
1.882000000000000028e+01,0.000000000000000000e+00,0.000000000000000000e+00,3.490000000000004765e-01
1.883999999999999986e+01,0.000000000000000000e+00,0.000000000000000000e+00,3.430000000000004157e-01
1.885999999999999943e+01,0.000000000000000000e+00,0.000000000000000000e+00,3.370000000000003548e-01
1.887999999999999901e+01,0.000000000000000000e+00,0.000000000000000000e+00,3.310000000000004050e-01
1.889999999999999858e+01,0.000000000000000000e+00,0.000000000000000000e+00,3.250000000000003997e-01
1.892000000000000171e+01,0.000000000000000000e+00,0.000000000000000000e+00,3.190000000000003388e-01
1.894000000000000128e+01,0.000000000000000000e+00,0.000000000000000000e+00,3.130000000000003890e-01
1.896000000000000085e+01,0.000000000000000000e+00,0.000000000000000000e+00,3.070000000000003837e-01
1.898000000000000043e+01,0.000000000000000000e+00,0.000000000000000000e+00,3.010000000000003784e-01
1.900000000000000000e+01,0.000000000000000000e+00,0.000000000000000000e+00,2.950000000000003730e-01
1.901999999999999957e+01,0.000000000000000000e+00,0.000000000000000000e+00,2.890000000000003677e-01
1.903999999999999915e+01,0.000000000000000000e+00,0.000000000000000000e+00,2.830000000000003069e-01
1.905999999999999872e+01,0.000000000000000000e+00,0.000000000000000000e+00,2.770000000000003015e-01
1.907999999999999829e+01,0.000000000000000000e+00,0.000000000000000000e+00,2.710000000000003517e-01
1.910000000000000142e+01,0.000000000000000000e+00,0.000000000000000000e+00,2.650000000000003464e-01
1.912000000000000099e+01,0.000000000000000000e+00,0.000000000000000000e+00,2.590000000000003411e-01
1.914000000000000057e+01,0.000000000000000000e+00,0.000000000000000000e+00,2.530000000000002802e-01
1.916000000000000014e+01,0.000000000000000000e+00,0.000000000000000000e+00,2.470000000000003304e-01
1.917999999999999972e+01,0.000000000000000000e+00,0.000000000000000000e+00,2.410000000000003251e-01
1.919999999999999929e+01,0.000000000000000000e+00,0.000000000000000000e+00,2.350000000000003197e-01
1.921999999999999886e+01,0.000000000000000000e+00,0.000000000000000000e+00,2.290000000000003144e-01
1.923999999999999844e+01,0.000000000000000000e+00,0.000000000000000000e+00,2.230000000000002813e-01
1.926000000000000156e+01,0.000000000000000000e+00,0.000000000000000000e+00,2.170000000000002760e-01
1.928000000000000114e+01,0.000000000000000000e+00,0.000000000000000000e+00,2.110000000000002707e-01
1.930000000000000071e+01,0.000000000000000000e+00,0.000000000000000000e+00,2.050000000000002653e-01
1.932000000000000028e+01,0.000000000000000000e+00,0.000000000000000000e+00,1.990000000000002600e-01
1.933999999999999986e+01,0.000000000000000000e+00,0.000000000000000000e+00,1.930000000000003102e-01
1.935999999999999943e+01,0.000000000000000000e+00,0.000000000000000000e+00,1.870000000000002771e-01
1.937999999999999901e+01,0.000000000000000000e+00,0.000000000000000000e+00,1.810000000000002718e-01
1.939999999999999858e+01,0.000000000000000000e+00,0.000000000000000000e+00,1.750000000000002665e-01
1.942000000000000171e+01,0.000000000000000000e+00,0.000000000000000000e+00,1.690000000000002334e-01
1.944000000000000128e+01,0.000000000000000000e+00,0.000000000000000000e+00,1.630000000000002558e-01
1.946000000000000085e+01,0.000000000000000000e+00,0.000000000000000000e+00,1.570000000000001950e-01
1.948000000000000043e+01,0.000000000000000000e+00,0.000000000000000000e+00,1.510000000000002174e-01
1.950000000000000000e+01,0.000000000000000000e+00,0.000000000000000000e+00,1.450000000000002121e-01
1.951999999999999957e+01,0.000000000000000000e+00,0.000000000000000000e+00,1.390000000000002067e-01
1.953999999999999915e+01,0.000000000000000000e+00,0.000000000000000000e+00,1.330000000000002292e-01
1.955999999999999872e+01,0.000000000000000000e+00,0.000000000000000000e+00,1.270000000000001961e-01
1.957999999999999829e+01,0.000000000000000000e+00,0.000000000000000000e+00,1.210000000000001907e-01
1.960000000000000142e+01,0.000000000000000000e+00,0.000000000000000000e+00,1.150000000000002132e-01
1.962000000000000099e+01,0.000000000000000000e+00,0.000000000000000000e+00,1.090000000000001940e-01
1.964000000000000057e+01,0.000000000000000000e+00,0.000000000000000000e+00,1.030000000000001886e-01
1.966000000000000014e+01,0.000000000000000000e+00,0.000000000000000000e+00,9.700000000000018330e-02
1.967999999999999972e+01,0.000000000000000000e+00,0.000000000000000000e+00,9.100000000000020572e-02
1.969999999999999929e+01,0.000000000000000000e+00,0.000000000000000000e+00,8.500000000000018652e-02
1.971999999999999886e+01,0.000000000000000000e+00,0.000000000000000000e+00,7.900000000000020894e-02
1.973999999999999844e+01,0.000000000000000000e+00,0.000000000000000000e+00,7.300000000000020361e-02
1.976000000000000156e+01,3.626434675605883298e-03,2.685300075378169475e-04,7.482608695652193109e-02
1.978000000000000114e+01,7.252372945998869502e-03,5.436817487360569474e-04,7.665217391304367245e-02
1.980000000000000071e+01,1.087780272015190230e-02,8.254543060757298534e-04,7.847826086956541380e-02
1.982000000000000028e+01,1.450271190873349617e-02,1.113846739960017672e-03,8.030434782608715516e-02
1.983999999999999986e+01,1.812708842414813976e-02,1.408858088717591245e-03,8.213043478260889652e-02
1.985999999999999943e+01,2.211390259110424666e-02,1.733370572350922002e-03,8.030434782608715516e-02
1.987999999999999901e+01,2.610130269854399679e-02,2.050602249623638493e-03,7.847826086956541380e-02
1.989999999999999858e+01,3.008927545011232801e-02,2.360552062697278495e-03,7.665217391304367245e-02
1.992000000000000171e+01,3.407780754754460850e-02,2.663218978015342072e-03,7.482608695652193109e-02
1.994000000000000128e+01,3.806688569071108030e-02,2.958601986306940573e-03,7.300000000000020361e-02
1.996000000000000085e+01,4.205642155737881333e-02,3.247740880509700570e-03,7.169565217391322964e-02
1.998000000000000043e+01,4.604633116788311303e-02,3.531675787793915351e-03,7.039130434782625567e-02
2.000000000000000000e+01,5.003660773409898677e-02,3.810406225094515632e-03,6.908695652173930946e-02
2.001999999999999957e+01,5.402724446727701774e-02,4.083931718201334188e-03,6.778260869565233548e-02
2.003999999999999915e+01,5.801823457805520279e-02,4.352251801758424965e-03,6.647826086956538927e-02
2.005999999999999872e+01,6.164672248570514379e-02,4.591446544948462986e-03,6.517391304347842917e-02
2.007999999999999829e+01,6.527551929979492906e-02,4.825908275692331224e-03,6.386956521739146908e-02
2.010000000000000142e+01,6.890461884656903790e-02,5.055636595094782984e-03,6.256521739130450899e-02
2.012000000000000099e+01,7.253401495175688940e-02,5.280631112314197045e-03,6.126086956521754889e-02
2.014000000000000057e+01,7.616370144058338953e-02,5.500891444561957500e-03,5.995652173913059574e-02
2.016000000000000014e+01,8.015666920749900393e-02,5.737969794358206699e-03,5.865217391304362871e-02
2.017999999999999972e+01,8.414994281029312961e-02,5.969839725131390051e-03,5.734782608695666861e-02
2.019999999999999929e+01,8.814351545511751873e-02,6.196500842395760537e-03,5.604347826086970852e-02
2.021999999999999886e+01,9.213738034761510820e-02,6.417952760527962860e-03,5.473913043478274842e-02
2.023999999999999844e+01,9.613153069293167707e-02,6.634195102766351701e-03,5.343478260869578833e-02
2.026000000000000156e+01,9.976277978035817673e-02,6.826990035341810870e-03,5.265217391304361644e-02
2.028000000000000114e+01,1.033941786387329309e-01,7.016943062054353288e-03,5.186956521739143761e-02
2.030000000000000071e+01,1.070257250439100027e-01,7.204054066561802611e-03,5.108695652173927959e-02
2.032000000000000028e+01,1.106574167716532359e-01,7.388322934264043851e-03,5.030434782608708688e-02
2.033999999999999986e+01,1.142892515976372952e-01,7.569749552299932099e-03,4.952173913043490805e-02
2.035999999999999943e+01,1.182844248674305154e-01,7.766192235274861980e-03,4.873913043478275003e-02
2.037999999999999901e+01,1.222797506514853583e-01,7.959508201069389124e-03,4.795652173913057814e-02
2.039999999999999858e+01,1.262752265027594079e-01,8.149697331282224760e-03,4.717391304347839237e-02
2.042000000000000171e+01,1.302708499741181136e-01,8.336759509426078588e-03,4.639130434782622742e-02
2.044000000000000128e+01,1.342666186183367194e-01,8.520694620930500257e-03,4.560869565217405552e-02
2.046000000000000085e+01,1.382625299881014569e-01,8.701502553139605148e-03,4.482608695652189057e-02
2.048000000000000043e+01,1.422585816360111555e-01,8.879183195312076102e-03,4.404347826086971868e-02
2.050000000000000000e+01,1.462547711145787133e-01,9.053736438623999697e-03,4.326086956521752597e-02
2.051999999999999957e+01,1.502510959762326515e-01,9.225162176164328209e-03,4.247826086956536101e-02
2.053999999999999915e+01,1.542475537733185575e-01,9.393460302939417653e-03,4.169565217391318912e-02
2.055999999999999872e+01,1.578808158503931247e-01,9.543615223786092172e-03,4.091304347826101723e-02
2.057999999999999829e+01,1.615141943273588898e-01,9.690926676444991048e-03,4.013043478260884533e-02
2.060000000000000142e+01,1.651476869788575386e-01,9.835394570690957072e-03,3.934782608695667344e-02
2.062000000000000099e+01,1.687812915794608126e-01,9.977018818040897866e-03,3.856521739130450155e-02
2.064000000000000057e+01,1.724150059036718419e-01,1.011579933175326719e-02,3.778260869565232966e-02
2.066000000000000014e+01,1.764122099081520123e-01,1.026532969633611563e-02,3.700000000000015776e-02
2.067999999999999972e+01,1.804095297122874086e-01,1.041173176883447744e-02,3.621739130434798587e-02
2.069999999999999929e+01,1.844069628678142447e-01,1.055500545957975891e-02,3.543478260869581398e-02
2.071999999999999886e+01,1.884045069263992067e-01,1.069515068082077178e-02,3.465217391304364208e-02
2.073999999999999844e+01,1.924021594396412016e-01,1.083216734672202801e-02,3.386956521739147019e-02
2.076000000000000156e+01,1.963999179590726618e-01,1.096605537336374329e-02,3.308695652173929830e-02
2.078000000000000114e+01,2.003977800361610440e-01,1.109681467874296980e-02,3.230434782608712641e-02
2.080000000000000071e+01,2.043957432223104664e-01,1.122444518277246339e-02,3.152173913043494757e-02
2.082000000000000028e+01,2.083938050688630694e-01,1.134894680728124744e-02,3.073913043478278262e-02
2.083999999999999986e+01,2.123919631271005415e-01,1.147031947601574904e-02,2.995652173913060379e-02
2.085999999999999943e+01,2.163902149482456738e-01,1.158856311463753348e-02,2.917391304347842843e-02
2.087999999999999901e+01,2.203885580834638036e-01,1.170367765072556805e-02,2.839130434782626000e-02
2.089999999999999858e+01,2.243869900838644238e-01,1.181566301377509100e-02,2.760869565217408464e-02
2.092000000000000171e+01,2.283855085005024876e-01,1.192451913519704081e-02,2.682608695652190234e-02
2.094000000000000128e+01,2.323841108843801018e-01,1.203024594831976143e-02,2.604347826086973045e-02
2.096000000000000085e+01,2.363827947864479140e-01,1.213284338838843505e-02,2.526086956521755508e-02
2.098000000000000043e+01,2.403815577576066398e-01,1.223231139256451133e-02,2.447826086956537972e-02
2.100000000000000000e+01,2.443803973487085612e-01,1.232864989992571263e-02,2.369565217391320436e-02
2.101999999999999957e+01,2.483793111105590812e-01,1.242185885146716157e-02,2.291304347826103593e-02
2.103999999999999915e+01,2.523782965939181389e-01,1.251193819010138972e-02,2.213043478260885016e-02
2.105999999999999872e+01,2.560138009171759044e-01,1.259098334515109004e-02,2.134782608695668174e-02
2.107999999999999829e+01,2.596493659885228400e-01,1.266718329898813486e-02,2.056521739130450291e-02
2.110000000000000142e+01,2.632849895812613972e-01,1.274053800494152899e-02,1.978260869565232755e-02
2.112000000000000099e+01,2.669206694686581116e-01,1.281104741808388771e-02,1.900000000000015218e-02
2.114000000000000057e+01,2.705564034239451021e-01,1.287871149522937589e-02,1.821739130434797335e-02
2.116000000000000014e+01,2.745557677999589385e-01,1.295001206490640697e-02,1.743478260869580146e-02
2.117999999999999972e+01,2.785551867516549152e-01,1.301818267572968542e-02,1.665217391304362957e-02
2.119999999999999929e+01,2.825546578294835243e-01,1.308322328594757090e-02,1.586956521739145073e-02
2.121999999999999886e+01,2.865541785838633393e-01,1.314513385572299402e-02,1.508695652173927711e-02
2.123999999999999844e+01,2.905537465651825690e-01,1.320391434713798738e-02,1.430434782608710348e-02
2.126000000000000156e+01,2.945533447609463562e-01,1.326060810081188500e-02,1.404347826086970938e-02
2.128000000000000114e+01,2.985529576102927130e-01,1.331625847912789283e-02,1.378260869565232048e-02
2.130000000000000071e+01,3.025525848410361984e-01,1.337086547829489588e-02,1.352173913043492812e-02
2.132000000000000028e+01,3.065522261809904836e-01,1.342442909460008459e-02,1.326086956521753575e-02
2.133999999999999986e+01,3.105518813579682402e-01,1.347694932439704417e-02,1.300000000000014685e-02
2.135999999999999943e+01,3.145515500997812519e-01,1.352842616411255826e-02,1.273913043478275449e-02
2.137999999999999901e+01,3.185512321342402475e-01,1.357885961024150531e-02,1.247826086956536039e-02
2.139999999999999858e+01,3.225509271891552898e-01,1.362824965935366568e-02,1.221739130434796802e-02
2.142000000000000171e+01,3.265506349923352758e-01,1.367659630808691282e-02,1.195652173913057566e-02
2.144000000000000128e+01,3.305503552715884363e-01,1.372389955315062200e-02,1.169565217391318156e-02
2.146000000000000085e+01,3.345500877547221141e-01,1.377015939132736518e-02,1.143478260869579093e-02
2.148000000000000043e+01,3.385498321695427637e-01,1.381537581946781085e-02,1.117391304347839683e-02
2.150000000000000000e+01,3.425495882438560624e-01,1.385954883449412416e-02,1.091304347826100619e-02
2.151999999999999957e+01,3.465493557054669105e-01,1.390267843340167037e-02,1.065217391304361556e-02
2.153999999999999915e+01,3.505491342821794309e-01,1.394476461325561308e-02,1.039130434782622320e-02
2.155999999999999872e+01,3.541853064818317187e-01,1.398207621137861206e-02,1.013043478260882736e-02
2.157999999999999829e+01,3.578214882912181261e-01,1.401843924158143948e-02,9.869565217391434997e-03
2.160000000000000142e+01,3.614576794628859280e-01,1.405385370138950880e-02,9.608695652174046101e-03
2.162000000000000099e+01,3.650938797493816224e-01,1.408831958839478100e-02,9.347826086956653735e-03
2.164000000000000057e+01,3.687300889032511519e-01,1.412183690024957153e-02,9.086956521739261369e-03
2.166000000000000014e+01,3.727299284544186575e-01,1.415766250811506012e-02,8.826086956521867269e-03
2.167999999999999972e+01,3.767297772152964352e-01,1.419244467836971481e-02,8.565217391304474903e-03
2.169999999999999929e+01,3.807296349136830016e-01,1.422618340864557906e-02,8.304347826087082537e-03
2.171999999999999886e+01,3.847295012773763734e-01,1.425887869664619299e-02,8.043478260869690172e-03
2.173999999999999844e+01,3.887293760341738458e-01,1.429053054014659506e-02,7.782608695652297806e-03
2.176000000000000156e+01,3.927292589118722699e-01,1.432113893699332383e-02,7.521739130434908042e-03
2.178000000000000114e+01,3.967291496382679417e-01,1.435070388510441448e-02,7.260869565217515677e-03
2.180000000000000071e+01,4.007290479411565465e-01,1.437922538246599533e-02,7.000000000000123311e-03
2.182000000000000028e+01,4.047289535483332701e-01,1.440670342713739824e-02,6.739130434782730078e-03
2.183999999999999986e+01,4.087288661875927986e-01,1.443313801724774824e-02,6.478260869565339447e-03
2.185999999999999943e+01,4.127287855867294297e-01,1.445852915100107570e-02,6.217391304347947949e-03
2.187999999999999901e+01,4.167287114735369058e-01,1.448287682666780062e-02,5.956521739130556450e-03
2.189999999999999858e+01,4.207286435758085252e-01,1.450618104258984131e-02,5.695652173913164952e-03
2.192000000000000171e+01,4.247285816213371978e-01,1.452844179718231800e-02,5.434782608695774321e-03
2.194000000000000128e+01,4.287285253379153893e-01,1.454965908893184924e-02,5.173913043478381955e-03
2.196000000000000085e+01,4.327284744533352878e-01,1.456983291639144321e-02,4.913043478260991324e-03
2.198000000000000043e+01,4.367284286953885819e-01,1.458896327819071519e-02,4.652173913043598959e-03
2.200000000000000000e+01,4.407283877918666826e-01,1.460705017302567181e-02,4.391304347826207460e-03
2.201999999999999957e+01,4.447283514705606677e-01,1.462409359966892336e-02,4.130434782608815962e-03
2.203999999999999915e+01,4.487283194592612823e-01,1.464009355695606966e-02,3.869565217391424030e-03
2.205999999999999872e+01,4.523646576651682572e-01,1.465369036317874622e-02,3.608695652174031664e-03
2.207999999999999829e+01,4.560009992943364066e-01,1.466633855898305874e-02,3.347826086956640600e-03
2.210000000000000142e+01,4.596373440993020143e-01,1.467803814350854968e-02,3.086956521739248668e-03
2.212000000000000099e+01,4.632736918326011422e-01,1.468878911595821422e-02,2.826086956521856302e-03
2.214000000000000057e+01,4.669100422467696854e-01,1.469859147560004589e-02,2.565217391304464804e-03
2.216000000000000014e+01,4.709100326928984392e-01,1.470728712070286034e-02,1.782608695652290092e-03
2.217999999999999972e+01,4.749100287193642189e-01,1.471285233615676584e-02,1.000000000000115814e-03
2.219999999999999929e+01,4.789100278762640772e-01,1.471528711855310707e-02,2.173913043479414270e-04
2.221999999999999886e+01,4.829100277136931796e-01,1.471459146640006523e-02,-5.652173913042329596e-04
2.223999999999999844e+01,4.869100257817463029e-01,1.471076538012492697e-02,-1.347826086956406804e-03
2.226000000000000156e+01,4.909100196305192232e-01,1.470380886207011545e-02,-2.130434782608580865e-03
2.228000000000000114e+01,4.949100068101104366e-01,1.469372191649659376e-02,-2.913043478260754927e-03
2.230000000000000071e+01,4.989099848706223805e-01,1.468050454958215977e-02,-3.695652173912930289e-03
2.232000000000000028e+01,5.029099513621630990e-01,1.466415676942258405e-02,-4.478260869565103483e-03
2.233999999999999986e+01,5.069099038348477970e-01,1.464467858603047540e-02,-5.260869565217277978e-03
2.235999999999999943e+01,5.105462092929864415e-01,1.462412533630756857e-02,-6.043478260869452473e-03
2.237999999999999901e+01,5.141824975523991981e-01,1.460072628889768839e-02,-6.826086956521626968e-03
2.239999999999999858e+01,5.178187663859455947e-01,1.457448145813249052e-02,-7.608695652173801463e-03
2.242000000000000171e+01,5.214550135664970387e-01,1.454539086008569369e-02,-8.391304347825978560e-03
2.244000000000000128e+01,5.250912368669380381e-01,1.451345451257566102e-02,-9.173913043478150453e-03
2.246000000000000085e+01,5.290910328195423951e-01,1.447310737630073257e-02,-1.099999999999989007e-02
2.248000000000000043e+01,5.330907484259632678e-01,1.442545633613781693e-02,-1.282608695652163143e-02
2.250000000000000000e+01,5.370903703487784897e-01,1.437050155098400055e-02,-1.465217391304336932e-02
2.251999999999999957e+01,5.410898852508781998e-01,1.430824320409104615e-02,-1.647826086956510547e-02
2.253999999999999915e+01,5.450892797955094737e-01,1.423868150306490873e-02,-1.830434782608685029e-02
2.255999999999999872e+01,5.490886001209980272e-01,1.416494654936679629e-02,-1.856521739130424092e-02
2.257999999999999829e+01,5.530879010751987845e-01,1.409016829723622362e-02,-1.882608695652163155e-02
2.260000000000000142e+01,5.570871823859475658e-01,1.401434675175978681e-02,-1.908695652173901872e-02
2.262000000000000099e+01,5.610864437810815231e-01,1.393748191809898902e-02,-1.934782608695641629e-02
2.264000000000000057e+01,5.650856849884392519e-01,1.385957380148512483e-02,-1.960869565217380692e-02
2.266000000000000014e+01,5.690847753559109545e-01,1.377436289721199227e-02,-2.299999999999988859e-02
2.267999999999999972e+01,5.730835537511890232e-01,1.367559037638704095e-02,-2.639130434782598067e-02
2.269999999999999929e+01,5.770819741845862882e-01,1.356325737498647460e-02,-2.978260869565206234e-02
2.271999999999999886e+01,5.810799906705326201e-01,1.343736518494472072e-02,-3.317391304347815789e-02
2.273999999999999844e+01,5.850775572281037284e-01,1.329791525413976869e-02,-3.656521739130422916e-02
2.276000000000000156e+01,5.890747869960666350e-01,1.314908006448086211e-02,-3.786956521739119619e-02
2.278000000000000114e+01,5.930718192309389902e-01,1.299503122495075137e-02,-3.917391304347815628e-02
2.280000000000000071e+01,5.970686471324778699e-01,1.283576899763587582e-02,-4.047826086956511638e-02
2.282000000000000028e+01,6.010652639007880715e-01,1.267129365349324230e-02,-4.178260869565207647e-02
2.283999999999999986e+01,6.050616627363335498e-01,1.250160547234769465e-02,-4.308695652173903656e-02
2.285999999999999943e+01,6.086944217483778452e-01,1.233976177442559254e-02,-4.595652173913034044e-02
2.287999999999999901e+01,6.123267013832198735e-01,1.216749431824854823e-02,-4.882608695652164432e-02
2.289999999999999858e+01,6.159584717312203139e-01,1.198480452233563996e-02,-5.169565217391294126e-02
2.292000000000000171e+01,6.195897028869334910e-01,1.179169389102747295e-02,-5.456521739130426596e-02
2.294000000000000128e+01,6.232203649493536224e-01,1.158816401447408488e-02,-5.743478260869556984e-02
2.296000000000000085e+01,6.268505953358027849e-01,1.137705749531136082e-02,-5.873913043478253687e-02
2.298000000000000043e+01,6.304805472779033693e-01,1.116121607395864461e-02,-6.004347826086949697e-02
2.300000000000000000e+01,6.341102145999347739e-01,1.094064011763214682e-02,-6.134782608695644318e-02
2.301999999999999957e+01,6.377395911266603434e-01,1.071533000160262983e-02,-6.265217391304342409e-02
2.303999999999999915e+01,6.413686706833382489e-01,1.048528610919510426e-02,-6.395652173913037031e-02
2.305999999999999872e+01,6.446345694544926008e-01,1.027398655952972695e-02,-6.526086956521733040e-02
2.307999999999999829e+01,6.479001898394425307e-01,1.005842732285422252e-02,-6.656521739130429050e-02
2.310000000000000142e+01,6.511655262823128343e-01,9.838608765904491293e-03,-6.786956521739125059e-02
2.312000000000000099e+01,6.544305732277115872e-01,9.614531262663027558e-03,-6.917391304347819680e-02
2.314000000000000057e+01,6.576953251207392492e-01,9.386195194357802377e-03,-7.047826086956517078e-02
2.316000000000000014e+01,6.609598371207857648e-01,9.154452542841225518e-03,-7.126086956521734961e-02
2.317999999999999972e+01,6.642241667573184349e-01,8.920155127075163684e-03,-7.204347826086952844e-02
2.319999999999999929e+01,6.674883120310125539e-01,8.683303090561938012e-03,-7.282608695652170727e-02
2.321999999999999886e+01,6.707522709426563257e-01,8.443896578367547645e-03,-7.360869565217389998e-02
2.323999999999999844e+01,6.740160414931521959e-01,8.201935737123064452e-03,-7.439130434782606494e-02
2.326000000000000156e+01,6.769167723652991242e-01,7.981562150804203531e-03,-7.726086956521736882e-02
2.328000000000000114e+01,6.798168589190483058e-01,7.752865646815191095e-03,-8.013043478260867269e-02
2.330000000000000071e+01,6.827162772739302499e-01,7.515848108334438095e-03,-8.299999999999994882e-02
2.332000000000000028e+01,6.856150035549776200e-01,7.270511487058689722e-03,-8.586956521739126658e-02
2.333999999999999986e+01,6.885130138929219656e-01,7.016857803187721669e-03,-8.873913043478257046e-02
2.335999999999999943e+01,6.914105571258007954e-01,6.757912444059837979e-03,-8.952173913043472153e-02
2.337999999999999901e+01,6.943078968184723809e-01,6.496699521932344443e-03,-9.030434782608690036e-02
2.339999999999999858e+01,6.972050311963844393e-01,6.233219196791546513e-03,-9.108695652173910695e-02
2.342000000000000171e+01,7.001019584851109201e-01,5.967471630013684684e-03,-9.186956521739127191e-02
2.344000000000000128e+01,7.029986769103522271e-01,5.699456984362460781e-03,-9.265217391304346461e-02
2.346000000000000085e+01,7.055331828904475300e-01,5.463621781112568826e-03,-9.291304347826084831e-02
2.348000000000000043e+01,7.080676272620763934e-01,5.227125410423085275e-03,-9.317391304347824588e-02
2.350000000000000000e+01,7.106020098527623396e-01,4.989967888385474226e-03,-9.343478260869564345e-02
2.351999999999999957e+01,7.131363304900333322e-01,4.752149231141033180e-03,-9.369565217391305489e-02
2.353999999999999915e+01,7.156705890014211091e-01,4.513669454874391293e-03,-9.395652173913043859e-02
2.355999999999999872e+01,7.182047226861710820e-01,4.273867494733107550e-03,-9.473913043478261742e-02
2.357999999999999829e+01,7.207386679237923754e-01,4.032082373172908574e-03,-9.552173913043479625e-02
2.360000000000000142e+01,7.232724231623036681e-01,3.788314238282069948e-03,-9.630434782608698896e-02
2.362000000000000099e+01,7.258059868498397682e-01,3.542563239362534009e-03,-9.708695652173912616e-02
2.364000000000000057e+01,7.283393574346529453e-01,3.294829526930631927e-03,-9.786956521739130499e-02
2.366000000000000014e+01,7.308725333651135969e-01,3.045113252717444961e-03,-9.865217391304349770e-02
2.367999999999999972e+01,7.334055130897113584e-01,2.793414569668804023e-03,-9.943478260869567653e-02
2.369999999999999929e+01,7.359382950570561022e-01,2.539733631943845524e-03,-1.002173913043478554e-01
2.371999999999999886e+01,7.384708777158788262e-01,2.284070594916095143e-03,-1.010000000000000342e-01
2.373999999999999844e+01,7.410032595150325418e-01,2.026425615173467389e-03,-1.017826086956522130e-01
2.376000000000000156e+01,7.431735823429111987e-01,1.802756040829095940e-03,-1.036086956521739544e-01
2.378000000000000114e+01,7.453434931123532614e-01,1.575123643403451715e-03,-1.054347826086957235e-01
2.380000000000000071e+01,7.475129845875903012e-01,1.343529181957775443e-03,-1.072608695652174510e-01
2.382000000000000028e+01,7.496820495342519930e-01,1.107973428765250679e-03,-1.090869565217391923e-01
2.383999999999999986e+01,7.518506807193903185e-01,8.684571693083501052e-04,-1.109130434782609198e-01
2.385999999999999943e+01,7.540189978932676507e-01,6.261124375414788088e-04,-1.116956521739131125e-01
2.387999999999999901e+01,7.561871247420485220e-01,3.820708362882032174e-04,-1.124782608695652913e-01
2.389999999999999858e+01,7.583550599378063861e-01,1.363325150178626346e-04,-1.132608695652174424e-01
2.392000000000000171e+01,7.605228021527323801e-01,-1.111023757608465591e-04,-1.140434782608696351e-01
2.394000000000000128e+01,7.626903500591355467e-01,-3.602336844995612580e-04,-1.148260869565218140e-01
2.396000000000000085e+01,7.648577677381427353e-01,-6.104958595163508493e-04,-1.150869565217392254e-01
2.398000000000000043e+01,7.670251200576162498e-01,-8.613234393175059778e-04,-1.153478260869566091e-01
2.400000000000000000e+01,7.691924068700614070e-01,-1.112716406835345933e-03,-1.156086956521740206e-01
2.401999999999999957e+01,7.713596280279880757e-01,-1.364674744961333905e-03,-1.158695652173914181e-01
2.403999999999999915e+01,7.735267833839105656e-01,-1.617198436548862627e-03,-1.161304347826088157e-01
2.405999999999999872e+01,7.753328009745479310e-01,-1.827163713557573409e-03,-1.153478260869566230e-01
2.407999999999999829e+01,7.771389823327484736e-01,-2.035715521340086126e-03,-1.145652173913044442e-01
2.410000000000000142e+01,7.789453263522689852e-01,-2.242853732163492975e-03,-1.137826086956522931e-01
2.412000000000000099e+01,7.807518319267664486e-01,-2.448578219160757984e-03,-1.130000000000001004e-01
2.414000000000000057e+01,7.825584979497989258e-01,-2.652888856330203309e-03,-1.122173913043479215e-01
2.416000000000000014e+01,7.843646221786256811e-01,-2.861911526556678437e-03,-1.182173913043479269e-01
2.417999999999999972e+01,7.861694597688172470e-01,-3.081767114738990457e-03,-1.242173913043479183e-01
2.419999999999999929e+01,7.879729457464152986e-01,-3.312447706099719974e-03,-1.302173913043479514e-01
2.421999999999999886e+01,7.897750151861194778e-01,-3.553944996162467906e-03,-1.362173913043479567e-01
2.423999999999999844e+01,7.915756032136246345e-01,-3.806250291050840718e-03,-1.422173913043479621e-01
2.426000000000000156e+01,7.933751926262037069e-01,-4.065599768550887463e-03,-1.440434782608696895e-01
2.428000000000000114e+01,7.951743054438991098e-01,-4.328235018565516033e-03,-1.458695652173914170e-01
2.430000000000000071e+01,7.969729356674024601e-01,-4.594155165313292509e-03,-1.476956521739131445e-01
2.432000000000000028e+01,7.987710772990147534e-01,-4.863359322058654309e-03,-1.495217391304348720e-01
2.433999999999999986e+01,8.005687243426660160e-01,-5.135846591115447723e-03,-1.513478260869565717e-01
2.435999999999999943e+01,8.023661220940581096e-01,-5.409975114362183812e-03,-1.513478260869565439e-01
2.437999999999999901e+01,8.041635198454502031e-01,-5.684103637608919901e-03,-1.513478260869565162e-01
2.439999999999999858e+01,8.059609175968422967e-01,-5.958232160855655990e-03,-1.513478260869564884e-01
2.442000000000000171e+01,8.077583153482343903e-01,-6.232360684102392079e-03,-1.513478260869564884e-01
2.444000000000000128e+01,8.095557130996264839e-01,-6.506489207349128168e-03,-1.513478260869564884e-01
2.446000000000000085e+01,8.109937169681004088e-01,-6.725229339944972448e-03,-1.505652173913043235e-01
2.448000000000000043e+01,8.124318915841149957e-01,-6.942844011337266294e-03,-1.497826086956521585e-01
2.450000000000000000e+01,8.138702360668224056e-01,-7.159333088242331340e-03,-1.489999999999999936e-01
2.451999999999999957e+01,8.153087495352705494e-01,-7.374696438065474549e-03,-1.482173913043478286e-01
2.453999999999999915e+01,8.167474311084040872e-01,-7.588933928901810469e-03,-1.474347826086956359e-01
2.455999999999999872e+01,8.181856610090146864e-01,-7.806173200078219201e-03,-1.523913043478260787e-01
2.457999999999999829e+01,8.196227964963255230e-01,-8.030538391369796206e-03,-1.573478260869565493e-01
2.460000000000000142e+01,8.210588022641466255e-01,-8.262023990784031491e-03,-1.623043478260869921e-01
2.462000000000000099e+01,8.224936430340417104e-01,-8.500624311400901620e-03,-1.672608695652174349e-01
2.464000000000000057e+01,8.239272835561951558e-01,-8.746333491512643318e-03,-1.722173913043478777e-01
2.466000000000000014e+01,8.253606035066471946e-01,-8.993912624542891102e-03,-1.698695652173913551e-01
2.467999999999999972e+01,8.267945007788783940e-01,-9.238125892330811481e-03,-1.675217391304348324e-01
2.469999999999999929e+01,8.282289674688386727e-01,-9.478971948703302647e-03,-1.651739130434783098e-01
2.471999999999999886e+01,8.296639956693390161e-01,-9.716449466048365097e-03,-1.628260869565217872e-01
2.473999999999999844e+01,8.310995774700953298e-01,-9.950557135322179309e-03,-1.604782608695652368e-01
2.476000000000000156e+01,8.325354334334532647e-01,-1.018297944885607036e-02,-1.604782608695652368e-01
2.478000000000000114e+01,8.339712893968111995e-01,-1.041540176238996140e-02,-1.604782608695652368e-01
2.480000000000000071e+01,8.354071453601691344e-01,-1.064782407592385245e-02,-1.604782608695652368e-01
2.482000000000000028e+01,8.368430013235270692e-01,-1.088024638945774350e-02,-1.604782608695652368e-01
2.483999999999999986e+01,8.382788572868850041e-01,-1.111266870299163455e-02,-1.604782608695652368e-01
2.485999999999999943e+01,8.397147132502429390e-01,-1.134509101652552560e-02,-1.604782608695652368e-01
2.487999999999999901e+01,8.411505692136008738e-01,-1.157751333005941664e-02,-1.604782608695652368e-01
2.489999999999999858e+01,8.425864251769588087e-01,-1.180993564359330769e-02,-1.604782608695652368e-01
2.492000000000000171e+01,8.440222811403167436e-01,-1.204235795712719874e-02,-1.604782608695652368e-01
2.494000000000000128e+01,8.454581371036746784e-01,-1.227478027066108979e-02,-1.604782608695652368e-01
2.496000000000000085e+01,8.465350063270135061e-01,-1.244923746800371753e-02,-1.607391304347826066e-01
2.498000000000000043e+01,8.476118300031376673e-01,-1.262397558181342465e-02,-1.610000000000000320e-01
2.500000000000000000e+01,8.486886080587660031e-01,-1.279899460019826712e-02,-1.612608695652174573e-01
2.501999999999999957e+01,8.497653404206207961e-01,-1.297429451124773245e-02,-1.615217391304348271e-01
2.503999999999999915e+01,8.508420270154269938e-01,-1.314987530303273616e-02,-1.617826086956522802e-01
2.505999999999999872e+01,8.519182975310261030e-01,-1.332798333599474923e-02,-1.662173913043479001e-01
2.507999999999999829e+01,8.529937675951588805e-01,-1.351086262762728543e-02,-1.706521739130435478e-01
2.510000000000000142e+01,8.540684160562709293e-01,-1.369850958119493527e-02,-1.750869565217391677e-01
2.512000000000000099e+01,8.551422217789667046e-01,-1.389092050619543731e-02,-1.795217391304348709e-01
2.514000000000000057e+01,8.562151636444249592e-01,-1.408809161843221393e-02,-1.839565217391305463e-01
2.516000000000000014e+01,8.572873261231526154e-01,-1.428945974711103885e-02,-1.873478260869566037e-01
2.517999999999999972e+01,8.583587995371438906e-01,-1.449446274013511428e-02,-1.907391304347826888e-01
2.519999999999999929e+01,8.594295715634536759e-01,-1.470309823977857151e-02,-1.941304347826087739e-01
2.521999999999999886e+01,8.604996298872032989e-01,-1.491536384653821372e-02,-1.975217391304348868e-01
2.523999999999999844e+01,8.615689622017225213e-01,-1.513125711916126284e-02,-2.009130434782609442e-01
2.526000000000000156e+01,8.626380124917742975e-01,-1.534854508759700593e-02,-2.001304347826087793e-01
2.528000000000000114e+01,8.637072325058782196e-01,-1.556499634152340786e-02,-1.993478260869565866e-01
2.530000000000000071e+01,8.647766215891623531e-01,-1.578061074836872857e-02,-1.985652173913044494e-01
2.532000000000000028e+01,8.658461790866511798e-01,-1.599538817607472005e-02,-1.977826086956522567e-01
2.533999999999999986e+01,8.669159043432661527e-01,-1.620932849309492108e-02,-1.970000000000000917e-01
2.535999999999999943e+01,8.679857967038256961e-01,-1.642243156839619592e-02,-1.962173913043479268e-01
2.537999999999999901e+01,8.690558555130462048e-01,-1.663469727145782187e-02,-1.954347826086957618e-01
2.539999999999999858e+01,8.701260801155419333e-01,-1.684612547227209642e-02,-1.946521739130435968e-01
2.542000000000000171e+01,8.711964698558255504e-01,-1.705671604134434416e-02,-1.938695652173914596e-01
2.544000000000000128e+01,8.722670240783086948e-01,-1.726646884969275375e-02,-1.930869565217392669e-01
2.546000000000000085e+01,8.733373033139995023e-01,-1.747761775849395599e-02,-1.964782608695653521e-01
2.548000000000000043e+01,8.744068603262449280e-01,-1.769239508875833367e-02,-1.998695652173914372e-01
2.550000000000000000e+01,8.754756828141402325e-01,-1.791079837034591574e-02,-2.032608695652174946e-01
2.551999999999999957e+01,8.765437584852283637e-01,-1.813282509141496759e-02,-2.066521739130436075e-01
2.553999999999999915e+01,8.776110750556412876e-01,-1.835847269845074931e-02,-2.100434782608696926e-01
2.555999999999999872e+01,8.786777997120601702e-01,-1.858690391635376554e-02,-2.118695652173914201e-01
2.557999999999999829e+01,8.797441054548973405e-01,-1.881728268429291515e-02,-2.136956521739131476e-01
2.560000000000000142e+01,8.808099887284573937e-01,-1.904960823404886969e-02,-2.155217391304349028e-01
2.562000000000000099e+01,8.818754459784539090e-01,-1.928387979091060120e-02,-2.173478260869566026e-01
2.564000000000000057e+01,8.829404736520209962e-01,-1.952009657367784548e-02,-2.191739130434783300e-01
2.566000000000000014e+01,8.836503687367256443e-01,-1.967813006869492329e-02,-2.189130434782609047e-01
2.567999999999999972e+01,8.843603050234036811e-01,-1.983597836831503189e-02,-2.186521739130435349e-01
2.569999999999999929e+01,8.850702824637419752e-01,-1.999364146179577126e-02,-2.183913043478261373e-01
2.571999999999999886e+01,8.857803010094243978e-01,-2.015111933840743608e-02,-2.181304347826087675e-01
2.573999999999999844e+01,8.857803010094243978e-01,-2.015111933840743608e-02,-2.168695652173913690e-01
2.576000000000000156e+01,8.857803010094243978e-01,-2.015111933840743608e-02,-2.156086956521739706e-01
2.578000000000000114e+01,8.857803010094243978e-01,-2.015111933840743608e-02,-2.143478260869565721e-01
2.580000000000000071e+01,8.857803010094243978e-01,-2.015111933840743608e-02,-2.130869565217391459e-01
2.582000000000000028e+01,8.857803010094243978e-01,-2.015111933840743608e-02,-2.118260869565218307e-01
2.583999999999999986e+01,8.857803010094243978e-01,-2.015111933840743608e-02,-2.095652173913044591e-01
2.585999999999999943e+01,8.857803010094243978e-01,-2.015111933840743608e-02,-2.073043478260870320e-01
2.587999999999999901e+01,8.857803010094243978e-01,-2.015111933840743608e-02,-2.050434782608696327e-01
2.589999999999999858e+01,8.857803010094243978e-01,-2.015111933840743608e-02,-2.027826086956521778e-01
2.592000000000000171e+01,8.857803010094243978e-01,-2.015111933840743608e-02,-2.005217391304348062e-01
2.594000000000000128e+01,8.857803010094243978e-01,-2.015111933840743608e-02,-1.972608695652174060e-01
2.596000000000000085e+01,8.857803010094243978e-01,-2.015111933840743608e-02,-1.940000000000000058e-01
2.598000000000000043e+01,8.857803010094243978e-01,-2.015111933840743608e-02,-1.907391304347826333e-01
2.600000000000000000e+01,8.857803010094243978e-01,-2.015111933840743608e-02,-1.874782608695652053e-01
2.601999999999999957e+01,8.857803010094243978e-01,-2.015111933840743608e-02,-1.842173913043478328e-01
2.603999999999999915e+01,8.857803010094243978e-01,-2.015111933840743608e-02,-1.799565217391304039e-01
2.605999999999999872e+01,8.857803010094243978e-01,-2.015111933840743608e-02,-1.756956521739129751e-01
2.607999999999999829e+01,8.857803010094243978e-01,-2.015111933840743608e-02,-1.714347826086956295e-01
2.610000000000000142e+01,8.857803010094243978e-01,-2.015111933840743608e-02,-1.671739130434782006e-01
2.612000000000000099e+01,8.857803010094243978e-01,-2.015111933840743608e-02,-1.629130434782607995e-01
2.614000000000000057e+01,8.857803010094243978e-01,-2.015111933840743608e-02,-1.576521739130434530e-01
2.616000000000000014e+01,8.857803010094243978e-01,-2.015111933840743608e-02,-1.523913043478259954e-01
2.617999999999999972e+01,8.857803010094243978e-01,-2.015111933840743608e-02,-1.471304347826085934e-01
2.619999999999999929e+01,8.857803010094243978e-01,-2.015111933840743608e-02,-1.418695652173911359e-01
2.621999999999999886e+01,8.857803010094243978e-01,-2.015111933840743608e-02,-1.366086956521737616e-01
2.623999999999999844e+01,8.857803010094243978e-01,-2.015111933840743608e-02,-1.306086956521737008e-01
2.626000000000000156e+01,8.857803010094243978e-01,-2.015111933840743608e-02,-1.246086956521737094e-01
2.628000000000000114e+01,8.857803010094243978e-01,-2.015111933840743608e-02,-1.186086956521737318e-01
2.630000000000000071e+01,8.857803010094243978e-01,-2.015111933840743608e-02,-1.126086956521736987e-01
2.632000000000000028e+01,8.857803010094243978e-01,-2.015111933840743608e-02,-1.066086956521737211e-01
2.633999999999999986e+01,8.857803010094243978e-01,-2.015111933840743608e-02,-1.006086956521737019e-01
2.635999999999999943e+01,8.857803010094243978e-01,-2.015111933840743608e-02,-9.460869565217369659e-02
2.637999999999999901e+01,8.857803010094243978e-01,-2.015111933840743608e-02,-8.860869565217369126e-02
2.639999999999999858e+01,8.857803010094243978e-01,-2.015111933840743608e-02,-8.260869565217367205e-02
2.642000000000000171e+01,8.857803010094243978e-01,-2.015111933840743608e-02,-7.660869565217368060e-02
2.644000000000000128e+01,8.857803010094243978e-01,-2.015111933840743608e-02,-7.060869565217366139e-02
2.646000000000000085e+01,8.857803010094243978e-01,-2.015111933840743608e-02,-6.460869565217368382e-02
2.648000000000000043e+01,8.857803010094243978e-01,-2.015111933840743608e-02,-5.860869565217366461e-02
2.650000000000000000e+01,8.857803010094243978e-01,-2.015111933840743608e-02,-5.260869565217368010e-02
2.651999999999999957e+01,8.857803010094243978e-01,-2.015111933840743608e-02,-4.660869565217366089e-02
2.653999999999999915e+01,8.857803010094243978e-01,-2.015111933840743608e-02,-4.660869565217365396e-02
2.655999999999999872e+01,8.857803010094243978e-01,-2.015111933840743608e-02,-4.660869565217364702e-02
2.657999999999999829e+01,8.857803010094243978e-01,-2.015111933840743608e-02,-4.660869565217364008e-02
2.660000000000000142e+01,8.865067343122341459e-01,-2.018604659788674621e-02,-4.947826086956495090e-02
2.662000000000000099e+01,8.872330643982617726e-01,-2.022305825844121149e-02,-5.234782608695625478e-02
2.664000000000000057e+01,8.879592852866154962e-01,-2.026215401530206961e-02,-5.521739130434756559e-02
2.666000000000000014e+01,8.886853909973029264e-01,-2.030333354653926156e-02,-5.808695652173886947e-02
2.667999999999999972e+01,8.894113755512800257e-01,-2.034659651306410660e-02,-6.095652173913017335e-02
2.669999999999999929e+01,8.894113755512800257e-01,-2.034659651306410660e-02,-6.095652173913017335e-02
2.671999999999999886e+01,8.894113755512800257e-01,-2.034659651306410660e-02,-6.095652173913017335e-02
2.673999999999999844e+01,8.894113755512800257e-01,-2.034659651306410660e-02,-6.095652173913017335e-02
2.676000000000000156e+01,8.894113755512800257e-01,-2.034659651306410660e-02,-6.095652173913017335e-02
2.678000000000000114e+01,8.894113755512800257e-01,-2.034659651306410660e-02,-6.095652173913017335e-02
2.680000000000000071e+01,8.894113755512800257e-01,-2.034659651306410660e-02,-6.095652173913017335e-02
2.682000000000000028e+01,8.894113755512800257e-01,-2.034659651306410660e-02,-6.095652173913017335e-02
2.683999999999999986e+01,8.894113755512800257e-01,-2.034659651306410660e-02,-6.095652173913017335e-02
2.685999999999999943e+01,8.894113755512800257e-01,-2.034659651306410660e-02,-6.095652173913017335e-02
2.687999999999999901e+01,8.894113755512800257e-01,-2.034659651306410660e-02,-6.095652173913017335e-02
2.689999999999999858e+01,8.894113755512800257e-01,-2.034659651306410660e-02,-6.095652173913017335e-02
2.692000000000000171e+01,8.894113755512800257e-01,-2.034659651306410660e-02,-6.095652173913017335e-02
2.694000000000000128e+01,8.894113755512800257e-01,-2.034659651306410660e-02,-6.095652173913017335e-02
2.696000000000000085e+01,8.894113755512800257e-01,-2.034659651306410660e-02,-6.095652173913017335e-02
2.698000000000000043e+01,8.894113755512800257e-01,-2.034659651306410660e-02,-6.095652173913017335e-02
2.700000000000000000e+01,8.894113755512800257e-01,-2.034659651306410660e-02,-6.095652173913017335e-02
2.701999999999999957e+01,8.894113755512800257e-01,-2.034659651306410660e-02,-6.095652173913017335e-02
2.703999999999999915e+01,8.894113755512800257e-01,-2.034659651306410660e-02,-6.095652173913017335e-02
2.705999999999999872e+01,8.894113755512800257e-01,-2.034659651306410660e-02,-6.095652173913017335e-02
2.707999999999999829e+01,8.894113755512800257e-01,-2.034659651306410660e-02,-6.095652173913017335e-02
2.710000000000000142e+01,8.894113755512800257e-01,-2.034659651306410660e-02,-6.095652173913017335e-02
2.712000000000000099e+01,8.894113755512800257e-01,-2.034659651306410660e-02,-6.095652173913017335e-02
2.714000000000000057e+01,8.894113755512800257e-01,-2.034659651306410660e-02,-6.095652173913017335e-02
2.716000000000000014e+01,8.894113755512800257e-01,-2.034659651306410660e-02,-6.095652173913017335e-02
2.717999999999999972e+01,8.894113755512800257e-01,-2.034659651306410660e-02,-6.095652173913017335e-02
2.719999999999999929e+01,8.894113755512800257e-01,-2.034659651306410660e-02,-6.095652173913017335e-02
2.721999999999999886e+01,8.894113755512800257e-01,-2.034659651306410660e-02,-6.095652173913017335e-02
2.723999999999999844e+01,8.894113755512800257e-01,-2.034659651306410660e-02,-6.095652173913017335e-02
2.726000000000000156e+01,8.894113755512800257e-01,-2.034659651306410660e-02,-6.095652173913017335e-02
2.728000000000000114e+01,8.894113755512800257e-01,-2.034659651306410660e-02,-6.095652173913017335e-02
2.730000000000000071e+01,8.894113755512800257e-01,-2.034659651306410660e-02,-6.095652173913017335e-02
