# time,x,y,yaw
2.000000000000000042e-02,0.000000000000000000e+00,0.000000000000000000e+00,0.000000000000000000e+00
4.000000000000000083e-02,0.000000000000000000e+00,0.000000000000000000e+00,0.000000000000000000e+00
6.000000000000000472e-02,0.000000000000000000e+00,0.000000000000000000e+00,0.000000000000000000e+00
8.000000000000000167e-02,0.000000000000000000e+00,0.000000000000000000e+00,0.000000000000000000e+00
1.000000000000000056e-01,0.000000000000000000e+00,0.000000000000000000e+00,0.000000000000000000e+00
1.200000000000000094e-01,0.000000000000000000e+00,0.000000000000000000e+00,0.000000000000000000e+00
1.400000000000000133e-01,0.000000000000000000e+00,0.000000000000000000e+00,0.000000000000000000e+00
1.600000000000000033e-01,4.000000000000000083e-03,0.000000000000000000e+00,0.000000000000000000e+00
1.800000000000000211e-01,8.000000000000000167e-03,0.000000000000000000e+00,0.000000000000000000e+00
2.000000000000000111e-01,1.200000000000000025e-02,0.000000000000000000e+00,0.000000000000000000e+00
2.200000000000000011e-01,1.600000000000000033e-02,0.000000000000000000e+00,0.000000000000000000e+00
2.400000000000000189e-01,2.000000000000000042e-02,0.000000000000000000e+00,0.000000000000000000e+00
2.600000000000000089e-01,2.400000000000000050e-02,0.000000000000000000e+00,0.000000000000000000e+00
2.800000000000000266e-01,2.800000000000000058e-02,0.000000000000000000e+00,0.000000000000000000e+00
3.000000000000000444e-01,3.200000000000000067e-02,0.000000000000000000e+00,0.000000000000000000e+00
3.200000000000000067e-01,3.600000000000000422e-02,0.000000000000000000e+00,0.000000000000000000e+00
3.400000000000000244e-01,4.000000000000000777e-02,0.000000000000000000e+00,0.000000000000000000e+00
3.600000000000000422e-01,4.400000000000001132e-02,0.000000000000000000e+00,0.000000000000000000e+00
3.800000000000000044e-01,4.800000000000001488e-02,0.000000000000000000e+00,0.000000000000000000e+00
4.000000000000000222e-01,5.200000000000001843e-02,0.000000000000000000e+00,0.000000000000000000e+00
4.200000000000000400e-01,5.600000000000002198e-02,0.000000000000000000e+00,0.000000000000000000e+00
4.400000000000000022e-01,6.000000000000002554e-02,0.000000000000000000e+00,0.000000000000000000e+00
4.600000000000000200e-01,6.400000000000002909e-02,0.000000000000000000e+00,0.000000000000000000e+00
4.800000000000000377e-01,6.800000000000003264e-02,0.000000000000000000e+00,0.000000000000000000e+00
5.000000000000000000e-01,7.200000000000003619e-02,0.000000000000000000e+00,0.000000000000000000e+00
5.200000000000000178e-01,7.600000000000003975e-02,0.000000000000000000e+00,0.000000000000000000e+00
5.400000000000000355e-01,8.000000000000004330e-02,0.000000000000000000e+00,0.000000000000000000e+00
5.600000000000000533e-01,8.400000000000004685e-02,0.000000000000000000e+00,0.000000000000000000e+00
5.800000000000000711e-01,8.800000000000005040e-02,0.000000000000000000e+00,0.000000000000000000e+00
6.000000000000000888e-01,9.200000000000005396e-02,0.000000000000000000e+00,0.000000000000000000e+00
6.199999999999999956e-01,9.600000000000005751e-02,0.000000000000000000e+00,0.000000000000000000e+00
6.400000000000000133e-01,1.000000000000000611e-01,0.000000000000000000e+00,0.000000000000000000e+00
6.600000000000000311e-01,1.040000000000000646e-01,0.000000000000000000e+00,0.000000000000000000e+00
6.800000000000000488e-01,1.080000000000000682e-01,0.000000000000000000e+00,0.000000000000000000e+00
7.000000000000000666e-01,1.120000000000000717e-01,0.000000000000000000e+00,0.000000000000000000e+00
7.200000000000000844e-01,1.160000000000000753e-01,0.000000000000000000e+00,0.000000000000000000e+00
7.399999999999999911e-01,1.200000000000000788e-01,0.000000000000000000e+00,0.000000000000000000e+00
7.600000000000000089e-01,1.240000000000000824e-01,0.000000000000000000e+00,0.000000000000000000e+00
7.800000000000000266e-01,1.280000000000000859e-01,0.000000000000000000e+00,0.000000000000000000e+00
8.000000000000000444e-01,1.320000000000000895e-01,0.000000000000000000e+00,0.000000000000000000e+00
8.200000000000000622e-01,1.360000000000000930e-01,0.000000000000000000e+00,0.000000000000000000e+00
8.400000000000000799e-01,1.400000000000000966e-01,0.000000000000000000e+00,0.000000000000000000e+00
8.600000000000000977e-01,1.440000000000001001e-01,0.000000000000000000e+00,0.000000000000000000e+00
8.800000000000000044e-01,1.480000000000001037e-01,0.000000000000000000e+00,0.000000000000000000e+00
9.000000000000000222e-01,1.520000000000001072e-01,0.000000000000000000e+00,0.000000000000000000e+00
9.200000000000000400e-01,1.560000000000001108e-01,0.000000000000000000e+00,0.000000000000000000e+00
9.400000000000000577e-01,1.600000000000001144e-01,0.000000000000000000e+00,0.000000000000000000e+00
9.600000000000000755e-01,1.640000000000001179e-01,0.000000000000000000e+00,0.000000000000000000e+00
9.800000000000000933e-01,1.680000000000001215e-01,0.000000000000000000e+00,0.000000000000000000e+00
1.000000000000000000e+00,1.720000000000001250e-01,0.000000000000000000e+00,0.000000000000000000e+00
1.020000000000000018e+00,1.760000000000001286e-01,0.000000000000000000e+00,0.000000000000000000e+00
1.040000000000000036e+00,1.800000000000001321e-01,0.000000000000000000e+00,0.000000000000000000e+00
1.060000000000000053e+00,1.840000000000001357e-01,0.000000000000000000e+00,0.000000000000000000e+00
1.080000000000000071e+00,1.880000000000001392e-01,0.000000000000000000e+00,0.000000000000000000e+00
1.100000000000000089e+00,1.920000000000001428e-01,0.000000000000000000e+00,0.000000000000000000e+00
1.120000000000000107e+00,1.960000000000001463e-01,0.000000000000000000e+00,0.000000000000000000e+00
1.140000000000000124e+00,2.000000000000001499e-01,0.000000000000000000e+00,0.000000000000000000e+00
1.159999999999999920e+00,2.040000000000001534e-01,0.000000000000000000e+00,0.000000000000000000e+00
1.179999999999999938e+00,2.080000000000001570e-01,0.000000000000000000e+00,0.000000000000000000e+00
1.199999999999999956e+00,2.120000000000001605e-01,0.000000000000000000e+00,0.000000000000000000e+00
1.219999999999999973e+00,2.160000000000001641e-01,0.000000000000000000e+00,0.000000000000000000e+00
1.239999999999999991e+00,2.200000000000001676e-01,0.000000000000000000e+00,0.000000000000000000e+00
1.260000000000000009e+00,2.240000000000001712e-01,0.000000000000000000e+00,0.000000000000000000e+00
1.280000000000000027e+00,2.280000000000001747e-01,0.000000000000000000e+00,0.000000000000000000e+00
1.300000000000000044e+00,2.320000000000001783e-01,0.000000000000000000e+00,0.000000000000000000e+00
1.320000000000000062e+00,2.360000000000001819e-01,0.000000000000000000e+00,0.000000000000000000e+00
1.340000000000000080e+00,2.400000000000001854e-01,0.000000000000000000e+00,0.000000000000000000e+00
1.360000000000000098e+00,2.440000000000001890e-01,0.000000000000000000e+00,0.000000000000000000e+00
1.379999999999999893e+00,2.480000000000001925e-01,0.000000000000000000e+00,0.000000000000000000e+00
1.399999999999999911e+00,2.520000000000001683e-01,0.000000000000000000e+00,0.000000000000000000e+00
1.419999999999999929e+00,2.560000000000001719e-01,0.000000000000000000e+00,0.000000000000000000e+00
1.439999999999999947e+00,2.600000000000001754e-01,0.000000000000000000e+00,0.000000000000000000e+00
1.459999999999999964e+00,2.640000000000001790e-01,0.000000000000000000e+00,0.000000000000000000e+00
1.479999999999999982e+00,2.680000000000001825e-01,0.000000000000000000e+00,0.000000000000000000e+00
1.500000000000000000e+00,2.720000000000001861e-01,0.000000000000000000e+00,0.000000000000000000e+00
1.520000000000000018e+00,2.760000000000001896e-01,0.000000000000000000e+00,0.000000000000000000e+00
1.540000000000000036e+00,2.800000000000001932e-01,0.000000000000000000e+00,0.000000000000000000e+00
1.560000000000000053e+00,2.840000000000001967e-01,0.000000000000000000e+00,0.000000000000000000e+00
1.580000000000000071e+00,2.880000000000002003e-01,0.000000000000000000e+00,0.000000000000000000e+00
1.600000000000000089e+00,2.920000000000002038e-01,0.000000000000000000e+00,0.000000000000000000e+00
1.620000000000000107e+00,2.960000000000002074e-01,0.000000000000000000e+00,0.000000000000000000e+00
1.640000000000000124e+00,3.000000000000002109e-01,0.000000000000000000e+00,0.000000000000000000e+00
1.660000000000000142e+00,3.040000000000002145e-01,0.000000000000000000e+00,0.000000000000000000e+00
1.680000000000000160e+00,3.080000000000002180e-01,0.000000000000000000e+00,0.000000000000000000e+00
1.700000000000000178e+00,3.120000000000002216e-01,0.000000000000000000e+00,0.000000000000000000e+00
1.720000000000000195e+00,3.160000000000002252e-01,0.000000000000000000e+00,0.000000000000000000e+00
1.739999999999999991e+00,3.200000000000002287e-01,0.000000000000000000e+00,0.000000000000000000e+00
1.760000000000000009e+00,3.240000000000002323e-01,0.000000000000000000e+00,0.000000000000000000e+00
1.780000000000000027e+00,3.280000000000002358e-01,0.000000000000000000e+00,0.000000000000000000e+00
1.800000000000000044e+00,3.320000000000002394e-01,0.000000000000000000e+00,0.000000000000000000e+00
1.820000000000000062e+00,3.360000000000002429e-01,0.000000000000000000e+00,0.000000000000000000e+00
1.840000000000000080e+00,3.400000000000002465e-01,0.000000000000000000e+00,0.000000000000000000e+00
1.860000000000000098e+00,3.440000000000002500e-01,0.000000000000000000e+00,0.000000000000000000e+00
1.879999999999999893e+00,3.480000000000002536e-01,0.000000000000000000e+00,0.000000000000000000e+00
1.899999999999999911e+00,3.520000000000002571e-01,0.000000000000000000e+00,0.000000000000000000e+00
1.919999999999999929e+00,3.560000000000002607e-01,0.000000000000000000e+00,0.000000000000000000e+00
1.939999999999999947e+00,3.600000000000002642e-01,0.000000000000000000e+00,0.000000000000000000e+00
1.959999999999999964e+00,3.640000000000002678e-01,0.000000000000000000e+00,0.000000000000000000e+00
1.979999999999999982e+00,3.680000000000002713e-01,0.000000000000000000e+00,0.000000000000000000e+00
2.000000000000000000e+00,3.720000000000002749e-01,0.000000000000000000e+00,0.000000000000000000e+00
2.020000000000000018e+00,3.760000000000002784e-01,0.000000000000000000e+00,0.000000000000000000e+00
2.040000000000000036e+00,3.800000000000002820e-01,0.000000000000000000e+00,0.000000000000000000e+00
2.060000000000000053e+00,3.840000000000002855e-01,0.000000000000000000e+00,0.000000000000000000e+00
2.080000000000000071e+00,3.880000000000002891e-01,0.000000000000000000e+00,0.000000000000000000e+00
2.100000000000000089e+00,3.920000000000002927e-01,0.000000000000000000e+00,0.000000000000000000e+00
2.120000000000000107e+00,3.960000000000002962e-01,0.000000000000000000e+00,0.000000000000000000e+00
2.140000000000000124e+00,4.000000000000002998e-01,0.000000000000000000e+00,0.000000000000000000e+00
2.160000000000000142e+00,4.040000000000003033e-01,0.000000000000000000e+00,0.000000000000000000e+00
2.180000000000000160e+00,4.080000000000003069e-01,0.000000000000000000e+00,0.000000000000000000e+00
2.200000000000000178e+00,4.120000000000003104e-01,0.000000000000000000e+00,0.000000000000000000e+00
2.220000000000000195e+00,4.160000000000003140e-01,0.000000000000000000e+00,0.000000000000000000e+00
2.240000000000000213e+00,4.200000000000003175e-01,0.000000000000000000e+00,0.000000000000000000e+00
2.259999999999999787e+00,4.240000000000003211e-01,0.000000000000000000e+00,0.000000000000000000e+00
2.280000000000000249e+00,4.280000000000003246e-01,0.000000000000000000e+00,0.000000000000000000e+00
2.299999999999999822e+00,4.320000000000003282e-01,0.000000000000000000e+00,0.000000000000000000e+00
2.319999999999999840e+00,4.360000000000003317e-01,0.000000000000000000e+00,0.000000000000000000e+00
2.339999999999999858e+00,4.400000000000003353e-01,0.000000000000000000e+00,0.000000000000000000e+00
2.359999999999999876e+00,4.440000000000003388e-01,0.000000000000000000e+00,0.000000000000000000e+00
2.379999999999999893e+00,4.480000000000003424e-01,0.000000000000000000e+00,0.000000000000000000e+00
2.399999999999999911e+00,4.520000000000003459e-01,0.000000000000000000e+00,0.000000000000000000e+00
2.419999999999999929e+00,4.560000000000003495e-01,0.000000000000000000e+00,0.000000000000000000e+00
2.439999999999999947e+00,4.600000000000003531e-01,0.000000000000000000e+00,0.000000000000000000e+00
2.459999999999999964e+00,4.640000000000003566e-01,0.000000000000000000e+00,0.000000000000000000e+00
2.479999999999999982e+00,4.680000000000003602e-01,0.000000000000000000e+00,0.000000000000000000e+00
2.500000000000000000e+00,4.720000000000003637e-01,0.000000000000000000e+00,0.000000000000000000e+00
2.520000000000000018e+00,4.760000000000003673e-01,0.000000000000000000e+00,0.000000000000000000e+00
2.540000000000000036e+00,4.800000000000003708e-01,0.000000000000000000e+00,0.000000000000000000e+00
2.560000000000000053e+00,4.840000000000003744e-01,0.000000000000000000e+00,0.000000000000000000e+00
2.580000000000000071e+00,4.880000000000003779e-01,0.000000000000000000e+00,0.000000000000000000e+00
2.600000000000000089e+00,4.920000000000003815e-01,0.000000000000000000e+00,0.000000000000000000e+00
2.620000000000000107e+00,4.960000000000003850e-01,0.000000000000000000e+00,0.000000000000000000e+00
2.640000000000000124e+00,5.000000000000003331e-01,0.000000000000000000e+00,0.000000000000000000e+00
2.660000000000000142e+00,5.040000000000003366e-01,0.000000000000000000e+00,0.000000000000000000e+00
2.680000000000000160e+00,5.080000000000003402e-01,0.000000000000000000e+00,0.000000000000000000e+00
2.700000000000000178e+00,5.120000000000003437e-01,0.000000000000000000e+00,0.000000000000000000e+00
2.720000000000000195e+00,5.160000000000003473e-01,0.000000000000000000e+00,0.000000000000000000e+00
2.740000000000000213e+00,5.200000000000003508e-01,0.000000000000000000e+00,0.000000000000000000e+00
2.759999999999999787e+00,5.240000000000003544e-01,0.000000000000000000e+00,0.000000000000000000e+00
2.780000000000000249e+00,5.280000000000003579e-01,0.000000000000000000e+00,0.000000000000000000e+00
2.799999999999999822e+00,5.320000000000003615e-01,0.000000000000000000e+00,0.000000000000000000e+00
2.820000000000000284e+00,5.360000000000003650e-01,0.000000000000000000e+00,0.000000000000000000e+00
2.839999999999999858e+00,5.400000000000003686e-01,0.000000000000000000e+00,0.000000000000000000e+00
2.860000000000000320e+00,5.440000000000003721e-01,0.000000000000000000e+00,0.000000000000000000e+00
2.879999999999999893e+00,5.480000000000003757e-01,0.000000000000000000e+00,0.000000000000000000e+00
2.899999999999999911e+00,5.520000000000003793e-01,0.000000000000000000e+00,0.000000000000000000e+00
2.919999999999999929e+00,5.560000000000003828e-01,0.000000000000000000e+00,0.000000000000000000e+00
2.939999999999999947e+00,5.600000000000003864e-01,0.000000000000000000e+00,0.000000000000000000e+00
2.959999999999999964e+00,5.640000000000003899e-01,0.000000000000000000e+00,0.000000000000000000e+00
2.979999999999999982e+00,5.680000000000003935e-01,0.000000000000000000e+00,0.000000000000000000e+00
3.000000000000000000e+00,5.720000000000003970e-01,0.000000000000000000e+00,0.000000000000000000e+00
3.020000000000000018e+00,5.760000000000004006e-01,0.000000000000000000e+00,0.000000000000000000e+00
3.040000000000000036e+00,5.800000000000004041e-01,0.000000000000000000e+00,0.000000000000000000e+00
3.060000000000000053e+00,5.840000000000004077e-01,0.000000000000000000e+00,0.000000000000000000e+00
3.080000000000000071e+00,5.880000000000004112e-01,0.000000000000000000e+00,0.000000000000000000e+00
3.100000000000000089e+00,5.920000000000004148e-01,0.000000000000000000e+00,0.000000000000000000e+00
3.120000000000000107e+00,5.960000000000004183e-01,0.000000000000000000e+00,0.000000000000000000e+00
3.140000000000000124e+00,6.000000000000004219e-01,0.000000000000000000e+00,0.000000000000000000e+00
3.160000000000000142e+00,6.040000000000004254e-01,0.000000000000000000e+00,0.000000000000000000e+00
3.180000000000000160e+00,6.080000000000004290e-01,0.000000000000000000e+00,0.000000000000000000e+00
3.200000000000000178e+00,6.120000000000004325e-01,0.000000000000000000e+00,0.000000000000000000e+00
3.220000000000000195e+00,6.160000000000004361e-01,0.000000000000000000e+00,0.000000000000000000e+00
3.240000000000000213e+00,6.200000000000004396e-01,0.000000000000000000e+00,0.000000000000000000e+00
3.259999999999999787e+00,6.240000000000004432e-01,0.000000000000000000e+00,0.000000000000000000e+00
3.280000000000000249e+00,6.280000000000004468e-01,0.000000000000000000e+00,0.000000000000000000e+00
3.299999999999999822e+00,6.320000000000004503e-01,0.000000000000000000e+00,0.000000000000000000e+00
3.319999999999999840e+00,6.360000000000004539e-01,0.000000000000000000e+00,0.000000000000000000e+00
3.339999999999999858e+00,6.400000000000004574e-01,0.000000000000000000e+00,0.000000000000000000e+00
3.359999999999999876e+00,6.440000000000004610e-01,0.000000000000000000e+00,0.000000000000000000e+00
3.379999999999999893e+00,6.480000000000004645e-01,0.000000000000000000e+00,0.000000000000000000e+00
3.399999999999999911e+00,6.520000000000004681e-01,0.000000000000000000e+00,0.000000000000000000e+00
3.419999999999999929e+00,6.560000000000004716e-01,0.000000000000000000e+00,0.000000000000000000e+00
3.439999999999999947e+00,6.600000000000004752e-01,0.000000000000000000e+00,0.000000000000000000e+00
3.459999999999999964e+00,6.640000000000004787e-01,0.000000000000000000e+00,0.000000000000000000e+00
3.479999999999999982e+00,6.680000000000004823e-01,0.000000000000000000e+00,0.000000000000000000e+00
3.500000000000000000e+00,6.720000000000004858e-01,0.000000000000000000e+00,0.000000000000000000e+00
3.520000000000000018e+00,6.760000000000004894e-01,0.000000000000000000e+00,0.000000000000000000e+00
3.540000000000000036e+00,6.800000000000004929e-01,0.000000000000000000e+00,0.000000000000000000e+00
3.560000000000000053e+00,6.840000000000004965e-01,0.000000000000000000e+00,0.000000000000000000e+00
3.580000000000000071e+00,6.880000000000005000e-01,0.000000000000000000e+00,0.000000000000000000e+00
3.600000000000000089e+00,6.920000000000005036e-01,0.000000000000000000e+00,0.000000000000000000e+00
3.620000000000000107e+00,6.960000000000005071e-01,0.000000000000000000e+00,0.000000000000000000e+00
3.640000000000000124e+00,7.000000000000005107e-01,0.000000000000000000e+00,0.000000000000000000e+00
3.660000000000000142e+00,7.040000000000005143e-01,0.000000000000000000e+00,0.000000000000000000e+00
3.680000000000000160e+00,7.080000000000005178e-01,0.000000000000000000e+00,0.000000000000000000e+00
3.700000000000000178e+00,7.120000000000005214e-01,0.000000000000000000e+00,0.000000000000000000e+00
3.720000000000000195e+00,7.160000000000005249e-01,0.000000000000000000e+00,0.000000000000000000e+00
3.740000000000000213e+00,7.200000000000005285e-01,0.000000000000000000e+00,0.000000000000000000e+00
3.759999999999999787e+00,7.240000000000005320e-01,0.000000000000000000e+00,0.000000000000000000e+00
3.780000000000000249e+00,7.280000000000005356e-01,0.000000000000000000e+00,0.000000000000000000e+00
3.799999999999999822e+00,7.320000000000005391e-01,0.000000000000000000e+00,0.000000000000000000e+00
3.820000000000000284e+00,7.360000000000005427e-01,0.000000000000000000e+00,0.000000000000000000e+00
3.839999999999999858e+00,7.400000000000005462e-01,0.000000000000000000e+00,0.000000000000000000e+00
3.860000000000000320e+00,7.440000000000005498e-01,0.000000000000000000e+00,0.000000000000000000e+00
3.879999999999999893e+00,7.480000000000005533e-01,0.000000000000000000e+00,0.000000000000000000e+00
3.899999999999999911e+00,7.520000000000005569e-01,0.000000000000000000e+00,0.000000000000000000e+00
3.919999999999999929e+00,7.560000000000005604e-01,0.000000000000000000e+00,0.000000000000000000e+00
3.939999999999999947e+00,7.600000000000005640e-01,0.000000000000000000e+00,0.000000000000000000e+00
3.959999999999999964e+00,7.640000000000005675e-01,0.000000000000000000e+00,0.000000000000000000e+00
3.979999999999999982e+00,7.680000000000005711e-01,0.000000000000000000e+00,0.000000000000000000e+00
4.000000000000000000e+00,7.720000000000005747e-01,0.000000000000000000e+00,0.000000000000000000e+00
4.019999999999999574e+00,7.760000000000005782e-01,0.000000000000000000e+00,0.000000000000000000e+00
4.040000000000000036e+00,7.800000000000005818e-01,0.000000000000000000e+00,0.000000000000000000e+00
4.059999999999999609e+00,7.840000000000005853e-01,0.000000000000000000e+00,0.000000000000000000e+00
4.080000000000000071e+00,7.880000000000005889e-01,0.000000000000000000e+00,0.000000000000000000e+00
4.099999999999999645e+00,7.920000000000005924e-01,0.000000000000000000e+00,0.000000000000000000e+00
4.120000000000000107e+00,7.960000000000005960e-01,0.000000000000000000e+00,0.000000000000000000e+00
4.139999999999999680e+00,8.000000000000005995e-01,0.000000000000000000e+00,0.000000000000000000e+00
4.160000000000000142e+00,8.040000000000006031e-01,0.000000000000000000e+00,0.000000000000000000e+00
4.179999999999999716e+00,8.080000000000006066e-01,0.000000000000000000e+00,0.000000000000000000e+00
4.200000000000000178e+00,8.120000000000006102e-01,0.000000000000000000e+00,0.000000000000000000e+00
4.219999999999999751e+00,8.160000000000006137e-01,0.000000000000000000e+00,0.000000000000000000e+00
4.240000000000000213e+00,8.200000000000006173e-01,0.000000000000000000e+00,0.000000000000000000e+00
4.259999999999999787e+00,8.240000000000006208e-01,0.000000000000000000e+00,0.000000000000000000e+00
4.280000000000000249e+00,8.280000000000006244e-01,0.000000000000000000e+00,0.000000000000000000e+00
4.299999999999999822e+00,8.320000000000006279e-01,0.000000000000000000e+00,0.000000000000000000e+00
4.320000000000000284e+00,8.360000000000006315e-01,0.000000000000000000e+00,0.000000000000000000e+00
4.339999999999999858e+00,8.400000000000006350e-01,0.000000000000000000e+00,0.000000000000000000e+00
4.360000000000000320e+00,8.440000000000006386e-01,0.000000000000000000e+00,0.000000000000000000e+00
4.379999999999999893e+00,8.480000000000006422e-01,0.000000000000000000e+00,0.000000000000000000e+00
4.400000000000000355e+00,8.520000000000006457e-01,0.000000000000000000e+00,0.000000000000000000e+00
4.419999999999999929e+00,8.560000000000006493e-01,0.000000000000000000e+00,0.000000000000000000e+00
4.440000000000000391e+00,8.600000000000006528e-01,0.000000000000000000e+00,0.000000000000000000e+00
4.459999999999999964e+00,8.640000000000006564e-01,0.000000000000000000e+00,0.000000000000000000e+00
4.480000000000000426e+00,8.680000000000006599e-01,0.000000000000000000e+00,0.000000000000000000e+00
4.500000000000000000e+00,8.720000000000006635e-01,0.000000000000000000e+00,0.000000000000000000e+00
4.519999999999999574e+00,8.760000000000006670e-01,0.000000000000000000e+00,0.000000000000000000e+00
4.540000000000000036e+00,8.800000000000006706e-01,0.000000000000000000e+00,0.000000000000000000e+00
4.560000000000000497e+00,8.840000000000006741e-01,0.000000000000000000e+00,0.000000000000000000e+00
4.580000000000000071e+00,8.880000000000006777e-01,0.000000000000000000e+00,0.000000000000000000e+00
4.599999999999999645e+00,8.920000000000006812e-01,0.000000000000000000e+00,0.000000000000000000e+00
4.620000000000000107e+00,8.960000000000006848e-01,0.000000000000000000e+00,0.000000000000000000e+00
4.639999999999999680e+00,9.000000000000006883e-01,0.000000000000000000e+00,0.000000000000000000e+00
4.660000000000000142e+00,9.040000000000006919e-01,0.000000000000000000e+00,0.000000000000000000e+00
4.679999999999999716e+00,9.080000000000006954e-01,0.000000000000000000e+00,0.000000000000000000e+00
4.700000000000000178e+00,9.120000000000006990e-01,0.000000000000000000e+00,0.000000000000000000e+00
4.719999999999999751e+00,9.160000000000007025e-01,0.000000000000000000e+00,0.000000000000000000e+00
4.740000000000000213e+00,9.200000000000007061e-01,0.000000000000000000e+00,0.000000000000000000e+00
4.759999999999999787e+00,9.240000000000007097e-01,0.000000000000000000e+00,0.000000000000000000e+00
4.780000000000000249e+00,9.280000000000007132e-01,0.000000000000000000e+00,0.000000000000000000e+00
4.799999999999999822e+00,9.320000000000007168e-01,0.000000000000000000e+00,0.000000000000000000e+00
4.820000000000000284e+00,9.360000000000007203e-01,0.000000000000000000e+00,0.000000000000000000e+00
4.839999999999999858e+00,9.400000000000007239e-01,0.000000000000000000e+00,0.000000000000000000e+00
4.860000000000000320e+00,9.440000000000007274e-01,0.000000000000000000e+00,0.000000000000000000e+00
4.879999999999999893e+00,9.480000000000007310e-01,0.000000000000000000e+00,0.000000000000000000e+00
4.900000000000000355e+00,9.520000000000007345e-01,0.000000000000000000e+00,0.000000000000000000e+00
4.919999999999999929e+00,9.560000000000007381e-01,0.000000000000000000e+00,0.000000000000000000e+00
4.940000000000000391e+00,9.600000000000007416e-01,0.000000000000000000e+00,0.000000000000000000e+00
4.959999999999999964e+00,9.640000000000007452e-01,0.000000000000000000e+00,0.000000000000000000e+00
4.980000000000000426e+00,9.680000000000007487e-01,0.000000000000000000e+00,0.000000000000000000e+00
5.000000000000000000e+00,9.720000000000007523e-01,0.000000000000000000e+00,0.000000000000000000e+00
5.019999999999999574e+00,9.760000000000007558e-01,0.000000000000000000e+00,0.000000000000000000e+00
5.040000000000000036e+00,9.800000000000007594e-01,0.000000000000000000e+00,0.000000000000000000e+00
5.059999999999999609e+00,9.840000000000007629e-01,0.000000000000000000e+00,0.000000000000000000e+00
5.080000000000000071e+00,9.880000000000007665e-01,0.000000000000000000e+00,0.000000000000000000e+00
5.099999999999999645e+00,9.920000000000007701e-01,0.000000000000000000e+00,0.000000000000000000e+00
5.120000000000000107e+00,9.960000000000007736e-01,0.000000000000000000e+00,0.000000000000000000e+00
5.139999999999999680e+00,1.000000000000000666e+00,0.000000000000000000e+00,0.000000000000000000e+00
5.160000000000000142e+00,1.004000000000000670e+00,0.000000000000000000e+00,0.000000000000000000e+00
5.179999999999999716e+00,1.008000000000000673e+00,0.000000000000000000e+00,0.000000000000000000e+00
5.200000000000000178e+00,1.012000000000000677e+00,0.000000000000000000e+00,0.000000000000000000e+00
5.219999999999999751e+00,1.016000000000000680e+00,0.000000000000000000e+00,0.000000000000000000e+00
5.240000000000000213e+00,1.020000000000000684e+00,0.000000000000000000e+00,0.000000000000000000e+00
5.259999999999999787e+00,1.024000000000000687e+00,0.000000000000000000e+00,0.000000000000000000e+00
5.280000000000000249e+00,1.028000000000000691e+00,0.000000000000000000e+00,0.000000000000000000e+00
5.299999999999999822e+00,1.032000000000000695e+00,0.000000000000000000e+00,0.000000000000000000e+00
5.320000000000000284e+00,1.036000000000000698e+00,0.000000000000000000e+00,0.000000000000000000e+00
5.339999999999999858e+00,1.040000000000000702e+00,0.000000000000000000e+00,0.000000000000000000e+00
5.360000000000000320e+00,1.044000000000000705e+00,0.000000000000000000e+00,0.000000000000000000e+00
5.379999999999999893e+00,1.048000000000000709e+00,0.000000000000000000e+00,0.000000000000000000e+00
5.400000000000000355e+00,1.052000000000000712e+00,0.000000000000000000e+00,0.000000000000000000e+00
5.419999999999999929e+00,1.056000000000000716e+00,0.000000000000000000e+00,0.000000000000000000e+00
5.440000000000000391e+00,1.060000000000000719e+00,0.000000000000000000e+00,0.000000000000000000e+00
5.459999999999999964e+00,1.064000000000000723e+00,0.000000000000000000e+00,0.000000000000000000e+00
5.480000000000000426e+00,1.068000000000000727e+00,0.000000000000000000e+00,0.000000000000000000e+00
5.500000000000000000e+00,1.072000000000000730e+00,0.000000000000000000e+00,0.000000000000000000e+00
5.519999999999999574e+00,1.076000000000000734e+00,0.000000000000000000e+00,0.000000000000000000e+00
5.540000000000000036e+00,1.080000000000000737e+00,0.000000000000000000e+00,0.000000000000000000e+00
5.560000000000000497e+00,1.084000000000000741e+00,0.000000000000000000e+00,0.000000000000000000e+00
5.580000000000000071e+00,1.088000000000000744e+00,0.000000000000000000e+00,0.000000000000000000e+00
5.599999999999999645e+00,1.092000000000000748e+00,0.000000000000000000e+00,0.000000000000000000e+00
5.620000000000000107e+00,1.096000000000000751e+00,0.000000000000000000e+00,0.000000000000000000e+00
5.639999999999999680e+00,1.100000000000000755e+00,0.000000000000000000e+00,0.000000000000000000e+00
5.660000000000000142e+00,1.104000000000000759e+00,0.000000000000000000e+00,0.000000000000000000e+00
5.679999999999999716e+00,1.108000000000000762e+00,0.000000000000000000e+00,0.000000000000000000e+00
5.700000000000000178e+00,1.112000000000000766e+00,0.000000000000000000e+00,0.000000000000000000e+00
5.719999999999999751e+00,1.116000000000000769e+00,0.000000000000000000e+00,0.000000000000000000e+00
5.740000000000000213e+00,1.120000000000000773e+00,0.000000000000000000e+00,0.000000000000000000e+00
5.759999999999999787e+00,1.124000000000000776e+00,0.000000000000000000e+00,0.000000000000000000e+00
5.780000000000000249e+00,1.128000000000000780e+00,0.000000000000000000e+00,0.000000000000000000e+00
5.799999999999999822e+00,1.132000000000000783e+00,0.000000000000000000e+00,0.000000000000000000e+00
5.820000000000000284e+00,1.136000000000000787e+00,0.000000000000000000e+00,0.000000000000000000e+00
5.839999999999999858e+00,1.140000000000000790e+00,0.000000000000000000e+00,0.000000000000000000e+00
5.860000000000000320e+00,1.144000000000000794e+00,0.000000000000000000e+00,0.000000000000000000e+00
5.879999999999999893e+00,1.148000000000000798e+00,0.000000000000000000e+00,0.000000000000000000e+00
5.900000000000000355e+00,1.152000000000000801e+00,0.000000000000000000e+00,0.000000000000000000e+00
5.919999999999999929e+00,1.156000000000000805e+00,0.000000000000000000e+00,0.000000000000000000e+00
5.940000000000000391e+00,1.160000000000000808e+00,0.000000000000000000e+00,0.000000000000000000e+00
5.959999999999999964e+00,1.164000000000000812e+00,0.000000000000000000e+00,0.000000000000000000e+00
5.980000000000000426e+00,1.168000000000000815e+00,0.000000000000000000e+00,0.000000000000000000e+00
6.000000000000000000e+00,1.172000000000000819e+00,0.000000000000000000e+00,0.000000000000000000e+00
6.019999999999999574e+00,1.176000000000000822e+00,0.000000000000000000e+00,0.000000000000000000e+00
6.040000000000000036e+00,1.180000000000000826e+00,0.000000000000000000e+00,0.000000000000000000e+00
6.059999999999999609e+00,1.184000000000000830e+00,0.000000000000000000e+00,0.000000000000000000e+00
6.080000000000000071e+00,1.188000000000000833e+00,0.000000000000000000e+00,0.000000000000000000e+00
6.099999999999999645e+00,1.192000000000000837e+00,0.000000000000000000e+00,0.000000000000000000e+00
6.120000000000000107e+00,1.196000000000000840e+00,0.000000000000000000e+00,0.000000000000000000e+00
6.139999999999999680e+00,1.200000000000000844e+00,0.000000000000000000e+00,0.000000000000000000e+00
6.160000000000000142e+00,1.204000000000000847e+00,0.000000000000000000e+00,0.000000000000000000e+00
6.179999999999999716e+00,1.208000000000000851e+00,0.000000000000000000e+00,0.000000000000000000e+00
6.200000000000000178e+00,1.212000000000000854e+00,0.000000000000000000e+00,0.000000000000000000e+00
6.219999999999999751e+00,1.216000000000000858e+00,0.000000000000000000e+00,0.000000000000000000e+00
6.240000000000000213e+00,1.220000000000000862e+00,0.000000000000000000e+00,0.000000000000000000e+00
6.259999999999999787e+00,1.224000000000000865e+00,0.000000000000000000e+00,0.000000000000000000e+00
6.280000000000000249e+00,1.228000000000000869e+00,0.000000000000000000e+00,0.000000000000000000e+00
6.299999999999999822e+00,1.232000000000000872e+00,0.000000000000000000e+00,0.000000000000000000e+00
6.320000000000000284e+00,1.236000000000000876e+00,0.000000000000000000e+00,0.000000000000000000e+00
6.339999999999999858e+00,1.240000000000000879e+00,0.000000000000000000e+00,0.000000000000000000e+00
6.360000000000000320e+00,1.244000000000000883e+00,0.000000000000000000e+00,0.000000000000000000e+00
6.379999999999999893e+00,1.248000000000000886e+00,0.000000000000000000e+00,0.000000000000000000e+00
6.400000000000000355e+00,1.252000000000000890e+00,0.000000000000000000e+00,0.000000000000000000e+00
6.419999999999999929e+00,1.256000000000000894e+00,0.000000000000000000e+00,0.000000000000000000e+00
6.440000000000000391e+00,1.260000000000000897e+00,0.000000000000000000e+00,0.000000000000000000e+00
6.459999999999999964e+00,1.264000000000000901e+00,0.000000000000000000e+00,0.000000000000000000e+00
6.480000000000000426e+00,1.268000000000000904e+00,0.000000000000000000e+00,0.000000000000000000e+00
6.500000000000000000e+00,1.272000000000000908e+00,0.000000000000000000e+00,0.000000000000000000e+00
6.519999999999999574e+00,1.276000000000000911e+00,0.000000000000000000e+00,0.000000000000000000e+00
6.540000000000000036e+00,1.280000000000000915e+00,0.000000000000000000e+00,0.000000000000000000e+00
6.560000000000000497e+00,1.284000000000000918e+00,0.000000000000000000e+00,0.000000000000000000e+00
6.580000000000000071e+00,1.288000000000000922e+00,0.000000000000000000e+00,0.000000000000000000e+00
6.599999999999999645e+00,1.292000000000000925e+00,0.000000000000000000e+00,0.000000000000000000e+00
6.620000000000000107e+00,1.296000000000000929e+00,0.000000000000000000e+00,0.000000000000000000e+00
6.639999999999999680e+00,1.300000000000000933e+00,0.000000000000000000e+00,0.000000000000000000e+00
6.660000000000000142e+00,1.304000000000000936e+00,0.000000000000000000e+00,0.000000000000000000e+00
6.679999999999999716e+00,1.308000000000000940e+00,0.000000000000000000e+00,0.000000000000000000e+00
6.700000000000000178e+00,1.312000000000000943e+00,0.000000000000000000e+00,0.000000000000000000e+00
6.719999999999999751e+00,1.316000000000000947e+00,0.000000000000000000e+00,0.000000000000000000e+00
6.740000000000000213e+00,1.320000000000000950e+00,0.000000000000000000e+00,0.000000000000000000e+00
6.759999999999999787e+00,1.324000000000000954e+00,0.000000000000000000e+00,0.000000000000000000e+00
6.780000000000000249e+00,1.328000000000000957e+00,0.000000000000000000e+00,0.000000000000000000e+00
6.799999999999999822e+00,1.332000000000000961e+00,0.000000000000000000e+00,0.000000000000000000e+00
6.820000000000000284e+00,1.336000000000000965e+00,0.000000000000000000e+00,0.000000000000000000e+00
6.839999999999999858e+00,1.340000000000000968e+00,0.000000000000000000e+00,0.000000000000000000e+00
6.860000000000000320e+00,1.344000000000000972e+00,0.000000000000000000e+00,0.000000000000000000e+00
6.879999999999999893e+00,1.348000000000000975e+00,0.000000000000000000e+00,0.000000000000000000e+00
6.900000000000000355e+00,1.352000000000000979e+00,0.000000000000000000e+00,0.000000000000000000e+00
6.919999999999999929e+00,1.356000000000000982e+00,0.000000000000000000e+00,0.000000000000000000e+00
6.940000000000000391e+00,1.360000000000000986e+00,0.000000000000000000e+00,0.000000000000000000e+00
6.959999999999999964e+00,1.364000000000000989e+00,0.000000000000000000e+00,0.000000000000000000e+00
6.980000000000000426e+00,1.368000000000000993e+00,0.000000000000000000e+00,0.000000000000000000e+00
7.000000000000000000e+00,1.372000000000000997e+00,0.000000000000000000e+00,0.000000000000000000e+00
7.019999999999999574e+00,1.376000000000001000e+00,0.000000000000000000e+00,0.000000000000000000e+00
7.040000000000000036e+00,1.380000000000001004e+00,0.000000000000000000e+00,0.000000000000000000e+00
7.059999999999999609e+00,1.384000000000001007e+00,0.000000000000000000e+00,0.000000000000000000e+00
7.080000000000000071e+00,1.388000000000001011e+00,0.000000000000000000e+00,0.000000000000000000e+00
7.099999999999999645e+00,1.392000000000001014e+00,0.000000000000000000e+00,0.000000000000000000e+00
7.120000000000000107e+00,1.396000000000001018e+00,0.000000000000000000e+00,0.000000000000000000e+00
7.139999999999999680e+00,1.400000000000001021e+00,0.000000000000000000e+00,0.000000000000000000e+00
7.160000000000000142e+00,1.404000000000001025e+00,0.000000000000000000e+00,0.000000000000000000e+00
7.179999999999999716e+00,1.408000000000001029e+00,0.000000000000000000e+00,0.000000000000000000e+00
7.200000000000000178e+00,1.412000000000001032e+00,0.000000000000000000e+00,0.000000000000000000e+00
7.219999999999999751e+00,1.416000000000001036e+00,0.000000000000000000e+00,0.000000000000000000e+00
7.240000000000000213e+00,1.420000000000001039e+00,0.000000000000000000e+00,0.000000000000000000e+00
7.259999999999999787e+00,1.424000000000001043e+00,0.000000000000000000e+00,0.000000000000000000e+00
7.280000000000000249e+00,1.428000000000001046e+00,0.000000000000000000e+00,0.000000000000000000e+00
7.299999999999999822e+00,1.432000000000001050e+00,0.000000000000000000e+00,0.000000000000000000e+00
7.320000000000000284e+00,1.436000000000001053e+00,0.000000000000000000e+00,0.000000000000000000e+00
7.339999999999999858e+00,1.440000000000001057e+00,0.000000000000000000e+00,0.000000000000000000e+00
7.360000000000000320e+00,1.444000000000001060e+00,0.000000000000000000e+00,0.000000000000000000e+00
7.379999999999999893e+00,1.448000000000001064e+00,0.000000000000000000e+00,0.000000000000000000e+00
7.400000000000000355e+00,1.452000000000001068e+00,0.000000000000000000e+00,0.000000000000000000e+00
7.419999999999999929e+00,1.456000000000001071e+00,0.000000000000000000e+00,0.000000000000000000e+00
7.440000000000000391e+00,1.460000000000001075e+00,0.000000000000000000e+00,0.000000000000000000e+00
7.459999999999999964e+00,1.464000000000001078e+00,0.000000000000000000e+00,0.000000000000000000e+00
7.480000000000000426e+00,1.468000000000001082e+00,0.000000000000000000e+00,0.000000000000000000e+00
7.500000000000000000e+00,1.472000000000001085e+00,0.000000000000000000e+00,0.000000000000000000e+00
7.519999999999999574e+00,1.476000000000001089e+00,0.000000000000000000e+00,0.000000000000000000e+00
7.540000000000000036e+00,1.480000000000001092e+00,0.000000000000000000e+00,0.000000000000000000e+00
7.560000000000000497e+00,1.484000000000001096e+00,0.000000000000000000e+00,0.000000000000000000e+00
7.580000000000000071e+00,1.488000000000001100e+00,0.000000000000000000e+00,0.000000000000000000e+00
7.599999999999999645e+00,1.492000000000001103e+00,0.000000000000000000e+00,0.000000000000000000e+00
7.620000000000000107e+00,1.496000000000001107e+00,0.000000000000000000e+00,0.000000000000000000e+00
7.639999999999999680e+00,1.500000000000001110e+00,0.000000000000000000e+00,0.000000000000000000e+00
7.660000000000000142e+00,1.504000000000001114e+00,0.000000000000000000e+00,0.000000000000000000e+00
7.679999999999999716e+00,1.508000000000001117e+00,0.000000000000000000e+00,0.000000000000000000e+00
7.700000000000000178e+00,1.512000000000001121e+00,0.000000000000000000e+00,0.000000000000000000e+00
7.719999999999999751e+00,1.516000000000001124e+00,0.000000000000000000e+00,0.000000000000000000e+00
7.740000000000000213e+00,1.520000000000001128e+00,0.000000000000000000e+00,0.000000000000000000e+00
7.759999999999999787e+00,1.524000000000001132e+00,0.000000000000000000e+00,0.000000000000000000e+00
7.780000000000000249e+00,1.528000000000001135e+00,0.000000000000000000e+00,0.000000000000000000e+00
7.799999999999999822e+00,1.532000000000001139e+00,0.000000000000000000e+00,0.000000000000000000e+00
7.820000000000000284e+00,1.536000000000001142e+00,0.000000000000000000e+00,0.000000000000000000e+00
7.839999999999999858e+00,1.540000000000001146e+00,0.000000000000000000e+00,0.000000000000000000e+00
7.860000000000000320e+00,1.544000000000001149e+00,0.000000000000000000e+00,0.000000000000000000e+00
7.879999999999999893e+00,1.548000000000001153e+00,0.000000000000000000e+00,0.000000000000000000e+00
7.900000000000000355e+00,1.552000000000001156e+00,0.000000000000000000e+00,0.000000000000000000e+00
7.919999999999999929e+00,1.556000000000001160e+00,0.000000000000000000e+00,0.000000000000000000e+00
7.940000000000000391e+00,1.560000000000001164e+00,0.000000000000000000e+00,0.000000000000000000e+00
7.959999999999999964e+00,1.564000000000001167e+00,0.000000000000000000e+00,0.000000000000000000e+00
7.980000000000000426e+00,1.568000000000001171e+00,0.000000000000000000e+00,0.000000000000000000e+00
8.000000000000000000e+00,1.572000000000001174e+00,0.000000000000000000e+00,0.000000000000000000e+00
8.019999999999999574e+00,1.576000000000001178e+00,0.000000000000000000e+00,0.000000000000000000e+00
8.039999999999999147e+00,1.580000000000001181e+00,0.000000000000000000e+00,0.000000000000000000e+00
8.060000000000000497e+00,1.584000000000001185e+00,0.000000000000000000e+00,0.000000000000000000e+00
8.080000000000000071e+00,1.588000000000001188e+00,0.000000000000000000e+00,0.000000000000000000e+00
8.099999999999999645e+00,1.592000000000001192e+00,0.000000000000000000e+00,0.000000000000000000e+00
8.119999999999999218e+00,1.596000000000001195e+00,0.000000000000000000e+00,0.000000000000000000e+00
8.140000000000000568e+00,1.600000000000001199e+00,0.000000000000000000e+00,0.000000000000000000e+00
8.160000000000000142e+00,1.604000000000001203e+00,0.000000000000000000e+00,0.000000000000000000e+00
8.179999999999999716e+00,1.608000000000001206e+00,0.000000000000000000e+00,0.000000000000000000e+00
8.199999999999999289e+00,1.612000000000001210e+00,0.000000000000000000e+00,0.000000000000000000e+00
8.220000000000000639e+00,1.616000000000001213e+00,0.000000000000000000e+00,0.000000000000000000e+00
8.240000000000000213e+00,1.620000000000001217e+00,0.000000000000000000e+00,0.000000000000000000e+00
8.259999999999999787e+00,1.624000000000001220e+00,0.000000000000000000e+00,0.000000000000000000e+00
8.279999999999999361e+00,1.628000000000001224e+00,0.000000000000000000e+00,0.000000000000000000e+00
8.300000000000000711e+00,1.632000000000001227e+00,0.000000000000000000e+00,0.000000000000000000e+00
8.320000000000000284e+00,1.636000000000001231e+00,0.000000000000000000e+00,0.000000000000000000e+00
8.339999999999999858e+00,1.640000000000001235e+00,0.000000000000000000e+00,0.000000000000000000e+00
8.359999999999999432e+00,1.644000000000001238e+00,0.000000000000000000e+00,0.000000000000000000e+00
8.380000000000000782e+00,1.648000000000001242e+00,0.000000000000000000e+00,0.000000000000000000e+00
8.400000000000000355e+00,1.652000000000001245e+00,0.000000000000000000e+00,0.000000000000000000e+00
8.419999999999999929e+00,1.656000000000001249e+00,0.000000000000000000e+00,0.000000000000000000e+00
8.439999999999999503e+00,1.660000000000001252e+00,0.000000000000000000e+00,0.000000000000000000e+00
8.460000000000000853e+00,1.664000000000001256e+00,0.000000000000000000e+00,0.000000000000000000e+00
8.480000000000000426e+00,1.668000000000001259e+00,0.000000000000000000e+00,0.000000000000000000e+00
8.500000000000000000e+00,1.672000000000001263e+00,0.000000000000000000e+00,0.000000000000000000e+00
8.519999999999999574e+00,1.676000000000001267e+00,0.000000000000000000e+00,0.000000000000000000e+00
8.539999999999999147e+00,1.680000000000001270e+00,0.000000000000000000e+00,0.000000000000000000e+00
8.560000000000000497e+00,1.684000000000001274e+00,0.000000000000000000e+00,0.000000000000000000e+00
8.580000000000000071e+00,1.688000000000001277e+00,0.000000000000000000e+00,0.000000000000000000e+00
8.599999999999999645e+00,1.692000000000001281e+00,0.000000000000000000e+00,0.000000000000000000e+00
8.619999999999999218e+00,1.696000000000001284e+00,0.000000000000000000e+00,0.000000000000000000e+00
8.640000000000000568e+00,1.700000000000001288e+00,0.000000000000000000e+00,0.000000000000000000e+00
8.660000000000000142e+00,1.704000000000001291e+00,0.000000000000000000e+00,0.000000000000000000e+00
8.679999999999999716e+00,1.708000000000001295e+00,0.000000000000000000e+00,0.000000000000000000e+00
8.699999999999999289e+00,1.712000000000001299e+00,0.000000000000000000e+00,0.000000000000000000e+00
8.720000000000000639e+00,1.716000000000001302e+00,0.000000000000000000e+00,0.000000000000000000e+00
8.740000000000000213e+00,1.720000000000001306e+00,0.000000000000000000e+00,0.000000000000000000e+00
8.759999999999999787e+00,1.724000000000001309e+00,0.000000000000000000e+00,0.000000000000000000e+00
8.779999999999999361e+00,1.728000000000001313e+00,0.000000000000000000e+00,0.000000000000000000e+00
8.800000000000000711e+00,1.732000000000001316e+00,0.000000000000000000e+00,0.000000000000000000e+00
8.820000000000000284e+00,1.736000000000001320e+00,0.000000000000000000e+00,0.000000000000000000e+00
8.839999999999999858e+00,1.740000000000001323e+00,0.000000000000000000e+00,0.000000000000000000e+00
8.859999999999999432e+00,1.744000000000001327e+00,0.000000000000000000e+00,0.000000000000000000e+00
8.880000000000000782e+00,1.748000000000001330e+00,0.000000000000000000e+00,0.000000000000000000e+00
8.900000000000000355e+00,1.752000000000001334e+00,0.000000000000000000e+00,0.000000000000000000e+00
8.919999999999999929e+00,1.756000000000001338e+00,0.000000000000000000e+00,0.000000000000000000e+00
8.939999999999999503e+00,1.760000000000001341e+00,0.000000000000000000e+00,0.000000000000000000e+00
8.960000000000000853e+00,1.764000000000001345e+00,0.000000000000000000e+00,0.000000000000000000e+00
8.980000000000000426e+00,1.768000000000001348e+00,0.000000000000000000e+00,0.000000000000000000e+00
9.000000000000000000e+00,1.772000000000001352e+00,0.000000000000000000e+00,0.000000000000000000e+00
9.019999999999999574e+00,1.776000000000001355e+00,0.000000000000000000e+00,0.000000000000000000e+00
9.039999999999999147e+00,1.780000000000001359e+00,0.000000000000000000e+00,0.000000000000000000e+00
9.060000000000000497e+00,1.784000000000001362e+00,0.000000000000000000e+00,0.000000000000000000e+00
9.080000000000000071e+00,1.788000000000001366e+00,0.000000000000000000e+00,0.000000000000000000e+00
9.099999999999999645e+00,1.792000000000001370e+00,0.000000000000000000e+00,0.000000000000000000e+00
9.119999999999999218e+00,1.796000000000001373e+00,0.000000000000000000e+00,0.000000000000000000e+00
9.140000000000000568e+00,1.800000000000001377e+00,0.000000000000000000e+00,0.000000000000000000e+00
9.160000000000000142e+00,1.804000000000001380e+00,0.000000000000000000e+00,0.000000000000000000e+00
9.179999999999999716e+00,1.808000000000001384e+00,0.000000000000000000e+00,0.000000000000000000e+00
9.199999999999999289e+00,1.812000000000001387e+00,0.000000000000000000e+00,0.000000000000000000e+00
9.220000000000000639e+00,1.816000000000001391e+00,0.000000000000000000e+00,0.000000000000000000e+00
9.240000000000000213e+00,1.820000000000001394e+00,0.000000000000000000e+00,0.000000000000000000e+00
9.259999999999999787e+00,1.824000000000001398e+00,0.000000000000000000e+00,0.000000000000000000e+00
9.279999999999999361e+00,1.828000000000001402e+00,0.000000000000000000e+00,0.000000000000000000e+00
9.300000000000000711e+00,1.832000000000001405e+00,0.000000000000000000e+00,0.000000000000000000e+00
9.320000000000000284e+00,1.836000000000001409e+00,0.000000000000000000e+00,0.000000000000000000e+00
9.339999999999999858e+00,1.840000000000001412e+00,0.000000000000000000e+00,0.000000000000000000e+00
9.359999999999999432e+00,1.844000000000001416e+00,0.000000000000000000e+00,0.000000000000000000e+00
9.380000000000000782e+00,1.848000000000001419e+00,0.000000000000000000e+00,0.000000000000000000e+00
9.400000000000000355e+00,1.852000000000001423e+00,0.000000000000000000e+00,0.000000000000000000e+00
9.419999999999999929e+00,1.856000000000001426e+00,0.000000000000000000e+00,0.000000000000000000e+00
9.439999999999999503e+00,1.860000000000001430e+00,0.000000000000000000e+00,0.000000000000000000e+00
9.460000000000000853e+00,1.864000000000001434e+00,0.000000000000000000e+00,0.000000000000000000e+00
9.480000000000000426e+00,1.868000000000001437e+00,0.000000000000000000e+00,0.000000000000000000e+00
9.500000000000000000e+00,1.872000000000001441e+00,0.000000000000000000e+00,0.000000000000000000e+00
9.519999999999999574e+00,1.876000000000001444e+00,0.000000000000000000e+00,0.000000000000000000e+00
9.539999999999999147e+00,1.880000000000001448e+00,0.000000000000000000e+00,0.000000000000000000e+00
9.560000000000000497e+00,1.884000000000001451e+00,0.000000000000000000e+00,0.000000000000000000e+00
9.580000000000000071e+00,1.888000000000001455e+00,0.000000000000000000e+00,0.000000000000000000e+00
9.599999999999999645e+00,1.892000000000001458e+00,0.000000000000000000e+00,0.000000000000000000e+00
9.619999999999999218e+00,1.896000000000001462e+00,0.000000000000000000e+00,0.000000000000000000e+00
9.640000000000000568e+00,1.900000000000001465e+00,0.000000000000000000e+00,0.000000000000000000e+00
9.660000000000000142e+00,1.904000000000001469e+00,0.000000000000000000e+00,0.000000000000000000e+00
9.679999999999999716e+00,1.908000000000001473e+00,0.000000000000000000e+00,0.000000000000000000e+00
9.699999999999999289e+00,1.912000000000001476e+00,0.000000000000000000e+00,0.000000000000000000e+00
9.720000000000000639e+00,1.916000000000001480e+00,0.000000000000000000e+00,0.000000000000000000e+00
9.740000000000000213e+00,1.920000000000001483e+00,0.000000000000000000e+00,0.000000000000000000e+00
9.759999999999999787e+00,1.924000000000001487e+00,0.000000000000000000e+00,0.000000000000000000e+00
9.779999999999999361e+00,1.928000000000001490e+00,0.000000000000000000e+00,0.000000000000000000e+00
9.800000000000000711e+00,1.932000000000001494e+00,0.000000000000000000e+00,0.000000000000000000e+00
9.820000000000000284e+00,1.936000000000001497e+00,0.000000000000000000e+00,0.000000000000000000e+00
9.839999999999999858e+00,1.940000000000001501e+00,0.000000000000000000e+00,0.000000000000000000e+00
9.859999999999999432e+00,1.944000000000001505e+00,0.000000000000000000e+00,0.000000000000000000e+00
9.880000000000000782e+00,1.948000000000001508e+00,0.000000000000000000e+00,0.000000000000000000e+00
9.900000000000000355e+00,1.952000000000001512e+00,0.000000000000000000e+00,0.000000000000000000e+00
9.919999999999999929e+00,1.956000000000001515e+00,0.000000000000000000e+00,0.000000000000000000e+00
9.939999999999999503e+00,1.960000000000001519e+00,0.000000000000000000e+00,0.000000000000000000e+00
9.960000000000000853e+00,1.964000000000001522e+00,0.000000000000000000e+00,0.000000000000000000e+00
9.980000000000000426e+00,1.968000000000001526e+00,0.000000000000000000e+00,0.000000000000000000e+00
1.000000000000000000e+01,1.972000000000001529e+00,0.000000000000000000e+00,0.000000000000000000e+00
1.001999999999999957e+01,1.976000000000001533e+00,0.000000000000000000e+00,0.000000000000000000e+00
1.003999999999999915e+01,1.980000000000001537e+00,0.000000000000000000e+00,0.000000000000000000e+00
1.006000000000000050e+01,1.984000000000001540e+00,0.000000000000000000e+00,0.000000000000000000e+00
1.008000000000000007e+01,1.988000000000001544e+00,0.000000000000000000e+00,0.000000000000000000e+00
1.009999999999999964e+01,1.992000000000001547e+00,0.000000000000000000e+00,0.000000000000000000e+00
1.011999999999999922e+01,1.996000000000001551e+00,0.000000000000000000e+00,0.000000000000000000e+00
1.014000000000000057e+01,2.000000000000001332e+00,0.000000000000000000e+00,0.000000000000000000e+00
1.016000000000000014e+01,2.004000000000001336e+00,0.000000000000000000e+00,0.000000000000000000e+00
1.017999999999999972e+01,2.008000000000001339e+00,0.000000000000000000e+00,0.000000000000000000e+00
1.019999999999999929e+01,2.012000000000001343e+00,0.000000000000000000e+00,0.000000000000000000e+00
1.022000000000000064e+01,2.016000000000001346e+00,0.000000000000000000e+00,0.000000000000000000e+00
1.024000000000000021e+01,2.020000000000001350e+00,0.000000000000000000e+00,0.000000000000000000e+00
1.025999999999999979e+01,2.024000000000001354e+00,0.000000000000000000e+00,0.000000000000000000e+00
1.027999999999999936e+01,2.028000000000001357e+00,0.000000000000000000e+00,0.000000000000000000e+00
1.030000000000000071e+01,2.032000000000001361e+00,0.000000000000000000e+00,0.000000000000000000e+00
1.032000000000000028e+01,2.036000000000001364e+00,0.000000000000000000e+00,0.000000000000000000e+00
1.033999999999999986e+01,2.040000000000001368e+00,0.000000000000000000e+00,0.000000000000000000e+00
1.035999999999999943e+01,2.044000000000001371e+00,0.000000000000000000e+00,0.000000000000000000e+00
1.038000000000000078e+01,2.048000000000001375e+00,0.000000000000000000e+00,0.000000000000000000e+00
1.040000000000000036e+01,2.052000000000001378e+00,0.000000000000000000e+00,0.000000000000000000e+00
1.041999999999999993e+01,2.056000000000001382e+00,0.000000000000000000e+00,0.000000000000000000e+00
1.043999999999999950e+01,2.060000000000001386e+00,0.000000000000000000e+00,0.000000000000000000e+00
1.046000000000000085e+01,2.064000000000001389e+00,0.000000000000000000e+00,0.000000000000000000e+00
1.048000000000000043e+01,2.068000000000001393e+00,0.000000000000000000e+00,0.000000000000000000e+00
1.050000000000000000e+01,2.072000000000001396e+00,0.000000000000000000e+00,0.000000000000000000e+00
1.051999999999999957e+01,2.076000000000001400e+00,0.000000000000000000e+00,0.000000000000000000e+00
1.053999999999999915e+01,2.080000000000001403e+00,0.000000000000000000e+00,0.000000000000000000e+00
1.056000000000000050e+01,2.084000000000001407e+00,0.000000000000000000e+00,0.000000000000000000e+00
1.058000000000000007e+01,2.088000000000001410e+00,0.000000000000000000e+00,0.000000000000000000e+00
1.059999999999999964e+01,2.092000000000001414e+00,0.000000000000000000e+00,0.000000000000000000e+00
1.061999999999999922e+01,2.096000000000001418e+00,0.000000000000000000e+00,0.000000000000000000e+00
1.064000000000000057e+01,2.100000000000001421e+00,0.000000000000000000e+00,0.000000000000000000e+00
1.066000000000000014e+01,2.104000000000001425e+00,0.000000000000000000e+00,0.000000000000000000e+00
1.067999999999999972e+01,2.108000000000001428e+00,0.000000000000000000e+00,0.000000000000000000e+00
1.069999999999999929e+01,2.112000000000001432e+00,0.000000000000000000e+00,0.000000000000000000e+00
1.072000000000000064e+01,2.116000000000001435e+00,0.000000000000000000e+00,0.000000000000000000e+00
1.074000000000000021e+01,2.120000000000001439e+00,0.000000000000000000e+00,0.000000000000000000e+00
1.075999999999999979e+01,2.124000000000001442e+00,0.000000000000000000e+00,0.000000000000000000e+00
1.077999999999999936e+01,2.128000000000001446e+00,0.000000000000000000e+00,0.000000000000000000e+00
1.080000000000000071e+01,2.132000000000001450e+00,0.000000000000000000e+00,0.000000000000000000e+00
1.082000000000000028e+01,2.136000000000001453e+00,0.000000000000000000e+00,0.000000000000000000e+00
1.083999999999999986e+01,2.140000000000001457e+00,0.000000000000000000e+00,0.000000000000000000e+00
1.085999999999999943e+01,2.144000000000001460e+00,0.000000000000000000e+00,0.000000000000000000e+00
1.088000000000000078e+01,2.148000000000001464e+00,0.000000000000000000e+00,0.000000000000000000e+00
1.090000000000000036e+01,2.152000000000001467e+00,0.000000000000000000e+00,0.000000000000000000e+00
1.091999999999999993e+01,2.156000000000001471e+00,0.000000000000000000e+00,0.000000000000000000e+00
1.093999999999999950e+01,2.160000000000001474e+00,0.000000000000000000e+00,0.000000000000000000e+00
1.096000000000000085e+01,2.164000000000001478e+00,0.000000000000000000e+00,0.000000000000000000e+00
1.098000000000000043e+01,2.168000000000001481e+00,0.000000000000000000e+00,0.000000000000000000e+00
1.100000000000000000e+01,2.172000000000001485e+00,0.000000000000000000e+00,0.000000000000000000e+00
1.101999999999999957e+01,2.176000000000001489e+00,0.000000000000000000e+00,0.000000000000000000e+00
1.103999999999999915e+01,2.180000000000001492e+00,0.000000000000000000e+00,0.000000000000000000e+00
1.106000000000000050e+01,2.184000000000001496e+00,0.000000000000000000e+00,0.000000000000000000e+00
1.108000000000000007e+01,2.188000000000001499e+00,0.000000000000000000e+00,0.000000000000000000e+00
1.109999999999999964e+01,2.192000000000001503e+00,0.000000000000000000e+00,0.000000000000000000e+00
1.111999999999999922e+01,2.196000000000001506e+00,0.000000000000000000e+00,0.000000000000000000e+00
1.114000000000000057e+01,2.200000000000001510e+00,0.000000000000000000e+00,0.000000000000000000e+00
1.116000000000000014e+01,2.204000000000001513e+00,0.000000000000000000e+00,0.000000000000000000e+00
1.117999999999999972e+01,2.208000000000001517e+00,0.000000000000000000e+00,0.000000000000000000e+00
1.119999999999999929e+01,2.212000000000001521e+00,0.000000000000000000e+00,0.000000000000000000e+00
1.122000000000000064e+01,2.216000000000001524e+00,0.000000000000000000e+00,0.000000000000000000e+00
1.124000000000000021e+01,2.220000000000001528e+00,0.000000000000000000e+00,0.000000000000000000e+00
1.125999999999999979e+01,2.224000000000001531e+00,0.000000000000000000e+00,0.000000000000000000e+00
1.127999999999999936e+01,2.228000000000001535e+00,0.000000000000000000e+00,0.000000000000000000e+00
1.130000000000000071e+01,2.232000000000001538e+00,0.000000000000000000e+00,0.000000000000000000e+00
1.132000000000000028e+01,2.236000000000001542e+00,0.000000000000000000e+00,0.000000000000000000e+00
1.133999999999999986e+01,2.240000000000001545e+00,0.000000000000000000e+00,0.000000000000000000e+00
1.135999999999999943e+01,2.244000000000001549e+00,0.000000000000000000e+00,0.000000000000000000e+00
1.138000000000000078e+01,2.248000000000001553e+00,0.000000000000000000e+00,0.000000000000000000e+00
1.140000000000000036e+01,2.252000000000001556e+00,0.000000000000000000e+00,0.000000000000000000e+00
1.141999999999999993e+01,2.256000000000001560e+00,0.000000000000000000e+00,0.000000000000000000e+00
1.143999999999999950e+01,2.260000000000001563e+00,0.000000000000000000e+00,0.000000000000000000e+00
1.146000000000000085e+01,2.264000000000001567e+00,0.000000000000000000e+00,0.000000000000000000e+00
1.148000000000000043e+01,2.268000000000001570e+00,0.000000000000000000e+00,0.000000000000000000e+00
1.150000000000000000e+01,2.272000000000001574e+00,0.000000000000000000e+00,0.000000000000000000e+00
1.151999999999999957e+01,2.276000000000001577e+00,0.000000000000000000e+00,0.000000000000000000e+00
1.153999999999999915e+01,2.280000000000001581e+00,0.000000000000000000e+00,0.000000000000000000e+00
1.156000000000000050e+01,2.284000000000001585e+00,0.000000000000000000e+00,0.000000000000000000e+00
1.158000000000000007e+01,2.288000000000001588e+00,0.000000000000000000e+00,0.000000000000000000e+00
1.159999999999999964e+01,2.292000000000001592e+00,0.000000000000000000e+00,0.000000000000000000e+00
1.161999999999999922e+01,2.296000000000001595e+00,0.000000000000000000e+00,0.000000000000000000e+00
1.164000000000000057e+01,2.300000000000001599e+00,0.000000000000000000e+00,0.000000000000000000e+00
1.166000000000000014e+01,2.304000000000001602e+00,0.000000000000000000e+00,0.000000000000000000e+00
1.167999999999999972e+01,2.308000000000001606e+00,0.000000000000000000e+00,0.000000000000000000e+00
1.169999999999999929e+01,2.312000000000001609e+00,0.000000000000000000e+00,0.000000000000000000e+00
1.172000000000000064e+01,2.316000000000001613e+00,0.000000000000000000e+00,0.000000000000000000e+00
1.174000000000000021e+01,2.320000000000001616e+00,0.000000000000000000e+00,0.000000000000000000e+00
1.175999999999999979e+01,2.324000000000001620e+00,0.000000000000000000e+00,0.000000000000000000e+00
1.177999999999999936e+01,2.328000000000001624e+00,0.000000000000000000e+00,0.000000000000000000e+00
1.180000000000000071e+01,2.332000000000001627e+00,0.000000000000000000e+00,0.000000000000000000e+00
1.182000000000000028e+01,2.336000000000001631e+00,0.000000000000000000e+00,0.000000000000000000e+00
1.183999999999999986e+01,2.340000000000001634e+00,0.000000000000000000e+00,0.000000000000000000e+00
1.185999999999999943e+01,2.344000000000001638e+00,0.000000000000000000e+00,0.000000000000000000e+00
1.188000000000000078e+01,2.348000000000001641e+00,0.000000000000000000e+00,0.000000000000000000e+00
1.190000000000000036e+01,2.352000000000001645e+00,0.000000000000000000e+00,0.000000000000000000e+00
1.191999999999999993e+01,2.356000000000001648e+00,0.000000000000000000e+00,0.000000000000000000e+00
1.193999999999999950e+01,2.360000000000001652e+00,0.000000000000000000e+00,0.000000000000000000e+00
1.196000000000000085e+01,2.364000000000001656e+00,0.000000000000000000e+00,0.000000000000000000e+00
1.198000000000000043e+01,2.368000000000001659e+00,0.000000000000000000e+00,0.000000000000000000e+00
1.200000000000000000e+01,2.372000000000001663e+00,0.000000000000000000e+00,0.000000000000000000e+00
1.201999999999999957e+01,2.376000000000001666e+00,0.000000000000000000e+00,0.000000000000000000e+00
1.203999999999999915e+01,2.380000000000001670e+00,0.000000000000000000e+00,0.000000000000000000e+00
1.206000000000000050e+01,2.384000000000001673e+00,0.000000000000000000e+00,0.000000000000000000e+00
1.208000000000000007e+01,2.388000000000001677e+00,0.000000000000000000e+00,0.000000000000000000e+00
1.209999999999999964e+01,2.392000000000001680e+00,0.000000000000000000e+00,0.000000000000000000e+00
1.211999999999999922e+01,2.396000000000001684e+00,0.000000000000000000e+00,0.000000000000000000e+00
1.214000000000000057e+01,2.400000000000001688e+00,0.000000000000000000e+00,0.000000000000000000e+00
1.216000000000000014e+01,2.404000000000001691e+00,0.000000000000000000e+00,0.000000000000000000e+00
1.217999999999999972e+01,2.408000000000001695e+00,0.000000000000000000e+00,0.000000000000000000e+00
1.219999999999999929e+01,2.412000000000001698e+00,0.000000000000000000e+00,0.000000000000000000e+00
1.222000000000000064e+01,2.416000000000001702e+00,0.000000000000000000e+00,0.000000000000000000e+00
1.224000000000000021e+01,2.420000000000001705e+00,0.000000000000000000e+00,0.000000000000000000e+00
1.225999999999999979e+01,2.424000000000001709e+00,0.000000000000000000e+00,0.000000000000000000e+00
1.227999999999999936e+01,2.428000000000001712e+00,0.000000000000000000e+00,0.000000000000000000e+00
1.230000000000000071e+01,2.432000000000001716e+00,0.000000000000000000e+00,0.000000000000000000e+00
1.232000000000000028e+01,2.436000000000001720e+00,0.000000000000000000e+00,0.000000000000000000e+00
1.233999999999999986e+01,2.440000000000001723e+00,0.000000000000000000e+00,0.000000000000000000e+00
1.235999999999999943e+01,2.444000000000001727e+00,0.000000000000000000e+00,0.000000000000000000e+00
1.238000000000000078e+01,2.448000000000001730e+00,0.000000000000000000e+00,0.000000000000000000e+00
1.240000000000000036e+01,2.452000000000001734e+00,0.000000000000000000e+00,0.000000000000000000e+00
1.241999999999999993e+01,2.456000000000001737e+00,0.000000000000000000e+00,0.000000000000000000e+00
1.243999999999999950e+01,2.460000000000001741e+00,0.000000000000000000e+00,0.000000000000000000e+00
1.246000000000000085e+01,2.464000000000001744e+00,0.000000000000000000e+00,0.000000000000000000e+00
1.248000000000000043e+01,2.468000000000001748e+00,0.000000000000000000e+00,0.000000000000000000e+00
1.250000000000000000e+01,2.472000000000001751e+00,0.000000000000000000e+00,0.000000000000000000e+00
1.251999999999999957e+01,2.476000000000001755e+00,0.000000000000000000e+00,0.000000000000000000e+00
1.253999999999999915e+01,2.480000000000001759e+00,0.000000000000000000e+00,0.000000000000000000e+00
1.256000000000000050e+01,2.484000000000001762e+00,0.000000000000000000e+00,0.000000000000000000e+00
1.258000000000000007e+01,2.488000000000001766e+00,0.000000000000000000e+00,0.000000000000000000e+00
1.259999999999999964e+01,2.492000000000001769e+00,0.000000000000000000e+00,0.000000000000000000e+00
1.261999999999999922e+01,2.496000000000001773e+00,0.000000000000000000e+00,0.000000000000000000e+00
1.264000000000000057e+01,2.500000000000001776e+00,0.000000000000000000e+00,0.000000000000000000e+00
1.266000000000000014e+01,2.504000000000001780e+00,0.000000000000000000e+00,0.000000000000000000e+00
1.267999999999999972e+01,2.508000000000001783e+00,0.000000000000000000e+00,0.000000000000000000e+00
1.269999999999999929e+01,2.512000000000001787e+00,0.000000000000000000e+00,0.000000000000000000e+00
1.272000000000000064e+01,2.516000000000001791e+00,0.000000000000000000e+00,0.000000000000000000e+00
1.274000000000000021e+01,2.520000000000001794e+00,0.000000000000000000e+00,0.000000000000000000e+00
1.275999999999999979e+01,2.524000000000001798e+00,0.000000000000000000e+00,0.000000000000000000e+00
1.277999999999999936e+01,2.528000000000001801e+00,0.000000000000000000e+00,0.000000000000000000e+00
1.280000000000000071e+01,2.532000000000001805e+00,0.000000000000000000e+00,0.000000000000000000e+00
1.282000000000000028e+01,2.536000000000001808e+00,0.000000000000000000e+00,0.000000000000000000e+00
1.283999999999999986e+01,2.540000000000001812e+00,0.000000000000000000e+00,0.000000000000000000e+00
1.285999999999999943e+01,2.544000000000001815e+00,0.000000000000000000e+00,0.000000000000000000e+00
1.288000000000000078e+01,2.548000000000001819e+00,0.000000000000000000e+00,0.000000000000000000e+00
1.290000000000000036e+01,2.552000000000001823e+00,0.000000000000000000e+00,0.000000000000000000e+00
1.291999999999999993e+01,2.556000000000001826e+00,0.000000000000000000e+00,0.000000000000000000e+00
1.293999999999999950e+01,2.560000000000001830e+00,0.000000000000000000e+00,0.000000000000000000e+00
1.296000000000000085e+01,2.564000000000001833e+00,0.000000000000000000e+00,0.000000000000000000e+00
1.298000000000000043e+01,2.568000000000001837e+00,0.000000000000000000e+00,0.000000000000000000e+00
1.300000000000000000e+01,2.572000000000001840e+00,0.000000000000000000e+00,0.000000000000000000e+00
1.301999999999999957e+01,2.576000000000001844e+00,0.000000000000000000e+00,0.000000000000000000e+00
1.303999999999999915e+01,2.580000000000001847e+00,0.000000000000000000e+00,0.000000000000000000e+00
1.306000000000000050e+01,2.584000000000001851e+00,0.000000000000000000e+00,0.000000000000000000e+00
1.308000000000000007e+01,2.588000000000001855e+00,0.000000000000000000e+00,0.000000000000000000e+00
1.309999999999999964e+01,2.592000000000001858e+00,0.000000000000000000e+00,0.000000000000000000e+00
1.311999999999999922e+01,2.596000000000001862e+00,0.000000000000000000e+00,0.000000000000000000e+00
1.314000000000000057e+01,2.600000000000001865e+00,0.000000000000000000e+00,0.000000000000000000e+00
1.316000000000000014e+01,2.604000000000001869e+00,0.000000000000000000e+00,0.000000000000000000e+00
1.317999999999999972e+01,2.608000000000001872e+00,0.000000000000000000e+00,0.000000000000000000e+00
1.319999999999999929e+01,2.612000000000001876e+00,0.000000000000000000e+00,0.000000000000000000e+00
1.322000000000000064e+01,2.616000000000001879e+00,0.000000000000000000e+00,0.000000000000000000e+00
1.324000000000000021e+01,2.620000000000001883e+00,0.000000000000000000e+00,0.000000000000000000e+00
1.325999999999999979e+01,2.624000000000001886e+00,0.000000000000000000e+00,0.000000000000000000e+00
1.327999999999999936e+01,2.628000000000001890e+00,0.000000000000000000e+00,0.000000000000000000e+00
1.330000000000000071e+01,2.632000000000001894e+00,0.000000000000000000e+00,0.000000000000000000e+00
1.332000000000000028e+01,2.636000000000001897e+00,0.000000000000000000e+00,0.000000000000000000e+00
1.333999999999999986e+01,2.640000000000001901e+00,0.000000000000000000e+00,0.000000000000000000e+00
1.335999999999999943e+01,2.644000000000001904e+00,0.000000000000000000e+00,0.000000000000000000e+00
1.338000000000000078e+01,2.648000000000001908e+00,0.000000000000000000e+00,0.000000000000000000e+00
1.340000000000000036e+01,2.652000000000001911e+00,0.000000000000000000e+00,0.000000000000000000e+00
1.341999999999999993e+01,2.656000000000001915e+00,0.000000000000000000e+00,0.000000000000000000e+00
1.343999999999999950e+01,2.660000000000001918e+00,0.000000000000000000e+00,0.000000000000000000e+00
1.346000000000000085e+01,2.664000000000001922e+00,0.000000000000000000e+00,0.000000000000000000e+00
1.348000000000000043e+01,2.668000000000001926e+00,0.000000000000000000e+00,0.000000000000000000e+00
1.350000000000000000e+01,2.672000000000001929e+00,0.000000000000000000e+00,0.000000000000000000e+00
1.351999999999999957e+01,2.676000000000001933e+00,0.000000000000000000e+00,0.000000000000000000e+00
1.353999999999999915e+01,2.680000000000001936e+00,0.000000000000000000e+00,0.000000000000000000e+00
1.356000000000000050e+01,2.684000000000001940e+00,0.000000000000000000e+00,0.000000000000000000e+00
1.358000000000000007e+01,2.688000000000001943e+00,0.000000000000000000e+00,0.000000000000000000e+00
1.359999999999999964e+01,2.692000000000001947e+00,0.000000000000000000e+00,0.000000000000000000e+00
1.361999999999999922e+01,2.696000000000001950e+00,0.000000000000000000e+00,0.000000000000000000e+00
1.364000000000000057e+01,2.700000000000001954e+00,0.000000000000000000e+00,0.000000000000000000e+00
1.366000000000000014e+01,2.704000000000001958e+00,0.000000000000000000e+00,0.000000000000000000e+00
1.367999999999999972e+01,2.708000000000001961e+00,0.000000000000000000e+00,0.000000000000000000e+00
1.369999999999999929e+01,2.712000000000001965e+00,0.000000000000000000e+00,0.000000000000000000e+00
1.372000000000000064e+01,2.716000000000001968e+00,0.000000000000000000e+00,0.000000000000000000e+00
1.374000000000000021e+01,2.720000000000001972e+00,0.000000000000000000e+00,0.000000000000000000e+00
1.375999999999999979e+01,2.724000000000001975e+00,0.000000000000000000e+00,0.000000000000000000e+00
1.377999999999999936e+01,2.728000000000001979e+00,0.000000000000000000e+00,0.000000000000000000e+00
1.380000000000000071e+01,2.732000000000001982e+00,0.000000000000000000e+00,0.000000000000000000e+00
1.382000000000000028e+01,2.736000000000001986e+00,0.000000000000000000e+00,0.000000000000000000e+00
1.383999999999999986e+01,2.740000000000001990e+00,0.000000000000000000e+00,0.000000000000000000e+00
1.385999999999999943e+01,2.744000000000001993e+00,0.000000000000000000e+00,0.000000000000000000e+00
1.388000000000000078e+01,2.748000000000001997e+00,0.000000000000000000e+00,0.000000000000000000e+00
1.390000000000000036e+01,2.752000000000002000e+00,0.000000000000000000e+00,0.000000000000000000e+00
1.391999999999999993e+01,2.756000000000002004e+00,0.000000000000000000e+00,0.000000000000000000e+00
1.393999999999999950e+01,2.760000000000002007e+00,0.000000000000000000e+00,0.000000000000000000e+00
1.396000000000000085e+01,2.764000000000002011e+00,0.000000000000000000e+00,0.000000000000000000e+00
1.398000000000000043e+01,2.768000000000002014e+00,0.000000000000000000e+00,0.000000000000000000e+00
1.400000000000000000e+01,2.772000000000002018e+00,0.000000000000000000e+00,0.000000000000000000e+00
1.401999999999999957e+01,2.776000000000002021e+00,0.000000000000000000e+00,0.000000000000000000e+00
1.403999999999999915e+01,2.780000000000002025e+00,0.000000000000000000e+00,0.000000000000000000e+00
1.406000000000000050e+01,2.784000000000002029e+00,0.000000000000000000e+00,0.000000000000000000e+00
1.408000000000000007e+01,2.788000000000002032e+00,0.000000000000000000e+00,0.000000000000000000e+00
1.409999999999999964e+01,2.792000000000002036e+00,0.000000000000000000e+00,0.000000000000000000e+00
1.411999999999999922e+01,2.796000000000002039e+00,0.000000000000000000e+00,0.000000000000000000e+00
1.414000000000000057e+01,2.800000000000002043e+00,0.000000000000000000e+00,0.000000000000000000e+00
1.416000000000000014e+01,2.804000000000002046e+00,0.000000000000000000e+00,0.000000000000000000e+00
1.417999999999999972e+01,2.808000000000002050e+00,0.000000000000000000e+00,0.000000000000000000e+00
1.419999999999999929e+01,2.812000000000002053e+00,0.000000000000000000e+00,0.000000000000000000e+00
1.422000000000000064e+01,2.816000000000002057e+00,0.000000000000000000e+00,0.000000000000000000e+00
1.424000000000000021e+01,2.820000000000002061e+00,0.000000000000000000e+00,0.000000000000000000e+00
1.425999999999999979e+01,2.824000000000002064e+00,0.000000000000000000e+00,0.000000000000000000e+00
1.427999999999999936e+01,2.828000000000002068e+00,0.000000000000000000e+00,0.000000000000000000e+00
1.430000000000000071e+01,2.832000000000002071e+00,0.000000000000000000e+00,0.000000000000000000e+00
1.432000000000000028e+01,2.836000000000002075e+00,0.000000000000000000e+00,0.000000000000000000e+00
1.433999999999999986e+01,2.840000000000002078e+00,0.000000000000000000e+00,0.000000000000000000e+00
1.435999999999999943e+01,2.844000000000002082e+00,0.000000000000000000e+00,0.000000000000000000e+00
1.438000000000000078e+01,2.848000000000002085e+00,0.000000000000000000e+00,0.000000000000000000e+00
1.440000000000000036e+01,2.852000000000002089e+00,0.000000000000000000e+00,0.000000000000000000e+00
1.441999999999999993e+01,2.856000000000002093e+00,0.000000000000000000e+00,0.000000000000000000e+00
1.443999999999999950e+01,2.860000000000002096e+00,0.000000000000000000e+00,0.000000000000000000e+00
1.446000000000000085e+01,2.864000000000002100e+00,0.000000000000000000e+00,0.000000000000000000e+00
1.448000000000000043e+01,2.868000000000002103e+00,0.000000000000000000e+00,0.000000000000000000e+00
1.450000000000000000e+01,2.872000000000002107e+00,0.000000000000000000e+00,0.000000000000000000e+00
1.451999999999999957e+01,2.876000000000002110e+00,0.000000000000000000e+00,0.000000000000000000e+00
1.453999999999999915e+01,2.880000000000002114e+00,0.000000000000000000e+00,0.000000000000000000e+00
1.456000000000000050e+01,2.884000000000002117e+00,0.000000000000000000e+00,0.000000000000000000e+00
1.458000000000000007e+01,2.888000000000002121e+00,0.000000000000000000e+00,0.000000000000000000e+00
1.459999999999999964e+01,2.892000000000002125e+00,0.000000000000000000e+00,0.000000000000000000e+00
1.461999999999999922e+01,2.896000000000002128e+00,0.000000000000000000e+00,0.000000000000000000e+00
1.464000000000000057e+01,2.900000000000002132e+00,0.000000000000000000e+00,0.000000000000000000e+00
1.466000000000000014e+01,2.904000000000002135e+00,0.000000000000000000e+00,0.000000000000000000e+00
1.467999999999999972e+01,2.908000000000002139e+00,0.000000000000000000e+00,0.000000000000000000e+00
1.469999999999999929e+01,2.912000000000002142e+00,0.000000000000000000e+00,0.000000000000000000e+00
1.472000000000000064e+01,2.916000000000002146e+00,0.000000000000000000e+00,0.000000000000000000e+00
1.474000000000000021e+01,2.920000000000002149e+00,0.000000000000000000e+00,0.000000000000000000e+00
1.475999999999999979e+01,2.924000000000002153e+00,0.000000000000000000e+00,0.000000000000000000e+00
1.477999999999999936e+01,2.928000000000002156e+00,0.000000000000000000e+00,0.000000000000000000e+00
1.480000000000000071e+01,2.932000000000002160e+00,0.000000000000000000e+00,0.000000000000000000e+00
1.482000000000000028e+01,2.936000000000002164e+00,0.000000000000000000e+00,0.000000000000000000e+00
1.483999999999999986e+01,2.940000000000002167e+00,0.000000000000000000e+00,0.000000000000000000e+00
1.485999999999999943e+01,2.944000000000002171e+00,0.000000000000000000e+00,0.000000000000000000e+00
1.488000000000000078e+01,2.948000000000002174e+00,0.000000000000000000e+00,0.000000000000000000e+00
1.490000000000000036e+01,2.952000000000002178e+00,0.000000000000000000e+00,0.000000000000000000e+00
1.491999999999999993e+01,2.956000000000002181e+00,0.000000000000000000e+00,0.000000000000000000e+00
1.493999999999999950e+01,2.960000000000002185e+00,0.000000000000000000e+00,0.000000000000000000e+00
1.496000000000000085e+01,2.964000000000002188e+00,0.000000000000000000e+00,0.000000000000000000e+00
1.498000000000000043e+01,2.968000000000002192e+00,0.000000000000000000e+00,0.000000000000000000e+00
1.500000000000000000e+01,2.972000000000002196e+00,0.000000000000000000e+00,0.000000000000000000e+00
1.501999999999999957e+01,2.976000000000002199e+00,0.000000000000000000e+00,0.000000000000000000e+00
1.503999999999999915e+01,2.980000000000002203e+00,0.000000000000000000e+00,0.000000000000000000e+00
1.506000000000000050e+01,2.984000000000002206e+00,0.000000000000000000e+00,0.000000000000000000e+00
1.508000000000000007e+01,2.988000000000002210e+00,0.000000000000000000e+00,0.000000000000000000e+00
1.509999999999999964e+01,2.992000000000002213e+00,0.000000000000000000e+00,0.000000000000000000e+00
1.511999999999999922e+01,2.996000000000002217e+00,0.000000000000000000e+00,0.000000000000000000e+00
1.514000000000000057e+01,3.000000000000002220e+00,0.000000000000000000e+00,0.000000000000000000e+00
1.516000000000000014e+01,3.004000000000002224e+00,0.000000000000000000e+00,0.000000000000000000e+00
1.517999999999999972e+01,3.008000000000002228e+00,0.000000000000000000e+00,0.000000000000000000e+00
1.519999999999999929e+01,3.012000000000002231e+00,0.000000000000000000e+00,0.000000000000000000e+00
1.522000000000000064e+01,3.016000000000002235e+00,0.000000000000000000e+00,0.000000000000000000e+00
1.524000000000000021e+01,3.020000000000002238e+00,0.000000000000000000e+00,0.000000000000000000e+00
1.525999999999999979e+01,3.024000000000002242e+00,0.000000000000000000e+00,0.000000000000000000e+00
1.527999999999999936e+01,3.028000000000002245e+00,0.000000000000000000e+00,0.000000000000000000e+00
1.530000000000000071e+01,3.032000000000002249e+00,0.000000000000000000e+00,0.000000000000000000e+00
1.532000000000000028e+01,3.036000000000002252e+00,0.000000000000000000e+00,0.000000000000000000e+00
1.533999999999999986e+01,3.040000000000002256e+00,0.000000000000000000e+00,0.000000000000000000e+00
1.535999999999999943e+01,3.044000000000002260e+00,0.000000000000000000e+00,0.000000000000000000e+00
1.538000000000000078e+01,3.048000000000002263e+00,0.000000000000000000e+00,0.000000000000000000e+00
1.540000000000000036e+01,3.052000000000002267e+00,0.000000000000000000e+00,0.000000000000000000e+00
1.541999999999999993e+01,3.056000000000002270e+00,0.000000000000000000e+00,0.000000000000000000e+00
1.543999999999999950e+01,3.060000000000002274e+00,0.000000000000000000e+00,0.000000000000000000e+00
1.546000000000000085e+01,3.064000000000002277e+00,0.000000000000000000e+00,0.000000000000000000e+00
1.548000000000000043e+01,3.068000000000002281e+00,0.000000000000000000e+00,0.000000000000000000e+00
1.550000000000000000e+01,3.072000000000002284e+00,0.000000000000000000e+00,0.000000000000000000e+00
1.551999999999999957e+01,3.076000000000002288e+00,0.000000000000000000e+00,0.000000000000000000e+00
1.553999999999999915e+01,3.080000000000002292e+00,0.000000000000000000e+00,0.000000000000000000e+00
1.556000000000000050e+01,3.084000000000002295e+00,0.000000000000000000e+00,0.000000000000000000e+00
1.558000000000000007e+01,3.088000000000002299e+00,0.000000000000000000e+00,0.000000000000000000e+00
1.559999999999999964e+01,3.092000000000002302e+00,0.000000000000000000e+00,0.000000000000000000e+00
1.561999999999999922e+01,3.096000000000002306e+00,0.000000000000000000e+00,0.000000000000000000e+00
1.564000000000000057e+01,3.100000000000002309e+00,0.000000000000000000e+00,0.000000000000000000e+00
1.566000000000000014e+01,3.104000000000002313e+00,0.000000000000000000e+00,0.000000000000000000e+00
1.567999999999999972e+01,3.108000000000002316e+00,0.000000000000000000e+00,0.000000000000000000e+00
1.569999999999999929e+01,3.112000000000002320e+00,0.000000000000000000e+00,0.000000000000000000e+00
1.572000000000000064e+01,3.116000000000002323e+00,0.000000000000000000e+00,0.000000000000000000e+00
1.574000000000000021e+01,3.120000000000002327e+00,0.000000000000000000e+00,0.000000000000000000e+00
1.575999999999999979e+01,3.124000000000002331e+00,0.000000000000000000e+00,0.000000000000000000e+00
1.577999999999999936e+01,3.128000000000002334e+00,0.000000000000000000e+00,0.000000000000000000e+00
1.580000000000000071e+01,3.132000000000002338e+00,0.000000000000000000e+00,0.000000000000000000e+00
1.582000000000000028e+01,3.136000000000002341e+00,0.000000000000000000e+00,0.000000000000000000e+00
1.583999999999999986e+01,3.140000000000002345e+00,0.000000000000000000e+00,0.000000000000000000e+00
1.585999999999999943e+01,3.144000000000002348e+00,0.000000000000000000e+00,0.000000000000000000e+00
1.588000000000000078e+01,3.148000000000002352e+00,0.000000000000000000e+00,0.000000000000000000e+00
1.590000000000000036e+01,3.152000000000002355e+00,0.000000000000000000e+00,0.000000000000000000e+00
1.591999999999999993e+01,3.156000000000002359e+00,0.000000000000000000e+00,0.000000000000000000e+00
1.593999999999999950e+01,3.160000000000002363e+00,0.000000000000000000e+00,0.000000000000000000e+00
1.596000000000000085e+01,3.164000000000002366e+00,0.000000000000000000e+00,0.000000000000000000e+00
1.598000000000000043e+01,3.168000000000002370e+00,0.000000000000000000e+00,0.000000000000000000e+00
1.600000000000000000e+01,3.172000000000002373e+00,0.000000000000000000e+00,0.000000000000000000e+00
1.601999999999999957e+01,3.176000000000002377e+00,0.000000000000000000e+00,0.000000000000000000e+00
1.603999999999999915e+01,3.180000000000002380e+00,0.000000000000000000e+00,0.000000000000000000e+00
1.605999999999999872e+01,3.184000000000002384e+00,0.000000000000000000e+00,0.000000000000000000e+00
1.607999999999999829e+01,3.188000000000002387e+00,0.000000000000000000e+00,0.000000000000000000e+00
1.610000000000000142e+01,3.192000000000002391e+00,0.000000000000000000e+00,0.000000000000000000e+00
1.612000000000000099e+01,3.196000000000002395e+00,0.000000000000000000e+00,0.000000000000000000e+00
1.614000000000000057e+01,3.200000000000002398e+00,0.000000000000000000e+00,0.000000000000000000e+00
1.616000000000000014e+01,3.204000000000002402e+00,0.000000000000000000e+00,0.000000000000000000e+00
1.617999999999999972e+01,3.208000000000002405e+00,0.000000000000000000e+00,0.000000000000000000e+00
1.619999999999999929e+01,3.212000000000002409e+00,0.000000000000000000e+00,0.000000000000000000e+00
1.621999999999999886e+01,3.216000000000002412e+00,0.000000000000000000e+00,0.000000000000000000e+00
1.623999999999999844e+01,3.220000000000002416e+00,0.000000000000000000e+00,0.000000000000000000e+00
1.626000000000000156e+01,3.224000000000002419e+00,0.000000000000000000e+00,0.000000000000000000e+00
1.628000000000000114e+01,3.228000000000002423e+00,0.000000000000000000e+00,0.000000000000000000e+00
1.630000000000000071e+01,3.232000000000002427e+00,0.000000000000000000e+00,0.000000000000000000e+00
1.632000000000000028e+01,3.236000000000002430e+00,0.000000000000000000e+00,0.000000000000000000e+00
1.633999999999999986e+01,3.240000000000002434e+00,0.000000000000000000e+00,0.000000000000000000e+00
1.635999999999999943e+01,3.244000000000002437e+00,0.000000000000000000e+00,0.000000000000000000e+00
1.637999999999999901e+01,3.248000000000002441e+00,0.000000000000000000e+00,0.000000000000000000e+00
1.639999999999999858e+01,3.252000000000002444e+00,0.000000000000000000e+00,0.000000000000000000e+00
1.642000000000000171e+01,3.256000000000002448e+00,0.000000000000000000e+00,0.000000000000000000e+00
1.644000000000000128e+01,3.260000000000002451e+00,0.000000000000000000e+00,0.000000000000000000e+00
1.646000000000000085e+01,3.264000000000002455e+00,0.000000000000000000e+00,0.000000000000000000e+00
1.648000000000000043e+01,3.268000000000002458e+00,0.000000000000000000e+00,0.000000000000000000e+00
1.650000000000000000e+01,3.272000000000002462e+00,0.000000000000000000e+00,0.000000000000000000e+00
1.651999999999999957e+01,3.276000000000002466e+00,0.000000000000000000e+00,0.000000000000000000e+00
1.653999999999999915e+01,3.280000000000002469e+00,0.000000000000000000e+00,0.000000000000000000e+00
1.655999999999999872e+01,3.284000000000002473e+00,0.000000000000000000e+00,0.000000000000000000e+00
1.657999999999999829e+01,3.288000000000002476e+00,0.000000000000000000e+00,0.000000000000000000e+00
1.660000000000000142e+01,3.292000000000002480e+00,0.000000000000000000e+00,0.000000000000000000e+00
1.662000000000000099e+01,3.296000000000002483e+00,0.000000000000000000e+00,0.000000000000000000e+00
1.664000000000000057e+01,3.300000000000002487e+00,0.000000000000000000e+00,0.000000000000000000e+00
1.666000000000000014e+01,3.304000000000002490e+00,0.000000000000000000e+00,0.000000000000000000e+00
1.667999999999999972e+01,3.308000000000002494e+00,0.000000000000000000e+00,0.000000000000000000e+00
1.669999999999999929e+01,3.312000000000002498e+00,0.000000000000000000e+00,0.000000000000000000e+00
1.671999999999999886e+01,3.316000000000002501e+00,0.000000000000000000e+00,0.000000000000000000e+00
1.673999999999999844e+01,3.320000000000002505e+00,0.000000000000000000e+00,0.000000000000000000e+00
1.676000000000000156e+01,3.324000000000002508e+00,0.000000000000000000e+00,0.000000000000000000e+00
1.678000000000000114e+01,3.328000000000002512e+00,0.000000000000000000e+00,0.000000000000000000e+00
1.680000000000000071e+01,3.332000000000002515e+00,0.000000000000000000e+00,0.000000000000000000e+00
1.682000000000000028e+01,3.336000000000002519e+00,0.000000000000000000e+00,0.000000000000000000e+00
1.683999999999999986e+01,3.340000000000002522e+00,0.000000000000000000e+00,0.000000000000000000e+00
1.685999999999999943e+01,3.344000000000002526e+00,0.000000000000000000e+00,0.000000000000000000e+00
1.687999999999999901e+01,3.348000000000002530e+00,0.000000000000000000e+00,0.000000000000000000e+00
1.689999999999999858e+01,3.352000000000002533e+00,0.000000000000000000e+00,0.000000000000000000e+00
1.692000000000000171e+01,3.356000000000002537e+00,0.000000000000000000e+00,0.000000000000000000e+00
1.694000000000000128e+01,3.360000000000002540e+00,0.000000000000000000e+00,0.000000000000000000e+00
1.696000000000000085e+01,3.364000000000002544e+00,0.000000000000000000e+00,0.000000000000000000e+00
1.698000000000000043e+01,3.368000000000002547e+00,0.000000000000000000e+00,0.000000000000000000e+00
1.700000000000000000e+01,3.372000000000002551e+00,0.000000000000000000e+00,0.000000000000000000e+00
1.701999999999999957e+01,3.376000000000002554e+00,0.000000000000000000e+00,0.000000000000000000e+00
1.703999999999999915e+01,3.380000000000002558e+00,0.000000000000000000e+00,0.000000000000000000e+00
1.705999999999999872e+01,3.384000000000002562e+00,0.000000000000000000e+00,0.000000000000000000e+00
1.707999999999999829e+01,3.388000000000002565e+00,0.000000000000000000e+00,0.000000000000000000e+00
1.710000000000000142e+01,3.392000000000002569e+00,0.000000000000000000e+00,0.000000000000000000e+00
1.712000000000000099e+01,3.396000000000002572e+00,0.000000000000000000e+00,0.000000000000000000e+00
1.714000000000000057e+01,3.400000000000002576e+00,0.000000000000000000e+00,0.000000000000000000e+00
1.716000000000000014e+01,3.404000000000002579e+00,0.000000000000000000e+00,0.000000000000000000e+00
1.717999999999999972e+01,3.408000000000002583e+00,0.000000000000000000e+00,0.000000000000000000e+00
1.719999999999999929e+01,3.412000000000002586e+00,0.000000000000000000e+00,0.000000000000000000e+00
1.721999999999999886e+01,3.416000000000002590e+00,0.000000000000000000e+00,0.000000000000000000e+00
1.723999999999999844e+01,3.420000000000002593e+00,0.000000000000000000e+00,0.000000000000000000e+00
1.726000000000000156e+01,3.424000000000002597e+00,0.000000000000000000e+00,0.000000000000000000e+00
1.728000000000000114e+01,3.428000000000002601e+00,0.000000000000000000e+00,0.000000000000000000e+00
1.730000000000000071e+01,3.432000000000002604e+00,0.000000000000000000e+00,0.000000000000000000e+00
1.732000000000000028e+01,3.436000000000002608e+00,0.000000000000000000e+00,0.000000000000000000e+00
1.733999999999999986e+01,3.440000000000002611e+00,0.000000000000000000e+00,0.000000000000000000e+00
1.735999999999999943e+01,3.444000000000002615e+00,0.000000000000000000e+00,0.000000000000000000e+00
1.737999999999999901e+01,3.448000000000002618e+00,0.000000000000000000e+00,0.000000000000000000e+00
1.739999999999999858e+01,3.452000000000002622e+00,0.000000000000000000e+00,0.000000000000000000e+00
1.742000000000000171e+01,3.456000000000002625e+00,0.000000000000000000e+00,0.000000000000000000e+00
1.744000000000000128e+01,3.460000000000002629e+00,0.000000000000000000e+00,0.000000000000000000e+00
1.746000000000000085e+01,3.464000000000002633e+00,0.000000000000000000e+00,0.000000000000000000e+00
1.748000000000000043e+01,3.468000000000002636e+00,0.000000000000000000e+00,0.000000000000000000e+00
1.750000000000000000e+01,3.472000000000002640e+00,0.000000000000000000e+00,0.000000000000000000e+00
1.751999999999999957e+01,3.476000000000002643e+00,0.000000000000000000e+00,0.000000000000000000e+00
1.753999999999999915e+01,3.480000000000002647e+00,0.000000000000000000e+00,0.000000000000000000e+00
1.755999999999999872e+01,3.484000000000002650e+00,0.000000000000000000e+00,0.000000000000000000e+00
1.757999999999999829e+01,3.488000000000002654e+00,0.000000000000000000e+00,0.000000000000000000e+00
1.760000000000000142e+01,3.492000000000002657e+00,0.000000000000000000e+00,0.000000000000000000e+00
1.762000000000000099e+01,3.496000000000002661e+00,0.000000000000000000e+00,0.000000000000000000e+00
1.764000000000000057e+01,3.500000000000002665e+00,0.000000000000000000e+00,0.000000000000000000e+00
1.766000000000000014e+01,3.504000000000002668e+00,0.000000000000000000e+00,0.000000000000000000e+00
1.767999999999999972e+01,3.508000000000002672e+00,0.000000000000000000e+00,0.000000000000000000e+00
1.769999999999999929e+01,3.512000000000002675e+00,0.000000000000000000e+00,0.000000000000000000e+00
1.771999999999999886e+01,3.516000000000002679e+00,0.000000000000000000e+00,0.000000000000000000e+00
1.773999999999999844e+01,3.520000000000002682e+00,0.000000000000000000e+00,0.000000000000000000e+00
1.776000000000000156e+01,3.524000000000002686e+00,0.000000000000000000e+00,0.000000000000000000e+00
1.778000000000000114e+01,3.528000000000002689e+00,0.000000000000000000e+00,0.000000000000000000e+00
1.780000000000000071e+01,3.532000000000002693e+00,0.000000000000000000e+00,0.000000000000000000e+00
1.782000000000000028e+01,3.536000000000002697e+00,0.000000000000000000e+00,0.000000000000000000e+00
1.783999999999999986e+01,3.540000000000002700e+00,0.000000000000000000e+00,0.000000000000000000e+00
1.785999999999999943e+01,3.544000000000002704e+00,0.000000000000000000e+00,0.000000000000000000e+00
1.787999999999999901e+01,3.548000000000002707e+00,0.000000000000000000e+00,0.000000000000000000e+00
1.789999999999999858e+01,3.552000000000002711e+00,0.000000000000000000e+00,0.000000000000000000e+00
1.792000000000000171e+01,3.556000000000002714e+00,0.000000000000000000e+00,0.000000000000000000e+00
1.794000000000000128e+01,3.560000000000002718e+00,0.000000000000000000e+00,0.000000000000000000e+00
1.796000000000000085e+01,3.564000000000002721e+00,0.000000000000000000e+00,0.000000000000000000e+00
1.798000000000000043e+01,3.568000000000002725e+00,0.000000000000000000e+00,0.000000000000000000e+00
1.800000000000000000e+01,3.572000000000002728e+00,0.000000000000000000e+00,0.000000000000000000e+00
1.801999999999999957e+01,3.576000000000002732e+00,0.000000000000000000e+00,0.000000000000000000e+00
1.803999999999999915e+01,3.580000000000002736e+00,0.000000000000000000e+00,0.000000000000000000e+00
1.805999999999999872e+01,3.584000000000002739e+00,0.000000000000000000e+00,0.000000000000000000e+00
1.807999999999999829e+01,3.588000000000002743e+00,0.000000000000000000e+00,0.000000000000000000e+00
1.810000000000000142e+01,3.592000000000002746e+00,0.000000000000000000e+00,0.000000000000000000e+00
1.812000000000000099e+01,3.596000000000002750e+00,0.000000000000000000e+00,0.000000000000000000e+00
1.814000000000000057e+01,3.600000000000002753e+00,0.000000000000000000e+00,0.000000000000000000e+00
1.816000000000000014e+01,3.604000000000002757e+00,0.000000000000000000e+00,0.000000000000000000e+00
1.817999999999999972e+01,3.608000000000002760e+00,0.000000000000000000e+00,0.000000000000000000e+00
1.819999999999999929e+01,3.612000000000002764e+00,0.000000000000000000e+00,0.000000000000000000e+00
1.821999999999999886e+01,3.616000000000002768e+00,0.000000000000000000e+00,0.000000000000000000e+00
1.823999999999999844e+01,3.620000000000002771e+00,0.000000000000000000e+00,0.000000000000000000e+00
1.826000000000000156e+01,3.624000000000002775e+00,0.000000000000000000e+00,0.000000000000000000e+00
1.828000000000000114e+01,3.628000000000002778e+00,0.000000000000000000e+00,0.000000000000000000e+00
1.830000000000000071e+01,3.632000000000002782e+00,0.000000000000000000e+00,0.000000000000000000e+00
1.832000000000000028e+01,3.636000000000002785e+00,0.000000000000000000e+00,0.000000000000000000e+00
1.833999999999999986e+01,3.640000000000002789e+00,0.000000000000000000e+00,0.000000000000000000e+00
1.835999999999999943e+01,3.644000000000002792e+00,0.000000000000000000e+00,0.000000000000000000e+00
1.837999999999999901e+01,3.648000000000002796e+00,0.000000000000000000e+00,0.000000000000000000e+00
1.839999999999999858e+01,3.652000000000002800e+00,0.000000000000000000e+00,0.000000000000000000e+00
1.842000000000000171e+01,3.656000000000002803e+00,0.000000000000000000e+00,0.000000000000000000e+00
1.844000000000000128e+01,3.660000000000002807e+00,0.000000000000000000e+00,0.000000000000000000e+00
1.846000000000000085e+01,3.664000000000002810e+00,0.000000000000000000e+00,0.000000000000000000e+00
1.848000000000000043e+01,3.668000000000002814e+00,0.000000000000000000e+00,0.000000000000000000e+00
1.850000000000000000e+01,3.672000000000002817e+00,0.000000000000000000e+00,0.000000000000000000e+00
1.851999999999999957e+01,3.676000000000002821e+00,0.000000000000000000e+00,0.000000000000000000e+00
1.853999999999999915e+01,3.680000000000002824e+00,0.000000000000000000e+00,0.000000000000000000e+00
1.855999999999999872e+01,3.684000000000002828e+00,0.000000000000000000e+00,0.000000000000000000e+00
1.857999999999999829e+01,3.688000000000002832e+00,0.000000000000000000e+00,0.000000000000000000e+00
1.860000000000000142e+01,3.692000000000002835e+00,0.000000000000000000e+00,0.000000000000000000e+00
1.862000000000000099e+01,3.696000000000002839e+00,0.000000000000000000e+00,0.000000000000000000e+00
1.864000000000000057e+01,3.700000000000002842e+00,0.000000000000000000e+00,0.000000000000000000e+00
1.866000000000000014e+01,3.704000000000002846e+00,0.000000000000000000e+00,0.000000000000000000e+00
1.867999999999999972e+01,3.708000000000002849e+00,0.000000000000000000e+00,0.000000000000000000e+00
1.869999999999999929e+01,3.712000000000002853e+00,0.000000000000000000e+00,0.000000000000000000e+00
1.871999999999999886e+01,3.716000000000002856e+00,0.000000000000000000e+00,0.000000000000000000e+00
1.873999999999999844e+01,3.720000000000002860e+00,0.000000000000000000e+00,0.000000000000000000e+00
1.876000000000000156e+01,3.724000000000002863e+00,0.000000000000000000e+00,0.000000000000000000e+00
1.878000000000000114e+01,3.728000000000002867e+00,0.000000000000000000e+00,0.000000000000000000e+00
1.880000000000000071e+01,3.732000000000002871e+00,0.000000000000000000e+00,0.000000000000000000e+00
1.882000000000000028e+01,3.736000000000002874e+00,0.000000000000000000e+00,0.000000000000000000e+00
1.883999999999999986e+01,3.740000000000002878e+00,0.000000000000000000e+00,0.000000000000000000e+00
1.885999999999999943e+01,3.744000000000002881e+00,0.000000000000000000e+00,0.000000000000000000e+00
1.887999999999999901e+01,3.748000000000002885e+00,0.000000000000000000e+00,0.000000000000000000e+00
1.889999999999999858e+01,3.752000000000002888e+00,0.000000000000000000e+00,0.000000000000000000e+00
1.892000000000000171e+01,3.756000000000002892e+00,0.000000000000000000e+00,0.000000000000000000e+00
1.894000000000000128e+01,3.760000000000002895e+00,0.000000000000000000e+00,0.000000000000000000e+00
1.896000000000000085e+01,3.764000000000002899e+00,0.000000000000000000e+00,0.000000000000000000e+00
1.898000000000000043e+01,3.768000000000002903e+00,0.000000000000000000e+00,0.000000000000000000e+00
1.900000000000000000e+01,3.772000000000002906e+00,0.000000000000000000e+00,0.000000000000000000e+00
1.901999999999999957e+01,3.776000000000002910e+00,0.000000000000000000e+00,0.000000000000000000e+00
1.903999999999999915e+01,3.780000000000002913e+00,0.000000000000000000e+00,0.000000000000000000e+00
1.905999999999999872e+01,3.784000000000002917e+00,0.000000000000000000e+00,0.000000000000000000e+00
1.907999999999999829e+01,3.788000000000002920e+00,0.000000000000000000e+00,0.000000000000000000e+00
1.910000000000000142e+01,3.792000000000002924e+00,0.000000000000000000e+00,0.000000000000000000e+00
1.912000000000000099e+01,3.796000000000002927e+00,0.000000000000000000e+00,0.000000000000000000e+00
1.914000000000000057e+01,3.800000000000002931e+00,0.000000000000000000e+00,0.000000000000000000e+00
1.916000000000000014e+01,3.804000000000002935e+00,0.000000000000000000e+00,0.000000000000000000e+00
1.917999999999999972e+01,3.808000000000002938e+00,0.000000000000000000e+00,0.000000000000000000e+00
1.919999999999999929e+01,3.812000000000002942e+00,0.000000000000000000e+00,0.000000000000000000e+00
1.921999999999999886e+01,3.816000000000002945e+00,0.000000000000000000e+00,0.000000000000000000e+00
1.923999999999999844e+01,3.820000000000002949e+00,0.000000000000000000e+00,0.000000000000000000e+00
1.926000000000000156e+01,3.824000000000002952e+00,0.000000000000000000e+00,0.000000000000000000e+00
1.928000000000000114e+01,3.828000000000002956e+00,0.000000000000000000e+00,0.000000000000000000e+00
1.930000000000000071e+01,3.832000000000002959e+00,0.000000000000000000e+00,0.000000000000000000e+00
1.932000000000000028e+01,3.836000000000002963e+00,0.000000000000000000e+00,0.000000000000000000e+00
1.933999999999999986e+01,3.840000000000002967e+00,0.000000000000000000e+00,0.000000000000000000e+00
1.935999999999999943e+01,3.844000000000002970e+00,0.000000000000000000e+00,0.000000000000000000e+00
1.937999999999999901e+01,3.848000000000002974e+00,0.000000000000000000e+00,0.000000000000000000e+00
1.939999999999999858e+01,3.852000000000002977e+00,0.000000000000000000e+00,0.000000000000000000e+00
1.942000000000000171e+01,3.856000000000002981e+00,0.000000000000000000e+00,0.000000000000000000e+00
1.944000000000000128e+01,3.860000000000002984e+00,0.000000000000000000e+00,0.000000000000000000e+00
1.946000000000000085e+01,3.864000000000002988e+00,0.000000000000000000e+00,0.000000000000000000e+00
1.948000000000000043e+01,3.868000000000002991e+00,0.000000000000000000e+00,0.000000000000000000e+00
1.950000000000000000e+01,3.872000000000002995e+00,0.000000000000000000e+00,0.000000000000000000e+00
1.951999999999999957e+01,3.876000000000002998e+00,0.000000000000000000e+00,0.000000000000000000e+00
1.953999999999999915e+01,3.876000000000002998e+00,0.000000000000000000e+00,0.000000000000000000e+00
1.955999999999999872e+01,3.876000000000002998e+00,0.000000000000000000e+00,0.000000000000000000e+00
1.957999999999999829e+01,3.876000000000002998e+00,0.000000000000000000e+00,0.000000000000000000e+00
1.960000000000000142e+01,3.876000000000002998e+00,0.000000000000000000e+00,0.000000000000000000e+00
1.962000000000000099e+01,3.876000000000002998e+00,0.000000000000000000e+00,0.000000000000000000e+00
1.964000000000000057e+01,3.876000000000002998e+00,0.000000000000000000e+00,5.999999999999999258e-03
1.966000000000000014e+01,3.876000000000002998e+00,0.000000000000000000e+00,1.200000000000000198e-02
1.967999999999999972e+01,3.876000000000002998e+00,0.000000000000000000e+00,1.800000000000000558e-02
1.969999999999999929e+01,3.876000000000002998e+00,0.000000000000000000e+00,2.400000000000000397e-02
1.971999999999999886e+01,3.876000000000002998e+00,0.000000000000000000e+00,2.999999999999999542e-02
1.973999999999999844e+01,3.876000000000002998e+00,0.000000000000000000e+00,3.599999999999999728e-02
1.976000000000000156e+01,3.876000000000002998e+00,0.000000000000000000e+00,4.200000000000000261e-02
1.978000000000000114e+01,3.876000000000002998e+00,0.000000000000000000e+00,4.799999999999998712e-02
1.980000000000000071e+01,3.876000000000002998e+00,0.000000000000000000e+00,5.399999999999999245e-02
1.982000000000000028e+01,3.876000000000002998e+00,0.000000000000000000e+00,5.999999999999999778e-02
1.983999999999999986e+01,3.876000000000002998e+00,0.000000000000000000e+00,6.599999999999998923e-02
1.985999999999999943e+01,3.876000000000002998e+00,0.000000000000000000e+00,7.199999999999999456e-02
1.987999999999999901e+01,3.876000000000002998e+00,0.000000000000000000e+00,7.799999999999999989e-02
1.989999999999999858e+01,3.876000000000002998e+00,0.000000000000000000e+00,8.399999999999999134e-02
1.992000000000000171e+01,3.876000000000002998e+00,0.000000000000000000e+00,8.999999999999999667e-02
1.994000000000000128e+01,3.876000000000002998e+00,0.000000000000000000e+00,9.600000000000001588e-02
1.996000000000000085e+01,3.876000000000002998e+00,0.000000000000000000e+00,1.020000000000000073e-01
1.998000000000000043e+01,3.876000000000002998e+00,0.000000000000000000e+00,1.080000000000000127e-01
2.000000000000000000e+01,3.876000000000002998e+00,0.000000000000000000e+00,1.140000000000000180e-01
2.001999999999999957e+01,3.876000000000002998e+00,0.000000000000000000e+00,1.200000000000000233e-01
2.003999999999999915e+01,3.876000000000002998e+00,0.000000000000000000e+00,1.260000000000000286e-01
2.005999999999999872e+01,3.876000000000002998e+00,0.000000000000000000e+00,1.320000000000000340e-01
2.007999999999999829e+01,3.876000000000002998e+00,0.000000000000000000e+00,1.380000000000000393e-01
2.010000000000000142e+01,3.876000000000002998e+00,0.000000000000000000e+00,1.440000000000000446e-01
2.012000000000000099e+01,3.876000000000002998e+00,0.000000000000000000e+00,1.500000000000000500e-01
2.014000000000000057e+01,3.876000000000002998e+00,0.000000000000000000e+00,1.560000000000000553e-01
2.016000000000000014e+01,3.876000000000002998e+00,0.000000000000000000e+00,1.620000000000000606e-01
2.017999999999999972e+01,3.876000000000002998e+00,0.000000000000000000e+00,1.680000000000000659e-01
2.019999999999999929e+01,3.876000000000002998e+00,0.000000000000000000e+00,1.740000000000000990e-01
2.021999999999999886e+01,3.876000000000002998e+00,0.000000000000000000e+00,1.800000000000000488e-01
2.023999999999999844e+01,3.876000000000002998e+00,0.000000000000000000e+00,1.860000000000000819e-01
2.026000000000000156e+01,3.876000000000002998e+00,0.000000000000000000e+00,1.920000000000000873e-01
2.028000000000000114e+01,3.876000000000002998e+00,0.000000000000000000e+00,1.980000000000000648e-01
2.030000000000000071e+01,3.876000000000002998e+00,0.000000000000000000e+00,2.040000000000000979e-01
2.032000000000000028e+01,3.876000000000002998e+00,0.000000000000000000e+00,2.100000000000000477e-01
2.033999999999999986e+01,3.876000000000002998e+00,0.000000000000000000e+00,2.160000000000001363e-01
2.035999999999999943e+01,3.876000000000002998e+00,0.000000000000000000e+00,2.220000000000001417e-01
2.037999999999999901e+01,3.876000000000002998e+00,0.000000000000000000e+00,2.280000000000000637e-01
2.039999999999999858e+01,3.876000000000002998e+00,0.000000000000000000e+00,2.340000000000000691e-01
2.042000000000000171e+01,3.876000000000002998e+00,0.000000000000000000e+00,2.400000000000001021e-01
2.044000000000000128e+01,3.876000000000002998e+00,0.000000000000000000e+00,2.460000000000000797e-01
2.046000000000000085e+01,3.876000000000002998e+00,0.000000000000000000e+00,2.520000000000001128e-01
2.048000000000000043e+01,3.876000000000002998e+00,0.000000000000000000e+00,2.580000000000001181e-01
2.050000000000000000e+01,3.876000000000002998e+00,0.000000000000000000e+00,2.640000000000000679e-01
2.051999999999999957e+01,3.876000000000002998e+00,0.000000000000000000e+00,2.700000000000000733e-01
2.053999999999999915e+01,3.876000000000002998e+00,0.000000000000000000e+00,2.760000000000001341e-01
2.055999999999999872e+01,3.876000000000002998e+00,0.000000000000000000e+00,2.820000000000002505e-01
2.057999999999999829e+01,3.876000000000002998e+00,0.000000000000000000e+00,2.880000000000002558e-01
2.060000000000000142e+01,3.876000000000002998e+00,0.000000000000000000e+00,2.940000000000002611e-01
2.062000000000000099e+01,3.876000000000002998e+00,0.000000000000000000e+00,3.000000000000002665e-01
2.064000000000000057e+01,3.876000000000002998e+00,0.000000000000000000e+00,3.060000000000002718e-01
2.066000000000000014e+01,3.876000000000002998e+00,0.000000000000000000e+00,3.120000000000002771e-01
2.067999999999999972e+01,3.876000000000002998e+00,0.000000000000000000e+00,3.180000000000003935e-01
2.069999999999999929e+01,3.876000000000002998e+00,0.000000000000000000e+00,3.240000000000003433e-01
2.071999999999999886e+01,3.876000000000002998e+00,0.000000000000000000e+00,3.300000000000003486e-01
2.073999999999999844e+01,3.876000000000002998e+00,0.000000000000000000e+00,3.360000000000003539e-01
2.076000000000000156e+01,3.876000000000002998e+00,0.000000000000000000e+00,3.420000000000004148e-01
2.078000000000000114e+01,3.876000000000002998e+00,0.000000000000000000e+00,3.480000000000003091e-01
2.080000000000000071e+01,3.876000000000002998e+00,0.000000000000000000e+00,3.540000000000004254e-01
2.082000000000000028e+01,3.876000000000002998e+00,0.000000000000000000e+00,3.600000000000003753e-01
2.083999999999999986e+01,3.876000000000002998e+00,0.000000000000000000e+00,3.660000000000003806e-01
2.085999999999999943e+01,3.876000000000002998e+00,0.000000000000000000e+00,3.720000000000003859e-01
2.087999999999999901e+01,3.876000000000002998e+00,0.000000000000000000e+00,3.780000000000003357e-01
2.089999999999999858e+01,3.876000000000002998e+00,0.000000000000000000e+00,3.840000000000003966e-01
2.092000000000000171e+01,3.876000000000002998e+00,0.000000000000000000e+00,3.900000000000004019e-01
2.094000000000000128e+01,3.876000000000002998e+00,0.000000000000000000e+00,3.960000000000004072e-01
2.096000000000000085e+01,3.876000000000002998e+00,0.000000000000000000e+00,4.020000000000004126e-01
2.098000000000000043e+01,3.876000000000002998e+00,0.000000000000000000e+00,4.080000000000004179e-01
2.100000000000000000e+01,3.876000000000002998e+00,0.000000000000000000e+00,4.140000000000003677e-01
2.101999999999999957e+01,3.876000000000002998e+00,0.000000000000000000e+00,4.200000000000003175e-01
2.103999999999999915e+01,3.876000000000002998e+00,0.000000000000000000e+00,4.260000000000003784e-01
2.105999999999999872e+01,3.876000000000002998e+00,0.000000000000000000e+00,4.320000000000003837e-01
2.107999999999999829e+01,3.876000000000002998e+00,0.000000000000000000e+00,4.380000000000004445e-01
2.110000000000000142e+01,3.876000000000002998e+00,0.000000000000000000e+00,4.440000000000003944e-01
2.112000000000000099e+01,3.876000000000002998e+00,0.000000000000000000e+00,4.500000000000003997e-01
2.114000000000000057e+01,3.876000000000002998e+00,0.000000000000000000e+00,4.560000000000004050e-01
2.116000000000000014e+01,3.876000000000002998e+00,0.000000000000000000e+00,4.620000000000004103e-01
2.117999999999999972e+01,3.876000000000002998e+00,0.000000000000000000e+00,4.680000000000003602e-01
2.119999999999999929e+01,3.876000000000002998e+00,0.000000000000000000e+00,4.740000000000003655e-01
2.121999999999999886e+01,3.876000000000002998e+00,0.000000000000000000e+00,4.800000000000004818e-01
2.123999999999999844e+01,3.876000000000002998e+00,0.000000000000000000e+00,4.860000000000004317e-01
2.126000000000000156e+01,3.876000000000002998e+00,0.000000000000000000e+00,4.920000000000003815e-01
2.128000000000000114e+01,3.876000000000002998e+00,0.000000000000000000e+00,4.980000000000003868e-01
2.130000000000000071e+01,3.876000000000002998e+00,0.000000000000000000e+00,5.040000000000003366e-01
2.132000000000000028e+01,3.876000000000002998e+00,0.000000000000000000e+00,5.100000000000003419e-01
2.133999999999999986e+01,3.876000000000002998e+00,0.000000000000000000e+00,5.160000000000004583e-01
2.135999999999999943e+01,3.876000000000002998e+00,0.000000000000000000e+00,5.220000000000003526e-01
2.137999999999999901e+01,3.876000000000002998e+00,0.000000000000000000e+00,5.280000000000004690e-01
2.139999999999999858e+01,3.876000000000002998e+00,0.000000000000000000e+00,5.340000000000003633e-01
2.142000000000000171e+01,3.876000000000002998e+00,0.000000000000000000e+00,5.400000000000003686e-01
2.144000000000000128e+01,3.876000000000002998e+00,0.000000000000000000e+00,5.460000000000003739e-01
2.146000000000000085e+01,3.876000000000002998e+00,0.000000000000000000e+00,5.520000000000002682e-01
2.148000000000000043e+01,3.876000000000002998e+00,0.000000000000000000e+00,5.580000000000002736e-01
2.150000000000000000e+01,3.876000000000002998e+00,0.000000000000000000e+00,5.640000000000003899e-01
2.151999999999999957e+01,3.876000000000002998e+00,0.000000000000000000e+00,5.700000000000002842e-01
2.153999999999999915e+01,3.876000000000002998e+00,0.000000000000000000e+00,5.760000000000004006e-01
2.155999999999999872e+01,3.876000000000002998e+00,0.000000000000000000e+00,5.820000000000002949e-01
2.157999999999999829e+01,3.876000000000002998e+00,0.000000000000000000e+00,5.880000000000001892e-01
2.160000000000000142e+01,3.876000000000002998e+00,0.000000000000000000e+00,5.940000000000003055e-01
2.162000000000000099e+01,3.876000000000002998e+00,0.000000000000000000e+00,6.000000000000003109e-01
2.164000000000000057e+01,3.876000000000002998e+00,0.000000000000000000e+00,6.060000000000004272e-01
2.166000000000000014e+01,3.876000000000002998e+00,0.000000000000000000e+00,6.120000000000003215e-01
2.167999999999999972e+01,3.876000000000002998e+00,0.000000000000000000e+00,6.180000000000003268e-01
2.169999999999999929e+01,3.876000000000002998e+00,0.000000000000000000e+00,6.240000000000003322e-01
2.171999999999999886e+01,3.876000000000002998e+00,0.000000000000000000e+00,6.300000000000005596e-01
2.173999999999999844e+01,3.876000000000002998e+00,0.000000000000000000e+00,6.360000000000005649e-01
2.176000000000000156e+01,3.876000000000002998e+00,0.000000000000000000e+00,6.420000000000005702e-01
2.178000000000000114e+01,3.876000000000002998e+00,0.000000000000000000e+00,6.480000000000004645e-01
2.180000000000000071e+01,3.876000000000002998e+00,0.000000000000000000e+00,6.540000000000004698e-01
2.182000000000000028e+01,3.876000000000002998e+00,0.000000000000000000e+00,6.600000000000005862e-01
2.183999999999999986e+01,3.876000000000002998e+00,0.000000000000000000e+00,6.660000000000004805e-01
2.185999999999999943e+01,3.876000000000002998e+00,0.000000000000000000e+00,6.720000000000003748e-01
2.187999999999999901e+01,3.876000000000002998e+00,0.000000000000000000e+00,6.780000000000003801e-01
2.189999999999999858e+01,3.876000000000002998e+00,0.000000000000000000e+00,6.840000000000004965e-01
2.192000000000000171e+01,3.876000000000002998e+00,0.000000000000000000e+00,6.900000000000003908e-01
2.194000000000000128e+01,3.876000000000002998e+00,0.000000000000000000e+00,6.960000000000002851e-01
2.196000000000000085e+01,3.876000000000002998e+00,0.000000000000000000e+00,7.020000000000005125e-01
2.198000000000000043e+01,3.876000000000002998e+00,0.000000000000000000e+00,7.080000000000005178e-01
2.200000000000000000e+01,3.876000000000002998e+00,0.000000000000000000e+00,7.140000000000003011e-01
2.201999999999999957e+01,3.876000000000002998e+00,0.000000000000000000e+00,7.200000000000004174e-01
2.203999999999999915e+01,3.876000000000002998e+00,0.000000000000000000e+00,7.260000000000004228e-01
2.205999999999999872e+01,3.876000000000002998e+00,0.000000000000000000e+00,7.320000000000003171e-01
2.207999999999999829e+01,3.876000000000002998e+00,0.000000000000000000e+00,7.380000000000003224e-01
2.210000000000000142e+01,3.876000000000002998e+00,0.000000000000000000e+00,7.440000000000004388e-01
2.212000000000000099e+01,3.876000000000002998e+00,0.000000000000000000e+00,7.500000000000005551e-01
2.214000000000000057e+01,3.876000000000002998e+00,0.000000000000000000e+00,7.560000000000004494e-01
2.216000000000000014e+01,3.876000000000002998e+00,0.000000000000000000e+00,7.620000000000004547e-01
2.217999999999999972e+01,3.876000000000002998e+00,0.000000000000000000e+00,7.680000000000005711e-01
2.219999999999999929e+01,3.876000000000002998e+00,0.000000000000000000e+00,7.740000000000005764e-01
2.221999999999999886e+01,3.876000000000002998e+00,0.000000000000000000e+00,7.800000000000003597e-01
2.223999999999999844e+01,3.876000000000002998e+00,0.000000000000000000e+00,7.860000000000004761e-01
2.226000000000000156e+01,3.876000000000002998e+00,0.000000000000000000e+00,7.920000000000003704e-01
2.228000000000000114e+01,3.876000000000002998e+00,0.000000000000000000e+00,7.980000000000003757e-01
2.230000000000000071e+01,3.876000000000002998e+00,0.000000000000000000e+00,8.040000000000003810e-01
2.232000000000000028e+01,3.876000000000002998e+00,0.000000000000000000e+00,8.100000000000003864e-01
2.233999999999999986e+01,3.876000000000002998e+00,0.000000000000000000e+00,8.160000000000003917e-01
2.235999999999999943e+01,3.876000000000002998e+00,0.000000000000000000e+00,8.220000000000003970e-01
2.237999999999999901e+01,3.876000000000002998e+00,0.000000000000000000e+00,8.280000000000004023e-01
2.239999999999999858e+01,3.876000000000002998e+00,0.000000000000000000e+00,8.340000000000002967e-01
2.242000000000000171e+01,3.876000000000002998e+00,0.000000000000000000e+00,8.400000000000004130e-01
2.244000000000000128e+01,3.876000000000002998e+00,0.000000000000000000e+00,8.460000000000005294e-01
2.246000000000000085e+01,3.876000000000002998e+00,0.000000000000000000e+00,8.520000000000003126e-01
2.248000000000000043e+01,3.876000000000002998e+00,0.000000000000000000e+00,8.580000000000003180e-01
2.250000000000000000e+01,3.876000000000002998e+00,0.000000000000000000e+00,8.640000000000003233e-01
2.251999999999999957e+01,3.876000000000002998e+00,0.000000000000000000e+00,8.700000000000005507e-01
2.253999999999999915e+01,3.876000000000002998e+00,0.000000000000000000e+00,8.760000000000003340e-01
2.255999999999999872e+01,3.876000000000002998e+00,0.000000000000000000e+00,8.820000000000004503e-01
2.257999999999999829e+01,3.876000000000002998e+00,0.000000000000000000e+00,8.880000000000004556e-01
2.260000000000000142e+01,3.876000000000002998e+00,0.000000000000000000e+00,8.940000000000004610e-01
2.262000000000000099e+01,3.876000000000002998e+00,0.000000000000000000e+00,9.000000000000003553e-01
2.264000000000000057e+01,3.876000000000002998e+00,0.000000000000000000e+00,9.060000000000003606e-01
2.266000000000000014e+01,3.876000000000002998e+00,0.000000000000000000e+00,9.120000000000005880e-01
2.267999999999999972e+01,3.876000000000002998e+00,0.000000000000000000e+00,9.180000000000005933e-01
2.269999999999999929e+01,3.876000000000002998e+00,0.000000000000000000e+00,9.240000000000005986e-01
2.271999999999999886e+01,3.876000000000002998e+00,0.000000000000000000e+00,9.300000000000004929e-01
2.273999999999999844e+01,3.876000000000002998e+00,0.000000000000000000e+00,9.360000000000006093e-01
2.276000000000000156e+01,3.876000000000002998e+00,0.000000000000000000e+00,9.420000000000006146e-01
2.278000000000000114e+01,3.876000000000002998e+00,0.000000000000000000e+00,9.480000000000007310e-01
2.280000000000000071e+01,3.876000000000002998e+00,0.000000000000000000e+00,9.540000000000006253e-01
2.282000000000000028e+01,3.876000000000002998e+00,0.000000000000000000e+00,9.600000000000006306e-01
2.283999999999999986e+01,3.876000000000002998e+00,0.000000000000000000e+00,9.660000000000005249e-01
2.285999999999999943e+01,3.876000000000002998e+00,0.000000000000000000e+00,9.720000000000005302e-01
2.287999999999999901e+01,3.876000000000002998e+00,0.000000000000000000e+00,9.780000000000006466e-01
2.289999999999999858e+01,3.876000000000002998e+00,0.000000000000000000e+00,9.840000000000006519e-01
2.292000000000000171e+01,3.876000000000002998e+00,0.000000000000000000e+00,9.900000000000006573e-01
2.294000000000000128e+01,3.876000000000002998e+00,0.000000000000000000e+00,9.960000000000006626e-01
2.296000000000000085e+01,3.876000000000002998e+00,0.000000000000000000e+00,1.002000000000000668e+00
2.298000000000000043e+01,3.876000000000002998e+00,0.000000000000000000e+00,1.008000000000000895e+00
2.300000000000000000e+01,3.876000000000002998e+00,0.000000000000000000e+00,1.014000000000000679e+00
2.301999999999999957e+01,3.876000000000002998e+00,0.000000000000000000e+00,1.020000000000000684e+00
2.303999999999999915e+01,3.876000000000002998e+00,0.000000000000000000e+00,1.026000000000000689e+00
2.305999999999999872e+01,3.876000000000002998e+00,0.000000000000000000e+00,1.032000000000000695e+00
2.307999999999999829e+01,3.876000000000002998e+00,0.000000000000000000e+00,1.038000000000000700e+00
2.310000000000000142e+01,3.876000000000002998e+00,0.000000000000000000e+00,1.044000000000000705e+00
2.312000000000000099e+01,3.876000000000002998e+00,0.000000000000000000e+00,1.050000000000000711e+00
2.314000000000000057e+01,3.876000000000002998e+00,0.000000000000000000e+00,1.056000000000000938e+00
2.316000000000000014e+01,3.876000000000002998e+00,0.000000000000000000e+00,1.062000000000000721e+00
2.317999999999999972e+01,3.876000000000002998e+00,0.000000000000000000e+00,1.068000000000000727e+00
2.319999999999999929e+01,3.876000000000002998e+00,0.000000000000000000e+00,1.074000000000000732e+00
2.321999999999999886e+01,3.876000000000002998e+00,0.000000000000000000e+00,1.080000000000000737e+00
2.323999999999999844e+01,3.876000000000002998e+00,0.000000000000000000e+00,1.086000000000000743e+00
2.326000000000000156e+01,3.876000000000002998e+00,0.000000000000000000e+00,1.092000000000000748e+00
2.328000000000000114e+01,3.876000000000002998e+00,0.000000000000000000e+00,1.098000000000000753e+00
2.330000000000000071e+01,3.876000000000002998e+00,0.000000000000000000e+00,1.104000000000000759e+00
2.332000000000000028e+01,3.876000000000002998e+00,0.000000000000000000e+00,1.110000000000000764e+00
2.333999999999999986e+01,3.876000000000002998e+00,0.000000000000000000e+00,1.116000000000000769e+00
2.335999999999999943e+01,3.876000000000002998e+00,0.000000000000000000e+00,1.122000000000000997e+00
2.337999999999999901e+01,3.876000000000002998e+00,0.000000000000000000e+00,1.128000000000001002e+00
2.339999999999999858e+01,3.876000000000002998e+00,0.000000000000000000e+00,1.134000000000000563e+00
2.342000000000000171e+01,3.876000000000002998e+00,0.000000000000000000e+00,1.140000000000000568e+00
2.344000000000000128e+01,3.876000000000002998e+00,0.000000000000000000e+00,1.146000000000001018e+00
2.346000000000000085e+01,3.876000000000002998e+00,0.000000000000000000e+00,1.152000000000000801e+00
2.348000000000000043e+01,3.876000000000002998e+00,0.000000000000000000e+00,1.158000000000000806e+00
2.350000000000000000e+01,3.876000000000002998e+00,0.000000000000000000e+00,1.164000000000000812e+00
2.351999999999999957e+01,3.876000000000002998e+00,0.000000000000000000e+00,1.170000000000000817e+00
2.353999999999999915e+01,3.876000000000002998e+00,0.000000000000000000e+00,1.176000000000000822e+00
2.355999999999999872e+01,3.876000000000002998e+00,0.000000000000000000e+00,1.182000000000000606e+00
2.357999999999999829e+01,3.876000000000002998e+00,0.000000000000000000e+00,1.188000000000000833e+00
2.360000000000000142e+01,3.876000000000002998e+00,0.000000000000000000e+00,1.194000000000000838e+00
2.362000000000000099e+01,3.876000000000002998e+00,0.000000000000000000e+00,1.200000000000000844e+00
2.364000000000000057e+01,3.876000000000002998e+00,0.000000000000000000e+00,1.206000000000000627e+00
2.366000000000000014e+01,3.876000000000002998e+00,0.000000000000000000e+00,1.212000000000000854e+00
2.367999999999999972e+01,3.876000000000002998e+00,0.000000000000000000e+00,1.218000000000000860e+00
2.369999999999999929e+01,3.876000000000002998e+00,0.000000000000000000e+00,1.224000000000000865e+00
2.371999999999999886e+01,3.876000000000002998e+00,0.000000000000000000e+00,1.230000000000000870e+00
2.373999999999999844e+01,3.876000000000002998e+00,0.000000000000000000e+00,1.236000000000000876e+00
2.376000000000000156e+01,3.876000000000002998e+00,0.000000000000000000e+00,1.242000000000000881e+00
2.378000000000000114e+01,3.876000000000002998e+00,0.000000000000000000e+00,1.248000000000000886e+00
2.380000000000000071e+01,3.876000000000002998e+00,0.000000000000000000e+00,1.254000000000000892e+00
2.382000000000000028e+01,3.876000000000002998e+00,0.000000000000000000e+00,1.260000000000000897e+00
2.383999999999999986e+01,3.876000000000002998e+00,0.000000000000000000e+00,1.266000000000000680e+00
2.385999999999999943e+01,3.876000000000002998e+00,0.000000000000000000e+00,1.272000000000000908e+00
2.387999999999999901e+01,3.876000000000002998e+00,0.000000000000000000e+00,1.278000000000000691e+00
2.389999999999999858e+01,3.876000000000002998e+00,0.000000000000000000e+00,1.284000000000000918e+00
2.392000000000000171e+01,3.876000000000002998e+00,0.000000000000000000e+00,1.290000000000000924e+00
2.394000000000000128e+01,3.876000000000002998e+00,0.000000000000000000e+00,1.296000000000000707e+00
2.396000000000000085e+01,3.876000000000002998e+00,0.000000000000000000e+00,1.302000000000000934e+00
2.398000000000000043e+01,3.876000000000002998e+00,0.000000000000000000e+00,1.308000000000000718e+00
2.400000000000000000e+01,3.876000000000002998e+00,0.000000000000000000e+00,1.314000000000000945e+00
2.401999999999999957e+01,3.876000000000002998e+00,0.000000000000000000e+00,1.320000000000000950e+00
2.403999999999999915e+01,3.876000000000002998e+00,0.000000000000000000e+00,1.326000000000001178e+00
2.405999999999999872e+01,3.876000000000002998e+00,0.000000000000000000e+00,1.332000000000000961e+00
2.407999999999999829e+01,3.876000000000002998e+00,0.000000000000000000e+00,1.338000000000000744e+00
2.410000000000000142e+01,3.876000000000002998e+00,0.000000000000000000e+00,1.344000000000000750e+00
2.412000000000000099e+01,3.876000000000002998e+00,0.000000000000000000e+00,1.350000000000000977e+00
2.414000000000000057e+01,3.876000000000002998e+00,0.000000000000000000e+00,1.356000000000000982e+00
2.416000000000000014e+01,3.876000000000002998e+00,0.000000000000000000e+00,1.362000000000000766e+00
2.417999999999999972e+01,3.876000000000002998e+00,0.000000000000000000e+00,1.368000000000000993e+00
2.419999999999999929e+01,3.876000000000002998e+00,0.000000000000000000e+00,1.374000000000000998e+00
2.421999999999999886e+01,3.876000000000002998e+00,0.000000000000000000e+00,1.380000000000001004e+00
2.423999999999999844e+01,3.876000000000002998e+00,0.000000000000000000e+00,1.386000000000001009e+00
2.426000000000000156e+01,3.876000000000002998e+00,0.000000000000000000e+00,1.392000000000001014e+00
2.428000000000000114e+01,3.876000000000002998e+00,0.000000000000000000e+00,1.398000000000001020e+00
2.430000000000000071e+01,3.876000000000002998e+00,0.000000000000000000e+00,1.404000000000001025e+00
2.432000000000000028e+01,3.876000000000002998e+00,0.000000000000000000e+00,1.410000000000001252e+00
2.433999999999999986e+01,3.876000000000002998e+00,0.000000000000000000e+00,1.416000000000001036e+00
2.435999999999999943e+01,3.876000000000002998e+00,0.000000000000000000e+00,1.422000000000001263e+00
2.437999999999999901e+01,3.876000000000002998e+00,0.000000000000000000e+00,1.428000000000001268e+00
2.439999999999999858e+01,3.876000000000002998e+00,0.000000000000000000e+00,1.434000000000001052e+00
2.442000000000000171e+01,3.876000000000002998e+00,0.000000000000000000e+00,1.440000000000001057e+00
2.444000000000000128e+01,3.876000000000002998e+00,0.000000000000000000e+00,1.446000000000000840e+00
2.446000000000000085e+01,3.876000000000002998e+00,0.000000000000000000e+00,1.452000000000000846e+00
2.448000000000000043e+01,3.876000000000002998e+00,0.000000000000000000e+00,1.458000000000001073e+00
2.450000000000000000e+01,3.876000000000002998e+00,0.000000000000000000e+00,1.464000000000001300e+00
2.451999999999999957e+01,3.876000000000002998e+00,0.000000000000000000e+00,1.470000000000001084e+00
2.453999999999999915e+01,3.876000000000002998e+00,0.000000000000000000e+00,1.476000000000000867e+00
2.455999999999999872e+01,3.876000000000002998e+00,0.000000000000000000e+00,1.482000000000001094e+00
2.457999999999999829e+01,3.876000000000002998e+00,0.000000000000000000e+00,1.488000000000001100e+00
2.460000000000000142e+01,3.876000000000002998e+00,0.000000000000000000e+00,1.494000000000001105e+00
2.462000000000000099e+01,3.876000000000002998e+00,0.000000000000000000e+00,1.500000000000001110e+00
2.464000000000000057e+01,3.876000000000002998e+00,0.000000000000000000e+00,1.506000000000001116e+00
2.466000000000000014e+01,3.876000000000002998e+00,0.000000000000000000e+00,1.512000000000001121e+00
2.467999999999999972e+01,3.876000000000002998e+00,0.000000000000000000e+00,1.518000000000001126e+00
2.469999999999999929e+01,3.876000000000002998e+00,0.000000000000000000e+00,1.524000000000001354e+00
2.471999999999999886e+01,3.876000000000002998e+00,0.000000000000000000e+00,1.530000000000001137e+00
2.473999999999999844e+01,3.876000000000002998e+00,0.000000000000000000e+00,1.536000000000001142e+00
2.476000000000000156e+01,3.876000000000002998e+00,0.000000000000000000e+00,1.542000000000001148e+00
2.478000000000000114e+01,3.876000000000002998e+00,0.000000000000000000e+00,1.548000000000001153e+00
2.480000000000000071e+01,3.876000000000002998e+00,0.000000000000000000e+00,1.554000000000001158e+00
2.482000000000000028e+01,3.876000000000002998e+00,0.000000000000000000e+00,1.560000000000001164e+00
2.483999999999999986e+01,3.876000000000002998e+00,0.000000000000000000e+00,1.566000000000001169e+00
2.485999999999999943e+01,3.876000000000002998e+00,0.000000000000000000e+00,1.572000000000001174e+00
2.487999999999999901e+01,3.876000000000002998e+00,0.000000000000000000e+00,1.578000000000001180e+00
2.489999999999999858e+01,3.876000000000002998e+00,0.000000000000000000e+00,1.584000000000001407e+00
2.492000000000000171e+01,3.876000000000002998e+00,0.000000000000000000e+00,1.590000000000000968e+00
2.494000000000000128e+01,3.876000000000002998e+00,0.000000000000000000e+00,1.596000000000001195e+00
2.496000000000000085e+01,3.876000000000002998e+00,0.000000000000000000e+00,1.602000000000001201e+00
2.498000000000000043e+01,3.876000000000002998e+00,0.000000000000000000e+00,1.608000000000001206e+00
2.500000000000000000e+01,3.876000000000002998e+00,0.000000000000000000e+00,1.614000000000001434e+00
2.501999999999999957e+01,3.876000000000002998e+00,0.000000000000000000e+00,1.620000000000001217e+00
2.503999999999999915e+01,3.876000000000002998e+00,0.000000000000000000e+00,1.626000000000001000e+00
2.505999999999999872e+01,3.876000000000002998e+00,0.000000000000000000e+00,1.632000000000001005e+00
2.507999999999999829e+01,3.876000000000002998e+00,0.000000000000000000e+00,1.638000000000001455e+00
2.510000000000000142e+01,3.876000000000002998e+00,0.000000000000000000e+00,1.644000000000001238e+00
2.512000000000000099e+01,3.876000000000002998e+00,0.000000000000000000e+00,1.650000000000001465e+00
2.514000000000000057e+01,3.876000000000002998e+00,0.000000000000000000e+00,1.656000000000001249e+00
2.516000000000000014e+01,3.876000000000002998e+00,0.000000000000000000e+00,1.662000000000001254e+00
2.517999999999999972e+01,3.876000000000002998e+00,0.000000000000000000e+00,1.668000000000001259e+00
2.519999999999999929e+01,3.876000000000002998e+00,0.000000000000000000e+00,1.674000000000001043e+00
2.521999999999999886e+01,3.876000000000002998e+00,0.000000000000000000e+00,1.680000000000001270e+00
2.523999999999999844e+01,3.876000000000002998e+00,0.000000000000000000e+00,1.686000000000001497e+00
2.526000000000000156e+01,3.876000000000002998e+00,0.000000000000000000e+00,1.692000000000001281e+00
2.528000000000000114e+01,3.876000000000002998e+00,0.000000000000000000e+00,1.698000000000001508e+00
2.530000000000000071e+01,3.876000000000002998e+00,0.000000000000000000e+00,1.704000000000001291e+00
2.532000000000000028e+01,3.876000000000002998e+00,0.000000000000000000e+00,1.710000000000001297e+00
2.533999999999999986e+01,3.876000000000002998e+00,0.000000000000000000e+00,1.716000000000001080e+00
2.535999999999999943e+01,3.876000000000002998e+00,0.000000000000000000e+00,1.722000000000001307e+00
2.537999999999999901e+01,3.876000000000002998e+00,0.000000000000000000e+00,1.728000000000001313e+00
2.539999999999999858e+01,3.876000000000002998e+00,0.000000000000000000e+00,1.734000000000001318e+00
2.542000000000000171e+01,3.876000000000002998e+00,0.000000000000000000e+00,1.740000000000001323e+00
2.544000000000000128e+01,3.876000000000002998e+00,0.000000000000000000e+00,1.746000000000001107e+00
2.546000000000000085e+01,3.876000000000002998e+00,0.000000000000000000e+00,1.752000000000001556e+00
2.548000000000000043e+01,3.876000000000002998e+00,0.000000000000000000e+00,1.758000000000001561e+00
2.550000000000000000e+01,3.876000000000002998e+00,0.000000000000000000e+00,1.764000000000001345e+00
2.551999999999999957e+01,3.876000000000002998e+00,0.000000000000000000e+00,1.770000000000001350e+00
2.553999999999999915e+01,3.876000000000002998e+00,0.000000000000000000e+00,1.776000000000001355e+00
2.555999999999999872e+01,3.876000000000002998e+00,0.000000000000000000e+00,1.782000000000001583e+00
2.557999999999999829e+01,3.876000000000002998e+00,0.000000000000000000e+00,1.788000000000001144e+00
2.560000000000000142e+01,3.876000000000002998e+00,0.000000000000000000e+00,1.794000000000001371e+00
2.562000000000000099e+01,3.876000000000002998e+00,0.000000000000000000e+00,1.800000000000001599e+00
2.564000000000000057e+01,3.876000000000002998e+00,0.000000000000000000e+00,1.806000000000001160e+00
2.566000000000000014e+01,3.876000000000002998e+00,0.000000000000000000e+00,1.812000000000001387e+00
2.567999999999999972e+01,3.876000000000002998e+00,0.000000000000000000e+00,1.818000000000001615e+00
2.569999999999999929e+01,3.876000000000002998e+00,0.000000000000000000e+00,1.824000000000001398e+00
2.571999999999999886e+01,3.876000000000002998e+00,0.000000000000000000e+00,1.830000000000001181e+00
2.573999999999999844e+01,3.876000000000002998e+00,0.000000000000000000e+00,1.836000000000001409e+00
2.576000000000000156e+01,3.876000000000002998e+00,0.000000000000000000e+00,1.842000000000001414e+00
2.578000000000000114e+01,3.876000000000002998e+00,0.000000000000000000e+00,1.848000000000001419e+00
2.580000000000000071e+01,3.876000000000002998e+00,0.000000000000000000e+00,1.854000000000001425e+00
2.582000000000000028e+01,3.876000000000002998e+00,0.000000000000000000e+00,1.860000000000001208e+00
2.583999999999999986e+01,3.876000000000002998e+00,0.000000000000000000e+00,1.866000000000001213e+00
2.585999999999999943e+01,3.876000000000002998e+00,0.000000000000000000e+00,1.872000000000001663e+00
2.587999999999999901e+01,3.876000000000002998e+00,0.000000000000000000e+00,1.878000000000001446e+00
2.589999999999999858e+01,3.876000000000002998e+00,0.000000000000000000e+00,1.884000000000001673e+00
2.592000000000000171e+01,3.876000000000002998e+00,0.000000000000000000e+00,1.890000000000001235e+00
2.594000000000000128e+01,3.876000000000002998e+00,0.000000000000000000e+00,1.896000000000001240e+00
2.596000000000000085e+01,3.876000000000002998e+00,0.000000000000000000e+00,1.902000000000001467e+00
2.598000000000000043e+01,3.876000000000002998e+00,0.000000000000000000e+00,1.908000000000001473e+00
2.600000000000000000e+01,3.876000000000002998e+00,0.000000000000000000e+00,1.914000000000001256e+00
2.601999999999999957e+01,3.876000000000002998e+00,0.000000000000000000e+00,1.920000000000001483e+00
2.603999999999999915e+01,3.876000000000002998e+00,0.000000000000000000e+00,1.926000000000001489e+00
2.605999999999999872e+01,3.876000000000002998e+00,0.000000000000000000e+00,1.932000000000001494e+00
2.607999999999999829e+01,3.876000000000002998e+00,0.000000000000000000e+00,1.938000000000001721e+00
2.610000000000000142e+01,3.876000000000002998e+00,0.000000000000000000e+00,1.944000000000001505e+00
2.612000000000000099e+01,3.876000000000002998e+00,0.000000000000000000e+00,1.950000000000001510e+00
2.614000000000000057e+01,3.876000000000002998e+00,0.000000000000000000e+00,1.956000000000001293e+00
2.616000000000000014e+01,3.876000000000002998e+00,0.000000000000000000e+00,1.962000000000001521e+00
2.617999999999999972e+01,3.876000000000002998e+00,0.000000000000000000e+00,1.968000000000001526e+00
2.619999999999999929e+01,3.876000000000002998e+00,0.000000000000000000e+00,1.974000000000001753e+00
2.621999999999999886e+01,3.876000000000002998e+00,0.000000000000000000e+00,1.980000000000001537e+00
2.623999999999999844e+01,3.876000000000002998e+00,0.000000000000000000e+00,1.986000000000001320e+00
2.626000000000000156e+01,3.876000000000002998e+00,0.000000000000000000e+00,1.992000000000001547e+00
2.628000000000000114e+01,3.876000000000002998e+00,0.000000000000000000e+00,1.998000000000001553e+00
2.630000000000000071e+01,3.876000000000002998e+00,0.000000000000000000e+00,2.004000000000001336e+00
2.632000000000000028e+01,3.876000000000002998e+00,0.000000000000000000e+00,2.010000000000001119e+00
2.633999999999999986e+01,3.876000000000002998e+00,0.000000000000000000e+00,2.016000000000000902e+00
2.635999999999999943e+01,3.876000000000002998e+00,0.000000000000000000e+00,2.022000000000000686e+00
2.637999999999999901e+01,3.876000000000002998e+00,0.000000000000000000e+00,2.028000000000000469e+00
2.639999999999999858e+01,3.876000000000002998e+00,0.000000000000000000e+00,2.034000000000000252e+00
2.642000000000000171e+01,3.876000000000002998e+00,0.000000000000000000e+00,2.040000000000000036e+00
2.644000000000000128e+01,3.876000000000002998e+00,0.000000000000000000e+00,2.045999999999999819e+00
2.646000000000000085e+01,3.876000000000002998e+00,0.000000000000000000e+00,2.051999999999999602e+00
2.648000000000000043e+01,3.876000000000002998e+00,0.000000000000000000e+00,2.057999999999999385e+00
2.650000000000000000e+01,3.876000000000002998e+00,0.000000000000000000e+00,2.063999999999998725e+00
2.651999999999999957e+01,3.876000000000002998e+00,0.000000000000000000e+00,2.069999999999998952e+00
2.653999999999999915e+01,3.876000000000002998e+00,0.000000000000000000e+00,2.075999999999998735e+00
2.655999999999999872e+01,3.876000000000002998e+00,0.000000000000000000e+00,2.081999999999998519e+00
2.657999999999999829e+01,3.876000000000002998e+00,0.000000000000000000e+00,2.087999999999998302e+00
2.660000000000000142e+01,3.876000000000002998e+00,0.000000000000000000e+00,2.093999999999998085e+00
2.662000000000000099e+01,3.876000000000002998e+00,0.000000000000000000e+00,2.099999999999997868e+00
2.664000000000000057e+01,3.876000000000002998e+00,0.000000000000000000e+00,2.105999999999997652e+00
2.666000000000000014e+01,3.876000000000002998e+00,0.000000000000000000e+00,2.111999999999997435e+00
2.667999999999999972e+01,3.876000000000002998e+00,0.000000000000000000e+00,2.117999999999997218e+00
2.669999999999999929e+01,3.876000000000002998e+00,0.000000000000000000e+00,2.123999999999997002e+00
2.671999999999999886e+01,3.876000000000002998e+00,0.000000000000000000e+00,2.129999999999996785e+00
2.673999999999999844e+01,3.876000000000002998e+00,0.000000000000000000e+00,2.135999999999996568e+00
2.676000000000000156e+01,3.876000000000002998e+00,0.000000000000000000e+00,2.141999999999996351e+00
2.678000000000000114e+01,3.876000000000002998e+00,0.000000000000000000e+00,2.147999999999996135e+00
2.680000000000000071e+01,3.876000000000002998e+00,0.000000000000000000e+00,2.153999999999995918e+00
2.682000000000000028e+01,3.876000000000002998e+00,0.000000000000000000e+00,2.159999999999995701e+00
2.683999999999999986e+01,3.876000000000002998e+00,0.000000000000000000e+00,2.165999999999995485e+00
2.685999999999999943e+01,3.876000000000002998e+00,0.000000000000000000e+00,2.171999999999995268e+00
2.687999999999999901e+01,3.876000000000002998e+00,0.000000000000000000e+00,2.177999999999995051e+00
2.689999999999999858e+01,3.876000000000002998e+00,0.000000000000000000e+00,2.183999999999994834e+00
2.692000000000000171e+01,3.876000000000002998e+00,0.000000000000000000e+00,2.189999999999994618e+00
2.694000000000000128e+01,3.876000000000002998e+00,0.000000000000000000e+00,2.195999999999994401e+00
2.696000000000000085e+01,3.876000000000002998e+00,0.000000000000000000e+00,2.201999999999994184e+00
2.698000000000000043e+01,3.876000000000002998e+00,0.000000000000000000e+00,2.207999999999993967e+00
2.700000000000000000e+01,3.876000000000002998e+00,0.000000000000000000e+00,2.213999999999993751e+00
2.701999999999999957e+01,3.876000000000002998e+00,0.000000000000000000e+00,2.219999999999993534e+00
2.703999999999999915e+01,3.876000000000002998e+00,0.000000000000000000e+00,2.225999999999993317e+00
2.705999999999999872e+01,3.876000000000002998e+00,0.000000000000000000e+00,2.231999999999993101e+00
2.707999999999999829e+01,3.876000000000002998e+00,0.000000000000000000e+00,2.237999999999992884e+00
2.710000000000000142e+01,3.876000000000002998e+00,0.000000000000000000e+00,2.243999999999992667e+00
2.712000000000000099e+01,3.876000000000002998e+00,0.000000000000000000e+00,2.249999999999992450e+00
2.714000000000000057e+01,3.876000000000002998e+00,0.000000000000000000e+00,2.255999999999992234e+00
2.716000000000000014e+01,3.876000000000002998e+00,0.000000000000000000e+00,2.261999999999992017e+00
2.717999999999999972e+01,3.876000000000002998e+00,0.000000000000000000e+00,2.267999999999991800e+00
2.719999999999999929e+01,3.876000000000002998e+00,0.000000000000000000e+00,2.273999999999991584e+00
2.721999999999999886e+01,3.876000000000002998e+00,0.000000000000000000e+00,2.279999999999991367e+00
2.723999999999999844e+01,3.876000000000002998e+00,0.000000000000000000e+00,2.285999999999991150e+00
2.726000000000000156e+01,3.876000000000002998e+00,0.000000000000000000e+00,2.291999999999990933e+00
2.728000000000000114e+01,3.876000000000002998e+00,0.000000000000000000e+00,2.297999999999990717e+00
2.730000000000000071e+01,3.876000000000002998e+00,0.000000000000000000e+00,2.303999999999990500e+00
2.732000000000000028e+01,3.876000000000002998e+00,0.000000000000000000e+00,2.309999999999990283e+00
2.733999999999999986e+01,3.876000000000002998e+00,0.000000000000000000e+00,2.315999999999990067e+00
2.735999999999999943e+01,3.876000000000002998e+00,0.000000000000000000e+00,2.321999999999989850e+00
2.737999999999999901e+01,3.876000000000002998e+00,0.000000000000000000e+00,2.327999999999989633e+00
2.739999999999999858e+01,3.876000000000002998e+00,0.000000000000000000e+00,2.333999999999989416e+00
2.742000000000000171e+01,3.876000000000002998e+00,0.000000000000000000e+00,2.339999999999989200e+00
2.744000000000000128e+01,3.876000000000002998e+00,0.000000000000000000e+00,2.345999999999988983e+00
2.746000000000000085e+01,3.876000000000002998e+00,0.000000000000000000e+00,2.351999999999988766e+00
2.748000000000000043e+01,3.876000000000002998e+00,0.000000000000000000e+00,2.357999999999988550e+00
2.750000000000000000e+01,3.876000000000002998e+00,0.000000000000000000e+00,2.363999999999988333e+00
2.751999999999999957e+01,3.876000000000002998e+00,0.000000000000000000e+00,2.369999999999988116e+00
2.753999999999999915e+01,3.876000000000002998e+00,0.000000000000000000e+00,2.375999999999987899e+00
2.755999999999999872e+01,3.876000000000002998e+00,0.000000000000000000e+00,2.381999999999987683e+00
2.757999999999999829e+01,3.876000000000002998e+00,0.000000000000000000e+00,2.387999999999987466e+00
2.760000000000000142e+01,3.876000000000002998e+00,0.000000000000000000e+00,2.393999999999987249e+00
2.762000000000000099e+01,3.876000000000002998e+00,0.000000000000000000e+00,2.399999999999987033e+00
2.764000000000000057e+01,3.876000000000002998e+00,0.000000000000000000e+00,2.405999999999986816e+00
2.766000000000000014e+01,3.876000000000002998e+00,0.000000000000000000e+00,2.411999999999986599e+00
2.767999999999999972e+01,3.876000000000002998e+00,0.000000000000000000e+00,2.417999999999986382e+00
2.769999999999999929e+01,3.876000000000002998e+00,0.000000000000000000e+00,2.423999999999986166e+00
2.771999999999999886e+01,3.876000000000002998e+00,0.000000000000000000e+00,2.429999999999985949e+00
2.773999999999999844e+01,3.876000000000002998e+00,0.000000000000000000e+00,2.435999999999985732e+00
2.776000000000000156e+01,3.876000000000002998e+00,0.000000000000000000e+00,2.441999999999985516e+00
2.778000000000000114e+01,3.876000000000002998e+00,0.000000000000000000e+00,2.447999999999985299e+00
2.780000000000000071e+01,3.876000000000002998e+00,0.000000000000000000e+00,2.453999999999985082e+00
2.782000000000000028e+01,3.876000000000002998e+00,0.000000000000000000e+00,2.459999999999984865e+00
2.783999999999999986e+01,3.876000000000002998e+00,0.000000000000000000e+00,2.465999999999984649e+00
2.785999999999999943e+01,3.876000000000002998e+00,0.000000000000000000e+00,2.471999999999984432e+00
2.787999999999999901e+01,3.876000000000002998e+00,0.000000000000000000e+00,2.477999999999984215e+00
2.789999999999999858e+01,3.876000000000002998e+00,0.000000000000000000e+00,2.483999999999983999e+00
2.792000000000000171e+01,3.876000000000002998e+00,0.000000000000000000e+00,2.489999999999983782e+00
2.794000000000000128e+01,3.876000000000002998e+00,0.000000000000000000e+00,2.495999999999983565e+00
2.796000000000000085e+01,3.876000000000002998e+00,0.000000000000000000e+00,2.501999999999983348e+00
2.798000000000000043e+01,3.876000000000002998e+00,0.000000000000000000e+00,2.507999999999983132e+00
2.800000000000000000e+01,3.876000000000002998e+00,0.000000000000000000e+00,2.513999999999982915e+00
2.801999999999999957e+01,3.876000000000002998e+00,0.000000000000000000e+00,2.519999999999982698e+00
2.803999999999999915e+01,3.876000000000002998e+00,0.000000000000000000e+00,2.525999999999982482e+00
2.805999999999999872e+01,3.876000000000002998e+00,0.000000000000000000e+00,2.531999999999982265e+00
2.807999999999999829e+01,3.876000000000002998e+00,0.000000000000000000e+00,2.537999999999982048e+00
2.810000000000000142e+01,3.876000000000002998e+00,0.000000000000000000e+00,2.543999999999981831e+00
2.812000000000000099e+01,3.876000000000002998e+00,0.000000000000000000e+00,2.549999999999981615e+00
2.814000000000000057e+01,3.876000000000002998e+00,0.000000000000000000e+00,2.555999999999981398e+00
2.816000000000000014e+01,3.876000000000002998e+00,0.000000000000000000e+00,2.561999999999981181e+00
2.817999999999999972e+01,3.876000000000002998e+00,0.000000000000000000e+00,2.567999999999980965e+00
2.819999999999999929e+01,3.876000000000002998e+00,0.000000000000000000e+00,2.573999999999980748e+00
2.821999999999999886e+01,3.876000000000002998e+00,0.000000000000000000e+00,2.579999999999980531e+00
2.823999999999999844e+01,3.876000000000002998e+00,0.000000000000000000e+00,2.585999999999980314e+00
2.826000000000000156e+01,3.876000000000002998e+00,0.000000000000000000e+00,2.591999999999980098e+00
2.828000000000000114e+01,3.876000000000002998e+00,0.000000000000000000e+00,2.597999999999979881e+00
2.830000000000000071e+01,3.876000000000002998e+00,0.000000000000000000e+00,2.603999999999979664e+00
2.832000000000000028e+01,3.876000000000002998e+00,0.000000000000000000e+00,2.609999999999979448e+00
2.833999999999999986e+01,3.876000000000002998e+00,0.000000000000000000e+00,2.615999999999979231e+00
2.835999999999999943e+01,3.876000000000002998e+00,0.000000000000000000e+00,2.621999999999979014e+00
2.837999999999999901e+01,3.876000000000002998e+00,0.000000000000000000e+00,2.627999999999978797e+00
2.839999999999999858e+01,3.876000000000002998e+00,0.000000000000000000e+00,2.633999999999978581e+00
2.842000000000000171e+01,3.876000000000002998e+00,0.000000000000000000e+00,2.639999999999978364e+00
2.844000000000000128e+01,3.876000000000002998e+00,0.000000000000000000e+00,2.645999999999978147e+00
2.846000000000000085e+01,3.876000000000002998e+00,0.000000000000000000e+00,2.651999999999977931e+00
2.848000000000000043e+01,3.876000000000002998e+00,0.000000000000000000e+00,2.657999999999977714e+00
2.850000000000000000e+01,3.876000000000002998e+00,0.000000000000000000e+00,2.663999999999977497e+00
2.851999999999999957e+01,3.876000000000002998e+00,0.000000000000000000e+00,2.669999999999977280e+00
2.853999999999999915e+01,3.876000000000002998e+00,0.000000000000000000e+00,2.675999999999977064e+00
2.855999999999999872e+01,3.876000000000002998e+00,0.000000000000000000e+00,2.681999999999976847e+00
2.857999999999999829e+01,3.876000000000002998e+00,0.000000000000000000e+00,2.687999999999976630e+00
2.860000000000000142e+01,3.876000000000002998e+00,0.000000000000000000e+00,2.693999999999976414e+00
2.862000000000000099e+01,3.876000000000002998e+00,0.000000000000000000e+00,2.699999999999976197e+00
2.864000000000000057e+01,3.876000000000002998e+00,0.000000000000000000e+00,2.705999999999975980e+00
2.866000000000000014e+01,3.876000000000002998e+00,0.000000000000000000e+00,2.711999999999975763e+00
2.867999999999999972e+01,3.876000000000002998e+00,0.000000000000000000e+00,2.717999999999975547e+00
2.869999999999999929e+01,3.876000000000002998e+00,0.000000000000000000e+00,2.723999999999975330e+00
2.871999999999999886e+01,3.876000000000002998e+00,0.000000000000000000e+00,2.729999999999975113e+00
2.873999999999999844e+01,3.876000000000002998e+00,0.000000000000000000e+00,2.735999999999974897e+00
2.876000000000000156e+01,3.876000000000002998e+00,0.000000000000000000e+00,2.741999999999974680e+00
2.878000000000000114e+01,3.876000000000002998e+00,0.000000000000000000e+00,2.747999999999974463e+00
2.880000000000000071e+01,3.876000000000002998e+00,0.000000000000000000e+00,2.753999999999974246e+00
2.882000000000000028e+01,3.876000000000002998e+00,0.000000000000000000e+00,2.759999999999974030e+00
2.883999999999999986e+01,3.876000000000002998e+00,0.000000000000000000e+00,2.765999999999973813e+00
2.885999999999999943e+01,3.876000000000002998e+00,0.000000000000000000e+00,2.771999999999973596e+00
2.887999999999999901e+01,3.876000000000002998e+00,0.000000000000000000e+00,2.777999999999973380e+00
2.889999999999999858e+01,3.876000000000002998e+00,0.000000000000000000e+00,2.783999999999973163e+00
2.892000000000000171e+01,3.876000000000002998e+00,0.000000000000000000e+00,2.789999999999972946e+00
2.894000000000000128e+01,3.876000000000002998e+00,0.000000000000000000e+00,2.795999999999972729e+00
2.896000000000000085e+01,3.876000000000002998e+00,0.000000000000000000e+00,2.801999999999972513e+00
2.898000000000000043e+01,3.876000000000002998e+00,0.000000000000000000e+00,2.807999999999972296e+00
2.900000000000000000e+01,3.876000000000002998e+00,0.000000000000000000e+00,2.813999999999972079e+00
2.901999999999999957e+01,3.876000000000002998e+00,0.000000000000000000e+00,2.819999999999971863e+00
2.903999999999999915e+01,3.876000000000002998e+00,0.000000000000000000e+00,2.825999999999971646e+00
2.905999999999999872e+01,3.876000000000002998e+00,0.000000000000000000e+00,2.831999999999971429e+00
2.907999999999999829e+01,3.876000000000002998e+00,0.000000000000000000e+00,2.837999999999971212e+00
2.910000000000000142e+01,3.876000000000002998e+00,0.000000000000000000e+00,2.843999999999970996e+00
2.912000000000000099e+01,3.876000000000002998e+00,0.000000000000000000e+00,2.849999999999970779e+00
2.914000000000000057e+01,3.876000000000002998e+00,0.000000000000000000e+00,2.855667453071766726e+00
2.916000000000000014e+01,3.876000000000002998e+00,0.000000000000000000e+00,2.861334906143562673e+00
2.917999999999999972e+01,3.876000000000002998e+00,0.000000000000000000e+00,2.867002359215358620e+00
2.919999999999999929e+01,3.876000000000002998e+00,0.000000000000000000e+00,2.872669812287154567e+00
2.921999999999999886e+01,3.876000000000002998e+00,0.000000000000000000e+00,2.878337265358950514e+00
2.923999999999999844e+01,3.876000000000002998e+00,0.000000000000000000e+00,2.883428455203774110e+00
2.926000000000000156e+01,3.876000000000002998e+00,0.000000000000000000e+00,2.888519645048597706e+00
2.928000000000000114e+01,3.876000000000002998e+00,0.000000000000000000e+00,2.893610834893421302e+00
2.930000000000000071e+01,3.876000000000002998e+00,0.000000000000000000e+00,2.898702024738244898e+00
2.932000000000000028e+01,3.876000000000002998e+00,0.000000000000000000e+00,2.903793214583068494e+00
2.933999999999999986e+01,3.876000000000002998e+00,0.000000000000000000e+00,2.908361156957625315e+00
2.935999999999999943e+01,3.876000000000002998e+00,0.000000000000000000e+00,2.912929099332182137e+00
2.937999999999999901e+01,3.876000000000002998e+00,0.000000000000000000e+00,2.917497041706738958e+00
2.939999999999999858e+01,3.876000000000002998e+00,0.000000000000000000e+00,2.922064984081295780e+00
2.942000000000000171e+01,3.876000000000002998e+00,0.000000000000000000e+00,2.926632926455852601e+00
2.944000000000000128e+01,3.876000000000002998e+00,0.000000000000000000e+00,2.930731273347614074e+00
2.946000000000000085e+01,3.876000000000002998e+00,0.000000000000000000e+00,2.934829620239375547e+00
2.948000000000000043e+01,3.876000000000002998e+00,0.000000000000000000e+00,2.938927967131137020e+00
2.950000000000000000e+01,3.876000000000002998e+00,0.000000000000000000e+00,2.943026314022898493e+00
2.951999999999999957e+01,3.876000000000002998e+00,0.000000000000000000e+00,2.947124660914659966e+00
2.953999999999999915e+01,3.872073985251659245e+00,7.657611693281854816e-04,2.950801685074595060e+00
2.955999999999999872e+01,3.868145181328164206e+00,1.517081143371201615e-03,2.954478709234530154e+00
2.957999999999999829e+01,3.864213641348878348e+00,2.253949763913696940e-03,2.958155733394465248e+00
2.960000000000000142e+01,3.860279418470153878e+00,2.976357068129955891e-03,2.961832757554400342e+00
2.962000000000000099e+01,3.856342565884617546e+00,3.684293288718077167e-03,2.965509781714335436e+00
2.964000000000000057e+01,3.852403262605620604e+00,4.378465485964531424e-03,2.968823012115042737e+00
2.966000000000000014e+01,3.848461681000227230e+00,5.059582077576152068e-03,2.972136242515750038e+00
2.967999999999999972e+01,3.844517864337092306e+00,5.727635586605234891e-03,2.975449472916457339e+00
2.969999999999999929e+01,3.840571855909407084e+00,6.382618679504088038e-03,2.978762703317164640e+00
2.971999999999999886e+01,3.836623699034422241e+00,7.024524166205050463e-03,2.982075933717871941e+00
2.973999999999999844e+01,3.832673538639660205e+00,7.653985000339520381e-03,2.985065157842823780e+00
2.976000000000000156e+01,3.828721514296427930e+00,8.271635125050072132e-03,2.988054381967775619e+00
2.978000000000000114e+01,3.824767661317857836e+00,8.877469021352356326e-03,2.991043606092727458e+00
2.980000000000000071e+01,3.820812015033422160e+00,9.471481275845418032e-03,2.994032830217679297e+00
2.982000000000000028e+01,3.816854610788617652e+00,1.005366658075997760e-02,2.997022054342631137e+00
2.983999999999999986e+01,3.812895567026798105e+00,1.062459809420266375e-02,2.999719129825805464e+00
2.985999999999999943e+01,3.808934997820919044e+00,1.118484970418570298e-02,3.002416205308979791e+00
2.987999999999999901e+01,3.804972931980999729e+00,1.173441733532015058e-02,3.005113280792154118e+00
2.989999999999999858e+01,3.801009398327946265e+00,1.227329698993478123e-02,3.007810356275328445e+00
2.992000000000000171e+01,3.797044425693341552e+00,1.280148474810473627e-02,3.010507431758502772e+00
2.994000000000000128e+01,3.793078110913417067e+00,1.331949939100760330e-02,3.012940993270117662e+00
2.996000000000000085e+01,3.789110547258931483e+00,1.382786023854810920e-02,3.015374554781732552e+00
2.998000000000000043e+01,3.785141758226663988e+00,1.432656428010215498e-02,3.017808116293347442e+00
3.000000000000000000e+01,3.781171767320651522e+00,1.481560856223562359e-02,3.020241677804962332e+00
3.001999999999999957e+01,3.777200598052048441e+00,1.529499018872098812e-02,3.022675239316577223e+00
3.003999999999999915e+01,3.773228329609760401e+00,1.576517844176830371e-02,3.024871104729097926e+00
3.005999999999999872e+01,3.769255038274967440e+00,1.622664300136130930e-02,3.027066970141618629e+00
3.007999999999999829e+01,3.765280743206177227e+00,1.667938164239984519e-02,3.029262835554139333e+00
3.010000000000000142e+01,3.761305463566736673e+00,1.712339218185812348e-02,3.031458700966660036e+00
3.012000000000000099e+01,3.757329218524740888e+00,1.755867247879625004e-02,3.033654566379180739e+00
3.014000000000000057e+01,3.753352072856521726e+00,1.798564683272172240e-02,3.035636016723010311e+00
3.016000000000000014e+01,3.749374088967799779e+00,1.840473983697094723e-02,3.037617467066839883e+00
3.017999999999999972e+01,3.745395282476712939e+00,1.881594984612404084e-02,3.039598917410669454e+00
3.019999999999999929e+01,3.741415669004628963e+00,1.921927524571120580e-02,3.041580367754499026e+00
3.021999999999999886e+01,3.737435264176084626e+00,1.961471445221877816e-02,3.043561818098328597e+00
3.023999999999999844e+01,3.733454120996628323e+00,2.000265094436433702e-02,3.045349847776627428e+00
3.026000000000000156e+01,3.729472290539535884e+00,2.038346841801837520e-02,3.047137877454926258e+00
3.028000000000000114e+01,3.725489785534915388e+00,2.075716565568856004e-02,3.048925907133225088e+00
3.030000000000000071e+01,3.721506618715031411e+00,2.112374146264646771e-02,3.050713936811523919e+00
3.032000000000000028e+01,3.717522802814265059e+00,2.148319466693156266e-02,3.052501966489822749e+00
3.033999999999999986e+01,3.713538381224249729e+00,2.183587174537331838e-02,3.054115508626204623e+00
3.035999999999999943e+01,3.709553395761910455e+00,2.218211933537948474e-02,3.055729050762586496e+00
3.037999999999999901e+01,3.705567856802227666e+00,2.252193653548874644e-02,3.057342592898968370e+00
3.039999999999999858e+01,3.701581774721622420e+00,2.285532246098069889e-02,3.058956135035350243e+00
3.042000000000000171e+01,3.697595159897929751e+00,2.318227624387943567e-02,3.060569677171732117e+00
3.044000000000000128e+01,3.693608047869463729e+00,2.350311085139028880e-02,3.062025806631091029e+00
3.046000000000000085e+01,3.689620472891401270e+00,2.381813936953581026e-02,3.063481936090449942e+00
3.048000000000000043e+01,3.685632443418648041e+00,2.412736113035663515e-02,3.064938065549808854e+00
3.050000000000000000e+01,3.681643967907072934e+00,2.443077547820632703e-02,3.066394195009167767e+00
3.051999999999999957e+01,3.677655054813491198e+00,2.472838176975106911e-02,3.067850324468526679e+00
3.053999999999999915e+01,3.673665733259855681e+00,2.502046264753312113e-02,3.069164440787614634e+00
3.055999999999999872e+01,3.669676031322664844e+00,2.530730084207072003e-02,3.070478557106702588e+00
3.057999999999999829e+01,3.665685955891741177e+00,2.558889585802282332e-02,3.071792673425790543e+00
3.060000000000000142e+01,3.661695513857551987e+00,2.586524720910240646e-02,3.073106789744878498e+00
3.062000000000000099e+01,3.657704712111196965e+00,2.613635441807816290e-02,3.074420906063966452e+00
3.064000000000000057e+01,3.653713574531020303e+00,2.640247270129399831e-02,3.075606898297931213e+00
3.066000000000000014e+01,3.649722124143622626e+00,2.666385734028679788e-02,3.076792890531895974e+00
3.067999999999999972e+01,3.645730366563287195e+00,2.692050796739921259e-02,3.077978882765860735e+00
3.069999999999999929e+01,3.641738307404730701e+00,2.717242422163115498e-02,3.079164874999825496e+00
3.071999999999999886e+01,3.637745952283093498e+00,2.741960574864392083e-02,3.080350867233790257e+00
3.073999999999999844e+01,3.633753320790243269e+00,2.766228297180399129e-02,3.081421262520374516e+00
3.076000000000000156e+01,3.629760431824157418e+00,2.790068636282549627e-02,3.082491657806958774e+00
3.078000000000000114e+01,3.625767289959672457e+00,2.813481564855917910e-02,3.083562053093543032e+00
3.080000000000000071e+01,3.621773899771914440e+00,2.836467056075223786e-02,3.084632448380127290e+00
3.082000000000000028e+01,3.617780265836294085e+00,2.859025083604956746e-02,3.085702843666711548e+00
3.083999999999999986e+01,3.613786404239421213e+00,2.881176449379414459e-02,3.086668941127190813e+00
3.085999999999999943e+01,3.609792330502623159e+00,2.902941958921874399e-02,3.087635038587670078e+00
3.087999999999999901e+01,3.605798048353745511e+00,2.924321591917534643e-02,3.088601136048149343e+00
3.089999999999999858e+01,3.601803561520828811e+00,2.945315328411931416e-02,3.089567233508628608e+00
3.092000000000000171e+01,3.597808873732104118e+00,2.965923148810662574e-02,3.090533330969107872e+00
3.094000000000000128e+01,3.593813998206626170e+00,2.986163831141032746e-02,3.091405322401708400e+00
3.096000000000000085e+01,3.589818947702944740e+00,3.006056156097093243e-02,3.092277313834308927e+00
3.098000000000000043e+01,3.585823725258772132e+00,3.025600108553332113e-02,3.093149305266909455e+00
3.100000000000000000e+01,3.581828333911951656e+00,3.044795673649166798e-02,3.094021296699509982e+00
3.101999999999999957e+01,3.577832776700455408e+00,3.063642836788891405e-02,3.094893288132110509e+00
3.103999999999999915e+01,3.573837064496426574e+00,3.082158548113917915e-02,3.095680366807340711e+00
3.105999999999999872e+01,3.569841207796854654e+00,3.100359759749481484e-02,3.096467445482570913e+00
3.107999999999999829e+01,3.565845209077144418e+00,3.118246460420003030e-02,3.097254524157801114e+00
3.110000000000000142e+01,3.561849070812788121e+00,3.135818639044787165e-02,3.098041602833031316e+00
3.112000000000000099e+01,3.557852795479365060e+00,3.153076284738021845e-02,3.098828681508261518e+00
3.114000000000000057e+01,3.553856392027262334e+00,3.170034697111617089e-02,3.099539140244423230e+00
3.116000000000000014e+01,3.549859869101243071e+00,3.186709177254611752e-02,3.100249598980584942e+00
3.117999999999999972e+01,3.545863228718558524e+00,3.203099716750573006e-02,3.100960057716746654e+00
3.119999999999999929e+01,3.541866472896519458e+00,3.219206307326272914e-02,3.101670516452908366e+00
3.121999999999999886e+01,3.537869603652494366e+00,3.235028940852000684e-02,3.102380975189070078e+00
3.123999999999999844e+01,3.533872628362384472e+00,3.250581426786015860e-02,3.103022294768495559e+00
3.126000000000000156e+01,3.529875554153103501e+00,3.265877575688093393e-02,3.103663614347921040e+00
3.128000000000000114e+01,3.525878382668611533e+00,3.280917381267149657e-02,3.104304933927346521e+00
3.130000000000000071e+01,3.521881115552908170e+00,3.295700837337286332e-02,3.104946253506772003e+00
3.132000000000000028e+01,3.517883754450032541e+00,3.310227937818344124e-02,3.105587573086197484e+00
3.133999999999999986e+01,3.513886305445135694e+00,3.324511146969428427e-02,3.106166501967042581e+00
3.135999999999999943e+01,3.509888774420510504e+00,3.338562929872007645e-02,3.106745430847887679e+00
3.137999999999999901e+01,3.505891162715963905e+00,3.352383281816469912e-02,3.107324359728732777e+00
3.139999999999999858e+01,3.501893471671329916e+00,3.365972198170832930e-02,3.107903288609577874e+00
3.142000000000000171e+01,3.497895702626469205e+00,3.379329674380667642e-02,3.108482217490422972e+00
3.144000000000000128e+01,3.493897860607674932e+00,3.392466960472736298e-02,3.109004843673845997e+00
3.146000000000000085e+01,3.489899950475968460e+00,3.405395307088577433e-02,3.109527469857269022e+00
3.148000000000000043e+01,3.485901973323331404e+00,3.418114710696813774e-02,3.110050096040692047e+00
3.150000000000000000e+01,3.481903930241763589e+00,3.430625167823508903e-02,3.110572722224115072e+00
3.151999999999999957e+01,3.477905822323283047e+00,3.442926675051488639e-02,3.111095348407538097e+00
3.153999999999999915e+01,3.473907653724932487e+00,3.455029386468608243e-02,3.111567164234670280e+00
3.155999999999999872e+01,3.469909428469092560e+00,3.466943456623244185e-02,3.112038980061802462e+00
3.157999999999999829e+01,3.465911147445809082e+00,3.478668882863186068e-02,3.112510795888934645e+00
3.160000000000000142e+01,3.461912811545139856e+00,3.490205662578108742e-02,3.112982611716066828e+00
3.162000000000000099e+01,3.457914421657155124e+00,3.501553793200043452e-02,3.113454427543199010e+00
3.164000000000000057e+01,3.453915981224735976e+00,3.512722439699135502e-02,3.113880388119494746e+00
3.166000000000000014e+01,3.449917493581030392e+00,3.523720767391041314e-02,3.114306348695790483e+00
3.167999999999999972e+01,3.445918959451534036e+00,3.534548774280198147e-02,3.114732309272086219e+00
3.169999999999999929e+01,3.441920379561750121e+00,3.545206458402006683e-02,3.115158269848381956e+00
3.171999999999999886e+01,3.437921754637191185e+00,3.555693817822623559e-02,3.115584230424677692e+00
3.173999999999999844e+01,3.433923087533477858e+00,3.566019124837974813e-02,3.115968806300095206e+00
3.176000000000000156e+01,3.429924381016824508e+00,3.576190652003322784e-02,3.116353382175512721e+00
3.178000000000000114e+01,3.425925635678634062e+00,3.586208397814490134e-02,3.116737958050930235e+00
3.180000000000000071e+01,3.421926852110315220e+00,3.596072360789700356e-02,3.117122533926347749e+00
3.182000000000000028e+01,3.417928030903282455e+00,3.605782539470041986e-02,3.117507109801765264e+00
3.183999999999999986e+01,3.413929174429815028e+00,3.615346400537346877e-02,3.117854334473005640e+00
3.185999999999999943e+01,3.409930284989324267e+00,3.624771410868456167e-02,3.118201559144246016e+00
3.187999999999999901e+01,3.405931363063936068e+00,3.634057569327135695e-02,3.118548783815486392e+00
3.189999999999999858e+01,3.401932409135780322e+00,3.643204874793648518e-02,3.118896008486726767e+00
3.192000000000000171e+01,3.397933423686990473e+00,3.652213326165268392e-02,3.119243233157967143e+00
3.194000000000000128e+01,3.393934408691616333e+00,3.661089663090143220e-02,3.119556745902996475e+00
3.196000000000000085e+01,3.389935366064327216e+00,3.669840625364160364e-02,3.119870258648025807e+00
3.198000000000000043e+01,3.385936296198190032e+00,3.678466212126941387e-02,3.120183771393055139e+00
3.200000000000000000e+01,3.381937199486273915e+00,3.686966422530713744e-02,3.120497284138084471e+00
3.202000000000000313e+01,3.377938076321651550e+00,3.695341255740028363e-02,3.120810796883113802e+00
3.203999999999999915e+01,3.373938928349916822e+00,3.703596795290629157e-02,3.121093881387740243e+00
3.206000000000000227e+01,3.369939757168268990e+00,3.711739124829704223e-02,3.121376965892366684e+00
3.207999999999999829e+01,3.365940563097188587e+00,3.719768243704809491e-02,3.121660050396993125e+00
3.210000000000000142e+01,3.361941346457158364e+00,3.727684151272600555e-02,3.121943134901619565e+00
3.211999999999999744e+01,3.357942107568662848e+00,3.735486846898360136e-02,3.122226219406246006e+00
3.214000000000000057e+01,3.353942847806068439e+00,3.743181822008902898e-02,3.122481838597110038e+00
3.215999999999999659e+01,3.349943568504299307e+00,3.750774568114532970e-02,3.122737457787974069e+00
3.217999999999999972e+01,3.345944269924673087e+00,3.758265084719423360e-02,3.122993076978838101e+00
3.220000000000000284e+01,3.341944952328508300e+00,3.765653371333999716e-02,3.123248696169702132e+00
3.221999999999999886e+01,3.337945615977125247e+00,3.772939427475464902e-02,3.123504315360566164e+00
3.224000000000000199e+01,3.333946262020646145e+00,3.780128210217723050e-02,3.123735142817980037e+00
3.225999999999999801e+01,3.329946891577027834e+00,3.787224676698827674e-02,3.123965970275393911e+00
3.228000000000000114e+01,3.325947504859362525e+00,3.794228826540731875e-02,3.124196797732807784e+00
3.229999999999999716e+01,3.321948102080742871e+00,3.801140659370006586e-02,3.124427625190221658e+00
3.232000000000000028e+01,3.317948683454261971e+00,3.807960174818610100e-02,3.124658452647635531e+00
3.234000000000000341e+01,3.313949249944373676e+00,3.814691847726293245e-02,3.124866900934855529e+00
3.235999999999999943e+01,3.309949802489317694e+00,3.821340152981949484e-02,3.125075349222075527e+00
3.238000000000000256e+01,3.305950341262872350e+00,3.827905090296688378e-02,3.125283797509295525e+00
3.239999999999999858e+01,3.301950866438817744e+00,3.834386659385029955e-02,3.125492245796515522e+00
3.242000000000000171e+01,3.297951378190933092e+00,3.840784859965541004e-02,3.125700694083735520e+00
3.243999999999999773e+01,3.293951877329724276e+00,3.847103731673213317e-02,3.125888940296037255e+00
3.246000000000000085e+01,3.289952364644343152e+00,3.853347314180715494e-02,3.126077186508338990e+00
3.247999999999999687e+01,3.285952840276519016e+00,3.859515607266528203e-02,3.126265432720640725e+00
3.250000000000000000e+01,3.281953304367981605e+00,3.865608610712201187e-02,3.126453678932942459e+00
3.252000000000000313e+01,3.277953757060461104e+00,3.871626324301877253e-02,3.126641925145244194e+00
3.253999999999999915e+01,3.273954199036638979e+00,3.877572394902006198e-02,3.126811933952257760e+00
3.256000000000000227e+01,3.269954630961772857e+00,3.883450469407821043e-02,3.126981942759271327e+00
3.257999999999999829e+01,3.265955052951461823e+00,3.889260547649269623e-02,3.127151951566284893e+00
3.260000000000000142e+01,3.261955465121306297e+00,3.895002629458391152e-02,3.127321960373298460e+00
3.261999999999999744e+01,3.257955867586905807e+00,3.900676714669313455e-02,3.127491969180312026e+00
3.264000000000000057e+01,3.253956260924611765e+00,3.906286095671534370e-02,3.127645513608115824e+00
3.265999999999999659e+01,3.249956645696573165e+00,3.911834064876185818e-02,3.127799058035919622e+00
3.267999999999999972e+01,3.245957021997083913e+00,3.917320622152827003e-02,3.127952602463723419e+00
3.270000000000000284e+01,3.241957389920439248e+00,3.922745767371306480e-02,3.128106146891527217e+00
3.271999999999999886e+01,3.237957749560933962e+00,3.928109500404654286e-02,3.128259691319331015e+00
3.274000000000000199e+01,3.233958101406333885e+00,3.933414793715762914e-02,3.128398371494502062e+00
3.275999999999999801e+01,3.229958445932804789e+00,3.938664619785582632e-02,3.128537051669673108e+00
3.278000000000000114e+01,3.225958783217268699e+00,3.943858978512921470e-02,3.128675731844844154e+00
3.279999999999999716e+01,3.221959113336648084e+00,3.948997869797869764e-02,3.128814412020015201e+00
3.282000000000000028e+01,3.217959436367865411e+00,3.954081293541477499e-02,3.128953092195186247e+00
3.284000000000000341e+01,3.213959752724716790e+00,3.959111933458642901e-02,3.129078352251120965e+00
3.285999999999999943e+01,3.209960062811563652e+00,3.964092473276850659e-02,3.129203612307055682e+00
3.288000000000000256e+01,3.205960366691161578e+00,3.969022912917748863e-02,3.129328872362990399e+00
3.289999999999999858e+01,3.201960664426265701e+00,3.973903252304048644e-02,3.129454132418925116e+00
3.292000000000000171e+01,3.197960956079631600e+00,3.978733491359525559e-02,3.129579392474859834e+00
3.293999999999999773e+01,3.193961242003196421e+00,3.983516053181233862e-02,3.129692535800939979e+00
3.296000000000000085e+01,3.189961522541212791e+00,3.988253360877188486e-02,3.129805679127020124e+00
3.297999999999999687e+01,3.185961797744882862e+00,3.992945414386551983e-02,3.129918822453100269e+00
3.300000000000000000e+01,3.181962067665408345e+00,3.997592213649271697e-02,3.130031965779180414e+00
3.302000000000000313e+01,3.177962332353991837e+00,4.002193758606079760e-02,3.130145109105260559e+00
3.303999999999999915e+01,3.173962592110744829e+00,4.006752237122102739e-02,3.130247312101664736e+00
3.306000000000000227e+01,3.169962847229486069e+00,4.011269837070884081e-02,3.130349515098068913e+00
3.307999999999999829e+01,3.165963097751994137e+00,4.015746558404627992e-02,3.130451718094473090e+00
3.310000000000000142e+01,3.161963343720048503e+00,4.020182401076840412e-02,3.130553921090877267e+00
3.311999999999999744e+01,3.157963585175428634e+00,4.024577365041462351e-02,3.130656124087281444e+00
3.314000000000000057e+01,3.153963822374711068e+00,4.028933425837662868e-02,3.130748448572211906e+00
3.315999999999999659e+01,3.149964055569329346e+00,4.033252559011523547e-02,3.130840773057142368e+00
3.317999999999999972e+01,3.145964284793376642e+00,4.037534764526007347e-02,3.130933097542072829e+00
3.320000000000000284e+01,3.141964510080946571e+00,4.041780042344556706e-02,3.131025422027003291e+00
3.321999999999999886e+01,3.137964731466132307e+00,4.045988392431096314e-02,3.131117746511933753e+00
3.324000000000000199e+01,3.133964949168845493e+00,4.050161598669620167e-02,3.131201150913580644e+00
3.325999999999999801e+01,3.129965163404833106e+00,4.054301444948806010e-02,3.131284555315227536e+00
3.328000000000000114e+01,3.125965374201918667e+00,4.058407931239901151e-02,3.131367959716874427e+00
3.329999999999999716e+01,3.121965581587925698e+00,4.062481057514153587e-02,3.131451364118521319e+00
3.332000000000000028e+01,3.117965785590677719e+00,4.066520823742810625e-02,3.131534768520168210e+00
3.334000000000000341e+01,3.113965986399164443e+00,4.070528840808195631e-02,3.131610117972714491e+00
3.335999999999999943e+01,3.109966184198986738e+00,4.074506719593723458e-02,3.131685467425260772e+00
3.338000000000000256e+01,3.105966379012853995e+00,4.078454460077586552e-02,3.131760816877807052e+00
3.339999999999999858e+01,3.101966570863474715e+00,4.082372062237388938e-02,3.131836166330353333e+00
3.342000000000000171e+01,3.097966759773558287e+00,4.086259526050144836e-02,3.131911515782899613e+00
3.343999999999999773e+01,3.093966945905978871e+00,4.090118306227863432e-02,3.131979591234133942e+00
3.346000000000000085e+01,3.089967129420785774e+00,4.093949857482696159e-02,3.132047666685368270e+00
3.347999999999999687e+01,3.085967310336514835e+00,4.097754179797682278e-02,3.132115742136602599e+00
3.350000000000000000e+01,3.081967488671702338e+00,4.101531273154555846e-02,3.132183817587836927e+00
3.352000000000000313e+01,3.077967664444885010e+00,4.105281137536356123e-02,3.132251893039071255e+00
3.353999999999999915e+01,3.073967837796738323e+00,4.109005086673945401e-02,3.132313399466597481e+00
3.356000000000000227e+01,3.069968008865689324e+00,4.112704434299524481e-02,3.132374905894123707e+00
3.357999999999999829e+01,3.065968177666869465e+00,4.116379180399374477e-02,3.132436412321649932e+00
3.360000000000000142e+01,3.061968344215410198e+00,4.120029324959054856e-02,3.132497918749176158e+00
3.361999999999999744e+01,3.057968508526443419e+00,4.123654867965569765e-02,3.132559425176702383e+00
3.364000000000000057e+01,3.053968670721802336e+00,4.127256995877249396e-02,3.132614999000188583e+00
3.365999999999999659e+01,3.049968830921498064e+00,4.130836895156320826e-02,3.132670572823674782e+00
3.367999999999999972e+01,3.045968989137883387e+00,4.134394565789999143e-02,3.132726146647160981e+00
3.370000000000000284e+01,3.041969145383311535e+00,4.137930007768694796e-02,3.132781720470647180e+00
3.371999999999999886e+01,3.037969299670136181e+00,4.141443221080421538e-02,3.132837294294133379e+00
3.374000000000000199e+01,3.033969452104159359e+00,4.144935277284340913e-02,3.132887510062458691e+00
3.375999999999999801e+01,3.029969602789662542e+00,4.148407247943520365e-02,3.132937725830784004e+00
3.378000000000000114e+01,3.025969751736731883e+00,4.151859133046463535e-02,3.132987941599109316e+00
3.379999999999999716e+01,3.021969898955453981e+00,4.155290932586095526e-02,3.133038157367434628e+00
3.382000000000000028e+01,3.017970044455914547e+00,4.158702646553572718e-02,3.133088373135759941e+00
3.384000000000000341e+01,3.013970188330191924e+00,4.162095242773871523e-02,3.133133749560158776e+00
3.385999999999999943e+01,3.009970330669148542e+00,4.165469689073694748e-02,3.133179125984557611e+00
3.388000000000000256e+01,3.005970471481019590e+00,4.168825985446192317e-02,3.133224502408956447e+00
3.389999999999999858e+01,3.001970610774041592e+00,4.172164131884512767e-02,3.133269878833355282e+00
3.392000000000000171e+01,2.997970748556449738e+00,4.175484128381806020e-02,3.133315255257754117e+00
3.393999999999999773e+01,2.993970884908606855e+00,4.178786849106384121e-02,3.133356260655070447e+00
3.396000000000000085e+01,2.989971019909833494e+00,4.182073168229365201e-02,3.133397266052386776e+00
3.397999999999999687e+01,2.985971153566854497e+00,4.185343085743167824e-02,3.133438271449703105e+00
3.400000000000000000e+01,2.981971285886395595e+00,4.188596601644543199e-02,3.133479276847019435e+00
3.402000000000000313e+01,2.977971416875182076e+00,4.191833715925910586e-02,3.133520282244335764e+00
3.403999999999999915e+01,2.973971546603452865e+00,4.195055218196000468e-02,3.133557339448206580e+00
3.406000000000000227e+01,2.969971675140671064e+00,4.198261898063306019e-02,3.133594396652077396e+00
3.407999999999999829e+01,2.965971802492329612e+00,4.201453755523033851e-02,3.133631453855948212e+00
3.410000000000000142e+01,2.961971928663921449e+00,4.204630790570390575e-02,3.133668511059819028e+00
3.411999999999999744e+01,2.957972053660939515e+00,4.207793003202979498e-02,3.133705568263689845e+00
3.414000000000000057e+01,2.953972177545004296e+00,4.210941106673444373e-02,3.133739059055788978e+00
3.415999999999999659e+01,2.949972300376987100e+00,4.214075814241209639e-02,3.133772549847888111e+00
3.417999999999999972e+01,2.945972422161375004e+00,4.217197125902296534e-02,3.133806040639987245e+00
3.420000000000000284e+01,2.941972542902654197e+00,4.220305041652727684e-02,3.133839531432086378e+00
3.421999999999999886e+01,2.937972662605310870e+00,4.223399561487199000e-02,3.133873022224185512e+00
3.424000000000000199e+01,2.933972781323438639e+00,4.226481329723761476e-02,3.133903291332551522e+00
3.425999999999999801e+01,2.929972899110574680e+00,4.229550990674056654e-02,3.133933560440917532e+00
3.428000000000000114e+01,2.925973015970384505e+00,4.232608544335150075e-02,3.133963829549283542e+00
3.429999999999999716e+01,2.921973131906532295e+00,4.235653990707041738e-02,3.133994098657649552e+00
3.432000000000000028e+01,2.917973246922683117e+00,4.238687329783863422e-02,3.134024367766015562e+00
3.434000000000000341e+01,2.913973361066402035e+00,4.241709143627974549e-02,3.134051726472856458e+00
3.435999999999999943e+01,2.909973474384888625e+00,4.244720014301320288e-02,3.134079085179697355e+00
3.438000000000000256e+01,2.905973586881136939e+00,4.247719941800653931e-02,3.134106443886538251e+00
3.439999999999999858e+01,2.901973698558141024e+00,4.250708926122729464e-02,3.134133802593379148e+00
3.442000000000000171e+01,2.897973809418894486e+00,4.253686967267546887e-02,3.134161161300220044e+00
3.443999999999999773e+01,2.893973919505371306e+00,4.256654591079542943e-02,3.134185890697437582e+00
3.446000000000000085e+01,2.889974028859195521e+00,4.259612323402802575e-02,3.134210620094655120e+00
3.447999999999999687e+01,2.885974137482813617e+00,4.262560164237325783e-02,3.134235349491872658e+00
3.450000000000000000e+01,2.881974245378671196e+00,4.265498113581316086e-02,3.134260078889090195e+00
3.452000000000000313e+01,2.877974352549214743e+00,4.268426171431182609e-02,3.134284808286307733e+00
3.453999999999999915e+01,2.873974459031545692e+00,4.271344812867425289e-02,3.134307162213227027e+00
3.456000000000000227e+01,2.869974564862445288e+00,4.274254512971080444e-02,3.134329516140146321e+00
3.457999999999999829e+01,2.865974670043911932e+00,4.277155271740162162e-02,3.134351870067065615e+00
3.460000000000000142e+01,2.861974774577944469e+00,4.280047089172683838e-02,3.134374223993984909e+00
3.461999999999999744e+01,2.857974878466541746e+00,4.282929965266658173e-02,3.134396577920904203e+00
3.464000000000000057e+01,2.853974981742528172e+00,4.285804329257262429e-02,3.134416785615308232e+00
3.465999999999999659e+01,2.849975084438488349e+00,4.288670610378968184e-02,3.134436993309712260e+00
3.467999999999999972e+01,2.845975186556056080e+00,4.291528808629577196e-02,3.134457201004116289e+00
3.470000000000000284e+01,2.841975288096864283e+00,4.294378924006892612e-02,3.134477408698520318e+00
3.471999999999999886e+01,2.837975389062546760e+00,4.297220956513111978e-02,3.134497616392924346e+00
3.474000000000000199e+01,2.833975489482256638e+00,4.300055293973679971e-02,3.134515884883446013e+00
3.475999999999999801e+01,2.829975589384843282e+00,4.302882324221272287e-02,3.134534153373967680e+00
3.478000000000000114e+01,2.825975688771641625e+00,4.305702047255888926e-02,3.134552421864489347e+00
3.479999999999999716e+01,2.821975787643986600e+00,4.308514463075099193e-02,3.134570690355011013e+00
3.482000000000000028e+01,2.817975886003213137e+00,4.311319571678903090e-02,3.134588958845532680e+00
3.484000000000000341e+01,2.813975983875134812e+00,4.314117723501925683e-02,3.134605475110705086e+00
3.485999999999999943e+01,2.809976081285451954e+00,4.316909268980208270e-02,3.134621991375877492e+00
3.488000000000000256e+01,2.805976178235255691e+00,4.319694208111062722e-02,3.134638507641049898e+00
3.489999999999999858e+01,2.801976274725637150e+00,4.322472540897177168e-02,3.134655023906222304e+00
3.492000000000000171e+01,2.797976370757687015e+00,4.325244267335862786e-02,3.134671540171394710e+00
3.493999999999999773e+01,2.793976466354400667e+00,4.328009704088984361e-02,3.134686473088176939e+00
3.496000000000000085e+01,2.789976561538599853e+00,4.330769167819355919e-02,3.134701406004959168e+00
3.497999999999999687e+01,2.785976656311176747e+00,4.333522658524003451e-02,3.134716338921741396e+00
3.500000000000000000e+01,2.781976750673022636e+00,4.336270176202926957e-02,3.134731271838523625e+00
3.502000000000000313e+01,2.777976844625030139e+00,4.339011720853153120e-02,3.134746204755305854e+00
3.503999999999999915e+01,2.773976938187598051e+00,4.341747578637845939e-02,3.134759706857669137e+00
3.506000000000000227e+01,2.769977031381132715e+00,4.344478035704560370e-02,3.134773208960032420e+00
3.507999999999999829e+01,2.765977124206362880e+00,4.347203092056585449e-02,3.134786711062395703e+00
3.510000000000000142e+01,2.761977216664017298e+00,4.349922747690632141e-02,3.134800213164758986e+00
3.511999999999999744e+01,2.757977308772404434e+00,4.352637261210397235e-02,3.134812422230896178e+00
3.514000000000000057e+01,2.753977400549672439e+00,4.355346891219353395e-02,3.134824631297033370e+00
3.515999999999999659e+01,2.749977491996418166e+00,4.358051637710225190e-02,3.134836840363170563e+00
3.517999999999999972e+01,2.745977583113237586e+00,4.360751500686650683e-02,3.134849049429307755e+00
3.520000000000000284e+01,2.741977673900727552e+00,4.363446480148629181e-02,3.134861258495444947e+00
3.521999999999999886e+01,2.737977764359483590e+00,4.366136576096161376e-02,3.134873467561582139e+00
3.524000000000000199e+01,2.733977854505353910e+00,4.368822017003285568e-02,3.134884534207158957e+00
3.525999999999999801e+01,2.729977944354280428e+00,4.371503031354491420e-02,3.134895600852735775e+00
3.528000000000000114e+01,2.725978033906753861e+00,4.374179619145766862e-02,3.134906667498312594e+00
3.529999999999999716e+01,2.721978123163264041e+00,4.376851780377111895e-02,3.134917734143889412e+00
3.532000000000000028e+01,2.717978212124299908e+00,4.379519515048525824e-02,3.134928800789466230e+00
3.534000000000000341e+01,2.713978300804437804e+00,4.382183034772182267e-02,3.134938809361420997e+00
3.535999999999999943e+01,2.709978389218195893e+00,4.384842551150355816e-02,3.134948817933375764e+00
3.538000000000000256e+01,2.705978477365975188e+00,4.387498064191920621e-02,3.134958826505330531e+00
3.539999999999999858e+01,2.701978565248174924e+00,4.390149573892439955e-02,3.134968835077285298e+00
3.542000000000000171e+01,2.697978652865197446e+00,4.392797080256350545e-02,3.134978843649240066e+00
3.543999999999999773e+01,2.693978740230220659e+00,4.395440774647599302e-02,3.134987895321911910e+00
3.546000000000000085e+01,2.689978827356108937e+00,4.398080848452489561e-02,3.134996946994583755e+00
3.547999999999999687e+01,2.685978914243190463e+00,4.400717301666114828e-02,3.135005998667255600e+00
3.550000000000000000e+01,2.681979000891792975e+00,4.403350134288475104e-02,3.135015050339927445e+00
3.552000000000000313e+01,2.677979087302243766e+00,4.405979346324476187e-02,3.135024102012599290e+00
3.553999999999999915e+01,2.673979173474870574e+00,4.408604937764305787e-02,3.135033153685271134e+00
3.556000000000000227e+01,2.669979259410002026e+00,4.411226908612870395e-02,3.135042205357942979e+00
3.557999999999999829e+01,2.665979345119230626e+00,4.413845431855770857e-02,3.135050392092532778e+00
3.560000000000000142e+01,2.661979430614222153e+00,4.416460680476016337e-02,3.135058578827122577e+00
3.561999999999999744e+01,2.657979515895244393e+00,4.419072654473606837e-02,3.135066765561712376e+00
3.564000000000000057e+01,2.653979600973106034e+00,4.421681517196368594e-02,3.135074135526120465e+00
3.565999999999999659e+01,2.649979685858804057e+00,4.424287431990103769e-02,3.135081505490528553e+00
3.567999999999999972e+01,2.645979770552556065e+00,4.426890398866863141e-02,3.135088875454936641e+00
3.570000000000000284e+01,2.641979855054578330e+00,4.429490417820621667e-02,3.135096245419344729e+00
3.571999999999999886e+01,2.637979939365089344e+00,4.432087488851379348e-02,3.135103615383752818e+00
3.574000000000000199e+01,2.633980023493549094e+00,4.434681752793562248e-02,3.135110281133679511e+00
3.575999999999999801e+01,2.629980107449170657e+00,4.437273350494919111e-02,3.135116946883606204e+00
3.578000000000000114e+01,2.625980191232131666e+00,4.439862281948788597e-02,3.135123612633532897e+00
3.579999999999999716e+01,2.621980274842609759e+00,4.442448547161832739e-02,3.135130278383459590e+00
3.582000000000000028e+01,2.617980358280783015e+00,4.445032146134050843e-02,3.135136944133386283e+00
3.584000000000000341e+01,2.613980441554944800e+00,4.447613206028171867e-02,3.135142974021250417e+00
3.585999999999999943e+01,2.609980524673543911e+00,4.450191854016421339e-02,3.135149003909114551e+00
3.588000000000000256e+01,2.605980607636726898e+00,4.452768090098799952e-02,3.135155033796978685e+00
3.589999999999999858e+01,2.601980690444638089e+00,4.455341914275307014e-02,3.135161063684842819e+00
3.592000000000000171e+01,2.597980773097422702e+00,4.457913326545942523e-02,3.135167093572706953e+00
3.593999999999999773e+01,2.593980855602777247e+00,4.460482441884400240e-02,3.135172548613930132e+00
3.596000000000000085e+01,2.589980937968043850e+00,4.463049375243038214e-02,3.135178003655153312e+00
3.597999999999999687e+01,2.585981020193343749e+00,4.465614126638138559e-02,3.135183458696376491e+00
3.600000000000000000e+01,2.581981102278794626e+00,4.468176696053419161e-02,3.135188913737599670e+00
3.602000000000000313e+01,2.577981184224515054e+00,4.470737083505161441e-02,3.135194368778822849e+00
3.603999999999999915e+01,2.573981266037194349e+00,4.473295392922143482e-02,3.135199304091175421e+00
3.606000000000000227e+01,2.569981347723662157e+00,4.475851728260314688e-02,3.135204239403527993e+00
3.607999999999999829e+01,2.565981429284015292e+00,4.478406089510677396e-02,3.135209174715880565e+00
3.610000000000000142e+01,2.561981510718350563e+00,4.480958476673230911e-02,3.135214110028233137e+00
3.611999999999999744e+01,2.557981592026767448e+00,4.483508889756974286e-02,3.135219045340585708e+00
3.614000000000000057e+01,2.553981673215388160e+00,4.486057422736865891e-02,3.135223510731245167e+00
3.615999999999999659e+01,2.549981754290247427e+00,4.488604169600023119e-02,3.135227976121904625e+00
3.617999999999999972e+01,2.545981835251424741e+00,4.491149130336500456e-02,3.135232441512564083e+00
3.620000000000000284e+01,2.541981916098998706e+00,4.493692304956244110e-02,3.135236906903223542e+00
3.621999999999999886e+01,2.537981996833050591e+00,4.496233693449307872e-02,3.135241372293883000e+00
3.624000000000000199e+01,2.533982077459163484e+00,4.498773380809200501e-02,3.135245412773541407e+00
3.625999999999999801e+01,2.529982157982693547e+00,4.501311452008158881e-02,3.135249453253199814e+00
3.628000000000000114e+01,2.525982238403706948e+00,4.503847907046183707e-02,3.135253493732858221e+00
3.629999999999999716e+01,2.521982318722267635e+00,4.506382745934266187e-02,3.135257534212516628e+00
3.632000000000000028e+01,2.517982398938440447e+00,4.508915968650423906e-02,3.135261574692175035e+00
3.634000000000000341e+01,2.513982479057074837e+00,4.511447652057992697e-02,3.135265230938877323e+00
3.635999999999999943e+01,2.509982559083170361e+00,4.513977872997247676e-02,3.135268887185579612e+00
3.638000000000000256e+01,2.505982639016781643e+00,4.516506631456043003e-02,3.135272543432281900e+00
3.639999999999999858e+01,2.501982718857961530e+00,4.519033927458671052e-02,3.135276199678984188e+00
3.642000000000000171e+01,2.497982798606765087e+00,4.521559760992985288e-02,3.135279855925686476e+00
3.643999999999999773e+01,2.493982878267357428e+00,4.524084201540764377e-02,3.135283164703644765e+00
3.646000000000000085e+01,2.489982957844443678e+00,4.526607318603152741e-02,3.135286473481603053e+00
3.647999999999999687e+01,2.485983037338066914e+00,4.529129112193571588e-02,3.135289782259561342e+00
3.650000000000000000e+01,2.481983116748271989e+00,4.531649582285177807e-02,3.135293091037519631e+00
3.652000000000000313e+01,2.477983196075101979e+00,4.534168728904814510e-02,3.135296399815477919e+00
3.653999999999999915e+01,2.473983275322690023e+00,4.536686614877500495e-02,3.135299394353252112e+00
3.656000000000000227e+01,2.469983354494896588e+00,4.539203303047917998e-02,3.135302388891026304e+00
3.657999999999999829e+01,2.465983433591757645e+00,4.541718793445727320e-02,3.135305383428800496e+00
3.660000000000000142e+01,2.461983512613309166e+00,4.544233086041268160e-02,3.135308377966574689e+00
3.661999999999999744e+01,2.457983591559588010e+00,4.546746180849370322e-02,3.135311372504348881e+00
3.664000000000000057e+01,2.453983670434465747e+00,4.549258134717769353e-02,3.135314082836351268e+00
3.665999999999999659e+01,2.449983749241275266e+00,4.551769004453058015e-02,3.135316793168353655e+00
3.667999999999999972e+01,2.445983827980047209e+00,4.554278790088005235e-02,3.135319503500356042e+00
3.670000000000000284e+01,2.441983906650810887e+00,4.556787491606226898e-02,3.135322213832358429e+00
3.671999999999999886e+01,2.437983985253594721e+00,4.559295109024107118e-02,3.135324924164360816e+00
3.674000000000000199e+01,2.433984063791626795e+00,4.561801693725368173e-02,3.135327377439248941e+00
3.675999999999999801e+01,2.429984142268177827e+00,4.564307297159180682e-02,3.135329830714137067e+00
3.678000000000000114e+01,2.425984220683271353e+00,4.566811919289341659e-02,3.135332283989025193e+00
3.679999999999999716e+01,2.421984299036931354e+00,4.569315560115851105e-02,3.135334737263913318e+00
3.682000000000000028e+01,2.417984377329182255e+00,4.571818219674912698e-02,3.135337190538801444e+00
3.684000000000000341e+01,2.413984455562638409e+00,4.574319944430770002e-02,3.135339411297987766e+00
3.685999999999999943e+01,2.409984533740547441e+00,4.576820780891898560e-02,3.135341632057174088e+00
3.688000000000000256e+01,2.405984611862928446e+00,4.579320729078295571e-02,3.135343852816360410e+00
3.689999999999999858e+01,2.401984689929801853e+00,4.581819788989961034e-02,3.135346073575546733e+00
3.692000000000000171e+01,2.397984767941187645e+00,4.584317960586900553e-02,3.135348294334733055e+00
3.693999999999999773e+01,2.393984845900138936e+00,4.586815285998653569e-02,3.135350304763904639e+00
3.696000000000000085e+01,2.389984923808892159e+00,4.589311807228294710e-02,3.135352315193076222e+00
3.697999999999999687e+01,2.385985001667463301e+00,4.591807524297913251e-02,3.135354325622247806e+00
3.700000000000000000e+01,2.381985079475865685e+00,4.594302437229598468e-02,3.135356336051419390e+00
3.702000000000000313e+01,2.377985157234120184e+00,4.596796546001261086e-02,3.135358346480590974e+00
3.703999999999999915e+01,2.373985234943916112e+00,4.599289888665143017e-02,3.135360166636873114e+00
3.706000000000000227e+01,2.369985312608336780e+00,4.601782503280441722e-02,3.135361986793155253e+00
3.707999999999999829e+01,2.365985390227393736e+00,4.604274389847157201e-02,3.135363806949437393e+00
3.710000000000000142e+01,2.361985467801102079e+00,4.606765548365289453e-02,3.135365627105719533e+00
3.711999999999999744e+01,2.357985545329473354e+00,4.609255978834838480e-02,3.135367447262001672e+00
3.714000000000000057e+01,2.353985622815180090e+00,4.611745715690198505e-02,3.135369095279133766e+00
3.715999999999999659e+01,2.349985700259862309e+00,4.614234793344016566e-02,3.135370743296265861e+00
3.717999999999999972e+01,2.345985777663528449e+00,4.616723211823239859e-02,3.135372391313397955e+00
3.720000000000000284e+01,2.341985855026191388e+00,4.619210971073974686e-02,3.135374039330530049e+00
3.721999999999999886e+01,2.337985932347859119e+00,4.621698071150114745e-02,3.135375687347662144e+00
3.724000000000000199e+01,2.333986009630824032e+00,4.624184543195674485e-02,3.135377179621309907e+00
3.725999999999999801e+01,2.329986086876687512e+00,4.626670418300755233e-02,3.135378671894957670e+00
3.728000000000000114e+01,2.325986164085461549e+00,4.629155696554634880e-02,3.135380164168605432e+00
3.729999999999999716e+01,2.321986241257150141e+00,4.631640377868035535e-02,3.135381656442253195e+00
3.732000000000000028e+01,2.317986318391767497e+00,4.634124462330235089e-02,3.135383148715900958e+00
3.734000000000000341e+01,2.313986395490034376e+00,4.636607978045765438e-02,3.135384500071047853e+00
3.735999999999999943e+01,2.309986472554745429e+00,4.639090953238744069e-02,3.135385851426194748e+00
3.738000000000000256e+01,2.305986549585905987e+00,4.641573387876308382e-02,3.135387202781341642e+00
3.739999999999999858e+01,2.301986626583523599e+00,4.644055282024182885e-02,3.135388554136488537e+00
3.742000000000000171e+01,2.297986703547603593e+00,4.646536635616643068e-02,3.135389905491635432e+00
3.743999999999999773e+01,2.293986780480955279e+00,4.649017474178770287e-02,3.135391129333783056e+00
3.746000000000000085e+01,2.289986857383945473e+00,4.651497823200024390e-02,3.135392353175930680e+00
3.747999999999999687e+01,2.285986934256585279e+00,4.653977682716692321e-02,3.135393577018078304e+00
3.750000000000000000e+01,2.281987011098874696e+00,4.656457052692487830e-02,3.135394800860225928e+00
3.752000000000000313e+01,2.277987087910828379e+00,4.658935933163697168e-02,3.135396024702373552e+00
3.753999999999999915e+01,2.273987164693390906e+00,4.661414347188973933e-02,3.135397133154128824e+00
3.756000000000000227e+01,2.269987241448487847e+00,4.663892317786798997e-02,3.135398241605884095e+00
3.757999999999999829e+01,2.265987318176119203e+00,4.666369845077363715e-02,3.135399350057639367e+00
3.760000000000000142e+01,2.261987394876291191e+00,4.668846928940476038e-02,3.135400458509394639e+00
3.761999999999999744e+01,2.257987471549006475e+00,4.671323569456264230e-02,3.135401566961149911e+00
3.764000000000000057e+01,2.253987548196214608e+00,4.673799787494404417e-02,3.135402570985610815e+00
3.765999999999999659e+01,2.249987624818567067e+00,4.676275603915833190e-02,3.135403575010071719e+00
3.767999999999999972e+01,2.245987701416060300e+00,4.678751018764781139e-02,3.135404579034532624e+00
3.770000000000000284e+01,2.241987777988701414e+00,4.681226031997016979e-02,3.135405583058993528e+00
3.771999999999999886e+01,2.237987854536497068e+00,4.683700643612541403e-02,3.135406587083454433e+00
3.774000000000000199e+01,2.233987931059095100e+00,4.686174872504310362e-02,3.135407496595679522e+00
3.775999999999999801e+01,2.229988007559194685e+00,4.688648737633556440e-02,3.135408406107904611e+00
3.778000000000000114e+01,2.225988084036791825e+00,4.691122239000279637e-02,3.135409315620129700e+00
3.779999999999999716e+01,2.221988160491897624e+00,4.693595376506826122e-02,3.135410225132354789e+00
3.782000000000000028e+01,2.217988236924508527e+00,4.696068150250849726e-02,3.135411134644579878e+00
3.784000000000000341e+01,2.213988313335872871e+00,4.698540577277948022e-02,3.135411958612297045e+00
3.785999999999999943e+01,2.209988389726861957e+00,4.701012674728357460e-02,3.135412782580014213e+00
3.788000000000000256e+01,2.205988466097488221e+00,4.703484442602078042e-02,3.135413606547731380e+00
3.789999999999999858e+01,2.201988542447747665e+00,4.705955880899110461e-02,3.135414430515448547e+00
3.792000000000000171e+01,2.197988618777644287e+00,4.708426989619454023e-02,3.135415254483165715e+00
3.793999999999999773e+01,2.193988695087600860e+00,4.710897784283495787e-02,3.135416001017755860e+00
3.796000000000000085e+01,2.189988771379116628e+00,4.713368280264535609e-02,3.135416747552346006e+00
3.797999999999999687e+01,2.185988847652191591e+00,4.715838477681547070e-02,3.135417494086936152e+00
3.800000000000000000e+01,2.181988923906825750e+00,4.718308376475043725e-02,3.135418240621526298e+00
3.802000000000000313e+01,2.177989000143982334e+00,4.720777990665273732e-02,3.135418917060236677e+00
3.803999999999999915e+01,2.173989076364438944e+00,4.723247334307469764e-02,3.135419593498947055e+00
3.806000000000000227e+01,2.169989152568185364e+00,4.725716407401631125e-02,3.135420269937657434e+00
3.807999999999999829e+01,2.165989228755236695e+00,4.728185209882107554e-02,3.135420946376367812e+00
3.810000000000000142e+01,2.161989304925588051e+00,4.730653741814549312e-02,3.135421622815078191e+00
3.811999999999999744e+01,2.157989381079239433e+00,4.733122003198957095e-02,3.135422299253788569e+00
3.814000000000000057e+01,2.153989457216689551e+00,4.735590006352553838e-02,3.135422913654672072e+00
3.815999999999999659e+01,2.149989533338977576e+00,4.738057763826291485e-02,3.135423528055555575e+00
3.817999999999999972e+01,2.145989609446103952e+00,4.740525275475609979e-02,3.135424142456439078e+00
3.820000000000000284e+01,2.141989685538068233e+00,4.742992541445069377e-02,3.135424756857322581e+00
3.821999999999999886e+01,2.137989761614876638e+00,4.745459561590109621e-02,3.135425371258206084e+00
3.824000000000000199e+01,2.133989837678575086e+00,4.747926347544297737e-02,3.135425928103879212e+00
3.825999999999999801e+01,2.129989913728535189e+00,4.750392910754335646e-02,3.135426484949552339e+00
3.828000000000000114e+01,2.125989989764763166e+00,4.752859251220222653e-02,3.135427041795225467e+00
3.829999999999999716e+01,2.121990065787259017e+00,4.755325368941959452e-02,3.135427598640898594e+00
3.832000000000000028e+01,2.117990141796022741e+00,4.757791263919546043e-02,3.135428155486571722e+00
3.834000000000000341e+01,2.113990217790579607e+00,4.760256946577630377e-02,3.135428660188170014e+00
3.835999999999999943e+01,2.109990293772687320e+00,4.762722427385621821e-02,3.135429164889768305e+00
3.838000000000000256e+01,2.105990369742359647e+00,4.765187706343519680e-02,3.135429669591366597e+00
3.839999999999999858e+01,2.101990445699582377e+00,4.767652783363333230e-02,3.135430174292964889e+00
3.842000000000000171e+01,2.097990521644369721e+00,4.770117658533053889e-02,3.135430678994563181e+00
3.843999999999999773e+01,2.093990597576799395e+00,4.772582341339520751e-02,3.135431136478307401e+00
3.846000000000000085e+01,2.089990673497951867e+00,4.775046841067952241e-02,3.135431593962051622e+00
3.847999999999999687e+01,2.085990749407835132e+00,4.777511157815420711e-02,3.135432051445795842e+00
3.850000000000000000e+01,2.081990825306441195e+00,4.779975291581926161e-02,3.135432508929540063e+00
3.852000000000000313e+01,2.077990901193777606e+00,4.782439242367468590e-02,3.135432966413284284e+00
3.853999999999999915e+01,2.073990977070889752e+00,4.784903018705665562e-02,3.135433381137306519e+00
3.856000000000000227e+01,2.069991052937787401e+00,4.787366629175924398e-02,3.135433795861328754e+00
3.857999999999999829e+01,2.065991128794470555e+00,4.789830073778244407e-02,3.135434210585350989e+00
3.860000000000000142e+01,2.061991204640939213e+00,4.792293352512625587e-02,3.135434625309373224e+00
3.861999999999999744e+01,2.057991280477185381e+00,4.794756465271987622e-02,3.135435040033395460e+00
3.864000000000000057e+01,2.053991356304159854e+00,4.797219419927709755e-02,3.135435416031882028e+00
3.865999999999999659e+01,2.049991432121870183e+00,4.799682224230283206e-02,3.135435792030368596e+00
3.867999999999999972e+01,2.045991507930325248e+00,4.802144878061598288e-02,3.135436168028855164e+00
3.870000000000000284e+01,2.041991583729516169e+00,4.804607381539764688e-02,3.135436544027341732e+00
3.871999999999999886e+01,2.037991659519452270e+00,4.807069734664781713e-02,3.135436920025828300e+00
3.874000000000000199e+01,2.033991735303524617e+00,4.809531944317918528e-02,3.135437260949552218e+00
3.875999999999999801e+01,2.029991811079201014e+00,4.811994017588231559e-02,3.135437601873276137e+00
3.878000000000000114e+01,2.025991886846481904e+00,4.814455954605981192e-02,3.135437942797000055e+00
3.879999999999999716e+01,2.021991962605377058e+00,4.816917755110645960e-02,3.135438283720723973e+00
3.882000000000000028e+01,2.017992038355876705e+00,4.819379419362747330e-02,3.135438624644447891e+00
3.884000000000000341e+01,2.013992114095168429e+00,4.821840953582551270e-02,3.135438933797431549e+00
3.885999999999999943e+01,2.009992189826851128e+00,4.824302364122225878e-02,3.135439242950415206e+00
3.888000000000000256e+01,2.005992265550936349e+00,4.826763650981771153e-02,3.135439552103398864e+00
3.889999999999999858e+01,2.001992341267401443e+00,4.829224814304834690e-02,3.135439861256382521e+00
3.892000000000000171e+01,1.997992416976257735e+00,4.831685853804121994e-02,3.135440170409366178e+00
3.893999999999999773e+01,1.993992492679431905e+00,4.834146775514584077e-02,3.135440450782017052e+00
3.896000000000000085e+01,1.989992568375700932e+00,4.836607585083166350e-02,3.135440731154667926e+00
3.897999999999999687e+01,1.985992644065077473e+00,4.839068282509868812e-02,3.135441011527318800e+00
3.900000000000000000e+01,1.981992719747549092e+00,4.841528867636299416e-02,3.135441291899969674e+00
3.902000000000000313e+01,1.977992795423115790e+00,4.843989340779242952e-02,3.135441572272620547e+00
3.903999999999999915e+01,1.973992871090233248e+00,4.846449706942108221e-02,3.135441826571681911e+00
3.906000000000000227e+01,1.969992946751102147e+00,4.848909971294133869e-02,3.135442080870743276e+00
3.907999999999999829e+01,1.965993022405708945e+00,4.851370134009953122e-02,3.135442335169804640e+00
3.910000000000000142e+01,1.961993098054053419e+00,4.853830195089565286e-02,3.135442589468866004e+00
3.911999999999999744e+01,1.957993173696149336e+00,4.856290154358337829e-02,3.135442843767927368e+00
3.914000000000000057e+01,1.953993249330308712e+00,4.858750016579121284e-02,3.135443074443562850e+00
3.915999999999999659e+01,1.949993324958797958e+00,4.861209786584386877e-02,3.135443305119198332e+00
3.917999999999999972e+01,1.945993400581616850e+00,4.863669464374134610e-02,3.135443535794833814e+00
3.920000000000000284e+01,1.941993476198765611e+00,4.866129049948364482e-02,3.135443766470469296e+00
3.921999999999999886e+01,1.937993551810229143e+00,4.868588543114559658e-02,3.135443997146104778e+00
3.924000000000000199e+01,1.933993627415977024e+00,4.871047948291635371e-02,3.135444206416375668e+00
3.925999999999999801e+01,1.929993703016585682e+00,4.873507269858579072e-02,3.135444415686646558e+00
3.928000000000000114e+01,1.925993778612038243e+00,4.875966507603182731e-02,3.135444624956917448e+00
3.929999999999999716e+01,1.921993854202334706e+00,4.878425661737655072e-02,3.135444834227188338e+00
3.932000000000000028e+01,1.917993929787491947e+00,4.880884732261996095e-02,3.135445043497459228e+00
3.934000000000000341e+01,1.913994005372638973e+00,4.883343722731348785e-02,3.135445233370460105e+00
3.935999999999999943e+01,1.909994080953108186e+00,4.885802637421152173e-02,3.135445423243460983e+00
3.938000000000000256e+01,1.905994156528917793e+00,4.888261476097519043e-02,3.135445613116461860e+00
3.939999999999999858e+01,1.901994232100068016e+00,4.890720238760449395e-02,3.135445802989462738e+00
3.942000000000000171e+01,1.897994307666522218e+00,4.893178925643830446e-02,3.135445992862463616e+00
3.943999999999999773e+01,1.893994383222517230e+00,4.895637539891350976e-02,3.135446165156301923e+00
3.946000000000000085e+01,1.889994458774263419e+00,4.898096085319336018e-02,3.135446337450140231e+00
3.947999999999999687e+01,1.885994534321780769e+00,4.900554561927785574e-02,3.135446509743978538e+00
3.950000000000000000e+01,1.881994609865049295e+00,4.903012969458948184e-02,3.135446682037816846e+00
3.952000000000000313e+01,1.877994685404088981e+00,4.905471308170575306e-02,3.135446854331655153e+00
3.953999999999999915e+01,1.873994760944536209e+00,4.907929581248531015e-02,3.135447010692602454e+00
3.956000000000000227e+01,1.869994836481144729e+00,4.910387791559077397e-02,3.135447167053549755e+00
3.957999999999999829e+01,1.865994912013892337e+00,4.912845939386230321e-02,3.135447323414497056e+00
3.960000000000000142e+01,1.861994987542823665e+00,4.915304024729989785e-02,3.135447479775444357e+00
3.961999999999999744e+01,1.857995063070669861e+00,4.917762050300185372e-02,3.135447621694219755e+00
3.964000000000000057e+01,1.853995138595020187e+00,4.920220019232246500e-02,3.135447763612995153e+00
3.965999999999999659e+01,1.849995214115874642e+00,4.922677931526173167e-02,3.135447905531770552e+00
3.967999999999999972e+01,1.845995289633257652e+00,4.925135786869047627e-02,3.135448047450545950e+00
3.970000000000000284e+01,1.841995365147144792e+00,4.927593585573787627e-02,3.135448189369321348e+00
3.971999999999999886e+01,1.837995440657560486e+00,4.930051327327474725e-02,3.135448331288096746e+00
3.974000000000000199e+01,1.833995516158921202e+00,4.932509014726015051e-02,3.135448460407881832e+00
3.975999999999999801e+01,1.829995591657111342e+00,4.934966650878116340e-02,3.135448589527666918e+00
3.978000000000000114e+01,1.825995667152157553e+00,4.937424235095906611e-02,3.135448718647452004e+00
3.979999999999999716e+01,1.821995742643979455e+00,4.939881768067257845e-02,3.135448847767237091e+00
3.982000000000000028e+01,1.817995818132657648e+00,4.942339249104298060e-02,3.135448976887022177e+00
3.984000000000000341e+01,1.813995893616582533e+00,4.944796680710030617e-02,3.135449094116879554e+00
3.985999999999999943e+01,1.809995969097607293e+00,4.947254065721001792e-02,3.135449211346736931e+00
3.988000000000000256e+01,1.805996044575761239e+00,4.949711403758391692e-02,3.135449328576594308e+00
3.989999999999999858e+01,1.801996120051014838e+00,4.952168694822200318e-02,3.135449445806451685e+00
3.992000000000000171e+01,1.797996195523397622e+00,4.954625938912428362e-02,3.135449563036309062e+00
3.993999999999999773e+01,1.793996270993310160e+00,4.957083138230659880e-02,3.135449669479237755e+00
3.996000000000000085e+01,1.789996346460615229e+00,4.959540295410808097e-02,3.135449775922166449e+00
3.997999999999999687e+01,1.785996421925280186e+00,4.961997409618455063e-02,3.135449882365095142e+00
4.000000000000000000e+01,1.781996497387337453e+00,4.964454481270809405e-02,3.135449988808023836e+00
4.002000000000000313e+01,1.777996572846787249e+00,4.966911510367871818e-02,3.135450095250952529e+00
4.003999999999999915e+01,1.773996648302997858e+00,4.969368499032319336e-02,3.135450191912231954e+00
4.006000000000000227e+01,1.769996723756839474e+00,4.971825449104794875e-02,3.135450288573511379e+00
4.007999999999999829e+01,1.765996799208276347e+00,4.974282360125870800e-02,3.135450385234790804e+00
4.010000000000000142e+01,1.761996874657380197e+00,4.976739233014403074e-02,3.135450481896070229e+00
4.011999999999999744e+01,1.757996950104079081e+00,4.979196066851535041e-02,3.135450578557349655e+00
4.014000000000000057e+01,1.753997025552144429e+00,4.981652863653847352e-02,3.135450666347852522e+00
4.015999999999999659e+01,1.749997100998036181e+00,4.984109625552434614e-02,3.135450754138355389e+00
4.017999999999999972e+01,1.745997176441754339e+00,4.986566352547297520e-02,3.135450841928858257e+00
4.020000000000000284e+01,1.741997251883338427e+00,4.989023044132584461e-02,3.135450929719361124e+00
4.021999999999999886e+01,1.737997327322748919e+00,4.991479700814146353e-02,3.135451017509863991e+00
4.024000000000000199e+01,1.733997402766260576e+00,4.993936323707472841e-02,3.135451097254769337e+00
4.025999999999999801e+01,1.729997478207814465e+00,4.996392914858226175e-02,3.135451176999674683e+00
4.028000000000000114e+01,1.725997553647410587e+00,4.998849474266406356e-02,3.135451256744580029e+00
4.029999999999999716e+01,1.721997629085092241e+00,5.001306001375126209e-02,3.135451336489485374e+00
4.032000000000000028e+01,1.717997704520772606e+00,5.003762496741272908e-02,3.135451416234390720e+00
4.034000000000000341e+01,1.713997779952158629e+00,5.006218962010974133e-02,3.135451488681415100e+00
4.035999999999999943e+01,1.709997855381772736e+00,5.008675397857408063e-02,3.135451561128439479e+00
4.038000000000000256e+01,1.705997930809614926e+00,5.011131804893558667e-02,3.135451633575463859e+00
4.039999999999999858e+01,1.701998006235685201e+00,5.013588183119425945e-02,3.135451706022488239e+00
4.042000000000000171e+01,1.697998081659983560e+00,5.016044531922025235e-02,3.135451778469512618e+00
4.043999999999999773e+01,1.693998157073686395e+00,5.018500853672830386e-02,3.135451844296119894e+00
4.046000000000000085e+01,1.689998232485808050e+00,5.020957148438243145e-02,3.135451910122727170e+00
4.047999999999999687e+01,1.685998307896295900e+00,5.023413417567532818e-02,3.135451975949334447e+00
4.050000000000000000e+01,1.681998383305149947e+00,5.025869659711430099e-02,3.135452041775941723e+00
4.052000000000000313e+01,1.677998458712369967e+00,5.028325876219204293e-02,3.135452107602548999e+00
4.053999999999999915e+01,1.673998534118008807e+00,5.030782065741585402e-02,3.135452173429156275e+00
4.056000000000000227e+01,1.669998609533956069e+00,5.033238230743467684e-02,3.135452233249251819e+00
4.057999999999999829e+01,1.665998684948453379e+00,5.035694371246987600e-02,3.135452293069347363e+00
4.060000000000000142e+01,1.661998760361500738e+00,5.038150487994519366e-02,3.135452352889442906e+00
4.061999999999999744e+01,1.657998835773040192e+00,5.040606580986062984e-02,3.135452412709538450e+00
4.064000000000000057e+01,1.653998911168722330e+00,5.043062650618765352e-02,3.135452466957764805e+00
4.065999999999999659e+01,1.649998986563125492e+00,5.045518698967233623e-02,3.135452521205991161e+00
4.067999999999999972e+01,1.645999061956121556e+00,5.047974726031467796e-02,3.135452575454217516e+00
4.070000000000000284e+01,1.641999137347838422e+00,5.050430730992843537e-02,3.135452629702443872e+00
4.071999999999999886e+01,1.637999212750371525e+00,5.052886714853312838e-02,3.135452679013233102e+00
4.074000000000000199e+01,1.633999288151708473e+00,5.055342679801342470e-02,3.135452728324022331e+00
4.075999999999999801e+01,1.629999363551849267e+00,5.057798624936339638e-02,3.135452777634811561e+00
4.078000000000000114e+01,1.625999438950794129e+00,5.060254549357712239e-02,3.135452826945600791e+00
4.079999999999999716e+01,1.621999514348472449e+00,5.062710454866645171e-02,3.135452876256390020e+00
4.082000000000000028e+01,1.617999589744954614e+00,5.065166340562545638e-02,3.135452925567179250e+00
4.084000000000000341e+01,1.613999665147747065e+00,5.067622207170040249e-02,3.135452970499839065e+00
4.085999999999999943e+01,1.609999740549458602e+00,5.070078055987344706e-02,3.135453015432498880e+00
4.088000000000000256e+01,1.605999815950089227e+00,5.072533887014458315e-02,3.135453060365158695e+00
4.089999999999999858e+01,1.601999891349561667e+00,5.074989700251381769e-02,3.135453105297818510e+00
4.092000000000000171e+01,1.597999966747952971e+00,5.077445494709770940e-02,3.135453150230478325e+00
4.093999999999999773e+01,1.594000042115943261e+00,5.079901273035107578e-02,3.135453191091404523e+00
4.096000000000000085e+01,1.590000117482914588e+00,5.082357033971147964e-02,3.135453231952330722e+00
4.097999999999999687e+01,1.586000192848951995e+00,5.084812778604723416e-02,3.135453272813256920e+00
4.100000000000000000e+01,1.582000268213970440e+00,5.087268508022664559e-02,3.135453313674183118e+00
4.102000000000000313e+01,1.578000343577885101e+00,5.089724220051310144e-02,3.135453354535109316e+00
4.103999999999999915e+01,1.574000418940950663e+00,5.092179915777490795e-02,3.135453395396035514e+00
4.106000000000000227e+01,1.570000494302912442e+00,5.094635596288037138e-02,3.135453436256961712e+00
4.107999999999999829e+01,1.566000569663983599e+00,5.097091259652556522e-02,3.135453473419267389e+00
4.110000000000000142e+01,1.562000645024214540e+00,5.099546908677086987e-02,3.135453510581573067e+00
4.111999999999999744e+01,1.558000720383511783e+00,5.102002543361628534e-02,3.135453547743878744e+00
4.114000000000000057e+01,1.554000795756908415e+00,5.104458163704182760e-02,3.135453581398404133e+00
4.115999999999999659e+01,1.550000871129583402e+00,5.106913770851209677e-02,3.135453615052929521e+00
4.117999999999999972e+01,1.546000946501330464e+00,5.109369363483156484e-02,3.135453648707454910e+00
4.120000000000000284e+01,1.542001021872252853e+00,5.111824944239128782e-02,3.135453682361980299e+00
4.121999999999999886e+01,1.538001097242350568e+00,5.114280510480020969e-02,3.135453716016505687e+00
4.124000000000000199e+01,1.534001172591728634e+00,5.116736063802144324e-02,3.135453746632116179e+00
4.125999999999999801e+01,1.530001247940200093e+00,5.119191604069479873e-02,3.135453777247726670e+00
4.128000000000000114e+01,1.526001323287991651e+00,5.121647134183091726e-02,3.135453807863337161e+00
4.129999999999999716e+01,1.522001398634990066e+00,5.124102649791384412e-02,3.135453838478947652e+00
4.132000000000000028e+01,1.518001473981308358e+00,5.126558155245953402e-02,3.135453869094558144e+00
4.134000000000000341e+01,1.514001549366692290e+00,5.129013647695432332e-02,3.135453896953641184e+00
4.135999999999999943e+01,1.510001624751329041e+00,5.131469128986523853e-02,3.135453924812724225e+00
4.138000000000000256e+01,1.506001700135342958e+00,5.133924599119227966e-02,3.135453952671807265e+00
4.139999999999999858e+01,1.502001775518609694e+00,5.136380059687599420e-02,3.135453980530890306e+00
4.142000000000000171e+01,1.498001850901253817e+00,5.138835507503528022e-02,3.135454008389973346e+00
4.143999999999999773e+01,1.494001926241361078e+00,5.141290945329506784e-02,3.135454033745713076e+00
4.146000000000000085e+01,1.490002001580920998e+00,5.143746372646876980e-02,3.135454059101452806e+00
4.147999999999999687e+01,1.486002076919796799e+00,5.146201789455639303e-02,3.135454084457192536e+00
4.150000000000000000e+01,1.482002152258125260e+00,5.148657197507228861e-02,3.135454109812932266e+00
4.152000000000000313e+01,1.478002227595769602e+00,5.151112593298775438e-02,3.135454135168671996e+00
4.153999999999999915e+01,1.474002302973433265e+00,5.153567982229886185e-02,3.135454158250110979e+00
4.156000000000000227e+01,1.470002378350645955e+00,5.156023359616936780e-02,3.135454181331549961e+00
4.157999999999999829e+01,1.466002453727107024e+00,5.158478727383936785e-02,3.135454204412988943e+00
4.160000000000000142e+01,1.462002529103117121e+00,5.160934087454896457e-02,3.135454227494427926e+00
4.161999999999999744e+01,1.458002604478526143e+00,5.163389437905806234e-02,3.135454250575866908e+00
4.164000000000000057e+01,1.454002679870152859e+00,5.165844779392589348e-02,3.135454271591387343e+00
4.165999999999999659e+01,1.450002755261284193e+00,5.168300112426777587e-02,3.135454292606907778e+00
4.167999999999999972e+01,1.446002830651920368e+00,5.170755437008370953e-02,3.135454313622428213e+00
4.170000000000000284e+01,1.442002906041896182e+00,5.173210755250517989e-02,3.135454334637948648e+00
4.171999999999999886e+01,1.438002981431541816e+00,5.175666062926921607e-02,3.135454355653469083e+00
4.174000000000000199e+01,1.434003056760553507e+00,5.178121362827163565e-02,3.135454374791701859e+00
4.175999999999999801e+01,1.430003132089202600e+00,5.180576653445687768e-02,3.135454393929934636e+00
4.178000000000000114e+01,1.426003207417307905e+00,5.183031939423352746e-02,3.135454413068167412e+00
4.179999999999999716e+01,1.422003282745050612e+00,5.185487216119299275e-02,3.135454432206400188e+00
4.182000000000000028e+01,1.418003358072249309e+00,5.187942485853957314e-02,3.135454451344632965e+00
4.184000000000000341e+01,1.414003433459452230e+00,5.190397747599908435e-02,3.135454468777137738e+00
4.185999999999999943e+01,1.410003508846257247e+00,5.192853001703425647e-02,3.135454486209642511e+00
4.188000000000000256e+01,1.406003584232465187e+00,5.195308250711987152e-02,3.135454503642147284e+00
4.189999999999999858e+01,1.402003659618473952e+00,5.197763492078114750e-02,3.135454521074652057e+00
4.192000000000000171e+01,1.398003735003885639e+00,5.200218725801809133e-02,3.135454538507156830e+00
4.193999999999999773e+01,1.394003810349836892e+00,5.202673952434887228e-02,3.135454554389341730e+00
4.196000000000000085e+01,1.390003885695132890e+00,5.205129173475671334e-02,3.135454570271526631e+00
4.197999999999999687e+01,1.386003961040210397e+00,5.207584388924162144e-02,3.135454586153711531e+00
4.200000000000000000e+01,1.382004036384632650e+00,5.210039595984212318e-02,3.135454602035896432e+00
4.202000000000000313e+01,1.378004111728836412e+00,5.212494800248115845e-02,3.135454617918081333e+00
4.203999999999999915e+01,1.374004187045086312e+00,5.214949995346300493e-02,3.135454632390874963e+00
4.206000000000000227e+01,1.370004262360856817e+00,5.217405184307602473e-02,3.135454646863668593e+00
4.207999999999999829e+01,1.366004337676387514e+00,5.219860370200462424e-02,3.135454661336462223e+00
4.210000000000000142e+01,1.362004412991438818e+00,5.222315546887997678e-02,3.135454675809255853e+00
4.211999999999999744e+01,1.358004488306250535e+00,5.224770720507091598e-02,3.135454690282049484e+00
4.214000000000000057e+01,1.354004563665955896e+00,5.227225889766021899e-02,3.135454703473501858e+00
4.215999999999999659e+01,1.350004639025135234e+00,5.229681048925475390e-02,3.135454716664954233e+00
4.217999999999999972e+01,1.346004714384051448e+00,5.232136208084928880e-02,3.135454729856406608e+00
4.220000000000000284e+01,1.342004789742704762e+00,5.234591357144906254e-02,3.135454743047858983e+00
4.221999999999999886e+01,1.338004865100832053e+00,5.237046502838391127e-02,3.135454756239311358e+00
4.224000000000000199e+01,1.334004940448183074e+00,5.239501647201401380e-02,3.135454768265661496e+00
4.225999999999999801e+01,1.330005015794957002e+00,5.241956780486506373e-02,3.135454780292011634e+00
4.228000000000000114e+01,1.326005091141442493e+00,5.244411913771611367e-02,3.135454792318361772e+00
4.229999999999999716e+01,1.322005166487927985e+00,5.246867039671446187e-02,3.135454804344711910e+00
4.232000000000000028e+01,1.318005241833836383e+00,5.249322161878646614e-02,3.135454816371062048e+00
4.234000000000000341e+01,1.314005317260645400e+00,5.251777277400494770e-02,3.135454827337885053e+00
4.235999999999999943e+01,1.310005392686821812e+00,5.254232392922342926e-02,3.135454838304708058e+00
4.238000000000000256e+01,1.306005468112998225e+00,5.256687500345415265e-02,3.135454849271531064e+00
4.239999999999999858e+01,1.302005543539174637e+00,5.259142603719099696e-02,3.135454860238354069e+00
4.242000000000000171e+01,1.298005618964718222e+00,5.261597703043396218e-02,3.135454871205177074e+00
4.243999999999999773e+01,1.294005694241660898e+00,5.264052799006038730e-02,3.135454881208515232e+00
4.246000000000000085e+01,1.290005769518256740e+00,5.266507890529270597e-02,3.135454891211853390e+00
4.247999999999999687e+01,1.286005844794505748e+00,5.268962977613092513e-02,3.135454901215191548e+00
4.250000000000000000e+01,1.282005920070754756e+00,5.271418064696914429e-02,3.135454911218529706e+00
4.252000000000000313e+01,1.278005995346657153e+00,5.273873142901915750e-02,3.135454921221867863e+00
4.253999999999999915e+01,1.274006070674386759e+00,5.276328220290441018e-02,3.135454930348545055e+00
4.256000000000000227e+01,1.270006146001736225e+00,5.278783287947292485e-02,3.135454939475222247e+00
4.257999999999999829e+01,1.266006221328705550e+00,5.281238360469980853e-02,3.135454948601899439e+00
4.260000000000000142e+01,1.262006296655674875e+00,5.283693423260996114e-02,3.135454957728576630e+00
4.261999999999999744e+01,1.258006371982644200e+00,5.286148486052011375e-02,3.135454966855253822e+00
4.264000000000000057e+01,1.254006447256171830e+00,5.288603542680166830e-02,3.135454975183986637e+00
4.265999999999999659e+01,1.250006522530116015e+00,5.291058593976308289e-02,3.135454983512719451e+00
4.267999999999999972e+01,1.246006597803227089e+00,5.293513645272449747e-02,3.135454991841452266e+00
4.270000000000000284e+01,1.242006673076338163e+00,5.295968696568591205e-02,3.135455000170185080e+00
4.271999999999999886e+01,1.238006748349449238e+00,5.298423737200703976e-02,3.135455008498917895e+00
4.274000000000000199e+01,1.234006823622143756e+00,5.300878777832816746e-02,3.135455016827650709e+00
4.275999999999999801e+01,1.230006898888179379e+00,5.303333816041922583e-02,3.135455024430466420e+00
4.278000000000000114e+01,1.226006974154215001e+00,5.305788854251028419e-02,3.135455032033282130e+00
4.279999999999999716e+01,1.222007049419794322e+00,5.308243886619018470e-02,3.135455039636097840e+00
4.282000000000000028e+01,1.218007124685373643e+00,5.310698913145893429e-02,3.135455047238913551e+00
4.284000000000000341e+01,1.214007200102606321e+00,5.313153938646074381e-02,3.135455054166542688e+00
4.285999999999999943e+01,1.210007275519338288e+00,5.315608964146255333e-02,3.135455061094171825e+00
4.288000000000000256e+01,1.206007350936070255e+00,5.318063983236030051e-02,3.135455068021800962e+00
4.289999999999999858e+01,1.202007426352802222e+00,5.320519002325804769e-02,3.135455074949430099e+00
4.292000000000000171e+01,1.198007501769033256e+00,5.322974015005172560e-02,3.135455081877059236e+00
4.293999999999999773e+01,1.194007577185264291e+00,5.325429027684540351e-02,3.135455088804688373e+00
4.296000000000000085e+01,1.190007652642237845e+00,5.327884033651789086e-02,3.135455095131144176e+00
4.297999999999999687e+01,1.186007728099211400e+00,5.330339039619037822e-02,3.135455101457599980e+00
4.300000000000000000e+01,1.182007803555636505e+00,5.332794045586286558e-02,3.135455107784055784e+00
4.302000000000000313e+01,1.178007879012061609e+00,5.335249044533977442e-02,3.135455114110511587e+00
4.303999999999999915e+01,1.174007954492165329e+00,5.337704045802889319e-02,3.135455119878368002e+00
4.306000000000000227e+01,1.170008029972269048e+00,5.340159047071801196e-02,3.135455125646224417e+00
4.307999999999999829e+01,1.166008105452372767e+00,5.342614040641333051e-02,3.135455131414080832e+00
4.310000000000000142e+01,1.162008180931874968e+00,5.345069034210864906e-02,3.135455137181937246e+00
4.311999999999999744e+01,1.158008256411377168e+00,5.347524020081016044e-02,3.135455142949793661e+00
4.314000000000000057e+01,1.154008331736037229e+00,5.349979004460687221e-02,3.135455148221374166e+00
4.315999999999999659e+01,1.150008407060039151e+00,5.352433997264572502e-02,3.135455153492954672e+00
4.317999999999999972e+01,1.146008482384041072e+00,5.354888973220029574e-02,3.135455158764535177e+00
4.320000000000000284e+01,1.142008557708042993e+00,5.357343957599700751e-02,3.135455164036115683e+00
4.321999999999999886e+01,1.138008633031386774e+00,5.359798941979371928e-02,3.135455169307696188e+00
4.324000000000000199e+01,1.134008708457177050e+00,5.362253917285832172e-02,3.135455174126410949e+00
4.325999999999999801e+01,1.130008783882967327e+00,5.364708892592292416e-02,3.135455178945125709e+00
4.328000000000000114e+01,1.126008859308037513e+00,5.367163867898752661e-02,3.135455183763840470e+00
4.329999999999999716e+01,1.122008934733107699e+00,5.369618833989286272e-02,3.135455188582555230e+00
4.332000000000000028e+01,1.118009010158897976e+00,5.372073809295746516e-02,3.135455193401269991e+00
4.334000000000000341e+01,1.114009085494857665e+00,5.374528767389163270e-02,3.135455197808772354e+00
4.335999999999999943e+01,1.110009160831604502e+00,5.376983735558336919e-02,3.135455202216274717e+00
4.338000000000000256e+01,1.106009236167564191e+00,5.379438703727510568e-02,3.135455206623777080e+00
4.339999999999999858e+01,1.102009311504311029e+00,5.381893661820927321e-02,3.135455211031279443e+00
4.342000000000000171e+01,1.098009386840270718e+00,5.384348629990100971e-02,3.135455215438781806e+00
4.343999999999999773e+01,1.094009462122972121e+00,5.386803583511289711e-02,3.135455219470374200e+00
4.346000000000000085e+01,1.090009537406534168e+00,5.389258537032478452e-02,3.135455223501966593e+00
4.347999999999999687e+01,1.086009612689235571e+00,5.391713501568898281e-02,3.135455227533558986e+00
4.350000000000000000e+01,1.082009687971936973e+00,5.394168455090087022e-02,3.135455231565151379e+00
4.352000000000000313e+01,1.078009763254638376e+00,5.396623408611275763e-02,3.135455235596743773e+00
4.353999999999999915e+01,1.074009838416842610e+00,5.399078352858034668e-02,3.135455239286024209e+00
4.356000000000000227e+01,1.070009913579046845e+00,5.401533309142079325e-02,3.135455242975304646e+00
4.357999999999999829e+01,1.066009988741251080e+00,5.403988253388838231e-02,3.135455246664585083e+00
4.360000000000000142e+01,1.062010063903455315e+00,5.406443197635597137e-02,3.135455250353865519e+00
4.361999999999999744e+01,1.058010139064718969e+00,5.408898141882356042e-02,3.135455254043145956e+00
4.364000000000000057e+01,1.054010214231887232e+00,5.411353095776773314e-02,3.135455257420602937e+00
4.365999999999999659e+01,1.050010289398028318e+00,5.413808036522563261e-02,3.135455260798059918e+00
4.367999999999999972e+01,1.046010364565196582e+00,5.416262977268353207e-02,3.135455264175516898e+00
4.370000000000000284e+01,1.042010439731337668e+00,5.418717918014143153e-02,3.135455267552973879e+00
4.371999999999999886e+01,1.038010514897478753e+00,5.421172845611306468e-02,3.135455270930430860e+00
4.374000000000000199e+01,1.034010590427339116e+00,5.423627783878996050e-02,3.135455274023865702e+00
4.375999999999999801e+01,1.030010665957199478e+00,5.426082722146685633e-02,3.135455277117300543e+00
4.378000000000000114e+01,1.026010741487059841e+00,5.428537660414375216e-02,3.135455280210735385e+00
4.379999999999999716e+01,1.022010817016920203e+00,5.430992598682064798e-02,3.135455283304170226e+00
4.382000000000000028e+01,1.018010892546780566e+00,5.433447522593894130e-02,3.135455286397605068e+00
4.384000000000000341e+01,1.014010967654882078e+00,5.435902454556340579e-02,3.135455289233776810e+00
4.385999999999999943e+01,1.010011042764206834e+00,5.438357386518787029e-02,3.135455292069948552e+00
4.388000000000000256e+01,1.006011117872308347e+00,5.440812318481233478e-02,3.135455294906120294e+00
4.389999999999999858e+01,1.002011192981633103e+00,5.443267234785627989e-02,3.135455297742292036e+00
4.392000000000000171e+01,9.980112680897346156e-01,5.445722166748074439e-02,3.135455300578463778e+00
4.393999999999999773e+01,9.940113433686600386e-01,5.448177098191529094e-02,3.135455303177407949e+00
4.396000000000000085e+01,9.900114186489203938e-01,5.450632012547690364e-02,3.135455305776352120e+00
4.397999999999999687e+01,9.860114939278458168e-01,5.453086943991145019e-02,3.135455308375296291e+00
4.400000000000000000e+01,9.820115692067712398e-01,5.455541858347306289e-02,3.135455310974240462e+00
4.402000000000000313e+01,9.780116444856966629e-01,5.457996789790760944e-02,3.135455313573184633e+00
4.403999999999999915e+01,9.740117201474581821e-01,5.460451712941903624e-02,3.135455315955440359e+00
4.406000000000000227e+01,9.700117958092197012e-01,5.462906617451505908e-02,3.135455318337696085e+00
4.407999999999999829e+01,9.660118714709812204e-01,5.465361540602648588e-02,3.135455320719951811e+00
4.410000000000000142e+01,9.620119471327427396e-01,5.467816463753791267e-02,3.135455323102207537e+00
4.411999999999999744e+01,9.580120227930479793e-01,5.470271368263393552e-02,3.135455325484463263e+00
4.414000000000000057e+01,9.540120984548094984e-01,5.472726291414536232e-02,3.135455327866718989e+00
4.415999999999999659e+01,9.500121733820219294e-01,5.475181203355263676e-02,3.135455330053760648e+00
4.417999999999999972e+01,9.460122483092343604e-01,5.477636115295991120e-02,3.135455332240802306e+00
4.420000000000000284e+01,9.420123232364467913e-01,5.480091027236718565e-02,3.135455334427843965e+00
4.421999999999999886e+01,9.380123981636592223e-01,5.482545939177446009e-02,3.135455336614885624e+00
4.424000000000000199e+01,9.340124732133343599e-01,5.485000848982429789e-02,3.135455338618859944e+00
4.425999999999999801e+01,9.300125482612782157e-01,5.487455758787413568e-02,3.135455340622834264e+00
4.428000000000000114e+01,9.260126233109533533e-01,5.489910668592397347e-02,3.135455342626808584e+00
4.429999999999999716e+01,9.220126983606284909e-01,5.492365578397381126e-02,3.135455344630782903e+00
4.432000000000000028e+01,9.180127734103036286e-01,5.494820488202364905e-02,3.135455346634757223e+00
4.434000000000000341e+01,9.140128486663641194e-01,5.497275404384453779e-02,3.135455348473855874e+00
4.435999999999999943e+01,9.100129239205381193e-01,5.499730296419430564e-02,3.135455350312954526e+00
4.438000000000000256e+01,9.060129991765986102e-01,5.502185212601519437e-02,3.135455352152053177e+00
4.439999999999999858e+01,9.020130744326591010e-01,5.504640104636496223e-02,3.135455353991151828e+00
4.442000000000000171e+01,8.980131496868331009e-01,5.507095020818585096e-02,3.135455355830250479e+00
4.443999999999999773e+01,8.940132245778303899e-01,5.509549914521243846e-02,3.135455357520521957e+00
4.446000000000000085e+01,8.900132994688276789e-01,5.512004834497152839e-02,3.135455359210793436e+00
4.447999999999999687e+01,8.860133743598249678e-01,5.514459728199811589e-02,3.135455360901064914e+00
4.450000000000000000e+01,8.820134492508222568e-01,5.516914621902470339e-02,3.135455362591336392e+00
4.452000000000000313e+01,8.780135241418195458e-01,5.519369541878379332e-02,3.135455364281607871e+00
4.453999999999999915e+01,8.740135997734856943e-01,5.521824425196299180e-02,3.135455365833678343e+00
4.456000000000000227e+01,8.700136754029165198e-01,5.524279337126913186e-02,3.135455367385748815e+00
4.457999999999999829e+01,8.660137510323473453e-01,5.526734220444833035e-02,3.135455368937819287e+00
4.460000000000000142e+01,8.620138266617781708e-01,5.529189132375447041e-02,3.135455370489889759e+00
4.461999999999999744e+01,8.580139022912089963e-01,5.531644015693366889e-02,3.135455372041960231e+00
4.464000000000000057e+01,8.540139776735271582e-01,5.534098904327753449e-02,3.135455373468102991e+00
4.465999999999999659e+01,8.500140530558453200e-01,5.536553824101322907e-02,3.135455374894245750e+00
4.467999999999999972e+01,8.460141284381634819e-01,5.539008712735709467e-02,3.135455376320388510e+00
4.470000000000000284e+01,8.420142038204816437e-01,5.541463601370096026e-02,3.135455377746531269e+00
4.471999999999999886e+01,8.380142792027998055e-01,5.543918490004482585e-02,3.135455379172674029e+00
4.474000000000000199e+01,8.340143540467885863e-01,5.546373404860463485e-02,3.135455380483135546e+00
4.475999999999999801e+01,8.300144288907773671e-01,5.548828285828439483e-02,3.135455381793597063e+00
4.478000000000000114e+01,8.260145037347661479e-01,5.551283166796415480e-02,3.135455383104058580e+00
4.479999999999999716e+01,8.220145785787549286e-01,5.553738081652396380e-02,3.135455384414520097e+00
4.482000000000000028e+01,8.180146534227437094e-01,5.556192962620372378e-02,3.135455385724981614e+00
4.484000000000000341e+01,8.140147286647253511e-01,5.558647855380063896e-02,3.135455386937931799e+00
4.485999999999999943e+01,8.100148039095673713e-01,5.561102748139755414e-02,3.135455388150881983e+00
4.488000000000000256e+01,8.060148791544093916e-01,5.563557640899446932e-02,3.135455389363832168e+00
4.489999999999999858e+01,8.020149543963910332e-01,5.566012533659138450e-02,3.135455390576782353e+00
4.492000000000000171e+01,7.980150296412330535e-01,5.568467426418829969e-02,3.135455391789732538e+00
4.493999999999999773e+01,7.940151050358582596e-01,5.570922319796723504e-02,3.135455392900655003e+00
4.496000000000000085e+01,7.900151804336065231e-01,5.573377213174617040e-02,3.135455394011577468e+00
4.497999999999999687e+01,7.860152558282317292e-01,5.575832106552510575e-02,3.135455395122499933e+00
4.500000000000000000e+01,7.820153312228569353e-01,5.578286959955588986e-02,3.135455396233422398e+00
4.502000000000000313e+01,7.780154066206051988e-01,5.580741853333482522e-02,3.135455397344344863e+00
4.503999999999999915e+01,7.740154820152304049e-01,5.583196746711376057e-02,3.135455398455267328e+00
4.506000000000000227e+01,7.700155575524735285e-01,5.585651652767181785e-02,3.135455399483115357e+00
4.507999999999999829e+01,7.660156330930920632e-01,5.588106515617263098e-02,3.135455400510963386e+00
4.510000000000000142e+01,7.620157086303351868e-01,5.590561421673068826e-02,3.135455401538811415e+00
4.511999999999999744e+01,7.580157841709537214e-01,5.593016284523150139e-02,3.135455402566659444e+00
4.514000000000000057e+01,7.540158593145408483e-01,5.595471199224424236e-02,3.135455403509644690e+00
4.515999999999999659e+01,7.500159344581279752e-01,5.597926066831723779e-02,3.135455404452629935e+00
4.517999999999999972e+01,7.460160096017151021e-01,5.600380934439023323e-02,3.135455405395615180e+00
4.520000000000000284e+01,7.420160847416230609e-01,5.602835849140297420e-02,3.135455406338600426e+00
4.521999999999999886e+01,7.380161598852101879e-01,5.605290716747596963e-02,3.135455407281585671e+00
4.524000000000000199e+01,7.340162352155216174e-01,5.607745588532619258e-02,3.135455408160204627e+00
4.525999999999999801e+01,7.300163105497817773e-01,5.610200460317641552e-02,3.135455409038823582e+00
4.528000000000000114e+01,7.260163858800932069e-01,5.612655382646668939e-02,3.135455409917442537e+00
4.529999999999999716e+01,7.220164612104046364e-01,5.615110254431691234e-02,3.135455410796061493e+00
4.532000000000000028e+01,7.180165365407160660e-01,5.617565126216713528e-02,3.135455411674680448e+00
4.534000000000000341e+01,7.140166125388992535e-01,5.620019987423744562e-02,3.135455412476853887e+00
4.535999999999999943e+01,7.100166885327573452e-01,5.622474903991513812e-02,3.135455413279027326e+00
4.538000000000000256e+01,7.060167645309405327e-01,5.624929765198544845e-02,3.135455414081200765e+00
4.539999999999999858e+01,7.020168405247986243e-01,5.627384626405575879e-02,3.135455414883374203e+00
4.542000000000000171e+01,6.980169165186567160e-01,5.629839542973345129e-02,3.135455415685547642e+00
4.543999999999999773e+01,6.940169915206260143e-01,5.632294406767725942e-02,3.135455416434897113e+00
4.546000000000000085e+01,6.900170665179653495e-01,5.634749270562106754e-02,3.135455417184246585e+00
4.547999999999999687e+01,6.860171415199346479e-01,5.637204134356487567e-02,3.135455417933596056e+00
4.550000000000000000e+01,6.820172165172739831e-01,5.639659057414170978e-02,3.135455418682945528e+00
4.552000000000000313e+01,6.780172915146133183e-01,5.642113921208551791e-02,3.135455419432294999e+00
4.553999999999999915e+01,6.740173664890154459e-01,5.644568828334884519e-02,3.135455420127361670e+00
4.556000000000000227e+01,6.700174414634175735e-01,5.647023671569612741e-02,3.135455420822428341e+00
4.557999999999999829e+01,6.660175164378197010e-01,5.649478578695945469e-02,3.135455421517495012e+00
4.560000000000000142e+01,6.620175914072302659e-01,5.651933421930673690e-02,3.135455422212561682e+00
4.561999999999999744e+01,6.580176663816323934e-01,5.654388329057006418e-02,3.135455422907628353e+00
4.564000000000000057e+01,6.540177419346842047e-01,5.656843196917048233e-02,3.135455423543352271e+00
4.565999999999999659e+01,6.500178174931935393e-01,5.659298064777090048e-02,3.135455424179076189e+00
4.567999999999999972e+01,6.460178930462453506e-01,5.661752932637131863e-02,3.135455424814800107e+00
4.570000000000000284e+01,6.420179685992971619e-01,5.664207800497173678e-02,3.135455425450524025e+00
4.571999999999999886e+01,6.380180441578064965e-01,5.666662668357215493e-02,3.135455426086247943e+00
4.574000000000000199e+01,6.340181197108583078e-01,5.669117536217257308e-02,3.135455426721971861e+00
4.575999999999999801e+01,6.300181953422858694e-01,5.671572406547915890e-02,3.135455427315762211e+00
4.578000000000000114e+01,6.260182709678705493e-01,5.674027276878574472e-02,3.135455427909552562e+00
4.579999999999999716e+01,6.220183465992981109e-01,5.676482221998117167e-02,3.135455428503342912e+00
4.582000000000000028e+01,6.180184222307256725e-01,5.678937092328775749e-02,3.135455429097133262e+00
4.584000000000000341e+01,6.140184973676733327e-01,5.681391936608784499e-02,3.135455429643026815e+00
4.585999999999999943e+01,6.100185724982655211e-01,5.683846780888793249e-02,3.135455430188920367e+00
4.588000000000000256e+01,6.060186476352131812e-01,5.686301706519686361e-02,3.135455430734813920e+00
4.589999999999999858e+01,6.020187227721608414e-01,5.688756550799695111e-02,3.135455431280707472e+00
4.592000000000000171e+01,5.980187979091085015e-01,5.691211395079703861e-02,3.135455431826601025e+00
4.593999999999999773e+01,5.940188739303848831e-01,5.693666271050058791e-02,3.135455432339816717e+00
4.596000000000000085e+01,5.900189499516612646e-01,5.696121147020413722e-02,3.135455432853032409e+00
4.597999999999999687e+01,5.860190259729376461e-01,5.698576022990768652e-02,3.135455433366248101e+00
4.600000000000000000e+01,5.820191020009742866e-01,5.701030898961123583e-02,3.135455433879463794e+00
4.602000000000000313e+01,5.780191780222506681e-01,5.703485774931478514e-02,3.135455434392679486e+00
4.603999999999999915e+01,5.740192521723396224e-01,5.705940650170172879e-02,3.135455434873496205e+00
4.606000000000000227e+01,5.700193263152127932e-01,5.708395525408867244e-02,3.135455435354312925e+00
4.607999999999999829e+01,5.660194004653017474e-01,5.710850400647561609e-02,3.135455435835129645e+00
4.610000000000000142e+01,5.620194746153907017e-01,5.713305275886255974e-02,3.135455436315946365e+00
4.611999999999999744e+01,5.580195487654796560e-01,5.715760151124950339e-02,3.135455436796763085e+00
4.614000000000000057e+01,5.540196249935268602e-01,5.718215050902814706e-02,3.135455437230540987e+00
4.615999999999999659e+01,5.500197012295723331e-01,5.720669848303608362e-02,3.135455437664318890e+00
4.617999999999999972e+01,5.460197774576195373e-01,5.723124748081472729e-02,3.135455438098096792e+00
4.620000000000000284e+01,5.420198536856667415e-01,5.725579647859337096e-02,3.135455438531874695e+00
4.621999999999999886e+01,5.380199299217122144e-01,5.728034547637201462e-02,3.135455438965652597e+00
4.624000000000000199e+01,5.340200061996028813e-01,5.730489387106302290e-02,3.135455439376086506e+00
4.625999999999999801e+01,5.300200824859466753e-01,5.732944226575403118e-02,3.135455439786520415e+00
4.628000000000000114e+01,5.260201587722904693e-01,5.735399066044503946e-02,3.135455440196954324e+00
4.629999999999999716e+01,5.220202350501811361e-01,5.737854013713511447e-02,3.135455440607388233e+00
4.632000000000000028e+01,5.180203113365249301e-01,5.740308853182612275e-02,3.135455441017822142e+00
4.634000000000000341e+01,5.140203880034509565e-01,5.742763759659091916e-02,3.135455441415129663e+00
4.635999999999999943e+01,5.100204646791093310e-01,5.745218554360929236e-02,3.135455441812437183e+00
4.638000000000000256e+01,5.060205413460353574e-01,5.747673460837408876e-02,3.135455442209744703e+00
4.639999999999999858e+01,5.020206180216937319e-01,5.750128367313888517e-02,3.135455442607052223e+00
4.642000000000000171e+01,4.980206946973521065e-01,5.752583162015725837e-02,3.135455443004359743e+00
4.643999999999999773e+01,4.940207706683796829e-01,5.755038013461712815e-02,3.135455443389646213e+00
4.646000000000000085e+01,4.900208466484121117e-01,5.757492980169764268e-02,3.135455443774932682e+00
4.647999999999999687e+01,4.860209226194396881e-01,5.759947831615751246e-02,3.135455444160219152e+00
4.650000000000000000e+01,4.820209985994721169e-01,5.762402683061738223e-02,3.135455444545505621e+00
4.652000000000000313e+01,4.780210745704996933e-01,5.764857534507725201e-02,3.135455444930792090e+00
4.653999999999999915e+01,4.740211495797386765e-01,5.767312385413957826e-02,3.135455445257864238e+00
4.656000000000000227e+01,4.700212245783700338e-01,5.769767236320190451e-02,3.135455445584936385e+00
4.657999999999999829e+01,4.660212995876090170e-01,5.772222087226423076e-02,3.135455445912008532e+00
4.660000000000000142e+01,4.620213745862403742e-01,5.774677073909807029e-02,3.135455446239080679e+00
4.661999999999999744e+01,4.580214495954793574e-01,5.777131924816039654e-02,3.135455446566152826e+00
4.664000000000000057e+01,4.540215249274604514e-01,5.779586785811508670e-02,3.135455446872835950e+00
4.665999999999999659e+01,4.500216002594415454e-01,5.782041646806977686e-02,3.135455447179519073e+00
4.667999999999999972e+01,4.460216755914226394e-01,5.784496507802446702e-02,3.135455447486202196e+00
4.670000000000000284e+01,4.420217509120909494e-01,5.786951368797915718e-02,3.135455447792885320e+00
4.671999999999999886e+01,4.380218262440720434e-01,5.789406229793384734e-02,3.135455448099568443e+00
4.674000000000000199e+01,4.340219022076105548e-01,5.791861055911048245e-02,3.135455448381833765e+00
4.675999999999999801e+01,4.300219781711490663e-01,5.794315882028711756e-02,3.135455448664099087e+00
4.678000000000000114e+01,4.260220541223961321e-01,5.796770865476767731e-02,3.135455448946364410e+00
4.679999999999999716e+01,4.220221300859346436e-01,5.799225691594431242e-02,3.135455449228629732e+00
4.682000000000000028e+01,4.180222060494731551e-01,5.801680517712094753e-02,3.135455449510895054e+00
4.684000000000000341e+01,4.140222810253091912e-01,5.804135411760237562e-02,3.135455449814281703e+00
4.685999999999999943e+01,4.100223560011452273e-01,5.806590305808380370e-02,3.135455450117668352e+00
4.688000000000000256e+01,4.060224309884170046e-01,5.809045199856523178e-02,3.135455450421055001e+00
4.689999999999999858e+01,4.020225059642530407e-01,5.811499947527345306e-02,3.135455450724441651e+00
4.692000000000000171e+01,3.980225809400890769e-01,5.813954841575488114e-02,3.135455451027828300e+00
4.693999999999999773e+01,3.940226547397085444e-01,5.816409753863304583e-02,3.135455451305109165e+00
4.696000000000000085e+01,3.900227285268156319e-01,5.818864666151121051e-02,3.135455451582390030e+00
4.697999999999999687e+01,3.860228023139227194e-01,5.821319418280254676e-02,3.135455451859670895e+00
4.700000000000000000e+01,3.820228761135421869e-01,5.823774330568071145e-02,3.135455452136951759e+00
4.702000000000000313e+01,3.780229499006492744e-01,5.826229242855887613e-02,3.135455452414232624e+00
4.703999999999999915e+01,3.740230279410385328e-01,5.828683998667035654e-02,3.135455452689956957e+00
4.706000000000000227e+01,3.700231059814277912e-01,5.831138915540831635e-02,3.135455452965681289e+00
4.707999999999999829e+01,3.660231840092340594e-01,5.833593832414627617e-02,3.135455453241405621e+00
4.710000000000000142e+01,3.620232620496233178e-01,5.836048588225775657e-02,3.135455453517129953e+00
4.711999999999999744e+01,3.580233400900125762e-01,5.838503505099571639e-02,3.135455453792854286e+00
4.714000000000000057e+01,3.540234152797086531e-01,5.840958364177026990e-02,3.135455454066468750e+00
4.715999999999999659e+01,3.500234904820848092e-01,5.843413223254482342e-02,3.135455454340083215e+00
4.717999999999999972e+01,3.460235656844609653e-01,5.845868082331937693e-02,3.135455454613697679e+00
4.720000000000000284e+01,3.420236408868371214e-01,5.848322941409393044e-02,3.135455454887312143e+00
4.721999999999999886e+01,3.380237160892132775e-01,5.850777800486848396e-02,3.135455455160926608e+00
4.724000000000000199e+01,3.340237900028139029e-01,5.853232767392315544e-02,3.135455455411845005e+00
4.725999999999999801e+01,3.300238639164144727e-01,5.855687557312208580e-02,3.135455455662763402e+00
4.728000000000000114e+01,3.260239378300150426e-01,5.858142524217675728e-02,3.135455455913681799e+00
4.729999999999999716e+01,3.220240117436156124e-01,5.860597314137568764e-02,3.135455456164600196e+00
4.732000000000000028e+01,3.180240856572161823e-01,5.863052104057461800e-02,3.135455456415518594e+00
4.734000000000000341e+01,3.140241652218828672e-01,5.865507015204730196e-02,3.135455456624998583e+00
4.735999999999999943e+01,3.100242363232804665e-01,5.867961926351998592e-02,3.135455456834479016e+00
4.738000000000000256e+01,3.060243074081158698e-01,5.870416837499266988e-02,3.135455457043959449e+00
4.739999999999999858e+01,3.020243784929512731e-01,5.872871536650754037e-02,3.135455457253439882e+00
4.742000000000000171e+01,2.980244495943488725e-01,5.875326447798022433e-02,3.135455457462920315e+00
4.743999999999999773e+01,2.940245260095918356e-01,5.877781257720971625e-02,3.135455457626151521e+00
4.746000000000000085e+01,2.900246024248347987e-01,5.880236339705310900e-02,3.135455457789382727e+00
4.747999999999999687e+01,2.860246788400777618e-01,5.882691149628260091e-02,3.135455457952613934e+00
4.750000000000000000e+01,2.820247552553207249e-01,5.885145959551209283e-02,3.135455458115845140e+00
4.752000000000000313e+01,2.780248316705636880e-01,5.887600769474158474e-02,3.135455458279076346e+00
4.753999999999999915e+01,2.740249097397474687e-01,5.890055715188492746e-02,3.135455458499949888e+00
4.756000000000000227e+01,2.700249878089312494e-01,5.892510459842571768e-02,3.135455458720823430e+00
4.757999999999999829e+01,2.660250658781150301e-01,5.894965405556906041e-02,3.135455458941696971e+00
4.760000000000000142e+01,2.620251439315909869e-01,5.897420351271240313e-02,3.135455459162570513e+00
4.761999999999999744e+01,2.580252220007747677e-01,5.899875095925319335e-02,3.135455459383444055e+00
4.764000000000000057e+01,2.540252998141889207e-01,5.902330036901677623e-02,3.135455459598601724e+00
4.765999999999999659e+01,2.500253776114779725e-01,5.904784771476406791e-02,3.135455459813759393e+00
4.767999999999999972e+01,2.460254554248921255e-01,5.907239712452765079e-02,3.135455460028917063e+00
4.770000000000000284e+01,2.420255332221811773e-01,5.909694653429123368e-02,3.135455460244074732e+00
4.771999999999999886e+01,2.380256110355953303e-01,5.912149388003852535e-02,3.135455460459232402e+00
4.774000000000000199e+01,2.340256858515388505e-01,5.914604304948848507e-02,3.135455460733763022e+00
4.775999999999999801e+01,2.300257606548446188e-01,5.917059060130735321e-02,3.135455461008293643e+00
4.778000000000000114e+01,2.260258354707881390e-01,5.919513977075731292e-02,3.135455461282824263e+00
4.779999999999999716e+01,2.220259102867316592e-01,5.921968894020727264e-02,3.135455461557354884e+00
4.782000000000000028e+01,2.180259850900374274e-01,5.924423649202614078e-02,3.135455461831885504e+00
4.784000000000000341e+01,2.140260608436061751e-01,5.926878590939449465e-02,3.135455462084271616e+00
4.785999999999999943e+01,2.100261365971749228e-01,5.929333532676284851e-02,3.135455462336657728e+00
4.788000000000000256e+01,2.060262123507436705e-01,5.931788298456860259e-02,3.135455462589043840e+00
4.789999999999999858e+01,2.020262881043124181e-01,5.934243240193695645e-02,3.135455462841429952e+00
4.792000000000000171e+01,1.980263638578811658e-01,5.936698005974271053e-02,3.135455463093816064e+00
4.793999999999999773e+01,1.940264356843570126e-01,5.939152971872576486e-02,3.135455463337227577e+00
4.796000000000000085e+01,1.900265075108328594e-01,5.941607755326923368e-02,3.135455463580639091e+00
4.797999999999999687e+01,1.860265793373087062e-01,5.944062538781270250e-02,3.135455463824050604e+00
4.800000000000000000e+01,1.820266511637845530e-01,5.946517504679575683e-02,3.135455464067462117e+00
4.802000000000000313e+01,1.780267229902603998e-01,5.948972288133922565e-02,3.135455464310873630e+00
4.803999999999999915e+01,1.740267948167362466e-01,5.951427254032227998e-02,3.135455464554285143e+00
4.806000000000000227e+01,1.700268739428414944e-01,5.953881904278023746e-02,3.135455464676404347e+00
4.807999999999999829e+01,1.660269530405364402e-01,5.956336918175707956e-02,3.135455464798523550e+00
4.810000000000000142e+01,1.620270321666416879e-01,5.958791568421503704e-02,3.135455464920642754e+00
4.811999999999999744e+01,1.580271112643366338e-01,5.961246582319187914e-02,3.135455465042761958e+00
4.814000000000000057e+01,1.540271859354950534e-01,5.963701492406830312e-02,3.135455465525923469e+00
4.815999999999999659e+01,1.500272605994727448e-01,5.966156310581256783e-02,3.135455466009084979e+00
4.817999999999999972e+01,1.460273352706311645e-01,5.968611128755683254e-02,3.135455466492246490e+00
4.820000000000000284e+01,1.420274099417895841e-01,5.971066038843325652e-02,3.135455466975408001e+00
4.821999999999999886e+01,1.380274846057672755e-01,5.973520857017752123e-02,3.135455467458569512e+00
4.824000000000000199e+01,1.340275589393403466e-01,5.975975724584135090e-02,3.135455467956844711e+00
4.825999999999999801e+01,1.300276332729134177e-01,5.978430592150518058e-02,3.135455468455119910e+00
4.828000000000000114e+01,1.260277075995235585e-01,5.980885459716901026e-02,3.135455468953395108e+00
4.829999999999999716e+01,1.220277819330966157e-01,5.983340327283283994e-02,3.135455469451670307e+00
4.832000000000000028e+01,1.180278562666696729e-01,5.985795194849666961e-02,3.135455469949945506e+00
4.834000000000000341e+01,1.140279315932743176e-01,5.988250047414383354e-02,3.135455470427528368e+00
4.835999999999999943e+01,1.100280069271435679e-01,5.990704899979099746e-02,3.135455470905111230e+00
4.838000000000000256e+01,1.060280822537482126e-01,5.993159752543816138e-02,3.135455471382694093e+00
4.839999999999999858e+01,1.020281575876174629e-01,5.995614605108532530e-02,3.135455471860276955e+00
4.842000000000000171e+01,9.802823291422210761e-02,5.998069457673248922e-02,3.135455472337859817e+00
4.843999999999999773e+01,9.402830824082675232e-02,6.000524310237965314e-02,3.135455472815442679e+00
4.846000000000000085e+01,9.402830824082675232e-02,6.000524310237965314e-02,3.135455472815442679e+00
4.847999999999999687e+01,9.402830824082675232e-02,6.000524310237965314e-02,3.135455472815442679e+00
4.850000000000000000e+01,9.402830824082675232e-02,6.000524310237965314e-02,3.135455472815442679e+00
4.852000000000000313e+01,9.402830824082675232e-02,6.000524310237965314e-02,3.135455472815442679e+00
4.853999999999999915e+01,9.402830824082675232e-02,6.000524310237965314e-02,3.129455472815442896e+00
4.856000000000000227e+01,9.402830824082675232e-02,6.000524310237965314e-02,3.123455472815443112e+00
4.857999999999999829e+01,9.402830824082675232e-02,6.000524310237965314e-02,3.117455472815443329e+00
4.860000000000000142e+01,9.402830824082675232e-02,6.000524310237965314e-02,3.111455472815443546e+00
4.861999999999999744e+01,9.402830824082675232e-02,6.000524310237965314e-02,3.105455472815443763e+00
4.864000000000000057e+01,9.402830824082675232e-02,6.000524310237965314e-02,3.099455472815443979e+00
4.865999999999999659e+01,9.402830824082675232e-02,6.000524310237965314e-02,3.093455472815444196e+00
4.867999999999999972e+01,9.402830824082675232e-02,6.000524310237965314e-02,3.087455472815444413e+00
4.870000000000000284e+01,9.402830824082675232e-02,6.000524310237965314e-02,3.081455472815444629e+00
4.871999999999999886e+01,9.402830824082675232e-02,6.000524310237965314e-02,3.075455472815444846e+00
4.874000000000000199e+01,9.402830824082675232e-02,6.000524310237965314e-02,3.069455472815445063e+00
4.875999999999999801e+01,9.402830824082675232e-02,6.000524310237965314e-02,3.063455472815445280e+00
4.878000000000000114e+01,9.402830824082675232e-02,6.000524310237965314e-02,3.057455472815445496e+00
4.879999999999999716e+01,9.402830824082675232e-02,6.000524310237965314e-02,3.051455472815445713e+00
4.882000000000000028e+01,9.402830824082675232e-02,6.000524310237965314e-02,3.045455472815445930e+00
4.884000000000000341e+01,9.402830824082675232e-02,6.000524310237965314e-02,3.039455472815446146e+00
4.885999999999999943e+01,9.402830824082675232e-02,6.000524310237965314e-02,3.033455472815446363e+00
4.888000000000000256e+01,9.402830824082675232e-02,6.000524310237965314e-02,3.027455472815446580e+00
4.889999999999999858e+01,9.402830824082675232e-02,6.000524310237965314e-02,3.021455472815446797e+00
4.892000000000000171e+01,9.402830824082675232e-02,6.000524310237965314e-02,3.015455472815447013e+00
4.893999999999999773e+01,9.402830824082675232e-02,6.000524310237965314e-02,3.009455472815447230e+00
4.896000000000000085e+01,9.402830824082675232e-02,6.000524310237965314e-02,3.003455472815447447e+00
4.897999999999999687e+01,9.402830824082675232e-02,6.000524310237965314e-02,2.997455472815447663e+00
4.900000000000000000e+01,9.402830824082675232e-02,6.000524310237965314e-02,2.991455472815447880e+00
4.902000000000000313e+01,9.402830824082675232e-02,6.000524310237965314e-02,2.985455472815448097e+00
4.903999999999999915e+01,9.402830824082675232e-02,6.000524310237965314e-02,2.979455472815448314e+00
4.906000000000000227e+01,9.402830824082675232e-02,6.000524310237965314e-02,2.973455472815448530e+00
4.907999999999999829e+01,9.402830824082675232e-02,6.000524310237965314e-02,2.967455472815448747e+00
4.910000000000000142e+01,9.402830824082675232e-02,6.000524310237965314e-02,2.961455472815448964e+00
4.911999999999999744e+01,9.402830824082675232e-02,6.000524310237965314e-02,2.955455472815449181e+00
4.914000000000000057e+01,9.402830824082675232e-02,6.000524310237965314e-02,2.949455472815449397e+00
4.915999999999999659e+01,9.402830824082675232e-02,6.000524310237965314e-02,2.943455472815449614e+00
4.917999999999999972e+01,9.402830824082675232e-02,6.000524310237965314e-02,2.937455472815449831e+00
4.920000000000000284e+01,9.402830824082675232e-02,6.000524310237965314e-02,2.931455472815450047e+00
4.921999999999999886e+01,9.402830824082675232e-02,6.000524310237965314e-02,2.925455472815450264e+00
4.924000000000000199e+01,9.402830824082675232e-02,6.000524310237965314e-02,2.919455472815450481e+00
4.925999999999999801e+01,9.402830824082675232e-02,6.000524310237965314e-02,2.913455472815450698e+00
4.928000000000000114e+01,9.402830824082675232e-02,6.000524310237965314e-02,2.907455472815450914e+00
4.929999999999999716e+01,9.402830824082675232e-02,6.000524310237965314e-02,2.901455472815451131e+00
4.932000000000000028e+01,9.402830824082675232e-02,6.000524310237965314e-02,2.895455472815451348e+00
4.934000000000000341e+01,9.402830824082675232e-02,6.000524310237965314e-02,2.889455472815451564e+00
4.935999999999999943e+01,9.402830824082675232e-02,6.000524310237965314e-02,2.883455472815451781e+00
4.938000000000000256e+01,9.402830824082675232e-02,6.000524310237965314e-02,2.877455472815451998e+00
4.939999999999999858e+01,9.402830824082675232e-02,6.000524310237965314e-02,2.871455472815452215e+00
4.942000000000000171e+01,9.402830824082675232e-02,6.000524310237965314e-02,2.865455472815452431e+00
4.943999999999999773e+01,9.402830824082675232e-02,6.000524310237965314e-02,2.859455472815452648e+00
4.946000000000000085e+01,9.402830824082675232e-02,6.000524310237965314e-02,2.853455472815452865e+00
4.947999999999999687e+01,9.402830824082675232e-02,6.000524310237965314e-02,2.847455472815453081e+00
4.950000000000000000e+01,9.402830824082675232e-02,6.000524310237965314e-02,2.841455472815453298e+00
4.952000000000000313e+01,9.402830824082675232e-02,6.000524310237965314e-02,2.835455472815453515e+00
4.953999999999999915e+01,9.402830824082675232e-02,6.000524310237965314e-02,2.829455472815453732e+00
4.956000000000000227e+01,9.402830824082675232e-02,6.000524310237965314e-02,2.823455472815453948e+00
4.957999999999999829e+01,9.402830824082675232e-02,6.000524310237965314e-02,2.817455472815454165e+00
4.960000000000000142e+01,9.402830824082675232e-02,6.000524310237965314e-02,2.811455472815454382e+00
4.961999999999999744e+01,9.402830824082675232e-02,6.000524310237965314e-02,2.805455472815454598e+00
4.964000000000000057e+01,9.402830824082675232e-02,6.000524310237965314e-02,2.799455472815454815e+00
4.965999999999999659e+01,9.402830824082675232e-02,6.000524310237965314e-02,2.793455472815455032e+00
4.967999999999999972e+01,9.402830824082675232e-02,6.000524310237965314e-02,2.787455472815455249e+00
4.970000000000000284e+01,9.402830824082675232e-02,6.000524310237965314e-02,2.781455472815455465e+00
4.971999999999999886e+01,9.402830824082675232e-02,6.000524310237965314e-02,2.775455472815455682e+00
4.974000000000000199e+01,9.402830824082675232e-02,6.000524310237965314e-02,2.769455472815455899e+00
4.975999999999999801e+01,9.402830824082675232e-02,6.000524310237965314e-02,2.763455472815456115e+00
4.978000000000000114e+01,9.402830824082675232e-02,6.000524310237965314e-02,2.757455472815456332e+00
4.979999999999999716e+01,9.402830824082675232e-02,6.000524310237965314e-02,2.751455472815456549e+00
4.982000000000000028e+01,9.402830824082675232e-02,6.000524310237965314e-02,2.745455472815456766e+00
4.984000000000000341e+01,9.402830824082675232e-02,6.000524310237965314e-02,2.739455472815456982e+00
4.985999999999999943e+01,9.402830824082675232e-02,6.000524310237965314e-02,2.733455472815457199e+00
4.988000000000000256e+01,9.402830824082675232e-02,6.000524310237965314e-02,2.727455472815457416e+00
4.989999999999999858e+01,9.402830824082675232e-02,6.000524310237965314e-02,2.721455472815457632e+00
4.992000000000000171e+01,9.402830824082675232e-02,6.000524310237965314e-02,2.715455472815457849e+00
4.993999999999999773e+01,9.402830824082675232e-02,6.000524310237965314e-02,2.709455472815458066e+00
4.996000000000000085e+01,9.402830824082675232e-02,6.000524310237965314e-02,2.703455472815458283e+00
4.997999999999999687e+01,9.402830824082675232e-02,6.000524310237965314e-02,2.697455472815458499e+00
5.000000000000000000e+01,9.402830824082675232e-02,6.000524310237965314e-02,2.691455472815458716e+00
5.002000000000000313e+01,9.402830824082675232e-02,6.000524310237965314e-02,2.685455472815458933e+00
5.003999999999999915e+01,9.402830824082675232e-02,6.000524310237965314e-02,2.679455472815459149e+00
5.006000000000000227e+01,9.402830824082675232e-02,6.000524310237965314e-02,2.673455472815459366e+00
5.007999999999999829e+01,9.402830824082675232e-02,6.000524310237965314e-02,2.667455472815459583e+00
5.010000000000000142e+01,9.402830824082675232e-02,6.000524310237965314e-02,2.661455472815459800e+00
5.011999999999999744e+01,9.402830824082675232e-02,6.000524310237965314e-02,2.655455472815460016e+00
5.014000000000000057e+01,9.402830824082675232e-02,6.000524310237965314e-02,2.649455472815460233e+00
5.015999999999999659e+01,9.402830824082675232e-02,6.000524310237965314e-02,2.643455472815460450e+00
5.017999999999999972e+01,9.402830824082675232e-02,6.000524310237965314e-02,2.637455472815460666e+00
5.020000000000000284e+01,9.402830824082675232e-02,6.000524310237965314e-02,2.631455472815460883e+00
5.021999999999999886e+01,9.402830824082675232e-02,6.000524310237965314e-02,2.625455472815461100e+00
5.024000000000000199e+01,9.402830824082675232e-02,6.000524310237965314e-02,2.619455472815461317e+00
5.025999999999999801e+01,9.402830824082675232e-02,6.000524310237965314e-02,2.613455472815461533e+00
5.028000000000000114e+01,9.402830824082675232e-02,6.000524310237965314e-02,2.607455472815461750e+00
5.029999999999999716e+01,9.402830824082675232e-02,6.000524310237965314e-02,2.601455472815461967e+00
5.032000000000000028e+01,9.402830824082675232e-02,6.000524310237965314e-02,2.595455472815462183e+00
5.034000000000000341e+01,9.402830824082675232e-02,6.000524310237965314e-02,2.589455472815462400e+00
5.035999999999999943e+01,9.402830824082675232e-02,6.000524310237965314e-02,2.583455472815462617e+00
5.038000000000000256e+01,9.402830824082675232e-02,6.000524310237965314e-02,2.577455472815462834e+00
5.039999999999999858e+01,9.402830824082675232e-02,6.000524310237965314e-02,2.571455472815463050e+00
5.042000000000000171e+01,9.402830824082675232e-02,6.000524310237965314e-02,2.565455472815463267e+00
5.043999999999999773e+01,9.402830824082675232e-02,6.000524310237965314e-02,2.559455472815463484e+00
5.046000000000000085e+01,9.402830824082675232e-02,6.000524310237965314e-02,2.553455472815463700e+00
5.047999999999999687e+01,9.402830824082675232e-02,6.000524310237965314e-02,2.547455472815463917e+00
5.050000000000000000e+01,9.402830824082675232e-02,6.000524310237965314e-02,2.541455472815464134e+00
5.052000000000000313e+01,9.402830824082675232e-02,6.000524310237965314e-02,2.535455472815464351e+00
5.053999999999999915e+01,9.402830824082675232e-02,6.000524310237965314e-02,2.529455472815464567e+00
5.056000000000000227e+01,9.402830824082675232e-02,6.000524310237965314e-02,2.523455472815464784e+00
5.057999999999999829e+01,9.402830824082675232e-02,6.000524310237965314e-02,2.517455472815465001e+00
5.060000000000000142e+01,9.402830824082675232e-02,6.000524310237965314e-02,2.511455472815465217e+00
5.061999999999999744e+01,9.402830824082675232e-02,6.000524310237965314e-02,2.505455472815465434e+00
5.064000000000000057e+01,9.402830824082675232e-02,6.000524310237965314e-02,2.499455472815465651e+00
5.065999999999999659e+01,9.402830824082675232e-02,6.000524310237965314e-02,2.493455472815465868e+00
5.067999999999999972e+01,9.402830824082675232e-02,6.000524310237965314e-02,2.487455472815466084e+00
5.070000000000000284e+01,9.402830824082675232e-02,6.000524310237965314e-02,2.481455472815466301e+00
5.071999999999999886e+01,9.402830824082675232e-02,6.000524310237965314e-02,2.475455472815466518e+00
5.074000000000000199e+01,9.402830824082675232e-02,6.000524310237965314e-02,2.469455472815466734e+00
5.075999999999999801e+01,9.402830824082675232e-02,6.000524310237965314e-02,2.463455472815466951e+00
5.078000000000000114e+01,9.402830824082675232e-02,6.000524310237965314e-02,2.457455472815467168e+00
5.079999999999999716e+01,9.402830824082675232e-02,6.000524310237965314e-02,2.451455472815467385e+00
5.082000000000000028e+01,9.402830824082675232e-02,6.000524310237965314e-02,2.445455472815467601e+00
5.084000000000000341e+01,9.402830824082675232e-02,6.000524310237965314e-02,2.439455472815467818e+00
5.085999999999999943e+01,9.402830824082675232e-02,6.000524310237965314e-02,2.433455472815468035e+00
5.088000000000000256e+01,9.402830824082675232e-02,6.000524310237965314e-02,2.427455472815468251e+00
5.089999999999999858e+01,9.402830824082675232e-02,6.000524310237965314e-02,2.421455472815468468e+00
5.092000000000000171e+01,9.402830824082675232e-02,6.000524310237965314e-02,2.415455472815468685e+00
5.093999999999999773e+01,9.402830824082675232e-02,6.000524310237965314e-02,2.409455472815468902e+00
5.096000000000000085e+01,9.402830824082675232e-02,6.000524310237965314e-02,2.403455472815469118e+00
5.097999999999999687e+01,9.402830824082675232e-02,6.000524310237965314e-02,2.397455472815469335e+00
5.100000000000000000e+01,9.402830824082675232e-02,6.000524310237965314e-02,2.391455472815469552e+00
5.102000000000000313e+01,9.402830824082675232e-02,6.000524310237965314e-02,2.385455472815469768e+00
5.103999999999999915e+01,9.402830824082675232e-02,6.000524310237965314e-02,2.379455472815469985e+00
5.106000000000000227e+01,9.402830824082675232e-02,6.000524310237965314e-02,2.373455472815470202e+00
5.107999999999999829e+01,9.402830824082675232e-02,6.000524310237965314e-02,2.367455472815470419e+00
5.110000000000000142e+01,9.402830824082675232e-02,6.000524310237965314e-02,2.361455472815470635e+00
5.111999999999999744e+01,9.402830824082675232e-02,6.000524310237965314e-02,2.355455472815470852e+00
5.114000000000000057e+01,9.402830824082675232e-02,6.000524310237965314e-02,2.349455472815471069e+00
5.115999999999999659e+01,9.402830824082675232e-02,6.000524310237965314e-02,2.343455472815471285e+00
5.117999999999999972e+01,9.402830824082675232e-02,6.000524310237965314e-02,2.337455472815471502e+00
5.120000000000000284e+01,9.402830824082675232e-02,6.000524310237965314e-02,2.331455472815471719e+00
5.121999999999999886e+01,9.402830824082675232e-02,6.000524310237965314e-02,2.325455472815471936e+00
5.124000000000000199e+01,9.402830824082675232e-02,6.000524310237965314e-02,2.319455472815472152e+00
5.125999999999999801e+01,9.402830824082675232e-02,6.000524310237965314e-02,2.313455472815472369e+00
5.128000000000000114e+01,9.402830824082675232e-02,6.000524310237965314e-02,2.307455472815472586e+00
5.129999999999999716e+01,9.402830824082675232e-02,6.000524310237965314e-02,2.301455472815472802e+00
5.132000000000000028e+01,9.402830824082675232e-02,6.000524310237965314e-02,2.295455472815473019e+00
5.134000000000000341e+01,9.402830824082675232e-02,6.000524310237965314e-02,2.289455472815473236e+00
5.135999999999999943e+01,9.402830824082675232e-02,6.000524310237965314e-02,2.283455472815473453e+00
5.138000000000000256e+01,9.402830824082675232e-02,6.000524310237965314e-02,2.277455472815473669e+00
5.139999999999999858e+01,9.402830824082675232e-02,6.000524310237965314e-02,2.271455472815473886e+00
5.142000000000000171e+01,9.402830824082675232e-02,6.000524310237965314e-02,2.265455472815474103e+00
5.143999999999999773e+01,9.402830824082675232e-02,6.000524310237965314e-02,2.259455472815474320e+00
5.146000000000000085e+01,9.402830824082675232e-02,6.000524310237965314e-02,2.253455472815474536e+00
5.147999999999999687e+01,9.402830824082675232e-02,6.000524310237965314e-02,2.247455472815474753e+00
5.150000000000000000e+01,9.402830824082675232e-02,6.000524310237965314e-02,2.241455472815474970e+00
5.152000000000000313e+01,9.402830824082675232e-02,6.000524310237965314e-02,2.235455472815475186e+00
5.153999999999999915e+01,9.402830824082675232e-02,6.000524310237965314e-02,2.229455472815475403e+00
5.156000000000000227e+01,9.402830824082675232e-02,6.000524310237965314e-02,2.223455472815475620e+00
5.157999999999999829e+01,9.402830824082675232e-02,6.000524310237965314e-02,2.217455472815475837e+00
5.160000000000000142e+01,9.402830824082675232e-02,6.000524310237965314e-02,2.211455472815476053e+00
5.161999999999999744e+01,9.402830824082675232e-02,6.000524310237965314e-02,2.205455472815476270e+00
5.164000000000000057e+01,9.402830824082675232e-02,6.000524310237965314e-02,2.199455472815476487e+00
5.165999999999999659e+01,9.402830824082675232e-02,6.000524310237965314e-02,2.193455472815476703e+00
5.167999999999999972e+01,9.402830824082675232e-02,6.000524310237965314e-02,2.187455472815476920e+00
5.170000000000000284e+01,9.402830824082675232e-02,6.000524310237965314e-02,2.181455472815477137e+00
5.171999999999999886e+01,9.402830824082675232e-02,6.000524310237965314e-02,2.175455472815477354e+00
5.174000000000000199e+01,9.402830824082675232e-02,6.000524310237965314e-02,2.169455472815477570e+00
5.175999999999999801e+01,9.402830824082675232e-02,6.000524310237965314e-02,2.163455472815477787e+00
5.178000000000000114e+01,9.402830824082675232e-02,6.000524310237965314e-02,2.157455472815478004e+00
5.179999999999999716e+01,9.402830824082675232e-02,6.000524310237965314e-02,2.151455472815478220e+00
5.182000000000000028e+01,9.402830824082675232e-02,6.000524310237965314e-02,2.145455472815478437e+00
5.184000000000000341e+01,9.402830824082675232e-02,6.000524310237965314e-02,2.139455472815478654e+00
5.185999999999999943e+01,9.402830824082675232e-02,6.000524310237965314e-02,2.133455472815478871e+00
5.188000000000000256e+01,9.402830824082675232e-02,6.000524310237965314e-02,2.127455472815479087e+00
5.189999999999999858e+01,9.402830824082675232e-02,6.000524310237965314e-02,2.121455472815479304e+00
5.192000000000000171e+01,9.402830824082675232e-02,6.000524310237965314e-02,2.115455472815479521e+00
5.193999999999999773e+01,9.402830824082675232e-02,6.000524310237965314e-02,2.109455472815479737e+00
5.196000000000000085e+01,9.402830824082675232e-02,6.000524310237965314e-02,2.103455472815479954e+00
5.197999999999999687e+01,9.402830824082675232e-02,6.000524310237965314e-02,2.097455472815480171e+00
5.200000000000000000e+01,9.402830824082675232e-02,6.000524310237965314e-02,2.091455472815480388e+00
5.202000000000000313e+01,9.402830824082675232e-02,6.000524310237965314e-02,2.085455472815480604e+00
5.203999999999999915e+01,9.402830824082675232e-02,6.000524310237965314e-02,2.079455472815480821e+00
5.206000000000000227e+01,9.402830824082675232e-02,6.000524310237965314e-02,2.073455472815481038e+00
5.207999999999999829e+01,9.402830824082675232e-02,6.000524310237965314e-02,2.067455472815481254e+00
5.210000000000000142e+01,9.402830824082675232e-02,6.000524310237965314e-02,2.061455472815481471e+00
5.211999999999999744e+01,9.402830824082675232e-02,6.000524310237965314e-02,2.055455472815481688e+00
5.214000000000000057e+01,9.402830824082675232e-02,6.000524310237965314e-02,2.049455472815481905e+00
5.215999999999999659e+01,9.402830824082675232e-02,6.000524310237965314e-02,2.043455472815482121e+00
5.217999999999999972e+01,9.402830824082675232e-02,6.000524310237965314e-02,2.037455472815482338e+00
5.220000000000000284e+01,9.402830824082675232e-02,6.000524310237965314e-02,2.031455472815482555e+00
5.221999999999999886e+01,9.402830824082675232e-02,6.000524310237965314e-02,2.025455472815482771e+00
5.224000000000000199e+01,9.402830824082675232e-02,6.000524310237965314e-02,2.019455472815482988e+00
5.225999999999999801e+01,9.402830824082675232e-02,6.000524310237965314e-02,2.013455472815483205e+00
5.228000000000000114e+01,9.402830824082675232e-02,6.000524310237965314e-02,2.007455472815483422e+00
5.229999999999999716e+01,9.402830824082675232e-02,6.000524310237965314e-02,2.001455472815483638e+00
5.232000000000000028e+01,9.402830824082675232e-02,6.000524310237965314e-02,1.995455472815483855e+00
5.234000000000000341e+01,9.402830824082675232e-02,6.000524310237965314e-02,1.989455472815483850e+00
5.235999999999999943e+01,9.402830824082675232e-02,6.000524310237965314e-02,1.983455472815483844e+00
5.238000000000000256e+01,9.402830824082675232e-02,6.000524310237965314e-02,1.977455472815483617e+00
5.239999999999999858e+01,9.402830824082675232e-02,6.000524310237965314e-02,1.971455472815483390e+00
5.242000000000000171e+01,9.402830824082675232e-02,6.000524310237965314e-02,1.965455472815483384e+00
5.243999999999999773e+01,9.402830824082675232e-02,6.000524310237965314e-02,1.959455472815483601e+00
5.246000000000000085e+01,9.402830824082675232e-02,6.000524310237965314e-02,1.953455472815483596e+00
5.247999999999999687e+01,9.402830824082675232e-02,6.000524310237965314e-02,1.947455472815483812e+00
5.250000000000000000e+01,9.402830824082675232e-02,6.000524310237965314e-02,1.941455472815483585e+00
5.252000000000000313e+01,9.402830824082675232e-02,6.000524310237965314e-02,1.935455472815483580e+00
5.253999999999999915e+01,9.402830824082675232e-02,6.000524310237965314e-02,1.929455472815483574e+00
5.256000000000000227e+01,9.402830824082675232e-02,6.000524310237965314e-02,1.923455472815483569e+00
5.257999999999999829e+01,9.402830824082675232e-02,6.000524310237965314e-02,1.917455472815483564e+00
5.260000000000000142e+01,9.402830824082675232e-02,6.000524310237965314e-02,1.911455472815483558e+00
5.261999999999999744e+01,9.402830824082675232e-02,6.000524310237965314e-02,1.905455472815483553e+00
5.264000000000000057e+01,9.402830824082675232e-02,6.000524310237965314e-02,1.899455472815483548e+00
5.265999999999999659e+01,9.402830824082675232e-02,6.000524310237965314e-02,1.893455472815483542e+00
5.267999999999999972e+01,9.402830824082675232e-02,6.000524310237965314e-02,1.887455472815483537e+00
5.270000000000000284e+01,9.402830824082675232e-02,6.000524310237965314e-02,1.881455472815483532e+00
5.271999999999999886e+01,9.402830824082675232e-02,6.000524310237965314e-02,1.875455472815483526e+00
5.274000000000000199e+01,9.402830824082675232e-02,6.000524310237965314e-02,1.869524341947937263e+00
5.275999999999999801e+01,9.402830824082675232e-02,6.000524310237965314e-02,1.863593211080390555e+00
5.278000000000000114e+01,9.402830824082675232e-02,6.000524310237965314e-02,1.857662080212843847e+00
5.279999999999999716e+01,9.402830824082675232e-02,6.000524310237965314e-02,1.851730949345297361e+00
5.282000000000000028e+01,9.402830824082675232e-02,6.000524310237965314e-02,1.845799818477751320e+00
5.284000000000000341e+01,9.402830824082675232e-02,6.000524310237965314e-02,1.840466150531955503e+00
5.285999999999999943e+01,9.402830824082675232e-02,6.000524310237965314e-02,1.835132482586159908e+00
5.288000000000000256e+01,9.402830824082675232e-02,6.000524310237965314e-02,1.829798814640364535e+00
5.289999999999999858e+01,9.402830824082675232e-02,6.000524310237965314e-02,1.824465146694568718e+00
5.292000000000000171e+01,9.402830824082675232e-02,6.000524310237965314e-02,1.819131478748773123e+00
5.293999999999999773e+01,9.402830824082675232e-02,6.000524310237965314e-02,1.814345853436257094e+00
5.296000000000000085e+01,9.402830824082675232e-02,6.000524310237965314e-02,1.809560228123741066e+00
5.297999999999999687e+01,9.402830824082675232e-02,6.000524310237965314e-02,1.804774602811225037e+00
5.300000000000000000e+01,9.402830824082675232e-02,6.000524310237965314e-02,1.799988977498708786e+00
5.302000000000000313e+01,9.402830824082675232e-02,6.000524310237965314e-02,1.795203352186192758e+00
5.303999999999999915e+01,9.402830824082675232e-02,6.000524310237965314e-02,1.790909697874513817e+00
5.306000000000000227e+01,9.402830824082675232e-02,6.000524310237965314e-02,1.786616043562834877e+00
5.307999999999999829e+01,9.402830824082675232e-02,6.000524310237965314e-02,1.782322389251155492e+00
5.310000000000000142e+01,9.402830824082675232e-02,6.000524310237965314e-02,1.778028734939476330e+00
5.311999999999999744e+01,9.402830824082675232e-02,6.000524310237965314e-02,1.773735080627797167e+00
5.314000000000000057e+01,9.322966205162235009e-02,6.392470026862134835e-02,1.769882827191558317e+00
5.315999999999999659e+01,9.244612049330105941e-02,6.784720493272533570e-02,1.766030573755319910e+00
5.317999999999999972e+01,9.167769519349289187e-02,7.177269888535713072e-02,1.762178320319081504e+00
5.320000000000000284e+01,9.092439755550482672e-02,7.570112387282165733e-02,1.758326066882842875e+00
5.321999999999999886e+01,9.018623875815200142e-02,7.963242159792778552e-02,1.754473813446604025e+00
5.324000000000000199e+01,8.946247919483271693e-02,8.356639618265451763e-02,1.751003089382127342e+00
5.325999999999999801e+01,8.875237770353412714e-02,8.750285903791270303e-02,1.747532365317650216e+00
5.328000000000000114e+01,8.805594283807753608e-02,9.144176274541157556e-02,1.744061641253173311e+00
5.329999999999999716e+01,8.737318298765683888e-02,9.538305985745801352e-02,1.740590917188696407e+00
5.332000000000000028e+01,8.670410637673835186e-02,9.932670289752813797e-02,1.737120193124219503e+00
5.334000000000000341e+01,8.604805045018325271e-02,1.032725332982945277e-01,1.733989343797915028e+00
5.335999999999999943e+01,8.540435151929645641e-02,1.072203983690327989e-01,1.730858494471610332e+00
5.338000000000000256e+01,8.477301589374976187e-02,1.111702594119425153e-01,1.727727645145305857e+00
5.339999999999999858e+01,8.415404976202739418e-02,1.151220777096582243e-01,1.724596795819001827e+00
5.342000000000000171e+01,8.354745919136472021e-02,1.190758145256290979e-01,1.721465946492697352e+00
5.343999999999999773e+01,8.295264405484877035e-02,1.230313403208702777e-01,1.718641514423708827e+00
5.346000000000000085e+01,8.236900338992705906e-02,1.269885303513965391e-01,1.715817082354720524e+00
5.347999999999999687e+01,8.179654185254095489e-02,1.309473530490757875e-01,1.712992650285732443e+00
5.350000000000000000e+01,8.123526400945177417e-02,1.349077768327514582e-01,1.710168218216743918e+00
5.352000000000000313e+01,8.068517433820356077e-02,1.388697701084944669e-01,1.707343786147755393e+00
5.353999999999999915e+01,8.014572954618828793e-02,1.428332270162175344e-01,1.704795699919067653e+00
5.356000000000000227e+01,7.961638572444640349e-02,1.467980456074513829e-01,1.702247613690379913e+00
5.357999999999999829e+01,7.909714630986965089e-02,1.507642001396601039e-01,1.699699527461691950e+00
5.360000000000000142e+01,7.858801467374443295e-02,1.547316648616338941e-01,1.697151441233003988e+00
5.361999999999999744e+01,7.808899412173002375e-02,1.587004140136560881e-01,1.694603355004315803e+00
5.364000000000000057e+01,7.759959313844319584e-02,1.626703610701389080e-01,1.692304504838017420e+00
5.365999999999999659e+01,7.711931975374008985e-02,1.666414226951536404e-01,1.690005654671718816e+00
5.367999999999999972e+01,7.664817650572619545e-02,1.706135779027921073e-01,1.687706804505420433e+00
5.370000000000000284e+01,7.618616588425694558e-02,1.745868057013669761e-01,1.685407954339122272e+00
5.371999999999999886e+01,7.573329033092414397e-02,1.785610850935225036e-01,1.683109104172823667e+00
5.374000000000000199e+01,7.528910541218529484e-02,1.825363453393868685e-01,1.681035047278517602e+00
5.375999999999999801e+01,7.485316635883249026e-02,1.865125182991745068e-01,1.678960990384211538e+00
5.378000000000000114e+01,7.442547504614907550e-02,1.904895868685405891e-01,1.676886933489905029e+00
5.379999999999999716e+01,7.400603331393910966e-02,1.944675339392876734e-01,1.674812876595598965e+00
5.382000000000000028e+01,7.359484296651967739e-02,1.984463423994392295e-01,1.672738819701292678e+00
5.384000000000000341e+01,7.319150231588492095e-02,2.024259543969226249e-01,1.670867516907565742e+00
5.385999999999999943e+01,7.279560942615637131e-02,2.064063141986027250e-01,1.668996214113838805e+00
5.388000000000000256e+01,7.240716568366131756e-02,2.103874078661625291e-01,1.667124911320112313e+00
5.389999999999999858e+01,7.202617244864134571e-02,2.143692214587152034e-01,1.665253608526385820e+00
5.392000000000000171e+01,7.165263105524828646e-02,2.183517410328529862e-01,1.663382305732658883e+00
5.393999999999999773e+01,7.128617857549361669e-02,2.223349192587247281e-01,1.661693884328440562e+00
5.396000000000000085e+01,7.092645189825191876e-02,2.263187105329581006e-01,1.660005462924222019e+00
5.397999999999999687e+01,7.057345204902011615e-02,2.303031034986957049e-01,1.658317041520004143e+00
5.400000000000000000e+01,7.022718003411831944e-02,2.342880867973649861e-01,1.656628620115785600e+00
5.402000000000000313e+01,6.988763684068667603e-02,2.382736490687103192e-01,1.654940198711567501e+00
5.403999999999999915e+01,6.955449465146237853e-02,2.422597515745655017e-01,1.653416738815902676e+00
5.406000000000000227e+01,6.922742551379633402e-02,2.462463569832575028e-01,1.651893278920238517e+00
5.407999999999999829e+01,6.890643018679325216e-02,2.502334560421558551e-01,1.650369819024574136e+00
5.410000000000000142e+01,6.859150941546030000e-02,2.542210394974842580e-01,1.648846359128909755e+00
5.411999999999999744e+01,6.828266393070710205e-02,2.582090980943423375e-01,1.647322899233245375e+00
5.414000000000000057e+01,6.797959769453523760e-02,2.621976001110041254e-01,1.645948241332122031e+00
5.415999999999999659e+01,6.768201456879689715e-02,2.661865149714265355e-01,1.644573583430998687e+00
5.417999999999999972e+01,6.738991511583083960e-02,2.701758351378207301e-01,1.643198925529875343e+00
5.420000000000000284e+01,6.710329988761191966e-02,2.741655530716320399e-01,1.641824267628751999e+00
5.421999999999999886e+01,6.682216942575303076e-02,2.781556612335542300e-01,1.640449609727628655e+00
5.424000000000000199e+01,6.654652426150152456e-02,2.821461520835434333e-01,1.639074951826505311e+00
5.425999999999999801e+01,6.627609706655133992e-02,2.861369999985457491e-01,1.637834523359397387e+00
5.428000000000000114e+01,6.601062043974123550e-02,2.901281802887687444e-01,1.636594094892289464e+00
5.429999999999999716e+01,6.575009478955015640e-02,2.941196868131326636e-01,1.635353666425181540e+00
5.432000000000000028e+01,6.549452051683997411e-02,2.981115134300557634e-01,1.634113237958073395e+00
5.434000000000000341e+01,6.524365090748288076e-02,3.021036385253667578e-01,1.632996605131602053e+00
5.435999999999999943e+01,6.499723919152886054e-02,3.060960412610324588e-01,1.631879972305130710e+00
5.438000000000000256e+01,6.475528567622125531e-02,3.100887166590507449e-01,1.630763339478658702e+00
5.439999999999999858e+01,6.451779066324431211e-02,3.140816597410794886e-01,1.629646706652187360e+00
5.442000000000000171e+01,6.428475444872276678e-02,3.180748655284428295e-01,1.628530073825715574e+00
5.443999999999999773e+01,6.405595961394604243e-02,3.220683166136448783e-01,1.627522472874715298e+00
5.446000000000000085e+01,6.383118869974277465e-02,3.260619962055062993e-01,1.626514871923715022e+00
5.447999999999999687e+01,6.361044193431360239e-02,3.300559002494055094e-01,1.625507270972714524e+00
5.450000000000000000e+01,6.339371954177439039e-02,3.340500246904932191e-01,1.624499670021714026e+00
5.452000000000000313e+01,6.318102174215403655e-02,3.380443654736962067e-01,1.623492069070713306e+00
5.453999999999999915e+01,6.297234875139577637e-02,3.420389185437217039e-01,1.622484468119712586e+00
5.456000000000000227e+01,6.276750443046121009e-02,3.460336698127936539e-01,1.621575170682132194e+00
5.457999999999999829e+01,6.256629261080308424e-02,3.500286056947823909e-01,1.620665873244551136e+00
5.460000000000000142e+01,6.236871345878853418e-02,3.540237228865879549e-01,1.619756575806970522e+00
5.461999999999999744e+01,6.217476713778014030e-02,3.580190180849603943e-01,1.618847278369389464e+00
5.464000000000000057e+01,6.198427267474397595e-02,3.620144793807330008e-01,1.618028649789212459e+00
5.465999999999999659e+01,6.179704907398018282e-02,3.660100952819154152e-01,1.617210021209035675e+00
5.467999999999999972e+01,6.161309646095721598e-02,3.700058631108347207e-01,1.616391392628858448e+00
5.470000000000000284e+01,6.143241495895136739e-02,3.740017801897163041e-01,1.615572764048681220e+00
5.471999999999999886e+01,6.125500468904731405e-02,3.779978438406855212e-01,1.614754135468504437e+00
5.474000000000000199e+01,6.108070619491958592e-02,3.819940444496700560e-01,1.614015369833728508e+00
5.475999999999999801e+01,6.090936000376703796e-02,3.859903727338681034e-01,1.613276604198952358e+00
5.478000000000000114e+01,6.074096620910581640e-02,3.899868265121849698e-01,1.612537838564176429e+00
5.479999999999999716e+01,6.057552490284105751e-02,3.939834036034576270e-01,1.611799072929400944e+00
5.482000000000000028e+01,6.041303617526627701e-02,3.979801018264555457e-01,1.611060307294624794e+00
5.484000000000000341e+01,6.025335620701152695e-02,4.019769132699679282e-01,1.610393552700463582e+00
5.485999999999999943e+01,6.009634116644552160e-02,4.059738302924102427e-01,1.609726798106302370e+00
5.488000000000000256e+01,5.994199112337054991e-02,4.099708511169063985e-01,1.609060043512141158e+00
5.489999999999999858e+01,5.979030614640466063e-02,4.139679739665341751e-01,1.608393288917979946e+00
5.492000000000000171e+01,5.964115645039763658e-02,4.179651922349459370e-01,1.607791505503382457e+00
5.493999999999999773e+01,5.949441224091121111e-02,4.219624995353828401e-01,1.607189722088785411e+00
5.496000000000000085e+01,5.935007357108775666e-02,4.259598944202469539e-01,1.606587938674188143e+00
5.497999999999999687e+01,5.920814049319737121e-02,4.299573754419085403e-01,1.605986155259590875e+00
5.500000000000000000e+01,5.906861305864085504e-02,4.339549411527067746e-01,1.605384371844993829e+00
5.502000000000000313e+01,5.893149131794747642e-02,4.379525901049501901e-01,1.604782588430396340e+00
5.503999999999999915e+01,5.879666076608781877e-02,4.419503169999521308e-01,1.604238114714710006e+00
5.506000000000000227e+01,5.866400689132283269e-02,4.459481167140756930e-01,1.603693640999023673e+00
5.507999999999999829e+01,5.853352973297813733e-02,4.499459880621666796e-01,1.603149167283337340e+00
5.510000000000000142e+01,5.840522932973335468e-02,4.539439298590496885e-01,1.602604693567650784e+00
5.511999999999999744e+01,5.827910571962459374e-02,4.579419409195283341e-01,1.602060219851964451e+00
5.514000000000000057e+01,5.815505300356792195e-02,4.619400167819366909e-01,1.601568739700313326e+00
5.515999999999999659e+01,5.803296527734616572e-02,4.659381531309172431e-01,1.601077259548661758e+00
5.517999999999999972e+01,5.791284257045020700e-02,4.699363490007091859e-01,1.600585779397010633e+00
5.520000000000000284e+01,5.779468491189474616e-02,4.739346034255373930e-01,1.600094299245359286e+00
5.521999999999999886e+01,5.767849233022191713e-02,4.779329154396125268e-01,1.599602819093708161e+00
5.524000000000000199e+01,5.756416919919263298e-02,4.819312813507435900e-01,1.599159185519013482e+00
5.525999999999999801e+01,5.745161988871574227e-02,4.859296975859915824e-01,1.598715551944319468e+00
5.528000000000000114e+01,5.734084442094498218e-02,4.899281633584252615e-01,1.598271918369625233e+00
5.529999999999999716e+01,5.723184281768071285e-02,4.939266778811035041e-01,1.597828284794930997e+00
5.532000000000000028e+01,5.712461510037494111e-02,4.979252403670758054e-01,1.597384651220236762e+00
5.534000000000000341e+01,5.701907496896366917e-02,5.019238477580107993e-01,1.596984193169196375e+00
5.535999999999999943e+01,5.691513612049522303e-02,5.059224970927184151e-01,1.596583735118155989e+00
5.538000000000000256e+01,5.681279857163717278e-02,5.099211877299485440e-01,1.596183277067115602e+00
5.539999999999999858e+01,5.671206233880091152e-02,5.139199190284446939e-01,1.595782819016075438e+00
5.542000000000000171e+01,5.661292743814277939e-02,5.179186903469437109e-01,1.595382360965034829e+00
5.543999999999999773e+01,5.651531598639979864e-02,5.219174991483563897e-01,1.595020864026287066e+00
5.546000000000000085e+01,5.641915009814468113e-02,5.259163429747270024e-01,1.594659367087539081e+00
5.547999999999999687e+01,5.632442978594348615e-02,5.299152213034865611e-01,1.594297870148791763e+00
5.550000000000000000e+01,5.623115506217307019e-02,5.339141336120615255e-01,1.593936373210043778e+00
5.552000000000000313e+01,5.613932593902357104e-02,5.379130793778738040e-01,1.593574876271296015e+00
5.553999999999999915e+01,5.604887212807739549e-02,5.419120564928490147e-01,1.593248538480251497e+00
5.556000000000000227e+01,5.595972333928264653e-02,5.459110629133823167e-01,1.592922200689207202e+00
5.557999999999999829e+01,5.587187958213381961e-02,5.499100982135941562e-01,1.592595862898162462e+00
5.560000000000000142e+01,5.578534086598387065e-02,5.539091619676017597e-01,1.592269525107117945e+00
5.561999999999999744e+01,5.570010720005240390e-02,5.579082537495194671e-01,1.591943187316073427e+00
5.564000000000000057e+01,5.561611514896341868e-02,5.619073718047434829e-01,1.591648578706362116e+00
5.565999999999999659e+01,5.553330127611168926e-02,5.659065144311984374e-01,1.591353970096650805e+00
5.567999999999999972e+01,5.545166558868745016e-02,5.699056812817816509e-01,1.591059361486939494e+00
5.570000000000000284e+01,5.537120809377391040e-02,5.739048720093885558e-01,1.590764752877228183e+00
5.571999999999999886e+01,5.529192879835630181e-02,5.779040862669125866e-01,1.590470144267516650e+00
5.574000000000000199e+01,5.521382770931283074e-02,5.819033237072448461e-01,1.590175535657805561e+00
5.575999999999999801e+01,5.513684757451586121e-02,5.859025828842077122e-01,1.589909561776288172e+00
5.578000000000000114e+01,5.506093114091634155e-02,5.899018623944176642e-01,1.589643587894771004e+00
5.579999999999999716e+01,5.498607841388394174e-02,5.939011619549571241e-01,1.589377614013253392e+00
5.582000000000000028e+01,5.491228939871318354e-02,5.979004812829072923e-01,1.589111640131736003e+00
5.584000000000000341e+01,5.483951126775476331e-02,6.018998191364933747e-01,1.588872087035772873e+00
5.585999999999999943e+01,5.476769119263916186e-02,6.058991743095534233e-01,1.588632533939809521e+00
5.588000000000000256e+01,5.469682917748928952e-02,6.098985465725819122e-01,1.588392980843846836e+00
5.589999999999999858e+01,5.462692522637058179e-02,6.138979356960718725e-01,1.588153427747883484e+00
5.592000000000000171e+01,5.455797934329657123e-02,6.178973414505157802e-01,1.587913874651920354e+00
5.593999999999999773e+01,5.448994497731844688e-02,6.218967628164980832e-01,1.587697602357168281e+00
5.596000000000000085e+01,5.442277557696310886e-02,6.258961988028947099e-01,1.587481330062416207e+00
5.597999999999999687e+01,5.435647114536811680e-02,6.298956492226374104e-01,1.587265057767663912e+00
5.600000000000000000e+01,5.429103168563818860e-02,6.338951138886570469e-01,1.587048785472912060e+00
5.602000000000000313e+01,5.422645720083490994e-02,6.378945926138838152e-01,1.586832513178159765e+00
5.603999999999999915e+01,5.416270569992678863e-02,6.418940845435276987e-01,1.586637240561688866e+00
5.606000000000000227e+01,5.409973519148168764e-02,6.458935888458409158e-01,1.586441967945218190e+00
5.607999999999999829e+01,5.403754567790343410e-02,6.498931053683165704e-01,1.586246695328747069e+00
5.610000000000000142e+01,5.397613716156174357e-02,6.538926339584476555e-01,1.586051422712276615e+00
5.611999999999999744e+01,5.391550964479677188e-02,6.578921744637264979e-01,1.585856150095805495e+00
5.614000000000000057e+01,5.385562522653967316e-02,6.618917261654779782e-01,1.585679831285412789e+00
5.615999999999999659e+01,5.379644600540794269e-02,6.658912883638090641e-01,1.585503512475020305e+00
5.617999999999999972e+01,5.373797198324020696e-02,6.698908609343801057e-01,1.585327193664627377e+00
5.620000000000000284e+01,5.368020316185746765e-02,6.738904437528511204e-01,1.585150874854234448e+00
5.621999999999999886e+01,5.362313954305301944e-02,6.778900366948817924e-01,1.584974556043841964e+00
5.624000000000000199e+01,5.356674691585069231e-02,6.818896391548513458e-01,1.584815345300002010e+00
5.625999999999999801e+01,5.351099106904613767e-02,6.858892505424418751e-01,1.584656134556161611e+00
5.628000000000000114e+01,5.345587200404796485e-02,6.898888707562710332e-01,1.584496923812321656e+00
5.629999999999999716e+01,5.340138972225640795e-02,6.938884996949562511e-01,1.584337713068481035e+00
5.632000000000000028e+01,5.334754422505218197e-02,6.978881372571146269e-01,1.584178502324641080e+00
5.634000000000000341e+01,5.329430463134153528e-02,7.018877829311831462e-01,1.584034734170252090e+00
5.635999999999999943e+01,5.324164005985454473e-02,7.058874362180749262e-01,1.583890966015863100e+00
5.638000000000000256e+01,5.318955051168468978e-02,7.098870970351199849e-01,1.583747197861474110e+00
5.639999999999999858e+01,5.313803598790382138e-02,7.138867652996481183e-01,1.583603429707085342e+00
5.642000000000000171e+01,5.308709648957762872e-02,7.178864409289891224e-01,1.583459661552696129e+00
5.643999999999999773e+01,5.303670414052490123e-02,7.218861234899817125e-01,1.583329833117370633e+00
5.646000000000000085e+01,5.298683106442281937e-02,7.258858125596259203e-01,1.583200004682045137e+00
5.647999999999999687e+01,5.293747726211284893e-02,7.298855080705053400e-01,1.583070176246719640e+00
5.650000000000000000e+01,5.288864273442960701e-02,7.338852099552033437e-01,1.582940347811394144e+00
5.652000000000000313e+01,5.284032748219404108e-02,7.378849181463034146e-01,1.582810519376068870e+00
5.653999999999999915e+01,5.279250634093263228e-02,7.418846322760999090e-01,1.582693274479018974e+00
5.656000000000000227e+01,5.274515414607325314e-02,7.458843519851904302e-01,1.582576029581968857e+00
5.657999999999999829e+01,5.269827089825981914e-02,7.498840772185932924e-01,1.582458784684919184e+00
5.660000000000000142e+01,5.265185659814380914e-02,7.538838079213268095e-01,1.582341539787869067e+00
5.661999999999999744e+01,5.260591124636156135e-02,7.578835440384092959e-01,1.582224294890819394e+00
5.664000000000000057e+01,5.256041212561959886e-02,7.618832852569188407e-01,1.582118409685575822e+00
5.665999999999999659e+01,5.251533651855496559e-02,7.658830312706902399e-01,1.582012524480332250e+00
5.667999999999999972e+01,5.247068442567094648e-02,7.698827820348795870e-01,1.581906639275088455e+00
5.670000000000000284e+01,5.242645584746243731e-02,7.738825375046429755e-01,1.581800754069845105e+00
5.671999999999999886e+01,5.238265078443272993e-02,7.778822976351363883e-01,1.581694868864601533e+00
5.674000000000000199e+01,5.233926923707252904e-02,7.818820623815160298e-01,1.581588983659357739e+00
5.675999999999999801e+01,5.229629069657758950e-02,7.858818314789571824e-01,1.581493353686628911e+00
5.678000000000000114e+01,5.225369465408719050e-02,7.898816046681459424e-01,1.581397723713899861e+00
5.679999999999999716e+01,5.221148110999606490e-02,7.938813819125037918e-01,1.581302093741171255e+00
5.682000000000000028e+01,5.216965006468499838e-02,7.978811631754526568e-01,1.581206463768442649e+00
5.684000000000000341e+01,5.212818258854491626e-02,8.018809482244940723e-01,1.581120299297880560e+00
5.685999999999999943e+01,5.208705975192128024e-02,8.058807368317106867e-01,1.581034134827318915e+00
5.688000000000000256e+01,5.204628155511302479e-02,8.098805289674070318e-01,1.580947970356756827e+00
5.689999999999999858e+01,5.200584799843453732e-02,8.138803246018871951e-01,1.580861805886194960e+00
5.692000000000000171e+01,5.196575908217444112e-02,8.178801237054554862e-01,1.580775641415633093e+00
5.693999999999999773e+01,5.192599812043834778e-02,8.218799260828050235e-01,1.580697820453539126e+00
5.696000000000000085e+01,5.188654842729306660e-02,8.258797315422793384e-01,1.580619999491445604e+00
5.697999999999999687e+01,5.184741000297827390e-02,8.298795400596549188e-01,1.580542178529351860e+00
5.700000000000000000e+01,5.180858284772793532e-02,8.338793516107088077e-01,1.580464357567258116e+00
5.702000000000000313e+01,5.177006696177602341e-02,8.378791661712176042e-01,1.580386536605164371e+00
5.703999999999999915e+01,5.173184728888318568e-02,8.418789835732964910e-01,1.580316244225038469e+00
5.706000000000000227e+01,5.169390877276804769e-02,8.458788036520455966e-01,1.580245951844913233e+00
5.707999999999999829e+01,5.165625141362014533e-02,8.498786263877016189e-01,1.580175659464787330e+00
5.710000000000000142e+01,5.161887521162269316e-02,8.538784517605014779e-01,1.580105367084661649e+00
5.711999999999999744e+01,5.158178016696522705e-02,8.578782797506819824e-01,1.580035074704535969e+00
5.714000000000000057e+01,5.154495268543083514e-02,8.618781102134958072e-01,1.579971579807819104e+00
5.715999999999999659e+01,5.150837917279835892e-02,8.658779430066039229e-01,1.579908084911102240e+00
5.717999999999999972e+01,5.147205962920767958e-02,8.698777781138805620e-01,1.579844590014385153e+00
5.720000000000000284e+01,5.143599405480567266e-02,8.738776155191999573e-01,1.579781095117668510e+00
5.721999999999999886e+01,5.140018244974620815e-02,8.778774552064363412e-01,1.579717600220951867e+00
5.724000000000000199e+01,5.136461253924819170e-02,8.818772970504392683e-01,1.579660243022177335e+00
5.725999999999999801e+01,5.132927204853517805e-02,8.858771409280531417e-01,1.579602885823403025e+00
5.728000000000000114e+01,5.129416097771555272e-02,8.898769868261190430e-01,1.579545528624628714e+00
5.729999999999999716e+01,5.125927932691320271e-02,8.938768347314782758e-01,1.579488171425854404e+00
5.732000000000000028e+01,5.122462709624426430e-02,8.978766846309718108e-01,1.579430814227079871e+00
5.734000000000000341e+01,5.119019320189231032e-02,9.018765364161454023e-01,1.579378999191101141e+00
5.735999999999999943e+01,5.115596656005530485e-02,9.058763899801431929e-01,1.579327184155122410e+00
5.738000000000000256e+01,5.112194717082752665e-02,9.098762453122262173e-01,1.579275369119143457e+00
5.739999999999999858e+01,5.108813503428610847e-02,9.138761024016557322e-01,1.579223554083164061e+00
5.742000000000000171e+01,5.105453015052532212e-02,9.178759612376928834e-01,1.579171739047185330e+00
5.743999999999999773e+01,5.102112251078717853e-02,9.218758217260896171e-01,1.579124928612620993e+00
5.746000000000000085e+01,5.098790210629644548e-02,9.258756837739300360e-01,1.579078118178055989e+00
5.747999999999999687e+01,5.095486893711954207e-02,9.298755473724499288e-01,1.579031307743491430e+00
5.750000000000000000e+01,5.092202300334184445e-02,9.338754125128844175e-01,1.578984497308927093e+00
5.752000000000000313e+01,5.088936430501078689e-02,9.378752791864692906e-01,1.578937686874362534e+00
5.753999999999999915e+01,5.085689284222124490e-02,9.418751473844394484e-01,1.578890876439797974e+00
5.756000000000000227e+01,5.082459957662264355e-02,9.458750170251346567e-01,1.578848585359093670e+00
5.757999999999999829e+01,5.079247546985823925e-02,9.498748880279700435e-01,1.578806294278389810e+00
5.760000000000000142e+01,5.076052052199103715e-02,9.538747603857915536e-01,1.578764003197685506e+00
5.761999999999999744e+01,5.072873473307354386e-02,9.578746340914453539e-01,1.578721712116981646e+00
5.764000000000000057e+01,5.069710975830119676e-02,9.618745090718662238e-01,1.578683593601622359e+00
5.765999999999999659e+01,5.066563725285343905e-02,9.658743852548780096e-01,1.578645475086263072e+00
5.767999999999999972e+01,5.063431721675357156e-02,9.698742626346691376e-01,1.578607356570903564e+00
5.770000000000000284e+01,5.060314965008314014e-02,9.738741412054275903e-01,1.578569238055544499e+00
5.771999999999999886e+01,5.057213455285380216e-02,9.778740209613414613e-01,1.578531119540185212e+00
5.774000000000000199e+01,5.054126456710967413e-02,9.818739018398640050e-01,1.578496680140610620e+00
5.775999999999999801e+01,5.051053233488878025e-02,9.858737837791582415e-01,1.578462240741036027e+00
5.778000000000000114e+01,5.047993785621691237e-02,9.898736667744800766e-01,1.578427801341461434e+00
5.779999999999999716e+01,5.044948113113274790e-02,9.938735508210853054e-01,1.578393361941886841e+00
5.782000000000000028e+01,5.041916215967497811e-02,9.978734359142297228e-01,1.578358922542312248e+00
5.784000000000000341e+01,5.038897430049457671e-02,1.001873321999099620e+00,1.578327803925984263e+00
5.785999999999999943e+01,5.035891091223932553e-02,1.005873209021437287e+00,1.578296685309656278e+00
5.788000000000000256e+01,5.032897199495203755e-02,1.009873096977369267e+00,1.578265566693328292e+00
5.789999999999999858e+01,5.029915754867552574e-02,1.013872985863022214e+00,1.578234448077000307e+00
5.792000000000000171e+01,5.026946757339551680e-02,1.017872875674522781e+00,1.578203329460672322e+00
5.793999999999999773e+01,5.023989607089344306e-02,1.021872766363669083e+00,1.578175210072207069e+00
5.796000000000000085e+01,5.021043704287318082e-02,1.025872657882766603e+00,1.578147090683741816e+00
5.797999999999999687e+01,5.018109048938210887e-02,1.029872550228652761e+00,1.578118971295276562e+00
5.800000000000000000e+01,5.015185641040443426e-02,1.033872443398164531e+00,1.578090851906811087e+00
5.802000000000000313e+01,5.012273480600332870e-02,1.037872337388139332e+00,1.578062732518345834e+00
5.803999999999999915e+01,5.009372025841848930e-02,1.041872232156164424e+00,1.578037322088389427e+00
5.806000000000000227e+01,5.006480734987881626e-02,1.045872127660170126e+00,1.578011911658432576e+00
5.807999999999999829e+01,5.003599608041926772e-02,1.049872023897574058e+00,1.577986501228476168e+00
5.810000000000000142e+01,5.000728645003984368e-02,1.053871920865793399e+00,1.577961090798519539e+00
5.811999999999999744e+01,4.997867845879297444e-02,1.057871818562245325e+00,1.577935680368562910e+00
5.814000000000000057e+01,4.995017210666118784e-02,1.061871716984347236e+00,1.577910269938606058e+00
5.815999999999999659e+01,4.992176250002046400e-02,1.065871616094773877e+00,1.577887306392013800e+00
5.817999999999999972e+01,4.989344474527267204e-02,1.069871515856531063e+00,1.577864342845421985e+00
5.820000000000000284e+01,4.986521884241781194e-02,1.073871416267509815e+00,1.577841379298829727e+00
5.821999999999999886e+01,4.983708479147522241e-02,1.077871317325600931e+00,1.577818415752237247e+00
5.824000000000000199e+01,4.980904259244490345e-02,1.081871219028694986e+00,1.577795452205644988e+00
5.825999999999999801e+01,4.978108772613057398e-02,1.085871121343129797e+00,1.577774748328000687e+00
5.828000000000000114e+01,4.975321567329104439e-02,1.089871024235481434e+00,1.577754044450356385e+00
5.829999999999999716e+01,4.972542643396921092e-02,1.093870927704035489e+00,1.577733340572712084e+00
5.832000000000000028e+01,4.969772000818652169e-02,1.097870831747077114e+00,1.577712636695068005e+00
5.834000000000000341e+01,4.967009231884903647e-02,1.101870736334715550e+00,1.577693971397549078e+00
5.835999999999999943e+01,4.964253928891350365e-02,1.105870641437336266e+00,1.577675306100029928e+00
5.838000000000000256e+01,4.961506091842751709e-02,1.109870547053545708e+00,1.577656640802511223e+00
5.839999999999999858e+01,4.958765720736727639e-02,1.113870453181950326e+00,1.577637975504991852e+00
5.842000000000000171e+01,4.956032815573278155e-02,1.117870359821156567e+00,1.577619310207473147e+00
5.843999999999999773e+01,4.953307017180090532e-02,1.121870266945313555e+00,1.577602440829738439e+00
5.846000000000000085e+01,4.950587966382991728e-02,1.125870174528726730e+00,1.577585571452003954e+00
5.847999999999999687e+01,4.947875663181982436e-02,1.129870082570257672e+00,1.577568702074269691e+00
5.850000000000000000e+01,4.945170107574429347e-02,1.133869991068768179e+00,1.577551832696535428e+00
5.852000000000000313e+01,4.942471299568231002e-02,1.137869900023119829e+00,1.577534963318800720e+00
5.853999999999999915e+01,4.939778914878416999e-02,1.141869809410382075e+00,1.577519715369909425e+00
5.856000000000000227e+01,4.937092629230298985e-02,1.145869719207712745e+00,1.577504467421017686e+00
5.857999999999999829e+01,4.934412442623876960e-02,1.149869629414181693e+00,1.577489219472126170e+00
5.860000000000000142e+01,4.931738355062063872e-02,1.153869540028859220e+00,1.577473971523234653e+00
5.861999999999999744e+01,4.929070366544859028e-02,1.157869451050815179e+00,1.577458723574343358e+00
5.864000000000000057e+01,4.926408477069350172e-02,1.161869362479119872e+00,1.577443475625451619e+00
5.865999999999999659e+01,4.923752393676425476e-02,1.165869274293397817e+00,1.577429692531850502e+00
5.867999999999999972e+01,4.921101823396276803e-02,1.169869186473386558e+00,1.577415909438249386e+00
5.870000000000000284e+01,4.918456766235348304e-02,1.173869099018326034e+00,1.577402126344648270e+00
5.871999999999999886e+01,4.915817222190417557e-02,1.177869011927455967e+00,1.577388343251047154e+00
5.874000000000000199e+01,4.913182920658538955e-02,1.181868925182178343e+00,1.577375913224926762e+00
5.875999999999999801e+01,4.910553591025392656e-02,1.185868838764035704e+00,1.577363483198805927e+00
5.878000000000000114e+01,4.907929233298125027e-02,1.189868752672410768e+00,1.577351053172685313e+00
5.879999999999999716e+01,4.905309847473163232e-02,1.193868666906684917e+00,1.577338623146564478e+00
5.882000000000000028e+01,4.902695433550506576e-02,1.197868581466240423e+00,1.577326193120443865e+00
5.884000000000000341e+01,4.900085752816362578e-02,1.201868496334900671e+00,1.577314956719974237e+00
5.885999999999999943e+01,4.897480566546708047e-02,1.205868411496542114e+00,1.577303720319504610e+00
5.888000000000000256e+01,4.894879874737590592e-02,1.209868326950660711e+00,1.577292483919034760e+00
5.889999999999999858e+01,4.892283677396914998e-02,1.213868242696750643e+00,1.577281247518564689e+00
5.892000000000000171e+01,4.889691974520728873e-02,1.217868158734306983e+00,1.577270011118094839e+00
5.893999999999999773e+01,4.887104550543679149e-02,1.221868075048873514e+00,1.577259852595694012e+00
5.896000000000000085e+01,4.884521189883229281e-02,1.225867991626077735e+00,1.577249694073293407e+00
5.897999999999999687e+01,4.881941892552493084e-02,1.229867908465506643e+00,1.577239535550893024e+00
5.900000000000000000e+01,4.879366658547099750e-02,1.233867825566747678e+00,1.577229377028492197e+00
5.902000000000000313e+01,4.876795487862677081e-02,1.237867742929388282e+00,1.577219218506091813e+00
5.903999999999999915e+01,4.874228185714100242e-02,1.241867660540494800e+00,1.577210033952886281e+00
5.906000000000000227e+01,4.871664557312060245e-02,1.245867578387227503e+00,1.577200849399680749e+00
5.907999999999999829e+01,4.869104602656556396e-02,1.249867496469249772e+00,1.577191664846475216e+00
5.910000000000000142e+01,4.866548321747589390e-02,1.253867414786223433e+00,1.577182480293269462e+00
5.911999999999999744e+01,4.863995714585158531e-02,1.257867333337811422e+00,1.577173295740064152e+00
5.914000000000000057e+01,4.861446605146246824e-02,1.261867252112488735e+00,1.577164991317903331e+00
5.915999999999999659e+01,4.858900817410252010e-02,1.265867171098716826e+00,1.577156686895742510e+00
5.917999999999999972e+01,4.856358351371826282e-02,1.269867090296219914e+00,1.577148382473581689e+00
5.920000000000000284e+01,4.853819207041665251e-02,1.273867009704722220e+00,1.577140078051420868e+00
5.921999999999999886e+01,4.851283384409073307e-02,1.277866929323947964e+00,1.577131773629260048e+00
5.924000000000000199e+01,4.848750724404828072e-02,1.281866849143544096e+00,1.577124264578766422e+00
5.925999999999999801e+01,4.846221067964656681e-02,1.285866769153206413e+00,1.577116755528273018e+00
5.928000000000000114e+01,4.843694415082645116e-02,1.289866689352709317e+00,1.577109246477779170e+00
5.929999999999999716e+01,4.841170765764707395e-02,1.293866609741826990e+00,1.577101737427285766e+00
5.932000000000000028e+01,4.838650120004929500e-02,1.297866530320333833e+00,1.577094228376792140e+00
5.934000000000000341e+01,4.836132334048961340e-02,1.301866451078948606e+00,1.577087438135562403e+00
5.935999999999999943e+01,4.833617264128516056e-02,1.305866372008435583e+00,1.577080647894332888e+00
5.938000000000000256e+01,4.831104910256673463e-02,1.309866293108609137e+00,1.577073857653103373e+00
5.939999999999999858e+01,4.828595272426893653e-02,1.313866214379285413e+00,1.577067067411873635e+00
5.942000000000000171e+01,4.826088350639176627e-02,1.317866135820279894e+00,1.577060277170644342e+00
5.943999999999999773e+01,4.823584014972024520e-02,1.321866057423328300e+00,1.577054136577640264e+00
5.946000000000000085e+01,4.821082135488531650e-02,1.325865979180082643e+00,1.577047995984636186e+00
5.947999999999999687e+01,4.818582712195931123e-02,1.329865901090392155e+00,1.577041855391632108e+00
5.950000000000000000e+01,4.816085745094222242e-02,1.333865823154105179e+00,1.577035714798627808e+00
5.952000000000000313e+01,4.813591234183405704e-02,1.337865745371071613e+00,1.577029574205623952e+00
5.953999999999999915e+01,4.811099062023112272e-02,1.341865667733867173e+00,1.577024020783036162e+00
5.956000000000000227e+01,4.808609111195464442e-02,1.345865590235001630e+00,1.577018467360449039e+00
5.957999999999999829e+01,4.806121381692465833e-02,1.349865512874352413e+00,1.577012913937861027e+00
5.960000000000000142e+01,4.803635873514115751e-02,1.353865435651795623e+00,1.577007360515273682e+00
5.961999999999999744e+01,4.801152586660414889e-02,1.357865358567207803e+00,1.577001807092686114e+00
5.964000000000000057e+01,4.798671414989533895e-02,1.361865281613859446e+00,1.576996784397705520e+00
5.965999999999999659e+01,4.796192252363021963e-02,1.365865204785082332e+00,1.576991761702724926e+00
5.967999999999999972e+01,4.793715098772038247e-02,1.369865128080775651e+00,1.576986739007744331e+00
5.970000000000000284e+01,4.791239954225424286e-02,1.373865051500837930e+00,1.576981716312763959e+00
5.971999999999999886e+01,4.788766818714337847e-02,1.377864975045168805e+00,1.576976693617783143e+00
5.974000000000000199e+01,4.786295596297580890e-02,1.381864898707660272e+00,1.576972150657447669e+00
5.975999999999999801e+01,4.783826191026059604e-02,1.385864822482377967e+00,1.576967607697112195e+00
5.978000000000000114e+01,4.781358602909549504e-02,1.389864746369237736e+00,1.576963064736776721e+00
5.979999999999999716e+01,4.778892831938275770e-02,1.393864670368157865e+00,1.576958521776441247e+00
5.982000000000000028e+01,4.776428878122013222e-02,1.397864594479056644e+00,1.576953978816105773e+00
5.984000000000000341e+01,4.773966654719910552e-02,1.401864518696616990e+00,1.576949869519072900e+00
5.985999999999999943e+01,4.771506075009950693e-02,1.405864443015323539e+00,1.576945760222039583e+00
5.988000000000000256e+01,4.769047138992133644e-02,1.409864367435109456e+00,1.576941650925006488e+00
5.989999999999999858e+01,4.766589846655652773e-02,1.413864291955905683e+00,1.576937541627973394e+00
5.992000000000000171e+01,4.764134198000508080e-02,1.417864216577646275e+00,1.576933432330940299e+00
5.993999999999999773e+01,4.761680114635936240e-02,1.421864141295275275e+00,1.576929715070628513e+00
5.996000000000000085e+01,4.759227518143262919e-02,1.425864066104102212e+00,1.576925997810316504e+00
5.997999999999999687e+01,4.756776408534434120e-02,1.429863991004069357e+00,1.576922280550005162e+00
6.000000000000000000e+01,4.754326785797503840e-02,1.433863915995124305e+00,1.576918563289692932e+00
6.002000000000000313e+01,4.751878649932472082e-02,1.437863841077209992e+00,1.576914846029381367e+00
6.003999999999999915e+01,4.749432000951285537e-02,1.441863766250271572e+00,1.576911128769069581e+00
6.006000000000000227e+01,4.746986767955609088e-02,1.445863691510095750e+00,1.576907765933160288e+00
6.007999999999999829e+01,4.744542880075779817e-02,1.449863616852126169e+00,1.576904403097250551e+00
6.010000000000000142e+01,4.742100337298592316e-02,1.453863542276318199e+00,1.576901040261341036e+00
6.011999999999999744e+01,4.739659139637251994e-02,1.457863467782626543e+00,1.576897677425431521e+00
6.014000000000000057e+01,4.737219221557011778e-02,1.461863393366976682e+00,1.576894642189707429e+00
6.015999999999999659e+01,4.734780517553103391e-02,1.465863319025366041e+00,1.576891606953983338e+00
6.017999999999999972e+01,4.732343027625526832e-02,1.469863244757757981e+00,1.576888571718259469e+00
6.020000000000000284e+01,4.729906751759651445e-02,1.473863170564113867e+00,1.576885536482534933e+00
6.021999999999999886e+01,4.727471689984739239e-02,1.477863096444399060e+00,1.576882501246811064e+00
6.024000000000000199e+01,4.725037784425210191e-02,1.481863022395112583e+00,1.576879755214928513e+00
6.025999999999999801e+01,4.722604977254058617e-02,1.485862948412646878e+00,1.576877009183045963e+00
6.028000000000000114e+01,4.720173268487456997e-02,1.489862874496971745e+00,1.576874263151163413e+00
6.029999999999999716e+01,4.717742658109232851e-02,1.493862800648056766e+00,1.576871517119280863e+00
6.032000000000000028e+01,4.715313146119386178e-02,1.497862726865872851e+00,1.576868771087398313e+00
6.034000000000000341e+01,4.712884680264901177e-02,1.501862653147276294e+00,1.576866286398660444e+00
6.035999999999999943e+01,4.710457208258226475e-02,1.505862579489006814e+00,1.576863801709922575e+00
6.038000000000000256e+01,4.708030730117234580e-02,1.509862505891040652e+00,1.576861317021184927e+00
6.039999999999999858e+01,4.705605245824052291e-02,1.513862432353352716e+00,1.576858832332446836e+00
6.042000000000000171e+01,4.703180755396552809e-02,1.517862358875917916e+00,1.576856347643708967e+00
6.043999999999999773e+01,4.700757211551271492e-02,1.521862285455566566e+00,1.576854099272480658e+00
6.046000000000000085e+01,4.698334567055427458e-02,1.525862212089694081e+00,1.576851850901252350e+00
6.047999999999999687e+01,4.695912821889269145e-02,1.529862138778282032e+00,1.576849602530024042e+00
6.050000000000000000e+01,4.693491976033044993e-02,1.533862065521308882e+00,1.576847354158795733e+00
6.052000000000000313e+01,4.691072029526258819e-02,1.537861992318755977e+00,1.576845105787567647e+00
6.053999999999999915e+01,4.688652939620041593e-02,1.541861919168285189e+00,1.576843071119716333e+00
6.056000000000000227e+01,4.686234663544659729e-02,1.545861846067025480e+00,1.576841036451865241e+00
6.057999999999999829e+01,4.683817201343765807e-02,1.549861773014961530e+00,1.576839001784014149e+00
6.060000000000000142e+01,4.681400552973707246e-02,1.553861700012077796e+00,1.576836967116163057e+00
6.061999999999999744e+01,4.678984718478135935e-02,1.557861627058354070e+00,1.576834932448311744e+00
6.064000000000000057e+01,4.676569659155373204e-02,1.561861554151307008e+00,1.576833091044830493e+00
6.065999999999999659e+01,4.674155336410594497e-02,1.565861481288721713e+00,1.576831249641349020e+00
6.067999999999999972e+01,4.671741750195566173e-02,1.569861408470588859e+00,1.576829408237867325e+00
6.070000000000000284e+01,4.669328900534405746e-02,1.573861335696891350e+00,1.576827566834386074e+00
6.071999999999999886e+01,4.666916787402995703e-02,1.577861262967617861e+00,1.576825725430904601e+00
6.074000000000000199e+01,4.664505375876409898e-02,1.581861190280383855e+00,1.576824058817720475e+00
6.075999999999999801e+01,4.662094630984647131e-02,1.585861117633329265e+00,1.576822392204536349e+00
6.078000000000000114e+01,4.659684552727707402e-02,1.589861045026450093e+00,1.576820725591352224e+00
6.079999999999999716e+01,4.657275141105590710e-02,1.593860972459729686e+00,1.576819058978168098e+00
6.082000000000000028e+01,4.654866396118297056e-02,1.597860899933161827e+00,1.576817392364984194e+00
6.084000000000000341e+01,4.652458286142443361e-02,1.601860827444987923e+00,1.576815883843229793e+00
6.085999999999999943e+01,4.650050779571646142e-02,1.605860754993138517e+00,1.576814375321475614e+00
6.088000000000000256e+01,4.647643876376465755e-02,1.609860682577602287e+00,1.576812866799721657e+00
6.089999999999999858e+01,4.645237576586341149e-02,1.613860610198369905e+00,1.576811358277967257e+00
6.092000000000000171e+01,4.642831880201272327e-02,1.617860537855432268e+00,1.576809849756213078e+00
6.093999999999999773e+01,4.640426758635075866e-02,1.621860465547089847e+00,1.576808484230881602e+00
6.096000000000000085e+01,4.638022183234814105e-02,1.625860393271586490e+00,1.576807118705550126e+00
6.097999999999999687e+01,4.635618154065529462e-02,1.629860321028914649e+00,1.576805753180218650e+00
6.100000000000000000e+01,4.633214671062179518e-02,1.633860248819066552e+00,1.576804387654887174e+00
6.102000000000000313e+01,4.630811734289807385e-02,1.637860176642034649e+00,1.576803022129555698e+00
6.103999999999999915e+01,4.628409317823297536e-02,1.641860104496597250e+00,1.576801785954766943e+00
6.106000000000000227e+01,4.626007395821157830e-02,1.645860032380853655e+00,1.576800549779978411e+00
6.107999999999999829e+01,4.623605968283388962e-02,1.649859960294801198e+00,1.576799313605190322e+00
6.110000000000000142e+01,4.621205035209990236e-02,1.653859888238428555e+00,1.576798077430401346e+00
6.111999999999999744e+01,4.618804596600961654e-02,1.657859816211732840e+00,1.576796841255613035e+00
6.114000000000000057e+01,4.616404652456303909e-02,1.661859744214708501e+00,1.576795605080824725e+00
6.115999999999999659e+01,4.614005179370812837e-02,1.665859672245307177e+00,1.576794485920061994e+00
6.117999999999999972e+01,4.611606153921670587e-02,1.669859600302758595e+00,1.576793366759299930e+00
6.120000000000000284e+01,4.609207576148557917e-02,1.673859528387053208e+00,1.576792247598537644e+00
6.121999999999999886e+01,4.606809446051474827e-02,1.677859456498191015e+00,1.576791128437775580e+00
6.124000000000000199e+01,4.604411741922637830e-02,1.681859384635269850e+00,1.576790117503573896e+00
6.125999999999999801e+01,4.602014442200463157e-02,1.685859312796581522e+00,1.576789106569373100e+00
6.128000000000000114e+01,4.599617546797094003e-02,1.689859240982129363e+00,1.576788095635171860e+00
6.129999999999999716e+01,4.597221055800387868e-02,1.693859169191906489e+00,1.576787084700970398e+00
6.132000000000000028e+01,4.594824969122487252e-02,1.697859097425906238e+00,1.576786073766769158e+00
6.134000000000000341e+01,4.592429267727698994e-02,1.701859025683318594e+00,1.576785158438305467e+00
6.135999999999999943e+01,4.590033932490132640e-02,1.705858953962654523e+00,1.576784243109842221e+00
6.138000000000000256e+01,4.587638963312753310e-02,1.709858882263914026e+00,1.576783327781378752e+00
6.139999999999999858e+01,4.585244360292595189e-02,1.713858810587097103e+00,1.576782412452915061e+00
6.142000000000000171e+01,4.582850123381141533e-02,1.717858738932192431e+00,1.576781497124451814e+00
6.143999999999999773e+01,4.580456235336062554e-02,1.721858667297928136e+00,1.576780668248217498e+00
6.146000000000000085e+01,4.578062678827093945e-02,1.725858595683508412e+00,1.576779839371983183e+00
6.147999999999999687e+01,4.575669453854236401e-02,1.729858524088920602e+00,1.576779010495748867e+00
6.150000000000000000e+01,4.573276560417489228e-02,1.733858452514173143e+00,1.576778181619514330e+00
6.152000000000000313e+01,4.570883998516853119e-02,1.737858380959257598e+00,1.576777352743280458e+00
6.153999999999999915e+01,4.568491752492748192e-02,1.741858309423104600e+00,1.576776602092820223e+00
6.156000000000000227e+01,4.566099806767777436e-02,1.745858237904912347e+00,1.576775851442360432e+00
6.157999999999999829e+01,4.563708161282779840e-02,1.749858166404671511e+00,1.576775100791900419e+00
6.160000000000000142e+01,4.561316816096915722e-02,1.753858094922382316e+00,1.576774350141440406e+00
6.161999999999999744e+01,4.558925771091864448e-02,1.757858023458044539e+00,1.576773599490980171e+00
6.164000000000000057e+01,4.556535012261352796e-02,1.761857952010703832e+00,1.576772919628324887e+00
6.165999999999999659e+01,4.554144525294470669e-02,1.765857880579611461e+00,1.576772239765669603e+00
6.167999999999999972e+01,4.551754310321859398e-02,1.769857809164772755e+00,1.576771559903014319e+00
6.170000000000000284e+01,4.549364367278198318e-02,1.773857737766182385e+00,1.576770880040359257e+00
6.171999999999999886e+01,4.546974696163487428e-02,1.777857666383840574e+00,1.576770200177703751e+00
6.174000000000000199e+01,4.544585284165371386e-02,1.781857595017375617e+00,1.576769584376428668e+00
6.175999999999999801e+01,4.542196118514381376e-02,1.785857523665621116e+00,1.576768968575153584e+00
6.178000000000000114e+01,4.539807199138400778e-02,1.789857452328577070e+00,1.576768352773878501e+00
6.179999999999999716e+01,4.537418526109546213e-02,1.793857381006243479e+00,1.576767736972603418e+00
6.182000000000000028e+01,4.535030099427816985e-02,1.797857309698620343e+00,1.576767121171328334e+00
6.184000000000000341e+01,4.532641907435904643e-02,1.801857238404815709e+00,1.576766563348112493e+00
6.185999999999999943e+01,4.530253938514300360e-02,1.805857167124333529e+00,1.576766005524896652e+00
6.188000000000000256e+01,4.527866192822226771e-02,1.809857095857173803e+00,1.576765447701681033e+00
6.189999999999999858e+01,4.525478670200461240e-02,1.813857024603330315e+00,1.576764889878465192e+00
6.192000000000000171e+01,4.523091370649003767e-02,1.817856953362803063e+00,1.576764332055249351e+00
6.193999999999999773e+01,4.520704283769764326e-02,1.821856882134876399e+00,1.576763826708065475e+00
6.196000000000000085e+01,4.518317399097899340e-02,1.825856810919005646e+00,1.576763321360881820e+00
6.197999999999999687e+01,4.515930716457652871e-02,1.829856739715204350e+00,1.576762816013698387e+00
6.200000000000000000e+01,4.513544236024780859e-02,1.833856668523451861e+00,1.576762310666514511e+00
6.202000000000000313e+01,4.511157957711404987e-02,1.837856597343768827e+00,1.576761805319330856e+00
6.203999999999999915e+01,4.508771872014007143e-02,1.841856526175648767e+00,1.576761347471629326e+00
6.206000000000000227e+01,4.506385969443099659e-02,1.845856455018455744e+00,1.576760889623927131e+00
6.207999999999999829e+01,4.504000249998682537e-02,1.849856383872189758e+00,1.576760431776225602e+00
6.210000000000000142e+01,4.501614713777751103e-02,1.853856312736843259e+00,1.576759973928523850e+00
6.211999999999999744e+01,4.499229360586315396e-02,1.857856241612416248e+00,1.576759516080822099e+00
6.214000000000000057e+01,4.496844181995527517e-02,1.861856170499137875e+00,1.576759101231047566e+00
6.215999999999999659e+01,4.494459169329447640e-02,1.865856099395753143e+00,1.576758686381273034e+00
6.217999999999999972e+01,4.492074322588075069e-02,1.869856028302253614e+00,1.576758271531498723e+00
6.220000000000000284e+01,4.489689641771410500e-02,1.873855957218655943e+00,1.576757856681723968e+00
6.221999999999999886e+01,4.487305126986501635e-02,1.877855886144951914e+00,1.576757441831949658e+00
6.224000000000000199e+01,4.484920770222389913e-02,1.881855815080803351e+00,1.576757065907993471e+00
6.225999999999999801e+01,4.482536563841235666e-02,1.885855744025616287e+00,1.576756689984037507e+00
6.228000000000000114e+01,4.480152507961172176e-02,1.889855672979399825e+00,1.576756314060081765e+00
6.229999999999999716e+01,4.477768602345933574e-02,1.893855601942135758e+00,1.576755938136125357e+00
6.232000000000000028e+01,4.475384846995520555e-02,1.897855530913832967e+00,1.576755562212169615e+00
6.234000000000000341e+01,4.473001235149872551e-02,1.901855459892925815e+00,1.576755221530143247e+00
6.235999999999999943e+01,4.470617759523099616e-02,1.905855388880135282e+00,1.576754880848117546e+00
6.238000000000000256e+01,4.468234420115202443e-02,1.909855317875461145e+00,1.576754540166090957e+00
6.239999999999999858e+01,4.465851216926180339e-02,1.913855246878913841e+00,1.576754199484065033e+00
6.242000000000000171e+01,4.463468150086386671e-02,1.917855175890472719e+00,1.576753858802039110e+00
6.243999999999999773e+01,4.461085213168129032e-02,1.921855104911195156e+00,1.576753550029092121e+00
6.246000000000000085e+01,4.458702399794578497e-02,1.925855033939277261e+00,1.576753241256145355e+00
6.247999999999999687e+01,4.456319709821910530e-02,1.929854962974719035e+00,1.576752932483198588e+00
6.250000000000000000e+01,4.453937143393948972e-02,1.933854892017509375e+00,1.576752623710251822e+00
6.252000000000000313e+01,4.451554700510694518e-02,1.937854821067659383e+00,1.576752314937304833e+00
6.253999999999999915e+01,4.449172375247070765e-02,1.941854750124690554e+00,1.576752035057965129e+00
6.256000000000000227e+01,4.446790162005642699e-02,1.945854679188390834e+00,1.576751755178624981e+00
6.257999999999999829e+01,4.444408060627738632e-02,1.949854608258760225e+00,1.576751475299285277e+00
6.260000000000000142e+01,4.442026071430702633e-02,1.953854537335798947e+00,1.576751195419945351e+00
6.261999999999999744e+01,4.439644193938518946e-02,1.957854466419494344e+00,1.576750915540605424e+00
6.264000000000000057e+01,4.437262423263457073e-02,1.961854395509097904e+00,1.576750661826377575e+00
6.265999999999999659e+01,4.434880754108812273e-02,1.965854324604759285e+00,1.576750408112149726e+00
6.267999999999999972e+01,4.432499186299548866e-02,1.969854253706451175e+00,1.576750154397922099e+00
6.270000000000000284e+01,4.430117720185737518e-02,1.973854182814173575e+00,1.576749900683694028e+00
6.271999999999999886e+01,4.427736355417307562e-02,1.977854111927953795e+00,1.576749646969466179e+00
6.274000000000000199e+01,4.425355087406927096e-02,1.981854041045544523e+00,1.576749416951383820e+00
6.275999999999999801e+01,4.422973911489546522e-02,1.985853970168625526e+00,1.576749186933301017e+00
6.278000000000000114e+01,4.420592827472099445e-02,1.989853899297166828e+00,1.576748956915218436e+00
6.279999999999999716e+01,4.418211835354585171e-02,1.993853828431198405e+00,1.576748726897136077e+00
6.282000000000000028e+01,4.415830935523137879e-02,1.997853757570690059e+00,1.576748496879053496e+00
6.284000000000000341e+01,4.413450123232420114e-02,2.001853686717914194e+00,1.576748288322813218e+00
6.285999999999999943e+01,4.411069394412218958e-02,2.005853615870112350e+00,1.576748079766573607e+00
6.288000000000000256e+01,4.408688748849599187e-02,2.009853545027267874e+00,1.576747871210333773e+00
6.289999999999999858e+01,4.406308186970430557e-02,2.013853474189397197e+00,1.576747662654093940e+00
6.292000000000000171e+01,4.403927708348843312e-02,2.017853403356483888e+00,1.576747454097854106e+00
6.293999999999999773e+01,4.401547309199305841e-02,2.021853332528417369e+00,1.576747264981415375e+00
6.296000000000000085e+01,4.399166985897651205e-02,2.025853261704864128e+00,1.576747075864975978e+00
6.297999999999999687e+01,4.396786738209056133e-02,2.029853190885805514e+00,1.576746886748537246e+00
6.300000000000000000e+01,4.394406565898697353e-02,2.033853120071259735e+00,1.576746697632098515e+00
6.302000000000000313e+01,4.392026469436221409e-02,2.037853049261208582e+00,1.576746508515659562e+00
6.303999999999999915e+01,4.389646445175907075e-02,2.041852978455059642e+00,1.576746337008941845e+00
6.306000000000000227e+01,4.387266489533103719e-02,2.045852907652996766e+00,1.576746165502224573e+00
6.307999999999999829e+01,4.384886602248876802e-02,2.049852836855020399e+00,1.576745993995506856e+00
6.310000000000000142e+01,4.382506783841095405e-02,2.053852766061130541e+00,1.576745822488789361e+00
6.311999999999999744e+01,4.380127033791890445e-02,2.057852695271306320e+00,1.576745650982071645e+00
6.314000000000000057e+01,4.377747349304070973e-02,2.061852624485938978e+00,1.576745495428608868e+00
6.315999999999999659e+01,4.375367727053019323e-02,2.065852553704274452e+00,1.576745339875145646e+00
6.317999999999999972e+01,4.372988167038735496e-02,2.069852482926289650e+00,1.576745184321682869e+00
6.320000000000000284e+01,4.370608668975729805e-02,2.073852412152029867e+00,1.576745028768219870e+00
6.321999999999999886e+01,4.368229233434981623e-02,2.077852341381450252e+00,1.576744873214756870e+00
6.324000000000000199e+01,4.365849857105331272e-02,2.081852270613195444e+00,1.576744732115102687e+00
6.325999999999999801e+01,4.363470537113146169e-02,2.085852199848284627e+00,1.576744591015448060e+00
6.328000000000000114e+01,4.361091273773160665e-02,2.089852129086718246e+00,1.576744449915793878e+00
6.329999999999999716e+01,4.358712066770640409e-02,2.093852058328520283e+00,1.576744308816139251e+00
6.332000000000000028e+01,4.356332916105585401e-02,2.097851987573691179e+00,1.576744167716484624e+00
6.334000000000000341e+01,4.353953819342114284e-02,2.101851916820133059e+00,1.576744039713303236e+00
6.335999999999999943e+01,4.351574773925181300e-02,2.105851846069610733e+00,1.576743911710121626e+00
6.338000000000000256e+01,4.349195779507850773e-02,2.109851775322151290e+00,1.576743783706940016e+00
6.339999999999999858e+01,4.346816836437059073e-02,2.113851704577727197e+00,1.576743655703758185e+00
6.342000000000000171e+01,4.344437942018000015e-02,2.117851633835882819e+00,1.576743539568174590e+00
6.343999999999999773e+01,4.342059094250347306e-02,2.121851563096816662e+00,1.576743423432590774e+00
6.346000000000000085e+01,4.339680292751713075e-02,2.125851492360498973e+00,1.576743307297006957e+00
6.347999999999999687e+01,4.337301537904485887e-02,2.129851421626929753e+00,1.576743191161422919e+00
6.350000000000000000e+01,4.334922829326276483e-02,2.133851350896138754e+00,1.576743075025839103e+00
6.352000000000000313e+01,4.332544167399474122e-02,2.137851280168126422e+00,1.576742958890255508e+00
6.353999999999999915e+01,4.330165549717191614e-02,2.141851209441026693e+00,1.576742853268923605e+00
6.356000000000000227e+01,4.327786974080317928e-02,2.145851138716423190e+00,1.576742747647591925e+00
6.357999999999999829e+01,4.325408440909307706e-02,2.149851067994349219e+00,1.576742642026260022e+00
6.360000000000000142e+01,4.323029950204160254e-02,2.153850997274771473e+00,1.576742536404927897e+00
6.361999999999999744e+01,4.320651501544421624e-02,2.157850926557723259e+00,1.576742430783595994e+00
6.364000000000000057e+01,4.318273093128149887e-02,2.161850855846051189e+00,1.576742334926801270e+00
6.365999999999999659e+01,4.315894722701167641e-02,2.165850785136623102e+00,1.576742239070006768e+00
6.367999999999999972e+01,4.313516391190042737e-02,2.169850714429474969e+00,1.576742143213211822e+00
6.370000000000000284e+01,4.311138097668207325e-02,2.173850643724607234e+00,1.576742047356417320e+00
6.371999999999999886e+01,4.308759842598945677e-02,2.177850573022055869e+00,1.576741951499622152e+00
6.374000000000000199e+01,4.306381625982257100e-02,2.181850502321748486e+00,1.576741855642827650e+00
6.375999999999999801e+01,4.304003445858897714e-02,2.185850431623132195e+00,1.576741768642032859e+00
6.378000000000000114e+01,4.301625300445642563e-02,2.189850360926589357e+00,1.576741681641237847e+00
6.379999999999999716e+01,4.299247190252934031e-02,2.193850290232120415e+00,1.576741594640443278e+00
6.382000000000000028e+01,4.296869114259886657e-02,2.197850219539724925e+00,1.576741507639648487e+00
6.384000000000000341e+01,4.294491071983352892e-02,2.201850148855041489e+00,1.576741428846326842e+00
6.385999999999999943e+01,4.292113060705519956e-02,2.205850078172207240e+00,1.576741350053005419e+00
6.388000000000000256e+01,4.289735080990001587e-02,2.209850007491266588e+00,1.576741271259683330e+00
6.389999999999999858e+01,4.287357133400410136e-02,2.213849936812175123e+00,1.576741192466361685e+00
6.392000000000000171e+01,4.284979216809520208e-02,2.217849866134977255e+00,1.576741113673040262e+00
6.393999999999999773e+01,4.282601330329512818e-02,2.221849795452041754e+00,1.576741042145398231e+00
6.396000000000000085e+01,4.280223472409238478e-02,2.225849724770852411e+00,1.576740970617755977e+00
6.397999999999999687e+01,4.277845643048697882e-02,2.229849654091360822e+00,1.576740899090114167e+00
6.400000000000000000e+01,4.275467842868754115e-02,2.233849583413566986e+00,1.576740827562472358e+00
6.401999999999999602e+01,4.273090070627679621e-02,2.237849512737470903e+00,1.576740756034830104e+00
6.404000000000000625e+01,4.270712326120100488e-02,2.241849442063797326e+00,1.576740691090917412e+00
6.406000000000000227e+01,4.268334606913277290e-02,2.245849371391619442e+00,1.576740626147004276e+00
6.407999999999999829e+01,4.265956914374818137e-02,2.249849300721044276e+00,1.576740561203091362e+00
6.409999999999999432e+01,4.263579247820919321e-02,2.253849230051964803e+00,1.576740496259178448e+00
6.412000000000000455e+01,4.261201606567775746e-02,2.257849159384488047e+00,1.576740431315265534e+00
6.414000000000000057e+01,4.258823990876645094e-02,2.261849088719130929e+00,1.576740372341220553e+00
6.415999999999999659e+01,4.256446398529284414e-02,2.265849018055185571e+00,1.576740313367175350e+00
6.418000000000000682e+01,4.254068829525694401e-02,2.269848947392593352e+00,1.576740254393129925e+00
6.420000000000000284e+01,4.251691284618899086e-02,2.273848876731471957e+00,1.576740195419084500e+00
6.421999999999999886e+01,4.249313763055873744e-02,2.277848806071703702e+00,1.576740136445039742e+00
6.423999999999999488e+01,4.246936264836618374e-02,2.281848735413406271e+00,1.576740077470994539e+00
6.426000000000000512e+01,4.244558789376535329e-02,2.285848664764843718e+00,1.576740023910705002e+00
6.428000000000000114e+01,4.242181334644925389e-02,2.289848594117576575e+00,1.576739970350415909e+00
6.429999999999999716e+01,4.239803902300066929e-02,2.293848523471604839e+00,1.576739916790126372e+00
6.431999999999999318e+01,4.237426490683681574e-02,2.297848452826864118e+00,1.576739863229837058e+00
6.434000000000000341e+01,4.235049100501206421e-02,2.301848382174938035e+00,1.576739814689326113e+00
6.435999999999999943e+01,4.232671728616405060e-02,2.305848311524155481e+00,1.576739766148814947e+00
6.437999999999999545e+01,4.230294376859044386e-02,2.309848240874516900e+00,1.576739717608304225e+00
6.440000000000000568e+01,4.227917044314240952e-02,2.313848170226093348e+00,1.576739669067793281e+00
6.442000000000000171e+01,4.225539730981994757e-02,2.317848099578741827e+00,1.576739620527282337e+00
6.443999999999999773e+01,4.223162435866160275e-02,2.321848028934393238e+00,1.576739576432811374e+00
6.445999999999999375e+01,4.220785158878688492e-02,2.325847958291145989e+00,1.576739532338340410e+00
6.448000000000000398e+01,4.218407900019580103e-02,2.329847887648842875e+00,1.576739488243869447e+00
6.450000000000000000e+01,4.216030658281703231e-02,2.333847817007641545e+00,1.576739444149398706e+00
6.451999999999999602e+01,4.213653432502187379e-02,2.337847746373296953e+00,1.576739404085801377e+00
6.454000000000000625e+01,4.211276224458041645e-02,2.341847675739818335e+00,1.576739364022204271e+00
6.456000000000000227e+01,4.208899030823884391e-02,2.345847605107378886e+00,1.576739323958606942e+00
6.457999999999999829e+01,4.206521853816637402e-02,2.349847534475805411e+00,1.576739283895010058e+00
6.459999999999999432e+01,4.204144693436299984e-02,2.353847463845184507e+00,1.576739243831412951e+00
6.462000000000000455e+01,4.201767548574411593e-02,2.357847393215602771e+00,1.576739203767816067e+00
6.464000000000000057e+01,4.199390419016119785e-02,2.361847322574374797e+00,1.576739167279310294e+00
6.465999999999999659e+01,4.197013304062620354e-02,2.365847251933907547e+00,1.576739130790804078e+00
6.468000000000000682e+01,4.194636203713913297e-02,2.369847181294391092e+00,1.576739094302298305e+00
6.470000000000000284e+01,4.192259117969998616e-02,2.373847110655730397e+00,1.576739057813792755e+00
6.471999999999999886e+01,4.189882046830876311e-02,2.377847040017925462e+00,1.576739021325286982e+00
6.473999999999999488e+01,4.187504990485484829e-02,2.381846969392124702e+00,1.576738988160455657e+00
6.476000000000000512e+01,4.185127946191422033e-02,2.385846898767161051e+00,1.576738954995624775e+00
6.478000000000000114e+01,4.182750915287724441e-02,2.389846828142929702e+00,1.576738921830793672e+00
6.479999999999999716e+01,4.180373897774392750e-02,2.393846757519430657e+00,1.576738888665962568e+00
6.481999999999999318e+01,4.177996893651426263e-02,2.397846686896768276e+00,1.576738855501131464e+00
6.484000000000000341e+01,4.175619902448286097e-02,2.401846616272391710e+00,1.576738825354256468e+00
6.485999999999999943e+01,4.173242923029828882e-02,2.405846545648705703e+00,1.576738795207381694e+00
6.487999999999999545e+01,4.170865955396054620e-02,2.409846475025825274e+00,1.576738765060506697e+00
6.490000000000000568e+01,4.168488999546963308e-02,2.413846404403635404e+00,1.576738734913631479e+00
6.492000000000000171e+01,4.166112056955640491e-02,2.417846333782135648e+00,1.576738704766756483e+00
6.493999999999999773e+01,4.163735125807500187e-02,2.421846263170624347e+00,1.576738677358670904e+00
6.495999999999999375e+01,4.161358204381072207e-02,2.425846192559745873e+00,1.576738649950585325e+00
6.498000000000000398e+01,4.158981294296641706e-02,2.429846121949500226e+00,1.576738622542499746e+00
6.500000000000000000e+01,4.156604395554209380e-02,2.433846051339887406e+00,1.576738595134414167e+00
6.501999999999999602e+01,4.154227508153774534e-02,2.437845980731034423e+00,1.576738567726328588e+00
6.504000000000000625e+01,4.151850629858838682e-02,2.441845910103199735e+00,1.576738542804230869e+00
6.506000000000000227e+01,4.149473764037268225e-02,2.445845839476061379e+00,1.576738517882133150e+00
6.507999999999999829e+01,4.147096905343335832e-02,2.449845768849479910e+00,1.576738492960035432e+00
6.509999999999999432e+01,4.144720059122769529e-02,2.453845698223455329e+00,1.576738468037937713e+00
6.512000000000000455e+01,4.142343220029840595e-02,2.457845627597987637e+00,1.576738443115839994e+00
6.514000000000000057e+01,4.139966393619139845e-02,2.461845556964596504e+00,1.576738420450651379e+00
6.515999999999999659e+01,4.137589573086473960e-02,2.465845486331664560e+00,1.576738397785463208e+00
6.518000000000000682e+01,4.135212764309877109e-02,2.469845415699192248e+00,1.576738375120274815e+00
6.520000000000000284e+01,4.132835963370659615e-02,2.473845345067331891e+00,1.576738352455086423e+00
6.521999999999999886e+01,4.130459172228166664e-02,2.477845274436083933e+00,1.576738329789898030e+00
6.523999999999999488e+01,4.128082389130981189e-02,2.481845203816466228e+00,1.576738309173365771e+00
6.526000000000000512e+01,4.125705612495928626e-02,2.485845133197521761e+00,1.576738288556833512e+00
6.528000000000000114e+01,4.123328846631096889e-02,2.489845062578913915e+00,1.576738267940301474e+00
6.529999999999999716e+01,4.120952089382441674e-02,2.493844991960810997e+00,1.576738247323768771e+00
6.531999999999999318e+01,4.118575338595918678e-02,2.497844921343381319e+00,1.576738226707236734e+00
6.534000000000000341e+01,4.116198595373947444e-02,2.501844850719959101e+00,1.576738207951100978e+00
6.535999999999999943e+01,4.113821861622779519e-02,2.505844780097277180e+00,1.576738189194965223e+00
6.537999999999999545e+01,4.111445134974715115e-02,2.509844709474780000e+00,1.576738170438829467e+00
6.540000000000000568e+01,4.109068415429753540e-02,2.513844638852837932e+00,1.576738151682693712e+00
6.542000000000000171e+01,4.106691702987894793e-02,2.517844568231450531e+00,1.576738132926557956e+00
6.543999999999999773e+01,4.104314996521058606e-02,2.521844497634230908e+00,1.576738115859766642e+00
6.545999999999999375e+01,4.101938297860421162e-02,2.525844427037418072e+00,1.576738098792975329e+00
6.548000000000000398e+01,4.099561607005982461e-02,2.529844356441011577e+00,1.576738081726184015e+00
6.550000000000000000e+01,4.097184923957742503e-02,2.533844285845011868e+00,1.576738064659392702e+00
6.551999999999999602e+01,4.094808246113634809e-02,2.537844215249418500e+00,1.576738047592601610e+00
6.554000000000000625e+01,4.092431575256057913e-02,2.541844144626640656e+00,1.576738032060163164e+00
6.556000000000000227e+01,4.090054910116697195e-02,2.545844074004532942e+00,1.576738016527725383e+00
6.557999999999999829e+01,4.087678250695552656e-02,2.549844003382648605e+00,1.576738000995287381e+00
6.559999999999999432e+01,4.085301596992624990e-02,2.553843932761211022e+00,1.576737985462849378e+00
6.562000000000000455e+01,4.082924951867021590e-02,2.557843862140220192e+00,1.576737969930411598e+00
6.564000000000000057e+01,4.080548311930727590e-02,2.561843791560567851e+00,1.576737955791510881e+00
6.565999999999999659e+01,4.078171675135337099e-02,2.565843720981406229e+00,1.576737941652609942e+00
6.568000000000000682e+01,4.075795047762656442e-02,2.569843650402735324e+00,1.576737927513709447e+00
6.570000000000000284e+01,4.073418423530879295e-02,2.573843579824310002e+00,1.576737913374808508e+00
6.571999999999999886e+01,4.071041805580909168e-02,2.577843509246129816e+00,1.576737899235907570e+00
6.573999999999999488e+01,4.068665191237528372e-02,2.581843438665234469e+00,1.576737886363284380e+00
6.576000000000000512e+01,4.066288587243768043e-02,2.585843368084878247e+00,1.576737873490661190e+00
6.578000000000000114e+01,4.063911983250007715e-02,2.589843297504791586e+00,1.576737860618037557e+00
6.579999999999999716e+01,4.061535386155994132e-02,2.593843226924974044e+00,1.576737847745414145e+00
6.581999999999999318e+01,4.059158795961727295e-02,2.597843156345426063e+00,1.576737834872790955e+00
6.584000000000000341e+01,4.056782209279376911e-02,2.601843085775959352e+00,1.576737823150309525e+00
6.585999999999999943e+01,4.054405626385381572e-02,2.605843015207084612e+00,1.576737811427828539e+00
6.587999999999999545e+01,4.052029047279741281e-02,2.609842944638209872e+00,1.576737799705347109e+00
6.590000000000000568e+01,4.049652475750811081e-02,2.613842874069630895e+00,1.576737787982865902e+00
6.592000000000000171e+01,4.047275908010235929e-02,2.617842803501348126e+00,1.576737776260384916e+00
6.593999999999999773e+01,4.044899341412348109e-02,2.621842732873359783e+00,1.576737765583688278e+00
6.595999999999999375e+01,4.042522783133310760e-02,2.625842662245696513e+00,1.576737754906991418e+00
6.598000000000000398e+01,4.040146229013698298e-02,2.629842591618358316e+00,1.576737744230295002e+00
6.600000000000000000e+01,4.037769679053511418e-02,2.633842520991345193e+00,1.576737733553598142e+00
6.601999999999999602e+01,4.035393129093324538e-02,2.637842450364332070e+00,1.576737722876901504e+00
6.604000000000000625e+01,4.033016586737526998e-02,2.641842379777216809e+00,1.576737713149904740e+00
6.606000000000000227e+01,4.030640048947261439e-02,2.645842309190101549e+00,1.576737703422908199e+00
6.607999999999999829e+01,4.028263515722528554e-02,2.649842238603343336e+00,1.576737693695911213e+00
6.609999999999999432e+01,4.025886982497795669e-02,2.653842168016585124e+00,1.576737683968914450e+00
6.612000000000000455e+01,4.023510458404128132e-02,2.657842097430183514e+00,1.576737674241917686e+00
6.614000000000000057e+01,4.021133934373531671e-02,2.661842026823265428e+00,1.576737665378423969e+00
6.615999999999999659e+01,4.018757415353253065e-02,2.665841956216738584e+00,1.576737656514930253e+00
6.618000000000000682e+01,4.016380896332974459e-02,2.669841885610211740e+00,1.576737647651436536e+00
6.620000000000000284e+01,4.014004387333331564e-02,2.673841815004076583e+00,1.576737638787942819e+00
6.621999999999999886e+01,4.011627878333688668e-02,2.677841744397941426e+00,1.576737629924449102e+00
6.623999999999999488e+01,4.009251369334045773e-02,2.681841673791806269e+00,1.576737621060955385e+00
6.626000000000000512e+01,4.006874868743690726e-02,2.685841603157028246e+00,1.576737612982644920e+00
6.628000000000000114e+01,4.004498368153335680e-02,2.689841532522250223e+00,1.576737604904334455e+00
6.629999999999999716e+01,4.002121873060283941e-02,2.693841461887472200e+00,1.576737596826023990e+00
6.631999999999999318e+01,3.999745383464534815e-02,2.697841391253123611e+00,1.576737588747713525e+00
6.634000000000000341e+01,3.997368895685279172e-02,2.701841320694730708e+00,1.576737581399601851e+00
6.635999999999999943e+01,3.994992407906023529e-02,2.705841250136809872e+00,1.576737574051489732e+00
6.637999999999999545e+01,3.992615926170350188e-02,2.709841179578889037e+00,1.576737566703377613e+00
6.640000000000000568e+01,3.990239444434676847e-02,2.713841109020968201e+00,1.576737559355265939e+00
6.642000000000000171e+01,3.987862962699003505e-02,2.717841038463519876e+00,1.576737552007154042e+00
6.643999999999999773e+01,3.985486490376274893e-02,2.721840967925688304e+00,1.576737545306776012e+00
6.645999999999999375e+01,3.983110018053546281e-02,2.725840897388374540e+00,1.576737538606397981e+00
6.648000000000000398e+01,3.980733552358640959e-02,2.729840826851060775e+00,1.576737531906019951e+00
6.650000000000000000e+01,3.978357080035912346e-02,2.733840756313747011e+00,1.576737525205641921e+00
6.651999999999999602e+01,3.975980620968830315e-02,2.737840685776951055e+00,1.576737518505263669e+00
6.654000000000000625e+01,3.973604160136458979e-02,2.741840615123148694e+00,1.576737512394092322e+00
6.656000000000000227e+01,3.971227699304087644e-02,2.745840544469913880e+00,1.576737506282920309e+00
6.657999999999999829e+01,3.968851238471716308e-02,2.749840473817247055e+00,1.576737500171748518e+00
6.659999999999999432e+01,3.966474784906186962e-02,2.753840403164012240e+00,1.576737494060576728e+00
6.662000000000000455e+01,3.964098338607499605e-02,2.757840332511345416e+00,1.576737487949404937e+00
6.664000000000000057e+01,3.961721888121780971e-02,2.761840261958020015e+00,1.576737482373647525e+00
6.665999999999999659e+01,3.959345437636062337e-02,2.765840191405316784e+00,1.576737476797889670e+00
6.668000000000000682e+01,3.956968995114987231e-02,2.769840120852613552e+00,1.576737471222131814e+00
6.670000000000000284e+01,3.954592552593912125e-02,2.773840050299910320e+00,1.576737465646374181e+00
6.671999999999999886e+01,3.952216110072837019e-02,2.777839979747207089e+00,1.576737460070616770e+00
6.673999999999999488e+01,3.949839674636421161e-02,2.781839909149442125e+00,1.576737454982746645e+00
6.676000000000000512e+01,3.947463239200005303e-02,2.785839838552359282e+00,1.576737449894876519e+00
6.678000000000000114e+01,3.945086803763589445e-02,2.789839767955276439e+00,1.576737444807006394e+00
6.679999999999999716e+01,3.942710368327173587e-02,2.793839697358193597e+00,1.576737439719136269e+00
6.681999999999999318e+01,3.940333941619148655e-02,2.797839626761792431e+00,1.576737434631266144e+00
6.684000000000000341e+01,3.937957514168471257e-02,2.801839556183409741e+00,1.576737429986902361e+00
6.685999999999999943e+01,3.935581086717793858e-02,2.805839485605774009e+00,1.576737425342538801e+00
6.687999999999999545e+01,3.933204659267116460e-02,2.809839415028138276e+00,1.576737420698174796e+00
6.690000000000000568e+01,3.930828241378334781e-02,2.813839344450502544e+00,1.576737416053811014e+00
6.692000000000000171e+01,3.928451813927657382e-02,2.817839273872866812e+00,1.576737411409447231e+00
6.693999999999999773e+01,3.926075400077023991e-02,2.821839203267388019e+00,1.576737407169563676e+00
6.695999999999999375e+01,3.923698975752300949e-02,2.825839132662727238e+00,1.576737402929679899e+00
6.698000000000000398e+01,3.921322561901667558e-02,2.829839062057248444e+00,1.576737398689796343e+00
6.700000000000000000e+01,3.918946148051034167e-02,2.833838991452587663e+00,1.576737394449912788e+00
6.701999999999999602e+01,3.916569734200400776e-02,2.837838920847108870e+00,1.576737390210029233e+00
6.704000000000000625e+01,3.914193328273448541e-02,2.841838850287575102e+00,1.576737386338386226e+00
6.706000000000000227e+01,3.911816922346496306e-02,2.845838779727145162e+00,1.576737382466742776e+00
6.707999999999999829e+01,3.909440516419544071e-02,2.849838709167611395e+00,1.576737378595099770e+00
6.709999999999999432e+01,3.907064110492591835e-02,2.853838638607181455e+00,1.576737374723456764e+00
6.712000000000000455e+01,3.904687704565639600e-02,2.857838568047647687e+00,1.576737370851813536e+00
6.714000000000000057e+01,3.902311303288558131e-02,2.861838497521615121e+00,1.576737367314163807e+00
6.715999999999999659e+01,3.899934902011476662e-02,2.865838426994602006e+00,1.576737363776513634e+00
6.718000000000000682e+01,3.897558500734395193e-02,2.869838356468569440e+00,1.576737360238864127e+00
6.720000000000000284e+01,3.895182099457313724e-02,2.873838285942536874e+00,1.576737356701214399e+00
6.721999999999999886e+01,3.892805698180232254e-02,2.877838215416504308e+00,1.576737353163564892e+00
6.723999999999999488e+01,3.890429311093392128e-02,2.881838144759460540e+00,1.576737349930183996e+00
6.726000000000000512e+01,3.888052910272036394e-02,2.885838074101343853e+00,1.576737346696802877e+00
6.728000000000000114e+01,3.885676523185196268e-02,2.889838003444300085e+00,1.576737343463421981e+00
6.729999999999999716e+01,3.883300122363840534e-02,2.893837932787256317e+00,1.576737340230041085e+00
6.731999999999999318e+01,3.880923738436475867e-02,2.897837862209147186e+00,1.576737337275044837e+00
6.734000000000000341e+01,3.878547339480691025e-02,2.901837791629863883e+00,1.576737334320049033e+00
6.735999999999999943e+01,3.876170955553326358e-02,2.905837721050580580e+00,1.576737331365052786e+00
6.737999999999999545e+01,3.873794571625961691e-02,2.909837650472471449e+00,1.576737328410057204e+00
6.740000000000000568e+01,3.871418187698597024e-02,2.913837579893188146e+00,1.576737325455060956e+00
6.742000000000000171e+01,3.869041803771232357e-02,2.917837509315079014e+00,1.576737322500064931e+00
6.743999999999999773e+01,3.866665410306255324e-02,2.921837438612698623e+00,1.576737319791531977e+00
6.745999999999999375e+01,3.864289033237209431e-02,2.925837367910318232e+00,1.576737317082999024e+00
6.748000000000000398e+01,3.861912656168163538e-02,2.929837297207937841e+00,1.576737314374465848e+00
6.750000000000000000e+01,3.859536262703186504e-02,2.933837226506838203e+00,1.576737311665933117e+00
6.751999999999999602e+01,3.857159885634140611e-02,2.937837155804457812e+00,1.576737308957400163e+00
6.754000000000000625e+01,3.854783506425163431e-02,2.941837085357887016e+00,1.576737306479587319e+00
6.756000000000000227e+01,3.852407127216186250e-02,2.945837014911316221e+00,1.576737304001774254e+00
6.757999999999999829e+01,3.850030765929837728e-02,2.949836944464745425e+00,1.576737301523960966e+00
6.759999999999999432e+01,3.847654386720860548e-02,2.953836874016774416e+00,1.576737299046147900e+00
6.762000000000000455e+01,3.845278007511883367e-02,2.957836803570203621e+00,1.576737296568334834e+00
6.764000000000000057e+01,3.842901636812710853e-02,2.961836733074056482e+00,1.576737294299460412e+00
6.765999999999999659e+01,3.840525266113538339e-02,2.965836662579438343e+00,1.576737292030585325e+00
6.768000000000000682e+01,3.838148895414365824e-02,2.969836592083291205e+00,1.576737289761710903e+00
6.770000000000000284e+01,3.835772524715193310e-02,2.973836521587144066e+00,1.576737287492836259e+00
6.771999999999999886e+01,3.833396154016020796e-02,2.977836451090996928e+00,1.576737285223961615e+00
6.773999999999999488e+01,3.831019772090302894e-02,2.981836380630077610e+00,1.576737283149056479e+00
6.776000000000000512e+01,3.828643411567453358e-02,2.985836310169158292e+00,1.576737281074151120e+00
6.778000000000000114e+01,3.826267051044603823e-02,2.989836239706566534e+00,1.576737278999246206e+00
6.779999999999999716e+01,3.823890669118885921e-02,2.993836169245647216e+00,1.576737276924341069e+00
6.781999999999999318e+01,3.821514308596036386e-02,2.997836098784727898e+00,1.576737274849436155e+00
6.784000000000000341e+01,3.819137955882205560e-02,3.001836028419997415e+00,1.576737272947723145e+00
6.785999999999999943e+01,3.816761579816311395e-02,3.005835958053442614e+00,1.576737271046009692e+00
6.787999999999999545e+01,3.814385227102480569e-02,3.009835887688712130e+00,1.576737269144296683e+00
6.790000000000000568e+01,3.812008851036586404e-02,3.013835817323981647e+00,1.576737267242583895e+00
6.792000000000000171e+01,3.809632498322755578e-02,3.017835746959251164e+00,1.576737265340870886e+00
6.793999999999999773e+01,3.807256122256861414e-02,3.021835676592696363e+00,1.576737263439158099e+00
6.795999999999999375e+01,3.804879771152821361e-02,3.025835605779654713e+00,1.576737261698402559e+00
6.798000000000000398e+01,3.802503420048781307e-02,3.029835534966613064e+00,1.576737259957646797e+00
6.800000000000000000e+01,3.800127043433451646e-02,3.033835464153571415e+00,1.576737258216891258e+00
6.801999999999999602e+01,3.797750692329411593e-02,3.037835393338536694e+00,1.576737256476135496e+00
6.804000000000000625e+01,3.795374328448745949e-02,3.041835322883695625e+00,1.576737254883620709e+00
6.806000000000000227e+01,3.792997992454111289e-02,3.045835252428854556e+00,1.576737253291105700e+00
6.807999999999999829e+01,3.790621628573445645e-02,3.049835181974013487e+00,1.576737251698590692e+00
6.809999999999999432e+01,3.788245264692780001e-02,3.053835111519172418e+00,1.576737250106075683e+00
6.812000000000000455e+01,3.785868928698145341e-02,3.057835041064331350e+00,1.576737248513560674e+00
6.814000000000000057e+01,3.783492552552635696e-02,3.061834970656981625e+00,1.576737247052297564e+00
6.815999999999999659e+01,3.781116206797899282e-02,3.065834900249631900e+00,1.576737245591033787e+00
6.818000000000000682e+01,3.778739861043162868e-02,3.069834829844656277e+00,1.576737244129770676e+00
6.820000000000000284e+01,3.776363484897653222e-02,3.073834759437306552e+00,1.576737242668507122e+00
6.821999999999999886e+01,3.773987139142916808e-02,3.077834689029956827e+00,1.576737241207244011e+00
6.823999999999999488e+01,3.771610806722598686e-02,3.081834618255645530e+00,1.576737239868341911e+00
6.826000000000000512e+01,3.769234441134126229e-02,3.085834547481334234e+00,1.576737238529439367e+00
6.828000000000000114e+01,3.766858108713808106e-02,3.089834476707022937e+00,1.576737237190537044e+00
6.829999999999999716e+01,3.764481743125335650e-02,3.093834405932711640e+00,1.576737235851634500e+00
6.831999999999999318e+01,3.762105410705017527e-02,3.097834335158400343e+00,1.576737234512732400e+00
6.834000000000000341e+01,3.759729053341538674e-02,3.101834264454201406e+00,1.576737233286232387e+00
6.835999999999999943e+01,3.757352695978059820e-02,3.105834193750002470e+00,1.576737232059732818e+00
6.837999999999999545e+01,3.754976338614580966e-02,3.109834123045803533e+00,1.576737230833232806e+00
6.840000000000000568e+01,3.752600017458951331e-02,3.113834052341604597e+00,1.576737229606733237e+00
6.842000000000000171e+01,3.750223660095472478e-02,3.117833981637405660e+00,1.576737228380233447e+00
6.843999999999999773e+01,3.747847311033211670e-02,3.121833910782449095e+00,1.576737227251822082e+00
6.845999999999999375e+01,3.745470961970950863e-02,3.125833839924417656e+00,1.576737226123410718e+00
6.848000000000000398e+01,3.743094612908690055e-02,3.129833769069461091e+00,1.576737224994999576e+00
6.850000000000000000e+01,3.740718263846429248e-02,3.133833698214504526e+00,1.576737223866588211e+00
6.851999999999999602e+01,3.738341914784168440e-02,3.137833627356473087e+00,1.576737222738176625e+00
6.854000000000000625e+01,3.735965590044569573e-02,3.141833556632656066e+00,1.576737221697400715e+00
6.856000000000000227e+01,3.733589222635920468e-02,3.145833485908839044e+00,1.576737220656625027e+00
6.857999999999999829e+01,3.731212897896321601e-02,3.149833415185022023e+00,1.576737219615849117e+00
6.859999999999999432e+01,3.728836573156722733e-02,3.153833344457871224e+00,1.576737218575072985e+00
6.862000000000000455e+01,3.726460205748073629e-02,3.157833273734054202e+00,1.576737217534297297e+00
6.864000000000000057e+01,3.724083867873148601e-02,3.161833203313213048e+00,1.576737216585116563e+00
6.865999999999999659e+01,3.721707529998223574e-02,3.165833132896026747e+00,1.576737215635936051e+00
6.868000000000000682e+01,3.719331192123298546e-02,3.169833062475185592e+00,1.576737214686755317e+00
6.870000000000000284e+01,3.716954854248373519e-02,3.173832992054344437e+00,1.576737213737575027e+00
6.871999999999999886e+01,3.714578516373448491e-02,3.177832921637158137e+00,1.576737212788394515e+00
6.873999999999999488e+01,3.712202147679820319e-02,3.181832851471239287e+00,1.576737211906446001e+00
6.876000000000000512e+01,3.709825829339387371e-02,3.185832781305320438e+00,1.576737211024497487e+00
6.878000000000000114e+01,3.707449510998954423e-02,3.189832711139401589e+00,1.576737210142549195e+00
6.879999999999999716e+01,3.705073142305326250e-02,3.193832640973482739e+00,1.576737209260600459e+00
6.881999999999999318e+01,3.702696823964893302e-02,3.197832570811498076e+00,1.576737208378651944e+00
6.884000000000000341e+01,3.700320491139844764e-02,3.201832500749632437e+00,1.576737207569592014e+00
6.885999999999999943e+01,3.697944103425256784e-02,3.205832430687766799e+00,1.576737206760532084e+00
6.887999999999999545e+01,3.695567770600208246e-02,3.209832360625901160e+00,1.576737205951472154e+00
6.890000000000000568e+01,3.693191437775159708e-02,3.213832290568323646e+00,1.576737205142412446e+00
6.892000000000000171e+01,3.690815104950111170e-02,3.217832220506458007e+00,1.576737204333352294e+00
6.893999999999999773e+01,3.688438772125062631e-02,3.221832150444592369e+00,1.576737203524292363e+00
6.895999999999999375e+01,3.686062413653715814e-02,3.225832080094466647e+00,1.576737202777546587e+00
6.898000000000000398e+01,3.683686114652286875e-02,3.229832009744340926e+00,1.576737202030800367e+00
6.900000000000000000e+01,3.681309756180940057e-02,3.233831939394215205e+00,1.576737201284054146e+00
6.901999999999999602e+01,3.678933457179511118e-02,3.237831869044089483e+00,1.576737200537308592e+00
6.904000000000000625e+01,3.676557086362133853e-02,3.241831799088021437e+00,1.576737199861971916e+00
6.906000000000000227e+01,3.674180781302983922e-02,3.245831729131953391e+00,1.576737199186635241e+00
6.907999999999999829e+01,3.671804410485606657e-02,3.249831659175885346e+00,1.576737198511299232e+00
6.909999999999999432e+01,3.669428105426456727e-02,3.253831589219817300e+00,1.576737197835962556e+00
6.912000000000000455e+01,3.667051734609079461e-02,3.257831519263749254e+00,1.576737197160626103e+00
6.914000000000000057e+01,3.664675421385753945e-02,3.261831448338880168e+00,1.576737196528349649e+00
6.915999999999999659e+01,3.662299108162428429e-02,3.265831377414011083e+00,1.576737195896073196e+00
6.918000000000000682e+01,3.659922724702551616e-02,3.269831306489141998e+00,1.576737195263796742e+00
6.920000000000000284e+01,3.657546411479226101e-02,3.273831235564272912e+00,1.576737194631520067e+00
6.921999999999999886e+01,3.655170098255900585e-02,3.277831164639403827e+00,1.576737193999243614e+00
6.923999999999999488e+01,3.652793738865284245e-02,3.281831093837619839e+00,1.576737193419212035e+00
6.926000000000000512e+01,3.650417456037571146e-02,3.285831023035835852e+00,1.576737192839180457e+00
6.928000000000000114e+01,3.648041096646954806e-02,3.289830952234051864e+00,1.576737192259148435e+00
6.929999999999999716e+01,3.645664737256338467e-02,3.293830881432267876e+00,1.576737191679116634e+00
6.931999999999999318e+01,3.643288454428625367e-02,3.297830810630483889e+00,1.576737191099085056e+00
6.934000000000000341e+01,3.640912069145161439e-02,3.301830740843291423e+00,1.576737190567927271e+00
6.935999999999999943e+01,3.638535767469525117e-02,3.305830671056098957e+00,1.576737190036769487e+00
6.937999999999999545e+01,3.636159465793888795e-02,3.309830601275438600e+00,1.576737189505612147e+00
6.940000000000000568e+01,3.633783080510424868e-02,3.313830531488246134e+00,1.576737188974454584e+00
6.942000000000000171e+01,3.631406778834788546e-02,3.317830461707585776e+00,1.576737188443297022e+00
6.943999999999999773e+01,3.629030477159152224e-02,3.321830391920393311e+00,1.576737187912139460e+00
6.945999999999999375e+01,3.626654102342808522e-02,3.325830321045755600e+00,1.576737187419195996e+00
6.948000000000000398e+01,3.624277817615736280e-02,3.329830250171117889e+00,1.576737186926252310e+00
6.950000000000000000e+01,3.621901442799392579e-02,3.333830179289441809e+00,1.576737186433309068e+00
6.951999999999999602e+01,3.619525158072320337e-02,3.337830108414804098e+00,1.576737185940365826e+00
6.954000000000000625e+01,3.617148740868245810e-02,3.341830038172800776e+00,1.576737185473163327e+00
6.956000000000000227e+01,3.614772418717057678e-02,3.345829967923371395e+00,1.576737185005960828e+00
6.957999999999999829e+01,3.612396096565869547e-02,3.349829897681368074e+00,1.576737184538758774e+00
6.959999999999999432e+01,3.610019774414681415e-02,3.353829827439364752e+00,1.576737184071556497e+00
6.962000000000000455e+01,3.607643452263493283e-02,3.357829757189935371e+00,1.576737183604354220e+00
6.964000000000000057e+01,3.605267170851875203e-02,3.361829686349471213e+00,1.576737183182052027e+00
6.965999999999999659e+01,3.602890784281102821e-02,3.365829615509007056e+00,1.576737182759750056e+00
6.968000000000000682e+01,3.600514502869484740e-02,3.369829544668542898e+00,1.576737182337448306e+00
6.970000000000000284e+01,3.598138116298712358e-02,3.373829473836293946e+00,1.576737181915146557e+00
6.971999999999999886e+01,3.595761834887094277e-02,3.377829402995829788e+00,1.576737181492844364e+00
6.973999999999999488e+01,3.593385470993396696e-02,3.381829332539946886e+00,1.576737181104680641e+00
6.976000000000000512e+01,3.591009221507474036e-02,3.385829262093001724e+00,1.576737180716517361e+00
6.978000000000000114e+01,3.588632857613776456e-02,3.389829191646056561e+00,1.576737180328353860e+00
6.979999999999999716e+01,3.586256493720078875e-02,3.393829121190173659e+00,1.576737179940190359e+00
6.981999999999999318e+01,3.583880129826381294e-02,3.397829050743228496e+00,1.576737179552027079e+00
6.984000000000000341e+01,3.581503910526746132e-02,3.401828981354250825e+00,1.576737179196321170e+00
6.985999999999999943e+01,3.579127566379777803e-02,3.405828911965273154e+00,1.576737178840615039e+00
6.987999999999999545e+01,3.576751222232809474e-02,3.409828842576295482e+00,1.576737178484909130e+00
6.990000000000000568e+01,3.574374878085841145e-02,3.413828773187317811e+00,1.576737178129203221e+00
6.992000000000000171e+01,3.571998533938872816e-02,3.417828703798340140e+00,1.576737177773497312e+00
6.993999999999999773e+01,3.569622165413204040e-02,3.421828632069698894e+00,1.576737177446013716e+00
6.995999999999999375e+01,3.567245932494048088e-02,3.425828560341057649e+00,1.576737177118530342e+00
6.998000000000000398e+01,3.564869563968379312e-02,3.429828488623011040e+00,1.576737176791046524e+00
7.000000000000000000e+01,3.562493195442710536e-02,3.433828416894369795e+00,1.576737176463562928e+00
7.001999999999999602e+01,3.560116962523554585e-02,3.437828345165728550e+00,1.576737176136079110e+00
7.004000000000000625e+01,3.557740648837799669e-02,3.441828273532129501e+00,1.576737175813839542e+00
7.006000000000000227e+01,3.555364335152044752e-02,3.445828201898530452e+00,1.576737175491599752e+00
7.007999999999999829e+01,3.552988021466289836e-02,3.449828130264931403e+00,1.576737175169359961e+00
7.009999999999999432e+01,3.550611569967295628e-02,3.453828058631332354e+00,1.576737174847120171e+00
7.012000000000000455e+01,3.548235256281540712e-02,3.457827986997733305e+00,1.576737174524880380e+00
7.014000000000000057e+01,3.545858990455108550e-02,3.461827917540034161e+00,1.576737174227788696e+00
7.015999999999999659e+01,3.543482724628676389e-02,3.465827848094012786e+00,1.576737173930697011e+00
7.018000000000000682e+01,3.541106309323360096e-02,3.469827778636313642e+00,1.576737173633605327e+00
7.020000000000000284e+01,3.538730043496927935e-02,3.473827709190292268e+00,1.576737173336513642e+00
7.021999999999999886e+01,3.536353628191611642e-02,3.477827639744270893e+00,1.576737173039421958e+00
7.023999999999999488e+01,3.533977312642283541e-02,3.481827570076865275e+00,1.576737172749624882e+00
7.026000000000000512e+01,3.531600997092955441e-02,3.485827500409459656e+00,1.576737172459827807e+00
7.028000000000000114e+01,3.529224681543627340e-02,3.489827430730082281e+00,1.576737172170030732e+00
7.029999999999999716e+01,3.526848365994299239e-02,3.493827361062676662e+00,1.576737171880233657e+00
7.031999999999999318e+01,3.524472050444971138e-02,3.497827291395271043e+00,1.576737171590436581e+00
7.034000000000000341e+01,3.522095722091281300e-02,3.501827220886761793e+00,1.576737171332504239e+00
7.035999999999999943e+01,3.519719393737591462e-02,3.505827150364801525e+00,1.576737171074571897e+00
7.037999999999999545e+01,3.517343065383901624e-02,3.509827079842841258e+00,1.576737170816639555e+00
7.040000000000000568e+01,3.514966737030211785e-02,3.513827009334332008e+00,1.576737170558706991e+00
7.042000000000000171e+01,3.512590408676521947e-02,3.517826938812371740e+00,1.576737170300775093e+00
7.043999999999999773e+01,3.510214142071004656e-02,3.521826867163549313e+00,1.576737170084006490e+00
7.045999999999999375e+01,3.507837875465487365e-02,3.525826795498721467e+00,1.576737169867238553e+00
7.048000000000000398e+01,3.505461403991739361e-02,3.529826723849899039e+00,1.576737169650470394e+00
7.050000000000000000e+01,3.503085137386222070e-02,3.533826652201076612e+00,1.576737169433702457e+00
7.051999999999999602e+01,3.500708870780704779e-02,3.537826580552254185e+00,1.576737169216934076e+00
7.054000000000000625e+01,3.498332604175187488e-02,3.541826508903431758e+00,1.576737169000165917e+00
7.056000000000000227e+01,3.495956279114021542e-02,3.545826436755998845e+00,1.576737168795157906e+00
7.057999999999999829e+01,3.493579954052855596e-02,3.549826364608565932e+00,1.576737168590150118e+00
7.059999999999999432e+01,3.491203628991689650e-02,3.553826292461133018e+00,1.576737168385141885e+00
7.062000000000000455e+01,3.488827303930523704e-02,3.557826220313700105e+00,1.576737168180133652e+00
7.064000000000000057e+01,3.486450829286681652e-02,3.561826149389350160e+00,1.576737167962525055e+00
7.065999999999999659e+01,3.484074558719665871e-02,3.565826078480943462e+00,1.576737167744916457e+00
7.068000000000000682e+01,3.481698288152650089e-02,3.569826007572536763e+00,1.576737167527307415e+00
7.070000000000000284e+01,3.479322017585634308e-02,3.573825936648186818e+00,1.576737167309698595e+00
7.071999999999999886e+01,3.476945542941792255e-02,3.577825865739780120e+00,1.576737167092089775e+00
7.073999999999999488e+01,3.474569248883376676e-02,3.581825795319402594e+00,1.576737166870446405e+00
7.076000000000000512e+01,3.472192954824961098e-02,3.585825724883371812e+00,1.576737166648803035e+00
7.078000000000000114e+01,3.469816660766545519e-02,3.589825654462994287e+00,1.576737166427159664e+00
7.079999999999999716e+01,3.467440366708129940e-02,3.593825584042616761e+00,1.576737166205516294e+00
7.081999999999999318e+01,3.465064072649714361e-02,3.597825513606585979e+00,1.576737165983873146e+00
7.084000000000000341e+01,3.462687751132668273e-02,3.601825442035617275e+00,1.576737165787143402e+00
7.085999999999999943e+01,3.460311429615622186e-02,3.605825370447012901e+00,1.576737165590413881e+00
7.087999999999999545e+01,3.457935108098576099e-02,3.609825298876044197e+00,1.576737165393684359e+00
7.090000000000000568e+01,3.455558786581530012e-02,3.613825227287439823e+00,1.576737165196954615e+00
7.092000000000000171e+01,3.453182465064483925e-02,3.617825155716471119e+00,1.576737165000225316e+00
7.093999999999999773e+01,3.450806057621433331e-02,3.621825082592490919e+00,1.576737164838018623e+00
7.095999999999999375e+01,3.448429650178382738e-02,3.625825009489899831e+00,1.576737164675811931e+00
7.098000000000000398e+01,3.446053516514991505e-02,3.629824936387308743e+00,1.576737164513605460e+00
7.100000000000000000e+01,3.443677109071940912e-02,3.633824863284717654e+00,1.576737164351398546e+00
7.101999999999999602e+01,3.441300701628890318e-02,3.637824790182126566e+00,1.576737164189191853e+00
7.104000000000000625e+01,3.438924383827323544e-02,3.641824722069118003e+00,1.576737164023839233e+00
7.106000000000000227e+01,3.436548066025756770e-02,3.645824653956109440e+00,1.576737163858486834e+00
7.107999999999999829e+01,3.434171748224189996e-02,3.649824585822118994e+00,1.576737163693133992e+00
7.109999999999999432e+01,3.431795430422623222e-02,3.653824517709110431e+00,1.576737163527781149e+00
7.112000000000000455e+01,3.429419112621056448e-02,3.657824449596101868e+00,1.576737163362428751e+00
7.114000000000000057e+01,3.427042855617312700e-02,3.661824379023446596e+00,1.576737163271676900e+00
7.115999999999999659e+01,3.424666598613568952e-02,3.665824308412561017e+00,1.576737163180925050e+00
7.118000000000000682e+01,3.422290341609825204e-02,3.669824237839905745e+00,1.576737163090173199e+00
7.120000000000000284e+01,3.419914084606081456e-02,3.673824167267250473e+00,1.576737162999421127e+00
7.121999999999999886e+01,3.417537827602337708e-02,3.677824096656364894e+00,1.576737162908669498e+00
7.123999999999999488e+01,3.415161471585321379e-02,3.681824027287822876e+00,1.576737162661298708e+00
7.126000000000000512e+01,3.412785115568305050e-02,3.685823957933306083e+00,1.576737162413927917e+00
7.128000000000000114e+01,3.410408759551288721e-02,3.689823888564764065e+00,1.576737162166557127e+00
7.129999999999999716e+01,3.408032403534272392e-02,3.693823819196222047e+00,1.576737161919186558e+00
7.131999999999999318e+01,3.405656227041016504e-02,3.697823749827680029e+00,1.576737161671815324e+00
7.134000000000000341e+01,3.403279802139813626e-02,3.701823676204410329e+00,1.576737161572287382e+00
7.135999999999999943e+01,3.400903377238610747e-02,3.705823602581140630e+00,1.576737161472758775e+00
7.137999999999999545e+01,3.398526952337407869e-02,3.709823528957870931e+00,1.576737161373230389e+00
7.140000000000000568e+01,3.396150527436204991e-02,3.713823455334601231e+00,1.576737161273702004e+00
7.142000000000000171e+01,3.393774548728186596e-02,3.717823381711331532e+00,1.576737161174173396e+00
7.143999999999999773e+01,3.391398123826983718e-02,3.721823308122920615e+00,1.576737161074645011e+00
7.145999999999999375e+01,3.389022436073959449e-02,3.725823239954171751e+00,1.576737161097936601e+00
7.148000000000000398e+01,3.386644841669447792e-02,3.729823171636465595e+00,1.576737161121228192e+00
7.150000000000000000e+01,3.384269153916423523e-02,3.733823103318759440e+00,1.576737161144519783e+00
7.151999999999999602e+01,3.381893466163399253e-02,3.737823035001053285e+00,1.576737161167811374e+00
7.154000000000000625e+01,3.379518138167274949e-02,3.741822949777982465e+00,1.576737161138627386e+00
7.156000000000000227e+01,3.377141288500429273e-02,3.745822864554911646e+00,1.576737161109443175e+00
7.157999999999999829e+01,3.374764438833583596e-02,3.749822779450721288e+00,1.576737161080258964e+00
7.159999999999999432e+01,3.372389110837459292e-02,3.753822694227650469e+00,1.576737161051074976e+00
7.162000000000000455e+01,3.370012261170613616e-02,3.757822609004579650e+00,1.576737161021890321e+00
7.164000000000000057e+01,3.367635955932121034e-02,3.761822538287941775e+00,1.576737159921546727e+00
7.165999999999999659e+01,3.365259610334498525e-02,3.765822467574457377e+00,1.576737158821202911e+00
7.168000000000000682e+01,3.362883305096005943e-02,3.769822396857819502e+00,1.576737157720859317e+00
7.170000000000000284e+01,3.360506999857513361e-02,3.773822326141181627e+00,1.576737156620515057e+00
7.171999999999999886e+01,3.358130654259890852e-02,3.777822255424543751e+00,1.576737155520171463e+00
7.173999999999999488e+01,3.355754361603605768e-02,3.781822185238760348e+00,1.576737154539613828e+00
7.176000000000000512e+01,3.353378023657861001e-02,3.785822115049438885e+00,1.576737153559056193e+00
7.178000000000000114e+01,3.351001731001575917e-02,3.789822044860117423e+00,1.576737152578498558e+00
7.179999999999999716e+01,3.348625393055831151e-02,3.793821974674334019e+00,1.576737151597940700e+00
7.181999999999999318e+01,3.346249100399546067e-02,3.797821904485012556e+00,1.576737150617383065e+00
7.184000000000000341e+01,3.343872792492476320e-02,3.801821833751300339e+00,1.576737149648904657e+00
7.185999999999999943e+01,3.341496438731096641e-02,3.805821763017588122e+00,1.576737148680425804e+00
7.187999999999999545e+01,3.339120130824026894e-02,3.809821692287458372e+00,1.576737147711947395e+00
7.190000000000000568e+01,3.336743822916957147e-02,3.813821621553746155e+00,1.576737146743468987e+00
7.192000000000000171e+01,3.334367515009887400e-02,3.817821550820033938e+00,1.576737145774990134e+00
7.193999999999999773e+01,3.331991207102817654e-02,3.821821480086321721e+00,1.576737144806511726e+00
7.195999999999999375e+01,3.329614911517148751e-02,3.825821409176654697e+00,1.576737143868957025e+00
7.198000000000000398e+01,3.327238568564720722e-02,3.829821338270688269e+00,1.576737142931402547e+00
7.200000000000000000e+01,3.324862272979051819e-02,3.833821267361021246e+00,1.576737141993848068e+00
7.201999999999999602e+01,3.322485930026623790e-02,3.837821196451354222e+00,1.576737141056293590e+00
7.204000000000000625e+01,3.320109617924584672e-02,3.841821126058116764e+00,1.576737140137452586e+00
7.206000000000000227e+01,3.317733354153989955e-02,3.845821055664879307e+00,1.576737139218611139e+00
7.207999999999999829e+01,3.315357042051950837e-02,3.849820985271641849e+00,1.576737138299769914e+00
7.209999999999999432e+01,3.312980729949911718e-02,3.853820914882180038e+00,1.576737137380928688e+00
7.212000000000000455e+01,3.310604417847872599e-02,3.857820844488942580e+00,1.576737136462087463e+00
7.214000000000000057e+01,3.308228083438644745e-02,3.861820773861587952e+00,1.576737135560074332e+00
7.215999999999999659e+01,3.305851798262524760e-02,3.865820703238079581e+00,1.576737134658060757e+00
7.218000000000000682e+01,3.303475463853296906e-02,3.869820632610724953e+00,1.576737133756047182e+00
7.220000000000000284e+01,3.301099178677176921e-02,3.873820561983370325e+00,1.576737132854034273e+00
7.221999999999999886e+01,3.298722877670898918e-02,3.877820491121822144e+00,1.576737131895046051e+00
7.223999999999999488e+01,3.296346530356504545e-02,3.881820420256655968e+00,1.576737130936058495e+00
7.226000000000000512e+01,3.293970229350226542e-02,3.885820349391489792e+00,1.576737129977070717e+00
7.228000000000000114e+01,3.291593928343948539e-02,3.889820278529941611e+00,1.576737129018083161e+00
7.229999999999999716e+01,3.289217627337670535e-02,3.893820207664775435e+00,1.576737128059095161e+00
7.231999999999999318e+01,3.286841326331392532e-02,3.897820136803227253e+00,1.576737127100107161e+00
7.234000000000000341e+01,3.284465027800616971e-02,3.901820066610273141e+00,1.576737126159433178e+00
7.235999999999999943e+01,3.282088729269841409e-02,3.905819996421007190e+00,1.576737125218758528e+00
7.237999999999999545e+01,3.279712383529400505e-02,3.909819926231741238e+00,1.576737124278083879e+00
7.240000000000000568e+01,3.277336084998624943e-02,3.913819856042475287e+00,1.576737123337409674e+00
7.242000000000000171e+01,3.274959786467849382e-02,3.917819785853209336e+00,1.576737122396735247e+00
7.243999999999999773e+01,3.272583477012967063e-02,3.921819715355490121e+00,1.576737121383555040e+00
7.245999999999999375e+01,3.270207167558084743e-02,3.925819644857770907e+00,1.576737120370374834e+00
7.248000000000000398e+01,3.267830901934419552e-02,3.929819574360051693e+00,1.576737119357194628e+00
7.250000000000000000e+01,3.265454592479537232e-02,3.933819503862332478e+00,1.576737118344014643e+00
7.251999999999999602e+01,3.263078283024654913e-02,3.937819433364613264e+00,1.576737117330834215e+00
7.254000000000000625e+01,3.263078283024654913e-02,3.937819433364613264e+00,1.576737117330834215e+00
7.256000000000000227e+01,3.263078283024654913e-02,3.937819433364613264e+00,1.576737117330834215e+00
7.257999999999999829e+01,3.263078283024654913e-02,3.937819433364613264e+00,1.576737117330834215e+00
7.259999999999999432e+01,3.263078283024654913e-02,3.937819433364613264e+00,1.576737117330834215e+00
7.262000000000000455e+01,3.263078283024654913e-02,3.937819433364613264e+00,1.576737117330834215e+00
7.264000000000000057e+01,3.263078283024654913e-02,3.937819433364613264e+00,1.582737117330834220e+00
7.265999999999999659e+01,3.263078283024654913e-02,3.937819433364613264e+00,1.588737117330834003e+00
7.268000000000000682e+01,3.263078283024654913e-02,3.937819433364613264e+00,1.594737117330834231e+00
7.270000000000000284e+01,3.263078283024654913e-02,3.937819433364613264e+00,1.600737117330834236e+00
7.271999999999999886e+01,3.263078283024654913e-02,3.937819433364613264e+00,1.606737117330834241e+00
7.273999999999999488e+01,3.263078283024654913e-02,3.937819433364613264e+00,1.612737117330834247e+00
7.276000000000000512e+01,3.263078283024654913e-02,3.937819433364613264e+00,1.618737117330834252e+00
7.278000000000000114e+01,3.263078283024654913e-02,3.937819433364613264e+00,1.624737117330834257e+00
7.279999999999999716e+01,3.263078283024654913e-02,3.937819433364613264e+00,1.630737117330834263e+00
7.281999999999999318e+01,3.263078283024654913e-02,3.937819433364613264e+00,1.636737117330834268e+00
7.284000000000000341e+01,3.263078283024654913e-02,3.937819433364613264e+00,1.642737117330834273e+00
7.285999999999999943e+01,3.263078283024654913e-02,3.937819433364613264e+00,1.648737117330834501e+00
7.287999999999999545e+01,3.263078283024654913e-02,3.937819433364613264e+00,1.654737117330834506e+00
7.290000000000000568e+01,3.263078283024654913e-02,3.937819433364613264e+00,1.660737117330834289e+00
7.292000000000000171e+01,3.263078283024654913e-02,3.937819433364613264e+00,1.666737117330834295e+00
7.293999999999999773e+01,3.263078283024654913e-02,3.937819433364613264e+00,1.672737117330834300e+00
7.295999999999999375e+01,3.263078283024654913e-02,3.937819433364613264e+00,1.678737117330834083e+00
7.298000000000000398e+01,3.263078283024654913e-02,3.937819433364613264e+00,1.684737117330834311e+00
7.300000000000000000e+01,3.263078283024654913e-02,3.937819433364613264e+00,1.690737117330834316e+00
7.301999999999999602e+01,3.263078283024654913e-02,3.937819433364613264e+00,1.696737117330834321e+00
7.304000000000000625e+01,3.263078283024654913e-02,3.937819433364613264e+00,1.702737117330834327e+00
7.306000000000000227e+01,3.263078283024654913e-02,3.937819433364613264e+00,1.708737117330834332e+00
7.307999999999999829e+01,3.263078283024654913e-02,3.937819433364613264e+00,1.714737117330834337e+00
7.309999999999999432e+01,3.263078283024654913e-02,3.937819433364613264e+00,1.720737117330834121e+00
7.312000000000000455e+01,3.263078283024654913e-02,3.937819433364613264e+00,1.726737117330834126e+00
7.314000000000000057e+01,3.263078283024654913e-02,3.937819433364613264e+00,1.732737117330834353e+00
7.315999999999999659e+01,3.263078283024654913e-02,3.937819433364613264e+00,1.738737117330834581e+00
7.318000000000000682e+01,3.263078283024654913e-02,3.937819433364613264e+00,1.744737117330834142e+00
7.320000000000000284e+01,3.263078283024654913e-02,3.937819433364613264e+00,1.750737117330834369e+00
7.321999999999999886e+01,3.263078283024654913e-02,3.937819433364613264e+00,1.756737117330834375e+00
7.323999999999999488e+01,3.263078283024654913e-02,3.937819433364613264e+00,1.762737117330834380e+00
7.326000000000000512e+01,3.263078283024654913e-02,3.937819433364613264e+00,1.768737117330834385e+00
7.328000000000000114e+01,3.263078283024654913e-02,3.937819433364613264e+00,1.774737117330834169e+00
7.329999999999999716e+01,3.263078283024654913e-02,3.937819433364613264e+00,1.780737117330834618e+00
7.331999999999999318e+01,3.263078283024654913e-02,3.937819433364613264e+00,1.786737117330834401e+00
7.334000000000000341e+01,3.263078283024654913e-02,3.937819433364613264e+00,1.792737117330834185e+00
7.335999999999999943e+01,3.263078283024654913e-02,3.937819433364613264e+00,1.798737117330834412e+00
7.337999999999999545e+01,3.263078283024654913e-02,3.937819433364613264e+00,1.804737117330834417e+00
7.340000000000000568e+01,3.263078283024654913e-02,3.937819433364613264e+00,1.810737117330834423e+00
7.342000000000000171e+01,3.263078283024654913e-02,3.937819433364613264e+00,1.816737117330834206e+00
7.343999999999999773e+01,3.263078283024654913e-02,3.937819433364613264e+00,1.822737117330834433e+00
7.345999999999999375e+01,3.263078283024654913e-02,3.937819433364613264e+00,1.828737117330834661e+00
7.348000000000000398e+01,3.263078283024654913e-02,3.937819433364613264e+00,1.834737117330834444e+00
7.350000000000000000e+01,3.263078283024654913e-02,3.937819433364613264e+00,1.840737117330834449e+00
7.351999999999999602e+01,3.263078283024654913e-02,3.937819433364613264e+00,1.846737117330834455e+00
7.354000000000000625e+01,3.263078283024654913e-02,3.937819433364613264e+00,1.852737117330834238e+00
7.356000000000000227e+01,3.263078283024654913e-02,3.937819433364613264e+00,1.858737117330834687e+00
7.357999999999999829e+01,3.263078283024654913e-02,3.937819433364613264e+00,1.864737117330834471e+00
7.359999999999999432e+01,3.263078283024654913e-02,3.937819433364613264e+00,1.870737117330834254e+00
7.362000000000000455e+01,3.263078283024654913e-02,3.937819433364613264e+00,1.876737117330834481e+00
7.364000000000000057e+01,3.263078283024654913e-02,3.937819433364613264e+00,1.882737117330834709e+00
7.365999999999999659e+01,3.263078283024654913e-02,3.937819433364613264e+00,1.888737117330834492e+00
7.368000000000000682e+01,3.263078283024654913e-02,3.937819433364613264e+00,1.894737117330834719e+00
7.370000000000000284e+01,3.263078283024654913e-02,3.937819433364613264e+00,1.900737117330834280e+00
7.371999999999999886e+01,3.263078283024654913e-02,3.937819433364613264e+00,1.906737117330834508e+00
7.373999999999999488e+01,3.263078283024654913e-02,3.937819433364613264e+00,1.912737117330834513e+00
7.376000000000000512e+01,3.263078283024654913e-02,3.937819433364613264e+00,1.918737117330834741e+00
7.378000000000000114e+01,3.263078283024654913e-02,3.937819433364613264e+00,1.924737117330834524e+00
7.379999999999999716e+01,3.263078283024654913e-02,3.937819433364613264e+00,1.930737117330834529e+00
7.381999999999999318e+01,3.263078283024654913e-02,3.937819433364613264e+00,1.936737117330834534e+00
7.384000000000000341e+01,3.263078283024654913e-02,3.937819433364613264e+00,1.942737117330834318e+00
7.385999999999999943e+01,3.263078283024654913e-02,3.937819433364613264e+00,1.948737117330834545e+00
7.387999999999999545e+01,3.263078283024654913e-02,3.937819433364613264e+00,1.954737117330834550e+00
7.390000000000000568e+01,3.263078283024654913e-02,3.937819433364613264e+00,1.960737117330834334e+00
7.392000000000000171e+01,3.263078283024654913e-02,3.937819433364613264e+00,1.966737117330834339e+00
7.393999999999999773e+01,3.263078283024654913e-02,3.937819433364613264e+00,1.972737117330834344e+00
7.395999999999999375e+01,3.263078283024654913e-02,3.937819433364613264e+00,1.978737117330834572e+00
7.398000000000000398e+01,3.263078283024654913e-02,3.937819433364613264e+00,1.984737117330834577e+00
7.400000000000000000e+01,3.263078283024654913e-02,3.937819433364613264e+00,1.990737117330834804e+00
7.401999999999999602e+01,3.263078283024654913e-02,3.937819433364613264e+00,1.996737117330834588e+00
7.404000000000000625e+01,3.263078283024654913e-02,3.937819433364613264e+00,2.002737117330834593e+00
7.406000000000000227e+01,3.263078283024654913e-02,3.937819433364613264e+00,2.008737117330834376e+00
7.407999999999999829e+01,3.263078283024654913e-02,3.937819433364613264e+00,2.014737117330834160e+00
7.409999999999999432e+01,3.263078283024654913e-02,3.937819433364613264e+00,2.020737117330833943e+00
7.412000000000000455e+01,3.263078283024654913e-02,3.937819433364613264e+00,2.026737117330833726e+00
7.414000000000000057e+01,3.263078283024654913e-02,3.937819433364613264e+00,2.032737117330833509e+00
7.415999999999999659e+01,3.263078283024654913e-02,3.937819433364613264e+00,2.038737117330833293e+00
7.418000000000000682e+01,3.263078283024654913e-02,3.937819433364613264e+00,2.044737117330833076e+00
7.420000000000000284e+01,3.263078283024654913e-02,3.937819433364613264e+00,2.050737117330832415e+00
7.421999999999999886e+01,3.263078283024654913e-02,3.937819433364613264e+00,2.056737117330832643e+00
7.423999999999999488e+01,3.263078283024654913e-02,3.937819433364613264e+00,2.062737117330832426e+00
7.426000000000000512e+01,3.263078283024654913e-02,3.937819433364613264e+00,2.068737117330832209e+00
7.428000000000000114e+01,3.263078283024654913e-02,3.937819433364613264e+00,2.074737117330831992e+00
7.429999999999999716e+01,3.263078283024654913e-02,3.937819433364613264e+00,2.080737117330831776e+00
7.431999999999999318e+01,3.263078283024654913e-02,3.937819433364613264e+00,2.086737117330831559e+00
7.434000000000000341e+01,3.263078283024654913e-02,3.937819433364613264e+00,2.092737117330831342e+00
7.435999999999999943e+01,3.263078283024654913e-02,3.937819433364613264e+00,2.098737117330831126e+00
7.437999999999999545e+01,3.263078283024654913e-02,3.937819433364613264e+00,2.104737117330830909e+00
7.440000000000000568e+01,3.263078283024654913e-02,3.937819433364613264e+00,2.110737117330830692e+00
7.442000000000000171e+01,3.263078283024654913e-02,3.937819433364613264e+00,2.116737117330830475e+00
7.443999999999999773e+01,3.263078283024654913e-02,3.937819433364613264e+00,2.122737117330830259e+00
7.445999999999999375e+01,3.263078283024654913e-02,3.937819433364613264e+00,2.128737117330830042e+00
7.448000000000000398e+01,3.263078283024654913e-02,3.937819433364613264e+00,2.134737117330829825e+00
7.450000000000000000e+01,3.263078283024654913e-02,3.937819433364613264e+00,2.140737117330829609e+00
7.451999999999999602e+01,3.263078283024654913e-02,3.937819433364613264e+00,2.146737117330829392e+00
7.454000000000000625e+01,3.263078283024654913e-02,3.937819433364613264e+00,2.152737117330829175e+00
7.456000000000000227e+01,3.263078283024654913e-02,3.937819433364613264e+00,2.158737117330828958e+00
7.457999999999999829e+01,3.263078283024654913e-02,3.937819433364613264e+00,2.164737117330828742e+00
7.459999999999999432e+01,3.263078283024654913e-02,3.937819433364613264e+00,2.170737117330828525e+00
7.462000000000000455e+01,3.263078283024654913e-02,3.937819433364613264e+00,2.176737117330828308e+00
7.464000000000000057e+01,3.263078283024654913e-02,3.937819433364613264e+00,2.182737117330828092e+00
7.465999999999999659e+01,3.263078283024654913e-02,3.937819433364613264e+00,2.188737117330827875e+00
7.468000000000000682e+01,3.263078283024654913e-02,3.937819433364613264e+00,2.194737117330827658e+00
7.470000000000000284e+01,3.263078283024654913e-02,3.937819433364613264e+00,2.200737117330827441e+00
7.471999999999999886e+01,3.263078283024654913e-02,3.937819433364613264e+00,2.206737117330827225e+00
7.473999999999999488e+01,3.263078283024654913e-02,3.937819433364613264e+00,2.212737117330827008e+00
7.476000000000000512e+01,3.263078283024654913e-02,3.937819433364613264e+00,2.218737117330826791e+00
7.478000000000000114e+01,3.263078283024654913e-02,3.937819433364613264e+00,2.224737117330826575e+00
7.479999999999999716e+01,3.263078283024654913e-02,3.937819433364613264e+00,2.230737117330826358e+00
7.481999999999999318e+01,3.263078283024654913e-02,3.937819433364613264e+00,2.236737117330826141e+00
7.484000000000000341e+01,3.263078283024654913e-02,3.937819433364613264e+00,2.242737117330825924e+00
7.485999999999999943e+01,3.263078283024654913e-02,3.937819433364613264e+00,2.248737117330825708e+00
7.487999999999999545e+01,3.263078283024654913e-02,3.937819433364613264e+00,2.254737117330825491e+00
7.490000000000000568e+01,3.263078283024654913e-02,3.937819433364613264e+00,2.260737117330825274e+00
7.492000000000000171e+01,3.263078283024654913e-02,3.937819433364613264e+00,2.266737117330825058e+00
7.493999999999999773e+01,3.263078283024654913e-02,3.937819433364613264e+00,2.272737117330824841e+00
7.495999999999999375e+01,3.263078283024654913e-02,3.937819433364613264e+00,2.278737117330824624e+00
7.498000000000000398e+01,3.263078283024654913e-02,3.937819433364613264e+00,2.284737117330824407e+00
7.500000000000000000e+01,3.263078283024654913e-02,3.937819433364613264e+00,2.290737117330824191e+00
7.501999999999999602e+01,3.263078283024654913e-02,3.937819433364613264e+00,2.296737117330823974e+00
7.504000000000000625e+01,3.263078283024654913e-02,3.937819433364613264e+00,2.302737117330823757e+00
7.506000000000000227e+01,3.263078283024654913e-02,3.937819433364613264e+00,2.308737117330823541e+00
7.507999999999999829e+01,3.263078283024654913e-02,3.937819433364613264e+00,2.314737117330823324e+00
7.509999999999999432e+01,3.263078283024654913e-02,3.937819433364613264e+00,2.320737117330823107e+00
7.512000000000000455e+01,3.263078283024654913e-02,3.937819433364613264e+00,2.326737117330822890e+00
7.514000000000000057e+01,3.263078283024654913e-02,3.937819433364613264e+00,2.332737117330822674e+00
7.515999999999999659e+01,3.263078283024654913e-02,3.937819433364613264e+00,2.338737117330822457e+00
7.518000000000000682e+01,3.263078283024654913e-02,3.937819433364613264e+00,2.344737117330822240e+00
7.520000000000000284e+01,3.263078283024654913e-02,3.937819433364613264e+00,2.350737117330822024e+00
7.521999999999999886e+01,3.263078283024654913e-02,3.937819433364613264e+00,2.356737117330821807e+00
7.523999999999999488e+01,3.263078283024654913e-02,3.937819433364613264e+00,2.362737117330821590e+00
7.526000000000000512e+01,3.263078283024654913e-02,3.937819433364613264e+00,2.368737117330821373e+00
7.528000000000000114e+01,3.263078283024654913e-02,3.937819433364613264e+00,2.374737117330821157e+00
7.529999999999999716e+01,3.263078283024654913e-02,3.937819433364613264e+00,2.380737117330820940e+00
7.531999999999999318e+01,3.263078283024654913e-02,3.937819433364613264e+00,2.386737117330820723e+00
7.534000000000000341e+01,3.263078283024654913e-02,3.937819433364613264e+00,2.392737117330820507e+00
7.535999999999999943e+01,3.263078283024654913e-02,3.937819433364613264e+00,2.398737117330820290e+00
7.537999999999999545e+01,3.263078283024654913e-02,3.937819433364613264e+00,2.404737117330820073e+00
7.540000000000000568e+01,3.263078283024654913e-02,3.937819433364613264e+00,2.410737117330819856e+00
7.542000000000000171e+01,3.263078283024654913e-02,3.937819433364613264e+00,2.416737117330819640e+00
7.543999999999999773e+01,3.263078283024654913e-02,3.937819433364613264e+00,2.422737117330819423e+00
7.545999999999999375e+01,3.263078283024654913e-02,3.937819433364613264e+00,2.428737117330819206e+00
7.548000000000000398e+01,3.263078283024654913e-02,3.937819433364613264e+00,2.434737117330818990e+00
7.550000000000000000e+01,3.263078283024654913e-02,3.937819433364613264e+00,2.440737117330818773e+00
7.551999999999999602e+01,3.263078283024654913e-02,3.937819433364613264e+00,2.446737117330818556e+00
7.554000000000000625e+01,3.263078283024654913e-02,3.937819433364613264e+00,2.452737117330818339e+00
7.556000000000000227e+01,3.263078283024654913e-02,3.937819433364613264e+00,2.458737117330818123e+00
7.557999999999999829e+01,3.263078283024654913e-02,3.937819433364613264e+00,2.464737117330817906e+00
7.559999999999999432e+01,3.263078283024654913e-02,3.937819433364613264e+00,2.470737117330817689e+00
7.562000000000000455e+01,3.263078283024654913e-02,3.937819433364613264e+00,2.476737117330817473e+00
7.564000000000000057e+01,3.263078283024654913e-02,3.937819433364613264e+00,2.482737117330817256e+00
7.565999999999999659e+01,3.263078283024654913e-02,3.937819433364613264e+00,2.488737117330817039e+00
7.568000000000000682e+01,3.263078283024654913e-02,3.937819433364613264e+00,2.494737117330816822e+00
7.570000000000000284e+01,3.263078283024654913e-02,3.937819433364613264e+00,2.500737117330816606e+00
7.571999999999999886e+01,3.263078283024654913e-02,3.937819433364613264e+00,2.506737117330816389e+00
7.573999999999999488e+01,3.263078283024654913e-02,3.937819433364613264e+00,2.512737117330816172e+00
7.576000000000000512e+01,3.263078283024654913e-02,3.937819433364613264e+00,2.518737117330815956e+00
7.578000000000000114e+01,3.263078283024654913e-02,3.937819433364613264e+00,2.524737117330815739e+00
7.579999999999999716e+01,3.263078283024654913e-02,3.937819433364613264e+00,2.530737117330815522e+00
7.581999999999999318e+01,3.263078283024654913e-02,3.937819433364613264e+00,2.536737117330815305e+00
7.584000000000000341e+01,3.263078283024654913e-02,3.937819433364613264e+00,2.542737117330815089e+00
7.585999999999999943e+01,3.263078283024654913e-02,3.937819433364613264e+00,2.548737117330814872e+00
7.587999999999999545e+01,3.263078283024654913e-02,3.937819433364613264e+00,2.554737117330814655e+00
7.590000000000000568e+01,3.263078283024654913e-02,3.937819433364613264e+00,2.560737117330814439e+00
7.592000000000000171e+01,3.263078283024654913e-02,3.937819433364613264e+00,2.566737117330814222e+00
7.593999999999999773e+01,3.263078283024654913e-02,3.937819433364613264e+00,2.572737117330814005e+00
7.595999999999999375e+01,3.263078283024654913e-02,3.937819433364613264e+00,2.578737117330813788e+00
7.598000000000000398e+01,3.263078283024654913e-02,3.937819433364613264e+00,2.584737117330813572e+00
7.600000000000000000e+01,3.263078283024654913e-02,3.937819433364613264e+00,2.590737117330813355e+00
7.601999999999999602e+01,3.263078283024654913e-02,3.937819433364613264e+00,2.596737117330813138e+00
7.604000000000000625e+01,3.263078283024654913e-02,3.937819433364613264e+00,2.602737117330812922e+00
7.606000000000000227e+01,3.263078283024654913e-02,3.937819433364613264e+00,2.608737117330812705e+00
7.607999999999999829e+01,3.263078283024654913e-02,3.937819433364613264e+00,2.614737117330812488e+00
7.609999999999999432e+01,3.263078283024654913e-02,3.937819433364613264e+00,2.620737117330812271e+00
7.612000000000000455e+01,3.263078283024654913e-02,3.937819433364613264e+00,2.626737117330812055e+00
7.614000000000000057e+01,3.263078283024654913e-02,3.937819433364613264e+00,2.632737117330811838e+00
7.615999999999999659e+01,3.263078283024654913e-02,3.937819433364613264e+00,2.638737117330811621e+00
7.618000000000000682e+01,3.263078283024654913e-02,3.937819433364613264e+00,2.644737117330811405e+00
7.620000000000000284e+01,3.263078283024654913e-02,3.937819433364613264e+00,2.650737117330811188e+00
7.621999999999999886e+01,3.263078283024654913e-02,3.937819433364613264e+00,2.656737117330810971e+00
7.623999999999999488e+01,3.263078283024654913e-02,3.937819433364613264e+00,2.662737117330810754e+00
7.626000000000000512e+01,3.263078283024654913e-02,3.937819433364613264e+00,2.668737117330810538e+00
7.628000000000000114e+01,3.263078283024654913e-02,3.937819433364613264e+00,2.674737117330810321e+00
7.629999999999999716e+01,3.263078283024654913e-02,3.937819433364613264e+00,2.680737117330810104e+00
7.631999999999999318e+01,3.263078283024654913e-02,3.937819433364613264e+00,2.686737117330809888e+00
7.634000000000000341e+01,3.263078283024654913e-02,3.937819433364613264e+00,2.692737117330809671e+00
7.635999999999999943e+01,3.263078283024654913e-02,3.937819433364613264e+00,2.698737117330809454e+00
7.637999999999999545e+01,3.263078283024654913e-02,3.937819433364613264e+00,2.704737117330809237e+00
7.640000000000000568e+01,3.263078283024654913e-02,3.937819433364613264e+00,2.710737117330809021e+00
7.642000000000000171e+01,3.263078283024654913e-02,3.937819433364613264e+00,2.716737117330808804e+00
7.643999999999999773e+01,3.263078283024654913e-02,3.937819433364613264e+00,2.722737117330808587e+00
7.645999999999999375e+01,3.263078283024654913e-02,3.937819433364613264e+00,2.728737117330808370e+00
7.648000000000000398e+01,3.263078283024654913e-02,3.937819433364613264e+00,2.734737117330808154e+00
7.650000000000000000e+01,3.263078283024654913e-02,3.937819433364613264e+00,2.740737117330807937e+00
7.651999999999999602e+01,3.263078283024654913e-02,3.937819433364613264e+00,2.746737117330807720e+00
7.654000000000000625e+01,3.263078283024654913e-02,3.937819433364613264e+00,2.752737117330807504e+00
7.656000000000000227e+01,3.263078283024654913e-02,3.937819433364613264e+00,2.758737117330807287e+00
7.657999999999999829e+01,3.263078283024654913e-02,3.937819433364613264e+00,2.764737117330807070e+00
7.659999999999999432e+01,3.263078283024654913e-02,3.937819433364613264e+00,2.770737117330806853e+00
7.662000000000000455e+01,3.263078283024654913e-02,3.937819433364613264e+00,2.776737117330806637e+00
7.664000000000000057e+01,3.263078283024654913e-02,3.937819433364613264e+00,2.782737117330806420e+00
7.665999999999999659e+01,3.263078283024654913e-02,3.937819433364613264e+00,2.788737117330806203e+00
7.668000000000000682e+01,3.263078283024654913e-02,3.937819433364613264e+00,2.794737117330805987e+00
7.670000000000000284e+01,3.263078283024654913e-02,3.937819433364613264e+00,2.800737117330805770e+00
7.671999999999999886e+01,3.263078283024654913e-02,3.937819433364613264e+00,2.806737117330805553e+00
7.673999999999999488e+01,3.263078283024654913e-02,3.937819433364613264e+00,2.812737117330805336e+00
7.676000000000000512e+01,3.263078283024654913e-02,3.937819433364613264e+00,2.818737117330805120e+00
7.678000000000000114e+01,3.263078283024654913e-02,3.937819433364613264e+00,2.824737117330804903e+00
7.679999999999999716e+01,3.263078283024654913e-02,3.937819433364613264e+00,2.830737117330804686e+00
7.681999999999999318e+01,3.263078283024654913e-02,3.937819433364613264e+00,2.836737117330804470e+00
7.684000000000000341e+01,3.263078283024654913e-02,3.937819433364613264e+00,2.842737117330804253e+00
7.685999999999999943e+01,3.263078283024654913e-02,3.937819433364613264e+00,2.848737117330804036e+00
7.687999999999999545e+01,3.263078283024654913e-02,3.937819433364613264e+00,2.854737117330803819e+00
7.690000000000000568e+01,3.263078283024654913e-02,3.937819433364613264e+00,2.860737117330803603e+00
7.692000000000000171e+01,3.263078283024654913e-02,3.937819433364613264e+00,2.866737117330803386e+00
7.693999999999999773e+01,3.263078283024654913e-02,3.937819433364613264e+00,2.872737117330803169e+00
7.695999999999999375e+01,3.263078283024654913e-02,3.937819433364613264e+00,2.878737117330802953e+00
7.698000000000000398e+01,3.263078283024654913e-02,3.937819433364613264e+00,2.884737117330802736e+00
7.700000000000000000e+01,3.263078283024654913e-02,3.937819433364613264e+00,2.890737117330802519e+00
7.701999999999999602e+01,3.263078283024654913e-02,3.937819433364613264e+00,2.896737117330802302e+00
7.704000000000000625e+01,3.263078283024654913e-02,3.937819433364613264e+00,2.902737117330802086e+00
7.706000000000000227e+01,3.263078283024654913e-02,3.937819433364613264e+00,2.908737117330801869e+00
7.707999999999999829e+01,3.263078283024654913e-02,3.937819433364613264e+00,2.914737117330801652e+00
7.709999999999999432e+01,3.263078283024654913e-02,3.937819433364613264e+00,2.920737117330801436e+00
7.712000000000000455e+01,3.263078283024654913e-02,3.937819433364613264e+00,2.926737117330801219e+00
7.714000000000000057e+01,3.263078283024654913e-02,3.937819433364613264e+00,2.932737117330801002e+00
7.715999999999999659e+01,3.263078283024654913e-02,3.937819433364613264e+00,2.938737117330800785e+00
7.718000000000000682e+01,3.263078283024654913e-02,3.937819433364613264e+00,2.944737117330800569e+00
7.720000000000000284e+01,3.263078283024654913e-02,3.937819433364613264e+00,2.950737117330800352e+00
7.721999999999999886e+01,3.263078283024654913e-02,3.937819433364613264e+00,2.956737117330800135e+00
7.723999999999999488e+01,3.263078283024654913e-02,3.937819433364613264e+00,2.962737117330799919e+00
7.726000000000000512e+01,3.263078283024654913e-02,3.937819433364613264e+00,2.968737117330799702e+00
7.728000000000000114e+01,3.263078283024654913e-02,3.937819433364613264e+00,2.974737117330799485e+00
7.729999999999999716e+01,3.263078283024654913e-02,3.937819433364613264e+00,2.980737117330799268e+00
7.731999999999999318e+01,3.263078283024654913e-02,3.937819433364613264e+00,2.986737117330799052e+00
7.734000000000000341e+01,3.263078283024654913e-02,3.937819433364613264e+00,2.992737117330798835e+00
7.735999999999999943e+01,3.263078283024654913e-02,3.937819433364613264e+00,2.998737117330798618e+00
7.737999999999999545e+01,3.263078283024654913e-02,3.937819433364613264e+00,3.004737117330798402e+00
7.740000000000000568e+01,3.263078283024654913e-02,3.937819433364613264e+00,3.010737117330798185e+00
7.742000000000000171e+01,3.263078283024654913e-02,3.937819433364613264e+00,3.016737117330797968e+00
7.743999999999999773e+01,3.263078283024654913e-02,3.937819433364613264e+00,3.022737117330797751e+00
7.745999999999999375e+01,3.263078283024654913e-02,3.937819433364613264e+00,3.028737117330797535e+00
7.748000000000000398e+01,3.263078283024654913e-02,3.937819433364613264e+00,3.034737117330797318e+00
7.750000000000000000e+01,3.263078283024654913e-02,3.937819433364613264e+00,3.040737117330797101e+00
7.751999999999999602e+01,3.263078283024654913e-02,3.937819433364613264e+00,3.046737117330796885e+00
7.754000000000000625e+01,3.263078283024654913e-02,3.937819433364613264e+00,3.052737117330796668e+00
7.756000000000000227e+01,3.263078283024654913e-02,3.937819433364613264e+00,3.058737117330796451e+00
7.757999999999999829e+01,3.263078283024654913e-02,3.937819433364613264e+00,3.064737117330796234e+00
7.759999999999999432e+01,3.263078283024654913e-02,3.937819433364613264e+00,3.070737117330796018e+00
7.762000000000000455e+01,3.263078283024654913e-02,3.937819433364613264e+00,3.076737117330795801e+00
7.764000000000000057e+01,3.263078283024654913e-02,3.937819433364613264e+00,3.082737117330795584e+00
7.765999999999999659e+01,3.263078283024654913e-02,3.937819433364613264e+00,3.088737117330795368e+00
7.768000000000000682e+01,3.263078283024654913e-02,3.937819433364613264e+00,3.094737117330795151e+00
7.770000000000000284e+01,3.263078283024654913e-02,3.937819433364613264e+00,3.100737117330794934e+00
7.771999999999999886e+01,3.263078283024654913e-02,3.937819433364613264e+00,3.106737117330794717e+00
7.773999999999999488e+01,3.263078283024654913e-02,3.937819433364613264e+00,3.112737117330794501e+00
7.776000000000000512e+01,3.263078283024654913e-02,3.937819433364613264e+00,3.118737117330794284e+00
7.778000000000000114e+01,3.263078283024654913e-02,3.937819433364613264e+00,3.124737117330794067e+00
7.779999999999999716e+01,3.263078283024654913e-02,3.937819433364613264e+00,3.130737117330793851e+00
7.781999999999999318e+01,3.263078283024654913e-02,3.937819433364613264e+00,3.136737117330793634e+00
7.784000000000000341e+01,3.263078283024654913e-02,3.937819433364613264e+00,-3.140448189848793259e+00
7.785999999999999943e+01,3.263078283024654913e-02,3.937819433364613264e+00,-3.134448189848793476e+00
7.787999999999999545e+01,3.263078283024654913e-02,3.937819433364613264e+00,-3.128448189848793692e+00
7.790000000000000568e+01,3.263078283024654913e-02,3.937819433364613264e+00,-3.122448189848793909e+00
7.792000000000000171e+01,3.263078283024654913e-02,3.937819433364613264e+00,-3.116448189848794126e+00
7.793999999999999773e+01,3.263078283024654913e-02,3.937819433364613264e+00,-3.110448189848794343e+00
7.795999999999999375e+01,3.263078283024654913e-02,3.937819433364613264e+00,-3.104448189848794559e+00
7.798000000000000398e+01,3.263078283024654913e-02,3.937819433364613264e+00,-3.098448189848794776e+00
7.800000000000000000e+01,3.263078283024654913e-02,3.937819433364613264e+00,-3.092448189848794993e+00
7.801999999999999602e+01,3.263078283024654913e-02,3.937819433364613264e+00,-3.086448189848795209e+00
7.804000000000000625e+01,3.263078283024654913e-02,3.937819433364613264e+00,-3.080448189848795426e+00
7.806000000000000227e+01,3.263078283024654913e-02,3.937819433364613264e+00,-3.074448189848795643e+00
7.807999999999999829e+01,3.263078283024654913e-02,3.937819433364613264e+00,-3.068448189848795860e+00
7.809999999999999432e+01,3.263078283024654913e-02,3.937819433364613264e+00,-3.062448189848796076e+00
7.812000000000000455e+01,3.263078283024654913e-02,3.937819433364613264e+00,-3.056448189848796293e+00
7.814000000000000057e+01,3.263078283024654913e-02,3.937819433364613264e+00,-3.050448189848796510e+00
7.815999999999999659e+01,3.263078283024654913e-02,3.937819433364613264e+00,-3.044448189848796726e+00
7.818000000000000682e+01,3.263078283024654913e-02,3.937819433364613264e+00,-3.038448189848796943e+00
7.820000000000000284e+01,3.263078283024654913e-02,3.937819433364613264e+00,-3.032448189848797160e+00
7.821999999999999886e+01,3.263078283024654913e-02,3.937819433364613264e+00,-3.026448189848797377e+00
7.823999999999999488e+01,3.263078283024654913e-02,3.937819433364613264e+00,-3.020448189848797593e+00
7.826000000000000512e+01,3.263078283024654913e-02,3.937819433364613264e+00,-3.014448189848797810e+00
7.828000000000000114e+01,3.263078283024654913e-02,3.937819433364613264e+00,-3.008448189848798027e+00
7.829999999999999716e+01,3.263078283024654913e-02,3.937819433364613264e+00,-3.002448189848798243e+00
7.831999999999999318e+01,3.263078283024654913e-02,3.937819433364613264e+00,-2.996448189848798460e+00
7.834000000000000341e+01,3.263078283024654913e-02,3.937819433364613264e+00,-2.990448189848798677e+00
7.835999999999999943e+01,3.263078283024654913e-02,3.937819433364613264e+00,-2.984448189848798894e+00
7.837999999999999545e+01,3.263078283024654913e-02,3.937819433364613264e+00,-2.978448189848799110e+00
7.840000000000000568e+01,3.263078283024654913e-02,3.937819433364613264e+00,-2.972448189848799327e+00
7.842000000000000171e+01,3.263078283024654913e-02,3.937819433364613264e+00,-2.966448189848799544e+00
7.843999999999999773e+01,3.263078283024654913e-02,3.937819433364613264e+00,-2.960448189848799760e+00
7.845999999999999375e+01,3.263078283024654913e-02,3.937819433364613264e+00,-2.954448189848799977e+00
7.848000000000000398e+01,3.263078283024654913e-02,3.937819433364613264e+00,-2.948448189848800194e+00
7.850000000000000000e+01,3.263078283024654913e-02,3.937819433364613264e+00,-2.942448189848800411e+00
7.851999999999999602e+01,3.263078283024654913e-02,3.937819433364613264e+00,-2.936448189848800627e+00
7.854000000000000625e+01,3.263078283024654913e-02,3.937819433364613264e+00,-2.930448189848800844e+00
7.856000000000000227e+01,3.263078283024654913e-02,3.937819433364613264e+00,-2.924448189848801061e+00
7.857999999999999829e+01,3.263078283024654913e-02,3.937819433364613264e+00,-2.918448189848801277e+00
7.859999999999999432e+01,3.263078283024654913e-02,3.937819433364613264e+00,-2.912448189848801494e+00
7.862000000000000455e+01,3.263078283024654913e-02,3.937819433364613264e+00,-2.906448189848801711e+00
7.864000000000000057e+01,3.263078283024654913e-02,3.937819433364613264e+00,-2.900448189848801928e+00
7.865999999999999659e+01,3.263078283024654913e-02,3.937819433364613264e+00,-2.894448189848802144e+00
7.868000000000000682e+01,3.263078283024654913e-02,3.937819433364613264e+00,-2.888448189848802361e+00
7.870000000000000284e+01,3.263078283024654913e-02,3.937819433364613264e+00,-2.882448189848802578e+00
7.871999999999999886e+01,3.263078283024654913e-02,3.937819433364613264e+00,-2.876448189848802794e+00
7.873999999999999488e+01,3.263078283024654913e-02,3.937819433364613264e+00,-2.870448189848803011e+00
7.876000000000000512e+01,3.263078283024654913e-02,3.937819433364613264e+00,-2.864448189848803228e+00
7.878000000000000114e+01,3.263078283024654913e-02,3.937819433364613264e+00,-2.858448189848803445e+00
7.879999999999999716e+01,3.263078283024654913e-02,3.937819433364613264e+00,-2.852448189848803661e+00
7.881999999999999318e+01,3.263078283024654913e-02,3.937819433364613264e+00,-2.846448189848803878e+00
7.884000000000000341e+01,3.263078283024654913e-02,3.937819433364613264e+00,-2.840448189848804095e+00
7.885999999999999943e+01,3.263078283024654913e-02,3.937819433364613264e+00,-2.834448189848804311e+00
7.887999999999999545e+01,3.263078283024654913e-02,3.937819433364613264e+00,-2.828448189848804528e+00
7.890000000000000568e+01,3.263078283024654913e-02,3.937819433364613264e+00,-2.822448189848804745e+00
7.892000000000000171e+01,3.263078283024654913e-02,3.937819433364613264e+00,-2.816448189848804962e+00
7.893999999999999773e+01,3.263078283024654913e-02,3.937819433364613264e+00,-2.810448189848805178e+00
7.895999999999999375e+01,3.263078283024654913e-02,3.937819433364613264e+00,-2.804448189848805395e+00
7.898000000000000398e+01,3.263078283024654913e-02,3.937819433364613264e+00,-2.798448189848805612e+00
7.900000000000000000e+01,3.263078283024654913e-02,3.937819433364613264e+00,-2.792448189848805828e+00
7.901999999999999602e+01,3.263078283024654913e-02,3.937819433364613264e+00,-2.786448189848806045e+00
7.904000000000000625e+01,3.263078283024654913e-02,3.937819433364613264e+00,-2.780448189848806262e+00
7.906000000000000227e+01,3.263078283024654913e-02,3.937819433364613264e+00,-2.774448189848806479e+00
7.907999999999999829e+01,3.263078283024654913e-02,3.937819433364613264e+00,-2.768448189848806695e+00
7.909999999999999432e+01,3.263078283024654913e-02,3.937819433364613264e+00,-2.762448189848806912e+00
7.912000000000000455e+01,3.263078283024654913e-02,3.937819433364613264e+00,-2.756448189848807129e+00
7.914000000000000057e+01,3.263078283024654913e-02,3.937819433364613264e+00,-2.750448189848807345e+00
7.915999999999999659e+01,3.263078283024654913e-02,3.937819433364613264e+00,-2.744448189848807562e+00
7.918000000000000682e+01,3.263078283024654913e-02,3.937819433364613264e+00,-2.738448189848807779e+00
7.920000000000000284e+01,3.263078283024654913e-02,3.937819433364613264e+00,-2.732448189848807996e+00
7.921999999999999886e+01,3.263078283024654913e-02,3.937819433364613264e+00,-2.726448189848808212e+00
7.923999999999999488e+01,3.263078283024654913e-02,3.937819433364613264e+00,-2.720448189848808429e+00
7.926000000000000512e+01,3.263078283024654913e-02,3.937819433364613264e+00,-2.714448189848808646e+00
7.928000000000000114e+01,3.263078283024654913e-02,3.937819433364613264e+00,-2.708448189848808862e+00
7.929999999999999716e+01,3.263078283024654913e-02,3.937819433364613264e+00,-2.702448189848809079e+00
7.931999999999999318e+01,3.263078283024654913e-02,3.937819433364613264e+00,-2.696448189848809296e+00
7.934000000000000341e+01,3.263078283024654913e-02,3.937819433364613264e+00,-2.690448189848809513e+00
7.935999999999999943e+01,3.263078283024654913e-02,3.937819433364613264e+00,-2.684448189848809729e+00
7.937999999999999545e+01,3.263078283024654913e-02,3.937819433364613264e+00,-2.678448189848809946e+00
7.940000000000000568e+01,3.263078283024654913e-02,3.937819433364613264e+00,-2.672448189848810163e+00
7.942000000000000171e+01,3.263078283024654913e-02,3.937819433364613264e+00,-2.666448189848810379e+00
7.943999999999999773e+01,3.263078283024654913e-02,3.937819433364613264e+00,-2.660448189848810596e+00
7.945999999999999375e+01,3.263078283024654913e-02,3.937819433364613264e+00,-2.654448189848810813e+00
7.948000000000000398e+01,3.263078283024654913e-02,3.937819433364613264e+00,-2.648448189848811030e+00
7.950000000000000000e+01,3.263078283024654913e-02,3.937819433364613264e+00,-2.642448189848811246e+00
7.951999999999999602e+01,3.263078283024654913e-02,3.937819433364613264e+00,-2.636448189848811463e+00
7.954000000000000625e+01,3.263078283024654913e-02,3.937819433364613264e+00,-2.630448189848811680e+00
7.956000000000000227e+01,3.263078283024654913e-02,3.937819433364613264e+00,-2.624448189848811896e+00
7.957999999999999829e+01,3.263078283024654913e-02,3.937819433364613264e+00,-2.618448189848812113e+00
7.959999999999999432e+01,3.263078283024654913e-02,3.937819433364613264e+00,-2.612448189848812330e+00
7.962000000000000455e+01,3.263078283024654913e-02,3.937819433364613264e+00,-2.606448189848812547e+00
7.964000000000000057e+01,3.263078283024654913e-02,3.937819433364613264e+00,-2.600448189848812763e+00
7.965999999999999659e+01,3.263078283024654913e-02,3.937819433364613264e+00,-2.594448189848812980e+00
7.968000000000000682e+01,3.263078283024654913e-02,3.937819433364613264e+00,-2.588448189848813197e+00
7.970000000000000284e+01,3.263078283024654913e-02,3.937819433364613264e+00,-2.582448189848813414e+00
7.971999999999999886e+01,3.263078283024654913e-02,3.937819433364613264e+00,-2.576448189848813630e+00
7.973999999999999488e+01,3.263078283024654913e-02,3.937819433364613264e+00,-2.570448189848813847e+00
7.976000000000000512e+01,3.263078283024654913e-02,3.937819433364613264e+00,-2.564448189848814064e+00
7.978000000000000114e+01,3.263078283024654913e-02,3.937819433364613264e+00,-2.558448189848814280e+00
7.979999999999999716e+01,3.263078283024654913e-02,3.937819433364613264e+00,-2.552448189848814497e+00
7.981999999999999318e+01,3.263078283024654913e-02,3.937819433364613264e+00,-2.546448189848814714e+00
7.984000000000000341e+01,3.263078283024654913e-02,3.937819433364613264e+00,-2.540448189848814931e+00
7.985999999999999943e+01,3.263078283024654913e-02,3.937819433364613264e+00,-2.534448189848815147e+00
7.987999999999999545e+01,3.263078283024654913e-02,3.937819433364613264e+00,-2.528448189848815364e+00
7.990000000000000568e+01,3.263078283024654913e-02,3.937819433364613264e+00,-2.522448189848815581e+00
7.992000000000000171e+01,3.263078283024654913e-02,3.937819433364613264e+00,-2.516448189848815797e+00
7.993999999999999773e+01,3.263078283024654913e-02,3.937819433364613264e+00,-2.510448189848816014e+00
7.995999999999999375e+01,3.263078283024654913e-02,3.937819433364613264e+00,-2.504448189848816231e+00
7.998000000000000398e+01,3.263078283024654913e-02,3.937819433364613264e+00,-2.498448189848816448e+00
8.000000000000000000e+01,3.263078283024654913e-02,3.937819433364613264e+00,-2.492448189848816664e+00
8.001999999999999602e+01,3.263078283024654913e-02,3.937819433364613264e+00,-2.486448189848816881e+00
8.004000000000000625e+01,3.263078283024654913e-02,3.937819433364613264e+00,-2.480448189848817098e+00
8.006000000000000227e+01,3.263078283024654913e-02,3.937819433364613264e+00,-2.474448189848817314e+00
8.007999999999999829e+01,3.263078283024654913e-02,3.937819433364613264e+00,-2.468448189848817531e+00
8.009999999999999432e+01,3.263078283024654913e-02,3.937819433364613264e+00,-2.462448189848817748e+00
8.012000000000000455e+01,3.263078283024654913e-02,3.937819433364613264e+00,-2.456448189848817965e+00
8.014000000000000057e+01,3.263078283024654913e-02,3.937819433364613264e+00,-2.450448189848818181e+00
8.015999999999999659e+01,3.263078283024654913e-02,3.937819433364613264e+00,-2.444448189848818398e+00
8.018000000000000682e+01,3.263078283024654913e-02,3.937819433364613264e+00,-2.438448189848818615e+00
8.020000000000000284e+01,3.263078283024654913e-02,3.937819433364613264e+00,-2.432448189848818831e+00
8.021999999999999886e+01,3.263078283024654913e-02,3.937819433364613264e+00,-2.426448189848819048e+00
8.023999999999999488e+01,3.263078283024654913e-02,3.937819433364613264e+00,-2.420448189848819265e+00
8.026000000000000512e+01,3.263078283024654913e-02,3.937819433364613264e+00,-2.414448189848819482e+00
8.028000000000000114e+01,3.263078283024654913e-02,3.937819433364613264e+00,-2.408448189848819698e+00
8.029999999999999716e+01,3.263078283024654913e-02,3.937819433364613264e+00,-2.402448189848819915e+00
8.031999999999999318e+01,3.263078283024654913e-02,3.937819433364613264e+00,-2.396448189848820132e+00
8.034000000000000341e+01,3.263078283024654913e-02,3.937819433364613264e+00,-2.390448189848820348e+00
8.035999999999999943e+01,3.263078283024654913e-02,3.937819433364613264e+00,-2.384448189848820565e+00
8.037999999999999545e+01,3.263078283024654913e-02,3.937819433364613264e+00,-2.378448189848820782e+00
8.040000000000000568e+01,3.263078283024654913e-02,3.937819433364613264e+00,-2.372448189848820999e+00
8.042000000000000171e+01,3.263078283024654913e-02,3.937819433364613264e+00,-2.366448189848821215e+00
8.043999999999999773e+01,3.263078283024654913e-02,3.937819433364613264e+00,-2.360448189848821432e+00
8.045999999999999375e+01,3.263078283024654913e-02,3.937819433364613264e+00,-2.354448189848821649e+00
8.048000000000000398e+01,3.263078283024654913e-02,3.937819433364613264e+00,-2.348448189848821865e+00
8.050000000000000000e+01,3.263078283024654913e-02,3.937819433364613264e+00,-2.342448189848822082e+00
8.051999999999999602e+01,3.263078283024654913e-02,3.937819433364613264e+00,-2.336448189848822299e+00
8.054000000000000625e+01,3.263078283024654913e-02,3.937819433364613264e+00,-2.330448189848822516e+00
8.056000000000000227e+01,3.263078283024654913e-02,3.937819433364613264e+00,-2.324448189848822732e+00
8.057999999999999829e+01,3.263078283024654913e-02,3.937819433364613264e+00,-2.318448189848822949e+00
8.059999999999999432e+01,3.263078283024654913e-02,3.937819433364613264e+00,-2.312448189848823166e+00
8.062000000000000455e+01,3.263078283024654913e-02,3.937819433364613264e+00,-2.306448189848823382e+00
8.064000000000000057e+01,3.263078283024654913e-02,3.937819433364613264e+00,-2.300448189848823599e+00
8.065999999999999659e+01,3.263078283024654913e-02,3.937819433364613264e+00,-2.294448189848823816e+00
8.068000000000000682e+01,3.263078283024654913e-02,3.937819433364613264e+00,-2.288448189848824033e+00
8.070000000000000284e+01,3.263078283024654913e-02,3.937819433364613264e+00,-2.282448189848824249e+00
8.071999999999999886e+01,3.263078283024654913e-02,3.937819433364613264e+00,-2.276448189848824466e+00
8.073999999999999488e+01,3.263078283024654913e-02,3.937819433364613264e+00,-2.270448189848824683e+00
8.076000000000000512e+01,3.263078283024654913e-02,3.937819433364613264e+00,-2.264448189848824899e+00
8.078000000000000114e+01,3.263078283024654913e-02,3.937819433364613264e+00,-2.258448189848825116e+00
8.079999999999999716e+01,3.263078283024654913e-02,3.937819433364613264e+00,-2.252448189848825333e+00
8.081999999999999318e+01,3.263078283024654913e-02,3.937819433364613264e+00,-2.246448189848825550e+00
8.084000000000000341e+01,3.263078283024654913e-02,3.937819433364613264e+00,-2.240448189848825766e+00
8.085999999999999943e+01,3.263078283024654913e-02,3.937819433364613264e+00,-2.234448189848825983e+00
8.087999999999999545e+01,3.263078283024654913e-02,3.937819433364613264e+00,-2.228448189848826200e+00
8.090000000000000568e+01,3.263078283024654913e-02,3.937819433364613264e+00,-2.222448189848826416e+00
8.092000000000000171e+01,3.263078283024654913e-02,3.937819433364613264e+00,-2.216448189848826633e+00
8.093999999999999773e+01,3.263078283024654913e-02,3.937819433364613264e+00,-2.210448189848826850e+00
8.095999999999999375e+01,3.263078283024654913e-02,3.937819433364613264e+00,-2.204448189848827067e+00
8.098000000000000398e+01,3.263078283024654913e-02,3.937819433364613264e+00,-2.198448189848827283e+00
8.100000000000000000e+01,3.263078283024654913e-02,3.937819433364613264e+00,-2.192448189848827500e+00
8.101999999999999602e+01,3.263078283024654913e-02,3.937819433364613264e+00,-2.186448189848827717e+00
8.104000000000000625e+01,3.263078283024654913e-02,3.937819433364613264e+00,-2.180448189848827933e+00
8.106000000000000227e+01,3.263078283024654913e-02,3.937819433364613264e+00,-2.174448189848828150e+00
8.107999999999999829e+01,3.263078283024654913e-02,3.937819433364613264e+00,-2.168448189848828367e+00
8.109999999999999432e+01,3.263078283024654913e-02,3.937819433364613264e+00,-2.162448189848828584e+00
8.112000000000000455e+01,3.263078283024654913e-02,3.937819433364613264e+00,-2.156448189848828800e+00
8.114000000000000057e+01,3.263078283024654913e-02,3.937819433364613264e+00,-2.150448189848829017e+00
8.115999999999999659e+01,3.263078283024654913e-02,3.937819433364613264e+00,-2.144448189848829234e+00
8.118000000000000682e+01,3.263078283024654913e-02,3.937819433364613264e+00,-2.138448189848829450e+00
8.120000000000000284e+01,3.263078283024654913e-02,3.937819433364613264e+00,-2.132448189848829667e+00
8.121999999999999886e+01,3.263078283024654913e-02,3.937819433364613264e+00,-2.126448189848829884e+00
8.123999999999999488e+01,3.263078283024654913e-02,3.937819433364613264e+00,-2.120448189848830101e+00
8.126000000000000512e+01,3.263078283024654913e-02,3.937819433364613264e+00,-2.114448189848830317e+00
8.128000000000000114e+01,3.263078283024654913e-02,3.937819433364613264e+00,-2.108448189848830534e+00
8.129999999999999716e+01,3.263078283024654913e-02,3.937819433364613264e+00,-2.102448189848830751e+00
8.131999999999999318e+01,3.263078283024654913e-02,3.937819433364613264e+00,-2.096448189848830967e+00
8.134000000000000341e+01,3.263078283024654913e-02,3.937819433364613264e+00,-2.090448189848831184e+00
8.135999999999999943e+01,3.263078283024654913e-02,3.937819433364613264e+00,-2.084448189848831401e+00
8.137999999999999545e+01,3.263078283024654913e-02,3.937819433364613264e+00,-2.078448189848831618e+00
8.140000000000000568e+01,3.263078283024654913e-02,3.937819433364613264e+00,-2.072448189848831834e+00
8.142000000000000171e+01,3.263078283024654913e-02,3.937819433364613264e+00,-2.066448189848832051e+00
8.143999999999999773e+01,3.263078283024654913e-02,3.937819433364613264e+00,-2.060448189848832712e+00
8.145999999999999375e+01,3.263078283024654913e-02,3.937819433364613264e+00,-2.054448189848832484e+00
8.148000000000000398e+01,3.263078283024654913e-02,3.937819433364613264e+00,-2.048448189848832701e+00
8.150000000000000000e+01,3.263078283024654913e-02,3.937819433364613264e+00,-2.042448189848832918e+00
8.151999999999999602e+01,3.263078283024654913e-02,3.937819433364613264e+00,-2.036448189848833135e+00
8.154000000000000625e+01,3.263078283024654913e-02,3.937819433364613264e+00,-2.030448189848833351e+00
8.156000000000000227e+01,3.263078283024654913e-02,3.937819433364613264e+00,-2.024448189848833124e+00
8.157999999999999829e+01,3.263078283024654913e-02,3.937819433364613264e+00,-2.018448189848833785e+00
8.159999999999999432e+01,3.263078283024654913e-02,3.937819433364613264e+00,-2.012448189848834001e+00
8.162000000000000455e+01,3.263078283024654913e-02,3.937819433364613264e+00,-2.006448189848834218e+00
8.164000000000000057e+01,3.263078283024654913e-02,3.937819433364613264e+00,-2.000448189848834435e+00
8.165999999999999659e+01,3.263078283024654913e-02,3.937819433364613264e+00,-1.994448189848834208e+00
8.168000000000000682e+01,3.263078283024654913e-02,3.937819433364613264e+00,-1.988448189848834424e+00
8.170000000000000284e+01,3.263078283024654913e-02,3.937819433364613264e+00,-1.982448189848834419e+00
8.171999999999999886e+01,3.263078283024654913e-02,3.937819433364613264e+00,-1.976448189848834636e+00
8.173999999999999488e+01,3.263078283024654913e-02,3.937819433364613264e+00,-1.970448189848834186e+00
8.176000000000000512e+01,3.263078283024654913e-02,3.937819433364613264e+00,-1.964448189848834181e+00
8.178000000000000114e+01,3.263078283024654913e-02,3.937819433364613264e+00,-1.958448189848834398e+00
8.179999999999999716e+01,3.263078283024654913e-02,3.937819433364613264e+00,-1.952448189848834392e+00
8.181999999999999318e+01,3.263078283024654913e-02,3.937819433364613264e+00,-1.946448189848834387e+00
8.184000000000000341e+01,3.263078283024654913e-02,3.937819433364613264e+00,-1.940448189848834382e+00
8.185999999999999943e+01,3.263078283024654913e-02,3.937819433364613264e+00,-1.934448189848834376e+00
8.187999999999999545e+01,3.263078283024654913e-02,3.937819433364613264e+00,-1.928448189848834371e+00
8.190000000000000568e+01,3.263078283024654913e-02,3.937819433364613264e+00,-1.922448189848834366e+00
8.192000000000000171e+01,3.263078283024654913e-02,3.937819433364613264e+00,-1.916448189848834582e+00
8.193999999999999773e+01,3.263078283024654913e-02,3.937819433364613264e+00,-1.910448189848834577e+00
8.195999999999999375e+01,3.263078283024654913e-02,3.937819433364613264e+00,-1.904448189848834350e+00
8.198000000000000398e+01,3.263078283024654913e-02,3.937819433364613264e+00,-1.898448189848834122e+00
8.200000000000000000e+01,3.263078283024654913e-02,3.937819433364613264e+00,-1.892448189848834339e+00
8.201999999999999602e+01,3.263078283024654913e-02,3.937819433364613264e+00,-1.886448189848834334e+00
8.204000000000000625e+01,3.263078283024654913e-02,3.937819433364613264e+00,-1.880461500195252045e+00
8.206000000000000227e+01,3.263078283024654913e-02,3.937819433364613264e+00,-1.874474810541669756e+00
8.207999999999999829e+01,3.263078283024654913e-02,3.937819433364613264e+00,-1.868488120888087467e+00
8.209999999999999432e+01,3.263078283024654913e-02,3.937819433364613264e+00,-1.862501431234505178e+00
8.212000000000000455e+01,3.263078283024654913e-02,3.937819433364613264e+00,-1.856514741580922889e+00
8.214000000000000057e+01,3.263078283024654913e-02,3.937819433364613264e+00,-1.851129981775488931e+00
8.215999999999999659e+01,3.263078283024654913e-02,3.937819433364613264e+00,-1.845745221970054306e+00
8.218000000000000682e+01,3.263078283024654913e-02,3.937819433364613264e+00,-1.840360462164619904e+00
8.220000000000000284e+01,3.263078283024654913e-02,3.937819433364613264e+00,-1.834975702359185501e+00
8.221999999999999886e+01,3.263078283024654913e-02,3.937819433364613264e+00,-1.829590942553751098e+00
8.223999999999999488e+01,3.263078283024654913e-02,3.937819433364613264e+00,-1.824759449898710972e+00
8.226000000000000512e+01,3.263078283024654913e-02,3.937819433364613264e+00,-1.819927957243670402e+00
8.228000000000000114e+01,3.263078283024654913e-02,3.937819433364613264e+00,-1.815096464588630054e+00
8.229999999999999716e+01,3.263078283024654913e-02,3.937819433364613264e+00,-1.810264971933589706e+00
8.231999999999999318e+01,3.263078283024654913e-02,3.937819433364613264e+00,-1.805433479278549358e+00
8.234000000000000341e+01,3.263078283024654913e-02,3.937819433364613264e+00,-1.801098672305063708e+00
8.235999999999999943e+01,3.263078283024654913e-02,3.937819433364613264e+00,-1.796763865331577614e+00
8.237999999999999545e+01,3.263078283024654913e-02,3.937819433364613264e+00,-1.792429058358091742e+00
8.240000000000000568e+01,3.263078283024654913e-02,3.937819433364613264e+00,-1.788094251384605871e+00
8.242000000000000171e+01,3.263078283024654913e-02,3.937819433364613264e+00,-1.783759444411119999e+00
8.243999999999999773e+01,3.179295957728672795e-02,3.933908163490361432e+00,-1.779870268920668464e+00
8.245999999999999375e+01,3.097035423722844724e-02,3.929993664762946093e+00,-1.775981093430217150e+00
8.248000000000000398e+01,3.016297925252608980e-02,3.926075996391770850e+00,-1.772091917939766059e+00
8.250000000000000000e+01,2.937084683526479043e-02,3.922155217634182733e+00,-1.768202742449314524e+00
8.251999999999999602e+01,2.859396896697568788e-02,3.918231387794575582e+00,-1.764313566958863433e+00
8.254000000000000625e+01,2.783160180082776269e-02,3.914304712364928829e+00,-1.760809191918758954e+00
8.256000000000000227e+01,2.708299983105666095e-02,3.910375389431309134e+00,-1.757304816878654474e+00
8.257999999999999829e+01,2.634817225096757268e-02,3.906443467248285284e+00,-1.753800441838549995e+00
8.259999999999999432e+01,2.562712808470747269e-02,3.902508994102346307e+00,-1.750296066798445516e+00
8.262000000000000455e+01,2.491987618715424402e-02,3.898572018311308174e+00,-1.746791691758341036e+00
8.264000000000000057e+01,2.422575013303182936e-02,3.894632706735298378e+00,-1.743630033746740970e+00
8.265999999999999659e+01,2.354408228343145282e-02,3.890691220262568084e+00,-1.740468375735140905e+00
8.268000000000000682e+01,2.287487945235491815e-02,3.886747598292503714e+00,-1.737306717723540617e+00
8.270000000000000284e+01,2.221814832920232172e-02,3.882801880245838611e+00,-1.734145059711940773e+00
8.271999999999999886e+01,2.157389547870617805e-02,3.878854105564258692e+00,-1.730983401700340485e+00
8.273999999999999488e+01,2.094151702348164001e-02,3.874904411064770127e+00,-1.728130760456647375e+00
8.276000000000000512e+01,2.032040818741301380e-02,3.870952928689296524e+00,-1.725278119212954486e+00
8.278000000000000114e+01,1.971057402480865320e-02,3.866999690593249106e+00,-1.722425477969261376e+00
8.279999999999999716e+01,1.911201949822834492e-02,3.863044728946326334e+00,-1.719572836725568044e+00
8.281999999999999318e+01,1.852474947844344813e-02,3.859088075932251893e+00,-1.716720195481874933e+00
8.284000000000000341e+01,1.794821707062076166e-02,3.855129843808013934e+00,-1.714146280630519659e+00
8.285999999999999943e+01,1.738187471377168614e-02,3.851170140851798873e+00,-1.711572365779164384e+00
8.287999999999999545e+01,1.682572615993356557e-02,3.847208993296773460e+00,-1.708998450927808666e+00
8.290000000000000568e+01,1.627977509360940822e-02,3.843246427385675013e+00,-1.706424536076453169e+00
8.292000000000000171e+01,1.574402513174391269e-02,3.839282469370637330e+00,-1.703850621225097450e+00
8.293999999999999773e+01,1.521798132761044420e-02,3.835317211406250149e+00,-1.701528122539066379e+00
8.295999999999999375e+01,1.470114824034937998e-02,3.831350742401213871e+00,-1.699205623853035307e+00
8.298000000000000398e+01,1.419352865775740970e-02,3.827383083750652837e+00,-1.696883125167003792e+00
8.300000000000000000e+01,1.369512531793316487e-02,3.823414256856108917e+00,-1.694560626480972498e+00
8.301999999999999602e+01,1.320594090926307043e-02,3.819444283125425610e+00,-1.692238127794941205e+00
8.304000000000000625e+01,1.272552775107285879e-02,3.815473238257705901e+00,-1.690142418894922782e+00
8.306000000000000227e+01,1.225343779584839310e-02,3.811501195304994649e+00,-1.688046709994904804e+00
8.307999999999999829e+01,1.178967311700598875e-02,3.807528171712481591e+00,-1.685951001094886603e+00
8.309999999999999432e+01,1.133423575139749263e-02,3.803554184929663684e+00,-1.683855292194868403e+00
8.312000000000000455e+01,1.088712769930096080e-02,3.799579252410266950e+00,-1.681759583294850424e+00
8.314000000000000057e+01,1.044794421610100235e-02,3.795603436380870388e+00,-1.679868456850313052e+00
8.315999999999999659e+01,1.001628028458985235e-02,3.791626796909941088e+00,-1.677977330405775902e+00
8.318000000000000682e+01,9.592137448552516890e-03,3.787649348219365830e+00,-1.676086203961238974e+00
8.320000000000000284e+01,9.175517224875405844e-03,3.783671104533925522e+00,-1.674195077516701602e+00
8.321999999999999886e+01,8.766421103541874663e-03,3.779692080081245020e+00,-1.672303951072164230e+00
8.323999999999999488e+01,8.364483291636070142e-03,3.775712326054652124e+00,-1.670597380339968074e+00
8.326000000000000512e+01,7.969337793475073789e-03,3.771731891888370214e+00,-1.668890809607772141e+00
8.328000000000000114e+01,7.580985759874165480e-03,3.767750789174947545e+00,-1.667184238875575986e+00
8.329999999999999716e+01,7.199428321862554742e-03,3.763769029508880148e+00,-1.665477668143380052e+00
8.331999999999999318e+01,6.824666590682344249e-03,3.759786624486576745e+00,-1.663771097411183897e+00
8.334000000000000341e+01,6.456370073265844250e-03,3.755803616262531008e+00,-1.662231021415988108e+00
8.335999999999999943e+01,6.094208125548269961e-03,3.751820045557600292e+00,-1.660690945420792097e+00
8.337999999999999545e+01,5.738181606517252405e-03,3.747835921820151572e+00,-1.659150869425596309e+00
8.340000000000000568e+01,5.388291360608277528e-03,3.743851254499863224e+00,-1.657610793430400298e+00
8.342000000000000171e+01,5.044538217703247243e-03,3.739866053047703254e+00,-1.656070717435204509e+00
8.343999999999999773e+01,4.706623647934523799e-03,3.735880352209972610e+00,-1.654680847419331080e+00
8.345999999999999375e+01,4.374249008850071910e-03,3.731894185564730293e+00,-1.653290977403457429e+00
8.348000000000000398e+01,4.047414942510854131e-03,3.727907560812207421e+00,-1.651901107387583556e+00
8.350000000000000000e+01,3.726122080274920940e-03,3.723920485653519741e+00,-1.650511237371710127e+00
8.351999999999999602e+01,3.410371042795493860e-03,3.719932967790653411e+00,-1.649121367355836254e+00
8.354000000000000625e+01,3.099892222318827769e-03,3.715945035895026116e+00,-1.647867012371667217e+00
8.356000000000000227e+01,2.794415927034778549e-03,3.711956717686163199e+00,-1.646612657387498180e+00
8.357999999999999829e+01,2.493942637581664408e-03,3.707968019439309870e+00,-1.645358302403328699e+00
8.359999999999999432e+01,2.198472826726124985e-03,3.703978947430308200e+00,-1.644103947419159439e+00
8.362000000000000455e+01,1.908006959362413364e-03,3.699989507935589117e+00,-1.642849592434990180e+00
8.364000000000000057e+01,1.622301583638322822e-03,3.695999724642045070e+00,-1.641717502170550347e+00
8.365999999999999659e+01,1.341113184857788479e-03,3.692009620461005337e+00,-1.640585411906110291e+00
8.368000000000000682e+01,1.064442123399106117e-03,3.688019200506299722e+00,-1.639453321641670902e+00
8.370000000000000284e+01,7.922887538517889771e-04,3.684028469892163482e+00,-1.638321231377230625e+00
8.371999999999999886e+01,5.246534250157832346e-04,3.680037433733229335e+00,-1.637189141112791013e+00
8.373999999999999488e+01,2.613163287639384802e-04,3.676046111623739510e+00,-1.636167364235254551e+00
8.376000000000000512e+01,2.057609910630542500e-06,3.672054522526066123e+00,-1.635145587357718089e+00
8.378000000000000114e+01,-2.531224608713354999e-04,3.668062670607540099e+00,-1.634123810480181627e+00
8.379999999999999716e+01,-5.042236171663010700e-04,3.664070560035765478e+00,-1.633102033602645164e+00
8.381999999999999318e+01,-7.512455968179271044e-04,3.660078194978617638e+00,-1.632080256725108924e+00
8.384000000000000341e+01,-9.943868427851700921e-04,3.656085591667435519e+00,-1.631158013200439516e+00
8.385999999999999943e+01,-1.233845833324392471e-03,3.652092765818765407e+00,-1.630235769675770108e+00
8.387999999999999545e+01,-1.469622364767557378e-03,3.648099720828638315e+00,-1.629313526151100922e+00
8.390000000000000568e+01,-1.701716236579471110e-03,3.644106460093270883e+00,-1.628391282626431291e+00
8.392000000000000171e+01,-1.930127251355375981e-03,3.640112987009063605e+00,-1.627469039101762105e+00
8.393999999999999773e+01,-2.155034551422940411e-03,3.636119315041757005e+00,-1.626636605103950028e+00
8.395999999999999375e+01,-2.376617305627819633e-03,3.632125457237689314e+00,-1.625804171106137952e+00
8.398000000000000398e+01,-2.594875360425664967e-03,3.628131416364389406e+00,-1.624971737108326320e+00
8.400000000000000000e+01,-2.809808564575706508e-03,3.624137195189513161e+00,-1.624139303110514465e+00
8.401999999999999602e+01,-3.021416769140219255e-03,3.620142796480841696e+00,-1.623306869112702389e+00
8.404000000000000625e+01,-3.229861684872560677e-03,3.616148231427633419e+00,-1.622555473275190119e+00
8.406000000000000227e+01,-3.435305042490154667e-03,3.612153510877455176e+00,-1.621804077437677627e+00
8.407999999999999829e+01,-3.637746726000796234e-03,3.608158637085708609e+00,-1.621052681600165135e+00
8.409999999999999432e+01,-3.837186621106731393e-03,3.604163612307882403e+00,-1.620301285762652865e+00
8.412000000000000455e+01,-4.033624615204658460e-03,3.600168438799550064e+00,-1.619549889925139929e+00
8.414000000000000057e+01,-4.227206678434087400e-03,3.596173125874208676e+00,-1.618871619811814488e+00
8.415999999999999659e+01,-4.418078795991807819e-03,3.592177682566972230e+00,-1.618193349698488825e+00
8.418000000000000682e+01,-4.606240880067633513e-03,3.588182110715945061e+00,-1.617515079585163162e+00
8.420000000000000284e+01,-4.791692844096691155e-03,3.584186412159291901e+00,-1.616836809471837499e+00
8.421999999999999886e+01,-4.974434602762037999e-03,3.580190588735234769e+00,-1.616158539358511614e+00
8.423999999999999488e+01,-5.154597914589749766e-03,3.576194648209999105e+00,-1.615546257143685605e+00
8.426000000000000512e+01,-5.332314549483704522e-03,3.572198598122996671e+00,-1.614933974928859373e+00
8.428000000000000114e+01,-5.507584440821333693e-03,3.568202439972304685e+00,-1.614321692714033141e+00
8.429999999999999716e+01,-5.680407522894672170e-03,3.564206175256041220e+00,-1.613709410499206909e+00
8.431999999999999318e+01,-5.850783730914713328e-03,3.560209805472363431e+00,-1.613097128284380677e+00
8.434000000000000341e+01,-6.018831993741409134e-03,3.556213337109670025e+00,-1.612544394731812103e+00
8.435999999999999943e+01,-6.184671248853711167e-03,3.552216776471557313e+00,-1.611991661179243973e+00
8.437999999999999545e+01,-6.348301445586583026e-03,3.548220124779031703e+00,-1.611438927626675399e+00
8.440000000000000568e+01,-6.509722533947469476e-03,3.544223383253128024e+00,-1.610886194074107047e+00
8.442000000000000171e+01,-6.669041858712189581e-03,3.540226557384921424e+00,-1.610387199995584551e+00
8.443999999999999773e+01,-6.826366771284660649e-03,3.536229652514913724e+00,-1.609888205917062276e+00
8.445999999999999375e+01,-6.981697232490232177e-03,3.532232669638314171e+00,-1.609389211838539557e+00
8.448000000000000398e+01,-7.135033203653524427e-03,3.528235609750351998e+00,-1.608890217760017283e+00
8.450000000000000000e+01,-7.286374646593093279e-03,3.524238473846275532e+00,-1.608391223681494564e+00
8.451999999999999602e+01,-7.435721523626764515e-03,3.520241262921352199e+00,-1.607892229602972067e+00
8.454000000000000625e+01,-7.583168558957721628e-03,3.516243981457673140e+00,-1.607440648283320117e+00
8.456000000000000227e+01,-7.728810481676800896e-03,3.512246633817243335e+00,-1.606989066963668389e+00
8.457999999999999829e+01,-7.872647262085046352e-03,3.508249220815225389e+00,-1.606537485644016439e+00
8.459999999999999432e+01,-8.014678870850312775e-03,3.504251743266793895e+00,-1.606085904324364488e+00
8.462000000000000455e+01,-8.154905279007265695e-03,3.500254201987137659e+00,-1.605634323004712760e+00
8.464000000000000057e+01,-8.293414108242896238e-03,3.496256600821116667e+00,-1.605226592998224566e+00
8.465999999999999659e+01,-8.430292984061230760e-03,3.492258943513179226e+00,-1.604818862991736594e+00
8.468000000000000682e+01,-8.565541883707231824e-03,3.488261230727911499e+00,-1.604411132985248623e+00
8.470000000000000284e+01,-8.699160784695977519e-03,3.484263463129907645e+00,-1.604003402978760429e+00
8.471999999999999886e+01,-8.831149664814836805e-03,3.480265641383772035e+00,-1.603595672972272679e+00
8.473999999999999488e+01,-8.961587662211067257e-03,3.476267768730954444e+00,-1.603227543975621172e+00
8.476000000000000512e+01,-9.090553917953171290e-03,3.472269848331022146e+00,-1.602859414978969665e+00
8.478000000000000114e+01,-9.218048414564883677e-03,3.468271880725769751e+00,-1.602491285982318381e+00
8.479999999999999716e+01,-9.344071134766571834e-03,3.464273866456997641e+00,-1.602123156985666874e+00
8.481999999999999318e+01,-9.468622061481269184e-03,3.460275806066512416e+00,-1.601755027989015145e+00
8.484000000000000341e+01,-9.591772629930031893e-03,3.456277702292198661e+00,-1.601422641912177536e+00
8.485999999999999943e+01,-9.713594277571251448e-03,3.452279557805207677e+00,-1.601090255835339926e+00
8.487999999999999545e+01,-9.834086990946752302e-03,3.448281373047256348e+00,-1.600757869758502094e+00
8.490000000000000568e+01,-9.953250756743988945e-03,3.444283148460066446e+00,-1.600425483681664485e+00
8.492000000000000171e+01,-1.007108556180005311e-02,3.440284884485363293e+00,-1.600093097604827097e+00
8.493999999999999773e+01,-1.018765588839110059e-02,3.436286583441313880e+00,-1.599792972823060211e+00
8.495999999999999375e+01,-1.030302622052384903e-02,3.432288247591694486e+00,-1.599492848041293325e+00
8.498000000000000398e+01,-1.041719654780353527e-02,3.428289877296654353e+00,-1.599192723259526439e+00
8.500000000000000000e+01,-1.053016685994784783e-02,3.424291472916346724e+00,-1.598892598477759552e+00
8.501999999999999602e+01,-1.064193714677953533e-02,3.420293034810927058e+00,-1.598592473695992666e+00
8.504000000000000625e+01,-1.075256561557027049e-02,3.416294564948096024e+00,-1.598321468678539858e+00
8.506000000000000227e+01,-1.086211047491601744e-02,3.412296065251226196e+00,-1.598050463661087051e+00
8.507999999999999829e+01,-1.097057171677251822e-02,3.408297536013982665e+00,-1.597779458643634243e+00
8.509999999999999432e+01,-1.107794933317417414e-02,3.404298977530032300e+00,-1.597508453626181435e+00
8.512000000000000455e+01,-1.118424331623404065e-02,3.400300390093043745e+00,-1.597237448608728627e+00
8.514000000000000057e+01,-1.128950621007223862e-02,3.396301775377504217e+00,-1.596992728622711466e+00
8.515999999999999659e+01,-1.139379055982980837e-02,3.392303135021765392e+00,-1.596748008636694749e+00
8.518000000000000682e+01,-1.149709635926242715e-02,3.388304469265297048e+00,-1.596503288650677810e+00
8.520000000000000284e+01,-1.159942360218202580e-02,3.384305778347571181e+00,-1.596258568664660871e+00
8.521999999999999886e+01,-1.170077228246404859e-02,3.380307062508060678e+00,-1.596013848678643932e+00
8.523999999999999488e+01,-1.180118983324764635e-02,3.376308323175425397e+00,-1.595792855750417738e+00
8.526000000000000512e+01,-1.190072368847477219e-02,3.372309561748866535e+00,-1.595571862822192211e+00
8.528000000000000114e+01,-1.199937384327837316e-02,3.368310778423674989e+00,-1.595350869893965795e+00
8.529999999999999716e+01,-1.209714029284565499e-02,3.364311973395142985e+00,-1.595129876965740268e+00
8.531999999999999318e+01,-1.219402303239999243e-02,3.360313146858564082e+00,-1.594908884037514074e+00
8.534000000000000341e+01,-1.229006488240676036e-02,3.356314300036049136e+00,-1.594709309861836566e+00
8.535999999999999943e+01,-1.238530866394930291e-02,3.352315434125697990e+00,-1.594509735686158836e+00
8.537999999999999545e+01,-1.247975437323145705e-02,3.348316549286785015e+00,-1.594310161510481549e+00
8.540000000000000568e+01,-1.257340200649266146e-02,3.344317645678585027e+00,-1.594110587334804041e+00
8.542000000000000171e+01,-1.266625156000128309e-02,3.340318723460373729e+00,-1.593911013159126533e+00
8.543999999999999773e+01,-1.275834169121253109e-02,3.336319783680329998e+00,-1.593730774666425543e+00
8.545999999999999375e+01,-1.284971105805146271e-02,3.332320827367054594e+00,-1.593550536173724108e+00
8.548000000000000398e+01,-1.294035965755154470e-02,3.328321854650456935e+00,-1.593370297681022896e+00
8.550000000000000000e+01,-1.303028748676842048e-02,3.324322865660447768e+00,-1.593190059188321683e+00
8.551999999999999602e+01,-1.311949454278237177e-02,3.320323860526937843e+00,-1.593009820695620693e+00
8.554000000000000625e+01,-1.320801572579243487e-02,3.316324840151293252e+00,-1.592847038015972050e+00
8.556000000000000227e+01,-1.329588593638101300e-02,3.312325805418916858e+00,-1.592684255336323629e+00
8.557999999999999829e+01,-1.338310517221829969e-02,3.308326756435775451e+00,-1.592521472656675430e+00
8.559999999999999432e+01,-1.346967343099631127e-02,3.304327693307837155e+00,-1.592358689977026787e+00
8.562000000000000455e+01,-1.355559071041525197e-02,3.300328616141069649e+00,-1.592195907297378588e+00
8.564000000000000057e+01,-1.364088851958963726e-02,3.296329525712621500e+00,-1.592048883885568200e+00
8.565999999999999659e+01,-1.372559836792614299e-02,3.292330422786620581e+00,-1.591901860473758479e+00
8.568000000000000682e+01,-1.380972025359130349e-02,3.288331307449510632e+00,-1.591754837061948535e+00
8.570000000000000284e+01,-1.389325417476977922e-02,3.284332179787736283e+00,-1.591607813650138592e+00
8.571999999999999886e+01,-1.397620012965529110e-02,3.280333039887742164e+00,-1.591460790238328871e+00
8.573999999999999488e+01,-1.405858656667599571e-02,3.276333888421308238e+00,-1.591327994947582258e+00
8.576000000000000512e+01,-1.414044193448996470e-02,3.272334726049605180e+00,-1.591195199656836312e+00
8.578000000000000114e+01,-1.422176623165252035e-02,3.268335552843156577e+00,-1.591062404366090144e+00
8.579999999999999716e+01,-1.430255945672901513e-02,3.264336368872486460e+00,-1.590929609075343976e+00
8.581999999999999318e+01,-1.438282160829818142e-02,3.260337174208118416e+00,-1.590796813784598029e+00
8.584000000000000341e+01,-1.446257837225467524e-02,3.256337969432242296e+00,-1.590676864697494253e+00
8.585999999999999943e+01,-1.454185543467825109e-02,3.252338755118385105e+00,-1.590556915610390920e+00
8.587999999999999545e+01,-1.462065279442489180e-02,3.248339531324086593e+00,-1.590436966523287143e+00
8.590000000000000568e+01,-1.469897045036539299e-02,3.244340298106886511e+00,-1.590317017436183589e+00
8.592000000000000171e+01,-1.477680840136684493e-02,3.240341055524325498e+00,-1.590197068349080256e+00
8.593999999999999773e+01,-1.485418983984286047e-02,3.236341804082199403e+00,-1.590088718193016115e+00
8.595999999999999375e+01,-1.493113795834933449e-02,3.232342544279257268e+00,-1.589980368036952418e+00
8.598000000000000398e+01,-1.500765275598456294e-02,3.228343276162449982e+00,-1.589872017880888944e+00
8.600000000000000000e+01,-1.508373423184274434e-02,3.224343999778727543e+00,-1.589763667724825247e+00
8.601999999999999602e+01,-1.515938238503447381e-02,3.220344715175040839e+00,-1.589655317568761550e+00
8.604000000000000625e+01,-1.523461815727016402e-02,3.216345422791909048e+00,-1.589557440560338764e+00
8.606000000000000227e+01,-1.530946249037072604e-02,3.212346123064081738e+00,-1.589459563551916199e+00
8.607999999999999829e+01,-1.538391538362381648e-02,3.208346816029871373e+00,-1.589361686543493191e+00
8.609999999999999432e+01,-1.545797683631255567e-02,3.204347501727590863e+00,-1.589263809535070404e+00
8.612000000000000455e+01,-1.553164684772460023e-02,3.200348180195553560e+00,-1.589165932526647618e+00
8.614000000000000057e+01,-1.560494432795889001e-02,3.196348851818312742e+00,-1.589077512504657008e+00
8.615999999999999659e+01,-1.567788818721042518e-02,3.192349516975740542e+00,-1.588989092482666843e+00
8.618000000000000682e+01,-1.575047842489659886e-02,3.188350175699104394e+00,-1.588900672460676455e+00
8.620000000000000284e+01,-1.582271504045991081e-02,3.184350828019671731e+00,-1.588812252438686068e+00
8.621999999999999886e+01,-1.589459803332779822e-02,3.180351473968709541e+00,-1.588723832416695680e+00
8.623999999999999488e+01,-1.596614447969911879e-02,3.176352113882709549e+00,-1.588643952137205106e+00
8.626000000000000512e+01,-1.603737145584850990e-02,3.172352748094319441e+00,-1.588564071857714755e+00
8.628000000000000114e+01,-1.610827896130341899e-02,3.168353376629058360e+00,-1.588484191578223959e+00
8.629999999999999716e+01,-1.617886699563021030e-02,3.164353999512445448e+00,-1.588404311298733607e+00
8.631999999999999318e+01,-1.624913555836745085e-02,3.160354616770000291e+00,-1.588324431019242811e+00
8.634000000000000341e+01,-1.631910007023138626e-02,3.156355228696790860e+00,-1.588252262498713874e+00
8.635999999999999943e+01,-1.638877595199255549e-02,3.152355835584760957e+00,-1.588180093978184937e+00
8.637999999999999545e+01,-1.645816320329406002e-02,3.148356437454740586e+00,-1.588107925457655778e+00
8.640000000000000568e+01,-1.652726182376052996e-02,3.144357034327560196e+00,-1.588035756937127285e+00
8.642000000000000171e+01,-1.659607181304737292e-02,3.140357626224049792e+00,-1.587963588416598126e+00
8.643999999999999773e+01,-1.666460709739664772e-02,3.136358213403500184e+00,-1.587898384220200798e+00
8.645999999999999375e+01,-1.673288160309580747e-02,3.132358796122664213e+00,-1.587833180023803026e+00
8.648000000000000398e+01,-1.680089532986561718e-02,3.128359374398546056e+00,-1.587767975827405476e+00
8.650000000000000000e+01,-1.686864827740639991e-02,3.124359948248149443e+00,-1.587702771631008147e+00
8.651999999999999602e+01,-1.693614044543891722e-02,3.120360517688478108e+00,-1.587637567434610153e+00
8.654000000000000625e+01,-1.700338441105127968e-02,3.116361082947855188e+00,-1.587578652816999281e+00
8.656000000000000227e+01,-1.707039275137960804e-02,3.112361644252520598e+00,-1.587519738199388186e+00
8.657999999999999829e+01,-1.713716546619022466e-02,3.108362201616356124e+00,-1.587460823581777314e+00
8.659999999999999432e+01,-1.720370255525699790e-02,3.104362755053243550e+00,-1.587401908964165997e+00
8.662000000000000455e+01,-1.727000401833871449e-02,3.100363304577065104e+00,-1.587342994346554903e+00
8.664000000000000057e+01,-1.733608121452832537e-02,3.096363850389251215e+00,-1.587289760161500363e+00
8.665999999999999659e+01,-1.740194550294126008e-02,3.092364392689538555e+00,-1.587236525976445822e+00
8.668000000000000682e+01,-1.746759688338564778e-02,3.088364931489261167e+00,-1.587183291791391282e+00
8.670000000000000284e+01,-1.753303535567795821e-02,3.084365466799753097e+00,-1.587130057606336742e+00
8.671999999999999886e+01,-1.759826091964300857e-02,3.080365998632348390e+00,-1.587076823421282201e+00
8.673999999999999488e+01,-1.766328383470814126e-02,3.076366527165089959e+00,-1.587028719724758341e+00
8.676000000000000512e+01,-1.772811436033248922e-02,3.072367052574616064e+00,-1.586980616028234703e+00
8.678000000000000114e+01,-1.779275249636834075e-02,3.068367574870181969e+00,-1.586932512331710621e+00
8.679999999999999716e+01,-1.785719824266798414e-02,3.064368094061042047e+00,-1.586884408635186983e+00
8.681999999999999318e+01,-1.792145159908371116e-02,3.060368610156450675e+00,-1.586836304938662900e+00
8.684000000000000341e+01,-1.798552183222877979e-02,3.056369123314027547e+00,-1.586792835217410991e+00
8.685999999999999943e+01,-1.804941820873761163e-02,3.052369633690267925e+00,-1.586749365496158415e+00
8.687999999999999545e+01,-1.811314072848761378e-02,3.048370141292729762e+00,-1.586705895774906505e+00
8.690000000000000568e+01,-1.817668939134597580e-02,3.044370646128969682e+00,-1.586662426053654373e+00
8.692000000000000171e+01,-1.824006419722075389e-02,3.040371148206546081e+00,-1.586618956332402242e+00
8.693999999999999773e+01,-1.830327351628630375e-02,3.036371647665247586e+00,-1.586579672296662968e+00
8.695999999999999375e+01,-1.836632571879204257e-02,3.032372144643918244e+00,-1.586540388260923695e+00
8.698000000000000398e+01,-1.842922080462492535e-02,3.028372639148730450e+00,-1.586501104225184422e+00
8.700000000000000000e+01,-1.849195877369451402e-02,3.024373131185855268e+00,-1.586461820189445149e+00
8.701999999999999602e+01,-1.855453962589907052e-02,3.020373620761465983e+00,-1.586422536153705876e+00
8.704000000000000625e+01,-1.861697092208034962e-02,3.016374107999699739e+00,-1.586387033038838990e+00
8.706000000000000227e+01,-1.867926022305057415e-02,3.012374593023948943e+00,-1.586351529923972770e+00
8.707999999999999829e+01,-1.874140752873469651e-02,3.008375075839254453e+00,-1.586316026809105884e+00
8.709999999999999432e+01,-1.880341283907017297e-02,3.004375556450657569e+00,-1.586280523694239220e+00
8.712000000000000455e+01,-1.886527615396944510e-02,3.000376034863199592e+00,-1.586245020579372556e+00
8.714000000000000057e+01,-1.892700430342850529e-02,2.996376511187297087e+00,-1.586212932906509110e+00
8.715999999999999659e+01,-1.898860411743707316e-02,2.992376985532741340e+00,-1.586180845233645220e+00
8.718000000000000682e+01,-1.905007559595362637e-02,2.988377457903649503e+00,-1.586148757560781553e+00
8.720000000000000284e+01,-1.911141873890897028e-02,2.984377928304140060e+00,-1.586116669887917885e+00
8.721999999999999886e+01,-1.917263354622006366e-02,2.980378396738331048e+00,-1.586084582215053995e+00
8.723999999999999488e+01,-1.923372618798968592e-02,2.976378863304534050e+00,-1.586055579965818474e+00
8.726000000000000512e+01,-1.929470283424722030e-02,2.972379328100595242e+00,-1.586026577716582953e+00
8.728000000000000114e+01,-1.935556348497735613e-02,2.968379791129878598e+00,-1.585997575467347653e+00
8.729999999999999716e+01,-1.941630814010353312e-02,2.964380252395748094e+00,-1.585968573218111910e+00
8.731999999999999318e+01,-1.947693679957981233e-02,2.960380711901568151e+00,-1.585939570968876389e+00
8.734000000000000341e+01,-1.953745503756884605e-02,2.956381169735021075e+00,-1.585913356133642482e+00
8.735999999999999943e+01,-1.959786842818924193e-02,2.952381625983372615e+00,-1.585887141298408798e+00
8.737999999999999545e+01,-1.965817697140712084e-02,2.948382080649371240e+00,-1.585860926463174669e+00
8.740000000000000568e+01,-1.971838066717166230e-02,2.944382533735765861e+00,-1.585834711627940763e+00
8.742000000000000171e+01,-1.977847951546592500e-02,2.940382985245304504e+00,-1.585808496792707079e+00
8.743999999999999773e+01,-1.983847855226530954e-02,2.936383435256248120e+00,-1.585784800255809479e+00
8.745999999999999375e+01,-1.989838281356773667e-02,2.932383883846545025e+00,-1.585761103718911880e+00
8.748000000000000398e+01,-1.995819229931698052e-02,2.928384331018441866e+00,-1.585737407182014502e+00
8.750000000000000000e+01,-2.001790700951304458e-02,2.924384776774183514e+00,-1.585713710645116681e+00
8.751999999999999602e+01,-2.007752694411844493e-02,2.920385221116016616e+00,-1.585690014108218859e+00
8.754000000000000625e+01,-2.013705665310622228e-02,2.916385664113906095e+00,-1.585668592837150559e+00
8.756000000000000227e+01,-2.019650068646763885e-02,2.912386105837511341e+00,-1.585647171566082037e+00
8.757999999999999829e+01,-2.025585904422342806e-02,2.908386546288667773e+00,-1.585625750295013514e+00
8.759999999999999432e+01,-2.031513172629066319e-02,2.904386985469209925e+00,-1.585604329023945214e+00
8.762000000000000455e+01,-2.037431873269007765e-02,2.900387423380973662e+00,-1.585582907752876469e+00
8.764000000000000057e+01,-2.043342417445411646e-02,2.896387860086532040e+00,-1.585563542261722914e+00
8.765999999999999659e+01,-2.049245216271794803e-02,2.892388295648234298e+00,-1.585544176770569136e+00
8.768000000000000682e+01,-2.055140269745864279e-02,2.888388730067580568e+00,-1.585524811279416024e+00
8.770000000000000284e+01,-2.061027577860740506e-02,2.884389163346070983e+00,-1.585505445788262247e+00
8.771999999999999886e+01,-2.066907140618716790e-02,2.880389595485205234e+00,-1.585486080297108691e+00
8.773999999999999488e+01,-2.072779329485686245e-02,2.876390026541017164e+00,-1.585468572357397132e+00
8.776000000000000512e+01,-2.078644515930998249e-02,2.872390456569342554e+00,-1.585451064417685130e+00
8.778000000000000114e+01,-2.084502699952116289e-02,2.868390885571407534e+00,-1.585433556477973349e+00
8.779999999999999716e+01,-2.090353881546503853e-02,2.864391313548437790e+00,-1.585416048538261569e+00
8.781999999999999318e+01,-2.096198060714160941e-02,2.860391740501659896e+00,-1.585398540598550010e+00
8.784000000000000341e+01,-2.102035573120650605e-02,2.856392166481245720e+00,-1.585382711173312087e+00
8.785999999999999943e+01,-2.107866754428260048e-02,2.852392591537287636e+00,-1.585366881748074164e+00
8.787999999999999545e+01,-2.113691604639794663e-02,2.848393015670788397e+00,-1.585351052322836907e+00
8.790000000000000568e+01,-2.119510123752449404e-02,2.844393438882749869e+00,-1.585335222897598761e+00
8.792000000000000171e+01,-2.125322311763418182e-02,2.840393861174173917e+00,-1.585319393472361282e+00
8.793999999999999773e+01,-2.131128472001122404e-02,2.836394282590127158e+00,-1.585305080851592052e+00
8.795999999999999375e+01,-2.136928907791822013e-02,2.832394703175476369e+00,-1.585290768230822600e+00
8.798000000000000398e+01,-2.142723619138619737e-02,2.828395122931040451e+00,-1.585276455610053592e+00
8.800000000000000000e+01,-2.148512606035310121e-02,2.824395541857639191e+00,-1.585262142989284362e+00
8.801999999999999602e+01,-2.154295868481892820e-02,2.820395959956091936e+00,-1.585247830368515132e+00
8.804000000000000625e+01,-2.160073680597788745e-02,2.816396377266825457e+00,-1.585234888486333871e+00
8.806000000000000227e+01,-2.165846316501772104e-02,2.812396793830135522e+00,-1.585221946604152610e+00
8.807999999999999829e+01,-2.171613776190411613e-02,2.808397209646693593e+00,-1.585209004721971349e+00
8.809999999999999432e+01,-2.177376059663706925e-02,2.804397624717168469e+00,-1.585196062839790310e+00
8.812000000000000455e+01,-2.183133166918226759e-02,2.800398039042230280e+00,-1.585183120957608827e+00
8.814000000000000057e+01,-2.188885345692141715e-02,2.796398452658177547e+00,-1.585171417873374899e+00
8.815999999999999659e+01,-2.194632843716751505e-02,2.792398865601216418e+00,-1.585159714789140306e+00
8.818000000000000682e+01,-2.200375660992056476e-02,2.788399277871894899e+00,-1.585148011704906379e+00
8.820000000000000284e+01,-2.206113797510467212e-02,2.784399689470760109e+00,-1.585136308620672008e+00
8.821999999999999886e+01,-2.211847253279572781e-02,2.780400100398361385e+00,-1.585124605536438080e+00
8.823999999999999488e+01,-2.217576252196906336e-02,2.776400510687263790e+00,-1.585114022063796924e+00
8.826000000000000512e+01,-2.223301018154969638e-02,2.772400920370063471e+00,-1.585103438591155767e+00
8.828000000000000114e+01,-2.229021551162154932e-02,2.768401329447208514e+00,-1.585092855118514610e+00
8.829999999999999716e+01,-2.234737851210069973e-02,2.764401737919146118e+00,-1.585082271645873231e+00
8.831999999999999318e+01,-2.240449918298714760e-02,2.760402145786324812e+00,-1.585071688173232296e+00
8.834000000000000341e+01,-2.246157954802647030e-02,2.756402553078112661e+00,-1.585062116642649732e+00
8.835999999999999943e+01,-2.251862163080986176e-02,2.752402959823737394e+00,-1.585052545112067612e+00
8.837999999999999545e+01,-2.257562543133732544e-02,2.748403366023564942e+00,-1.585042973581485493e+00
8.840000000000000568e+01,-2.263259094965525478e-02,2.744403771677961679e+00,-1.585033402050903151e+00
8.842000000000000171e+01,-2.268952001488114267e-02,2.740404176813299841e+00,-1.585024745192648687e+00
8.843999999999999773e+01,-2.274641445617642255e-02,2.736404581455960550e+00,-1.585016088334394224e+00
8.845999999999999375e+01,-2.280327427354109787e-02,2.732404985606244452e+00,-1.585007431476139317e+00
8.848000000000000398e+01,-2.286009946697516518e-02,2.728405389264450420e+00,-1.584998774617885076e+00
8.850000000000000000e+01,-2.291689003647862793e-02,2.724405792430878659e+00,-1.584990117759630612e+00
8.851999999999999602e+01,-2.297364598205148267e-02,2.720406195105828484e+00,-1.584981460901375927e+00
8.854000000000000625e+01,-2.303036892001870256e-02,2.716406597312501781e+00,-1.584973612328056225e+00
8.856000000000000227e+01,-2.308706046694064193e-02,2.712406999074103986e+00,-1.584965763754736301e+00
8.857999999999999829e+01,-2.314372062264755461e-02,2.708407400390882014e+00,-1.584957915181416377e+00
8.859999999999999432e+01,-2.320034938719602383e-02,2.704407801263081890e+00,-1.584950066608096453e+00
8.862000000000000455e+01,-2.325694676064262931e-02,2.700408201690949195e+00,-1.584942218034776751e+00
8.864000000000000057e+01,-2.331351424031464711e-02,2.696408601695926777e+00,-1.584935118211150851e+00
8.865999999999999659e+01,-2.337005332346660594e-02,2.692409001299386873e+00,-1.584928018387525173e+00
8.868000000000000682e+01,-2.342656401016104950e-02,2.688409400501529323e+00,-1.584920918563899273e+00
8.870000000000000284e+01,-2.348304630046053193e-02,2.684409799302557520e+00,-1.584913818740273816e+00
8.871999999999999886e+01,-2.353950019423995191e-02,2.680410197702671748e+00,-1.584906718916648138e+00
8.873999999999999488e+01,-2.359592704598935387e-02,2.676410595721147256e+00,-1.584900296380017837e+00
8.876000000000000512e+01,-2.365232821013352540e-02,2.672410993377302812e+00,-1.584893873843387091e+00
8.878000000000000114e+01,-2.370870368674160913e-02,2.668411390671301398e+00,-1.584887451306756567e+00
8.879999999999999716e+01,-2.376505347574446245e-02,2.664411787603309545e+00,-1.584881028770126044e+00
8.881999999999999318e+01,-2.382137757707293926e-02,2.660412184173491568e+00,-1.584874606233495298e+00
8.884000000000000341e+01,-2.387767721536416740e-02,2.656412580399213574e+00,-1.584868796016996484e+00
8.885999999999999943e+01,-2.393395361512661024e-02,2.652412976297889191e+00,-1.584862985800497448e+00
8.887999999999999545e+01,-2.399020677628383585e-02,2.648413371869654753e+00,-1.584857175583998412e+00
8.890000000000000568e+01,-2.404643669891227270e-02,2.644413767114645264e+00,-1.584851365367499376e+00
8.892000000000000171e+01,-2.410264338293549233e-02,2.640414162032994394e+00,-1.584845555151000562e+00
8.893999999999999773e+01,-2.415882793547496910e-02,2.636414556640415796e+00,-1.584840298541048353e+00
8.895999999999999375e+01,-2.421499146372581637e-02,2.632414950952552513e+00,-1.584835041931096811e+00
8.898000000000000398e+01,-2.427113396751906516e-02,2.628415344969515566e+00,-1.584829785321145268e+00
8.900000000000000000e+01,-2.432725544693919995e-02,2.624415738691413313e+00,-1.584824528711193059e+00
8.901999999999999602e+01,-2.438335590207070178e-02,2.620416132118357666e+00,-1.584819272101241738e+00
8.904000000000000625e+01,-2.443943633379804664e-02,2.616416525264531501e+00,-1.584814516040984334e+00
8.906000000000000227e+01,-2.449549774313599868e-02,2.612416918144028433e+00,-1.584809759980726929e+00
8.907999999999999829e+01,-2.455154013008455788e-02,2.608417310756938612e+00,-1.584805003920469302e+00
8.909999999999999432e+01,-2.460756349473710095e-02,2.604417703103352633e+00,-1.584800247860212119e+00
8.912000000000000455e+01,-2.466356783690687796e-02,2.600418095183361977e+00,-1.584795491799954492e+00
8.914000000000000057e+01,-2.471955406190794874e-02,2.596418487009671594e+00,-1.584791188342213664e+00
8.915999999999999659e+01,-2.477552307473587442e-02,2.592418878595084131e+00,-1.584786884884472835e+00
8.918000000000000682e+01,-2.483147487539065501e-02,2.588419269939671974e+00,-1.584782581426732007e+00
8.920000000000000284e+01,-2.488740946387229050e-02,2.584419661043512395e+00,-1.584778277968991178e+00
8.921999999999999886e+01,-2.494332684028397612e-02,2.580420051906676004e+00,-1.584773974511250350e+00
8.923999999999999488e+01,-2.499922782297519033e-02,2.576420442540727329e+00,-1.584770080324390262e+00
8.926000000000000512e+01,-2.505511323044665173e-02,2.572420832957119430e+00,-1.584766186137530175e+00
8.928000000000000114e+01,-2.511098306258431959e-02,2.568421223155914035e+00,-1.584762291950669866e+00
8.929999999999999716e+01,-2.516683731961627535e-02,2.564421613137172429e+00,-1.584758397763810001e+00
8.931999999999999318e+01,-2.522267600142847829e-02,2.560422002900952787e+00,-1.584754503576949913e+00
8.934000000000000341e+01,-2.527849984806894088e-02,2.556422392457732506e+00,-1.584750979498696255e+00
8.935999999999999943e+01,-2.533430959985266337e-02,2.552422781817807351e+00,-1.584747455420442597e+00
8.937999999999999545e+01,-2.539010525665363199e-02,2.548423170981231056e+00,-1.584743931342188716e+00
8.940000000000000568e+01,-2.544588681847184675e-02,2.544423559948052471e+00,-1.584740407263935280e+00
8.942000000000000171e+01,-2.550165428543332141e-02,2.540423948718318670e+00,-1.584736883185681622e+00
8.943999999999999773e+01,-2.555740832669341558e-02,2.536424337301251608e+00,-1.584733693820230993e+00
8.945999999999999375e+01,-2.561314961184220015e-02,2.532424725706384994e+00,-1.584730504454779920e+00
8.948000000000000398e+01,-2.566887814074043581e-02,2.528425113933760571e+00,-1.584727315089329069e+00
8.950000000000000000e+01,-2.572459391338812254e-02,2.524425501983416975e+00,-1.584724125723878219e+00
8.951999999999999602e+01,-2.578029753528872717e-02,2.520425889863886493e+00,-1.584721239078085597e+00
8.954000000000000625e+01,-2.583598961160687643e-02,2.516426277583573956e+00,-1.584718352432292976e+00
8.956000000000000227e+01,-2.589167014249640908e-02,2.512426665142517113e+00,-1.584715465786500355e+00
8.957999999999999829e+01,-2.594733912795732858e-02,2.508427052540745272e+00,-1.584712579140707733e+00
8.959999999999999432e+01,-2.600299656798963494e-02,2.504427439778294406e+00,-1.584709692494915112e+00
8.962000000000000455e+01,-2.605864246243948593e-02,2.500427826855196045e+00,-1.584706805849122269e+00
8.964000000000000057e+01,-2.611427734674157813e-02,2.496428213778784766e+00,-1.584704186874476450e+00
8.965999999999999659e+01,-2.616990175626993098e-02,2.492428600557020868e+00,-1.584701567899830188e+00
8.968000000000000682e+01,-2.622551569068540950e-02,2.488428987189592156e+00,-1.584698948925184370e+00
8.970000000000000284e+01,-2.628111915049671440e-02,2.484429373676524389e+00,-1.584696329950537885e+00
8.971999999999999886e+01,-2.633671213519514845e-02,2.480429760017847318e+00,-1.584693710975892067e+00
8.973999999999999488e+01,-2.639229514130111628e-02,2.476430146220163664e+00,-1.584691340104121382e+00
8.976000000000000512e+01,-2.644786866481231569e-02,2.472430532290709859e+00,-1.584688969232350697e+00
8.978000000000000114e+01,-2.650343270572874665e-02,2.468430918229509441e+00,-1.584686598360579790e+00
8.979999999999999716e+01,-2.655898726405040919e-02,2.464431304036585946e+00,-1.584684227488809327e+00
8.981999999999999318e+01,-2.661453233977730329e-02,2.460431689711959802e+00,-1.584681856617038864e+00
8.984000000000000341e+01,-2.667006838212896552e-02,2.456432075261998804e+00,-1.584679710307600686e+00
8.985999999999999943e+01,-2.672559583985578691e-02,2.452432460692851812e+00,-1.584677563998162730e+00
8.987999999999999545e+01,-2.678111471337158572e-02,2.448432846004532148e+00,-1.584675417688724552e+00
8.990000000000000568e+01,-2.683662500246945110e-02,2.444433231197062462e+00,-1.584673271379286819e+00
8.992000000000000171e+01,-2.689212670694247562e-02,2.440433616270459183e+00,-1.584671125069849085e+00
8.993999999999999773e+01,-2.694762023342705745e-02,2.436434001230480373e+00,-1.584669181909992952e+00
8.995999999999999375e+01,-2.700310598818991131e-02,2.432434386082681144e+00,-1.584667238750137264e+00
8.998000000000000398e+01,-2.705858397077395838e-02,2.428434770827068157e+00,-1.584665295590281797e+00
9.000000000000000000e+01,-2.711405418163627748e-02,2.424435155463662728e+00,-1.584663352430426331e+00
9.001999999999999602e+01,-2.716951662054833266e-02,2.420435539992475960e+00,-1.584661409270570420e+00
9.004000000000000625e+01,-2.722497165510754866e-02,2.416435924418335546e+00,-1.584659649898118472e+00
9.006000000000000227e+01,-2.728041965288556525e-02,2.412436308746633173e+00,-1.584657890525666524e+00
9.007999999999999829e+01,-2.733586061362996630e-02,2.408436692977384830e+00,-1.584656131153214798e+00
9.009999999999999432e+01,-2.739129453784558410e-02,2.404437077110602505e+00,-1.584654371780762627e+00
9.012000000000000455e+01,-2.744672142528000250e-02,2.400437461146293749e+00,-1.584652612408310901e+00
9.014000000000000057e+01,-2.750214160831692886e-02,2.396437845089563812e+00,-1.584651019316940523e+00
9.015999999999999659e+01,-2.755755541947126769e-02,2.392438228944550271e+00,-1.584649426225570146e+00
9.018000000000000682e+01,-2.761296285902178210e-02,2.388438612711261122e+00,-1.584647833134200212e+00
9.020000000000000284e+01,-2.766836392668971245e-02,2.384438996389705689e+00,-1.584646240042830279e+00
9.021999999999999886e+01,-2.772375862275381492e-02,2.380439379979896852e+00,-1.584644646951459679e+00
9.023999999999999488e+01,-2.777914724798155252e-02,2.376439763485562739e+00,-1.584643204312027542e+00
9.026000000000000512e+01,-2.783453010291627588e-02,2.372440146911322323e+00,-1.584641761672595406e+00
9.028000000000000114e+01,-2.788990718817364878e-02,2.368440530257190257e+00,-1.584640319033162825e+00
9.029999999999999716e+01,-2.794527850313800743e-02,2.364440913523170984e+00,-1.584638876393730467e+00
9.031999999999999318e+01,-2.800064404842501214e-02,2.360441296709274717e+00,-1.584637433754298108e+00
9.034000000000000341e+01,-2.805600409552815380e-02,2.356441679819548440e+00,-1.584636127253377325e+00
9.035999999999999943e+01,-2.811135891757617078e-02,2.352442062857491134e+00,-1.584634820752456541e+00
9.037999999999999545e+01,-2.816670851388924576e-02,2.348442445823118341e+00,-1.584633514251535757e+00
9.040000000000000568e+01,-2.822205288480728741e-02,2.344442828716435834e+00,-1.584632207750614974e+00
9.042000000000000171e+01,-2.827739202999038706e-02,2.340443211537448498e+00,-1.584630901249694412e+00
9.043999999999999773e+01,-2.833272619632520514e-02,2.336443594289583370e+00,-1.584629717943723426e+00
9.045999999999999375e+01,-2.838805562981056019e-02,2.332443976976240840e+00,-1.584628534637752884e+00
9.048000000000000398e+01,-2.844338033044645567e-02,2.328444359597426683e+00,-1.584627351331782341e+00
9.050000000000000000e+01,-2.849870029823288811e-02,2.324444742153152887e+00,-1.584626168025811799e+00
9.051999999999999602e+01,-2.855401553316986099e-02,2.320445124643419454e+00,-1.584624984719841700e+00
9.054000000000000625e+01,-2.860932625851505748e-02,2.316445507071125398e+00,-1.584623912903368570e+00
9.056000000000000227e+01,-2.866463269716837750e-02,2.312445889439549429e+00,-1.584622841086895662e+00
9.057999999999999829e+01,-2.871993484871548930e-02,2.308446271748704426e+00,-1.584621769270422975e+00
9.059999999999999432e+01,-2.877523271357072809e-02,2.304446653998583727e+00,-1.584620697453950067e+00
9.062000000000000455e+01,-2.883052629131975866e-02,2.300447036189193994e+00,-1.584619625637477158e+00
9.064000000000000057e+01,-2.888581578403365269e-02,2.296447418323410261e+00,-1.584618654724120335e+00
9.065999999999999659e+01,-2.894110139347890603e-02,2.292447800403954350e+00,-1.584617683810763511e+00
9.068000000000000682e+01,-2.899638311965551524e-02,2.288448182430818711e+00,-1.584616712897407131e+00
9.070000000000000284e+01,-2.905166096302087830e-02,2.284448564404010895e+00,-1.584615741984050530e+00
9.071999999999999886e+01,-2.910693492266020616e-02,2.280448946323530901e+00,-1.584614771070694150e+00
9.073999999999999488e+01,-2.916220518147878346e-02,2.276449328191443300e+00,-1.584613891485610049e+00
9.076000000000000512e+01,-2.921747192276439795e-02,2.272449710011754220e+00,-1.584613011900526613e+00
9.078000000000000114e+01,-2.927273514550728095e-02,2.268450091783462241e+00,-1.584612132315443400e+00
9.079999999999999716e+01,-2.932799485071720114e-02,2.264450473506551376e+00,-1.584611252730359965e+00
9.081999999999999318e+01,-2.938325103738438637e-02,2.260450855181045604e+00,-1.584610373145276307e+00
9.084000000000000341e+01,-2.943850387208000324e-02,2.256451236808817651e+00,-1.584609576228000138e+00
9.085999999999999943e+01,-2.949375351869770734e-02,2.252451618392566246e+00,-1.584608779310723747e+00
9.087999999999999545e+01,-2.954899997835201339e-02,2.248451999932291390e+00,-1.584607982393447356e+00
9.090000000000000568e+01,-2.960424325048566230e-02,2.244452381427984644e+00,-1.584607185476170965e+00
9.092000000000000171e+01,-2.965948333565591316e-02,2.240452762879654447e+00,-1.584606388558894574e+00
9.093999999999999773e+01,-2.971472023330550688e-02,2.236453144287309236e+00,-1.584605591641618183e+00
9.095999999999999375e+01,-2.976995409315394761e-02,2.232453525652924320e+00,-1.584604869558272622e+00
9.098000000000000398e+01,-2.982518506491067464e-02,2.228453906978649979e+00,-1.584604147474926394e+00
9.100000000000000000e+01,-2.988041314857568451e-02,2.224454288264505752e+00,-1.584603425391581055e+00
9.101999999999999602e+01,-2.993563834414897720e-02,2.220454669510472101e+00,-1.584602703308234828e+00
9.104000000000000625e+01,-2.999086079005697583e-02,2.216455050718570963e+00,-1.584602050486115132e+00
9.106000000000000227e+01,-3.004608062512454172e-02,2.212455431890605340e+00,-1.584601397663995659e+00
9.107999999999999829e+01,-3.010129784867141001e-02,2.208455813026607206e+00,-1.584600744841875963e+00
9.109999999999999432e+01,-3.015651246205810349e-02,2.204456194126555246e+00,-1.584600092019756268e+00
9.112000000000000455e+01,-3.021172446392409935e-02,2.200456575190460118e+00,-1.584599439197636572e+00
9.114000000000000057e+01,-3.026693397684055223e-02,2.196456956220496082e+00,-1.584598847603798655e+00
9.115999999999999659e+01,-3.032214112440934431e-02,2.192457337217878166e+00,-1.584598256009960737e+00
9.118000000000000682e+01,-3.037734590512914529e-02,2.188457718182606371e+00,-1.584597664416122820e+00
9.120000000000000284e+01,-3.043254832050128894e-02,2.184458099114668705e+00,-1.584597072822284902e+00
9.121999999999999886e+01,-3.048774836902444149e-02,2.180458480014077161e+00,-1.584596481228446985e+00
9.123999999999999488e+01,-3.054294616196552570e-02,2.176458860881193669e+00,-1.584595945039867226e+00
9.126000000000000512e+01,-3.059814181143896000e-02,2.172459241718726730e+00,-1.584595408851287246e+00
9.128000000000000114e+01,-3.065333531496004446e-02,2.168459622526650588e+00,-1.584594872662707710e+00
9.129999999999999716e+01,-3.070852667501347902e-02,2.164460003304978120e+00,-1.584594336474127951e+00
9.131999999999999318e+01,-3.076371588994279357e-02,2.160460384053722205e+00,-1.584593800285548415e+00
9.134000000000000341e+01,-3.081890306125051326e-02,2.156460764774093430e+00,-1.584593314265990482e+00
9.135999999999999943e+01,-3.087408828814710085e-02,2.152461145467638115e+00,-1.584592828246432994e+00
9.137999999999999545e+01,-3.092927157154628376e-02,2.148461526134370914e+00,-1.584592342226875283e+00
9.140000000000000568e+01,-3.098445291053433456e-02,2.144461906774262960e+00,-1.584591856207317351e+00
9.142000000000000171e+01,-3.103963230602497722e-02,2.140462287387356888e+00,-1.584591370187759640e+00
9.143999999999999773e+01,-3.109480984887695934e-02,2.136462667975280283e+00,-1.584590929600023568e+00
9.145999999999999375e+01,-3.114998562882915004e-02,2.132463048538902672e+00,-1.584590489012287495e+00
9.148000000000000398e+01,-3.120515964688949651e-02,2.128463429078224056e+00,-1.584590048424551423e+00
9.150000000000000000e+01,-3.126033190205004808e-02,2.124463809593228891e+00,-1.584589607836815350e+00
9.151999999999999602e+01,-3.131550239632670263e-02,2.120464190083917178e+00,-1.584589167249079278e+00
9.154000000000000625e+01,-3.137067120964451977e-02,2.116464570550956381e+00,-1.584588767806512477e+00
9.156000000000000227e+01,-3.142583842534544397e-02,2.112464950995968760e+00,-1.584588368363945232e+00
9.157999999999999829e+01,-3.148100404454123868e-02,2.108465331418936994e+00,-1.584587968921378209e+00
9.159999999999999432e+01,-3.153616806500836311e-02,2.104465711819877960e+00,-1.584587569478810964e+00
9.162000000000000455e+01,-3.159133048785859460e-02,2.100466092198774781e+00,-1.584587170036243942e+00
9.164000000000000057e+01,-3.164649138870332529e-02,2.096466472557239946e+00,-1.584586807859616586e+00
9.165999999999999659e+01,-3.170165084021807356e-02,2.092466852895703333e+00,-1.584586445682989009e+00
9.168000000000000682e+01,-3.175680884362900441e-02,2.088467233214203134e+00,-1.584586083506361653e+00
9.170000000000000284e+01,-3.181196539770995285e-02,2.084467613512720252e+00,-1.584585721329733632e+00
9.171999999999999886e+01,-3.186712050368708388e-02,2.080467993791273784e+00,-1.584585359153106277e+00
9.173999999999999488e+01,-3.192227422758148192e-02,2.076468374050738142e+00,-1.584585030731685773e+00
9.176000000000000512e+01,-3.197742663984848299e-02,2.072468754292095650e+00,-1.584584702310265047e+00
9.178000000000000114e+01,-3.203257773778369483e-02,2.068469134515346752e+00,-1.584584373888844766e+00
9.179999999999999716e+01,-3.208772752138712436e-02,2.064469514720491006e+00,-1.584584045467424263e+00
9.181999999999999318e+01,-3.214287599201096080e-02,2.060469894907507538e+00,-1.584583717046003759e+00
9.184000000000000341e+01,-3.219802321038123943e-02,2.056470275078719379e+00,-1.584583419202307164e+00
9.185999999999999943e+01,-3.225316923743110076e-02,2.052470655233530117e+00,-1.584583121358610569e+00
9.187999999999999545e+01,-3.230831407166952218e-02,2.048471035371893123e+00,-1.584582823514913752e+00
9.190000000000000568e+01,-3.236345771607853500e-02,2.044471415493831490e+00,-1.584582525671217601e+00
9.192000000000000171e+01,-3.241860016916712356e-02,2.040471795599345661e+00,-1.584582227827520784e+00
9.193999999999999773e+01,-3.247374148671446775e-02,2.036472175689473918e+00,-1.584581957685489151e+00
9.195999999999999375e+01,-3.252888172421288665e-02,2.032472555764678557e+00,-1.584581687543457740e+00
9.198000000000000398e+01,-3.258402088001846608e-02,2.028472935825010648e+00,-1.584581417401425885e+00
9.200000000000000000e+01,-3.263915895577512716e-02,2.024473315870419121e+00,-1.584581147259394251e+00
9.201999999999999602e+01,-3.269429595148286294e-02,2.020473695900955491e+00,-1.584580877117362840e+00
9.204000000000000625e+01,-3.274943191709756007e-02,2.016474075914671094e+00,-1.584580632073598894e+00
9.206000000000000227e+01,-3.280456690226590810e-02,2.012474455914907701e+00,-1.584580387029834503e+00
9.207999999999999829e+01,-3.285970090698791396e-02,2.008474835901608913e+00,-1.584580141986070778e+00
9.209999999999999432e+01,-3.291483393126357765e-02,2.004475215874802707e+00,-1.584579896942306831e+00
9.212000000000000455e+01,-3.296996597509289223e-02,2.000475595834461107e+00,-1.584579651898542885e+00
9.214000000000000057e+01,-3.302509708706743291e-02,1.996475975781965895e+00,-1.584579429596277844e+00
9.215999999999999659e+01,-3.308022730807585327e-02,1.992476355717172298e+00,-1.584579207294012582e+00
9.218000000000000682e+01,-3.313535664011582615e-02,1.988476735640142934e+00,-1.584578984991747763e+00
9.220000000000000284e+01,-3.319048508118967872e-02,1.984477115550846715e+00,-1.584578762689482723e+00
9.221999999999999886e+01,-3.324561263529277055e-02,1.980477495449314507e+00,-1.584578540387217682e+00
9.223999999999999488e+01,-3.330073934259115270e-02,1.976477875335411083e+00,-1.584578338692825827e+00
9.226000000000000512e+01,-3.335586523962987687e-02,1.972478255210395437e+00,-1.584578136998433973e+00
9.228000000000000114e+01,-3.341099033301431903e-02,1.968478635074267569e+00,-1.584577935304042118e+00
9.229999999999999716e+01,-3.346611461834089751e-02,1.964479014927027478e+00,-1.584577733609650263e+00
9.231999999999999318e+01,-3.352123809781139968e-02,1.960479394768640971e+00,-1.584577531915258630e+00
9.234000000000000341e+01,-3.357636080600805151e-02,1.956479774599296562e+00,-1.584577348896935245e+00
9.235999999999999943e+01,-3.363148278383601419e-02,1.952480154419791392e+00,-1.584577165878612082e+00
9.237999999999999545e+01,-3.368660403129529468e-02,1.948480534230238925e+00,-1.584576982860288918e+00
9.240000000000000568e+01,-3.374172454353294159e-02,1.944480914030601415e+00,-1.584576799841965755e+00
9.242000000000000171e+01,-3.379684432540189937e-02,1.940481293820879083e+00,-1.584576616823642814e+00
9.243999999999999773e+01,-3.385196340891954286e-02,1.936481673602345355e+00,-1.584576450732233521e+00
9.245999999999999375e+01,-3.390708182934374509e-02,1.932482053374620534e+00,-1.584576284640824451e+00
9.248000000000000398e+01,-3.396219958400074207e-02,1.928482433137746366e+00,-1.584576118549415380e+00
9.250000000000000000e+01,-3.401731667289053379e-02,1.924482812891764816e+00,-1.584575952458006309e+00
9.251999999999999602e+01,-3.407243309868688425e-02,1.920483192636592173e+00,-1.584575786366597239e+00
9.254000000000000625e+01,-3.412754889244764417e-02,1.916483572374495958e+00,-1.584575635618211908e+00
9.256000000000000227e+01,-3.418266408229952980e-02,1.912483952104114371e+00,-1.584575484869826800e+00
9.257999999999999829e+01,-3.423777866824254112e-02,1.908484331825401448e+00,-1.584575334121441914e+00
9.259999999999999432e+01,-3.429289265322257169e-02,1.904484711538357189e+00,-1.584575183373056806e+00
9.262000000000000455e+01,-3.434800606176267868e-02,1.900485091244444869e+00,-1.584575046533282849e+00
9.264000000000000057e+01,-3.440311892184327175e-02,1.896485470942977036e+00,-1.584574909693508893e+00
9.265999999999999659e+01,-3.445823123670967159e-02,1.892485850633953692e+00,-1.584574772853734936e+00
9.268000000000000682e+01,-3.451334300311655057e-02,1.888486230317425685e+00,-1.584574636013960980e+00
9.270000000000000284e+01,-3.456845422106390869e-02,1.884486609993342165e+00,-1.584574499174187023e+00
9.271999999999999886e+01,-3.462356489379707358e-02,1.880486989661702912e+00,-1.584574362334413289e+00
9.273999999999999488e+01,-3.467867504316585192e-02,1.876487369322667131e+00,-1.584574237821878562e+00
9.276000000000000512e+01,-3.473378469677410041e-02,1.872487748976721100e+00,-1.584574113309344057e+00
9.278000000000000114e+01,-3.478889384748857366e-02,1.868488128623920330e+00,-1.584573988796809552e+00
9.279999999999999716e+01,-3.484400250600914323e-02,1.864488508264320776e+00,-1.584573864284275047e+00
9.281999999999999318e+01,-3.489911066163593756e-02,1.860488887897810972e+00,-1.584573739771740541e+00
9.284000000000000341e+01,-3.495421834418915852e-02,1.856489267522584807e+00,-1.584573626711801353e+00
9.285999999999999943e+01,-3.500932557503278614e-02,1.852489647141160045e+00,-1.584573513651861720e+00
9.287999999999999545e+01,-3.506443235416682042e-02,1.848490026753475179e+00,-1.584573400591922310e+00
9.290000000000000568e+01,-3.511953867766335474e-02,1.844490406359530210e+00,-1.584573287531982677e+00
9.292000000000000171e+01,-3.517464455337820928e-02,1.840490785959386422e+00,-1.584573174472043489e+00
9.293999999999999773e+01,-3.522974999282320330e-02,1.836491165551365601e+00,-1.584573071803240696e+00
9.295999999999999375e+01,-3.528485502567550031e-02,1.832491545137735267e+00,-1.584572969134438125e+00
9.298000000000000398e+01,-3.533995964760964364e-02,1.828491924718360195e+00,-1.584572866465635332e+00
9.300000000000000000e+01,-3.539506385862563331e-02,1.824492304293375611e+00,-1.584572763796832540e+00
9.301999999999999602e+01,-3.545016765439801265e-02,1.820492683862713790e+00,-1.584572661128029525e+00
9.304000000000000625e+01,-3.550527104357768804e-02,1.816493063426442456e+00,-1.584572558459226510e+00
9.306000000000000227e+01,-3.556037404488338050e-02,1.812493442989060233e+00,-1.584572465214010295e+00
9.307999999999999829e+01,-3.561547666518146554e-02,1.808493822546617613e+00,-1.584572371968793858e+00
9.309999999999999432e+01,-3.567057891875972941e-02,1.804494202098966049e+00,-1.584572278723577421e+00
9.312000000000000455e+01,-3.572568079609297897e-02,1.800494581646179704e+00,-1.584572185478360984e+00
9.314000000000000057e+01,-3.578078231802345882e-02,1.796494961186375638e+00,-1.584572100970889297e+00
9.315999999999999659e+01,-3.583588350363208636e-02,1.792495340721973474e+00,-1.584572016463417832e+00
9.318000000000000682e+01,-3.589098435291886158e-02,1.788495720252891052e+00,-1.584571931955945923e+00
9.320000000000000284e+01,-3.594608486062875197e-02,1.784496099779210310e+00,-1.584571847448474458e+00
9.321999999999999886e+01,-3.600118503201679004e-02,1.780496479300767376e+00,-1.584571762941002326e+00
9.323999999999999488e+01,-3.605628488099080209e-02,1.776496858817270708e+00,-1.584571686172814964e+00
9.326000000000000512e+01,-3.611138442337000209e-02,1.772497238329525659e+00,-1.584571609404627823e+00
9.328000000000000114e+01,-3.616648365336957993e-02,1.768497617837532454e+00,-1.584571532636440461e+00
9.329999999999999716e+01,-3.622158258255915586e-02,1.764497997341291091e+00,-1.584571455868253098e+00
9.331999999999999318e+01,-3.627668120515391281e-02,1.760498376840801349e+00,-1.584571379100065514e+00
9.334000000000000341e+01,-3.633177953041584474e-02,1.756498756341931644e+00,-1.584571309348415724e+00
9.335999999999999943e+01,-3.638687757554210506e-02,1.752499135839082900e+00,-1.584571239596765935e+00
9.337999999999999545e+01,-3.644197534689941342e-02,1.748499515332453846e+00,-1.584571169845116589e+00
9.340000000000000568e+01,-3.649707283812105019e-02,1.744499894821945007e+00,-1.584571100093466578e+00
9.342000000000000171e+01,-3.655217004920702228e-02,1.740500274307656081e+00,-1.584571030341817011e+00
9.343999999999999773e+01,-3.660726698962334102e-02,1.736500653785707726e+00,-1.584570966955886284e+00
9.345999999999999375e+01,-3.666236368482558156e-02,1.732501033260146928e+00,-1.584570903569955780e+00
9.348000000000000398e+01,-3.671746012080151500e-02,1.728501412731192399e+00,-1.584570840184025498e+00
9.350000000000000000e+01,-3.677255630455725927e-02,1.724501792198734895e+00,-1.584570776798094993e+00
9.351999999999999602e+01,-3.682765223609280741e-02,1.720502171662774193e+00,-1.584570713412164267e+00
9.354000000000000625e+01,-3.688274792740995484e-02,1.716502551121658504e+00,-1.584570655802236550e+00
9.356000000000000227e+01,-3.693784338747049811e-02,1.712502930577531668e+00,-1.584570598192308610e+00
9.357999999999999829e+01,-3.699293861627443725e-02,1.708503310030032196e+00,-1.584570540582380893e+00
9.359999999999999432e+01,-3.704803361382177224e-02,1.704503689479521578e+00,-1.584570482972453398e+00
9.362000000000000455e+01,-3.710312838011250308e-02,1.700504068925758894e+00,-1.584570425362525681e+00
9.364000000000000057e+01,-3.715822292492609868e-02,1.696504448365196538e+00,-1.584570372994113185e+00
9.365999999999999659e+01,-3.721331726621737029e-02,1.692504827801586620e+00,-1.584570320625700468e+00
9.368000000000000682e+01,-3.726841139550621934e-02,1.688505207235326822e+00,-1.584570268257288195e+00
9.370000000000000284e+01,-3.732350531279264583e-02,1.684505586666019461e+00,-1.584570215888875699e+00
9.371999999999999886e+01,-3.737859901807664975e-02,1.680505966093797099e+00,-1.584570163520463204e+00
9.373999999999999488e+01,-3.743369253559540588e-02,1.676506345515851759e+00,-1.584570115908989774e+00
9.376000000000000512e+01,-3.748878584791230650e-02,1.672506724935283184e+00,-1.584570068297516787e+00
9.378000000000000114e+01,-3.754387898300941967e-02,1.668507104352091153e+00,-1.584570020686043579e+00
9.379999999999999716e+01,-3.759897192223203566e-02,1.664507483766130225e+00,-1.584569973074570370e+00
9.381999999999999318e+01,-3.765406466558015447e-02,1.660507863177691501e+00,-1.584569925463096940e+00
9.384000000000000341e+01,-3.770915723080109361e-02,1.656508242594126656e+00,-1.584569882169357680e+00
9.385999999999999943e+01,-3.776424962164309090e-02,1.652508622008157735e+00,-1.584569838875617975e+00
9.387999999999999545e+01,-3.781934184836373281e-02,1.648509001419784736e+00,-1.584569795581878049e+00
9.390000000000000568e+01,-3.787443389044784642e-02,1.644509380829167977e+00,-1.584569752288138345e+00
9.392000000000000171e+01,-3.792952576841059770e-02,1.640509760235986825e+00,-1.584569708994398640e+00
9.393999999999999773e+01,-3.798461747299158864e-02,1.636510139642942230e+00,-1.584569669620276677e+00
9.395999999999999375e+01,-3.803970901967067275e-02,1.632510519047606579e+00,-1.584569630246154714e+00
9.398000000000000398e+01,-3.809480041972655717e-02,1.628510898449979871e+00,-1.584569590872032752e+00
9.400000000000000000e+01,-3.814989165060182763e-02,1.624511277850414714e+00,-1.584569551497910789e+00
9.401999999999999602e+01,-3.820498273485389840e-02,1.620511657248558501e+00,-1.584569512123789048e+00
9.404000000000000625e+01,-3.826007366124032499e-02,1.616512036654121909e+00,-1.584569476308229863e+00
9.406000000000000227e+01,-3.831516443883470346e-02,1.612512416057941600e+00,-1.584569440492670678e+00
9.407999999999999829e+01,-3.837025508003636537e-02,1.608512795459630107e+00,-1.584569404677111493e+00
9.409999999999999432e+01,-3.842534558484531765e-02,1.604513174859381275e+00,-1.584569368861551864e+00
9.412000000000000455e+01,-3.848043594086222180e-02,1.600513554257195104e+00,-1.584569333045992900e+00
9.414000000000000057e+01,-3.853552614790635433e-02,1.596513933628750825e+00,-1.584569300461519115e+00
9.415999999999999659e+01,-3.859061624591961226e-02,1.592514312998390080e+00,-1.584569267877044885e+00
9.418000000000000682e+01,-3.864570619401541673e-02,1.588514692366112868e+00,-1.584569235292570877e+00
9.420000000000000284e+01,-3.870079601945149161e-02,1.584515071732131908e+00,-1.584569202708096869e+00
9.421999999999999886e+01,-3.875588572222782996e-02,1.580515451096447421e+00,-1.584569170123622639e+00
9.423999999999999488e+01,-3.881097530215458363e-02,1.576515830478651958e+00,-1.584569140473473192e+00
9.426000000000000512e+01,-3.886606474728259569e-02,1.572516209859218250e+00,-1.584569110823323523e+00
9.428000000000000114e+01,-3.892115408756714051e-02,1.568516589238146297e+00,-1.584569081173173632e+00
9.429999999999999716e+01,-3.897624329305294372e-02,1.564516968615436321e+00,-1.584569051523024186e+00
9.431999999999999318e+01,-3.903133239369527968e-02,1.560517347991088100e+00,-1.584569021872874517e+00
9.434000000000000341e+01,-3.908642138002731137e-02,1.556517727346746316e+00,-1.584568994887666893e+00
9.435999999999999943e+01,-3.914151026761875790e-02,1.552518106700861766e+00,-1.584568967902458825e+00
9.437999999999999545e+01,-3.919659902355608627e-02,1.548518486053691579e+00,-1.584568940917250979e+00
9.440000000000000568e+01,-3.925168769720958906e-02,1.544518865404978403e+00,-1.584568913932043133e+00
9.442000000000000171e+01,-3.930677623920898062e-02,1.540519244754465333e+00,-1.584568886946835287e+00
9.443999999999999773e+01,-3.936186469310786612e-02,1.536519624119746963e+00,-1.584568862382385923e+00
9.445999999999999375e+01,-3.941695303853555432e-02,1.532520003483616167e+00,-1.584568837817936338e+00
9.448000000000000398e+01,-3.947204129357057695e-02,1.528520382846072945e+00,-1.584568813253487418e+00
9.450000000000000000e+01,-3.952712945821293400e-02,1.524520762207399960e+00,-1.584568788689037833e+00
9.451999999999999602e+01,-3.958221751438408681e-02,1.520521141567032108e+00,-1.584568764124588469e+00
9.454000000000000625e+01,-3.963730546662048992e-02,1.516521520903001186e+00,-1.584568741759347033e+00
9.456000000000000227e+01,-3.969239333943200276e-02,1.512521900237729033e+00,-1.584568719394105818e+00
9.457999999999999829e+01,-3.974748113281862533e-02,1.508522279571526292e+00,-1.584568697028863937e+00
9.459999999999999432e+01,-3.980256882692412984e-02,1.504522658903772125e+00,-1.584568674663622723e+00
9.462000000000000455e+01,-3.985765644160474408e-02,1.500523038234776951e+00,-1.584568652298381286e+00
9.464000000000000057e+01,-3.991274395057408525e-02,1.496523417564537661e+00,-1.584568631931411620e+00
9.465999999999999659e+01,-3.996783139413027930e-02,1.492523796893276300e+00,-1.584568611564441731e+00
9.468000000000000682e+01,-4.002291875046894154e-02,1.488524176220992867e+00,-1.584568591197471621e+00
9.470000000000000284e+01,-4.007800601959007197e-02,1.484524555547687363e+00,-1.584568570830501733e+00
9.471999999999999886e+01,-4.013309322329805529e-02,1.480524934873018950e+00,-1.584568550463531844e+00
9.473999999999999488e+01,-4.018818032700418458e-02,1.476525314231820207e+00,-1.584568531912557754e+00
9.476000000000000512e+01,-4.024326738283258431e-02,1.472525693589873397e+00,-1.584568513361583664e+00
9.478000000000000114e+01,-4.029835434290553881e-02,1.468526072946804595e+00,-1.584568494810609574e+00
9.479999999999999716e+01,-4.035344123116190590e-02,1.464526452302987725e+00,-1.584568476259635261e+00
9.481999999999999318e+01,-4.040852804760168560e-02,1.460526831657674496e+00,-1.584568457708661393e+00
9.484000000000000341e+01,-4.046361481039874308e-02,1.456527210979767117e+00,-1.584568440808030276e+00
9.485999999999999943e+01,-4.051870149436634372e-02,1.452527590301038618e+00,-1.584568423907399382e+00
9.487999999999999545e+01,-4.057378809950448056e-02,1.448527969621078437e+00,-1.584568407006768043e+00
9.490000000000000568e+01,-4.062887465208964849e-02,1.444528348940297136e+00,-1.584568390106136704e+00
9.492000000000000171e+01,-4.068396112584535262e-02,1.440528728258694713e+00,-1.584568373205505587e+00
9.493999999999999773e+01,-4.073904753397962486e-02,1.436529107573491615e+00,-1.584568357804714944e+00
9.495999999999999375e+01,-4.079413388444293881e-02,1.432529486887387460e+00,-1.584568342403923635e+00
9.498000000000000398e+01,-4.084922017723529447e-02,1.428529866200382248e+00,-1.584568327003132548e+00
9.500000000000000000e+01,-4.090430641235668491e-02,1.424530245512926507e+00,-1.584568311602341462e+00
9.501999999999999602e+01,-4.095939256097163444e-02,1.420530624824118959e+00,-1.584568296201550375e+00
9.504000000000000625e+01,-4.101447868306350858e-02,1.416531004130556770e+00,-1.584568282164779962e+00
9.506000000000000227e+01,-4.106956474188025452e-02,1.412531383436006038e+00,-1.584568268128008883e+00
9.507999999999999829e+01,-4.112465073742187921e-02,1.408531762740960813e+00,-1.584568254091238471e+00
9.509999999999999432e+01,-4.117973666968837571e-02,1.404532142044927046e+00,-1.584568240054467836e+00
9.512000000000000455e+01,-4.123482257031731157e-02,1.400532521348398785e+00,-1.584568226017697201e+00
9.514000000000000057e+01,-4.128990839397136264e-02,1.396532900658438603e+00,-1.584568213220791000e+00
9.515999999999999659e+01,-4.134499414821969643e-02,1.392533279967936188e+00,-1.584568200423884798e+00
9.518000000000000682e+01,-4.140007990246803021e-02,1.388533659276891541e+00,-1.584568187626978597e+00
9.520000000000000284e+01,-4.145516555260779501e-02,1.384534038584762428e+00,-1.584568174830072396e+00
9.521999999999999886e+01,-4.151025120274755981e-02,1.380534417892091081e+00,-1.584568162033166194e+00
9.523999999999999488e+01,-4.156533676258352544e-02,1.376534797246256492e+00,-1.584568150364368044e+00
9.526000000000000512e+01,-4.162042228436165642e-02,1.372535176599827267e+00,-1.584568138695570338e+00
9.528000000000000114e+01,-4.167550776808194579e-02,1.368535555952208771e+00,-1.584568127026772633e+00
9.529999999999999716e+01,-4.173059321374440050e-02,1.364535935304590275e+00,-1.584568115357974705e+00
9.531999999999999318e+01,-4.178567862134902056e-02,1.360536314656377144e+00,-1.584568103689176777e+00
9.534000000000000341e+01,-4.184076393992387788e-02,1.356536693993700027e+00,-1.584568093045713333e+00
9.535999999999999943e+01,-4.189584925849873520e-02,1.352537073330370987e+00,-1.584568082402250333e+00
9.537999999999999545e+01,-4.195093449362534421e-02,1.348537452666389802e+00,-1.584568071758786889e+00
9.540000000000000568e+01,-4.200601972875195322e-02,1.344537832002408617e+00,-1.584568061115323667e+00
9.542000000000000171e+01,-4.206110488043030698e-02,1.340538211337123586e+00,-1.584568050471860445e+00
9.543999999999999773e+01,-4.211619003210866075e-02,1.336538590671838556e+00,-1.584568039828397223e+00
9.545999999999999375e+01,-4.217127511104873383e-02,1.332538970016428737e+00,-1.584568030118114645e+00
9.548000000000000398e+01,-4.222636018998880691e-02,1.328539349361018918e+00,-1.584568020407832289e+00
9.550000000000000000e+01,-4.228144517746105363e-02,1.324539728704894337e+00,-1.584568010697549711e+00
9.551999999999999602e+01,-4.233653016493330035e-02,1.320540108048769756e+00,-1.584568000987266911e+00
9.554000000000000625e+01,-4.239161510667163735e-02,1.316540487391216097e+00,-1.584567991276984555e+00
9.556000000000000227e+01,-4.244669997611057177e-02,1.312540866738812317e+00,-1.584567982434633926e+00
9.557999999999999829e+01,-4.250178484554950620e-02,1.308541246085623833e+00,-1.584567973592283741e+00
9.559999999999999432e+01,-4.255686966476546207e-02,1.304541625432435348e+00,-1.584567964749933999e+00
9.562000000000000455e+01,-4.261195448398141794e-02,1.300542004778462157e+00,-1.584567955907583814e+00
9.564000000000000057e+01,-4.266703925095181871e-02,1.296542384082669086e+00,-1.584567947854551795e+00
9.565999999999999659e+01,-4.272212396277662305e-02,1.292542763387737770e+00,-1.584567939801519998e+00
9.568000000000000682e+01,-4.277720867460142740e-02,1.288543142691083165e+00,-1.584567931748487979e+00
9.570000000000000284e+01,-4.283229333128064226e-02,1.284543521995290094e+00,-1.584567923695456404e+00
9.571999999999999886e+01,-4.288737793281426069e-02,1.280543901297773735e+00,-1.584567915642424829e+00
9.573999999999999488e+01,-4.294246255880646707e-02,1.276544280605679482e+00,-1.584567908289600702e+00
9.576000000000000512e+01,-4.299754712440157639e-02,1.272544659911697851e+00,-1.584567900936776574e+00
9.578000000000000114e+01,-4.305263168999668572e-02,1.268545039218659909e+00,-1.584567893583952447e+00
9.579999999999999716e+01,-4.310771619519469799e-02,1.264545418524678277e+00,-1.584567886231127876e+00
9.581999999999999318e+01,-4.316280063999562017e-02,1.260545797829752956e+00,-1.584567878878303970e+00
9.584000000000000341e+01,-4.321788512202900251e-02,1.256546177169745704e+00,-1.584567872162823576e+00
9.585999999999999943e+01,-4.327296953793320633e-02,1.252546556508705278e+00,-1.584567865447343182e+00
9.587999999999999545e+01,-4.332805395383741015e-02,1.248546935847664852e+00,-1.584567858731863010e+00
9.590000000000000568e+01,-4.338313830361243545e-02,1.244547315185591030e+00,-1.584567852016382394e+00
9.592000000000000171e+01,-4.343822265338746075e-02,1.240547694523517208e+00,-1.584567845300902000e+00
9.593999999999999773e+01,-4.349330700316248605e-02,1.236548073861443386e+00,-1.584567838585421606e+00
9.595999999999999375e+01,-4.354839128945260651e-02,1.232548453114995501e+00,-1.584567832449292446e+00
9.598000000000000398e+01,-4.360347550336986233e-02,1.228548832368547616e+00,-1.584567826313163286e+00
9.600000000000000000e+01,-4.365855978965998280e-02,1.224549211620968858e+00,-1.584567820177034347e+00
9.601999999999999602e+01,-4.371364400357723862e-02,1.220549590874520973e+00,-1.584567814040904965e+00
9.604000000000000625e+01,-4.376872821246959727e-02,1.216549970197713826e+00,-1.584567808445477732e+00
9.606000000000000227e+01,-4.382381234199550502e-02,1.212550349520906678e+00,-1.584567802850050944e+00
9.607999999999999829e+01,-4.387889655088786367e-02,1.208550728844099531e+00,-1.584567797254623711e+00
9.609999999999999432e+01,-4.393398068041377141e-02,1.204551108167292384e+00,-1.584567791659196923e+00
9.612000000000000455e+01,-4.398906473057322131e-02,1.200551487489245117e+00,-1.584567786063769690e+00
9.614000000000000057e+01,-4.404414887653982508e-02,1.196551866804135944e+00,-1.584567780948356930e+00
9.615999999999999659e+01,-4.409923293569247699e-02,1.192552246117670300e+00,-1.584567775832943726e+00
9.618000000000000682e+01,-4.415431699484512890e-02,1.188552625431204657e+00,-1.584567770717530966e+00
9.620000000000000284e+01,-4.420940096718382895e-02,1.184553004743382543e+00,-1.584567765602117762e+00
9.621999999999999886e+01,-4.426448502633648086e-02,1.180553384056916899e+00,-1.584567760486705001e+00
9.623999999999999488e+01,-4.431956900599463844e-02,1.176553763340275616e+00,-1.584567755808851786e+00
9.626000000000000512e+01,-4.437465289071838848e-02,1.172554142623634332e+00,-1.584567751130998570e+00
9.628000000000000114e+01,-4.442973687037654607e-02,1.168554521906993049e+00,-1.584567746453145132e+00
9.629999999999999716e+01,-4.448482085003470365e-02,1.164554901188868508e+00,-1.584567741775292138e+00
9.631999999999999318e+01,-4.453990473475845369e-02,1.160555280470743966e+00,-1.584567737097438700e+00
9.634000000000000341e+01,-4.459498863446172134e-02,1.156555659868527375e+00,-1.584567732819085695e+00
9.635999999999999943e+01,-4.465007243036588774e-02,1.152556039264688970e+00,-1.584567728540732690e+00
9.637999999999999545e+01,-4.470515633006915540e-02,1.148556418662472378e+00,-1.584567724262379906e+00
9.640000000000000568e+01,-4.476024012597332180e-02,1.144556798058633973e+00,-1.584567719984026901e+00
9.642000000000000171e+01,-4.481532402567658946e-02,1.140557177454795568e+00,-1.584567715705673896e+00
9.643999999999999773e+01,-4.487040782885592938e-02,1.136557556750422471e+00,-1.584567711790815903e+00
9.645999999999999375e+01,-4.492549163203526930e-02,1.132557936046049374e+00,-1.584567707875957465e+00
9.648000000000000398e+01,-4.498057532177775208e-02,1.128558315341676277e+00,-1.584567703961099028e+00
9.650000000000000000e+01,-4.503565912495709200e-02,1.124558694637303180e+00,-1.584567700046241034e+00
9.651999999999999602e+01,-4.509074292813643192e-02,1.120559073932930083e+00,-1.584567696131382819e+00
9.654000000000000625e+01,-4.514582659965161310e-02,1.116559453287399029e+00,-1.584567692546472228e+00
9.656000000000000227e+01,-4.520091027116679427e-02,1.112559832641867974e+00,-1.584567688961561860e+00
9.657999999999999829e+01,-4.525599406655932133e-02,1.108560211996336919e+00,-1.584567685376651047e+00
9.659999999999999432e+01,-4.531107773807450251e-02,1.104560591350805865e+00,-1.584567681791740457e+00
9.662000000000000455e+01,-4.536616140958968368e-02,1.100560970703339247e+00,-1.584567678206829866e+00
9.664000000000000057e+01,-4.542124498676228250e-02,1.096561349884362935e+00,-1.584567674924685088e+00
9.665999999999999659e+01,-4.547632869923946136e-02,1.092561729065386622e+00,-1.584567671642540310e+00
9.668000000000000682e+01,-4.553141227641206018e-02,1.088562108244296223e+00,-1.584567668360395531e+00
9.670000000000000284e+01,-4.558649585358465900e-02,1.084562487425319910e+00,-1.584567665078250753e+00
9.671999999999999886e+01,-4.564157956606183786e-02,1.080562866604229511e+00,-1.584567661796106197e+00
9.673999999999999488e+01,-4.569666314569426763e-02,1.076563245822027337e+00,-1.584567658788556210e+00
9.676000000000000512e+01,-4.575174672532669740e-02,1.072563625037517898e+00,-1.584567655781006890e+00
9.678000000000000114e+01,-4.580683030495912716e-02,1.068564004253008459e+00,-1.584567652773457569e+00
9.679999999999999716e+01,-4.586191388459155693e-02,1.064564383470806286e+00,-1.584567649765907804e+00
9.681999999999999318e+01,-4.591699731656583017e-02,1.060564762686296847e+00,-1.584567646758358483e+00
9.684000000000000341e+01,-4.597208084692514657e-02,1.056565141867342961e+00,-1.584567644002819353e+00
9.685999999999999943e+01,-4.602716437728446297e-02,1.052565521050907060e+00,-1.584567641247280445e+00
9.687999999999999545e+01,-4.608224790764377937e-02,1.048565900234471160e+00,-1.584567638491741537e+00
9.690000000000000568e+01,-4.613733143800309577e-02,1.044566279415517274e+00,-1.584567635736202629e+00
9.692000000000000171e+01,-4.619241496836241218e-02,1.040566658599081373e+00,-1.584567632980663499e+00
9.693999999999999773e+01,-4.624749846511927442e-02,1.036567037973857630e+00,-1.584567630452523357e+00
9.695999999999999375e+01,-4.630258196187613667e-02,1.032567417348633887e+00,-1.584567627924382549e+00
9.698000000000000398e+01,-4.635766528297456668e-02,1.028567796726154837e+00,-1.584567625396241741e+00
9.700000000000000000e+01,-4.641274877973142893e-02,1.024568176100931094e+00,-1.584567622868101378e+00
9.701999999999999602e+01,-4.646783227648829118e-02,1.020568555475707351e+00,-1.584567620339960792e+00
9.704000000000000625e+01,-4.652291573566175870e-02,1.016568934599224816e+00,-1.584567618020111146e+00
9.706000000000000227e+01,-4.657799900340504895e-02,1.012569313722742281e+00,-1.584567615700261500e+00
9.707999999999999829e+01,-4.663308246257851647e-02,1.008569692843268806e+00,-1.584567613380411855e+00
9.709999999999999432e+01,-4.668816592175198399e-02,1.004570071966786271e+00,-1.584567611060561987e+00
9.712000000000000455e+01,-4.674324918949527424e-02,1.000570451087312795e+00,-1.584567608740712563e+00
9.714000000000000057e+01,-4.679833271752123491e-02,9.965708304192022471e-01,-1.584567606614187385e+00
9.715999999999999659e+01,-4.685341603671394628e-02,9.925712097510916987e-01,-1.584567604487661541e+00
9.718000000000000682e+01,-4.690849935590665765e-02,9.885715890829811503e-01,-1.584567602361136363e+00
9.720000000000000284e+01,-4.696358267509936901e-02,9.845719684148706019e-01,-1.584567600234610962e+00
9.721999999999999886e+01,-4.701866620312532968e-02,9.805723477467600535e-01,-1.584567598108085562e+00
9.723999999999999488e+01,-4.707374954473204226e-02,9.765727271483914951e-01,-1.584567596154784264e+00
9.726000000000000512e+01,-4.712883288633875484e-02,9.725731065464705560e-01,-1.584567594201482299e+00
9.728000000000000114e+01,-4.718391600059234497e-02,9.685734859445496170e-01,-1.584567592248181001e+00
9.729999999999999716e+01,-4.723899934219905755e-02,9.645738653426286779e-01,-1.584567590294879480e+00
9.731999999999999318e+01,-4.729408268380577013e-02,9.605742447407077389e-01,-1.584567588341577737e+00
9.734000000000000341e+01,-4.734916599796425152e-02,9.565746242375735564e-01,-1.584567586545116313e+00
9.735999999999999943e+01,-4.740424931212273291e-02,9.525750037344393739e-01,-1.584567584748654889e+00
9.737999999999999545e+01,-4.745933262628121430e-02,9.485753832313051914e-01,-1.584567582952193021e+00
9.740000000000000568e+01,-4.751441594043969568e-02,9.445757627281710089e-01,-1.584567581155731597e+00
9.742000000000000171e+01,-4.756949925459817707e-02,9.405761422250368264e-01,-1.584567579359269729e+00
9.743999999999999773e+01,-4.762458232155450388e-02,9.365765217219026439e-01,-1.584567577562808083e+00
9.745999999999999375e+01,-4.767966555872301532e-02,9.325769007611797168e-01,-1.584567575913808479e+00
9.748000000000000398e+01,-4.773474906519979688e-02,9.285772798046646459e-01,-1.584567574264808654e+00
9.750000000000000000e+01,-4.778983230236830831e-02,9.245776588439417187e-01,-1.584567572615809272e+00
9.751999999999999602e+01,-4.784491553953681975e-02,9.205780378832187916e-01,-1.584567570966809891e+00
9.754000000000000625e+01,-4.789999855524446765e-02,9.165784171355546572e-01,-1.584567569449386593e+00
9.756000000000000227e+01,-4.795508186361219227e-02,9.125787963924633095e-01,-1.584567567931963072e+00
9.757999999999999829e+01,-4.801016517197991690e-02,9.085791756447991752e-01,-1.584567566414539774e+00
9.759999999999999432e+01,-4.806524818768756480e-02,9.045795548971350408e-01,-1.584567564897116476e+00
9.762000000000000455e+01,-4.812033149605528942e-02,9.005799341494709065e-01,-1.584567563379693400e+00
9.764000000000000057e+01,-4.817541463648006284e-02,8.965803135913509303e-01,-1.584567561986495177e+00
9.765999999999999659e+01,-4.823049777690483625e-02,8.925806930332309541e-01,-1.584567560593297175e+00
9.768000000000000682e+01,-4.828558123608487490e-02,8.885810724701305174e-01,-1.584567559200099174e+00
9.770000000000000284e+01,-4.834066437650964831e-02,8.845814519120105412e-01,-1.584567557806901172e+00
9.771999999999999886e+01,-4.839574751693442173e-02,8.805818313538905651e-01,-1.584567556413703393e+00
9.773999999999999488e+01,-4.845083067776431718e-02,8.765822108090046694e-01,-1.584567555130199423e+00
9.776000000000000512e+01,-4.850591383859421263e-02,8.725825902587126537e-01,-1.584567553846695676e+00
9.778000000000000114e+01,-4.856099699942410808e-02,8.685829697138267580e-01,-1.584567552563192150e+00
9.779999999999999716e+01,-4.861608016025400353e-02,8.645833491689408623e-01,-1.584567551279688180e+00
9.781999999999999318e+01,-4.867116332108389898e-02,8.605837286186488466e-01,-1.584567549996184210e+00
9.784000000000000341e+01,-4.872624644242282838e-02,8.565841076257640907e-01,-1.584567548808788695e+00
9.785999999999999943e+01,-4.878132956376175777e-02,8.525844866270355649e-01,-1.584567547621392736e+00
9.787999999999999545e+01,-4.883641268510068717e-02,8.485848656283070390e-01,-1.584567546433997220e+00
9.790000000000000568e+01,-4.889149580643961657e-02,8.445852446295785132e-01,-1.584567545246601261e+00
9.792000000000000171e+01,-4.894657892777854596e-02,8.405856236366937573e-01,-1.584567544059205746e+00
9.793999999999999773e+01,-4.900166194314888035e-02,8.365860029995814129e-01,-1.584567542972125764e+00
9.795999999999999375e+01,-4.905674536703479721e-02,8.325863823688521848e-01,-1.584567541885045339e+00
9.798000000000000398e+01,-4.911182838240513160e-02,8.285867617381229566e-01,-1.584567540797965135e+00
9.800000000000000000e+01,-4.916691139777546599e-02,8.245871411073937285e-01,-1.584567539710884931e+00
9.801999999999999602e+01,-4.922199441314580037e-02,8.205875204766645004e-01,-1.584567538623804950e+00
9.804000000000000625e+01,-4.927707756829811242e-02,8.165879000112472585e-01,-1.584567537618445376e+00
9.806000000000000227e+01,-4.933216072345042447e-02,8.125882795458300167e-01,-1.584567536613086025e+00
9.807999999999999829e+01,-4.938724387860273651e-02,8.085886590804127749e-01,-1.584567535607726674e+00
9.809999999999999432e+01,-4.944232703375504856e-02,8.045890386080936096e-01,-1.584567534602367544e+00
9.812000000000000455e+01,-4.949741018890736061e-02,8.005894181426763678e-01,-1.584567533597007749e+00
9.814000000000000057e+01,-4.955249334669058203e-02,7.965897971077464668e-01,-1.584567532672374712e+00
9.815999999999999659e+01,-4.960757602418678497e-02,7.925901760653121242e-01,-1.584567531747742120e+00
9.818000000000000682e+01,-4.966265918197000639e-02,7.885905550228777816e-01,-1.584567530823108861e+00
9.820000000000000284e+01,-4.971774233975322782e-02,7.845909339804434390e-01,-1.584567529898475824e+00
9.821999999999999886e+01,-4.977282549753644925e-02,7.805913129455135380e-01,-1.584567528973843009e+00
9.823999999999999488e+01,-4.982790841495463030e-02,7.765916925158098394e-01,-1.584567528114130708e+00
9.826000000000000512e+01,-4.988299133237281136e-02,7.725920720941773512e-01,-1.584567527254418629e+00
9.828000000000000114e+01,-4.993807476634669340e-02,7.685924516644736526e-01,-1.584567526394706771e+00
9.829999999999999716e+01,-4.999315768376487445e-02,7.645928312428411644e-01,-1.584567525534994470e+00
9.831999999999999318e+01,-5.004824060118305551e-02,7.605932108212086762e-01,-1.584567524675282391e+00
9.834000000000000341e+01,-5.010332357048832841e-02,7.565935901718734424e-01,-1.584567523875126449e+00
9.835999999999999943e+01,-5.015840709479691545e-02,7.525939695225382087e-01,-1.584567523074970286e+00
9.837999999999999545e+01,-5.021349006410218835e-02,7.485943488732029749e-01,-1.584567522274814566e+00
9.840000000000000568e+01,-5.026857303340746125e-02,7.445947282238677412e-01,-1.584567521474658625e+00
9.842000000000000171e+01,-5.032365600271273415e-02,7.405951075832044594e-01,-1.584567520674502683e+00
9.843999999999999773e+01,-5.037873897201800705e-02,7.365954869338692257e-01,-1.584567519874346742e+00
9.845999999999999375e+01,-5.043382194132327995e-02,7.325958662845339919e-01,-1.584567519074190800e+00
9.848000000000000398e+01,-5.048890489937872539e-02,7.285962453263205019e-01,-1.584567518338741543e+00
9.850000000000000000e+01,-5.054398785743417083e-02,7.245966243681070118e-01,-1.584567517603292730e+00
9.851999999999999602e+01,-5.059907081548961627e-02,7.205970034193284190e-01,-1.584567516867843473e+00
9.854000000000000625e+01,-5.065415393826584733e-02,7.165973827829291709e-01,-1.584567516192605163e+00
9.856000000000000227e+01,-5.070923706104207840e-02,7.125977621465299228e-01,-1.584567515517366632e+00
9.857999999999999829e+01,-5.076432018381830946e-02,7.085981415101306746e-01,-1.584567514842128100e+00
9.859999999999999432e+01,-5.081940330659454053e-02,7.045985208737314265e-01,-1.584567514166889568e+00
9.862000000000000455e+01,-5.087448642937077159e-02,7.005989002373321783e-01,-1.584567513491651258e+00
9.864000000000000057e+01,-5.092956914659389073e-02,6.965992792390420796e-01,-1.584567512852792293e+00
9.865999999999999659e+01,-5.098465186381700986e-02,6.925996582516134037e-01,-1.584567512213933771e+00
9.868000000000000682e+01,-5.103973527616913197e-02,6.886000372533233049e-01,-1.584567511575074805e+00
9.870000000000000284e+01,-5.109481799339225111e-02,6.846004162658946290e-01,-1.584567510936215839e+00
9.871999999999999886e+01,-5.114990140574437322e-02,6.806007952676045303e-01,-1.584567510297357318e+00
9.873999999999999488e+01,-5.120498384522582935e-02,6.766011752528172662e-01,-1.584567509707457633e+00
9.876000000000000512e+01,-5.126006703752872956e-02,6.726015552262671893e-01,-1.584567509117557949e+00
9.878000000000000114e+01,-5.131515022983162977e-02,6.686019351997171123e-01,-1.584567508527658486e+00
9.879999999999999716e+01,-5.137023342213452998e-02,6.646023151849298483e-01,-1.584567507937758579e+00
9.881999999999999318e+01,-5.142531586161598611e-02,6.606026951583797713e-01,-1.584567507347859117e+00
9.884000000000000341e+01,-5.148039896689966116e-02,6.566030749935088950e-01,-1.584567506797027736e+00
9.885999999999999943e+01,-5.153548207218333621e-02,6.526034548286380188e-01,-1.584567506246196134e+00
9.887999999999999545e+01,-5.159056517746701126e-02,6.486038346511699970e-01,-1.584567505695364753e+00
9.890000000000000568e+01,-5.164564828275068631e-02,6.446042144862991208e-01,-1.584567505144533595e+00
9.892000000000000171e+01,-5.170073058181822584e-02,6.406045943214282445e-01,-1.584567504593702214e+00
9.893999999999999773e+01,-5.175581387504388231e-02,6.366049743357207191e-01,-1.584567504080393707e+00
9.895999999999999375e+01,-5.181089716826953878e-02,6.326053543500131937e-01,-1.584567503567085422e+00
9.898000000000000398e+01,-5.186597959634428601e-02,6.286057343507877038e-01,-1.584567503053777138e+00
9.900000000000000000e+01,-5.192106288956994248e-02,6.246061143650801784e-01,-1.584567502540468853e+00
9.901999999999999602e+01,-5.197614531764468970e-02,6.206064943793726529e-01,-1.584567502027160568e+00
9.904000000000000625e+01,-5.203122875061664404e-02,6.166068741276345966e-01,-1.584567501573408421e+00
9.906000000000000227e+01,-5.208631120488434185e-02,6.126072538911888632e-01,-1.584567501119656052e+00
9.907999999999999829e+01,-5.214139463785629619e-02,6.086076336394508068e-01,-1.584567500665904127e+00
9.909999999999999432e+01,-5.219647709212399400e-02,6.046080134030050734e-01,-1.584567500212151980e+00
9.912000000000000455e+01,-5.225156052509594834e-02,6.006083931512670171e-01,-1.584567499758399611e+00
9.914000000000000057e+01,-5.230664386158030005e-02,5.966087715397455638e-01,-1.584567499318916717e+00
9.915999999999999659e+01,-5.236172618758371672e-02,5.926091499440129251e-01,-1.584567498879433600e+00
9.918000000000000682e+01,-5.241680952406806843e-02,5.886095283324914718e-01,-1.584567498439950484e+00
9.920000000000000284e+01,-5.247189185007148510e-02,5.846099067367588331e-01,-1.584567498000467145e+00
9.921999999999999886e+01,-5.252697518655583681e-02,5.806102851252373798e-01,-1.584567497560984473e+00
9.923999999999999488e+01,-5.258205803918339361e-02,5.766106634148742138e-01,-1.584567497134687253e+00
9.926000000000000512e+01,-5.263714089181095040e-02,5.726110416882338461e-01,-1.584567496708389811e+00
9.928000000000000114e+01,-5.269222374443850720e-02,5.686114199778706801e-01,-1.584567496282092369e+00
9.929999999999999716e+01,-5.274730659706606400e-02,5.646117982675075142e-01,-1.584567495855795149e+00
9.931999999999999318e+01,-5.280239049142999852e-02,5.606121765408671465e-01,-1.584567495429497930e+00
9.934000000000000341e+01,-5.285747261525725743e-02,5.566125549121335725e-01,-1.584567495026680595e+00
9.935999999999999943e+01,-5.291255584154280767e-02,5.526129332661741111e-01,-1.584567494623863482e+00
9.937999999999999545e+01,-5.296763906782835790e-02,5.486133116202146498e-01,-1.584567494221046147e+00
9.940000000000000568e+01,-5.302272229411390814e-02,5.446136899742551885e-01,-1.584567493818228812e+00
9.942000000000000171e+01,-5.307780441794116705e-02,5.406140683455216145e-01,-1.584567493415411477e+00
9.943999999999999773e+01,-5.313288770357055962e-02,5.366144472249169128e-01,-1.584567493064280796e+00
9.945999999999999375e+01,-5.318797098919995220e-02,5.326148261043122112e-01,-1.584567492713150338e+00
9.948000000000000398e+01,-5.324305301008786656e-02,5.286152049837075095e-01,-1.584567492362020102e+00
9.950000000000000000e+01,-5.329813629571725914e-02,5.246155838631028079e-01,-1.584567492010889644e+00
9.951999999999999602e+01,-5.335321958134665171e-02,5.206159627424981062e-01,-1.584567491659759408e+00
9.954000000000000625e+01,-5.340830286697604429e-02,5.166163416218934046e-01,-1.584567491308628728e+00
9.956000000000000227e+01,-5.346338570977892529e-02,5.126167221381070505e-01,-1.584567490948441959e+00
9.957999999999999829e+01,-5.351846855258180630e-02,5.086171026543206963e-01,-1.584567490588254746e+00
9.959999999999999432e+01,-5.357355139538468730e-02,5.046174831705343422e-01,-1.584567490228067754e+00
9.962000000000000455e+01,-5.362863423818756831e-02,5.006178636867479881e-01,-1.584567489867880541e+00
9.964000000000000057e+01,-5.368371691634980097e-02,4.966182428957349737e-01,-1.584567489580405830e+00
9.965999999999999659e+01,-5.373879959451203364e-02,4.926186221288593181e-01,-1.584567489292930897e+00
9.968000000000000682e+01,-5.379388227267426631e-02,4.886190013378463037e-01,-1.584567489005455965e+00
9.970000000000000284e+01,-5.384896495083649898e-02,4.846193805709706481e-01,-1.584567488717981032e+00
9.971999999999999886e+01,-5.390404762899873164e-02,4.806197597799576338e-01,-1.584567488430506321e+00
9.973999999999999488e+01,-5.395913187588931986e-02,4.766201400131528376e-01,-1.584567488149682735e+00
9.976000000000000512e+01,-5.401421454139884032e-02,4.726205202463480415e-01,-1.584567487868858926e+00
9.978000000000000114e+01,-5.406929720690836078e-02,4.686209004795432453e-01,-1.584567487588035339e+00
9.979999999999999716e+01,-5.412437987241788123e-02,4.646212807127384492e-01,-1.584567487307211753e+00
9.981999999999999318e+01,-5.417946253792740169e-02,4.606216609459336531e-01,-1.584567487026388166e+00
9.984000000000000341e+01,-5.423454515285230232e-02,4.566220389375162392e-01,-1.584567486754924426e+00
9.985999999999999943e+01,-5.428962940368391860e-02,4.526224169035378275e-01,-1.584567486483460463e+00
9.987999999999999545e+01,-5.434471201860881923e-02,4.486227948695594159e-01,-1.584567486211996945e+00
9.990000000000000568e+01,-5.439979463353371986e-02,4.446231728611420020e-01,-1.584567485940533205e+00
9.992000000000000171e+01,-5.445487724845862049e-02,4.406235508271635903e-01,-1.584567485669069242e+00
9.993999999999999773e+01,-5.450996045294946579e-02,4.366239293009235856e-01,-1.584567485425414812e+00
9.995999999999999375e+01,-5.456504365744031110e-02,4.326243078031620226e-01,-1.584567485181760604e+00
9.998000000000000398e+01,-5.462012686193115640e-02,4.286246862769220178e-01,-1.584567484938106174e+00
1.000000000000000000e+02,-5.467520824380257133e-02,4.246250647506820131e-01,-1.584567484694451744e+00
1.000199999999999960e+02,-5.473029144829341663e-02,4.206254432244420083e-01,-1.584567484450797314e+00
1.000400000000000063e+02,-5.478537524376000944e-02,4.166258235717484881e-01,-1.584567484231613976e+00
1.000600000000000023e+02,-5.484045701311870274e-02,4.126262039190549680e-01,-1.584567484012430416e+00
1.000799999999999983e+02,-5.489554080858529556e-02,4.086265842347035493e-01,-1.584567483793247300e+00
1.000999999999999943e+02,-5.495062257794398886e-02,4.046269645820100291e-01,-1.584567483574064184e+00
1.001200000000000045e+02,-5.500570637341058167e-02,4.006273449293165090e-01,-1.584567483354880624e+00
1.001400000000000006e+02,-5.506079016887717448e-02,3.966277252449650903e-01,-1.584567483135697286e+00
1.001599999999999966e+02,-5.511587175602727234e-02,3.926281036453064255e-01,-1.584567482882022205e+00
1.001800000000000068e+02,-5.517095509379989215e-02,3.886284820182943078e-01,-1.584567482628347124e+00
1.002000000000000028e+02,-5.522603843157251197e-02,3.846288603912821902e-01,-1.584567482374672043e+00
1.002199999999999989e+02,-5.528112176934513178e-02,3.806292387642700725e-01,-1.584567482120996962e+00
1.002399999999999949e+02,-5.533620335649522964e-02,3.766296171372579549e-01,-1.584567481867321881e+00
1.002600000000000051e+02,-5.539128653739568836e-02,3.726299962657342313e-01,-1.584567481613307516e+00
1.002800000000000011e+02,-5.544636971829614708e-02,3.686303754215274342e-01,-1.584567481359293373e+00
1.002999999999999972e+02,-5.550145289919660579e-02,3.646307545500037106e-01,-1.584567481105278564e+00
1.003199999999999932e+02,-5.555653608009706451e-02,3.606311337057969135e-01,-1.584567480851264420e+00
1.003400000000000034e+02,-5.561161903508463761e-02,3.566315143281554301e-01,-1.584567480665463268e+00
1.003599999999999994e+02,-5.566670199007221070e-02,3.526318949505139466e-01,-1.584567480479662116e+00
1.003799999999999955e+02,-5.572178255492896137e-02,3.486322755728724632e-01,-1.584567480293861186e+00
1.004000000000000057e+02,-5.577686550991653447e-02,3.446326561952309797e-01,-1.584567480108059812e+00
1.004200000000000017e+02,-5.583194846490410757e-02,3.406330368175894963e-01,-1.584567479922258659e+00
1.004399999999999977e+02,-5.588703141989168066e-02,3.366334174399480128e-01,-1.584567479736457507e+00
1.004599999999999937e+02,-5.594211445936025928e-02,3.326337976609007874e-01,-1.584567479547544622e+00
1.004800000000000040e+02,-5.599719749882883790e-02,3.286341778818535619e-01,-1.584567479358631736e+00
1.005000000000000000e+02,-5.605228053829741652e-02,3.246345581028063365e-01,-1.584567479169718851e+00
1.005199999999999960e+02,-5.610736357776599514e-02,3.206349383237591111e-01,-1.584567478980805966e+00
1.005400000000000063e+02,-5.616244661723457376e-02,3.166353185447118856e-01,-1.584567478791892858e+00
1.005600000000000023e+02,-5.621752886494744278e-02,3.126356970661667845e-01,-1.584567478492983517e+00
1.005799999999999983e+02,-5.627261259835816126e-02,3.086360755644076415e-01,-1.584567478194073731e+00
1.005999999999999943e+02,-5.632769484607103028e-02,3.046364540858625403e-01,-1.584567477895164611e+00
1.006200000000000045e+02,-5.638277857948174876e-02,3.006368325841033973e-01,-1.584567477596254603e+00
1.006400000000000006e+02,-5.643786014461771999e-02,2.966372112549741646e-01,-1.584567477391203738e+00
1.006599999999999966e+02,-5.649294387550547747e-02,2.926375899258449320e-01,-1.584567477186153095e+00
1.006800000000000068e+02,-5.654802544064144870e-02,2.886379686305555747e-01,-1.584567476981102230e+00
1.007000000000000028e+02,-5.660310917152920618e-02,2.846383473014263421e-01,-1.584567476776051365e+00
1.007199999999999989e+02,-5.665819290241696365e-02,2.806387259722971095e-01,-1.584567476571000499e+00
1.007399999999999949e+02,-5.671327417777977803e-02,2.766391065911885105e-01,-1.584567476330611013e+00
1.007600000000000051e+02,-5.676835730051565942e-02,2.726394872100799116e-01,-1.584567476090221527e+00
1.007800000000000011e+02,-5.682344042325154082e-02,2.686398678001061247e-01,-1.584567475849832041e+00
1.007999999999999972e+02,-5.687852354598742222e-02,2.646402484189975257e-01,-1.584567475609442555e+00
1.008199999999999932e+02,-5.693360666872330361e-02,2.606406290378889268e-01,-1.584567475369053069e+00
1.008400000000000034e+02,-5.698868718375450781e-02,2.566410146468425246e-01,-1.584567475312744556e+00
1.008599999999999994e+02,-5.704376769878571202e-02,2.526414002557961225e-01,-1.584567475256435598e+00
1.008799999999999955e+02,-5.709885610048860000e-02,2.486417858647496926e-01,-1.584567475200126863e+00
1.009000000000000057e+02,-5.715393661551980420e-02,2.446421713504740303e-01,-1.584567475143818127e+00
1.009200000000000017e+02,-5.720901713055100840e-02,2.406425569594276004e-01,-1.584567475087509614e+00
1.009399999999999977e+02,-5.726410553225389638e-02,2.366429425683811705e-01,-1.584567475031200656e+00
1.009599999999999937e+02,-5.731918812197952379e-02,2.326433221331328793e-01,-1.584567474459821490e+00
1.009800000000000040e+02,-5.737427071170515119e-02,2.286437016978845882e-01,-1.584567473888442324e+00
1.010000000000000000e+02,-5.742935407865403658e-02,2.246440812626362971e-01,-1.584567473317063158e+00
1.010199999999999960e+02,-5.748443666837966398e-02,2.206444608273880059e-01,-1.584567472745684213e+00
1.010400000000000063e+02,-5.753951990128836763e-02,2.166448403865386674e-01,-1.584567472373430430e+00
1.010600000000000023e+02,-5.759460194122210941e-02,2.126452199643295571e-01,-1.584567472001176869e+00
1.010799999999999983e+02,-5.764968517413081306e-02,2.086455995234802185e-01,-1.584567471628923307e+00
1.010999999999999943e+02,-5.770476840703951671e-02,2.046459791012711082e-01,-1.584567471256669746e+00
1.011200000000000045e+02,-5.775985044697325849e-02,2.006463586604217697e-01,-1.584567470884416185e+00
1.011400000000000006e+02,-5.781493402780503443e-02,1.966467384384413264e-01,-1.584567470520484855e+00
1.011599999999999966e+02,-5.787001638838070589e-02,1.926471181973943847e-01,-1.584567470156554192e+00
1.011800000000000068e+02,-5.792509874895637734e-02,1.886474979754139414e-01,-1.584567469792622640e+00
1.012000000000000028e+02,-5.798018232978815328e-02,1.846478777534334981e-01,-1.584567469428691977e+00
1.012199999999999989e+02,-5.803526469036382474e-02,1.806482575123865564e-01,-1.584567469064760648e+00
1.012399999999999949e+02,-5.809034720797465190e-02,1.766486374456574249e-01,-1.584567468626383757e+00
1.012600000000000051e+02,-5.814543073861592332e-02,1.726490173789282934e-01,-1.584567468188006867e+00
1.012800000000000011e+02,-5.820051325622675048e-02,1.686493973121991619e-01,-1.584567467749629976e+00
1.012999999999999972e+02,-5.825559577383757764e-02,1.646497772454700304e-01,-1.584567467311253308e+00
1.013199999999999932e+02,-5.831067930447884906e-02,1.606501571787408988e-01,-1.584567466872876196e+00
1.013400000000000034e+02,-5.831067930447884906e-02,1.606501571787408988e-01,-1.584567466872876196e+00
1.013599999999999994e+02,-5.831067930447884906e-02,1.606501571787408988e-01,-1.584567466872876196e+00
1.013799999999999955e+02,-5.831067930447884906e-02,1.606501571787408988e-01,-1.584567466872876196e+00
1.014000000000000057e+02,-5.831067930447884906e-02,1.606501571787408988e-01,-1.584567466872876196e+00
1.014200000000000017e+02,-5.831067930447884906e-02,1.606501571787408988e-01,-1.584567466872876196e+00
1.014399999999999977e+02,-5.831067930447884906e-02,1.606501571787408988e-01,-1.584567466872876196e+00
1.014599999999999937e+02,-5.831067930447884906e-02,1.606501571787408988e-01,-1.584567466872876196e+00
1.014800000000000040e+02,-5.831067930447884906e-02,1.606501571787408988e-01,-1.584567466872876196e+00
1.015000000000000000e+02,-5.831067930447884906e-02,1.606501571787408988e-01,-1.584567466872876196e+00
1.015199999999999960e+02,-5.831067930447884906e-02,1.606501571787408988e-01,-1.584567466872876196e+00
1.015400000000000063e+02,-5.831067930447884906e-02,1.606501571787408988e-01,-1.584567466872876196e+00
1.015600000000000023e+02,-5.831067930447884906e-02,1.606501571787408988e-01,-1.584567466872876196e+00
1.015799999999999983e+02,-5.831067930447884906e-02,1.606501571787408988e-01,-1.584567466872876196e+00
1.015999999999999943e+02,-5.831067930447884906e-02,1.606501571787408988e-01,-1.584567466872876196e+00
1.016200000000000045e+02,-5.831067930447884906e-02,1.606501571787408988e-01,-1.584567466872876196e+00
1.016400000000000006e+02,-5.831067930447884906e-02,1.606501571787408988e-01,-1.584567466872876196e+00
1.016599999999999966e+02,-5.831067930447884906e-02,1.606501571787408988e-01,-1.584567466872876196e+00
1.016800000000000068e+02,-5.831067930447884906e-02,1.606501571787408988e-01,-1.584567466872876196e+00
1.017000000000000028e+02,-5.831067930447884906e-02,1.606501571787408988e-01,-1.584567466872876196e+00
1.017199999999999989e+02,-5.831067930447884906e-02,1.606501571787408988e-01,-1.584567466872876196e+00
1.017399999999999949e+02,-5.831067930447884906e-02,1.606501571787408988e-01,-1.584567466872876196e+00
1.017600000000000051e+02,-5.831067930447884906e-02,1.606501571787408988e-01,-1.584567466872876196e+00
1.017800000000000011e+02,-5.831067930447884906e-02,1.606501571787408988e-01,-1.584567466872876196e+00
1.017999999999999972e+02,-5.831067930447884906e-02,1.606501571787408988e-01,-1.584567466872876196e+00
1.018199999999999932e+02,-5.831067930447884906e-02,1.606501571787408988e-01,-1.584567466872876196e+00
1.018400000000000034e+02,-5.831067930447884906e-02,1.606501571787408988e-01,-1.584567466872876196e+00
1.018599999999999994e+02,-5.831067930447884906e-02,1.606501571787408988e-01,-1.584567466872876196e+00
1.018799999999999955e+02,-5.831067930447884906e-02,1.606501571787408988e-01,-1.584567466872876196e+00
1.019000000000000057e+02,-5.831067930447884906e-02,1.606501571787408988e-01,-1.584567466872876196e+00
1.019200000000000017e+02,-5.831067930447884906e-02,1.606501571787408988e-01,-1.584567466872876196e+00
1.019399999999999977e+02,-5.831067930447884906e-02,1.606501571787408988e-01,-1.584567466872876196e+00
1.019599999999999937e+02,-5.831067930447884906e-02,1.606501571787408988e-01,-1.584567466872876196e+00
1.019800000000000040e+02,-5.831067930447884906e-02,1.606501571787408988e-01,-1.584567466872876196e+00
1.020000000000000000e+02,-5.831067930447884906e-02,1.606501571787408988e-01,-1.584567466872876196e+00
1.020199999999999960e+02,-5.831067930447884906e-02,1.606501571787408988e-01,-1.584567466872876196e+00
1.020400000000000063e+02,-5.831067930447884906e-02,1.606501571787408988e-01,-1.584567466872876196e+00
1.020600000000000023e+02,-5.831067930447884906e-02,1.606501571787408988e-01,-1.584567466872876196e+00
1.020799999999999983e+02,-5.831067930447884906e-02,1.606501571787408988e-01,-1.584567466872876196e+00
1.020999999999999943e+02,-5.831067930447884906e-02,1.606501571787408988e-01,-1.584567466872876196e+00
1.021200000000000045e+02,-5.831067930447884906e-02,1.606501571787408988e-01,-1.584567466872876196e+00
1.021400000000000006e+02,-5.831067930447884906e-02,1.606501571787408988e-01,-1.584567466872876196e+00
1.021599999999999966e+02,-5.831067930447884906e-02,1.606501571787408988e-01,-1.584567466872876196e+00
1.021800000000000068e+02,-5.831067930447884906e-02,1.606501571787408988e-01,-1.584567466872876196e+00
1.022000000000000028e+02,-5.831067930447884906e-02,1.606501571787408988e-01,-1.584567466872876196e+00
1.022199999999999989e+02,-5.831067930447884906e-02,1.606501571787408988e-01,-1.584567466872876196e+00
1.022399999999999949e+02,-5.831067930447884906e-02,1.606501571787408988e-01,-1.584567466872876196e+00
1.022600000000000051e+02,-5.831067930447884906e-02,1.606501571787408988e-01,-1.584567466872876196e+00
1.022800000000000011e+02,-5.831067930447884906e-02,1.606501571787408988e-01,-1.584567466872876196e+00
1.022999999999999972e+02,-5.831067930447884906e-02,1.606501571787408988e-01,-1.584567466872876196e+00
1.023199999999999932e+02,-5.831067930447884906e-02,1.606501571787408988e-01,-1.584567466872876196e+00
1.023400000000000034e+02,-5.831067930447884906e-02,1.606501571787408988e-01,-1.584567466872876196e+00
1.023599999999999994e+02,-5.831067930447884906e-02,1.606501571787408988e-01,-1.584567466872876196e+00
1.023799999999999955e+02,-5.831067930447884906e-02,1.606501571787408988e-01,-1.584567466872876196e+00
1.024000000000000057e+02,-5.831067930447884906e-02,1.606501571787408988e-01,-1.584567466872876196e+00
1.024200000000000017e+02,-5.831067930447884906e-02,1.606501571787408988e-01,-1.584567466872876196e+00
1.024399999999999977e+02,-5.831067930447884906e-02,1.606501571787408988e-01,-1.584567466872876196e+00
1.024599999999999937e+02,-5.831067930447884906e-02,1.606501571787408988e-01,-1.584567466872876196e+00
1.024800000000000040e+02,-5.831067930447884906e-02,1.606501571787408988e-01,-1.584567466872876196e+00
1.025000000000000000e+02,-5.831067930447884906e-02,1.606501571787408988e-01,-1.584567466872876196e+00
1.025199999999999960e+02,-5.831067930447884906e-02,1.606501571787408988e-01,-1.584567466872876196e+00
1.025400000000000063e+02,-5.831067930447884906e-02,1.606501571787408988e-01,-1.584567466872876196e+00
1.025600000000000023e+02,-5.831067930447884906e-02,1.606501571787408988e-01,-1.584567466872876196e+00
1.025799999999999983e+02,-5.831067930447884906e-02,1.606501571787408988e-01,-1.584567466872876196e+00
1.025999999999999943e+02,-5.831067930447884906e-02,1.606501571787408988e-01,-1.584567466872876196e+00
1.026200000000000045e+02,-5.831067930447884906e-02,1.606501571787408988e-01,-1.584567466872876196e+00
1.026400000000000006e+02,-5.831067930447884906e-02,1.606501571787408988e-01,-1.584567466872876196e+00
1.026599999999999966e+02,-5.831067930447884906e-02,1.606501571787408988e-01,-1.584567466872876196e+00
1.026800000000000068e+02,-5.831067930447884906e-02,1.606501571787408988e-01,-1.584567466872876196e+00
1.027000000000000028e+02,-5.831067930447884906e-02,1.606501571787408988e-01,-1.584567466872876196e+00
1.027199999999999989e+02,-5.831067930447884906e-02,1.606501571787408988e-01,-1.584567466872876196e+00
1.027399999999999949e+02,-5.831067930447884906e-02,1.606501571787408988e-01,-1.584567466872876196e+00
1.027600000000000051e+02,-5.831067930447884906e-02,1.606501571787408988e-01,-1.584567466872876196e+00
1.027800000000000011e+02,-5.831067930447884906e-02,1.606501571787408988e-01,-1.584567466872876196e+00
1.027999999999999972e+02,-5.831067930447884906e-02,1.606501571787408988e-01,-1.584567466872876196e+00
1.028199999999999932e+02,-5.831067930447884906e-02,1.606501571787408988e-01,-1.584567466872876196e+00
1.028400000000000034e+02,-5.831067930447884906e-02,1.606501571787408988e-01,-1.584567466872876196e+00
1.028599999999999994e+02,-5.831067930447884906e-02,1.606501571787408988e-01,-1.584567466872876196e+00
1.028799999999999955e+02,-5.831067930447884906e-02,1.606501571787408988e-01,-1.584567466872876196e+00
1.029000000000000057e+02,-5.831067930447884906e-02,1.606501571787408988e-01,-1.584567466872876196e+00
1.029200000000000017e+02,-5.831067930447884906e-02,1.606501571787408988e-01,-1.584567466872876196e+00
1.029399999999999977e+02,-5.831067930447884906e-02,1.606501571787408988e-01,-1.584567466872876196e+00
1.029599999999999937e+02,-5.831067930447884906e-02,1.606501571787408988e-01,-1.584567466872876196e+00
1.029800000000000040e+02,-5.831067930447884906e-02,1.606501571787408988e-01,-1.584567466872876196e+00
1.030000000000000000e+02,-5.831067930447884906e-02,1.606501571787408988e-01,-1.584567466872876196e+00
1.030199999999999960e+02,-5.831067930447884906e-02,1.606501571787408988e-01,-1.584567466872876196e+00
1.030400000000000063e+02,-5.831067930447884906e-02,1.606501571787408988e-01,-1.584567466872876196e+00
1.030600000000000023e+02,-5.831067930447884906e-02,1.606501571787408988e-01,-1.584567466872876196e+00
1.030799999999999983e+02,-5.831067930447884906e-02,1.606501571787408988e-01,-1.584567466872876196e+00
1.030999999999999943e+02,-5.831067930447884906e-02,1.606501571787408988e-01,-1.584567466872876196e+00
1.031200000000000045e+02,-5.831067930447884906e-02,1.606501571787408988e-01,-1.584567466872876196e+00
1.031400000000000006e+02,-5.831067930447884906e-02,1.606501571787408988e-01,-1.584567466872876196e+00
1.031599999999999966e+02,-5.831067930447884906e-02,1.606501571787408988e-01,-1.584567466872876196e+00
1.031800000000000068e+02,-5.831067930447884906e-02,1.606501571787408988e-01,-1.584567466872876196e+00
1.032000000000000028e+02,-5.831067930447884906e-02,1.606501571787408988e-01,-1.584567466872876196e+00
1.032199999999999989e+02,-5.831067930447884906e-02,1.606501571787408988e-01,-1.584567466872876196e+00
1.032399999999999949e+02,-5.831067930447884906e-02,1.606501571787408988e-01,-1.584567466872876196e+00
1.032600000000000051e+02,-5.831067930447884906e-02,1.606501571787408988e-01,-1.584567466872876196e+00
1.032800000000000011e+02,-5.831067930447884906e-02,1.606501571787408988e-01,-1.584567466872876196e+00
1.032999999999999972e+02,-5.831067930447884906e-02,1.606501571787408988e-01,-1.584567466872876196e+00
1.033199999999999932e+02,-5.831067930447884906e-02,1.606501571787408988e-01,-1.584567466872876196e+00
1.033400000000000034e+02,-5.831067930447884906e-02,1.606501571787408988e-01,-1.584567466872876196e+00
1.033599999999999994e+02,-5.831067930447884906e-02,1.606501571787408988e-01,-1.584567466872876196e+00
1.033799999999999955e+02,-5.831067930447884906e-02,1.606501571787408988e-01,-1.584567466872876196e+00
1.034000000000000057e+02,-5.831067930447884906e-02,1.606501571787408988e-01,-1.584567466872876196e+00
1.034200000000000017e+02,-5.831067930447884906e-02,1.606501571787408988e-01,-1.584567466872876196e+00
1.034399999999999977e+02,-5.831067930447884906e-02,1.606501571787408988e-01,-1.584567466872876196e+00
1.034599999999999937e+02,-5.831067930447884906e-02,1.606501571787408988e-01,-1.584567466872876196e+00
1.034800000000000040e+02,-5.831067930447884906e-02,1.606501571787408988e-01,-1.584567466872876196e+00
1.035000000000000000e+02,-5.831067930447884906e-02,1.606501571787408988e-01,-1.584567466872876196e+00
1.035199999999999960e+02,-5.831067930447884906e-02,1.606501571787408988e-01,-1.584567466872876196e+00
1.035400000000000063e+02,-5.831067930447884906e-02,1.606501571787408988e-01,-1.584567466872876196e+00
1.035600000000000023e+02,-5.831067930447884906e-02,1.606501571787408988e-01,-1.584567466872876196e+00
1.035799999999999983e+02,-5.831067930447884906e-02,1.606501571787408988e-01,-1.584567466872876196e+00
1.035999999999999943e+02,-5.831067930447884906e-02,1.606501571787408988e-01,-1.584567466872876196e+00
1.036200000000000045e+02,-5.831067930447884906e-02,1.606501571787408988e-01,-1.584567466872876196e+00
1.036400000000000006e+02,-5.831067930447884906e-02,1.606501571787408988e-01,-1.584567466872876196e+00
1.036599999999999966e+02,-5.831067930447884906e-02,1.606501571787408988e-01,-1.584567466872876196e+00
1.036800000000000068e+02,-5.831067930447884906e-02,1.606501571787408988e-01,-1.584567466872876196e+00
1.037000000000000028e+02,-5.831067930447884906e-02,1.606501571787408988e-01,-1.584567466872876196e+00
1.037199999999999989e+02,-5.831067930447884906e-02,1.606501571787408988e-01,-1.584567466872876196e+00
1.037399999999999949e+02,-5.831067930447884906e-02,1.606501571787408988e-01,-1.584567466872876196e+00
1.037600000000000051e+02,-5.831067930447884906e-02,1.606501571787408988e-01,-1.584567466872876196e+00
1.037800000000000011e+02,-5.831067930447884906e-02,1.606501571787408988e-01,-1.584567466872876196e+00
1.037999999999999972e+02,-5.831067930447884906e-02,1.606501571787408988e-01,-1.584567466872876196e+00
1.038199999999999932e+02,-5.831067930447884906e-02,1.606501571787408988e-01,-1.584567466872876196e+00
1.038400000000000034e+02,-5.831067930447884906e-02,1.606501571787408988e-01,-1.584567466872876196e+00
1.038599999999999994e+02,-5.831067930447884906e-02,1.606501571787408988e-01,-1.584567466872876196e+00
1.038799999999999955e+02,-5.831067930447884906e-02,1.606501571787408988e-01,-1.584567466872876196e+00
1.039000000000000057e+02,-5.831067930447884906e-02,1.606501571787408988e-01,-1.584567466872876196e+00
1.039200000000000017e+02,-5.831067930447884906e-02,1.606501571787408988e-01,-1.584567466872876196e+00
1.039399999999999977e+02,-5.831067930447884906e-02,1.606501571787408988e-01,-1.584567466872876196e+00
1.039599999999999937e+02,-5.831067930447884906e-02,1.606501571787408988e-01,-1.584567466872876196e+00
1.039800000000000040e+02,-5.831067930447884906e-02,1.606501571787408988e-01,-1.584567466872876196e+00
1.040000000000000000e+02,-5.831067930447884906e-02,1.606501571787408988e-01,-1.584567466872876196e+00
1.040199999999999960e+02,-5.831067930447884906e-02,1.606501571787408988e-01,-1.584567466872876196e+00
1.040400000000000063e+02,-5.831067930447884906e-02,1.606501571787408988e-01,-1.584567466872876196e+00
1.040600000000000023e+02,-5.831067930447884906e-02,1.606501571787408988e-01,-1.584567466872876196e+00
1.040799999999999983e+02,-5.831067930447884906e-02,1.606501571787408988e-01,-1.584567466872876196e+00
1.040999999999999943e+02,-5.831067930447884906e-02,1.606501571787408988e-01,-1.584567466872876196e+00
1.041200000000000045e+02,-5.831067930447884906e-02,1.606501571787408988e-01,-1.584567466872876196e+00
1.041400000000000006e+02,-5.831067930447884906e-02,1.606501571787408988e-01,-1.584567466872876196e+00
1.041599999999999966e+02,-5.831067930447884906e-02,1.606501571787408988e-01,-1.584567466872876196e+00
1.041800000000000068e+02,-5.831067930447884906e-02,1.606501571787408988e-01,-1.584567466872876196e+00
1.042000000000000028e+02,-5.831067930447884906e-02,1.606501571787408988e-01,-1.584567466872876196e+00
1.042199999999999989e+02,-5.831067930447884906e-02,1.606501571787408988e-01,-1.584567466872876196e+00
1.042399999999999949e+02,-5.831067930447884906e-02,1.606501571787408988e-01,-1.584567466872876196e+00
1.042600000000000051e+02,-5.831067930447884906e-02,1.606501571787408988e-01,-1.584567466872876196e+00
1.042800000000000011e+02,-5.831067930447884906e-02,1.606501571787408988e-01,-1.584567466872876196e+00
1.042999999999999972e+02,-5.831067930447884906e-02,1.606501571787408988e-01,-1.584567466872876196e+00
1.043199999999999932e+02,-5.831067930447884906e-02,1.606501571787408988e-01,-1.584567466872876196e+00
1.043400000000000034e+02,-5.831067930447884906e-02,1.606501571787408988e-01,-1.584567466872876196e+00
1.043599999999999994e+02,-5.831067930447884906e-02,1.606501571787408988e-01,-1.584567466872876196e+00
1.043799999999999955e+02,-5.831067930447884906e-02,1.606501571787408988e-01,-1.584567466872876196e+00
1.044000000000000057e+02,-5.831067930447884906e-02,1.606501571787408988e-01,-1.584567466872876196e+00
1.044200000000000017e+02,-5.831067930447884906e-02,1.606501571787408988e-01,-1.584567466872876196e+00
1.044399999999999977e+02,-5.831067930447884906e-02,1.606501571787408988e-01,-1.584567466872876196e+00
1.044599999999999937e+02,-5.831067930447884906e-02,1.606501571787408988e-01,-1.584567466872876196e+00
1.044800000000000040e+02,-5.831067930447884906e-02,1.606501571787408988e-01,-1.584567466872876196e+00
1.045000000000000000e+02,-5.831067930447884906e-02,1.606501571787408988e-01,-1.584567466872876196e+00
1.045199999999999960e+02,-5.831067930447884906e-02,1.606501571787408988e-01,-1.584567466872876196e+00
1.045400000000000063e+02,-5.831067930447884906e-02,1.606501571787408988e-01,-1.584567466872876196e+00
1.045600000000000023e+02,-5.831067930447884906e-02,1.606501571787408988e-01,-1.584567466872876196e+00
1.045799999999999983e+02,-5.831067930447884906e-02,1.606501571787408988e-01,-1.584567466872876196e+00
1.045999999999999943e+02,-5.831067930447884906e-02,1.606501571787408988e-01,-1.584567466872876196e+00
1.046200000000000045e+02,-5.831067930447884906e-02,1.606501571787408988e-01,-1.584567466872876196e+00
1.046400000000000006e+02,-5.831067930447884906e-02,1.606501571787408988e-01,-1.584567466872876196e+00
1.046599999999999966e+02,-5.831067930447884906e-02,1.606501571787408988e-01,-1.584567466872876196e+00
1.046800000000000068e+02,-5.831067930447884906e-02,1.606501571787408988e-01,-1.584567466872876196e+00
1.047000000000000028e+02,-5.831067930447884906e-02,1.606501571787408988e-01,-1.584567466872876196e+00
1.047199999999999989e+02,-5.831067930447884906e-02,1.606501571787408988e-01,-1.584567466872876196e+00
1.047399999999999949e+02,-5.831067930447884906e-02,1.606501571787408988e-01,-1.584567466872876196e+00
1.047600000000000051e+02,-5.831067930447884906e-02,1.606501571787408988e-01,-1.584567466872876196e+00
1.047800000000000011e+02,-5.831067930447884906e-02,1.606501571787408988e-01,-1.584567466872876196e+00
1.047999999999999972e+02,-5.831067930447884906e-02,1.606501571787408988e-01,-1.584567466872876196e+00
1.048199999999999932e+02,-5.831067930447884906e-02,1.606501571787408988e-01,-1.584567466872876196e+00
1.048400000000000034e+02,-5.831067930447884906e-02,1.606501571787408988e-01,-1.584567466872876196e+00
1.048599999999999994e+02,-5.831067930447884906e-02,1.606501571787408988e-01,-1.584567466872876196e+00
1.048799999999999955e+02,-5.831067930447884906e-02,1.606501571787408988e-01,-1.584567466872876196e+00
1.049000000000000057e+02,-5.831067930447884906e-02,1.606501571787408988e-01,-1.584567466872876196e+00
1.049200000000000017e+02,-5.831067930447884906e-02,1.606501571787408988e-01,-1.584567466872876196e+00
1.049399999999999977e+02,-5.831067930447884906e-02,1.606501571787408988e-01,-1.584567466872876196e+00
1.049599999999999937e+02,-5.831067930447884906e-02,1.606501571787408988e-01,-1.584567466872876196e+00
1.049800000000000040e+02,-5.831067930447884906e-02,1.606501571787408988e-01,-1.584567466872876196e+00
1.050000000000000000e+02,-5.831067930447884906e-02,1.606501571787408988e-01,-1.584567466872876196e+00
1.050199999999999960e+02,-5.831067930447884906e-02,1.606501571787408988e-01,-1.584567466872876196e+00
1.050400000000000063e+02,-5.831067930447884906e-02,1.606501571787408988e-01,-1.584567466872876196e+00
1.050600000000000023e+02,-5.831067930447884906e-02,1.606501571787408988e-01,-1.584567466872876196e+00
1.050799999999999983e+02,-5.831067930447884906e-02,1.606501571787408988e-01,-1.584567466872876196e+00
1.050999999999999943e+02,-5.831067930447884906e-02,1.606501571787408988e-01,-1.584567466872876196e+00
1.051200000000000045e+02,-5.831067930447884906e-02,1.606501571787408988e-01,-1.584567466872876196e+00
1.051400000000000006e+02,-5.831067930447884906e-02,1.606501571787408988e-01,-1.584567466872876196e+00
1.051599999999999966e+02,-5.831067930447884906e-02,1.606501571787408988e-01,-1.584567466872876196e+00
1.051800000000000068e+02,-5.831067930447884906e-02,1.606501571787408988e-01,-1.584567466872876196e+00
1.052000000000000028e+02,-5.831067930447884906e-02,1.606501571787408988e-01,-1.584567466872876196e+00
1.052199999999999989e+02,-5.831067930447884906e-02,1.606501571787408988e-01,-1.584567466872876196e+00
1.052399999999999949e+02,-5.831067930447884906e-02,1.606501571787408988e-01,-1.584567466872876196e+00
1.052600000000000051e+02,-5.831067930447884906e-02,1.606501571787408988e-01,-1.584567466872876196e+00
1.052800000000000011e+02,-5.831067930447884906e-02,1.606501571787408988e-01,-1.584567466872876196e+00
1.052999999999999972e+02,-5.831067930447884906e-02,1.606501571787408988e-01,-1.584567466872876196e+00
1.053199999999999932e+02,-5.831067930447884906e-02,1.606501571787408988e-01,-1.584567466872876196e+00
1.053400000000000034e+02,-5.831067930447884906e-02,1.606501571787408988e-01,-1.584567466872876196e+00
1.053599999999999994e+02,-5.831067930447884906e-02,1.606501571787408988e-01,-1.584567466872876196e+00
1.053799999999999955e+02,-5.831067930447884906e-02,1.606501571787408988e-01,-1.584567466872876196e+00
1.054000000000000057e+02,-5.831067930447884906e-02,1.606501571787408988e-01,-1.584567466872876196e+00
1.054200000000000017e+02,-5.831067930447884906e-02,1.606501571787408988e-01,-1.584567466872876196e+00
1.054399999999999977e+02,-5.831067930447884906e-02,1.606501571787408988e-01,-1.584567466872876196e+00
1.054599999999999937e+02,-5.831067930447884906e-02,1.606501571787408988e-01,-1.584567466872876196e+00
1.054800000000000040e+02,-5.831067930447884906e-02,1.606501571787408988e-01,-1.584567466872876196e+00
1.055000000000000000e+02,-5.831067930447884906e-02,1.606501571787408988e-01,-1.584567466872876196e+00
1.055199999999999960e+02,-5.831067930447884906e-02,1.606501571787408988e-01,-1.584567466872876196e+00
1.055400000000000063e+02,-5.831067930447884906e-02,1.606501571787408988e-01,-1.584567466872876196e+00
1.055600000000000023e+02,-5.831067930447884906e-02,1.606501571787408988e-01,-1.584567466872876196e+00
1.055799999999999983e+02,-5.831067930447884906e-02,1.606501571787408988e-01,-1.584567466872876196e+00
1.055999999999999943e+02,-5.831067930447884906e-02,1.606501571787408988e-01,-1.584567466872876196e+00
1.056200000000000045e+02,-5.831067930447884906e-02,1.606501571787408988e-01,-1.584567466872876196e+00
1.056400000000000006e+02,-5.831067930447884906e-02,1.606501571787408988e-01,-1.584567466872876196e+00
1.056599999999999966e+02,-5.831067930447884906e-02,1.606501571787408988e-01,-1.584567466872876196e+00
1.056800000000000068e+02,-5.831067930447884906e-02,1.606501571787408988e-01,-1.584567466872876196e+00
1.057000000000000028e+02,-5.831067930447884906e-02,1.606501571787408988e-01,-1.584567466872876196e+00
1.057199999999999989e+02,-5.831067930447884906e-02,1.606501571787408988e-01,-1.584567466872876196e+00
1.057399999999999949e+02,-5.831067930447884906e-02,1.606501571787408988e-01,-1.584567466872876196e+00
1.057600000000000051e+02,-5.831067930447884906e-02,1.606501571787408988e-01,-1.584567466872876196e+00
1.057800000000000011e+02,-5.831067930447884906e-02,1.606501571787408988e-01,-1.584567466872876196e+00
1.057999999999999972e+02,-5.831067930447884906e-02,1.606501571787408988e-01,-1.584567466872876196e+00
1.058199999999999932e+02,-5.831067930447884906e-02,1.606501571787408988e-01,-1.584567466872876196e+00
1.058400000000000034e+02,-5.831067930447884906e-02,1.606501571787408988e-01,-1.584567466872876196e+00
1.058599999999999994e+02,-5.831067930447884906e-02,1.606501571787408988e-01,-1.584567466872876196e+00
1.058799999999999955e+02,-5.831067930447884906e-02,1.606501571787408988e-01,-1.584567466872876196e+00
1.059000000000000057e+02,-5.831067930447884906e-02,1.606501571787408988e-01,-1.584567466872876196e+00
1.059200000000000017e+02,-5.831067930447884906e-02,1.606501571787408988e-01,-1.584567466872876196e+00
1.059399999999999977e+02,-5.831067930447884906e-02,1.606501571787408988e-01,-1.584567466872876196e+00
1.059599999999999937e+02,-5.831067930447884906e-02,1.606501571787408988e-01,-1.584567466872876196e+00
1.059800000000000040e+02,-5.831067930447884906e-02,1.606501571787408988e-01,-1.584567466872876196e+00
1.060000000000000000e+02,-5.831067930447884906e-02,1.606501571787408988e-01,-1.584567466872876196e+00
1.060199999999999960e+02,-5.831067930447884906e-02,1.606501571787408988e-01,-1.584567466872876196e+00
1.060400000000000063e+02,-5.831067930447884906e-02,1.606501571787408988e-01,-1.584567466872876196e+00
1.060600000000000023e+02,-5.831067930447884906e-02,1.606501571787408988e-01,-1.584567466872876196e+00
1.060799999999999983e+02,-5.831067930447884906e-02,1.606501571787408988e-01,-1.584567466872876196e+00
1.060999999999999943e+02,-5.831067930447884906e-02,1.606501571787408988e-01,-1.584567466872876196e+00
1.061200000000000045e+02,-5.831067930447884906e-02,1.606501571787408988e-01,-1.584567466872876196e+00
1.061400000000000006e+02,-5.831067930447884906e-02,1.606501571787408988e-01,-1.584567466872876196e+00
1.061599999999999966e+02,-5.831067930447884906e-02,1.606501571787408988e-01,-1.584567466872876196e+00
1.061800000000000068e+02,-5.831067930447884906e-02,1.606501571787408988e-01,-1.584567466872876196e+00
1.062000000000000028e+02,-5.831067930447884906e-02,1.606501571787408988e-01,-1.584567466872876196e+00
1.062199999999999989e+02,-5.831067930447884906e-02,1.606501571787408988e-01,-1.584567466872876196e+00
1.062399999999999949e+02,-5.831067930447884906e-02,1.606501571787408988e-01,-1.584567466872876196e+00
1.062600000000000051e+02,-5.831067930447884906e-02,1.606501571787408988e-01,-1.584567466872876196e+00
1.062800000000000011e+02,-5.831067930447884906e-02,1.606501571787408988e-01,-1.584567466872876196e+00
1.062999999999999972e+02,-5.831067930447884906e-02,1.606501571787408988e-01,-1.584567466872876196e+00
1.063199999999999932e+02,-5.831067930447884906e-02,1.606501571787408988e-01,-1.584567466872876196e+00
1.063400000000000034e+02,-5.831067930447884906e-02,1.606501571787408988e-01,-1.584567466872876196e+00
1.063599999999999994e+02,-5.831067930447884906e-02,1.606501571787408988e-01,-1.584567466872876196e+00
1.063799999999999955e+02,-5.831067930447884906e-02,1.606501571787408988e-01,-1.584567466872876196e+00
1.064000000000000057e+02,-5.831067930447884906e-02,1.606501571787408988e-01,-1.584567466872876196e+00
1.064200000000000017e+02,-5.831067930447884906e-02,1.606501571787408988e-01,-1.584567466872876196e+00
1.064399999999999977e+02,-5.831067930447884906e-02,1.606501571787408988e-01,-1.584567466872876196e+00
1.064599999999999937e+02,-5.831067930447884906e-02,1.606501571787408988e-01,-1.584567466872876196e+00
1.064800000000000040e+02,-5.831067930447884906e-02,1.606501571787408988e-01,-1.584567466872876196e+00
1.065000000000000000e+02,-5.831067930447884906e-02,1.606501571787408988e-01,-1.584567466872876196e+00
1.065199999999999960e+02,-5.831067930447884906e-02,1.606501571787408988e-01,-1.584567466872876196e+00
1.065400000000000063e+02,-5.831067930447884906e-02,1.606501571787408988e-01,-1.584567466872876196e+00
1.065600000000000023e+02,-5.831067930447884906e-02,1.606501571787408988e-01,-1.584567466872876196e+00
1.065799999999999983e+02,-5.831067930447884906e-02,1.606501571787408988e-01,-1.584567466872876196e+00
1.065999999999999943e+02,-5.831067930447884906e-02,1.606501571787408988e-01,-1.584567466872876196e+00
1.066200000000000045e+02,-5.831067930447884906e-02,1.606501571787408988e-01,-1.584567466872876196e+00
1.066400000000000006e+02,-5.831067930447884906e-02,1.606501571787408988e-01,-1.584567466872876196e+00
1.066599999999999966e+02,-5.831067930447884906e-02,1.606501571787408988e-01,-1.584567466872876196e+00
1.066800000000000068e+02,-5.831067930447884906e-02,1.606501571787408988e-01,-1.584567466872876196e+00
1.067000000000000028e+02,-5.831067930447884906e-02,1.606501571787408988e-01,-1.584567466872876196e+00
1.067199999999999989e+02,-5.831067930447884906e-02,1.606501571787408988e-01,-1.584567466872876196e+00
1.067399999999999949e+02,-5.831067930447884906e-02,1.606501571787408988e-01,-1.584567466872876196e+00
1.067600000000000051e+02,-5.831067930447884906e-02,1.606501571787408988e-01,-1.584567466872876196e+00
1.067800000000000011e+02,-5.831067930447884906e-02,1.606501571787408988e-01,-1.584567466872876196e+00
1.067999999999999972e+02,-5.831067930447884906e-02,1.606501571787408988e-01,-1.584567466872876196e+00
1.068199999999999932e+02,-5.831067930447884906e-02,1.606501571787408988e-01,-1.584567466872876196e+00
1.068400000000000034e+02,-5.831067930447884906e-02,1.606501571787408988e-01,-1.584567466872876196e+00
1.068599999999999994e+02,-5.831067930447884906e-02,1.606501571787408988e-01,-1.584567466872876196e+00
1.068799999999999955e+02,-5.831067930447884906e-02,1.606501571787408988e-01,-1.584567466872876196e+00
1.069000000000000057e+02,-5.831067930447884906e-02,1.606501571787408988e-01,-1.584567466872876196e+00
1.069200000000000017e+02,-5.831067930447884906e-02,1.606501571787408988e-01,-1.584567466872876196e+00
1.069399999999999977e+02,-5.831067930447884906e-02,1.606501571787408988e-01,-1.584567466872876196e+00
1.069599999999999937e+02,-5.831067930447884906e-02,1.606501571787408988e-01,-1.584567466872876196e+00
1.069800000000000040e+02,-5.831067930447884906e-02,1.606501571787408988e-01,-1.584567466872876196e+00
1.070000000000000000e+02,-5.831067930447884906e-02,1.606501571787408988e-01,-1.584567466872876196e+00
1.070199999999999960e+02,-5.831067930447884906e-02,1.606501571787408988e-01,-1.584567466872876196e+00
1.070400000000000063e+02,-5.831067930447884906e-02,1.606501571787408988e-01,-1.584567466872876196e+00
1.070600000000000023e+02,-5.831067930447884906e-02,1.606501571787408988e-01,-1.584567466872876196e+00
1.070799999999999983e+02,-5.831067930447884906e-02,1.606501571787408988e-01,-1.584567466872876196e+00
1.070999999999999943e+02,-5.831067930447884906e-02,1.606501571787408988e-01,-1.584567466872876196e+00
1.071200000000000045e+02,-5.831067930447884906e-02,1.606501571787408988e-01,-1.584567466872876196e+00
1.071400000000000006e+02,-5.831067930447884906e-02,1.606501571787408988e-01,-1.584567466872876196e+00
1.071599999999999966e+02,-5.831067930447884906e-02,1.606501571787408988e-01,-1.584567466872876196e+00
1.071800000000000068e+02,-5.831067930447884906e-02,1.606501571787408988e-01,-1.584567466872876196e+00
1.072000000000000028e+02,-5.831067930447884906e-02,1.606501571787408988e-01,-1.584567466872876196e+00
1.072199999999999989e+02,-5.831067930447884906e-02,1.606501571787408988e-01,-1.584567466872876196e+00
1.072399999999999949e+02,-5.831067930447884906e-02,1.606501571787408988e-01,-1.584567466872876196e+00
1.072600000000000051e+02,-5.831067930447884906e-02,1.606501571787408988e-01,-1.584567466872876196e+00
1.072800000000000011e+02,-5.831067930447884906e-02,1.606501571787408988e-01,-1.584567466872876196e+00
1.072999999999999972e+02,-5.831067930447884906e-02,1.606501571787408988e-01,-1.584567466872876196e+00
1.073199999999999932e+02,-5.831067930447884906e-02,1.606501571787408988e-01,-1.584567466872876196e+00
1.073400000000000034e+02,-5.831067930447884906e-02,1.606501571787408988e-01,-1.584567466872876196e+00
1.073599999999999994e+02,-5.831067930447884906e-02,1.606501571787408988e-01,-1.584567466872876196e+00
1.073799999999999955e+02,-5.831067930447884906e-02,1.606501571787408988e-01,-1.584567466872876196e+00
1.074000000000000057e+02,-5.831067930447884906e-02,1.606501571787408988e-01,-1.584567466872876196e+00
1.074200000000000017e+02,-5.831067930447884906e-02,1.606501571787408988e-01,-1.584567466872876196e+00
1.074399999999999977e+02,-5.831067930447884906e-02,1.606501571787408988e-01,-1.584567466872876196e+00
1.074599999999999937e+02,-5.831067930447884906e-02,1.606501571787408988e-01,-1.584567466872876196e+00
1.074800000000000040e+02,-5.831067930447884906e-02,1.606501571787408988e-01,-1.584567466872876196e+00
1.075000000000000000e+02,-5.831067930447884906e-02,1.606501571787408988e-01,-1.584567466872876196e+00
1.075199999999999960e+02,-5.831067930447884906e-02,1.606501571787408988e-01,-1.584567466872876196e+00
1.075400000000000063e+02,-5.831067930447884906e-02,1.606501571787408988e-01,-1.584567466872876196e+00
1.075600000000000023e+02,-5.831067930447884906e-02,1.606501571787408988e-01,-1.584567466872876196e+00
1.075799999999999983e+02,-5.831067930447884906e-02,1.606501571787408988e-01,-1.584567466872876196e+00
1.075999999999999943e+02,-5.831067930447884906e-02,1.606501571787408988e-01,-1.584567466872876196e+00
1.076200000000000045e+02,-5.831067930447884906e-02,1.606501571787408988e-01,-1.584567466872876196e+00
1.076400000000000006e+02,-5.831067930447884906e-02,1.606501571787408988e-01,-1.584567466872876196e+00
1.076599999999999966e+02,-5.831067930447884906e-02,1.606501571787408988e-01,-1.584567466872876196e+00
1.076800000000000068e+02,-5.831067930447884906e-02,1.606501571787408988e-01,-1.584567466872876196e+00
1.077000000000000028e+02,-5.831067930447884906e-02,1.606501571787408988e-01,-1.584567466872876196e+00
1.077199999999999989e+02,-5.831067930447884906e-02,1.606501571787408988e-01,-1.584567466872876196e+00
1.077399999999999949e+02,-5.831067930447884906e-02,1.606501571787408988e-01,-1.584567466872876196e+00
1.077600000000000051e+02,-5.831067930447884906e-02,1.606501571787408988e-01,-1.584567466872876196e+00
1.077800000000000011e+02,-5.831067930447884906e-02,1.606501571787408988e-01,-1.584567466872876196e+00
1.077999999999999972e+02,-5.831067930447884906e-02,1.606501571787408988e-01,-1.584567466872876196e+00
1.078199999999999932e+02,-5.831067930447884906e-02,1.606501571787408988e-01,-1.584567466872876196e+00
1.078400000000000034e+02,-5.831067930447884906e-02,1.606501571787408988e-01,-1.584567466872876196e+00
1.078599999999999994e+02,-5.831067930447884906e-02,1.606501571787408988e-01,-1.584567466872876196e+00
1.078799999999999955e+02,-5.831067930447884906e-02,1.606501571787408988e-01,-1.584567466872876196e+00
1.079000000000000057e+02,-5.831067930447884906e-02,1.606501571787408988e-01,-1.584567466872876196e+00
1.079200000000000017e+02,-5.831067930447884906e-02,1.606501571787408988e-01,-1.584567466872876196e+00
1.079399999999999977e+02,-5.831067930447884906e-02,1.606501571787408988e-01,-1.584567466872876196e+00
1.079599999999999937e+02,-5.831067930447884906e-02,1.606501571787408988e-01,-1.584567466872876196e+00
1.079800000000000040e+02,-5.831067930447884906e-02,1.606501571787408988e-01,-1.584567466872876196e+00
1.080000000000000000e+02,-5.831067930447884906e-02,1.606501571787408988e-01,-1.584567466872876196e+00
1.080199999999999960e+02,-5.831067930447884906e-02,1.606501571787408988e-01,-1.584567466872876196e+00
1.080400000000000063e+02,-5.831067930447884906e-02,1.606501571787408988e-01,-1.584567466872876196e+00
1.080600000000000023e+02,-5.831067930447884906e-02,1.606501571787408988e-01,-1.584567466872876196e+00
1.080799999999999983e+02,-5.831067930447884906e-02,1.606501571787408988e-01,-1.584567466872876196e+00
1.080999999999999943e+02,-5.831067930447884906e-02,1.606501571787408988e-01,-1.584567466872876196e+00
1.081200000000000045e+02,-5.831067930447884906e-02,1.606501571787408988e-01,-1.584567466872876196e+00
1.081400000000000006e+02,-5.831067930447884906e-02,1.606501571787408988e-01,-1.584567466872876196e+00
1.081599999999999966e+02,-5.831067930447884906e-02,1.606501571787408988e-01,-1.584567466872876196e+00
1.081800000000000068e+02,-5.831067930447884906e-02,1.606501571787408988e-01,-1.584567466872876196e+00
1.082000000000000028e+02,-5.831067930447884906e-02,1.606501571787408988e-01,-1.584567466872876196e+00
1.082199999999999989e+02,-5.831067930447884906e-02,1.606501571787408988e-01,-1.584567466872876196e+00
1.082399999999999949e+02,-5.831067930447884906e-02,1.606501571787408988e-01,-1.584567466872876196e+00
1.082600000000000051e+02,-5.831067930447884906e-02,1.606501571787408988e-01,-1.584567466872876196e+00
1.082800000000000011e+02,-5.831067930447884906e-02,1.606501571787408988e-01,-1.584567466872876196e+00
1.082999999999999972e+02,-5.831067930447884906e-02,1.606501571787408988e-01,-1.584567466872876196e+00
1.083199999999999932e+02,-5.831067930447884906e-02,1.606501571787408988e-01,-1.584567466872876196e+00
1.083400000000000034e+02,-5.831067930447884906e-02,1.606501571787408988e-01,-1.584567466872876196e+00
1.083599999999999994e+02,-5.831067930447884906e-02,1.606501571787408988e-01,-1.584567466872876196e+00
1.083799999999999955e+02,-5.831067930447884906e-02,1.606501571787408988e-01,-1.584567466872876196e+00
1.084000000000000057e+02,-5.831067930447884906e-02,1.606501571787408988e-01,-1.584567466872876196e+00
1.084200000000000017e+02,-5.831067930447884906e-02,1.606501571787408988e-01,-1.584567466872876196e+00
1.084399999999999977e+02,-5.831067930447884906e-02,1.606501571787408988e-01,-1.584567466872876196e+00
1.084599999999999937e+02,-5.831067930447884906e-02,1.606501571787408988e-01,-1.584567466872876196e+00
1.084800000000000040e+02,-5.831067930447884906e-02,1.606501571787408988e-01,-1.584567466872876196e+00
1.085000000000000000e+02,-5.831067930447884906e-02,1.606501571787408988e-01,-1.584567466872876196e+00
1.085199999999999960e+02,-5.831067930447884906e-02,1.606501571787408988e-01,-1.584567466872876196e+00
1.085400000000000063e+02,-5.831067930447884906e-02,1.606501571787408988e-01,-1.584567466872876196e+00
1.085600000000000023e+02,-5.831067930447884906e-02,1.606501571787408988e-01,-1.584567466872876196e+00
1.085799999999999983e+02,-5.831067930447884906e-02,1.606501571787408988e-01,-1.584567466872876196e+00
1.085999999999999943e+02,-5.831067930447884906e-02,1.606501571787408988e-01,-1.584567466872876196e+00
1.086200000000000045e+02,-5.831067930447884906e-02,1.606501571787408988e-01,-1.584567466872876196e+00
1.086400000000000006e+02,-5.831067930447884906e-02,1.606501571787408988e-01,-1.584567466872876196e+00
1.086599999999999966e+02,-5.831067930447884906e-02,1.606501571787408988e-01,-1.584567466872876196e+00
1.086800000000000068e+02,-5.831067930447884906e-02,1.606501571787408988e-01,-1.584567466872876196e+00
1.087000000000000028e+02,-5.831067930447884906e-02,1.606501571787408988e-01,-1.584567466872876196e+00
1.087199999999999989e+02,-5.831067930447884906e-02,1.606501571787408988e-01,-1.584567466872876196e+00
1.087399999999999949e+02,-5.831067930447884906e-02,1.606501571787408988e-01,-1.584567466872876196e+00
1.087600000000000051e+02,-5.831067930447884906e-02,1.606501571787408988e-01,-1.584567466872876196e+00
1.087800000000000011e+02,-5.831067930447884906e-02,1.606501571787408988e-01,-1.584567466872876196e+00
1.087999999999999972e+02,-5.831067930447884906e-02,1.606501571787408988e-01,-1.584567466872876196e+00
1.088199999999999932e+02,-5.831067930447884906e-02,1.606501571787408988e-01,-1.584567466872876196e+00
1.088400000000000034e+02,-5.831067930447884906e-02,1.606501571787408988e-01,-1.584567466872876196e+00
1.088599999999999994e+02,-5.831067930447884906e-02,1.606501571787408988e-01,-1.584567466872876196e+00
1.088799999999999955e+02,-5.831067930447884906e-02,1.606501571787408988e-01,-1.584567466872876196e+00
1.089000000000000057e+02,-5.831067930447884906e-02,1.606501571787408988e-01,-1.584567466872876196e+00
1.089200000000000017e+02,-5.831067930447884906e-02,1.606501571787408988e-01,-1.584567466872876196e+00
1.089399999999999977e+02,-5.831067930447884906e-02,1.606501571787408988e-01,-1.584567466872876196e+00
1.089599999999999937e+02,-5.831067930447884906e-02,1.606501571787408988e-01,-1.584567466872876196e+00
1.089800000000000040e+02,-5.831067930447884906e-02,1.606501571787408988e-01,-1.584567466872876196e+00
1.090000000000000000e+02,-5.831067930447884906e-02,1.606501571787408988e-01,-1.584567466872876196e+00
1.090199999999999960e+02,-5.831067930447884906e-02,1.606501571787408988e-01,-1.584567466872876196e+00
1.090400000000000063e+02,-5.831067930447884906e-02,1.606501571787408988e-01,-1.584567466872876196e+00
1.090600000000000023e+02,-5.831067930447884906e-02,1.606501571787408988e-01,-1.584567466872876196e+00
1.090799999999999983e+02,-5.831067930447884906e-02,1.606501571787408988e-01,-1.584567466872876196e+00
1.090999999999999943e+02,-5.831067930447884906e-02,1.606501571787408988e-01,-1.584567466872876196e+00
1.091200000000000045e+02,-5.831067930447884906e-02,1.606501571787408988e-01,-1.584567466872876196e+00
1.091400000000000006e+02,-5.831067930447884906e-02,1.606501571787408988e-01,-1.584567466872876196e+00
1.091599999999999966e+02,-5.831067930447884906e-02,1.606501571787408988e-01,-1.584567466872876196e+00
1.091800000000000068e+02,-5.831067930447884906e-02,1.606501571787408988e-01,-1.584567466872876196e+00
1.092000000000000028e+02,-5.831067930447884906e-02,1.606501571787408988e-01,-1.584567466872876196e+00
1.092199999999999989e+02,-5.831067930447884906e-02,1.606501571787408988e-01,-1.584567466872876196e+00
1.092399999999999949e+02,-5.831067930447884906e-02,1.606501571787408988e-01,-1.584567466872876196e+00
1.092600000000000051e+02,-5.831067930447884906e-02,1.606501571787408988e-01,-1.584567466872876196e+00
1.092800000000000011e+02,-5.831067930447884906e-02,1.606501571787408988e-01,-1.584567466872876196e+00
1.092999999999999972e+02,-5.831067930447884906e-02,1.606501571787408988e-01,-1.584567466872876196e+00
1.093199999999999932e+02,-5.831067930447884906e-02,1.606501571787408988e-01,-1.584567466872876196e+00
1.093400000000000034e+02,-5.831067930447884906e-02,1.606501571787408988e-01,-1.584567466872876196e+00
1.093599999999999994e+02,-5.831067930447884906e-02,1.606501571787408988e-01,-1.584567466872876196e+00
1.093799999999999955e+02,-5.831067930447884906e-02,1.606501571787408988e-01,-1.584567466872876196e+00
1.094000000000000057e+02,-5.831067930447884906e-02,1.606501571787408988e-01,-1.584567466872876196e+00
1.094200000000000017e+02,-5.831067930447884906e-02,1.606501571787408988e-01,-1.584567466872876196e+00
1.094399999999999977e+02,-5.831067930447884906e-02,1.606501571787408988e-01,-1.584567466872876196e+00
1.094599999999999937e+02,-5.831067930447884906e-02,1.606501571787408988e-01,-1.584567466872876196e+00
1.094800000000000040e+02,-5.831067930447884906e-02,1.606501571787408988e-01,-1.584567466872876196e+00
1.095000000000000000e+02,-5.831067930447884906e-02,1.606501571787408988e-01,-1.584567466872876196e+00
1.095199999999999960e+02,-5.831067930447884906e-02,1.606501571787408988e-01,-1.584567466872876196e+00
1.095400000000000063e+02,-5.831067930447884906e-02,1.606501571787408988e-01,-1.584567466872876196e+00
1.095600000000000023e+02,-5.831067930447884906e-02,1.606501571787408988e-01,-1.584567466872876196e+00
1.095799999999999983e+02,-5.831067930447884906e-02,1.606501571787408988e-01,-1.584567466872876196e+00
1.095999999999999943e+02,-5.831067930447884906e-02,1.606501571787408988e-01,-1.584567466872876196e+00
1.096200000000000045e+02,-5.831067930447884906e-02,1.606501571787408988e-01,-1.584567466872876196e+00
1.096400000000000006e+02,-5.831067930447884906e-02,1.606501571787408988e-01,-1.584567466872876196e+00
1.096599999999999966e+02,-5.831067930447884906e-02,1.606501571787408988e-01,-1.584567466872876196e+00
1.096800000000000068e+02,-5.831067930447884906e-02,1.606501571787408988e-01,-1.584567466872876196e+00
1.097000000000000028e+02,-5.831067930447884906e-02,1.606501571787408988e-01,-1.584567466872876196e+00
1.097199999999999989e+02,-5.831067930447884906e-02,1.606501571787408988e-01,-1.584567466872876196e+00
1.097399999999999949e+02,-5.831067930447884906e-02,1.606501571787408988e-01,-1.584567466872876196e+00
1.097600000000000051e+02,-5.831067930447884906e-02,1.606501571787408988e-01,-1.584567466872876196e+00
1.097800000000000011e+02,-5.831067930447884906e-02,1.606501571787408988e-01,-1.584567466872876196e+00
1.097999999999999972e+02,-5.831067930447884906e-02,1.606501571787408988e-01,-1.584567466872876196e+00
1.098199999999999932e+02,-5.831067930447884906e-02,1.606501571787408988e-01,-1.584567466872876196e+00
1.098400000000000034e+02,-5.831067930447884906e-02,1.606501571787408988e-01,-1.584567466872876196e+00
1.098599999999999994e+02,-5.831067930447884906e-02,1.606501571787408988e-01,-1.584567466872876196e+00
1.098799999999999955e+02,-5.831067930447884906e-02,1.606501571787408988e-01,-1.584567466872876196e+00
1.099000000000000057e+02,-5.831067930447884906e-02,1.606501571787408988e-01,-1.584567466872876196e+00
1.099200000000000017e+02,-5.831067930447884906e-02,1.606501571787408988e-01,-1.584567466872876196e+00
1.099399999999999977e+02,-5.831067930447884906e-02,1.606501571787408988e-01,-1.584567466872876196e+00
1.099599999999999937e+02,-5.831067930447884906e-02,1.606501571787408988e-01,-1.584567466872876196e+00
1.099800000000000040e+02,-5.831067930447884906e-02,1.606501571787408988e-01,-1.584567466872876196e+00
1.100000000000000000e+02,-5.831067930447884906e-02,1.606501571787408988e-01,-1.584567466872876196e+00
1.100199999999999960e+02,-5.831067930447884906e-02,1.606501571787408988e-01,-1.584567466872876196e+00
1.100400000000000063e+02,-5.831067930447884906e-02,1.606501571787408988e-01,-1.584567466872876196e+00
1.100600000000000023e+02,-5.831067930447884906e-02,1.606501571787408988e-01,-1.584567466872876196e+00
1.100799999999999983e+02,-5.831067930447884906e-02,1.606501571787408988e-01,-1.584567466872876196e+00
1.100999999999999943e+02,-5.831067930447884906e-02,1.606501571787408988e-01,-1.584567466872876196e+00
1.101200000000000045e+02,-5.831067930447884906e-02,1.606501571787408988e-01,-1.584567466872876196e+00
1.101400000000000006e+02,-5.831067930447884906e-02,1.606501571787408988e-01,-1.584567466872876196e+00
1.101599999999999966e+02,-5.831067930447884906e-02,1.606501571787408988e-01,-1.584567466872876196e+00
1.101800000000000068e+02,-5.831067930447884906e-02,1.606501571787408988e-01,-1.584567466872876196e+00
1.102000000000000028e+02,-5.831067930447884906e-02,1.606501571787408988e-01,-1.584567466872876196e+00
1.102199999999999989e+02,-5.831067930447884906e-02,1.606501571787408988e-01,-1.584567466872876196e+00
1.102399999999999949e+02,-5.831067930447884906e-02,1.606501571787408988e-01,-1.584567466872876196e+00
1.102600000000000051e+02,-5.831067930447884906e-02,1.606501571787408988e-01,-1.584567466872876196e+00
1.102800000000000011e+02,-5.831067930447884906e-02,1.606501571787408988e-01,-1.584567466872876196e+00
1.102999999999999972e+02,-5.831067930447884906e-02,1.606501571787408988e-01,-1.584567466872876196e+00
1.103199999999999932e+02,-5.831067930447884906e-02,1.606501571787408988e-01,-1.584567466872876196e+00
1.103400000000000034e+02,-5.831067930447884906e-02,1.606501571787408988e-01,-1.584567466872876196e+00
1.103599999999999994e+02,-5.831067930447884906e-02,1.606501571787408988e-01,-1.584567466872876196e+00
1.103799999999999955e+02,-5.831067930447884906e-02,1.606501571787408988e-01,-1.584567466872876196e+00
1.104000000000000057e+02,-5.831067930447884906e-02,1.606501571787408988e-01,-1.584567466872876196e+00
1.104200000000000017e+02,-5.831067930447884906e-02,1.606501571787408988e-01,-1.584567466872876196e+00
1.104399999999999977e+02,-5.831067930447884906e-02,1.606501571787408988e-01,-1.584567466872876196e+00
1.104599999999999937e+02,-5.831067930447884906e-02,1.606501571787408988e-01,-1.584567466872876196e+00
1.104800000000000040e+02,-5.831067930447884906e-02,1.606501571787408988e-01,-1.584567466872876196e+00
1.105000000000000000e+02,-5.831067930447884906e-02,1.606501571787408988e-01,-1.584567466872876196e+00
1.105199999999999960e+02,-5.831067930447884906e-02,1.606501571787408988e-01,-1.584567466872876196e+00
1.105400000000000063e+02,-5.831067930447884906e-02,1.606501571787408988e-01,-1.584567466872876196e+00
1.105600000000000023e+02,-5.831067930447884906e-02,1.606501571787408988e-01,-1.584567466872876196e+00
1.105799999999999983e+02,-5.831067930447884906e-02,1.606501571787408988e-01,-1.584567466872876196e+00
1.105999999999999943e+02,-5.831067930447884906e-02,1.606501571787408988e-01,-1.584567466872876196e+00
1.106200000000000045e+02,-5.831067930447884906e-02,1.606501571787408988e-01,-1.584567466872876196e+00
1.106400000000000006e+02,-5.831067930447884906e-02,1.606501571787408988e-01,-1.584567466872876196e+00
1.106599999999999966e+02,-5.831067930447884906e-02,1.606501571787408988e-01,-1.584567466872876196e+00
1.106800000000000068e+02,-5.831067930447884906e-02,1.606501571787408988e-01,-1.584567466872876196e+00
1.107000000000000028e+02,-5.831067930447884906e-02,1.606501571787408988e-01,-1.584567466872876196e+00
1.107199999999999989e+02,-5.831067930447884906e-02,1.606501571787408988e-01,-1.584567466872876196e+00
1.107399999999999949e+02,-5.831067930447884906e-02,1.606501571787408988e-01,-1.584567466872876196e+00
1.107600000000000051e+02,-5.831067930447884906e-02,1.606501571787408988e-01,-1.584567466872876196e+00
1.107800000000000011e+02,-5.831067930447884906e-02,1.606501571787408988e-01,-1.584567466872876196e+00
1.107999999999999972e+02,-5.831067930447884906e-02,1.606501571787408988e-01,-1.584567466872876196e+00
1.108199999999999932e+02,-5.831067930447884906e-02,1.606501571787408988e-01,-1.584567466872876196e+00
1.108400000000000034e+02,-5.831067930447884906e-02,1.606501571787408988e-01,-1.584567466872876196e+00
1.108599999999999994e+02,-5.831067930447884906e-02,1.606501571787408988e-01,-1.584567466872876196e+00
1.108799999999999955e+02,-5.831067930447884906e-02,1.606501571787408988e-01,-1.584567466872876196e+00
1.109000000000000057e+02,-5.831067930447884906e-02,1.606501571787408988e-01,-1.584567466872876196e+00
1.109200000000000017e+02,-5.831067930447884906e-02,1.606501571787408988e-01,-1.584567466872876196e+00
1.109399999999999977e+02,-5.831067930447884906e-02,1.606501571787408988e-01,-1.584567466872876196e+00
1.109599999999999937e+02,-5.831067930447884906e-02,1.606501571787408988e-01,-1.584567466872876196e+00
1.109800000000000040e+02,-5.831067930447884906e-02,1.606501571787408988e-01,-1.584567466872876196e+00
1.110000000000000000e+02,-5.831067930447884906e-02,1.606501571787408988e-01,-1.584567466872876196e+00
1.110199999999999960e+02,-5.831067930447884906e-02,1.606501571787408988e-01,-1.584567466872876196e+00
1.110400000000000063e+02,-5.831067930447884906e-02,1.606501571787408988e-01,-1.584567466872876196e+00
1.110600000000000023e+02,-5.831067930447884906e-02,1.606501571787408988e-01,-1.584567466872876196e+00
1.110799999999999983e+02,-5.831067930447884906e-02,1.606501571787408988e-01,-1.584567466872876196e+00
1.110999999999999943e+02,-5.831067930447884906e-02,1.606501571787408988e-01,-1.584567466872876196e+00
1.111200000000000045e+02,-5.831067930447884906e-02,1.606501571787408988e-01,-1.584567466872876196e+00
1.111400000000000006e+02,-5.831067930447884906e-02,1.606501571787408988e-01,-1.584567466872876196e+00
1.111599999999999966e+02,-5.831067930447884906e-02,1.606501571787408988e-01,-1.584567466872876196e+00
1.111800000000000068e+02,-5.831067930447884906e-02,1.606501571787408988e-01,-1.584567466872876196e+00
1.112000000000000028e+02,-5.831067930447884906e-02,1.606501571787408988e-01,-1.584567466872876196e+00
1.112199999999999989e+02,-5.831067930447884906e-02,1.606501571787408988e-01,-1.584567466872876196e+00
1.112399999999999949e+02,-5.831067930447884906e-02,1.606501571787408988e-01,-1.584567466872876196e+00
1.112600000000000051e+02,-5.831067930447884906e-02,1.606501571787408988e-01,-1.584567466872876196e+00
1.112800000000000011e+02,-5.831067930447884906e-02,1.606501571787408988e-01,-1.584567466872876196e+00
1.112999999999999972e+02,-5.831067930447884906e-02,1.606501571787408988e-01,-1.584567466872876196e+00
1.113199999999999932e+02,-5.831067930447884906e-02,1.606501571787408988e-01,-1.584567466872876196e+00
1.113400000000000034e+02,-5.831067930447884906e-02,1.606501571787408988e-01,-1.584567466872876196e+00
1.113599999999999994e+02,-5.831067930447884906e-02,1.606501571787408988e-01,-1.584567466872876196e+00
1.113799999999999955e+02,-5.831067930447884906e-02,1.606501571787408988e-01,-1.584567466872876196e+00
1.114000000000000057e+02,-5.831067930447884906e-02,1.606501571787408988e-01,-1.584567466872876196e+00
1.114200000000000017e+02,-5.831067930447884906e-02,1.606501571787408988e-01,-1.584567466872876196e+00
1.114399999999999977e+02,-5.831067930447884906e-02,1.606501571787408988e-01,-1.584567466872876196e+00
1.114599999999999937e+02,-5.831067930447884906e-02,1.606501571787408988e-01,-1.584567466872876196e+00
1.114800000000000040e+02,-5.831067930447884906e-02,1.606501571787408988e-01,-1.584567466872876196e+00
1.115000000000000000e+02,-5.831067930447884906e-02,1.606501571787408988e-01,-1.584567466872876196e+00
1.115199999999999960e+02,-5.831067930447884906e-02,1.606501571787408988e-01,-1.584567466872876196e+00
1.115400000000000063e+02,-5.831067930447884906e-02,1.606501571787408988e-01,-1.584567466872876196e+00
1.115600000000000023e+02,-5.831067930447884906e-02,1.606501571787408988e-01,-1.584567466872876196e+00
1.115799999999999983e+02,-5.831067930447884906e-02,1.606501571787408988e-01,-1.584567466872876196e+00
1.115999999999999943e+02,-5.831067930447884906e-02,1.606501571787408988e-01,-1.584567466872876196e+00
1.116200000000000045e+02,-5.831067930447884906e-02,1.606501571787408988e-01,-1.584567466872876196e+00
1.116400000000000006e+02,-5.831067930447884906e-02,1.606501571787408988e-01,-1.584567466872876196e+00
1.116599999999999966e+02,-5.831067930447884906e-02,1.606501571787408988e-01,-1.584567466872876196e+00
1.116800000000000068e+02,-5.831067930447884906e-02,1.606501571787408988e-01,-1.584567466872876196e+00
1.117000000000000028e+02,-5.831067930447884906e-02,1.606501571787408988e-01,-1.584567466872876196e+00
1.117199999999999989e+02,-5.831067930447884906e-02,1.606501571787408988e-01,-1.584567466872876196e+00
1.117399999999999949e+02,-5.831067930447884906e-02,1.606501571787408988e-01,-1.584567466872876196e+00
1.117600000000000051e+02,-5.831067930447884906e-02,1.606501571787408988e-01,-1.584567466872876196e+00
1.117800000000000011e+02,-5.831067930447884906e-02,1.606501571787408988e-01,-1.584567466872876196e+00
1.117999999999999972e+02,-5.831067930447884906e-02,1.606501571787408988e-01,-1.584567466872876196e+00
1.118199999999999932e+02,-5.831067930447884906e-02,1.606501571787408988e-01,-1.584567466872876196e+00
1.118400000000000034e+02,-5.831067930447884906e-02,1.606501571787408988e-01,-1.584567466872876196e+00
1.118599999999999994e+02,-5.831067930447884906e-02,1.606501571787408988e-01,-1.584567466872876196e+00
1.118799999999999955e+02,-5.831067930447884906e-02,1.606501571787408988e-01,-1.584567466872876196e+00
1.119000000000000057e+02,-5.831067930447884906e-02,1.606501571787408988e-01,-1.584567466872876196e+00
1.119200000000000017e+02,-5.831067930447884906e-02,1.606501571787408988e-01,-1.584567466872876196e+00
1.119399999999999977e+02,-5.831067930447884906e-02,1.606501571787408988e-01,-1.584567466872876196e+00
1.119599999999999937e+02,-5.831067930447884906e-02,1.606501571787408988e-01,-1.584567466872876196e+00
1.119800000000000040e+02,-5.831067930447884906e-02,1.606501571787408988e-01,-1.584567466872876196e+00
1.120000000000000000e+02,-5.831067930447884906e-02,1.606501571787408988e-01,-1.584567466872876196e+00
1.120199999999999960e+02,-5.831067930447884906e-02,1.606501571787408988e-01,-1.584567466872876196e+00
1.120400000000000063e+02,-5.831067930447884906e-02,1.606501571787408988e-01,-1.584567466872876196e+00
1.120600000000000023e+02,-5.831067930447884906e-02,1.606501571787408988e-01,-1.584567466872876196e+00
1.120799999999999983e+02,-5.831067930447884906e-02,1.606501571787408988e-01,-1.584567466872876196e+00
1.120999999999999943e+02,-5.831067930447884906e-02,1.606501571787408988e-01,-1.584567466872876196e+00
1.121200000000000045e+02,-5.831067930447884906e-02,1.606501571787408988e-01,-1.584567466872876196e+00
1.121400000000000006e+02,-5.831067930447884906e-02,1.606501571787408988e-01,-1.584567466872876196e+00
1.121599999999999966e+02,-5.831067930447884906e-02,1.606501571787408988e-01,-1.584567466872876196e+00
1.121800000000000068e+02,-5.831067930447884906e-02,1.606501571787408988e-01,-1.584567466872876196e+00
1.122000000000000028e+02,-5.831067930447884906e-02,1.606501571787408988e-01,-1.584567466872876196e+00
1.122199999999999989e+02,-5.831067930447884906e-02,1.606501571787408988e-01,-1.584567466872876196e+00
1.122399999999999949e+02,-5.831067930447884906e-02,1.606501571787408988e-01,-1.584567466872876196e+00
1.122600000000000051e+02,-5.831067930447884906e-02,1.606501571787408988e-01,-1.584567466872876196e+00
1.122800000000000011e+02,-5.831067930447884906e-02,1.606501571787408988e-01,-1.584567466872876196e+00
1.122999999999999972e+02,-5.831067930447884906e-02,1.606501571787408988e-01,-1.584567466872876196e+00
1.123199999999999932e+02,-5.831067930447884906e-02,1.606501571787408988e-01,-1.584567466872876196e+00
1.123400000000000034e+02,-5.831067930447884906e-02,1.606501571787408988e-01,-1.584567466872876196e+00
1.123599999999999994e+02,-5.831067930447884906e-02,1.606501571787408988e-01,-1.584567466872876196e+00
1.123799999999999955e+02,-5.831067930447884906e-02,1.606501571787408988e-01,-1.584567466872876196e+00
1.124000000000000057e+02,-5.831067930447884906e-02,1.606501571787408988e-01,-1.584567466872876196e+00
1.124200000000000017e+02,-5.831067930447884906e-02,1.606501571787408988e-01,-1.584567466872876196e+00
1.124399999999999977e+02,-5.831067930447884906e-02,1.606501571787408988e-01,-1.584567466872876196e+00
1.124599999999999937e+02,-5.831067930447884906e-02,1.606501571787408988e-01,-1.584567466872876196e+00
1.124800000000000040e+02,-5.831067930447884906e-02,1.606501571787408988e-01,-1.584567466872876196e+00
1.125000000000000000e+02,-5.831067930447884906e-02,1.606501571787408988e-01,-1.584567466872876196e+00
1.125199999999999960e+02,-5.831067930447884906e-02,1.606501571787408988e-01,-1.584567466872876196e+00
1.125400000000000063e+02,-5.831067930447884906e-02,1.606501571787408988e-01,-1.584567466872876196e+00
1.125600000000000023e+02,-5.831067930447884906e-02,1.606501571787408988e-01,-1.584567466872876196e+00
1.125799999999999983e+02,-5.831067930447884906e-02,1.606501571787408988e-01,-1.584567466872876196e+00
1.125999999999999943e+02,-5.831067930447884906e-02,1.606501571787408988e-01,-1.584567466872876196e+00
1.126200000000000045e+02,-5.831067930447884906e-02,1.606501571787408988e-01,-1.584567466872876196e+00
1.126400000000000006e+02,-5.831067930447884906e-02,1.606501571787408988e-01,-1.584567466872876196e+00
1.126599999999999966e+02,-5.831067930447884906e-02,1.606501571787408988e-01,-1.584567466872876196e+00
1.126800000000000068e+02,-5.831067930447884906e-02,1.606501571787408988e-01,-1.584567466872876196e+00
1.127000000000000028e+02,-5.831067930447884906e-02,1.606501571787408988e-01,-1.584567466872876196e+00
1.127199999999999989e+02,-5.831067930447884906e-02,1.606501571787408988e-01,-1.584567466872876196e+00
1.127399999999999949e+02,-5.831067930447884906e-02,1.606501571787408988e-01,-1.584567466872876196e+00
1.127600000000000051e+02,-5.831067930447884906e-02,1.606501571787408988e-01,-1.584567466872876196e+00
1.127800000000000011e+02,-5.831067930447884906e-02,1.606501571787408988e-01,-1.584567466872876196e+00
1.127999999999999972e+02,-5.831067930447884906e-02,1.606501571787408988e-01,-1.584567466872876196e+00
1.128199999999999932e+02,-5.831067930447884906e-02,1.606501571787408988e-01,-1.584567466872876196e+00
1.128400000000000034e+02,-5.831067930447884906e-02,1.606501571787408988e-01,-1.584567466872876196e+00
1.128599999999999994e+02,-5.831067930447884906e-02,1.606501571787408988e-01,-1.584567466872876196e+00
1.128799999999999955e+02,-5.831067930447884906e-02,1.606501571787408988e-01,-1.584567466872876196e+00
1.129000000000000057e+02,-5.831067930447884906e-02,1.606501571787408988e-01,-1.584567466872876196e+00
1.129200000000000017e+02,-5.831067930447884906e-02,1.606501571787408988e-01,-1.584567466872876196e+00
1.129399999999999977e+02,-5.831067930447884906e-02,1.606501571787408988e-01,-1.584567466872876196e+00
1.129599999999999937e+02,-5.831067930447884906e-02,1.606501571787408988e-01,-1.584567466872876196e+00
1.129800000000000040e+02,-5.831067930447884906e-02,1.606501571787408988e-01,-1.584567466872876196e+00
1.130000000000000000e+02,-5.831067930447884906e-02,1.606501571787408988e-01,-1.584567466872876196e+00
1.130199999999999960e+02,-5.831067930447884906e-02,1.606501571787408988e-01,-1.584567466872876196e+00
1.130400000000000063e+02,-5.831067930447884906e-02,1.606501571787408988e-01,-1.584567466872876196e+00
1.130600000000000023e+02,-5.831067930447884906e-02,1.606501571787408988e-01,-1.584567466872876196e+00
1.130799999999999983e+02,-5.831067930447884906e-02,1.606501571787408988e-01,-1.584567466872876196e+00
1.130999999999999943e+02,-5.831067930447884906e-02,1.606501571787408988e-01,-1.584567466872876196e+00
1.131200000000000045e+02,-5.831067930447884906e-02,1.606501571787408988e-01,-1.584567466872876196e+00
1.131400000000000006e+02,-5.831067930447884906e-02,1.606501571787408988e-01,-1.584567466872876196e+00
1.131599999999999966e+02,-5.831067930447884906e-02,1.606501571787408988e-01,-1.584567466872876196e+00
1.131800000000000068e+02,-5.831067930447884906e-02,1.606501571787408988e-01,-1.584567466872876196e+00
1.132000000000000028e+02,-5.831067930447884906e-02,1.606501571787408988e-01,-1.584567466872876196e+00
1.132199999999999989e+02,-5.831067930447884906e-02,1.606501571787408988e-01,-1.584567466872876196e+00
1.132399999999999949e+02,-5.831067930447884906e-02,1.606501571787408988e-01,-1.584567466872876196e+00
1.132600000000000051e+02,-5.831067930447884906e-02,1.606501571787408988e-01,-1.584567466872876196e+00
1.132800000000000011e+02,-5.831067930447884906e-02,1.606501571787408988e-01,-1.584567466872876196e+00
1.132999999999999972e+02,-5.831067930447884906e-02,1.606501571787408988e-01,-1.584567466872876196e+00
1.133199999999999932e+02,-5.831067930447884906e-02,1.606501571787408988e-01,-1.584567466872876196e+00
1.133400000000000034e+02,-5.831067930447884906e-02,1.606501571787408988e-01,-1.584567466872876196e+00
1.133599999999999994e+02,-5.831067930447884906e-02,1.606501571787408988e-01,-1.584567466872876196e+00
1.133799999999999955e+02,-5.831067930447884906e-02,1.606501571787408988e-01,-1.584567466872876196e+00
1.134000000000000057e+02,-5.831067930447884906e-02,1.606501571787408988e-01,-1.584567466872876196e+00
1.134200000000000017e+02,-5.831067930447884906e-02,1.606501571787408988e-01,-1.584567466872876196e+00
1.134399999999999977e+02,-5.831067930447884906e-02,1.606501571787408988e-01,-1.584567466872876196e+00
1.134599999999999937e+02,-5.831067930447884906e-02,1.606501571787408988e-01,-1.584567466872876196e+00
1.134800000000000040e+02,-5.831067930447884906e-02,1.606501571787408988e-01,-1.584567466872876196e+00
1.135000000000000000e+02,-5.831067930447884906e-02,1.606501571787408988e-01,-1.584567466872876196e+00
1.135199999999999960e+02,-5.831067930447884906e-02,1.606501571787408988e-01,-1.584567466872876196e+00
1.135400000000000063e+02,-5.831067930447884906e-02,1.606501571787408988e-01,-1.584567466872876196e+00
1.135600000000000023e+02,-5.831067930447884906e-02,1.606501571787408988e-01,-1.584567466872876196e+00
1.135799999999999983e+02,-5.831067930447884906e-02,1.606501571787408988e-01,-1.584567466872876196e+00
1.135999999999999943e+02,-5.831067930447884906e-02,1.606501571787408988e-01,-1.584567466872876196e+00
1.136200000000000045e+02,-5.831067930447884906e-02,1.606501571787408988e-01,-1.584567466872876196e+00
1.136400000000000006e+02,-5.831067930447884906e-02,1.606501571787408988e-01,-1.584567466872876196e+00
1.136599999999999966e+02,-5.831067930447884906e-02,1.606501571787408988e-01,-1.584567466872876196e+00
1.136800000000000068e+02,-5.831067930447884906e-02,1.606501571787408988e-01,-1.584567466872876196e+00
1.137000000000000028e+02,-5.831067930447884906e-02,1.606501571787408988e-01,-1.584567466872876196e+00
1.137199999999999989e+02,-5.831067930447884906e-02,1.606501571787408988e-01,-1.584567466872876196e+00
1.137399999999999949e+02,-5.831067930447884906e-02,1.606501571787408988e-01,-1.584567466872876196e+00
1.137600000000000051e+02,-5.831067930447884906e-02,1.606501571787408988e-01,-1.584567466872876196e+00
1.137800000000000011e+02,-5.831067930447884906e-02,1.606501571787408988e-01,-1.584567466872876196e+00
1.137999999999999972e+02,-5.831067930447884906e-02,1.606501571787408988e-01,-1.584567466872876196e+00
1.138199999999999932e+02,-5.831067930447884906e-02,1.606501571787408988e-01,-1.584567466872876196e+00
1.138400000000000034e+02,-5.831067930447884906e-02,1.606501571787408988e-01,-1.584567466872876196e+00
1.138599999999999994e+02,-5.831067930447884906e-02,1.606501571787408988e-01,-1.584567466872876196e+00
1.138799999999999955e+02,-5.831067930447884906e-02,1.606501571787408988e-01,-1.584567466872876196e+00
1.139000000000000057e+02,-5.831067930447884906e-02,1.606501571787408988e-01,-1.584567466872876196e+00
1.139200000000000017e+02,-5.831067930447884906e-02,1.606501571787408988e-01,-1.584567466872876196e+00
1.139399999999999977e+02,-5.831067930447884906e-02,1.606501571787408988e-01,-1.584567466872876196e+00
1.139599999999999937e+02,-5.831067930447884906e-02,1.606501571787408988e-01,-1.584567466872876196e+00
1.139800000000000040e+02,-5.831067930447884906e-02,1.606501571787408988e-01,-1.584567466872876196e+00
1.140000000000000000e+02,-5.831067930447884906e-02,1.606501571787408988e-01,-1.584567466872876196e+00
1.140199999999999960e+02,-5.831067930447884906e-02,1.606501571787408988e-01,-1.584567466872876196e+00
1.140400000000000063e+02,-5.831067930447884906e-02,1.606501571787408988e-01,-1.584567466872876196e+00
1.140600000000000023e+02,-5.831067930447884906e-02,1.606501571787408988e-01,-1.584567466872876196e+00
1.140799999999999983e+02,-5.831067930447884906e-02,1.606501571787408988e-01,-1.584567466872876196e+00
1.140999999999999943e+02,-5.831067930447884906e-02,1.606501571787408988e-01,-1.584567466872876196e+00
1.141200000000000045e+02,-5.831067930447884906e-02,1.606501571787408988e-01,-1.584567466872876196e+00
1.141400000000000006e+02,-5.831067930447884906e-02,1.606501571787408988e-01,-1.584567466872876196e+00
1.141599999999999966e+02,-5.831067930447884906e-02,1.606501571787408988e-01,-1.584567466872876196e+00
1.141800000000000068e+02,-5.831067930447884906e-02,1.606501571787408988e-01,-1.584567466872876196e+00
1.142000000000000028e+02,-5.831067930447884906e-02,1.606501571787408988e-01,-1.584567466872876196e+00
1.142199999999999989e+02,-5.831067930447884906e-02,1.606501571787408988e-01,-1.584567466872876196e+00
1.142399999999999949e+02,-5.831067930447884906e-02,1.606501571787408988e-01,-1.584567466872876196e+00
1.142600000000000051e+02,-5.831067930447884906e-02,1.606501571787408988e-01,-1.584567466872876196e+00
1.142800000000000011e+02,-5.831067930447884906e-02,1.606501571787408988e-01,-1.584567466872876196e+00
1.142999999999999972e+02,-5.831067930447884906e-02,1.606501571787408988e-01,-1.584567466872876196e+00
1.143199999999999932e+02,-5.831067930447884906e-02,1.606501571787408988e-01,-1.584567466872876196e+00
1.143400000000000034e+02,-5.831067930447884906e-02,1.606501571787408988e-01,-1.584567466872876196e+00
1.143599999999999994e+02,-5.831067930447884906e-02,1.606501571787408988e-01,-1.584567466872876196e+00
1.143799999999999955e+02,-5.831067930447884906e-02,1.606501571787408988e-01,-1.584567466872876196e+00
1.144000000000000057e+02,-5.831067930447884906e-02,1.606501571787408988e-01,-1.584567466872876196e+00
1.144200000000000017e+02,-5.831067930447884906e-02,1.606501571787408988e-01,-1.584567466872876196e+00
1.144399999999999977e+02,-5.831067930447884906e-02,1.606501571787408988e-01,-1.584567466872876196e+00
1.144599999999999937e+02,-5.831067930447884906e-02,1.606501571787408988e-01,-1.584567466872876196e+00
1.144800000000000040e+02,-5.831067930447884906e-02,1.606501571787408988e-01,-1.584567466872876196e+00
1.145000000000000000e+02,-5.831067930447884906e-02,1.606501571787408988e-01,-1.584567466872876196e+00
1.145199999999999960e+02,-5.831067930447884906e-02,1.606501571787408988e-01,-1.584567466872876196e+00
1.145400000000000063e+02,-5.831067930447884906e-02,1.606501571787408988e-01,-1.584567466872876196e+00
1.145600000000000023e+02,-5.831067930447884906e-02,1.606501571787408988e-01,-1.584567466872876196e+00
1.145799999999999983e+02,-5.831067930447884906e-02,1.606501571787408988e-01,-1.584567466872876196e+00
1.145999999999999943e+02,-5.831067930447884906e-02,1.606501571787408988e-01,-1.584567466872876196e+00
1.146200000000000045e+02,-5.831067930447884906e-02,1.606501571787408988e-01,-1.584567466872876196e+00
1.146400000000000006e+02,-5.831067930447884906e-02,1.606501571787408988e-01,-1.584567466872876196e+00
1.146599999999999966e+02,-5.831067930447884906e-02,1.606501571787408988e-01,-1.584567466872876196e+00
1.146800000000000068e+02,-5.831067930447884906e-02,1.606501571787408988e-01,-1.584567466872876196e+00
1.147000000000000028e+02,-5.831067930447884906e-02,1.606501571787408988e-01,-1.584567466872876196e+00
1.147199999999999989e+02,-5.831067930447884906e-02,1.606501571787408988e-01,-1.584567466872876196e+00
1.147399999999999949e+02,-5.831067930447884906e-02,1.606501571787408988e-01,-1.584567466872876196e+00
1.147600000000000051e+02,-5.831067930447884906e-02,1.606501571787408988e-01,-1.584567466872876196e+00
1.147800000000000011e+02,-5.831067930447884906e-02,1.606501571787408988e-01,-1.584567466872876196e+00
1.147999999999999972e+02,-5.831067930447884906e-02,1.606501571787408988e-01,-1.584567466872876196e+00
1.148199999999999932e+02,-5.831067930447884906e-02,1.606501571787408988e-01,-1.584567466872876196e+00
1.148400000000000034e+02,-5.831067930447884906e-02,1.606501571787408988e-01,-1.584567466872876196e+00
1.148599999999999994e+02,-5.831067930447884906e-02,1.606501571787408988e-01,-1.584567466872876196e+00
1.148799999999999955e+02,-5.831067930447884906e-02,1.606501571787408988e-01,-1.584567466872876196e+00
1.149000000000000057e+02,-5.831067930447884906e-02,1.606501571787408988e-01,-1.584567466872876196e+00
1.149200000000000017e+02,-5.831067930447884906e-02,1.606501571787408988e-01,-1.584567466872876196e+00
1.149399999999999977e+02,-5.831067930447884906e-02,1.606501571787408988e-01,-1.584567466872876196e+00
1.149599999999999937e+02,-5.831067930447884906e-02,1.606501571787408988e-01,-1.584567466872876196e+00
1.149800000000000040e+02,-5.831067930447884906e-02,1.606501571787408988e-01,-1.584567466872876196e+00
1.150000000000000000e+02,-5.831067930447884906e-02,1.606501571787408988e-01,-1.584567466872876196e+00
1.150199999999999960e+02,-5.831067930447884906e-02,1.606501571787408988e-01,-1.584567466872876196e+00
1.150400000000000063e+02,-5.831067930447884906e-02,1.606501571787408988e-01,-1.584567466872876196e+00
1.150600000000000023e+02,-5.831067930447884906e-02,1.606501571787408988e-01,-1.584567466872876196e+00
1.150799999999999983e+02,-5.831067930447884906e-02,1.606501571787408988e-01,-1.584567466872876196e+00
1.150999999999999943e+02,-5.831067930447884906e-02,1.606501571787408988e-01,-1.584567466872876196e+00
1.151200000000000045e+02,-5.831067930447884906e-02,1.606501571787408988e-01,-1.584567466872876196e+00
1.151400000000000006e+02,-5.831067930447884906e-02,1.606501571787408988e-01,-1.584567466872876196e+00
1.151599999999999966e+02,-5.831067930447884906e-02,1.606501571787408988e-01,-1.584567466872876196e+00
1.151800000000000068e+02,-5.831067930447884906e-02,1.606501571787408988e-01,-1.584567466872876196e+00
1.152000000000000028e+02,-5.831067930447884906e-02,1.606501571787408988e-01,-1.584567466872876196e+00
1.152199999999999989e+02,-5.831067930447884906e-02,1.606501571787408988e-01,-1.584567466872876196e+00
1.152399999999999949e+02,-5.831067930447884906e-02,1.606501571787408988e-01,-1.584567466872876196e+00
1.152600000000000051e+02,-5.831067930447884906e-02,1.606501571787408988e-01,-1.584567466872876196e+00
1.152800000000000011e+02,-5.831067930447884906e-02,1.606501571787408988e-01,-1.584567466872876196e+00
1.152999999999999972e+02,-5.831067930447884906e-02,1.606501571787408988e-01,-1.584567466872876196e+00
1.153199999999999932e+02,-5.831067930447884906e-02,1.606501571787408988e-01,-1.584567466872876196e+00
1.153400000000000034e+02,-5.831067930447884906e-02,1.606501571787408988e-01,-1.584567466872876196e+00
1.153599999999999994e+02,-5.831067930447884906e-02,1.606501571787408988e-01,-1.584567466872876196e+00
1.153799999999999955e+02,-5.831067930447884906e-02,1.606501571787408988e-01,-1.584567466872876196e+00
1.154000000000000057e+02,-5.831067930447884906e-02,1.606501571787408988e-01,-1.584567466872876196e+00
1.154200000000000017e+02,-5.831067930447884906e-02,1.606501571787408988e-01,-1.584567466872876196e+00
1.154399999999999977e+02,-5.831067930447884906e-02,1.606501571787408988e-01,-1.584567466872876196e+00
1.154599999999999937e+02,-5.831067930447884906e-02,1.606501571787408988e-01,-1.584567466872876196e+00
1.154800000000000040e+02,-5.831067930447884906e-02,1.606501571787408988e-01,-1.584567466872876196e+00
1.155000000000000000e+02,-5.831067930447884906e-02,1.606501571787408988e-01,-1.584567466872876196e+00
1.155199999999999960e+02,-5.831067930447884906e-02,1.606501571787408988e-01,-1.584567466872876196e+00
1.155400000000000063e+02,-5.831067930447884906e-02,1.606501571787408988e-01,-1.584567466872876196e+00
1.155600000000000023e+02,-5.831067930447884906e-02,1.606501571787408988e-01,-1.584567466872876196e+00
1.155799999999999983e+02,-5.831067930447884906e-02,1.606501571787408988e-01,-1.584567466872876196e+00
1.155999999999999943e+02,-5.831067930447884906e-02,1.606501571787408988e-01,-1.584567466872876196e+00
1.156200000000000045e+02,-5.831067930447884906e-02,1.606501571787408988e-01,-1.584567466872876196e+00
1.156400000000000006e+02,-5.831067930447884906e-02,1.606501571787408988e-01,-1.584567466872876196e+00
1.156599999999999966e+02,-5.831067930447884906e-02,1.606501571787408988e-01,-1.584567466872876196e+00
1.156800000000000068e+02,-5.831067930447884906e-02,1.606501571787408988e-01,-1.584567466872876196e+00
1.157000000000000028e+02,-5.831067930447884906e-02,1.606501571787408988e-01,-1.584567466872876196e+00
1.157199999999999989e+02,-5.831067930447884906e-02,1.606501571787408988e-01,-1.584567466872876196e+00
1.157399999999999949e+02,-5.831067930447884906e-02,1.606501571787408988e-01,-1.584567466872876196e+00
1.157600000000000051e+02,-5.831067930447884906e-02,1.606501571787408988e-01,-1.584567466872876196e+00
1.157800000000000011e+02,-5.831067930447884906e-02,1.606501571787408988e-01,-1.584567466872876196e+00
1.157999999999999972e+02,-5.831067930447884906e-02,1.606501571787408988e-01,-1.584567466872876196e+00
1.158199999999999932e+02,-5.831067930447884906e-02,1.606501571787408988e-01,-1.584567466872876196e+00
1.158400000000000034e+02,-5.831067930447884906e-02,1.606501571787408988e-01,-1.584567466872876196e+00
1.158599999999999994e+02,-5.831067930447884906e-02,1.606501571787408988e-01,-1.584567466872876196e+00
1.158799999999999955e+02,-5.831067930447884906e-02,1.606501571787408988e-01,-1.584567466872876196e+00
1.159000000000000057e+02,-5.831067930447884906e-02,1.606501571787408988e-01,-1.584567466872876196e+00
1.159200000000000017e+02,-5.831067930447884906e-02,1.606501571787408988e-01,-1.584567466872876196e+00
1.159399999999999977e+02,-5.831067930447884906e-02,1.606501571787408988e-01,-1.584567466872876196e+00
1.159599999999999937e+02,-5.831067930447884906e-02,1.606501571787408988e-01,-1.584567466872876196e+00
1.159800000000000040e+02,-5.831067930447884906e-02,1.606501571787408988e-01,-1.584567466872876196e+00
1.160000000000000000e+02,-5.831067930447884906e-02,1.606501571787408988e-01,-1.584567466872876196e+00
1.160199999999999960e+02,-5.831067930447884906e-02,1.606501571787408988e-01,-1.584567466872876196e+00
1.160400000000000063e+02,-5.831067930447884906e-02,1.606501571787408988e-01,-1.584567466872876196e+00
1.160600000000000023e+02,-5.831067930447884906e-02,1.606501571787408988e-01,-1.584567466872876196e+00
1.160799999999999983e+02,-5.831067930447884906e-02,1.606501571787408988e-01,-1.584567466872876196e+00
1.160999999999999943e+02,-5.831067930447884906e-02,1.606501571787408988e-01,-1.584567466872876196e+00
1.161200000000000045e+02,-5.831067930447884906e-02,1.606501571787408988e-01,-1.584567466872876196e+00
1.161400000000000006e+02,-5.831067930447884906e-02,1.606501571787408988e-01,-1.584567466872876196e+00
1.161599999999999966e+02,-5.831067930447884906e-02,1.606501571787408988e-01,-1.584567466872876196e+00
1.161800000000000068e+02,-5.831067930447884906e-02,1.606501571787408988e-01,-1.584567466872876196e+00
1.162000000000000028e+02,-5.831067930447884906e-02,1.606501571787408988e-01,-1.584567466872876196e+00
1.162199999999999989e+02,-5.831067930447884906e-02,1.606501571787408988e-01,-1.584567466872876196e+00
1.162399999999999949e+02,-5.831067930447884906e-02,1.606501571787408988e-01,-1.584567466872876196e+00
1.162600000000000051e+02,-5.831067930447884906e-02,1.606501571787408988e-01,-1.584567466872876196e+00
1.162800000000000011e+02,-5.831067930447884906e-02,1.606501571787408988e-01,-1.584567466872876196e+00
1.162999999999999972e+02,-5.831067930447884906e-02,1.606501571787408988e-01,-1.584567466872876196e+00
1.163199999999999932e+02,-5.831067930447884906e-02,1.606501571787408988e-01,-1.584567466872876196e+00
1.163400000000000034e+02,-5.831067930447884906e-02,1.606501571787408988e-01,-1.584567466872876196e+00
1.163599999999999994e+02,-5.831067930447884906e-02,1.606501571787408988e-01,-1.584567466872876196e+00
1.163799999999999955e+02,-5.831067930447884906e-02,1.606501571787408988e-01,-1.584567466872876196e+00
1.164000000000000057e+02,-5.831067930447884906e-02,1.606501571787408988e-01,-1.584567466872876196e+00
1.164200000000000017e+02,-5.831067930447884906e-02,1.606501571787408988e-01,-1.584567466872876196e+00
1.164399999999999977e+02,-5.831067930447884906e-02,1.606501571787408988e-01,-1.584567466872876196e+00
1.164599999999999937e+02,-5.831067930447884906e-02,1.606501571787408988e-01,-1.584567466872876196e+00
1.164800000000000040e+02,-5.831067930447884906e-02,1.606501571787408988e-01,-1.584567466872876196e+00
1.165000000000000000e+02,-5.831067930447884906e-02,1.606501571787408988e-01,-1.584567466872876196e+00
1.165199999999999960e+02,-5.831067930447884906e-02,1.606501571787408988e-01,-1.584567466872876196e+00
1.165400000000000063e+02,-5.831067930447884906e-02,1.606501571787408988e-01,-1.584567466872876196e+00
1.165600000000000023e+02,-5.831067930447884906e-02,1.606501571787408988e-01,-1.584567466872876196e+00
1.165799999999999983e+02,-5.831067930447884906e-02,1.606501571787408988e-01,-1.584567466872876196e+00
1.165999999999999943e+02,-5.831067930447884906e-02,1.606501571787408988e-01,-1.584567466872876196e+00
1.166200000000000045e+02,-5.831067930447884906e-02,1.606501571787408988e-01,-1.584567466872876196e+00
1.166400000000000006e+02,-5.831067930447884906e-02,1.606501571787408988e-01,-1.584567466872876196e+00
1.166599999999999966e+02,-5.831067930447884906e-02,1.606501571787408988e-01,-1.584567466872876196e+00
1.166800000000000068e+02,-5.831067930447884906e-02,1.606501571787408988e-01,-1.584567466872876196e+00
1.167000000000000028e+02,-5.831067930447884906e-02,1.606501571787408988e-01,-1.584567466872876196e+00
1.167199999999999989e+02,-5.831067930447884906e-02,1.606501571787408988e-01,-1.584567466872876196e+00
1.167399999999999949e+02,-5.831067930447884906e-02,1.606501571787408988e-01,-1.584567466872876196e+00
1.167600000000000051e+02,-5.831067930447884906e-02,1.606501571787408988e-01,-1.584567466872876196e+00
1.167800000000000011e+02,-5.831067930447884906e-02,1.606501571787408988e-01,-1.584567466872876196e+00
1.167999999999999972e+02,-5.831067930447884906e-02,1.606501571787408988e-01,-1.584567466872876196e+00
1.168199999999999932e+02,-5.831067930447884906e-02,1.606501571787408988e-01,-1.584567466872876196e+00
1.168400000000000034e+02,-5.831067930447884906e-02,1.606501571787408988e-01,-1.584567466872876196e+00
1.168599999999999994e+02,-5.831067930447884906e-02,1.606501571787408988e-01,-1.584567466872876196e+00
1.168799999999999955e+02,-5.831067930447884906e-02,1.606501571787408988e-01,-1.584567466872876196e+00
1.169000000000000057e+02,-5.831067930447884906e-02,1.606501571787408988e-01,-1.584567466872876196e+00
1.169200000000000017e+02,-5.831067930447884906e-02,1.606501571787408988e-01,-1.584567466872876196e+00
1.169399999999999977e+02,-5.831067930447884906e-02,1.606501571787408988e-01,-1.584567466872876196e+00
1.169599999999999937e+02,-5.831067930447884906e-02,1.606501571787408988e-01,-1.584567466872876196e+00
1.169800000000000040e+02,-5.831067930447884906e-02,1.606501571787408988e-01,-1.584567466872876196e+00
1.170000000000000000e+02,-5.831067930447884906e-02,1.606501571787408988e-01,-1.584567466872876196e+00
1.170199999999999960e+02,-5.831067930447884906e-02,1.606501571787408988e-01,-1.584567466872876196e+00
1.170400000000000063e+02,-5.831067930447884906e-02,1.606501571787408988e-01,-1.584567466872876196e+00
1.170600000000000023e+02,-5.831067930447884906e-02,1.606501571787408988e-01,-1.584567466872876196e+00
1.170799999999999983e+02,-5.831067930447884906e-02,1.606501571787408988e-01,-1.584567466872876196e+00
1.170999999999999943e+02,-5.831067930447884906e-02,1.606501571787408988e-01,-1.584567466872876196e+00
1.171200000000000045e+02,-5.831067930447884906e-02,1.606501571787408988e-01,-1.584567466872876196e+00
1.171400000000000006e+02,-5.831067930447884906e-02,1.606501571787408988e-01,-1.584567466872876196e+00
1.171599999999999966e+02,-5.831067930447884906e-02,1.606501571787408988e-01,-1.584567466872876196e+00
1.171800000000000068e+02,-5.831067930447884906e-02,1.606501571787408988e-01,-1.584567466872876196e+00
1.172000000000000028e+02,-5.831067930447884906e-02,1.606501571787408988e-01,-1.584567466872876196e+00
1.172199999999999989e+02,-5.831067930447884906e-02,1.606501571787408988e-01,-1.584567466872876196e+00
1.172399999999999949e+02,-5.831067930447884906e-02,1.606501571787408988e-01,-1.584567466872876196e+00
1.172600000000000051e+02,-5.831067930447884906e-02,1.606501571787408988e-01,-1.584567466872876196e+00
1.172800000000000011e+02,-5.831067930447884906e-02,1.606501571787408988e-01,-1.584567466872876196e+00
1.172999999999999972e+02,-5.831067930447884906e-02,1.606501571787408988e-01,-1.584567466872876196e+00
1.173199999999999932e+02,-5.831067930447884906e-02,1.606501571787408988e-01,-1.584567466872876196e+00
1.173400000000000034e+02,-5.831067930447884906e-02,1.606501571787408988e-01,-1.584567466872876196e+00
1.173599999999999994e+02,-5.831067930447884906e-02,1.606501571787408988e-01,-1.584567466872876196e+00
1.173799999999999955e+02,-5.831067930447884906e-02,1.606501571787408988e-01,-1.584567466872876196e+00
1.174000000000000057e+02,-5.831067930447884906e-02,1.606501571787408988e-01,-1.584567466872876196e+00
1.174200000000000017e+02,-5.831067930447884906e-02,1.606501571787408988e-01,-1.584567466872876196e+00
1.174399999999999977e+02,-5.831067930447884906e-02,1.606501571787408988e-01,-1.584567466872876196e+00
1.174599999999999937e+02,-5.831067930447884906e-02,1.606501571787408988e-01,-1.584567466872876196e+00
1.174800000000000040e+02,-5.831067930447884906e-02,1.606501571787408988e-01,-1.584567466872876196e+00
1.175000000000000000e+02,-5.831067930447884906e-02,1.606501571787408988e-01,-1.584567466872876196e+00
1.175199999999999960e+02,-5.831067930447884906e-02,1.606501571787408988e-01,-1.584567466872876196e+00
1.175400000000000063e+02,-5.831067930447884906e-02,1.606501571787408988e-01,-1.584567466872876196e+00
1.175600000000000023e+02,-5.831067930447884906e-02,1.606501571787408988e-01,-1.584567466872876196e+00
1.175799999999999983e+02,-5.831067930447884906e-02,1.606501571787408988e-01,-1.584567466872876196e+00
1.175999999999999943e+02,-5.831067930447884906e-02,1.606501571787408988e-01,-1.584567466872876196e+00
1.176200000000000045e+02,-5.831067930447884906e-02,1.606501571787408988e-01,-1.584567466872876196e+00
1.176400000000000006e+02,-5.831067930447884906e-02,1.606501571787408988e-01,-1.584567466872876196e+00
1.176599999999999966e+02,-5.831067930447884906e-02,1.606501571787408988e-01,-1.584567466872876196e+00
1.176800000000000068e+02,-5.831067930447884906e-02,1.606501571787408988e-01,-1.584567466872876196e+00
1.177000000000000028e+02,-5.831067930447884906e-02,1.606501571787408988e-01,-1.584567466872876196e+00
1.177199999999999989e+02,-5.831067930447884906e-02,1.606501571787408988e-01,-1.584567466872876196e+00
1.177399999999999949e+02,-5.831067930447884906e-02,1.606501571787408988e-01,-1.584567466872876196e+00
1.177600000000000051e+02,-5.831067930447884906e-02,1.606501571787408988e-01,-1.584567466872876196e+00
1.177800000000000011e+02,-5.831067930447884906e-02,1.606501571787408988e-01,-1.584567466872876196e+00
1.177999999999999972e+02,-5.831067930447884906e-02,1.606501571787408988e-01,-1.584567466872876196e+00
1.178199999999999932e+02,-5.831067930447884906e-02,1.606501571787408988e-01,-1.584567466872876196e+00
1.178400000000000034e+02,-5.831067930447884906e-02,1.606501571787408988e-01,-1.584567466872876196e+00
1.178599999999999994e+02,-5.831067930447884906e-02,1.606501571787408988e-01,-1.584567466872876196e+00
1.178799999999999955e+02,-5.831067930447884906e-02,1.606501571787408988e-01,-1.584567466872876196e+00
1.179000000000000057e+02,-5.831067930447884906e-02,1.606501571787408988e-01,-1.584567466872876196e+00
1.179200000000000017e+02,-5.831067930447884906e-02,1.606501571787408988e-01,-1.584567466872876196e+00
1.179399999999999977e+02,-5.831067930447884906e-02,1.606501571787408988e-01,-1.584567466872876196e+00
1.179599999999999937e+02,-5.831067930447884906e-02,1.606501571787408988e-01,-1.584567466872876196e+00
1.179800000000000040e+02,-5.831067930447884906e-02,1.606501571787408988e-01,-1.584567466872876196e+00
1.180000000000000000e+02,-5.831067930447884906e-02,1.606501571787408988e-01,-1.584567466872876196e+00
1.180199999999999960e+02,-5.831067930447884906e-02,1.606501571787408988e-01,-1.584567466872876196e+00
1.180400000000000063e+02,-5.831067930447884906e-02,1.606501571787408988e-01,-1.584567466872876196e+00
1.180600000000000023e+02,-5.831067930447884906e-02,1.606501571787408988e-01,-1.584567466872876196e+00
1.180799999999999983e+02,-5.831067930447884906e-02,1.606501571787408988e-01,-1.584567466872876196e+00
1.180999999999999943e+02,-5.831067930447884906e-02,1.606501571787408988e-01,-1.584567466872876196e+00
1.181200000000000045e+02,-5.831067930447884906e-02,1.606501571787408988e-01,-1.584567466872876196e+00
1.181400000000000006e+02,-5.831067930447884906e-02,1.606501571787408988e-01,-1.584567466872876196e+00
1.181599999999999966e+02,-5.831067930447884906e-02,1.606501571787408988e-01,-1.584567466872876196e+00
1.181800000000000068e+02,-5.831067930447884906e-02,1.606501571787408988e-01,-1.584567466872876196e+00
1.182000000000000028e+02,-5.831067930447884906e-02,1.606501571787408988e-01,-1.584567466872876196e+00
1.182199999999999989e+02,-5.831067930447884906e-02,1.606501571787408988e-01,-1.584567466872876196e+00
1.182399999999999949e+02,-5.831067930447884906e-02,1.606501571787408988e-01,-1.584567466872876196e+00
1.182600000000000051e+02,-5.831067930447884906e-02,1.606501571787408988e-01,-1.584567466872876196e+00
1.182800000000000011e+02,-5.831067930447884906e-02,1.606501571787408988e-01,-1.584567466872876196e+00
1.182999999999999972e+02,-5.831067930447884906e-02,1.606501571787408988e-01,-1.584567466872876196e+00
1.183199999999999932e+02,-5.831067930447884906e-02,1.606501571787408988e-01,-1.584567466872876196e+00
1.183400000000000034e+02,-5.831067930447884906e-02,1.606501571787408988e-01,-1.584567466872876196e+00
1.183599999999999994e+02,-5.831067930447884906e-02,1.606501571787408988e-01,-1.584567466872876196e+00
1.183799999999999955e+02,-5.831067930447884906e-02,1.606501571787408988e-01,-1.584567466872876196e+00
1.184000000000000057e+02,-5.831067930447884906e-02,1.606501571787408988e-01,-1.584567466872876196e+00
1.184200000000000017e+02,-5.831067930447884906e-02,1.606501571787408988e-01,-1.584567466872876196e+00
1.184399999999999977e+02,-5.831067930447884906e-02,1.606501571787408988e-01,-1.584567466872876196e+00
1.184599999999999937e+02,-5.831067930447884906e-02,1.606501571787408988e-01,-1.584567466872876196e+00
1.184800000000000040e+02,-5.831067930447884906e-02,1.606501571787408988e-01,-1.584567466872876196e+00
1.185000000000000000e+02,-5.831067930447884906e-02,1.606501571787408988e-01,-1.584567466872876196e+00
1.185199999999999960e+02,-5.831067930447884906e-02,1.606501571787408988e-01,-1.584567466872876196e+00
1.185400000000000063e+02,-5.831067930447884906e-02,1.606501571787408988e-01,-1.584567466872876196e+00
1.185600000000000023e+02,-5.831067930447884906e-02,1.606501571787408988e-01,-1.584567466872876196e+00
1.185799999999999983e+02,-5.831067930447884906e-02,1.606501571787408988e-01,-1.584567466872876196e+00
1.185999999999999943e+02,-5.831067930447884906e-02,1.606501571787408988e-01,-1.584567466872876196e+00
1.186200000000000045e+02,-5.831067930447884906e-02,1.606501571787408988e-01,-1.584567466872876196e+00
1.186400000000000006e+02,-5.831067930447884906e-02,1.606501571787408988e-01,-1.584567466872876196e+00
1.186599999999999966e+02,-5.831067930447884906e-02,1.606501571787408988e-01,-1.584567466872876196e+00
1.186800000000000068e+02,-5.831067930447884906e-02,1.606501571787408988e-01,-1.584567466872876196e+00
1.187000000000000028e+02,-5.831067930447884906e-02,1.606501571787408988e-01,-1.584567466872876196e+00
1.187199999999999989e+02,-5.831067930447884906e-02,1.606501571787408988e-01,-1.584567466872876196e+00
1.187399999999999949e+02,-5.831067930447884906e-02,1.606501571787408988e-01,-1.584567466872876196e+00
1.187600000000000051e+02,-5.831067930447884906e-02,1.606501571787408988e-01,-1.584567466872876196e+00
1.187800000000000011e+02,-5.831067930447884906e-02,1.606501571787408988e-01,-1.584567466872876196e+00
1.187999999999999972e+02,-5.831067930447884906e-02,1.606501571787408988e-01,-1.584567466872876196e+00
1.188199999999999932e+02,-5.831067930447884906e-02,1.606501571787408988e-01,-1.584567466872876196e+00
1.188400000000000034e+02,-5.831067930447884906e-02,1.606501571787408988e-01,-1.584567466872876196e+00
1.188599999999999994e+02,-5.831067930447884906e-02,1.606501571787408988e-01,-1.584567466872876196e+00
1.188799999999999955e+02,-5.831067930447884906e-02,1.606501571787408988e-01,-1.584567466872876196e+00
1.189000000000000057e+02,-5.831067930447884906e-02,1.606501571787408988e-01,-1.584567466872876196e+00
1.189200000000000017e+02,-5.831067930447884906e-02,1.606501571787408988e-01,-1.584567466872876196e+00
1.189399999999999977e+02,-5.831067930447884906e-02,1.606501571787408988e-01,-1.584567466872876196e+00
1.189599999999999937e+02,-5.831067930447884906e-02,1.606501571787408988e-01,-1.584567466872876196e+00
1.189800000000000040e+02,-5.831067930447884906e-02,1.606501571787408988e-01,-1.584567466872876196e+00
1.190000000000000000e+02,-5.831067930447884906e-02,1.606501571787408988e-01,-1.584567466872876196e+00
1.190199999999999960e+02,-5.831067930447884906e-02,1.606501571787408988e-01,-1.584567466872876196e+00
1.190400000000000063e+02,-5.831067930447884906e-02,1.606501571787408988e-01,-1.584567466872876196e+00
1.190600000000000023e+02,-5.831067930447884906e-02,1.606501571787408988e-01,-1.584567466872876196e+00
1.190799999999999983e+02,-5.831067930447884906e-02,1.606501571787408988e-01,-1.584567466872876196e+00
1.190999999999999943e+02,-5.831067930447884906e-02,1.606501571787408988e-01,-1.584567466872876196e+00
1.191200000000000045e+02,-5.831067930447884906e-02,1.606501571787408988e-01,-1.584567466872876196e+00
1.191400000000000006e+02,-5.831067930447884906e-02,1.606501571787408988e-01,-1.584567466872876196e+00
1.191599999999999966e+02,-5.831067930447884906e-02,1.606501571787408988e-01,-1.584567466872876196e+00
1.191800000000000068e+02,-5.831067930447884906e-02,1.606501571787408988e-01,-1.584567466872876196e+00
1.192000000000000028e+02,-5.831067930447884906e-02,1.606501571787408988e-01,-1.584567466872876196e+00
1.192199999999999989e+02,-5.831067930447884906e-02,1.606501571787408988e-01,-1.584567466872876196e+00
1.192399999999999949e+02,-5.831067930447884906e-02,1.606501571787408988e-01,-1.584567466872876196e+00
1.192600000000000051e+02,-5.831067930447884906e-02,1.606501571787408988e-01,-1.584567466872876196e+00
1.192800000000000011e+02,-5.831067930447884906e-02,1.606501571787408988e-01,-1.584567466872876196e+00
1.192999999999999972e+02,-5.831067930447884906e-02,1.606501571787408988e-01,-1.584567466872876196e+00
1.193199999999999932e+02,-5.831067930447884906e-02,1.606501571787408988e-01,-1.584567466872876196e+00
1.193400000000000034e+02,-5.831067930447884906e-02,1.606501571787408988e-01,-1.584567466872876196e+00
1.193599999999999994e+02,-5.831067930447884906e-02,1.606501571787408988e-01,-1.584567466872876196e+00
1.193799999999999955e+02,-5.831067930447884906e-02,1.606501571787408988e-01,-1.584567466872876196e+00
1.194000000000000057e+02,-5.831067930447884906e-02,1.606501571787408988e-01,-1.584567466872876196e+00
1.194200000000000017e+02,-5.831067930447884906e-02,1.606501571787408988e-01,-1.584567466872876196e+00
1.194399999999999977e+02,-5.831067930447884906e-02,1.606501571787408988e-01,-1.584567466872876196e+00
1.194599999999999937e+02,-5.831067930447884906e-02,1.606501571787408988e-01,-1.584567466872876196e+00
1.194800000000000040e+02,-5.831067930447884906e-02,1.606501571787408988e-01,-1.584567466872876196e+00
1.195000000000000000e+02,-5.831067930447884906e-02,1.606501571787408988e-01,-1.584567466872876196e+00
1.195199999999999960e+02,-5.831067930447884906e-02,1.606501571787408988e-01,-1.584567466872876196e+00
1.195400000000000063e+02,-5.831067930447884906e-02,1.606501571787408988e-01,-1.584567466872876196e+00
1.195600000000000023e+02,-5.831067930447884906e-02,1.606501571787408988e-01,-1.584567466872876196e+00
1.195799999999999983e+02,-5.831067930447884906e-02,1.606501571787408988e-01,-1.584567466872876196e+00
1.195999999999999943e+02,-5.831067930447884906e-02,1.606501571787408988e-01,-1.584567466872876196e+00
1.196200000000000045e+02,-5.831067930447884906e-02,1.606501571787408988e-01,-1.584567466872876196e+00
1.196400000000000006e+02,-5.831067930447884906e-02,1.606501571787408988e-01,-1.584567466872876196e+00
1.196599999999999966e+02,-5.831067930447884906e-02,1.606501571787408988e-01,-1.584567466872876196e+00
1.196800000000000068e+02,-5.831067930447884906e-02,1.606501571787408988e-01,-1.584567466872876196e+00
1.197000000000000028e+02,-5.831067930447884906e-02,1.606501571787408988e-01,-1.584567466872876196e+00
1.197199999999999989e+02,-5.831067930447884906e-02,1.606501571787408988e-01,-1.584567466872876196e+00
1.197399999999999949e+02,-5.831067930447884906e-02,1.606501571787408988e-01,-1.584567466872876196e+00
1.197600000000000051e+02,-5.831067930447884906e-02,1.606501571787408988e-01,-1.584567466872876196e+00
1.197800000000000011e+02,-5.831067930447884906e-02,1.606501571787408988e-01,-1.584567466872876196e+00
1.197999999999999972e+02,-5.831067930447884906e-02,1.606501571787408988e-01,-1.584567466872876196e+00
1.198199999999999932e+02,-5.831067930447884906e-02,1.606501571787408988e-01,-1.584567466872876196e+00
1.198400000000000034e+02,-5.831067930447884906e-02,1.606501571787408988e-01,-1.584567466872876196e+00
1.198599999999999994e+02,-5.831067930447884906e-02,1.606501571787408988e-01,-1.584567466872876196e+00
1.198799999999999955e+02,-5.831067930447884906e-02,1.606501571787408988e-01,-1.584567466872876196e+00
1.199000000000000057e+02,-5.831067930447884906e-02,1.606501571787408988e-01,-1.584567466872876196e+00
1.199200000000000017e+02,-5.831067930447884906e-02,1.606501571787408988e-01,-1.584567466872876196e+00
1.199399999999999977e+02,-5.831067930447884906e-02,1.606501571787408988e-01,-1.584567466872876196e+00
1.199599999999999937e+02,-5.831067930447884906e-02,1.606501571787408988e-01,-1.584567466872876196e+00
1.199800000000000040e+02,-5.831067930447884906e-02,1.606501571787408988e-01,-1.584567466872876196e+00
1.200000000000000000e+02,-5.831067930447884906e-02,1.606501571787408988e-01,-1.584567466872876196e+00
1.200199999999999960e+02,-5.831067930447884906e-02,1.606501571787408988e-01,-1.584567466872876196e+00
1.200400000000000063e+02,-5.831067930447884906e-02,1.606501571787408988e-01,-1.584567466872876196e+00
1.200600000000000023e+02,-5.831067930447884906e-02,1.606501571787408988e-01,-1.584567466872876196e+00
1.200799999999999983e+02,-5.831067930447884906e-02,1.606501571787408988e-01,-1.584567466872876196e+00
1.200999999999999943e+02,-5.831067930447884906e-02,1.606501571787408988e-01,-1.584567466872876196e+00
1.201200000000000045e+02,-5.831067930447884906e-02,1.606501571787408988e-01,-1.584567466872876196e+00
1.201400000000000006e+02,-5.831067930447884906e-02,1.606501571787408988e-01,-1.584567466872876196e+00
1.201599999999999966e+02,-5.831067930447884906e-02,1.606501571787408988e-01,-1.584567466872876196e+00
1.201800000000000068e+02,-5.831067930447884906e-02,1.606501571787408988e-01,-1.584567466872876196e+00
1.202000000000000028e+02,-5.831067930447884906e-02,1.606501571787408988e-01,-1.584567466872876196e+00
1.202199999999999989e+02,-5.831067930447884906e-02,1.606501571787408988e-01,-1.584567466872876196e+00
1.202399999999999949e+02,-5.831067930447884906e-02,1.606501571787408988e-01,-1.584567466872876196e+00
1.202600000000000051e+02,-5.831067930447884906e-02,1.606501571787408988e-01,-1.584567466872876196e+00
