# time,x,y,yaw
8.359999999999999432e+00,0.000000000000000000e+00,0.000000000000000000e+00,0.000000000000000000e+00
8.380000000000000782e+00,0.000000000000000000e+00,0.000000000000000000e+00,0.000000000000000000e+00
8.400000000000000355e+00,0.000000000000000000e+00,0.000000000000000000e+00,0.000000000000000000e+00
8.419999999999999929e+00,0.000000000000000000e+00,0.000000000000000000e+00,0.000000000000000000e+00
8.439999999999999503e+00,0.000000000000000000e+00,0.000000000000000000e+00,0.000000000000000000e+00
8.460000000000000853e+00,0.000000000000000000e+00,0.000000000000000000e+00,0.000000000000000000e+00
8.480000000000000426e+00,0.000000000000000000e+00,0.000000000000000000e+00,0.000000000000000000e+00
8.500000000000000000e+00,0.000000000000000000e+00,0.000000000000000000e+00,0.000000000000000000e+00
8.519999999999999574e+00,0.000000000000000000e+00,0.000000000000000000e+00,0.000000000000000000e+00
8.539999999999999147e+00,0.000000000000000000e+00,0.000000000000000000e+00,0.000000000000000000e+00
8.560000000000000497e+00,0.000000000000000000e+00,0.000000000000000000e+00,0.000000000000000000e+00
8.580000000000000071e+00,0.000000000000000000e+00,0.000000000000000000e+00,0.000000000000000000e+00
8.599999999999999645e+00,0.000000000000000000e+00,0.000000000000000000e+00,0.000000000000000000e+00
8.619999999999999218e+00,0.000000000000000000e+00,0.000000000000000000e+00,0.000000000000000000e+00
8.640000000000000568e+00,0.000000000000000000e+00,0.000000000000000000e+00,0.000000000000000000e+00
8.660000000000000142e+00,0.000000000000000000e+00,0.000000000000000000e+00,0.000000000000000000e+00
8.679999999999999716e+00,0.000000000000000000e+00,0.000000000000000000e+00,0.000000000000000000e+00
8.699999999999999289e+00,0.000000000000000000e+00,0.000000000000000000e+00,0.000000000000000000e+00
8.720000000000000639e+00,0.000000000000000000e+00,0.000000000000000000e+00,0.000000000000000000e+00
8.740000000000000213e+00,0.000000000000000000e+00,0.000000000000000000e+00,0.000000000000000000e+00
8.759999999999999787e+00,0.000000000000000000e+00,0.000000000000000000e+00,0.000000000000000000e+00
8.779999999999999361e+00,0.000000000000000000e+00,0.000000000000000000e+00,0.000000000000000000e+00
8.800000000000000711e+00,0.000000000000000000e+00,0.000000000000000000e+00,0.000000000000000000e+00
8.820000000000000284e+00,0.000000000000000000e+00,0.000000000000000000e+00,0.000000000000000000e+00
8.839999999999999858e+00,0.000000000000000000e+00,0.000000000000000000e+00,0.000000000000000000e+00
8.859999999999999432e+00,0.000000000000000000e+00,0.000000000000000000e+00,0.000000000000000000e+00
8.880000000000000782e+00,0.000000000000000000e+00,0.000000000000000000e+00,0.000000000000000000e+00
8.900000000000000355e+00,0.000000000000000000e+00,0.000000000000000000e+00,0.000000000000000000e+00
8.919999999999999929e+00,0.000000000000000000e+00,0.000000000000000000e+00,0.000000000000000000e+00
8.939999999999999503e+00,0.000000000000000000e+00,0.000000000000000000e+00,0.000000000000000000e+00
8.960000000000000853e+00,0.000000000000000000e+00,0.000000000000000000e+00,0.000000000000000000e+00
8.980000000000000426e+00,0.000000000000000000e+00,0.000000000000000000e+00,0.000000000000000000e+00
9.000000000000000000e+00,0.000000000000000000e+00,0.000000000000000000e+00,0.000000000000000000e+00
9.019999999999999574e+00,0.000000000000000000e+00,0.000000000000000000e+00,0.000000000000000000e+00
9.039999999999999147e+00,0.000000000000000000e+00,0.000000000000000000e+00,0.000000000000000000e+00
9.060000000000000497e+00,0.000000000000000000e+00,0.000000000000000000e+00,0.000000000000000000e+00
9.080000000000000071e+00,0.000000000000000000e+00,0.000000000000000000e+00,0.000000000000000000e+00
9.099999999999999645e+00,0.000000000000000000e+00,0.000000000000000000e+00,0.000000000000000000e+00
9.119999999999999218e+00,0.000000000000000000e+00,0.000000000000000000e+00,0.000000000000000000e+00
9.140000000000000568e+00,0.000000000000000000e+00,0.000000000000000000e+00,0.000000000000000000e+00
9.160000000000000142e+00,0.000000000000000000e+00,0.000000000000000000e+00,0.000000000000000000e+00
9.179999999999999716e+00,0.000000000000000000e+00,0.000000000000000000e+00,0.000000000000000000e+00
9.199999999999999289e+00,0.000000000000000000e+00,0.000000000000000000e+00,0.000000000000000000e+00
9.220000000000000639e+00,0.000000000000000000e+00,0.000000000000000000e+00,0.000000000000000000e+00
9.240000000000000213e+00,0.000000000000000000e+00,0.000000000000000000e+00,0.000000000000000000e+00
9.259999999999999787e+00,0.000000000000000000e+00,0.000000000000000000e+00,0.000000000000000000e+00
9.279999999999999361e+00,0.000000000000000000e+00,0.000000000000000000e+00,0.000000000000000000e+00
9.300000000000000711e+00,0.000000000000000000e+00,0.000000000000000000e+00,0.000000000000000000e+00
9.320000000000000284e+00,0.000000000000000000e+00,0.000000000000000000e+00,0.000000000000000000e+00
9.339999999999999858e+00,0.000000000000000000e+00,0.000000000000000000e+00,0.000000000000000000e+00
9.359999999999999432e+00,0.000000000000000000e+00,0.000000000000000000e+00,0.000000000000000000e+00
9.380000000000000782e+00,0.000000000000000000e+00,0.000000000000000000e+00,0.000000000000000000e+00
9.400000000000000355e+00,0.000000000000000000e+00,0.000000000000000000e+00,0.000000000000000000e+00
9.419999999999999929e+00,0.000000000000000000e+00,0.000000000000000000e+00,0.000000000000000000e+00
9.439999999999999503e+00,0.000000000000000000e+00,0.000000000000000000e+00,0.000000000000000000e+00
9.460000000000000853e+00,0.000000000000000000e+00,0.000000000000000000e+00,0.000000000000000000e+00
9.480000000000000426e+00,0.000000000000000000e+00,0.000000000000000000e+00,0.000000000000000000e+00
9.500000000000000000e+00,0.000000000000000000e+00,0.000000000000000000e+00,0.000000000000000000e+00
9.519999999999999574e+00,0.000000000000000000e+00,0.000000000000000000e+00,0.000000000000000000e+00
9.539999999999999147e+00,0.000000000000000000e+00,0.000000000000000000e+00,0.000000000000000000e+00
9.560000000000000497e+00,0.000000000000000000e+00,0.000000000000000000e+00,0.000000000000000000e+00
9.580000000000000071e+00,0.000000000000000000e+00,0.000000000000000000e+00,0.000000000000000000e+00
9.599999999999999645e+00,0.000000000000000000e+00,0.000000000000000000e+00,0.000000000000000000e+00
9.619999999999999218e+00,0.000000000000000000e+00,0.000000000000000000e+00,0.000000000000000000e+00
9.640000000000000568e+00,0.000000000000000000e+00,0.000000000000000000e+00,0.000000000000000000e+00
9.660000000000000142e+00,0.000000000000000000e+00,0.000000000000000000e+00,0.000000000000000000e+00
9.679999999999999716e+00,0.000000000000000000e+00,0.000000000000000000e+00,0.000000000000000000e+00
9.699999999999999289e+00,0.000000000000000000e+00,0.000000000000000000e+00,0.000000000000000000e+00
9.720000000000000639e+00,0.000000000000000000e+00,0.000000000000000000e+00,0.000000000000000000e+00
9.740000000000000213e+00,0.000000000000000000e+00,0.000000000000000000e+00,0.000000000000000000e+00
9.759999999999999787e+00,0.000000000000000000e+00,0.000000000000000000e+00,0.000000000000000000e+00
9.779999999999999361e+00,0.000000000000000000e+00,0.000000000000000000e+00,0.000000000000000000e+00
9.800000000000000711e+00,0.000000000000000000e+00,0.000000000000000000e+00,0.000000000000000000e+00
9.820000000000000284e+00,0.000000000000000000e+00,0.000000000000000000e+00,0.000000000000000000e+00
9.839999999999999858e+00,0.000000000000000000e+00,0.000000000000000000e+00,0.000000000000000000e+00
9.859999999999999432e+00,0.000000000000000000e+00,0.000000000000000000e+00,0.000000000000000000e+00
9.880000000000000782e+00,0.000000000000000000e+00,0.000000000000000000e+00,0.000000000000000000e+00
9.900000000000000355e+00,0.000000000000000000e+00,0.000000000000000000e+00,0.000000000000000000e+00
9.919999999999999929e+00,0.000000000000000000e+00,0.000000000000000000e+00,0.000000000000000000e+00
9.939999999999999503e+00,0.000000000000000000e+00,0.000000000000000000e+00,0.000000000000000000e+00
9.960000000000000853e+00,0.000000000000000000e+00,0.000000000000000000e+00,0.000000000000000000e+00
9.980000000000000426e+00,0.000000000000000000e+00,0.000000000000000000e+00,0.000000000000000000e+00
1.000000000000000000e+01,0.000000000000000000e+00,0.000000000000000000e+00,0.000000000000000000e+00
1.001999999999999957e+01,0.000000000000000000e+00,0.000000000000000000e+00,0.000000000000000000e+00
1.003999999999999915e+01,0.000000000000000000e+00,0.000000000000000000e+00,0.000000000000000000e+00
1.006000000000000050e+01,0.000000000000000000e+00,0.000000000000000000e+00,0.000000000000000000e+00
1.008000000000000007e+01,0.000000000000000000e+00,0.000000000000000000e+00,0.000000000000000000e+00
1.009999999999999964e+01,0.000000000000000000e+00,0.000000000000000000e+00,0.000000000000000000e+00
1.011999999999999922e+01,0.000000000000000000e+00,0.000000000000000000e+00,0.000000000000000000e+00
1.014000000000000057e+01,0.000000000000000000e+00,0.000000000000000000e+00,0.000000000000000000e+00
1.016000000000000014e+01,0.000000000000000000e+00,0.000000000000000000e+00,0.000000000000000000e+00
1.017999999999999972e+01,0.000000000000000000e+00,0.000000000000000000e+00,0.000000000000000000e+00
1.019999999999999929e+01,0.000000000000000000e+00,0.000000000000000000e+00,0.000000000000000000e+00
1.022000000000000064e+01,0.000000000000000000e+00,0.000000000000000000e+00,0.000000000000000000e+00
1.024000000000000021e+01,0.000000000000000000e+00,0.000000000000000000e+00,0.000000000000000000e+00
1.025999999999999979e+01,0.000000000000000000e+00,0.000000000000000000e+00,0.000000000000000000e+00
1.027999999999999936e+01,0.000000000000000000e+00,0.000000000000000000e+00,0.000000000000000000e+00
1.030000000000000071e+01,0.000000000000000000e+00,0.000000000000000000e+00,0.000000000000000000e+00
1.032000000000000028e+01,0.000000000000000000e+00,0.000000000000000000e+00,0.000000000000000000e+00
1.033999999999999986e+01,0.000000000000000000e+00,0.000000000000000000e+00,0.000000000000000000e+00
1.035999999999999943e+01,0.000000000000000000e+00,0.000000000000000000e+00,0.000000000000000000e+00
1.038000000000000078e+01,0.000000000000000000e+00,0.000000000000000000e+00,0.000000000000000000e+00
1.040000000000000036e+01,0.000000000000000000e+00,0.000000000000000000e+00,0.000000000000000000e+00
1.041999999999999993e+01,0.000000000000000000e+00,0.000000000000000000e+00,0.000000000000000000e+00
1.043999999999999950e+01,0.000000000000000000e+00,0.000000000000000000e+00,0.000000000000000000e+00
1.046000000000000085e+01,0.000000000000000000e+00,0.000000000000000000e+00,0.000000000000000000e+00
1.048000000000000043e+01,0.000000000000000000e+00,0.000000000000000000e+00,0.000000000000000000e+00
1.050000000000000000e+01,0.000000000000000000e+00,0.000000000000000000e+00,0.000000000000000000e+00
1.051999999999999957e+01,0.000000000000000000e+00,0.000000000000000000e+00,0.000000000000000000e+00
1.053999999999999915e+01,0.000000000000000000e+00,0.000000000000000000e+00,0.000000000000000000e+00
1.056000000000000050e+01,0.000000000000000000e+00,0.000000000000000000e+00,0.000000000000000000e+00
1.058000000000000007e+01,0.000000000000000000e+00,0.000000000000000000e+00,0.000000000000000000e+00
1.059999999999999964e+01,0.000000000000000000e+00,0.000000000000000000e+00,0.000000000000000000e+00
1.061999999999999922e+01,0.000000000000000000e+00,0.000000000000000000e+00,0.000000000000000000e+00
1.064000000000000057e+01,0.000000000000000000e+00,0.000000000000000000e+00,0.000000000000000000e+00
1.066000000000000014e+01,0.000000000000000000e+00,0.000000000000000000e+00,0.000000000000000000e+00
1.067999999999999972e+01,0.000000000000000000e+00,0.000000000000000000e+00,0.000000000000000000e+00
1.069999999999999929e+01,0.000000000000000000e+00,0.000000000000000000e+00,0.000000000000000000e+00
1.072000000000000064e+01,0.000000000000000000e+00,0.000000000000000000e+00,0.000000000000000000e+00
1.074000000000000021e+01,0.000000000000000000e+00,0.000000000000000000e+00,0.000000000000000000e+00
1.075999999999999979e+01,0.000000000000000000e+00,0.000000000000000000e+00,0.000000000000000000e+00
1.077999999999999936e+01,0.000000000000000000e+00,0.000000000000000000e+00,0.000000000000000000e+00
1.080000000000000071e+01,0.000000000000000000e+00,0.000000000000000000e+00,0.000000000000000000e+00
1.082000000000000028e+01,0.000000000000000000e+00,0.000000000000000000e+00,0.000000000000000000e+00
1.083999999999999986e+01,0.000000000000000000e+00,0.000000000000000000e+00,0.000000000000000000e+00
1.085999999999999943e+01,0.000000000000000000e+00,0.000000000000000000e+00,0.000000000000000000e+00
1.088000000000000078e+01,0.000000000000000000e+00,0.000000000000000000e+00,0.000000000000000000e+00
1.090000000000000036e+01,0.000000000000000000e+00,0.000000000000000000e+00,0.000000000000000000e+00
1.091999999999999993e+01,0.000000000000000000e+00,0.000000000000000000e+00,0.000000000000000000e+00
1.093999999999999950e+01,0.000000000000000000e+00,0.000000000000000000e+00,0.000000000000000000e+00
1.096000000000000085e+01,0.000000000000000000e+00,0.000000000000000000e+00,0.000000000000000000e+00
1.098000000000000043e+01,0.000000000000000000e+00,0.000000000000000000e+00,0.000000000000000000e+00
1.100000000000000000e+01,0.000000000000000000e+00,0.000000000000000000e+00,0.000000000000000000e+00
1.101999999999999957e+01,0.000000000000000000e+00,0.000000000000000000e+00,0.000000000000000000e+00
1.103999999999999915e+01,0.000000000000000000e+00,0.000000000000000000e+00,0.000000000000000000e+00
1.106000000000000050e+01,0.000000000000000000e+00,0.000000000000000000e+00,0.000000000000000000e+00
1.108000000000000007e+01,0.000000000000000000e+00,0.000000000000000000e+00,0.000000000000000000e+00
1.109999999999999964e+01,0.000000000000000000e+00,0.000000000000000000e+00,0.000000000000000000e+00
1.111999999999999922e+01,0.000000000000000000e+00,0.000000000000000000e+00,0.000000000000000000e+00
1.114000000000000057e+01,0.000000000000000000e+00,0.000000000000000000e+00,0.000000000000000000e+00
1.116000000000000014e+01,0.000000000000000000e+00,0.000000000000000000e+00,0.000000000000000000e+00
1.117999999999999972e+01,0.000000000000000000e+00,0.000000000000000000e+00,0.000000000000000000e+00
1.119999999999999929e+01,0.000000000000000000e+00,0.000000000000000000e+00,0.000000000000000000e+00
1.122000000000000064e+01,0.000000000000000000e+00,0.000000000000000000e+00,0.000000000000000000e+00
1.124000000000000021e+01,0.000000000000000000e+00,0.000000000000000000e+00,0.000000000000000000e+00
1.125999999999999979e+01,0.000000000000000000e+00,0.000000000000000000e+00,0.000000000000000000e+00
1.127999999999999936e+01,0.000000000000000000e+00,0.000000000000000000e+00,0.000000000000000000e+00
1.130000000000000071e+01,0.000000000000000000e+00,0.000000000000000000e+00,0.000000000000000000e+00
1.132000000000000028e+01,0.000000000000000000e+00,0.000000000000000000e+00,0.000000000000000000e+00
1.133999999999999986e+01,0.000000000000000000e+00,0.000000000000000000e+00,0.000000000000000000e+00
1.135999999999999943e+01,0.000000000000000000e+00,0.000000000000000000e+00,0.000000000000000000e+00
1.138000000000000078e+01,0.000000000000000000e+00,0.000000000000000000e+00,0.000000000000000000e+00
1.140000000000000036e+01,0.000000000000000000e+00,0.000000000000000000e+00,0.000000000000000000e+00
1.141999999999999993e+01,0.000000000000000000e+00,0.000000000000000000e+00,0.000000000000000000e+00
1.143999999999999950e+01,0.000000000000000000e+00,0.000000000000000000e+00,0.000000000000000000e+00
1.146000000000000085e+01,0.000000000000000000e+00,0.000000000000000000e+00,0.000000000000000000e+00
1.148000000000000043e+01,0.000000000000000000e+00,0.000000000000000000e+00,0.000000000000000000e+00
1.150000000000000000e+01,0.000000000000000000e+00,0.000000000000000000e+00,0.000000000000000000e+00
1.151999999999999957e+01,0.000000000000000000e+00,0.000000000000000000e+00,0.000000000000000000e+00
1.153999999999999915e+01,0.000000000000000000e+00,0.000000000000000000e+00,0.000000000000000000e+00
1.156000000000000050e+01,0.000000000000000000e+00,0.000000000000000000e+00,0.000000000000000000e+00
1.158000000000000007e+01,0.000000000000000000e+00,0.000000000000000000e+00,0.000000000000000000e+00
1.159999999999999964e+01,0.000000000000000000e+00,0.000000000000000000e+00,0.000000000000000000e+00
1.161999999999999922e+01,0.000000000000000000e+00,0.000000000000000000e+00,0.000000000000000000e+00
1.164000000000000057e+01,0.000000000000000000e+00,0.000000000000000000e+00,0.000000000000000000e+00
1.166000000000000014e+01,0.000000000000000000e+00,0.000000000000000000e+00,0.000000000000000000e+00
1.167999999999999972e+01,0.000000000000000000e+00,0.000000000000000000e+00,0.000000000000000000e+00
1.169999999999999929e+01,0.000000000000000000e+00,0.000000000000000000e+00,0.000000000000000000e+00
1.172000000000000064e+01,0.000000000000000000e+00,0.000000000000000000e+00,0.000000000000000000e+00
1.174000000000000021e+01,0.000000000000000000e+00,0.000000000000000000e+00,0.000000000000000000e+00
1.175999999999999979e+01,0.000000000000000000e+00,0.000000000000000000e+00,0.000000000000000000e+00
1.177999999999999936e+01,0.000000000000000000e+00,0.000000000000000000e+00,0.000000000000000000e+00
1.180000000000000071e+01,0.000000000000000000e+00,0.000000000000000000e+00,0.000000000000000000e+00
1.182000000000000028e+01,0.000000000000000000e+00,0.000000000000000000e+00,0.000000000000000000e+00
1.183999999999999986e+01,0.000000000000000000e+00,0.000000000000000000e+00,0.000000000000000000e+00
1.185999999999999943e+01,0.000000000000000000e+00,0.000000000000000000e+00,0.000000000000000000e+00
1.188000000000000078e+01,0.000000000000000000e+00,0.000000000000000000e+00,0.000000000000000000e+00
1.190000000000000036e+01,0.000000000000000000e+00,0.000000000000000000e+00,0.000000000000000000e+00
1.191999999999999993e+01,0.000000000000000000e+00,0.000000000000000000e+00,0.000000000000000000e+00
1.193999999999999950e+01,0.000000000000000000e+00,0.000000000000000000e+00,0.000000000000000000e+00
1.196000000000000085e+01,0.000000000000000000e+00,0.000000000000000000e+00,0.000000000000000000e+00
1.198000000000000043e+01,0.000000000000000000e+00,0.000000000000000000e+00,0.000000000000000000e+00
1.200000000000000000e+01,0.000000000000000000e+00,0.000000000000000000e+00,0.000000000000000000e+00
1.201999999999999957e+01,0.000000000000000000e+00,0.000000000000000000e+00,0.000000000000000000e+00
1.203999999999999915e+01,0.000000000000000000e+00,0.000000000000000000e+00,0.000000000000000000e+00
1.206000000000000050e+01,0.000000000000000000e+00,0.000000000000000000e+00,0.000000000000000000e+00
1.208000000000000007e+01,0.000000000000000000e+00,0.000000000000000000e+00,0.000000000000000000e+00
1.209999999999999964e+01,0.000000000000000000e+00,0.000000000000000000e+00,0.000000000000000000e+00
1.211999999999999922e+01,0.000000000000000000e+00,0.000000000000000000e+00,0.000000000000000000e+00
1.214000000000000057e+01,0.000000000000000000e+00,0.000000000000000000e+00,0.000000000000000000e+00
1.216000000000000014e+01,0.000000000000000000e+00,0.000000000000000000e+00,0.000000000000000000e+00
1.217999999999999972e+01,0.000000000000000000e+00,0.000000000000000000e+00,0.000000000000000000e+00
1.219999999999999929e+01,0.000000000000000000e+00,0.000000000000000000e+00,0.000000000000000000e+00
1.222000000000000064e+01,0.000000000000000000e+00,0.000000000000000000e+00,0.000000000000000000e+00
1.224000000000000021e+01,0.000000000000000000e+00,0.000000000000000000e+00,0.000000000000000000e+00
1.225999999999999979e+01,0.000000000000000000e+00,0.000000000000000000e+00,0.000000000000000000e+00
1.227999999999999936e+01,0.000000000000000000e+00,0.000000000000000000e+00,0.000000000000000000e+00
1.230000000000000071e+01,0.000000000000000000e+00,0.000000000000000000e+00,0.000000000000000000e+00
1.232000000000000028e+01,0.000000000000000000e+00,0.000000000000000000e+00,0.000000000000000000e+00
1.233999999999999986e+01,0.000000000000000000e+00,0.000000000000000000e+00,0.000000000000000000e+00
1.235999999999999943e+01,0.000000000000000000e+00,0.000000000000000000e+00,0.000000000000000000e+00
1.238000000000000078e+01,0.000000000000000000e+00,0.000000000000000000e+00,0.000000000000000000e+00
1.240000000000000036e+01,0.000000000000000000e+00,0.000000000000000000e+00,0.000000000000000000e+00
1.241999999999999993e+01,0.000000000000000000e+00,0.000000000000000000e+00,0.000000000000000000e+00
1.243999999999999950e+01,0.000000000000000000e+00,0.000000000000000000e+00,0.000000000000000000e+00
1.246000000000000085e+01,0.000000000000000000e+00,0.000000000000000000e+00,0.000000000000000000e+00
1.248000000000000043e+01,0.000000000000000000e+00,0.000000000000000000e+00,0.000000000000000000e+00
1.250000000000000000e+01,0.000000000000000000e+00,0.000000000000000000e+00,0.000000000000000000e+00
1.251999999999999957e+01,0.000000000000000000e+00,0.000000000000000000e+00,0.000000000000000000e+00
1.253999999999999915e+01,0.000000000000000000e+00,0.000000000000000000e+00,0.000000000000000000e+00
1.256000000000000050e+01,0.000000000000000000e+00,0.000000000000000000e+00,0.000000000000000000e+00
1.258000000000000007e+01,0.000000000000000000e+00,0.000000000000000000e+00,0.000000000000000000e+00
1.259999999999999964e+01,0.000000000000000000e+00,0.000000000000000000e+00,0.000000000000000000e+00
1.261999999999999922e+01,0.000000000000000000e+00,0.000000000000000000e+00,0.000000000000000000e+00
1.264000000000000057e+01,0.000000000000000000e+00,0.000000000000000000e+00,0.000000000000000000e+00
1.266000000000000014e+01,0.000000000000000000e+00,0.000000000000000000e+00,0.000000000000000000e+00
1.267999999999999972e+01,0.000000000000000000e+00,0.000000000000000000e+00,0.000000000000000000e+00
1.269999999999999929e+01,0.000000000000000000e+00,0.000000000000000000e+00,0.000000000000000000e+00
1.272000000000000064e+01,0.000000000000000000e+00,0.000000000000000000e+00,0.000000000000000000e+00
1.274000000000000021e+01,0.000000000000000000e+00,0.000000000000000000e+00,0.000000000000000000e+00
1.275999999999999979e+01,0.000000000000000000e+00,0.000000000000000000e+00,0.000000000000000000e+00
1.277999999999999936e+01,0.000000000000000000e+00,0.000000000000000000e+00,0.000000000000000000e+00
1.280000000000000071e+01,0.000000000000000000e+00,0.000000000000000000e+00,0.000000000000000000e+00
1.282000000000000028e+01,0.000000000000000000e+00,0.000000000000000000e+00,0.000000000000000000e+00
1.283999999999999986e+01,0.000000000000000000e+00,0.000000000000000000e+00,0.000000000000000000e+00
1.285999999999999943e+01,0.000000000000000000e+00,0.000000000000000000e+00,0.000000000000000000e+00
1.288000000000000078e+01,0.000000000000000000e+00,0.000000000000000000e+00,0.000000000000000000e+00
1.290000000000000036e+01,0.000000000000000000e+00,0.000000000000000000e+00,0.000000000000000000e+00
1.291999999999999993e+01,0.000000000000000000e+00,0.000000000000000000e+00,0.000000000000000000e+00
1.293999999999999950e+01,0.000000000000000000e+00,0.000000000000000000e+00,0.000000000000000000e+00
1.296000000000000085e+01,0.000000000000000000e+00,0.000000000000000000e+00,0.000000000000000000e+00
1.298000000000000043e+01,0.000000000000000000e+00,0.000000000000000000e+00,0.000000000000000000e+00
1.300000000000000000e+01,0.000000000000000000e+00,0.000000000000000000e+00,0.000000000000000000e+00
1.301999999999999957e+01,0.000000000000000000e+00,0.000000000000000000e+00,0.000000000000000000e+00
1.303999999999999915e+01,0.000000000000000000e+00,0.000000000000000000e+00,0.000000000000000000e+00
1.306000000000000050e+01,0.000000000000000000e+00,0.000000000000000000e+00,0.000000000000000000e+00
1.308000000000000007e+01,0.000000000000000000e+00,0.000000000000000000e+00,0.000000000000000000e+00
1.309999999999999964e+01,0.000000000000000000e+00,0.000000000000000000e+00,0.000000000000000000e+00
1.311999999999999922e+01,0.000000000000000000e+00,0.000000000000000000e+00,0.000000000000000000e+00
1.314000000000000057e+01,0.000000000000000000e+00,0.000000000000000000e+00,0.000000000000000000e+00
1.316000000000000014e+01,0.000000000000000000e+00,0.000000000000000000e+00,0.000000000000000000e+00
1.317999999999999972e+01,0.000000000000000000e+00,0.000000000000000000e+00,0.000000000000000000e+00
1.319999999999999929e+01,0.000000000000000000e+00,0.000000000000000000e+00,0.000000000000000000e+00
1.322000000000000064e+01,0.000000000000000000e+00,0.000000000000000000e+00,0.000000000000000000e+00
1.324000000000000021e+01,0.000000000000000000e+00,0.000000000000000000e+00,0.000000000000000000e+00
1.325999999999999979e+01,0.000000000000000000e+00,0.000000000000000000e+00,0.000000000000000000e+00
1.327999999999999936e+01,0.000000000000000000e+00,0.000000000000000000e+00,0.000000000000000000e+00
1.330000000000000071e+01,0.000000000000000000e+00,0.000000000000000000e+00,0.000000000000000000e+00
1.332000000000000028e+01,0.000000000000000000e+00,0.000000000000000000e+00,0.000000000000000000e+00
1.333999999999999986e+01,0.000000000000000000e+00,0.000000000000000000e+00,0.000000000000000000e+00
1.335999999999999943e+01,0.000000000000000000e+00,0.000000000000000000e+00,0.000000000000000000e+00
1.338000000000000078e+01,0.000000000000000000e+00,0.000000000000000000e+00,0.000000000000000000e+00
1.340000000000000036e+01,0.000000000000000000e+00,0.000000000000000000e+00,0.000000000000000000e+00
1.341999999999999993e+01,0.000000000000000000e+00,0.000000000000000000e+00,0.000000000000000000e+00
1.343999999999999950e+01,0.000000000000000000e+00,0.000000000000000000e+00,0.000000000000000000e+00
1.346000000000000085e+01,0.000000000000000000e+00,0.000000000000000000e+00,0.000000000000000000e+00
1.348000000000000043e+01,0.000000000000000000e+00,0.000000000000000000e+00,0.000000000000000000e+00
1.350000000000000000e+01,0.000000000000000000e+00,0.000000000000000000e+00,0.000000000000000000e+00
1.351999999999999957e+01,0.000000000000000000e+00,0.000000000000000000e+00,0.000000000000000000e+00
1.353999999999999915e+01,0.000000000000000000e+00,0.000000000000000000e+00,0.000000000000000000e+00
1.356000000000000050e+01,0.000000000000000000e+00,0.000000000000000000e+00,0.000000000000000000e+00
1.358000000000000007e+01,0.000000000000000000e+00,0.000000000000000000e+00,0.000000000000000000e+00
1.359999999999999964e+01,0.000000000000000000e+00,0.000000000000000000e+00,0.000000000000000000e+00
1.361999999999999922e+01,0.000000000000000000e+00,0.000000000000000000e+00,0.000000000000000000e+00
1.364000000000000057e+01,0.000000000000000000e+00,0.000000000000000000e+00,0.000000000000000000e+00
1.366000000000000014e+01,0.000000000000000000e+00,0.000000000000000000e+00,0.000000000000000000e+00
1.367999999999999972e+01,0.000000000000000000e+00,0.000000000000000000e+00,0.000000000000000000e+00
1.369999999999999929e+01,0.000000000000000000e+00,0.000000000000000000e+00,0.000000000000000000e+00
1.372000000000000064e+01,0.000000000000000000e+00,0.000000000000000000e+00,0.000000000000000000e+00
1.374000000000000021e+01,0.000000000000000000e+00,0.000000000000000000e+00,0.000000000000000000e+00
1.375999999999999979e+01,0.000000000000000000e+00,0.000000000000000000e+00,0.000000000000000000e+00
1.377999999999999936e+01,0.000000000000000000e+00,0.000000000000000000e+00,0.000000000000000000e+00
1.380000000000000071e+01,0.000000000000000000e+00,0.000000000000000000e+00,0.000000000000000000e+00
1.382000000000000028e+01,0.000000000000000000e+00,0.000000000000000000e+00,0.000000000000000000e+00
1.383999999999999986e+01,0.000000000000000000e+00,0.000000000000000000e+00,0.000000000000000000e+00
1.385999999999999943e+01,0.000000000000000000e+00,0.000000000000000000e+00,0.000000000000000000e+00
1.388000000000000078e+01,0.000000000000000000e+00,0.000000000000000000e+00,0.000000000000000000e+00
1.390000000000000036e+01,0.000000000000000000e+00,0.000000000000000000e+00,0.000000000000000000e+00
1.391999999999999993e+01,0.000000000000000000e+00,0.000000000000000000e+00,0.000000000000000000e+00
1.393999999999999950e+01,0.000000000000000000e+00,0.000000000000000000e+00,0.000000000000000000e+00
1.396000000000000085e+01,0.000000000000000000e+00,0.000000000000000000e+00,0.000000000000000000e+00
1.398000000000000043e+01,0.000000000000000000e+00,0.000000000000000000e+00,0.000000000000000000e+00
1.400000000000000000e+01,0.000000000000000000e+00,0.000000000000000000e+00,0.000000000000000000e+00
1.401999999999999957e+01,0.000000000000000000e+00,0.000000000000000000e+00,0.000000000000000000e+00
1.403999999999999915e+01,0.000000000000000000e+00,0.000000000000000000e+00,0.000000000000000000e+00
1.406000000000000050e+01,0.000000000000000000e+00,0.000000000000000000e+00,0.000000000000000000e+00
1.408000000000000007e+01,0.000000000000000000e+00,0.000000000000000000e+00,0.000000000000000000e+00
1.409999999999999964e+01,0.000000000000000000e+00,0.000000000000000000e+00,0.000000000000000000e+00
1.411999999999999922e+01,0.000000000000000000e+00,0.000000000000000000e+00,0.000000000000000000e+00
1.414000000000000057e+01,0.000000000000000000e+00,0.000000000000000000e+00,0.000000000000000000e+00
1.416000000000000014e+01,0.000000000000000000e+00,0.000000000000000000e+00,0.000000000000000000e+00
1.417999999999999972e+01,0.000000000000000000e+00,0.000000000000000000e+00,0.000000000000000000e+00
1.419999999999999929e+01,0.000000000000000000e+00,0.000000000000000000e+00,0.000000000000000000e+00
1.422000000000000064e+01,0.000000000000000000e+00,0.000000000000000000e+00,0.000000000000000000e+00
1.424000000000000021e+01,0.000000000000000000e+00,0.000000000000000000e+00,0.000000000000000000e+00
1.425999999999999979e+01,0.000000000000000000e+00,0.000000000000000000e+00,0.000000000000000000e+00
1.427999999999999936e+01,0.000000000000000000e+00,0.000000000000000000e+00,0.000000000000000000e+00
1.430000000000000071e+01,0.000000000000000000e+00,0.000000000000000000e+00,0.000000000000000000e+00
1.432000000000000028e+01,0.000000000000000000e+00,0.000000000000000000e+00,0.000000000000000000e+00
1.433999999999999986e+01,0.000000000000000000e+00,0.000000000000000000e+00,0.000000000000000000e+00
1.435999999999999943e+01,0.000000000000000000e+00,0.000000000000000000e+00,0.000000000000000000e+00
1.438000000000000078e+01,0.000000000000000000e+00,0.000000000000000000e+00,0.000000000000000000e+00
1.440000000000000036e+01,0.000000000000000000e+00,0.000000000000000000e+00,0.000000000000000000e+00
1.441999999999999993e+01,0.000000000000000000e+00,0.000000000000000000e+00,0.000000000000000000e+00
1.443999999999999950e+01,0.000000000000000000e+00,0.000000000000000000e+00,0.000000000000000000e+00
1.446000000000000085e+01,0.000000000000000000e+00,0.000000000000000000e+00,0.000000000000000000e+00
1.448000000000000043e+01,0.000000000000000000e+00,0.000000000000000000e+00,0.000000000000000000e+00
1.450000000000000000e+01,0.000000000000000000e+00,0.000000000000000000e+00,0.000000000000000000e+00
1.451999999999999957e+01,0.000000000000000000e+00,0.000000000000000000e+00,0.000000000000000000e+00
1.453999999999999915e+01,0.000000000000000000e+00,0.000000000000000000e+00,0.000000000000000000e+00
1.456000000000000050e+01,0.000000000000000000e+00,0.000000000000000000e+00,0.000000000000000000e+00
1.458000000000000007e+01,0.000000000000000000e+00,0.000000000000000000e+00,0.000000000000000000e+00
1.459999999999999964e+01,0.000000000000000000e+00,0.000000000000000000e+00,0.000000000000000000e+00
1.461999999999999922e+01,0.000000000000000000e+00,0.000000000000000000e+00,0.000000000000000000e+00
1.464000000000000057e+01,0.000000000000000000e+00,0.000000000000000000e+00,0.000000000000000000e+00
1.466000000000000014e+01,0.000000000000000000e+00,0.000000000000000000e+00,0.000000000000000000e+00
1.467999999999999972e+01,0.000000000000000000e+00,0.000000000000000000e+00,0.000000000000000000e+00
1.469999999999999929e+01,0.000000000000000000e+00,0.000000000000000000e+00,0.000000000000000000e+00
1.472000000000000064e+01,0.000000000000000000e+00,0.000000000000000000e+00,0.000000000000000000e+00
1.474000000000000021e+01,0.000000000000000000e+00,0.000000000000000000e+00,0.000000000000000000e+00
1.475999999999999979e+01,0.000000000000000000e+00,0.000000000000000000e+00,0.000000000000000000e+00
1.477999999999999936e+01,0.000000000000000000e+00,0.000000000000000000e+00,0.000000000000000000e+00
1.480000000000000071e+01,0.000000000000000000e+00,0.000000000000000000e+00,0.000000000000000000e+00
1.482000000000000028e+01,0.000000000000000000e+00,0.000000000000000000e+00,0.000000000000000000e+00
1.483999999999999986e+01,0.000000000000000000e+00,0.000000000000000000e+00,0.000000000000000000e+00
1.485999999999999943e+01,0.000000000000000000e+00,0.000000000000000000e+00,0.000000000000000000e+00
1.488000000000000078e+01,0.000000000000000000e+00,0.000000000000000000e+00,0.000000000000000000e+00
1.490000000000000036e+01,0.000000000000000000e+00,0.000000000000000000e+00,0.000000000000000000e+00
1.491999999999999993e+01,0.000000000000000000e+00,0.000000000000000000e+00,0.000000000000000000e+00
1.493999999999999950e+01,0.000000000000000000e+00,0.000000000000000000e+00,0.000000000000000000e+00
1.496000000000000085e+01,0.000000000000000000e+00,0.000000000000000000e+00,0.000000000000000000e+00
1.498000000000000043e+01,0.000000000000000000e+00,0.000000000000000000e+00,0.000000000000000000e+00
1.500000000000000000e+01,0.000000000000000000e+00,0.000000000000000000e+00,0.000000000000000000e+00
1.501999999999999957e+01,0.000000000000000000e+00,0.000000000000000000e+00,0.000000000000000000e+00
1.503999999999999915e+01,0.000000000000000000e+00,0.000000000000000000e+00,0.000000000000000000e+00
1.506000000000000050e+01,0.000000000000000000e+00,0.000000000000000000e+00,0.000000000000000000e+00
1.508000000000000007e+01,0.000000000000000000e+00,0.000000000000000000e+00,0.000000000000000000e+00
1.509999999999999964e+01,0.000000000000000000e+00,0.000000000000000000e+00,0.000000000000000000e+00
1.511999999999999922e+01,0.000000000000000000e+00,0.000000000000000000e+00,0.000000000000000000e+00
1.514000000000000057e+01,0.000000000000000000e+00,0.000000000000000000e+00,0.000000000000000000e+00
1.516000000000000014e+01,0.000000000000000000e+00,0.000000000000000000e+00,0.000000000000000000e+00
1.517999999999999972e+01,0.000000000000000000e+00,0.000000000000000000e+00,0.000000000000000000e+00
1.519999999999999929e+01,0.000000000000000000e+00,0.000000000000000000e+00,0.000000000000000000e+00
1.522000000000000064e+01,0.000000000000000000e+00,0.000000000000000000e+00,0.000000000000000000e+00
1.524000000000000021e+01,0.000000000000000000e+00,0.000000000000000000e+00,0.000000000000000000e+00
1.525999999999999979e+01,0.000000000000000000e+00,0.000000000000000000e+00,0.000000000000000000e+00
1.527999999999999936e+01,0.000000000000000000e+00,0.000000000000000000e+00,0.000000000000000000e+00
1.530000000000000071e+01,0.000000000000000000e+00,0.000000000000000000e+00,0.000000000000000000e+00
1.532000000000000028e+01,0.000000000000000000e+00,0.000000000000000000e+00,0.000000000000000000e+00
1.533999999999999986e+01,0.000000000000000000e+00,0.000000000000000000e+00,0.000000000000000000e+00
1.535999999999999943e+01,0.000000000000000000e+00,0.000000000000000000e+00,0.000000000000000000e+00
1.538000000000000078e+01,0.000000000000000000e+00,0.000000000000000000e+00,0.000000000000000000e+00
1.540000000000000036e+01,0.000000000000000000e+00,0.000000000000000000e+00,0.000000000000000000e+00
1.541999999999999993e+01,0.000000000000000000e+00,0.000000000000000000e+00,0.000000000000000000e+00
1.543999999999999950e+01,0.000000000000000000e+00,0.000000000000000000e+00,0.000000000000000000e+00
1.546000000000000085e+01,0.000000000000000000e+00,0.000000000000000000e+00,0.000000000000000000e+00
1.548000000000000043e+01,0.000000000000000000e+00,0.000000000000000000e+00,0.000000000000000000e+00
1.550000000000000000e+01,0.000000000000000000e+00,0.000000000000000000e+00,0.000000000000000000e+00
1.551999999999999957e+01,0.000000000000000000e+00,0.000000000000000000e+00,0.000000000000000000e+00
1.553999999999999915e+01,0.000000000000000000e+00,0.000000000000000000e+00,0.000000000000000000e+00
1.556000000000000050e+01,0.000000000000000000e+00,0.000000000000000000e+00,0.000000000000000000e+00
1.558000000000000007e+01,0.000000000000000000e+00,0.000000000000000000e+00,0.000000000000000000e+00
1.559999999999999964e+01,0.000000000000000000e+00,0.000000000000000000e+00,0.000000000000000000e+00
1.561999999999999922e+01,0.000000000000000000e+00,0.000000000000000000e+00,0.000000000000000000e+00
1.564000000000000057e+01,0.000000000000000000e+00,0.000000000000000000e+00,0.000000000000000000e+00
1.566000000000000014e+01,0.000000000000000000e+00,0.000000000000000000e+00,0.000000000000000000e+00
1.567999999999999972e+01,0.000000000000000000e+00,0.000000000000000000e+00,0.000000000000000000e+00
1.569999999999999929e+01,0.000000000000000000e+00,0.000000000000000000e+00,0.000000000000000000e+00
1.572000000000000064e+01,0.000000000000000000e+00,0.000000000000000000e+00,0.000000000000000000e+00
1.574000000000000021e+01,0.000000000000000000e+00,0.000000000000000000e+00,0.000000000000000000e+00
1.575999999999999979e+01,0.000000000000000000e+00,0.000000000000000000e+00,0.000000000000000000e+00
1.577999999999999936e+01,0.000000000000000000e+00,0.000000000000000000e+00,0.000000000000000000e+00
1.580000000000000071e+01,0.000000000000000000e+00,0.000000000000000000e+00,0.000000000000000000e+00
1.582000000000000028e+01,0.000000000000000000e+00,0.000000000000000000e+00,0.000000000000000000e+00
1.583999999999999986e+01,0.000000000000000000e+00,0.000000000000000000e+00,0.000000000000000000e+00
1.585999999999999943e+01,0.000000000000000000e+00,0.000000000000000000e+00,0.000000000000000000e+00
1.588000000000000078e+01,0.000000000000000000e+00,0.000000000000000000e+00,0.000000000000000000e+00
1.590000000000000036e+01,0.000000000000000000e+00,0.000000000000000000e+00,0.000000000000000000e+00
1.591999999999999993e+01,0.000000000000000000e+00,0.000000000000000000e+00,0.000000000000000000e+00
1.593999999999999950e+01,0.000000000000000000e+00,0.000000000000000000e+00,0.000000000000000000e+00
1.596000000000000085e+01,0.000000000000000000e+00,0.000000000000000000e+00,0.000000000000000000e+00
1.598000000000000043e+01,0.000000000000000000e+00,0.000000000000000000e+00,0.000000000000000000e+00
1.600000000000000000e+01,0.000000000000000000e+00,0.000000000000000000e+00,0.000000000000000000e+00
1.601999999999999957e+01,0.000000000000000000e+00,0.000000000000000000e+00,0.000000000000000000e+00
1.603999999999999915e+01,0.000000000000000000e+00,0.000000000000000000e+00,0.000000000000000000e+00
1.605999999999999872e+01,0.000000000000000000e+00,0.000000000000000000e+00,0.000000000000000000e+00
1.607999999999999829e+01,0.000000000000000000e+00,0.000000000000000000e+00,0.000000000000000000e+00
1.610000000000000142e+01,0.000000000000000000e+00,0.000000000000000000e+00,0.000000000000000000e+00
1.612000000000000099e+01,0.000000000000000000e+00,0.000000000000000000e+00,0.000000000000000000e+00
1.614000000000000057e+01,0.000000000000000000e+00,0.000000000000000000e+00,0.000000000000000000e+00
1.616000000000000014e+01,0.000000000000000000e+00,0.000000000000000000e+00,0.000000000000000000e+00
1.617999999999999972e+01,0.000000000000000000e+00,0.000000000000000000e+00,0.000000000000000000e+00
1.619999999999999929e+01,0.000000000000000000e+00,0.000000000000000000e+00,0.000000000000000000e+00
1.621999999999999886e+01,0.000000000000000000e+00,0.000000000000000000e+00,0.000000000000000000e+00
1.623999999999999844e+01,0.000000000000000000e+00,0.000000000000000000e+00,0.000000000000000000e+00
1.626000000000000156e+01,0.000000000000000000e+00,0.000000000000000000e+00,0.000000000000000000e+00
1.628000000000000114e+01,0.000000000000000000e+00,0.000000000000000000e+00,0.000000000000000000e+00
1.630000000000000071e+01,0.000000000000000000e+00,0.000000000000000000e+00,0.000000000000000000e+00
1.632000000000000028e+01,0.000000000000000000e+00,0.000000000000000000e+00,0.000000000000000000e+00
1.633999999999999986e+01,0.000000000000000000e+00,0.000000000000000000e+00,0.000000000000000000e+00
1.635999999999999943e+01,0.000000000000000000e+00,0.000000000000000000e+00,0.000000000000000000e+00
1.637999999999999901e+01,0.000000000000000000e+00,0.000000000000000000e+00,0.000000000000000000e+00
1.639999999999999858e+01,0.000000000000000000e+00,0.000000000000000000e+00,0.000000000000000000e+00
1.642000000000000171e+01,0.000000000000000000e+00,0.000000000000000000e+00,0.000000000000000000e+00
1.644000000000000128e+01,0.000000000000000000e+00,0.000000000000000000e+00,0.000000000000000000e+00
1.646000000000000085e+01,0.000000000000000000e+00,0.000000000000000000e+00,0.000000000000000000e+00
1.648000000000000043e+01,0.000000000000000000e+00,0.000000000000000000e+00,0.000000000000000000e+00
1.650000000000000000e+01,0.000000000000000000e+00,0.000000000000000000e+00,0.000000000000000000e+00
1.651999999999999957e+01,0.000000000000000000e+00,0.000000000000000000e+00,0.000000000000000000e+00
1.653999999999999915e+01,0.000000000000000000e+00,0.000000000000000000e+00,0.000000000000000000e+00
1.655999999999999872e+01,0.000000000000000000e+00,0.000000000000000000e+00,0.000000000000000000e+00
1.657999999999999829e+01,0.000000000000000000e+00,0.000000000000000000e+00,0.000000000000000000e+00
1.660000000000000142e+01,0.000000000000000000e+00,0.000000000000000000e+00,0.000000000000000000e+00
1.662000000000000099e+01,0.000000000000000000e+00,0.000000000000000000e+00,0.000000000000000000e+00
1.664000000000000057e+01,0.000000000000000000e+00,0.000000000000000000e+00,0.000000000000000000e+00
1.666000000000000014e+01,0.000000000000000000e+00,0.000000000000000000e+00,0.000000000000000000e+00
1.667999999999999972e+01,0.000000000000000000e+00,0.000000000000000000e+00,0.000000000000000000e+00
1.669999999999999929e+01,0.000000000000000000e+00,0.000000000000000000e+00,0.000000000000000000e+00
1.671999999999999886e+01,0.000000000000000000e+00,0.000000000000000000e+00,0.000000000000000000e+00
1.673999999999999844e+01,0.000000000000000000e+00,0.000000000000000000e+00,0.000000000000000000e+00
1.676000000000000156e+01,0.000000000000000000e+00,0.000000000000000000e+00,0.000000000000000000e+00
1.678000000000000114e+01,0.000000000000000000e+00,0.000000000000000000e+00,0.000000000000000000e+00
1.680000000000000071e+01,0.000000000000000000e+00,0.000000000000000000e+00,0.000000000000000000e+00
1.682000000000000028e+01,0.000000000000000000e+00,0.000000000000000000e+00,0.000000000000000000e+00
1.683999999999999986e+01,0.000000000000000000e+00,0.000000000000000000e+00,0.000000000000000000e+00
1.685999999999999943e+01,0.000000000000000000e+00,0.000000000000000000e+00,0.000000000000000000e+00
1.687999999999999901e+01,0.000000000000000000e+00,0.000000000000000000e+00,0.000000000000000000e+00
1.689999999999999858e+01,0.000000000000000000e+00,0.000000000000000000e+00,0.000000000000000000e+00
1.692000000000000171e+01,0.000000000000000000e+00,0.000000000000000000e+00,0.000000000000000000e+00
1.694000000000000128e+01,0.000000000000000000e+00,0.000000000000000000e+00,0.000000000000000000e+00
1.696000000000000085e+01,0.000000000000000000e+00,0.000000000000000000e+00,0.000000000000000000e+00
1.698000000000000043e+01,0.000000000000000000e+00,0.000000000000000000e+00,0.000000000000000000e+00
1.700000000000000000e+01,0.000000000000000000e+00,0.000000000000000000e+00,0.000000000000000000e+00
1.701999999999999957e+01,0.000000000000000000e+00,0.000000000000000000e+00,0.000000000000000000e+00
1.703999999999999915e+01,0.000000000000000000e+00,0.000000000000000000e+00,0.000000000000000000e+00
1.705999999999999872e+01,0.000000000000000000e+00,0.000000000000000000e+00,0.000000000000000000e+00
1.707999999999999829e+01,0.000000000000000000e+00,0.000000000000000000e+00,0.000000000000000000e+00
1.710000000000000142e+01,0.000000000000000000e+00,0.000000000000000000e+00,0.000000000000000000e+00
1.712000000000000099e+01,0.000000000000000000e+00,0.000000000000000000e+00,0.000000000000000000e+00
1.714000000000000057e+01,0.000000000000000000e+00,0.000000000000000000e+00,0.000000000000000000e+00
1.716000000000000014e+01,0.000000000000000000e+00,0.000000000000000000e+00,0.000000000000000000e+00
1.717999999999999972e+01,0.000000000000000000e+00,0.000000000000000000e+00,0.000000000000000000e+00
1.719999999999999929e+01,0.000000000000000000e+00,0.000000000000000000e+00,0.000000000000000000e+00
1.721999999999999886e+01,0.000000000000000000e+00,0.000000000000000000e+00,0.000000000000000000e+00
1.723999999999999844e+01,0.000000000000000000e+00,0.000000000000000000e+00,0.000000000000000000e+00
1.726000000000000156e+01,0.000000000000000000e+00,0.000000000000000000e+00,0.000000000000000000e+00
1.728000000000000114e+01,0.000000000000000000e+00,0.000000000000000000e+00,0.000000000000000000e+00
1.730000000000000071e+01,0.000000000000000000e+00,0.000000000000000000e+00,0.000000000000000000e+00
1.732000000000000028e+01,0.000000000000000000e+00,0.000000000000000000e+00,0.000000000000000000e+00
1.733999999999999986e+01,0.000000000000000000e+00,0.000000000000000000e+00,0.000000000000000000e+00
1.735999999999999943e+01,0.000000000000000000e+00,0.000000000000000000e+00,0.000000000000000000e+00
1.737999999999999901e+01,0.000000000000000000e+00,0.000000000000000000e+00,0.000000000000000000e+00
1.739999999999999858e+01,0.000000000000000000e+00,0.000000000000000000e+00,0.000000000000000000e+00
1.742000000000000171e+01,0.000000000000000000e+00,0.000000000000000000e+00,0.000000000000000000e+00
1.744000000000000128e+01,0.000000000000000000e+00,0.000000000000000000e+00,0.000000000000000000e+00
1.746000000000000085e+01,0.000000000000000000e+00,0.000000000000000000e+00,0.000000000000000000e+00
1.748000000000000043e+01,0.000000000000000000e+00,0.000000000000000000e+00,0.000000000000000000e+00
1.750000000000000000e+01,0.000000000000000000e+00,0.000000000000000000e+00,0.000000000000000000e+00
1.751999999999999957e+01,0.000000000000000000e+00,0.000000000000000000e+00,0.000000000000000000e+00
1.753999999999999915e+01,0.000000000000000000e+00,0.000000000000000000e+00,0.000000000000000000e+00
1.755999999999999872e+01,0.000000000000000000e+00,0.000000000000000000e+00,0.000000000000000000e+00
1.757999999999999829e+01,0.000000000000000000e+00,0.000000000000000000e+00,0.000000000000000000e+00
1.760000000000000142e+01,0.000000000000000000e+00,0.000000000000000000e+00,0.000000000000000000e+00
1.762000000000000099e+01,0.000000000000000000e+00,0.000000000000000000e+00,0.000000000000000000e+00
1.764000000000000057e+01,0.000000000000000000e+00,0.000000000000000000e+00,0.000000000000000000e+00
1.766000000000000014e+01,0.000000000000000000e+00,0.000000000000000000e+00,0.000000000000000000e+00
1.767999999999999972e+01,0.000000000000000000e+00,0.000000000000000000e+00,0.000000000000000000e+00
1.769999999999999929e+01,0.000000000000000000e+00,0.000000000000000000e+00,0.000000000000000000e+00
1.771999999999999886e+01,0.000000000000000000e+00,0.000000000000000000e+00,0.000000000000000000e+00
1.773999999999999844e+01,0.000000000000000000e+00,0.000000000000000000e+00,0.000000000000000000e+00
1.776000000000000156e+01,0.000000000000000000e+00,0.000000000000000000e+00,0.000000000000000000e+00
1.778000000000000114e+01,0.000000000000000000e+00,0.000000000000000000e+00,0.000000000000000000e+00
1.780000000000000071e+01,0.000000000000000000e+00,0.000000000000000000e+00,0.000000000000000000e+00
1.782000000000000028e+01,0.000000000000000000e+00,0.000000000000000000e+00,0.000000000000000000e+00
1.783999999999999986e+01,0.000000000000000000e+00,0.000000000000000000e+00,0.000000000000000000e+00
1.785999999999999943e+01,0.000000000000000000e+00,0.000000000000000000e+00,0.000000000000000000e+00
1.787999999999999901e+01,0.000000000000000000e+00,0.000000000000000000e+00,0.000000000000000000e+00
1.789999999999999858e+01,0.000000000000000000e+00,0.000000000000000000e+00,0.000000000000000000e+00
1.792000000000000171e+01,0.000000000000000000e+00,0.000000000000000000e+00,0.000000000000000000e+00
1.794000000000000128e+01,0.000000000000000000e+00,0.000000000000000000e+00,0.000000000000000000e+00
1.796000000000000085e+01,0.000000000000000000e+00,0.000000000000000000e+00,0.000000000000000000e+00
1.798000000000000043e+01,0.000000000000000000e+00,0.000000000000000000e+00,0.000000000000000000e+00
1.800000000000000000e+01,0.000000000000000000e+00,0.000000000000000000e+00,0.000000000000000000e+00
1.801999999999999957e+01,0.000000000000000000e+00,0.000000000000000000e+00,0.000000000000000000e+00
1.803999999999999915e+01,0.000000000000000000e+00,0.000000000000000000e+00,0.000000000000000000e+00
1.805999999999999872e+01,0.000000000000000000e+00,0.000000000000000000e+00,0.000000000000000000e+00
1.807999999999999829e+01,0.000000000000000000e+00,0.000000000000000000e+00,0.000000000000000000e+00
1.810000000000000142e+01,0.000000000000000000e+00,0.000000000000000000e+00,0.000000000000000000e+00
1.812000000000000099e+01,0.000000000000000000e+00,0.000000000000000000e+00,0.000000000000000000e+00
1.814000000000000057e+01,0.000000000000000000e+00,0.000000000000000000e+00,0.000000000000000000e+00
1.816000000000000014e+01,0.000000000000000000e+00,0.000000000000000000e+00,0.000000000000000000e+00
1.817999999999999972e+01,0.000000000000000000e+00,0.000000000000000000e+00,0.000000000000000000e+00
1.819999999999999929e+01,0.000000000000000000e+00,0.000000000000000000e+00,0.000000000000000000e+00
1.821999999999999886e+01,0.000000000000000000e+00,0.000000000000000000e+00,0.000000000000000000e+00
1.823999999999999844e+01,0.000000000000000000e+00,0.000000000000000000e+00,0.000000000000000000e+00
1.826000000000000156e+01,0.000000000000000000e+00,0.000000000000000000e+00,0.000000000000000000e+00
1.828000000000000114e+01,0.000000000000000000e+00,0.000000000000000000e+00,0.000000000000000000e+00
1.830000000000000071e+01,0.000000000000000000e+00,0.000000000000000000e+00,0.000000000000000000e+00
1.832000000000000028e+01,0.000000000000000000e+00,0.000000000000000000e+00,0.000000000000000000e+00
1.833999999999999986e+01,0.000000000000000000e+00,0.000000000000000000e+00,0.000000000000000000e+00
1.835999999999999943e+01,0.000000000000000000e+00,0.000000000000000000e+00,0.000000000000000000e+00
1.837999999999999901e+01,0.000000000000000000e+00,0.000000000000000000e+00,0.000000000000000000e+00
1.839999999999999858e+01,0.000000000000000000e+00,0.000000000000000000e+00,0.000000000000000000e+00
1.842000000000000171e+01,0.000000000000000000e+00,0.000000000000000000e+00,0.000000000000000000e+00
1.844000000000000128e+01,0.000000000000000000e+00,0.000000000000000000e+00,0.000000000000000000e+00
1.846000000000000085e+01,0.000000000000000000e+00,0.000000000000000000e+00,0.000000000000000000e+00
1.848000000000000043e+01,0.000000000000000000e+00,0.000000000000000000e+00,0.000000000000000000e+00
1.850000000000000000e+01,0.000000000000000000e+00,0.000000000000000000e+00,0.000000000000000000e+00
1.851999999999999957e+01,0.000000000000000000e+00,0.000000000000000000e+00,0.000000000000000000e+00
1.853999999999999915e+01,0.000000000000000000e+00,0.000000000000000000e+00,0.000000000000000000e+00
1.855999999999999872e+01,0.000000000000000000e+00,0.000000000000000000e+00,0.000000000000000000e+00
1.857999999999999829e+01,0.000000000000000000e+00,0.000000000000000000e+00,0.000000000000000000e+00
1.860000000000000142e+01,0.000000000000000000e+00,0.000000000000000000e+00,0.000000000000000000e+00
1.862000000000000099e+01,0.000000000000000000e+00,0.000000000000000000e+00,0.000000000000000000e+00
1.864000000000000057e+01,0.000000000000000000e+00,0.000000000000000000e+00,3.999999999999999216e-03
1.866000000000000014e+01,0.000000000000000000e+00,0.000000000000000000e+00,8.000000000000000167e-03
1.867999999999999972e+01,0.000000000000000000e+00,0.000000000000000000e+00,1.200000000000000198e-02
1.869999999999999929e+01,0.000000000000000000e+00,0.000000000000000000e+00,1.600000000000000033e-02
1.871999999999999886e+01,0.000000000000000000e+00,0.000000000000000000e+00,2.000000000000000042e-02
1.873999999999999844e+01,0.000000000000000000e+00,0.000000000000000000e+00,2.400000000000000397e-02
1.876000000000000156e+01,0.000000000000000000e+00,0.000000000000000000e+00,2.800000000000000058e-02
1.878000000000000114e+01,0.000000000000000000e+00,0.000000000000000000e+00,3.200000000000000067e-02
1.880000000000000071e+01,0.000000000000000000e+00,0.000000000000000000e+00,3.600000000000000422e-02
1.882000000000000028e+01,0.000000000000000000e+00,0.000000000000000000e+00,4.000000000000000777e-02
1.883999999999999986e+01,0.000000000000000000e+00,0.000000000000000000e+00,4.400000000000001132e-02
1.885999999999999943e+01,0.000000000000000000e+00,0.000000000000000000e+00,4.800000000000000794e-02
1.887999999999999901e+01,0.000000000000000000e+00,0.000000000000000000e+00,5.200000000000002537e-02
1.889999999999999858e+01,0.000000000000000000e+00,0.000000000000000000e+00,5.600000000000002198e-02
1.892000000000000171e+01,0.000000000000000000e+00,0.000000000000000000e+00,6.000000000000003247e-02
1.894000000000000128e+01,0.000000000000000000e+00,0.000000000000000000e+00,6.400000000000004297e-02
1.896000000000000085e+01,0.000000000000000000e+00,0.000000000000000000e+00,6.800000000000003264e-02
1.898000000000000043e+01,0.000000000000000000e+00,0.000000000000000000e+00,7.200000000000003619e-02
1.900000000000000000e+01,0.000000000000000000e+00,0.000000000000000000e+00,7.600000000000001199e-02
1.901999999999999957e+01,0.000000000000000000e+00,0.000000000000000000e+00,8.000000000000004330e-02
1.903999999999999915e+01,0.000000000000000000e+00,0.000000000000000000e+00,8.400000000000003297e-02
1.905999999999999872e+01,0.000000000000000000e+00,0.000000000000000000e+00,8.800000000000007816e-02
1.907999999999999829e+01,0.000000000000000000e+00,0.000000000000000000e+00,9.200000000000006783e-02
1.910000000000000142e+01,0.000000000000000000e+00,0.000000000000000000e+00,9.600000000000008527e-02
1.912000000000000099e+01,0.000000000000000000e+00,0.000000000000000000e+00,1.000000000000000749e-01
1.914000000000000057e+01,0.000000000000000000e+00,0.000000000000000000e+00,1.040000000000000924e-01
1.916000000000000014e+01,0.000000000000000000e+00,0.000000000000000000e+00,1.080000000000000820e-01
1.917999999999999972e+01,0.000000000000000000e+00,0.000000000000000000e+00,1.120000000000000856e-01
1.919999999999999929e+01,0.000000000000000000e+00,0.000000000000000000e+00,1.160000000000000753e-01
1.921999999999999886e+01,0.000000000000000000e+00,0.000000000000000000e+00,1.200000000000000927e-01
1.923999999999999844e+01,0.000000000000000000e+00,0.000000000000000000e+00,1.240000000000000963e-01
1.926000000000000156e+01,0.000000000000000000e+00,0.000000000000000000e+00,1.280000000000000859e-01
1.928000000000000114e+01,0.000000000000000000e+00,0.000000000000000000e+00,1.320000000000000895e-01
1.930000000000000071e+01,0.000000000000000000e+00,0.000000000000000000e+00,1.360000000000000930e-01
1.932000000000000028e+01,0.000000000000000000e+00,0.000000000000000000e+00,1.400000000000000966e-01
1.933999999999999986e+01,0.000000000000000000e+00,0.000000000000000000e+00,1.440000000000001001e-01
1.935999999999999943e+01,0.000000000000000000e+00,0.000000000000000000e+00,1.480000000000001037e-01
1.937999999999999901e+01,0.000000000000000000e+00,0.000000000000000000e+00,1.520000000000000517e-01
1.939999999999999858e+01,0.000000000000000000e+00,0.000000000000000000e+00,1.560000000000000830e-01
1.942000000000000171e+01,0.000000000000000000e+00,0.000000000000000000e+00,1.600000000000000866e-01
1.944000000000000128e+01,0.000000000000000000e+00,0.000000000000000000e+00,1.640000000000000902e-01
1.946000000000000085e+01,0.000000000000000000e+00,0.000000000000000000e+00,1.680000000000000937e-01
1.948000000000000043e+01,0.000000000000000000e+00,0.000000000000000000e+00,1.720000000000001250e-01
1.950000000000000000e+01,0.000000000000000000e+00,0.000000000000000000e+00,1.760000000000000731e-01
1.951999999999999957e+01,0.000000000000000000e+00,0.000000000000000000e+00,1.800000000000000488e-01
1.953999999999999915e+01,0.000000000000000000e+00,0.000000000000000000e+00,1.840000000000000802e-01
1.955999999999999872e+01,0.000000000000000000e+00,0.000000000000000000e+00,1.880000000000001115e-01
1.957999999999999829e+01,0.000000000000000000e+00,0.000000000000000000e+00,1.920000000000000873e-01
1.960000000000000142e+01,0.000000000000000000e+00,0.000000000000000000e+00,1.960000000000000908e-01
1.962000000000000099e+01,0.000000000000000000e+00,0.000000000000000000e+00,2.000000000000000944e-01
1.964000000000000057e+01,0.000000000000000000e+00,0.000000000000000000e+00,2.040000000000001257e-01
1.966000000000000014e+01,0.000000000000000000e+00,0.000000000000000000e+00,2.080000000000001015e-01
1.967999999999999972e+01,0.000000000000000000e+00,0.000000000000000000e+00,2.120000000000001328e-01
1.969999999999999929e+01,0.000000000000000000e+00,0.000000000000000000e+00,2.160000000000001918e-01
1.971999999999999886e+01,0.000000000000000000e+00,0.000000000000000000e+00,2.200000000000002232e-01
1.973999999999999844e+01,0.000000000000000000e+00,0.000000000000000000e+00,2.240000000000002267e-01
1.976000000000000156e+01,0.000000000000000000e+00,0.000000000000000000e+00,2.280000000000001470e-01
1.978000000000000114e+01,0.000000000000000000e+00,0.000000000000000000e+00,2.320000000000002061e-01
1.980000000000000071e+01,0.000000000000000000e+00,0.000000000000000000e+00,2.360000000000002096e-01
1.982000000000000028e+01,0.000000000000000000e+00,0.000000000000000000e+00,2.400000000000001854e-01
1.983999999999999986e+01,0.000000000000000000e+00,0.000000000000000000e+00,2.440000000000001890e-01
1.985999999999999943e+01,0.000000000000000000e+00,0.000000000000000000e+00,2.480000000000001925e-01
1.987999999999999901e+01,0.000000000000000000e+00,0.000000000000000000e+00,2.520000000000001683e-01
1.989999999999999858e+01,0.000000000000000000e+00,0.000000000000000000e+00,2.560000000000002829e-01
1.992000000000000171e+01,0.000000000000000000e+00,0.000000000000000000e+00,2.600000000000001754e-01
1.994000000000000128e+01,0.000000000000000000e+00,0.000000000000000000e+00,2.640000000000001235e-01
1.996000000000000085e+01,0.000000000000000000e+00,0.000000000000000000e+00,2.680000000000001825e-01
1.998000000000000043e+01,0.000000000000000000e+00,0.000000000000000000e+00,2.720000000000002416e-01
2.000000000000000000e+01,0.000000000000000000e+00,0.000000000000000000e+00,2.760000000000001896e-01
2.001999999999999957e+01,0.000000000000000000e+00,0.000000000000000000e+00,2.800000000000001932e-01
2.003999999999999915e+01,0.000000000000000000e+00,0.000000000000000000e+00,2.840000000000001967e-01
2.005999999999999872e+01,0.000000000000000000e+00,0.000000000000000000e+00,2.880000000000002558e-01
2.007999999999999829e+01,0.000000000000000000e+00,0.000000000000000000e+00,2.920000000000002593e-01
2.010000000000000142e+01,0.000000000000000000e+00,0.000000000000000000e+00,2.960000000000002629e-01
2.012000000000000099e+01,0.000000000000000000e+00,0.000000000000000000e+00,3.000000000000002665e-01
2.014000000000000057e+01,0.000000000000000000e+00,0.000000000000000000e+00,3.040000000000002700e-01
2.016000000000000014e+01,0.000000000000000000e+00,0.000000000000000000e+00,3.080000000000002736e-01
2.017999999999999972e+01,0.000000000000000000e+00,0.000000000000000000e+00,3.120000000000002771e-01
2.019999999999999929e+01,0.000000000000000000e+00,0.000000000000000000e+00,3.160000000000002807e-01
2.021999999999999886e+01,0.000000000000000000e+00,0.000000000000000000e+00,3.200000000000002842e-01
2.023999999999999844e+01,0.000000000000000000e+00,0.000000000000000000e+00,3.240000000000002878e-01
2.026000000000000156e+01,0.000000000000000000e+00,0.000000000000000000e+00,3.280000000000002913e-01
2.028000000000000114e+01,0.000000000000000000e+00,0.000000000000000000e+00,3.320000000000003504e-01
2.030000000000000071e+01,0.000000000000000000e+00,0.000000000000000000e+00,3.360000000000002984e-01
2.032000000000000028e+01,0.000000000000000000e+00,0.000000000000000000e+00,3.400000000000003020e-01
2.033999999999999986e+01,0.000000000000000000e+00,0.000000000000000000e+00,3.440000000000003055e-01
2.035999999999999943e+01,0.000000000000000000e+00,0.000000000000000000e+00,3.480000000000003091e-01
2.037999999999999901e+01,0.000000000000000000e+00,0.000000000000000000e+00,3.520000000000003126e-01
2.039999999999999858e+01,0.000000000000000000e+00,0.000000000000000000e+00,3.560000000000002607e-01
2.042000000000000171e+01,0.000000000000000000e+00,0.000000000000000000e+00,3.600000000000002642e-01
2.044000000000000128e+01,0.000000000000000000e+00,0.000000000000000000e+00,3.640000000000002678e-01
2.046000000000000085e+01,0.000000000000000000e+00,0.000000000000000000e+00,3.680000000000002713e-01
2.048000000000000043e+01,0.000000000000000000e+00,0.000000000000000000e+00,3.720000000000002749e-01
2.050000000000000000e+01,0.000000000000000000e+00,0.000000000000000000e+00,3.760000000000003340e-01
2.051999999999999957e+01,0.000000000000000000e+00,0.000000000000000000e+00,3.800000000000003375e-01
2.053999999999999915e+01,0.000000000000000000e+00,0.000000000000000000e+00,3.840000000000003966e-01
2.055999999999999872e+01,0.000000000000000000e+00,0.000000000000000000e+00,3.880000000000004556e-01
2.057999999999999829e+01,0.000000000000000000e+00,0.000000000000000000e+00,3.920000000000004592e-01
2.060000000000000142e+01,0.000000000000000000e+00,0.000000000000000000e+00,3.960000000000005183e-01
2.062000000000000099e+01,0.000000000000000000e+00,0.000000000000000000e+00,4.000000000000005218e-01
2.064000000000000057e+01,0.000000000000000000e+00,0.000000000000000000e+00,4.040000000000005254e-01
2.066000000000000014e+01,0.000000000000000000e+00,0.000000000000000000e+00,4.080000000000005844e-01
2.067999999999999972e+01,0.000000000000000000e+00,0.000000000000000000e+00,4.120000000000005325e-01
2.069999999999999929e+01,0.000000000000000000e+00,0.000000000000000000e+00,4.160000000000006470e-01
2.071999999999999886e+01,0.000000000000000000e+00,0.000000000000000000e+00,4.200000000000005951e-01
2.073999999999999844e+01,0.000000000000000000e+00,0.000000000000000000e+00,4.240000000000005986e-01
2.076000000000000156e+01,0.000000000000000000e+00,0.000000000000000000e+00,4.280000000000006577e-01
2.078000000000000114e+01,0.000000000000000000e+00,0.000000000000000000e+00,4.320000000000006057e-01
2.080000000000000071e+01,0.000000000000000000e+00,0.000000000000000000e+00,4.360000000000006093e-01
2.082000000000000028e+01,0.000000000000000000e+00,0.000000000000000000e+00,4.400000000000006128e-01
2.083999999999999986e+01,0.000000000000000000e+00,0.000000000000000000e+00,4.440000000000006719e-01
2.085999999999999943e+01,0.000000000000000000e+00,0.000000000000000000e+00,4.480000000000006199e-01
2.087999999999999901e+01,0.000000000000000000e+00,0.000000000000000000e+00,4.520000000000006790e-01
2.089999999999999858e+01,0.000000000000000000e+00,0.000000000000000000e+00,4.560000000000006271e-01
2.092000000000000171e+01,0.000000000000000000e+00,0.000000000000000000e+00,4.600000000000006306e-01
2.094000000000000128e+01,0.000000000000000000e+00,0.000000000000000000e+00,4.640000000000006342e-01
2.096000000000000085e+01,0.000000000000000000e+00,0.000000000000000000e+00,4.680000000000006377e-01
2.098000000000000043e+01,0.000000000000000000e+00,0.000000000000000000e+00,4.720000000000006413e-01
2.100000000000000000e+01,0.000000000000000000e+00,0.000000000000000000e+00,4.760000000000006448e-01
2.101999999999999957e+01,0.000000000000000000e+00,0.000000000000000000e+00,4.800000000000006484e-01
2.103999999999999915e+01,0.000000000000000000e+00,0.000000000000000000e+00,4.840000000000006519e-01
2.105999999999999872e+01,0.000000000000000000e+00,0.000000000000000000e+00,4.880000000000006555e-01
2.107999999999999829e+01,0.000000000000000000e+00,0.000000000000000000e+00,4.920000000000006590e-01
2.110000000000000142e+01,0.000000000000000000e+00,0.000000000000000000e+00,4.920000000000006590e-01
2.112000000000000099e+01,0.000000000000000000e+00,0.000000000000000000e+00,4.920000000000006590e-01
2.114000000000000057e+01,0.000000000000000000e+00,0.000000000000000000e+00,4.920000000000006590e-01
2.116000000000000014e+01,0.000000000000000000e+00,0.000000000000000000e+00,4.920000000000006590e-01
2.117999999999999972e+01,0.000000000000000000e+00,0.000000000000000000e+00,4.920000000000006590e-01
2.119999999999999929e+01,0.000000000000000000e+00,0.000000000000000000e+00,4.920000000000006590e-01
2.121999999999999886e+01,0.000000000000000000e+00,0.000000000000000000e+00,4.920000000000006590e-01
2.123999999999999844e+01,0.000000000000000000e+00,0.000000000000000000e+00,4.920000000000006590e-01
2.126000000000000156e+01,0.000000000000000000e+00,0.000000000000000000e+00,4.920000000000006590e-01
2.128000000000000114e+01,0.000000000000000000e+00,0.000000000000000000e+00,4.920000000000006590e-01
2.130000000000000071e+01,0.000000000000000000e+00,0.000000000000000000e+00,4.920000000000006590e-01
2.132000000000000028e+01,0.000000000000000000e+00,0.000000000000000000e+00,4.920000000000006590e-01
2.133999999999999986e+01,0.000000000000000000e+00,0.000000000000000000e+00,4.920000000000006590e-01
2.135999999999999943e+01,0.000000000000000000e+00,0.000000000000000000e+00,4.920000000000006590e-01
2.137999999999999901e+01,0.000000000000000000e+00,0.000000000000000000e+00,4.920000000000006590e-01
2.139999999999999858e+01,0.000000000000000000e+00,0.000000000000000000e+00,4.920000000000006590e-01
2.142000000000000171e+01,0.000000000000000000e+00,0.000000000000000000e+00,4.920000000000006590e-01
2.144000000000000128e+01,0.000000000000000000e+00,0.000000000000000000e+00,4.920000000000006590e-01
2.146000000000000085e+01,0.000000000000000000e+00,0.000000000000000000e+00,4.920000000000006590e-01
2.148000000000000043e+01,0.000000000000000000e+00,0.000000000000000000e+00,4.920000000000006590e-01
2.150000000000000000e+01,0.000000000000000000e+00,0.000000000000000000e+00,4.920000000000006590e-01
2.151999999999999957e+01,0.000000000000000000e+00,0.000000000000000000e+00,4.920000000000006590e-01
2.153999999999999915e+01,0.000000000000000000e+00,0.000000000000000000e+00,4.920000000000006590e-01
2.155999999999999872e+01,0.000000000000000000e+00,0.000000000000000000e+00,4.920000000000006590e-01
2.157999999999999829e+01,0.000000000000000000e+00,0.000000000000000000e+00,4.920000000000006590e-01
2.160000000000000142e+01,0.000000000000000000e+00,0.000000000000000000e+00,4.920000000000006590e-01
2.162000000000000099e+01,0.000000000000000000e+00,0.000000000000000000e+00,4.920000000000006590e-01
2.164000000000000057e+01,0.000000000000000000e+00,0.000000000000000000e+00,4.920000000000006590e-01
2.166000000000000014e+01,0.000000000000000000e+00,0.000000000000000000e+00,4.920000000000006590e-01
2.167999999999999972e+01,0.000000000000000000e+00,0.000000000000000000e+00,4.920000000000006590e-01
2.169999999999999929e+01,0.000000000000000000e+00,0.000000000000000000e+00,4.920000000000006590e-01
2.171999999999999886e+01,0.000000000000000000e+00,0.000000000000000000e+00,4.920000000000006590e-01
2.173999999999999844e+01,0.000000000000000000e+00,0.000000000000000000e+00,4.920000000000006590e-01
2.176000000000000156e+01,0.000000000000000000e+00,0.000000000000000000e+00,4.920000000000006590e-01
2.178000000000000114e+01,0.000000000000000000e+00,0.000000000000000000e+00,4.920000000000006590e-01
2.180000000000000071e+01,0.000000000000000000e+00,0.000000000000000000e+00,4.920000000000006590e-01
2.182000000000000028e+01,0.000000000000000000e+00,0.000000000000000000e+00,4.920000000000006590e-01
2.183999999999999986e+01,0.000000000000000000e+00,0.000000000000000000e+00,4.920000000000006590e-01
2.185999999999999943e+01,0.000000000000000000e+00,0.000000000000000000e+00,4.920000000000006590e-01
2.187999999999999901e+01,0.000000000000000000e+00,0.000000000000000000e+00,4.920000000000006590e-01
2.189999999999999858e+01,0.000000000000000000e+00,0.000000000000000000e+00,4.920000000000006590e-01
2.192000000000000171e+01,0.000000000000000000e+00,0.000000000000000000e+00,4.920000000000006590e-01
2.194000000000000128e+01,0.000000000000000000e+00,0.000000000000000000e+00,4.920000000000006590e-01
2.196000000000000085e+01,0.000000000000000000e+00,0.000000000000000000e+00,4.920000000000006590e-01
2.198000000000000043e+01,0.000000000000000000e+00,0.000000000000000000e+00,4.920000000000006590e-01
2.200000000000000000e+01,0.000000000000000000e+00,0.000000000000000000e+00,4.920000000000006590e-01
2.201999999999999957e+01,0.000000000000000000e+00,0.000000000000000000e+00,4.920000000000006590e-01
2.203999999999999915e+01,0.000000000000000000e+00,0.000000000000000000e+00,4.920000000000006590e-01
2.205999999999999872e+01,0.000000000000000000e+00,0.000000000000000000e+00,4.920000000000006590e-01
2.207999999999999829e+01,0.000000000000000000e+00,0.000000000000000000e+00,4.920000000000006590e-01
2.210000000000000142e+01,0.000000000000000000e+00,0.000000000000000000e+00,4.920000000000006590e-01
2.212000000000000099e+01,0.000000000000000000e+00,0.000000000000000000e+00,4.920000000000006590e-01
2.214000000000000057e+01,0.000000000000000000e+00,0.000000000000000000e+00,4.920000000000006590e-01
2.216000000000000014e+01,0.000000000000000000e+00,0.000000000000000000e+00,4.920000000000006590e-01
2.217999999999999972e+01,0.000000000000000000e+00,0.000000000000000000e+00,4.920000000000006590e-01
2.219999999999999929e+01,0.000000000000000000e+00,0.000000000000000000e+00,4.920000000000006590e-01
2.221999999999999886e+01,0.000000000000000000e+00,0.000000000000000000e+00,4.920000000000006590e-01
2.223999999999999844e+01,0.000000000000000000e+00,0.000000000000000000e+00,4.920000000000006590e-01
2.226000000000000156e+01,0.000000000000000000e+00,0.000000000000000000e+00,4.920000000000006590e-01
2.228000000000000114e+01,0.000000000000000000e+00,0.000000000000000000e+00,4.920000000000006590e-01
2.230000000000000071e+01,0.000000000000000000e+00,0.000000000000000000e+00,4.920000000000006590e-01
2.232000000000000028e+01,0.000000000000000000e+00,0.000000000000000000e+00,4.920000000000006590e-01
2.233999999999999986e+01,0.000000000000000000e+00,0.000000000000000000e+00,4.920000000000006590e-01
2.235999999999999943e+01,0.000000000000000000e+00,0.000000000000000000e+00,4.920000000000006590e-01
2.237999999999999901e+01,0.000000000000000000e+00,0.000000000000000000e+00,4.920000000000006590e-01
2.239999999999999858e+01,0.000000000000000000e+00,0.000000000000000000e+00,4.920000000000006590e-01
2.242000000000000171e+01,0.000000000000000000e+00,0.000000000000000000e+00,4.920000000000006590e-01
2.244000000000000128e+01,0.000000000000000000e+00,0.000000000000000000e+00,4.920000000000006590e-01
2.246000000000000085e+01,0.000000000000000000e+00,0.000000000000000000e+00,4.920000000000006590e-01
2.248000000000000043e+01,0.000000000000000000e+00,0.000000000000000000e+00,4.920000000000006590e-01
2.250000000000000000e+01,0.000000000000000000e+00,0.000000000000000000e+00,4.920000000000006590e-01
2.251999999999999957e+01,0.000000000000000000e+00,0.000000000000000000e+00,4.920000000000006590e-01
2.253999999999999915e+01,0.000000000000000000e+00,0.000000000000000000e+00,4.920000000000006590e-01
2.255999999999999872e+01,0.000000000000000000e+00,0.000000000000000000e+00,4.920000000000006590e-01
2.257999999999999829e+01,0.000000000000000000e+00,0.000000000000000000e+00,4.920000000000006590e-01
2.260000000000000142e+01,0.000000000000000000e+00,0.000000000000000000e+00,4.920000000000006590e-01
2.262000000000000099e+01,0.000000000000000000e+00,0.000000000000000000e+00,4.920000000000006590e-01
2.264000000000000057e+01,0.000000000000000000e+00,0.000000000000000000e+00,4.920000000000006590e-01
2.266000000000000014e+01,0.000000000000000000e+00,0.000000000000000000e+00,4.920000000000006590e-01
2.267999999999999972e+01,0.000000000000000000e+00,0.000000000000000000e+00,4.920000000000006590e-01
2.269999999999999929e+01,0.000000000000000000e+00,0.000000000000000000e+00,4.920000000000006590e-01
2.271999999999999886e+01,0.000000000000000000e+00,0.000000000000000000e+00,4.920000000000006590e-01
2.273999999999999844e+01,0.000000000000000000e+00,0.000000000000000000e+00,4.920000000000006590e-01
2.276000000000000156e+01,0.000000000000000000e+00,0.000000000000000000e+00,4.920000000000006590e-01
2.278000000000000114e+01,0.000000000000000000e+00,0.000000000000000000e+00,4.920000000000006590e-01
2.280000000000000071e+01,0.000000000000000000e+00,0.000000000000000000e+00,4.920000000000006590e-01
2.282000000000000028e+01,0.000000000000000000e+00,0.000000000000000000e+00,4.920000000000006590e-01
2.283999999999999986e+01,0.000000000000000000e+00,0.000000000000000000e+00,4.920000000000006590e-01
2.285999999999999943e+01,0.000000000000000000e+00,0.000000000000000000e+00,4.920000000000006590e-01
2.287999999999999901e+01,0.000000000000000000e+00,0.000000000000000000e+00,4.920000000000006590e-01
2.289999999999999858e+01,0.000000000000000000e+00,0.000000000000000000e+00,4.920000000000006590e-01
2.292000000000000171e+01,0.000000000000000000e+00,0.000000000000000000e+00,4.920000000000006590e-01
2.294000000000000128e+01,0.000000000000000000e+00,0.000000000000000000e+00,4.920000000000006590e-01
2.296000000000000085e+01,0.000000000000000000e+00,0.000000000000000000e+00,4.920000000000006590e-01
2.298000000000000043e+01,0.000000000000000000e+00,0.000000000000000000e+00,4.920000000000006590e-01
2.300000000000000000e+01,0.000000000000000000e+00,0.000000000000000000e+00,4.920000000000006590e-01
2.301999999999999957e+01,0.000000000000000000e+00,0.000000000000000000e+00,4.920000000000006590e-01
2.303999999999999915e+01,0.000000000000000000e+00,0.000000000000000000e+00,4.920000000000006590e-01
2.305999999999999872e+01,0.000000000000000000e+00,0.000000000000000000e+00,4.920000000000006590e-01
2.307999999999999829e+01,0.000000000000000000e+00,0.000000000000000000e+00,4.920000000000006590e-01
2.310000000000000142e+01,0.000000000000000000e+00,0.000000000000000000e+00,4.920000000000006590e-01
2.312000000000000099e+01,0.000000000000000000e+00,0.000000000000000000e+00,4.920000000000006590e-01
2.314000000000000057e+01,0.000000000000000000e+00,0.000000000000000000e+00,4.920000000000006590e-01
2.316000000000000014e+01,0.000000000000000000e+00,0.000000000000000000e+00,4.920000000000006590e-01
2.317999999999999972e+01,0.000000000000000000e+00,0.000000000000000000e+00,4.920000000000006590e-01
2.319999999999999929e+01,0.000000000000000000e+00,0.000000000000000000e+00,4.920000000000006590e-01
2.321999999999999886e+01,0.000000000000000000e+00,0.000000000000000000e+00,4.920000000000006590e-01
2.323999999999999844e+01,0.000000000000000000e+00,0.000000000000000000e+00,4.920000000000006590e-01
2.326000000000000156e+01,0.000000000000000000e+00,0.000000000000000000e+00,4.920000000000006590e-01
2.328000000000000114e+01,0.000000000000000000e+00,0.000000000000000000e+00,4.920000000000006590e-01
2.330000000000000071e+01,0.000000000000000000e+00,0.000000000000000000e+00,4.920000000000006590e-01
2.332000000000000028e+01,0.000000000000000000e+00,0.000000000000000000e+00,4.920000000000006590e-01
2.333999999999999986e+01,0.000000000000000000e+00,0.000000000000000000e+00,4.920000000000006590e-01
2.335999999999999943e+01,0.000000000000000000e+00,0.000000000000000000e+00,4.920000000000006590e-01
2.337999999999999901e+01,0.000000000000000000e+00,0.000000000000000000e+00,4.920000000000006590e-01
2.339999999999999858e+01,0.000000000000000000e+00,0.000000000000000000e+00,4.920000000000006590e-01
2.342000000000000171e+01,0.000000000000000000e+00,0.000000000000000000e+00,4.920000000000006590e-01
2.344000000000000128e+01,0.000000000000000000e+00,0.000000000000000000e+00,4.920000000000006590e-01
2.346000000000000085e+01,0.000000000000000000e+00,0.000000000000000000e+00,4.920000000000006590e-01
2.348000000000000043e+01,0.000000000000000000e+00,0.000000000000000000e+00,4.920000000000006590e-01
2.350000000000000000e+01,0.000000000000000000e+00,0.000000000000000000e+00,4.910000000000006581e-01
2.351999999999999957e+01,0.000000000000000000e+00,0.000000000000000000e+00,4.900000000000006017e-01
2.353999999999999915e+01,0.000000000000000000e+00,0.000000000000000000e+00,4.890000000000007119e-01
2.355999999999999872e+01,0.000000000000000000e+00,0.000000000000000000e+00,4.880000000000006555e-01
2.357999999999999829e+01,0.000000000000000000e+00,0.000000000000000000e+00,4.870000000000007101e-01
2.360000000000000142e+01,0.000000000000000000e+00,0.000000000000000000e+00,4.860000000000006537e-01
2.362000000000000099e+01,0.000000000000000000e+00,0.000000000000000000e+00,4.850000000000007638e-01
2.364000000000000057e+01,0.000000000000000000e+00,0.000000000000000000e+00,4.840000000000008185e-01
2.366000000000000014e+01,0.000000000000000000e+00,0.000000000000000000e+00,4.830000000000006510e-01
2.367999999999999972e+01,0.000000000000000000e+00,0.000000000000000000e+00,4.809950000000007830e-01
2.369999999999999929e+01,0.000000000000000000e+00,0.000000000000000000e+00,4.789900000000008595e-01
2.371999999999999886e+01,0.000000000000000000e+00,0.000000000000000000e+00,4.769850000000008250e-01
2.373999999999999844e+01,0.000000000000000000e+00,0.000000000000000000e+00,4.749800000000008460e-01
2.376000000000000156e+01,0.000000000000000000e+00,0.000000000000000000e+00,4.729750000000009225e-01
2.378000000000000114e+01,0.000000000000000000e+00,0.000000000000000000e+00,4.709700000000008879e-01
2.380000000000000071e+01,0.000000000000000000e+00,0.000000000000000000e+00,4.689650000000009089e-01
2.382000000000000028e+01,0.000000000000000000e+00,0.000000000000000000e+00,4.669600000000009299e-01
2.383999999999999986e+01,0.000000000000000000e+00,0.000000000000000000e+00,4.649550000000008398e-01
2.385999999999999943e+01,0.000000000000000000e+00,0.000000000000000000e+00,4.629500000000009718e-01
2.387999999999999901e+01,0.000000000000000000e+00,0.000000000000000000e+00,4.609450000000010483e-01
2.389999999999999858e+01,0.000000000000000000e+00,0.000000000000000000e+00,4.579299750000011549e-01
2.392000000000000171e+01,0.000000000000000000e+00,0.000000000000000000e+00,4.549149500000010948e-01
2.394000000000000128e+01,0.000000000000000000e+00,0.000000000000000000e+00,4.518999250000010348e-01
2.396000000000000085e+01,0.000000000000000000e+00,0.000000000000000000e+00,4.488849000000010303e-01
2.398000000000000043e+01,0.000000000000000000e+00,0.000000000000000000e+00,4.458698750000009148e-01
2.400000000000000000e+01,0.000000000000000000e+00,0.000000000000000000e+00,4.428548500000009103e-01
2.401999999999999957e+01,0.000000000000000000e+00,0.000000000000000000e+00,4.398398250000010168e-01
2.403999999999999915e+01,0.000000000000000000e+00,0.000000000000000000e+00,4.358097248750009145e-01
2.405999999999999872e+01,0.000000000000000000e+00,0.000000000000000000e+00,4.317796247500009788e-01
2.407999999999999829e+01,0.000000000000000000e+00,0.000000000000000000e+00,4.277495246250009320e-01
2.410000000000000142e+01,0.000000000000000000e+00,0.000000000000000000e+00,4.237194245000009962e-01
2.412000000000000099e+01,0.000000000000000000e+00,0.000000000000000000e+00,4.196893243750010605e-01
2.414000000000000057e+01,0.000000000000000000e+00,0.000000000000000000e+00,4.156592242500011247e-01
2.416000000000000014e+01,0.000000000000000000e+00,0.000000000000000000e+00,4.116291241250011335e-01
2.417999999999999972e+01,0.000000000000000000e+00,0.000000000000000000e+00,4.075990240000010867e-01
2.419999999999999929e+01,0.000000000000000000e+00,0.000000000000000000e+00,4.035689238750010954e-01
2.421999999999999886e+01,0.000000000000000000e+00,0.000000000000000000e+00,3.995388237500011597e-01
2.423999999999999844e+01,0.000000000000000000e+00,0.000000000000000000e+00,3.944885731243762406e-01
2.426000000000000156e+01,0.000000000000000000e+00,0.000000000000000000e+00,3.894383224987512659e-01
2.428000000000000114e+01,0.000000000000000000e+00,0.000000000000000000e+00,3.843880718731261803e-01
2.430000000000000071e+01,0.000000000000000000e+00,0.000000000000000000e+00,3.793378212475013167e-01
2.432000000000000028e+01,0.000000000000000000e+00,0.000000000000000000e+00,3.742875706218763421e-01
2.433999999999999986e+01,0.000000000000000000e+00,0.000000000000000000e+00,3.692373199962513675e-01
2.435999999999999943e+01,0.000000000000000000e+00,0.000000000000000000e+00,3.641870693706263928e-01
2.437999999999999901e+01,0.000000000000000000e+00,0.000000000000000000e+00,3.591368187450014182e-01
2.439999999999999858e+01,0.000000000000000000e+00,0.000000000000000000e+00,3.540865681193764436e-01
2.442000000000000171e+01,0.000000000000000000e+00,0.000000000000000000e+00,3.490363174937514135e-01
2.444000000000000128e+01,0.000000000000000000e+00,0.000000000000000000e+00,3.439860668681263833e-01
2.446000000000000085e+01,0.000000000000000000e+00,0.000000000000000000e+00,3.389358162425014642e-01
2.448000000000000043e+01,0.000000000000000000e+00,0.000000000000000000e+00,3.329358162425014034e-01
2.450000000000000000e+01,0.000000000000000000e+00,0.000000000000000000e+00,3.269358162425015646e-01
2.451999999999999957e+01,0.000000000000000000e+00,0.000000000000000000e+00,3.209358162425015037e-01
2.453999999999999915e+01,0.000000000000000000e+00,0.000000000000000000e+00,3.149358162425014984e-01
2.455999999999999872e+01,0.000000000000000000e+00,0.000000000000000000e+00,3.089358162425014376e-01
2.457999999999999829e+01,0.000000000000000000e+00,0.000000000000000000e+00,3.029358162425014322e-01
2.460000000000000142e+01,0.000000000000000000e+00,0.000000000000000000e+00,2.969358162425014269e-01
2.462000000000000099e+01,0.000000000000000000e+00,0.000000000000000000e+00,2.909358162425014771e-01
2.464000000000000057e+01,0.000000000000000000e+00,0.000000000000000000e+00,2.849358162425014718e-01
2.466000000000000014e+01,0.000000000000000000e+00,0.000000000000000000e+00,2.789358162425013554e-01
2.467999999999999972e+01,0.000000000000000000e+00,0.000000000000000000e+00,2.729358162425012946e-01
2.469999999999999929e+01,0.000000000000000000e+00,0.000000000000000000e+00,2.669358162425013448e-01
2.471999999999999886e+01,0.000000000000000000e+00,0.000000000000000000e+00,2.609358162425013394e-01
2.473999999999999844e+01,0.000000000000000000e+00,0.000000000000000000e+00,2.549358162425013341e-01
2.476000000000000156e+01,0.000000000000000000e+00,0.000000000000000000e+00,2.489358162425013288e-01
2.478000000000000114e+01,0.000000000000000000e+00,0.000000000000000000e+00,2.429358162425013234e-01
2.480000000000000071e+01,0.000000000000000000e+00,0.000000000000000000e+00,2.369358162425012626e-01
2.482000000000000028e+01,0.000000000000000000e+00,0.000000000000000000e+00,2.309358162425012850e-01
2.483999999999999986e+01,0.000000000000000000e+00,0.000000000000000000e+00,2.249358162425012797e-01
2.485999999999999943e+01,0.000000000000000000e+00,0.000000000000000000e+00,2.189358162425012744e-01
2.487999999999999901e+01,0.000000000000000000e+00,0.000000000000000000e+00,2.129358162425012413e-01
2.489999999999999858e+01,0.000000000000000000e+00,0.000000000000000000e+00,2.069358162425012360e-01
2.492000000000000171e+01,0.000000000000000000e+00,0.000000000000000000e+00,2.009358162425012306e-01
2.494000000000000128e+01,0.000000000000000000e+00,0.000000000000000000e+00,1.949358162425012253e-01
2.496000000000000085e+01,0.000000000000000000e+00,0.000000000000000000e+00,1.889358162425012200e-01
2.498000000000000043e+01,0.000000000000000000e+00,0.000000000000000000e+00,1.829358162425011591e-01
2.500000000000000000e+01,0.000000000000000000e+00,0.000000000000000000e+00,1.769358162425011816e-01
2.501999999999999957e+01,0.000000000000000000e+00,0.000000000000000000e+00,1.709358162425011762e-01
2.503999999999999915e+01,0.000000000000000000e+00,0.000000000000000000e+00,1.649358162425011709e-01
2.505999999999999872e+01,0.000000000000000000e+00,0.000000000000000000e+00,1.589358162425011656e-01
2.507999999999999829e+01,0.000000000000000000e+00,0.000000000000000000e+00,1.529358162425011880e-01
2.510000000000000142e+01,0.000000000000000000e+00,0.000000000000000000e+00,1.469358162425011549e-01
2.512000000000000099e+01,0.000000000000000000e+00,0.000000000000000000e+00,1.409358162425011496e-01
2.514000000000000057e+01,0.000000000000000000e+00,0.000000000000000000e+00,1.349358162425011443e-01
2.516000000000000014e+01,0.000000000000000000e+00,0.000000000000000000e+00,1.289358162425011389e-01
2.517999999999999972e+01,0.000000000000000000e+00,0.000000000000000000e+00,1.229358162425011475e-01
2.519999999999999929e+01,0.000000000000000000e+00,0.000000000000000000e+00,1.169358162425011005e-01
2.521999999999999886e+01,0.000000000000000000e+00,0.000000000000000000e+00,1.109358162425011091e-01
2.523999999999999844e+01,0.000000000000000000e+00,0.000000000000000000e+00,1.049358162425011037e-01
2.526000000000000156e+01,0.000000000000000000e+00,0.000000000000000000e+00,9.893581624250109841e-02
2.528000000000000114e+01,0.000000000000000000e+00,0.000000000000000000e+00,9.293581624250106532e-02
2.530000000000000071e+01,0.000000000000000000e+00,0.000000000000000000e+00,8.693581624250107387e-02
2.532000000000000028e+01,0.000000000000000000e+00,0.000000000000000000e+00,8.093581624250106854e-02
2.533999999999999986e+01,0.000000000000000000e+00,0.000000000000000000e+00,7.493581624250104933e-02
2.535999999999999943e+01,0.000000000000000000e+00,0.000000000000000000e+00,6.893581624250104400e-02
2.537999999999999901e+01,0.000000000000000000e+00,0.000000000000000000e+00,6.293581624250103868e-02
2.539999999999999858e+01,0.000000000000000000e+00,0.000000000000000000e+00,5.693581624250104029e-02
2.542000000000000171e+01,0.000000000000000000e+00,0.000000000000000000e+00,5.093581624250104189e-02
2.544000000000000128e+01,3.994459221659569723e-03,2.104285910020369129e-04,5.432712059032712704e-02
2.546000000000000085e+01,7.988181847285218129e-03,4.344023729008616302e-04,5.771842493815321218e-02
2.548000000000000043e+01,1.198112194533599087e-02,6.719187697888161052e-04,6.110972928597929732e-02
2.550000000000000000e+01,1.597323359327071368e-02,9.229750500054753788e-04,6.450103363380536858e-02
2.551999999999999957e+01,1.996447087807617232e-02,1.187568326169075646e-03,6.789233798163148148e-02
2.553999999999999915e+01,2.395478789679517800e-02,1.465695555209644034e-03,7.128364232945755274e-02
2.555999999999999872e+01,2.794413875705439865e-02,1.757353538404486486e-03,7.467494667728363789e-02
2.557999999999999829e+01,3.193247757759229422e-02,2.062538921414198458e-03,7.806625102510973691e-02
2.560000000000000142e+01,3.591975848878666000e-02,2.381248194321688386e-03,8.145755537293582205e-02
2.562000000000000099e+01,3.990593563318229481e-02,2.713477691672770437e-03,8.484885972076192107e-02
2.564000000000000057e+01,4.389253865988630016e-02,3.040507212560545139e-03,7.884885972076190186e-02
2.566000000000000014e+01,4.788103209330338977e-02,3.343611372291846028e-03,7.284885972076188265e-02
2.567999999999999972e+01,5.187127234810071097e-02,3.622779259149587656e-03,6.684885972076189120e-02
2.569999999999999929e+01,5.586311577606003359e-02,3.878000823120059896e-03,6.084885972076188587e-02
2.571999999999999886e+01,5.985641867124907867e-02,4.109266876254564875e-03,5.484885972076186667e-02
2.573999999999999844e+01,6.385103727519489403e-02,4.316569093000040096e-03,4.884885972076186827e-02
2.576000000000000156e+01,6.784682778205915199e-02,4.499900010499191180e-03,4.284885972076187682e-02
2.578000000000000114e+01,7.184364634381515402e-02,4.659253028858718719e-03,3.684885972076186456e-02
2.580000000000000071e+01,7.584134907542633419e-02,4.794622411387205671e-03,3.084885972076187310e-02
2.582000000000000028e+01,7.983979206002610185e-02,4.906003284801467058e-03,2.484885972076187124e-02
2.583999999999999986e+01,8.383864571252715170e-02,5.001737394473976944e-03,2.302277276424013336e-02
2.585999999999999943e+01,8.783766751646601700e-02,5.090169094092033067e-03,2.119668580771839200e-02
2.587999999999999901e+01,9.183684413673399993e-02,5.171298088771582487e-03,1.937059885119665065e-02
2.589999999999999858e+01,9.583616223770614895e-02,5.245124107980572714e-03,1.754451189467491276e-02
2.592000000000000171e+01,9.983560848328573711e-02,5.311646905539440904e-03,1.571842493815316794e-02
2.594000000000000128e+01,1.038351695369487265e-01,5.370866259621597839e-03,1.389233798163142831e-02
2.596000000000000085e+01,1.078348320617882328e-01,5.422781972754888574e-03,1.206625102510968696e-02
2.598000000000000043e+01,1.118345827205590309e-01,5.467393871821105839e-03,1.024016406858795254e-02
2.600000000000000000e+01,1.158344081757219785e-01,5.504701808058177527e-03,8.414077112066211186e-03
2.601999999999999957e+01,1.198342950894885212e-01,5.534705657059196121e-03,6.587990155544471566e-03
2.603999999999999915e+01,1.238342116783936325e-01,5.560535698957833582e-03,6.327120590327080935e-03
2.605999999999999872e+01,1.278341348694674307e-01,5.585322283488256510e-03,6.066251025109688569e-03
2.607999999999999829e+01,1.318340643905034637e-01,5.609065408963444591e-03,5.805381459892296203e-03
2.610000000000000142e+01,1.358339999692947664e-01,5.631765073766172372e-03,5.544511894674905572e-03
2.612000000000000099e+01,1.398339413336340264e-01,5.653421276354118029e-03,5.283642329457514074e-03
2.614000000000000057e+01,1.438338882113135153e-01,5.674034015253053703e-03,5.022772764240121708e-03
2.616000000000000014e+01,1.478338403301251158e-01,5.693603289058547269e-03,4.761903199022731077e-03
2.617999999999999972e+01,1.518337974178603778e-01,5.712129096441070225e-03,4.501033633805338711e-03
2.619999999999999929e+01,1.558337592023105178e-01,5.729611436137483672e-03,4.240164068587947213e-03
2.621999999999999886e+01,1.598337254112663919e-01,5.746050306959554071e-03,3.979294503370556582e-03
2.623999999999999844e+01,1.634700621033138568e-01,5.760046125893722967e-03,3.718424938153165084e-03
2.626000000000000156e+01,1.671064023227127882e-01,5.773093334791780211e-03,3.457555372935773585e-03
2.628000000000000114e+01,1.707427458219996086e-01,5.785191932765412944e-03,3.196685807718381653e-03
2.630000000000000071e+01,1.743790923537104631e-01,5.796341918989759284e-03,2.935816242500989721e-03
2.632000000000000028e+01,1.780154416703813303e-01,5.806543292706503080e-03,2.674946677283597789e-03
2.633999999999999986e+01,1.816517935245479665e-01,5.815796053220779159e-03,2.414077112066205857e-03
2.635999999999999943e+01,1.852881476687459894e-01,5.824100199905816316e-03,2.153207546848813925e-03
2.637999999999999901e+01,1.889245038555108502e-01,5.831455732193651341e-03,1.892337981631421777e-03
2.639999999999999858e+01,1.925608618373778613e-01,5.837862649584414990e-03,1.631468416414030061e-03
2.642000000000000171e+01,1.961972213668821963e-01,5.843320951641688132e-03,1.370598851196638129e-03
2.644000000000000128e+01,2.001972176098003597e-01,5.848803345329990806e-03,1.370598851196638129e-03
2.646000000000000085e+01,2.041972138527185232e-01,5.854285739018293480e-03,1.370598851196638129e-03
2.648000000000000043e+01,2.081972100956366867e-01,5.859768132706596154e-03,1.370598851196638129e-03
2.650000000000000000e+01,2.121972063385548501e-01,5.865250526394898828e-03,1.370598851196638129e-03
2.651999999999999957e+01,2.161972025814730136e-01,5.870732920083201502e-03,1.370598851196638129e-03
2.653999999999999915e+01,2.201971988243911771e-01,5.876215313771504176e-03,1.370598851196638129e-03
2.655999999999999872e+01,2.241971950673093406e-01,5.881697707459806850e-03,1.370598851196638129e-03
2.657999999999999829e+01,2.281971913102275040e-01,5.887180101148109523e-03,1.370598851196638129e-03
2.660000000000000142e+01,2.321971875531456675e-01,5.892662494836412197e-03,1.370598851196638129e-03
2.662000000000000099e+01,2.361971837960638310e-01,5.898144888524714871e-03,1.370598851196638129e-03
2.664000000000000057e+01,2.401971800389819944e-01,5.903627282213017545e-03,1.370598851196638129e-03
2.666000000000000014e+01,2.441971762819001579e-01,5.909109675901320219e-03,1.370598851196638129e-03
2.667999999999999972e+01,2.481971725248183214e-01,5.914592069589622893e-03,1.370598851196638129e-03
2.669999999999999929e+01,2.521971687677365126e-01,5.920074463277925567e-03,1.370598851196638129e-03
2.671999999999999886e+01,2.561971650106547038e-01,5.925556856966228240e-03,1.370598851196638129e-03
2.673999999999999844e+01,2.601971612535728950e-01,5.931039250654530914e-03,1.370598851196638129e-03
2.676000000000000156e+01,2.641971574964910863e-01,5.936521644342833588e-03,1.370598851196638129e-03
2.678000000000000114e+01,2.681971537394092775e-01,5.942004038031136262e-03,1.370598851196638129e-03
2.680000000000000071e+01,2.721971499823274687e-01,5.947486431719438936e-03,1.370598851196638129e-03
2.682000000000000028e+01,2.761971462252456599e-01,5.952968825407741610e-03,1.370598851196638129e-03
2.683999999999999986e+01,2.801971424681638512e-01,5.958451219096044284e-03,1.370598851196638129e-03
2.685999999999999943e+01,2.841971387110820424e-01,5.963933612784346958e-03,1.370598851196638129e-03
2.687999999999999901e+01,2.881971349540002336e-01,5.969416006472649631e-03,1.370598851196638129e-03
2.689999999999999858e+01,2.921971311969184248e-01,5.974898400160952305e-03,1.370598851196638129e-03
2.692000000000000171e+01,2.961971274398366161e-01,5.980380793849254979e-03,1.370598851196638129e-03
2.694000000000000128e+01,3.001971236827548073e-01,5.985863187537557653e-03,1.370598851196638129e-03
2.696000000000000085e+01,3.041971199256729985e-01,5.991345581225860327e-03,1.370598851196638129e-03
2.698000000000000043e+01,3.081971161685911897e-01,5.996827974914163001e-03,1.370598851196638129e-03
2.700000000000000000e+01,3.121971124115093810e-01,6.002310368602465675e-03,1.370598851196638129e-03
2.701999999999999957e+01,3.161971086544275722e-01,6.007792762290768349e-03,1.370598851196638129e-03
2.703999999999999915e+01,3.201971048973457634e-01,6.013275155979071022e-03,1.370598851196638129e-03
2.705999999999999872e+01,3.241971011402639546e-01,6.018757549667373696e-03,1.370598851196638129e-03
2.707999999999999829e+01,3.281970973831821459e-01,6.024239943355676370e-03,1.370598851196638129e-03
2.710000000000000142e+01,3.321970936261003371e-01,6.029722337043979044e-03,1.370598851196638129e-03
2.712000000000000099e+01,3.361970898690185283e-01,6.035204730732281718e-03,1.370598851196638129e-03
2.714000000000000057e+01,3.401970861119367195e-01,6.040687124420584392e-03,1.370598851196638129e-03
2.716000000000000014e+01,3.441970823548549108e-01,6.046169518108887066e-03,1.370598851196638129e-03
2.717999999999999972e+01,3.481970785977731020e-01,6.051651911797189740e-03,1.370598851196638129e-03
2.719999999999999929e+01,3.521970748406912932e-01,6.057134305485492413e-03,1.370598851196638129e-03
2.721999999999999886e+01,3.558334350615259822e-01,6.062118299747585280e-03,1.370598851196638129e-03
2.723999999999999844e+01,3.594697952823606713e-01,6.067102294009678147e-03,1.370598851196638129e-03
2.726000000000000156e+01,3.631061555031953603e-01,6.072086288271771014e-03,1.370598851196638129e-03
2.728000000000000114e+01,3.667425157240300493e-01,6.077070282533863881e-03,1.370598851196638129e-03
2.730000000000000071e+01,3.703788759448647383e-01,6.082054276795956747e-03,1.370598851196638129e-03
2.732000000000000028e+01,3.740152361656994273e-01,6.087038271058049614e-03,1.370598851196638129e-03
2.733999999999999986e+01,3.776515963865341163e-01,6.092022265320142481e-03,1.370598851196638129e-03
2.735999999999999943e+01,3.812879566073688054e-01,6.097006259582235348e-03,1.370598851196638129e-03
2.737999999999999901e+01,3.849243168282034944e-01,6.101990253844328214e-03,1.370598851196638129e-03
2.739999999999999858e+01,3.885606770490381834e-01,6.106974248106421081e-03,1.370598851196638129e-03
2.742000000000000171e+01,3.921970372698728724e-01,6.111958242368513948e-03,1.370598851196638129e-03
2.744000000000000128e+01,3.961970335127910636e-01,6.117440636056816622e-03,1.370598851196638129e-03
2.746000000000000085e+01,4.001970297557092549e-01,6.122923029745119296e-03,1.370598851196638129e-03
2.748000000000000043e+01,4.041970259986274461e-01,6.128405423433421970e-03,1.370598851196638129e-03
2.750000000000000000e+01,4.081970222415456373e-01,6.133887817121724643e-03,1.370598851196638129e-03
2.751999999999999957e+01,4.121970184844638285e-01,6.139370210810027317e-03,1.370598851196638129e-03
2.753999999999999915e+01,4.161970147273820197e-01,6.144852604498329991e-03,1.370598851196638129e-03
2.755999999999999872e+01,4.201970109703002110e-01,6.150334998186632665e-03,1.370598851196638129e-03
2.757999999999999829e+01,4.241970072132184022e-01,6.155817391874935339e-03,1.370598851196638129e-03
2.760000000000000142e+01,4.281970034561365934e-01,6.161299785563238013e-03,1.370598851196638129e-03
2.762000000000000099e+01,4.321969996990547846e-01,6.166782179251540687e-03,1.370598851196638129e-03
2.764000000000000057e+01,4.361969959419729759e-01,6.172264572939843361e-03,1.370598851196638129e-03
2.766000000000000014e+01,4.401969921848911671e-01,6.177746966628146034e-03,1.370598851196638129e-03
2.767999999999999972e+01,4.441969884278093583e-01,6.183229360316448708e-03,1.370598851196638129e-03
2.769999999999999929e+01,4.481969846707275495e-01,6.188711754004751382e-03,1.370598851196638129e-03
2.771999999999999886e+01,4.521969809136457408e-01,6.194194147693054056e-03,1.370598851196638129e-03
2.773999999999999844e+01,4.561969771565639320e-01,6.199676541381356730e-03,1.370598851196638129e-03
2.776000000000000156e+01,4.601969733994821232e-01,6.205158935069659404e-03,1.370598851196638129e-03
2.778000000000000114e+01,4.641969696424003144e-01,6.210641328757962078e-03,1.370598851196638129e-03
2.780000000000000071e+01,4.681969658853185057e-01,6.216123722446264752e-03,1.370598851196638129e-03
2.782000000000000028e+01,4.721969621282366969e-01,6.221606116134567425e-03,1.370598851196638129e-03
2.783999999999999986e+01,4.761969583711548881e-01,6.227088509822870099e-03,1.370598851196638129e-03
2.785999999999999943e+01,4.801969546140730793e-01,6.232570903511172773e-03,1.370598851196638129e-03
2.787999999999999901e+01,4.841969508569912706e-01,6.238053297199475447e-03,1.370598851196638129e-03
2.789999999999999858e+01,4.881969470999094618e-01,6.243535690887778121e-03,1.370598851196638129e-03
2.792000000000000171e+01,4.921969433428276530e-01,6.249018084576080795e-03,1.370598851196638129e-03
2.794000000000000128e+01,4.961969395857458442e-01,6.254500478264383469e-03,1.370598851196638129e-03
2.796000000000000085e+01,5.001969358286639800e-01,6.259982871952686143e-03,1.370598851196638129e-03
2.798000000000000043e+01,5.041969320715821157e-01,6.265465265640988816e-03,1.370598851196638129e-03
2.800000000000000000e+01,5.081969283145002514e-01,6.270947659329291490e-03,1.370598851196638129e-03
2.801999999999999957e+01,5.121969245574183871e-01,6.276430053017594164e-03,1.370598851196638129e-03
2.803999999999999915e+01,5.161969208003365228e-01,6.281912446705896838e-03,1.370598851196638129e-03
2.805999999999999872e+01,5.201969170432546585e-01,6.287394840394199512e-03,1.370598851196638129e-03
2.807999999999999829e+01,5.241969132861727942e-01,6.292877234082502186e-03,1.370598851196638129e-03
2.810000000000000142e+01,5.281969095290909300e-01,6.298359627770804860e-03,1.370598851196638129e-03
2.812000000000000099e+01,5.321969057720090657e-01,6.303842021459107534e-03,1.370598851196638129e-03
2.814000000000000057e+01,5.361969020149272014e-01,6.309324415147410207e-03,1.370598851196638129e-03
2.816000000000000014e+01,5.401968982578453371e-01,6.314806808835712881e-03,1.370598851196638129e-03
2.817999999999999972e+01,5.441968945007634728e-01,6.320289202524015555e-03,1.370598851196638129e-03
2.819999999999999929e+01,5.481968907436816085e-01,6.325771596212318229e-03,1.370598851196638129e-03
2.821999999999999886e+01,5.521968869865997442e-01,6.331253989900620903e-03,1.370598851196638129e-03
2.823999999999999844e+01,5.558332478162765211e-01,6.335763676254531872e-03,1.109729285979246197e-03
2.826000000000000156e+01,5.594696096986606637e-01,6.339324746595563498e-03,8.488597207618543737e-04
2.828000000000000114e+01,5.631059723862871236e-01,6.341937200683839954e-03,5.879901555444627670e-04
2.830000000000000071e+01,5.667423356316907412e-01,6.343601038341389886e-03,3.271205903270707808e-04
2.832000000000000028e+01,5.703786991874063572e-01,6.344316259453691188e-03,6.625102510967901138e-05
2.833999999999999986e+01,5.740150628059688120e-01,6.344082863972769215e-03,-1.946185401077128122e-04
2.835999999999999943e+01,5.776514262399129462e-01,6.342900851914100302e-03,-4.554881053251046358e-04
2.837999999999999901e+01,5.812877892417734893e-01,6.340770223358158271e-03,-7.163576705424964594e-04
2.839999999999999858e+01,5.849241515640852818e-01,6.337690978451963539e-03,-9.772272357598881746e-04
2.842000000000000171e+01,5.885605129593832752e-01,6.333663117401344515e-03,-1.238096800977280323e-03
2.844000000000000128e+01,5.925605098936163051e-01,6.328710731462673829e-03,-1.238096800977280323e-03
2.846000000000000085e+01,5.965605068278493350e-01,6.323758345524003142e-03,-1.238096800977280323e-03
2.848000000000000043e+01,6.005605037620823650e-01,6.318805959585332456e-03,-1.238096800977280323e-03
2.850000000000000000e+01,6.045605006963153949e-01,6.313853573646661770e-03,-1.238096800977280323e-03
2.851999999999999957e+01,6.085604976305484248e-01,6.308901187707991083e-03,-1.238096800977280323e-03
2.853999999999999915e+01,6.125604945647814548e-01,6.303948801769320397e-03,-1.238096800977280323e-03
2.855999999999999872e+01,6.165604914990144847e-01,6.298996415830649710e-03,-1.238096800977280323e-03
2.857999999999999829e+01,6.205604884332475146e-01,6.294044029891979024e-03,-1.238096800977280323e-03
2.860000000000000142e+01,6.245604853674805446e-01,6.289091643953308337e-03,-1.238096800977280323e-03
2.862000000000000099e+01,6.285604823017135745e-01,6.284139258014637651e-03,-1.238096800977280323e-03
2.864000000000000057e+01,6.325604792359466044e-01,6.279186872075966964e-03,-1.238096800977280323e-03
2.866000000000000014e+01,6.365604761701796344e-01,6.274234486137296278e-03,-1.238096800977280323e-03
2.867999999999999972e+01,6.405604731044126643e-01,6.269282100198625592e-03,-1.238096800977280323e-03
2.869999999999999929e+01,6.445604700386456942e-01,6.264329714259954905e-03,-1.238096800977280323e-03
2.871999999999999886e+01,6.485604669728787242e-01,6.259377328321284219e-03,-1.238096800977280323e-03
2.873999999999999844e+01,6.525604639071117541e-01,6.254424942382613532e-03,-1.238096800977280323e-03
2.876000000000000156e+01,6.565604608413447840e-01,6.249472556443942846e-03,-1.238096800977280323e-03
2.878000000000000114e+01,6.605604577755778140e-01,6.244520170505272159e-03,-1.238096800977280323e-03
2.880000000000000071e+01,6.645604547098108439e-01,6.239567784566601473e-03,-1.238096800977280323e-03
2.882000000000000028e+01,6.685604516440438738e-01,6.234615398627930787e-03,-1.238096800977280323e-03
2.883999999999999986e+01,6.725604485782769038e-01,6.229663012689260100e-03,-1.238096800977280323e-03
2.885999999999999943e+01,6.765604455125099337e-01,6.224710626750589414e-03,-1.238096800977280323e-03
2.887999999999999901e+01,6.805604424467429636e-01,6.219758240811918727e-03,-1.238096800977280323e-03
2.889999999999999858e+01,6.845604393809759936e-01,6.214805854873248041e-03,-1.238096800977280323e-03
2.892000000000000171e+01,6.885604363152090235e-01,6.209853468934577354e-03,-1.238096800977280323e-03
2.894000000000000128e+01,6.925604332494420534e-01,6.204901082995906668e-03,-1.238096800977280323e-03
2.896000000000000085e+01,6.965604301836750833e-01,6.199948697057235981e-03,-1.238096800977280323e-03
2.898000000000000043e+01,7.005604271179081133e-01,6.194996311118565295e-03,-1.238096800977280323e-03
2.900000000000000000e+01,7.045604240521411432e-01,6.190043925179894609e-03,-1.238096800977280323e-03
2.901999999999999957e+01,7.085604209863741731e-01,6.185091539241223922e-03,-1.238096800977280323e-03
2.903999999999999915e+01,7.125604179206072031e-01,6.180139153302553236e-03,-1.238096800977280323e-03
2.905999999999999872e+01,7.165604148548402330e-01,6.175186767363882549e-03,-1.238096800977280323e-03
2.907999999999999829e+01,7.205604117890732629e-01,6.170234381425211863e-03,-1.238096800977280323e-03
2.910000000000000142e+01,7.245604087233062929e-01,6.165281995486541176e-03,-1.238096800977280323e-03
2.912000000000000099e+01,7.285604056575393228e-01,6.160329609547870490e-03,-1.238096800977280323e-03
2.914000000000000057e+01,7.325604025917723527e-01,6.155377223609199804e-03,-1.238096800977280323e-03
2.916000000000000014e+01,7.365603995260053827e-01,6.150424837670529117e-03,-1.238096800977280323e-03
2.917999999999999972e+01,7.405603964602384126e-01,6.145472451731858431e-03,-1.238096800977280323e-03
2.919999999999999929e+01,7.445603933944714425e-01,6.140520065793187744e-03,-1.238096800977280323e-03
2.921999999999999886e+01,7.485603903287044725e-01,6.135567679854517058e-03,-1.238096800977280323e-03
2.923999999999999844e+01,7.521967511780072169e-01,6.131065510819362283e-03,-1.238096800977280323e-03
2.926000000000000156e+01,7.558331120273099613e-01,6.126563341784207507e-03,-1.238096800977280323e-03
2.928000000000000114e+01,7.594694728766127056e-01,6.122061172749052732e-03,-1.238096800977280323e-03
2.930000000000000071e+01,7.631058337259154500e-01,6.117559003713897957e-03,-1.238096800977280323e-03
2.932000000000000028e+01,7.667421945752181944e-01,6.113056834678743182e-03,-1.238096800977280323e-03
2.933999999999999986e+01,7.703785554245209388e-01,6.108554665643588406e-03,-1.238096800977280323e-03
2.935999999999999943e+01,7.740149162738236832e-01,6.104052496608433631e-03,-1.238096800977280323e-03
2.937999999999999901e+01,7.776512771231264276e-01,6.099550327573278856e-03,-1.238096800977280323e-03
2.939999999999999858e+01,7.812876379724291720e-01,6.095048158538124081e-03,-1.238096800977280323e-03
2.942000000000000171e+01,7.852876349066622019e-01,6.090095772599453394e-03,-1.238096800977280323e-03
2.944000000000000128e+01,7.892876318408952319e-01,6.085143386660782708e-03,-1.238096800977280323e-03
2.946000000000000085e+01,7.932876287751282618e-01,6.080191000722112021e-03,-1.238096800977280323e-03
2.948000000000000043e+01,7.972876257093612917e-01,6.075238614783441335e-03,-1.238096800977280323e-03
2.950000000000000000e+01,8.012876226435943217e-01,6.070286228844770648e-03,-1.238096800977280323e-03
2.951999999999999957e+01,8.052876195778273516e-01,6.065333842906099962e-03,-1.238096800977280323e-03
2.953999999999999915e+01,8.092876165120603815e-01,6.060381456967429276e-03,-1.238096800977280323e-03
2.955999999999999872e+01,8.132876134462934115e-01,6.055429071028758589e-03,-1.238096800977280323e-03
2.957999999999999829e+01,8.172876103805264414e-01,6.050476685090087903e-03,-1.238096800977280323e-03
2.960000000000000142e+01,8.212876073147594713e-01,6.045524299151417216e-03,-1.238096800977280323e-03
2.962000000000000099e+01,8.252876042489925013e-01,6.040571913212746530e-03,-1.238096800977280323e-03
2.964000000000000057e+01,8.292876011832255312e-01,6.035619527274075843e-03,-1.238096800977280323e-03
2.966000000000000014e+01,8.332875981174585611e-01,6.030667141335405157e-03,-1.238096800977280323e-03
2.967999999999999972e+01,8.372875950516915911e-01,6.025714755396734471e-03,-1.238096800977280323e-03
2.969999999999999929e+01,8.412875919859246210e-01,6.020762369458063784e-03,-1.238096800977280323e-03
2.971999999999999886e+01,8.452875889201576509e-01,6.015809983519393098e-03,-1.238096800977280323e-03
2.973999999999999844e+01,8.492875858543906809e-01,6.010857597580722411e-03,-1.238096800977280323e-03
2.976000000000000156e+01,8.532875827886237108e-01,6.005905211642051725e-03,-1.238096800977280323e-03
2.978000000000000114e+01,8.572875797228567407e-01,6.000952825703381038e-03,-1.238096800977280323e-03
2.980000000000000071e+01,8.612875766570897706e-01,5.996000439764710352e-03,-1.238096800977280323e-03
2.982000000000000028e+01,8.652875735913228006e-01,5.991048053826039665e-03,-1.238096800977280323e-03
2.983999999999999986e+01,8.692875705255558305e-01,5.986095667887368979e-03,-1.238096800977280323e-03
2.985999999999999943e+01,8.732875674597888604e-01,5.981143281948698293e-03,-1.238096800977280323e-03
2.987999999999999901e+01,8.772875643940218904e-01,5.976190896010027606e-03,-1.238096800977280323e-03
2.989999999999999858e+01,8.812875613282549203e-01,5.971238510071356920e-03,-1.238096800977280323e-03
2.992000000000000171e+01,8.852875582624879502e-01,5.966286124132686233e-03,-1.238096800977280323e-03
2.994000000000000128e+01,8.892875551967209802e-01,5.961333738194015547e-03,-1.238096800977280323e-03
2.996000000000000085e+01,8.932875521309540101e-01,5.956381352255344860e-03,-1.238096800977280323e-03
2.998000000000000043e+01,8.972875490651870400e-01,5.951428966316674174e-03,-1.238096800977280323e-03
3.000000000000000000e+01,9.012875459994200700e-01,5.946476580378003488e-03,-1.238096800977280323e-03
3.001999999999999957e+01,9.052875429336530999e-01,5.941524194439332801e-03,-1.238096800977280323e-03
3.003999999999999915e+01,9.089239037829558443e-01,5.937022025404178026e-03,-1.238096800977280323e-03
3.005999999999999872e+01,9.125602646322585887e-01,5.932519856369023251e-03,-1.238096800977280323e-03
3.007999999999999829e+01,9.161966254815613331e-01,5.928017687333868475e-03,-1.238096800977280323e-03
3.010000000000000142e+01,9.198329863308640775e-01,5.923515518298713700e-03,-1.238096800977280323e-03
3.012000000000000099e+01,9.234693471801668219e-01,5.919013349263558925e-03,-1.238096800977280323e-03
3.014000000000000057e+01,9.271057080294695663e-01,5.914511180228404150e-03,-1.238096800977280323e-03
3.016000000000000014e+01,9.307420688787723106e-01,5.910009011193249374e-03,-1.238096800977280323e-03
3.017999999999999972e+01,9.343784297280750550e-01,5.905506842158094599e-03,-1.238096800977280323e-03
3.019999999999999929e+01,9.380147905773777994e-01,5.901004673122939824e-03,-1.238096800977280323e-03
3.021999999999999886e+01,9.420147875116108294e-01,5.896052287184269138e-03,-1.238096800977280323e-03
3.023999999999999844e+01,9.460147844458438593e-01,5.891099901245598451e-03,-1.238096800977280323e-03
3.026000000000000156e+01,9.500147813800768892e-01,5.886147515306927765e-03,-1.238096800977280323e-03
3.028000000000000114e+01,9.540147783143099192e-01,5.881195129368257078e-03,-1.238096800977280323e-03
3.030000000000000071e+01,9.580147752485429491e-01,5.876242743429586392e-03,-1.238096800977280323e-03
3.032000000000000028e+01,9.620147721827759790e-01,5.871290357490915705e-03,-1.238096800977280323e-03
3.033999999999999986e+01,9.660147691170090090e-01,5.866337971552245019e-03,-1.238096800977280323e-03
3.035999999999999943e+01,9.700147660512420389e-01,5.861385585613574332e-03,-1.238096800977280323e-03
3.037999999999999901e+01,9.740147629854750688e-01,5.856433199674903646e-03,-1.238096800977280323e-03
3.039999999999999858e+01,9.780147599197080988e-01,5.851480813736232960e-03,-1.238096800977280323e-03
3.042000000000000171e+01,9.820147568539411287e-01,5.846528427797562273e-03,-1.238096800977280323e-03
3.044000000000000128e+01,9.860147537881741586e-01,5.841576041858891587e-03,-1.238096800977280323e-03
3.046000000000000085e+01,9.900147507224071886e-01,5.836623655920220900e-03,-1.238096800977280323e-03
3.048000000000000043e+01,9.940147476566402185e-01,5.831671269981550214e-03,-1.238096800977280323e-03
3.050000000000000000e+01,9.980147445908732484e-01,5.826718884042879527e-03,-1.238096800977280323e-03
3.051999999999999957e+01,1.002014741525106167e+00,5.821766498104208841e-03,-1.238096800977280323e-03
3.053999999999999915e+01,1.006014738459339197e+00,5.816814112165538155e-03,-1.238096800977280323e-03
3.055999999999999872e+01,1.010014735393572227e+00,5.811861726226867468e-03,-1.238096800977280323e-03
3.057999999999999829e+01,1.014014732327805257e+00,5.806909340288196782e-03,-1.238096800977280323e-03
3.060000000000000142e+01,1.018014729262038287e+00,5.801956954349526095e-03,-1.238096800977280323e-03
3.062000000000000099e+01,1.022014726196271317e+00,5.797004568410855409e-03,-1.238096800977280323e-03
3.064000000000000057e+01,1.026014723130504347e+00,5.792052182472184722e-03,-1.238096800977280323e-03
3.066000000000000014e+01,1.030014720064737377e+00,5.787099796533514036e-03,-1.238096800977280323e-03
3.067999999999999972e+01,1.034014716998970407e+00,5.782147410594843349e-03,-1.238096800977280323e-03
3.069999999999999929e+01,1.038014713933203437e+00,5.777195024656172663e-03,-1.238096800977280323e-03
3.071999999999999886e+01,1.042014710867436467e+00,5.772242638717501977e-03,-1.238096800977280323e-03
3.073999999999999844e+01,1.046014707801669497e+00,5.767290252778831290e-03,-1.238096800977280323e-03
3.076000000000000156e+01,1.050014704735902527e+00,5.762337866840160604e-03,-1.238096800977280323e-03
3.078000000000000114e+01,1.054014701670135556e+00,5.757385480901489917e-03,-1.238096800977280323e-03
3.080000000000000071e+01,1.058014698604368586e+00,5.752433094962819231e-03,-1.238096800977280323e-03
3.082000000000000028e+01,1.062014695538601616e+00,5.747480709024148544e-03,-1.238096800977280323e-03
3.083999999999999986e+01,1.066014692472834646e+00,5.742528323085477858e-03,-1.238096800977280323e-03
3.085999999999999943e+01,1.070014689407067676e+00,5.737575937146807172e-03,-1.238096800977280323e-03
3.087999999999999901e+01,1.074014686341300706e+00,5.732623551208136485e-03,-1.238096800977280323e-03
3.089999999999999858e+01,1.078014683275533736e+00,5.727671165269465799e-03,-1.238096800977280323e-03
3.092000000000000171e+01,1.082014680209766766e+00,5.722718779330795112e-03,-1.238096800977280323e-03
3.094000000000000128e+01,1.086014677143999796e+00,5.717766393392124426e-03,-1.238096800977280323e-03
3.096000000000000085e+01,1.090014674078232826e+00,5.712814007453453739e-03,-1.238096800977280323e-03
3.098000000000000043e+01,1.094014671012465856e+00,5.707861621514783053e-03,-1.238096800977280323e-03
3.100000000000000000e+01,1.098014667946698886e+00,5.702909235576112366e-03,-1.238096800977280323e-03
3.101999999999999957e+01,1.102014664880931916e+00,5.697956849637441680e-03,-1.238096800977280323e-03
3.103999999999999915e+01,1.105651025730234549e+00,5.693454680602286905e-03,-1.238096800977280323e-03
3.105999999999999872e+01,1.109287386579537182e+00,5.688952511567132130e-03,-1.238096800977280323e-03
3.107999999999999829e+01,1.112923747428839816e+00,5.684450342531977354e-03,-1.238096800977280323e-03
3.110000000000000142e+01,1.116560108278142449e+00,5.679948173496822579e-03,-1.238096800977280323e-03
3.112000000000000099e+01,1.120196469127445082e+00,5.675446004461667804e-03,-1.238096800977280323e-03
3.114000000000000057e+01,1.123832829976747716e+00,5.670943835426513029e-03,-1.238096800977280323e-03
3.116000000000000014e+01,1.127469190826050349e+00,5.666441666391358253e-03,-1.238096800977280323e-03
3.117999999999999972e+01,1.131105551675352983e+00,5.661939497356203478e-03,-1.238096800977280323e-03
3.119999999999999929e+01,1.134741912524655616e+00,5.657437328321048703e-03,-1.238096800977280323e-03
3.121999999999999886e+01,1.138378273373958249e+00,5.652935159285893928e-03,-1.238096800977280323e-03
3.123999999999999844e+01,1.142378270308191279e+00,5.647982773347223241e-03,-1.238096800977280323e-03
3.126000000000000156e+01,1.146378267242424309e+00,5.643030387408552555e-03,-1.238096800977280323e-03
3.128000000000000114e+01,1.150378264176657339e+00,5.638078001469881868e-03,-1.238096800977280323e-03
3.130000000000000071e+01,1.154378261110890369e+00,5.633125615531211182e-03,-1.238096800977280323e-03
3.132000000000000028e+01,1.158378258045123399e+00,5.628173229592540495e-03,-1.238096800977280323e-03
3.133999999999999986e+01,1.162378254979356429e+00,5.623220843653869809e-03,-1.238096800977280323e-03
3.135999999999999943e+01,1.166378251913589459e+00,5.618268457715199123e-03,-1.238096800977280323e-03
3.137999999999999901e+01,1.170378248847822489e+00,5.613316071776528436e-03,-1.238096800977280323e-03
3.139999999999999858e+01,1.174378245782055519e+00,5.608363685837857750e-03,-1.238096800977280323e-03
3.142000000000000171e+01,1.178378242716288549e+00,5.603411299899187063e-03,-1.238096800977280323e-03
3.144000000000000128e+01,1.182378239650521579e+00,5.598458913960516377e-03,-1.238096800977280323e-03
3.146000000000000085e+01,1.186378236584754609e+00,5.593506528021845690e-03,-1.238096800977280323e-03
3.148000000000000043e+01,1.190378233518987638e+00,5.588554142083175004e-03,-1.238096800977280323e-03
3.150000000000000000e+01,1.194378230453220668e+00,5.583601756144504318e-03,-1.238096800977280323e-03
3.151999999999999957e+01,1.198378227387453698e+00,5.578649370205833631e-03,-1.238096800977280323e-03
3.153999999999999915e+01,1.202378224321686728e+00,5.573696984267162945e-03,-1.238096800977280323e-03
3.155999999999999872e+01,1.206378221255919758e+00,5.568744598328492258e-03,-1.238096800977280323e-03
3.157999999999999829e+01,1.210378218190152788e+00,5.563792212389821572e-03,-1.238096800977280323e-03
3.160000000000000142e+01,1.214378215124385818e+00,5.558839826451150885e-03,-1.238096800977280323e-03
3.162000000000000099e+01,1.218378212058618848e+00,5.553887440512480199e-03,-1.238096800977280323e-03
3.164000000000000057e+01,1.222378208992851878e+00,5.548935054573809512e-03,-1.238096800977280323e-03
3.166000000000000014e+01,1.226378205927084908e+00,5.543982668635138826e-03,-1.238096800977280323e-03
3.167999999999999972e+01,1.230378202861317938e+00,5.539030282696468140e-03,-1.238096800977280323e-03
3.169999999999999929e+01,1.234378199795550968e+00,5.534077896757797453e-03,-1.238096800977280323e-03
3.171999999999999886e+01,1.238378196729783998e+00,5.529125510819126767e-03,-1.238096800977280323e-03
3.173999999999999844e+01,1.242378193664017028e+00,5.524173124880456080e-03,-1.238096800977280323e-03
3.176000000000000156e+01,1.246378190598250058e+00,5.519220738941785394e-03,-1.238096800977280323e-03
3.178000000000000114e+01,1.250378187532483087e+00,5.514268353003114707e-03,-1.238096800977280323e-03
3.180000000000000071e+01,1.254378184466716117e+00,5.509315967064444021e-03,-1.238096800977280323e-03
3.182000000000000028e+01,1.258378181400949147e+00,5.504363581125773335e-03,-1.238096800977280323e-03
3.183999999999999986e+01,1.262378178335182177e+00,5.499411195187102648e-03,-1.238096800977280323e-03
3.185999999999999943e+01,1.266378175269415207e+00,5.494458809248431962e-03,-1.238096800977280323e-03
3.187999999999999901e+01,1.270378172203648237e+00,5.489506423309761275e-03,-1.238096800977280323e-03
3.189999999999999858e+01,1.274378169137881267e+00,5.484554037371090589e-03,-1.238096800977280323e-03
3.192000000000000171e+01,1.278378166072114297e+00,5.479601651432419902e-03,-1.238096800977280323e-03
3.194000000000000128e+01,1.282378163006347327e+00,5.474649265493749216e-03,-1.238096800977280323e-03
3.196000000000000085e+01,1.286378159940580357e+00,5.469696879555078529e-03,-1.238096800977280323e-03
3.198000000000000043e+01,1.290378156874813387e+00,5.464744493616407843e-03,-1.238096800977280323e-03
3.200000000000000000e+01,1.294378153809046417e+00,5.459792107677737157e-03,-1.238096800977280323e-03
3.202000000000000313e+01,1.298378150743279447e+00,5.454839721739066470e-03,-1.238096800977280323e-03
3.203999999999999915e+01,1.302014511592582080e+00,5.450337552703911695e-03,-1.238096800977280323e-03
3.206000000000000227e+01,1.305650872441884713e+00,5.445835383668756920e-03,-1.238096800977280323e-03
3.207999999999999829e+01,1.309287233291187347e+00,5.441333214633602144e-03,-1.238096800977280323e-03
3.210000000000000142e+01,1.312923594140489980e+00,5.436831045598447369e-03,-1.238096800977280323e-03
3.211999999999999744e+01,1.316559954989792613e+00,5.432328876563292594e-03,-1.238096800977280323e-03
3.214000000000000057e+01,1.320196315839095247e+00,5.427826707528137819e-03,-1.238096800977280323e-03
3.215999999999999659e+01,1.323832676688397880e+00,5.423324538492983043e-03,-1.238096800977280323e-03
3.217999999999999972e+01,1.327469037537700514e+00,5.418822369457828268e-03,-1.238096800977280323e-03
3.220000000000000284e+01,1.331105398387003147e+00,5.414320200422673493e-03,-1.238096800977280323e-03
3.221999999999999886e+01,1.334741759236305780e+00,5.409818031387518718e-03,-1.238096800977280323e-03
3.224000000000000199e+01,1.338741756170538810e+00,5.404865645448848031e-03,-1.238096800977280323e-03
3.225999999999999801e+01,1.342741753104771840e+00,5.399913259510177345e-03,-1.238096800977280323e-03
3.228000000000000114e+01,1.346741750039004870e+00,5.394960873571506658e-03,-1.238096800977280323e-03
3.229999999999999716e+01,1.350741746973237900e+00,5.390008487632835972e-03,-1.238096800977280323e-03
3.232000000000000028e+01,1.354741743907470930e+00,5.385056101694165286e-03,-1.238096800977280323e-03
3.234000000000000341e+01,1.358741740841703960e+00,5.380103715755494599e-03,-1.238096800977280323e-03
3.235999999999999943e+01,1.362741737775936990e+00,5.375151329816823913e-03,-1.238096800977280323e-03
3.238000000000000256e+01,1.366741734710170020e+00,5.370198943878153226e-03,-1.238096800977280323e-03
3.239999999999999858e+01,1.370741731644403050e+00,5.365246557939482540e-03,-1.238096800977280323e-03
3.242000000000000171e+01,1.374741728578636080e+00,5.360294172000811853e-03,-1.238096800977280323e-03
3.243999999999999773e+01,1.378741725512869110e+00,5.355341786062141167e-03,-1.238096800977280323e-03
3.246000000000000085e+01,1.382741722447102140e+00,5.350389400123470481e-03,-1.238096800977280323e-03
3.247999999999999687e+01,1.386741719381335169e+00,5.345437014184799794e-03,-1.238096800977280323e-03
3.250000000000000000e+01,1.390741716315568199e+00,5.340484628246129108e-03,-1.238096800977280323e-03
3.252000000000000313e+01,1.394741713249801229e+00,5.335532242307458421e-03,-1.238096800977280323e-03
3.253999999999999915e+01,1.398741710184034259e+00,5.330579856368787735e-03,-1.238096800977280323e-03
3.256000000000000227e+01,1.402741707118267289e+00,5.325627470430117048e-03,-1.238096800977280323e-03
3.257999999999999829e+01,1.406741704052500319e+00,5.320675084491446362e-03,-1.238096800977280323e-03
3.260000000000000142e+01,1.410741700986733349e+00,5.315722698552775675e-03,-1.238096800977280323e-03
3.261999999999999744e+01,1.414741697920966379e+00,5.310770312614104989e-03,-1.238096800977280323e-03
3.264000000000000057e+01,1.418741694855199409e+00,5.305817926675434303e-03,-1.238096800977280323e-03
3.265999999999999659e+01,1.422741691789432439e+00,5.300865540736763616e-03,-1.238096800977280323e-03
3.267999999999999972e+01,1.426741688723665469e+00,5.295913154798092930e-03,-1.238096800977280323e-03
3.270000000000000284e+01,1.430741685657898499e+00,5.290960768859422243e-03,-1.238096800977280323e-03
3.271999999999999886e+01,1.434741682592131529e+00,5.286008382920751557e-03,-1.238096800977280323e-03
3.274000000000000199e+01,1.438741679526364559e+00,5.281055996982080870e-03,-1.238096800977280323e-03
3.275999999999999801e+01,1.442741676460597589e+00,5.276103611043410184e-03,-1.238096800977280323e-03
3.278000000000000114e+01,1.446741673394830618e+00,5.271151225104739498e-03,-1.238096800977280323e-03
3.279999999999999716e+01,1.450741670329063648e+00,5.266198839166068811e-03,-1.238096800977280323e-03
3.282000000000000028e+01,1.454378031178366282e+00,5.261696670130914036e-03,-1.238096800977280323e-03
3.284000000000000341e+01,1.458014392027668915e+00,5.257194501095759261e-03,-1.238096800977280323e-03
3.285999999999999943e+01,1.461650752876971548e+00,5.252692332060604485e-03,-1.238096800977280323e-03
3.288000000000000256e+01,1.465287113726274182e+00,5.248190163025449710e-03,-1.238096800977280323e-03
3.289999999999999858e+01,1.468923474575576815e+00,5.243687993990294935e-03,-1.238096800977280323e-03
3.292000000000000171e+01,1.472559835424879449e+00,5.239185824955140160e-03,-1.238096800977280323e-03
3.293999999999999773e+01,1.476196196274182082e+00,5.234683655919985384e-03,-1.238096800977280323e-03
3.296000000000000085e+01,1.479832557123484715e+00,5.230181486884830609e-03,-1.238096800977280323e-03
3.297999999999999687e+01,1.483468917972787349e+00,5.225679317849675834e-03,-1.238096800977280323e-03
3.300000000000000000e+01,1.487105278822089982e+00,5.221177148814521059e-03,-1.238096800977280323e-03
3.302000000000000313e+01,1.490741639671392615e+00,5.216674979779366284e-03,-1.238096800977280323e-03
3.303999999999999915e+01,1.494378000520695249e+00,5.212172810744211508e-03,-1.238096800977280323e-03
3.306000000000000227e+01,1.498014361369997882e+00,5.207670641709056733e-03,-1.238096800977280323e-03
3.307999999999999829e+01,1.501650722219300516e+00,5.203168472673901958e-03,-1.238096800977280323e-03
3.310000000000000142e+01,1.505287083068603149e+00,5.198666303638747183e-03,-1.238096800977280323e-03
3.311999999999999744e+01,1.508923443917905782e+00,5.194164134603592407e-03,-1.238096800977280323e-03
3.314000000000000057e+01,1.512559804767208416e+00,5.189661965568437632e-03,-1.238096800977280323e-03
3.315999999999999659e+01,1.516559801701441446e+00,5.184709579629766946e-03,-1.238096800977280323e-03
3.317999999999999972e+01,1.520559798635674476e+00,5.179757193691096259e-03,-1.238096800977280323e-03
3.320000000000000284e+01,1.524559795569907505e+00,5.174804807752425573e-03,-1.238096800977280323e-03
3.321999999999999886e+01,1.528559792504140535e+00,5.169852421813754886e-03,-1.238096800977280323e-03
3.324000000000000199e+01,1.532559789438373565e+00,5.164900035875084200e-03,-1.238096800977280323e-03
3.325999999999999801e+01,1.536559786372606595e+00,5.159947649936413513e-03,-1.238096800977280323e-03
3.328000000000000114e+01,1.540559783306839625e+00,5.154995263997742827e-03,-1.238096800977280323e-03
3.329999999999999716e+01,1.544559780241072655e+00,5.150042878059072141e-03,-1.238096800977280323e-03
3.332000000000000028e+01,1.548559777175305685e+00,5.145090492120401454e-03,-1.238096800977280323e-03
3.334000000000000341e+01,1.552196138024608318e+00,5.140588323085246679e-03,-1.238096800977280323e-03
3.335999999999999943e+01,1.555832498873910952e+00,5.136086154050091904e-03,-1.238096800977280323e-03
3.338000000000000256e+01,1.559468859723213585e+00,5.131583985014937128e-03,-1.238096800977280323e-03
3.339999999999999858e+01,1.563105220572516219e+00,5.127081815979782353e-03,-1.238096800977280323e-03
3.342000000000000171e+01,1.566741581421818852e+00,5.122579646944627578e-03,-1.238096800977280323e-03
3.343999999999999773e+01,1.570377942271121485e+00,5.118077477909472803e-03,-1.238096800977280323e-03
3.346000000000000085e+01,1.574014303120424119e+00,5.113575308874318028e-03,-1.238096800977280323e-03
3.347999999999999687e+01,1.577650663969726752e+00,5.109073139839163252e-03,-1.238096800977280323e-03
3.350000000000000000e+01,1.581287024819029385e+00,5.104570970804008477e-03,-1.238096800977280323e-03
3.352000000000000313e+01,1.584923385668332019e+00,5.100068801768853702e-03,-1.238096800977280323e-03
3.353999999999999915e+01,1.588559746517634652e+00,5.095566632733698927e-03,-1.238096800977280323e-03
3.356000000000000227e+01,1.592559743451867682e+00,5.090614246795028240e-03,-1.238096800977280323e-03
3.357999999999999829e+01,1.596559740386100712e+00,5.085661860856357554e-03,-1.238096800977280323e-03
3.360000000000000142e+01,1.600559737320333742e+00,5.080709474917686867e-03,-1.238096800977280323e-03
3.361999999999999744e+01,1.604559734254566772e+00,5.075757088979016181e-03,-1.238096800977280323e-03
3.364000000000000057e+01,1.608559731188799802e+00,5.070804703040345494e-03,-1.238096800977280323e-03
3.365999999999999659e+01,1.612559728123032832e+00,5.065852317101674808e-03,-1.238096800977280323e-03
3.367999999999999972e+01,1.616559725057265862e+00,5.060899931163004122e-03,-1.238096800977280323e-03
3.370000000000000284e+01,1.620559721991498892e+00,5.055947545224333435e-03,-1.238096800977280323e-03
3.371999999999999886e+01,1.624559718925731922e+00,5.050995159285662749e-03,-1.238096800977280323e-03
3.374000000000000199e+01,1.628559715859964951e+00,5.046042773346992062e-03,-1.238096800977280323e-03
3.375999999999999801e+01,1.632559712794197981e+00,5.041090387408321376e-03,-1.238096800977280323e-03
3.378000000000000114e+01,1.636559709728431011e+00,5.036138001469650689e-03,-1.238096800977280323e-03
3.379999999999999716e+01,1.640559706662664041e+00,5.031185615530980003e-03,-1.238096800977280323e-03
3.382000000000000028e+01,1.644559703596897071e+00,5.026233229592309316e-03,-1.238096800977280323e-03
3.384000000000000341e+01,1.648559700531130101e+00,5.021280843653638630e-03,-1.238096800977280323e-03
3.385999999999999943e+01,1.652559697465363131e+00,5.016328457714967944e-03,-1.238096800977280323e-03
3.388000000000000256e+01,1.656559694399596161e+00,5.011376071776297257e-03,-1.238096800977280323e-03
3.389999999999999858e+01,1.660559691333829191e+00,5.006423685837626571e-03,-1.238096800977280323e-03
3.392000000000000171e+01,1.664559688268062221e+00,5.001471299898955884e-03,-1.238096800977280323e-03
3.393999999999999773e+01,1.668559685202295251e+00,4.996518913960285198e-03,-1.238096800977280323e-03
3.396000000000000085e+01,1.672559682136528281e+00,4.991566528021614511e-03,-1.238096800977280323e-03
3.397999999999999687e+01,1.676559679070761311e+00,4.986614142082943825e-03,-1.238096800977280323e-03
3.400000000000000000e+01,1.680559676004994341e+00,4.981661756144273139e-03,-1.238096800977280323e-03
3.402000000000000313e+01,1.684559672939227370e+00,4.976709370205602452e-03,-1.238096800977280323e-03
3.403999999999999915e+01,1.688559669873460400e+00,4.971756984266931766e-03,-1.238096800977280323e-03
3.406000000000000227e+01,1.692559666807693430e+00,4.966804598328261079e-03,-1.238096800977280323e-03
3.407999999999999829e+01,1.696559663741926460e+00,4.961852212389590393e-03,-1.238096800977280323e-03
3.410000000000000142e+01,1.700559660676159490e+00,4.956899826450919706e-03,-1.238096800977280323e-03
3.411999999999999744e+01,1.704559657610392520e+00,4.951947440512249020e-03,-1.238096800977280323e-03
3.414000000000000057e+01,1.708559654544625550e+00,4.946995054573578333e-03,-1.238096800977280323e-03
3.415999999999999659e+01,1.712196015393928183e+00,4.942492885538423558e-03,-1.238096800977280323e-03
3.417999999999999972e+01,1.715832376243230817e+00,4.937990716503268783e-03,-1.238096800977280323e-03
3.420000000000000284e+01,1.719468737092533450e+00,4.933488547468114008e-03,-1.238096800977280323e-03
3.421999999999999886e+01,1.723105097941836084e+00,4.928986378432959232e-03,-1.238096800977280323e-03
3.424000000000000199e+01,1.726741458791138717e+00,4.924484209397804457e-03,-1.238096800977280323e-03
3.425999999999999801e+01,1.730377819640441350e+00,4.919982040362649682e-03,-1.238096800977280323e-03
3.428000000000000114e+01,1.734014180489743984e+00,4.915479871327494907e-03,-1.238096800977280323e-03
3.429999999999999716e+01,1.737650541339046617e+00,4.910977702292340132e-03,-1.238096800977280323e-03
3.432000000000000028e+01,1.741650538273279647e+00,4.906025316353669445e-03,-1.238096800977280323e-03
3.434000000000000341e+01,1.745650535207512677e+00,4.901072930414998759e-03,-1.238096800977280323e-03
3.435999999999999943e+01,1.749650532141745707e+00,4.896120544476328072e-03,-1.238096800977280323e-03
3.438000000000000256e+01,1.753650529075978737e+00,4.891168158537657386e-03,-1.238096800977280323e-03
3.439999999999999858e+01,1.757650526010211767e+00,4.886215772598986699e-03,-1.238096800977280323e-03
3.442000000000000171e+01,1.761650522944444797e+00,4.881263386660316013e-03,-1.238096800977280323e-03
3.443999999999999773e+01,1.765650519878677827e+00,4.876311000721645326e-03,-1.238096800977280323e-03
3.446000000000000085e+01,1.769650516812910857e+00,4.871358614782974640e-03,-1.238096800977280323e-03
3.447999999999999687e+01,1.773650513747143886e+00,4.866406228844303954e-03,-1.238096800977280323e-03
3.450000000000000000e+01,1.777650510681376916e+00,4.861453842905633267e-03,-1.238096800977280323e-03
3.452000000000000313e+01,1.781650507615609946e+00,4.856501456966962581e-03,-1.238096800977280323e-03
3.453999999999999915e+01,1.785650504549842976e+00,4.851549071028291894e-03,-1.238096800977280323e-03
3.456000000000000227e+01,1.789650501484076006e+00,4.846596685089621208e-03,-1.238096800977280323e-03
3.457999999999999829e+01,1.793650498418309036e+00,4.841644299150950521e-03,-1.238096800977280323e-03
3.460000000000000142e+01,1.797650495352542066e+00,4.836691913212279835e-03,-1.238096800977280323e-03
3.461999999999999744e+01,1.801286856201844699e+00,4.832189744177125060e-03,-1.238096800977280323e-03
3.464000000000000057e+01,1.804923217051147333e+00,4.827687575141970285e-03,-1.238096800977280323e-03
3.465999999999999659e+01,1.808559577900449966e+00,4.823185406106815509e-03,-1.238096800977280323e-03
3.467999999999999972e+01,1.812195938749752600e+00,4.818683237071660734e-03,-1.238096800977280323e-03
3.470000000000000284e+01,1.815832299599055233e+00,4.814181068036505959e-03,-1.238096800977280323e-03
3.471999999999999886e+01,1.819468660448357866e+00,4.809678899001351184e-03,-1.238096800977280323e-03
3.474000000000000199e+01,1.823468657382590896e+00,4.804726513062680497e-03,-1.238096800977280323e-03
3.475999999999999801e+01,1.827468654316823926e+00,4.799774127124009811e-03,-1.238096800977280323e-03
3.478000000000000114e+01,1.831468651251056956e+00,4.794821741185339124e-03,-1.238096800977280323e-03
3.479999999999999716e+01,1.835468648185289986e+00,4.789869355246668438e-03,-1.238096800977280323e-03
3.482000000000000028e+01,1.839468645119523016e+00,4.784916969307997751e-03,-1.238096800977280323e-03
3.484000000000000341e+01,1.843468642053756046e+00,4.779964583369327065e-03,-1.238096800977280323e-03
3.485999999999999943e+01,1.847468638987989076e+00,4.775012197430656379e-03,-1.238096800977280323e-03
3.488000000000000256e+01,1.851468635922222106e+00,4.770059811491985692e-03,-1.238096800977280323e-03
3.489999999999999858e+01,1.855468632856455136e+00,4.765107425553315006e-03,-1.238096800977280323e-03
3.492000000000000171e+01,1.859468629790688166e+00,4.760155039614644319e-03,-1.238096800977280323e-03
3.493999999999999773e+01,1.863468626724921196e+00,4.755202653675973633e-03,-1.238096800977280323e-03
3.496000000000000085e+01,1.867468623659154225e+00,4.750250267737302946e-03,-1.238096800977280323e-03
3.497999999999999687e+01,1.871468620593387255e+00,4.745297881798632260e-03,-1.238096800977280323e-03
3.500000000000000000e+01,1.875468617527620285e+00,4.740345495859961573e-03,-1.238096800977280323e-03
3.502000000000000313e+01,1.879468614461853315e+00,4.735393109921290887e-03,-1.238096800977280323e-03
3.503999999999999915e+01,1.883468611396086345e+00,4.730440723982620201e-03,-1.238096800977280323e-03
3.506000000000000227e+01,1.887468608330319375e+00,4.725488338043949514e-03,-1.238096800977280323e-03
3.507999999999999829e+01,1.891468605264552405e+00,4.720535952105278828e-03,-1.238096800977280323e-03
3.510000000000000142e+01,1.895468602198785435e+00,4.715583566166608141e-03,-1.238096800977280323e-03
3.511999999999999744e+01,1.899468599133018465e+00,4.710631180227937455e-03,-1.238096800977280323e-03
3.514000000000000057e+01,1.903104959982321098e+00,4.706129011192782680e-03,-1.238096800977280323e-03
3.515999999999999659e+01,1.906741320831623732e+00,4.701626842157627904e-03,-1.238096800977280323e-03
3.517999999999999972e+01,1.910377681680926365e+00,4.697124673122473129e-03,-1.238096800977280323e-03
3.520000000000000284e+01,1.914014042530228998e+00,4.692622504087318354e-03,-1.238096800977280323e-03
3.521999999999999886e+01,1.917650403379531632e+00,4.688120335052163579e-03,-1.238096800977280323e-03
3.524000000000000199e+01,1.921286764228834265e+00,4.683618166017008803e-03,-1.238096800977280323e-03
3.525999999999999801e+01,1.924923125078136898e+00,4.679115996981854028e-03,-1.238096800977280323e-03
3.528000000000000114e+01,1.928559485927439532e+00,4.674613827946699253e-03,-1.238096800977280323e-03
3.529999999999999716e+01,1.932195846776742165e+00,4.670111658911544478e-03,-1.238096800977280323e-03
3.532000000000000028e+01,1.935832207626044799e+00,4.665609489876389702e-03,-1.238096800977280323e-03
3.534000000000000341e+01,1.939832204560277829e+00,4.660657103937719016e-03,-1.238096800977280323e-03
3.535999999999999943e+01,1.943832201494510858e+00,4.655704717999048330e-03,-1.238096800977280323e-03
3.538000000000000256e+01,1.947832198428743888e+00,4.650752332060377643e-03,-1.238096800977280323e-03
3.539999999999999858e+01,1.951832195362976918e+00,4.645799946121706957e-03,-1.238096800977280323e-03
3.542000000000000171e+01,1.955832192297209948e+00,4.640847560183036270e-03,-1.238096800977280323e-03
3.543999999999999773e+01,1.959832189231442978e+00,4.635895174244365584e-03,-1.238096800977280323e-03
3.546000000000000085e+01,1.963832186165676008e+00,4.630942788305694897e-03,-1.238096800977280323e-03
3.547999999999999687e+01,1.967832183099909038e+00,4.625990402367024211e-03,-1.238096800977280323e-03
3.550000000000000000e+01,1.971832180034142068e+00,4.621038016428353525e-03,-1.238096800977280323e-03
3.552000000000000313e+01,1.975832176968375098e+00,4.616085630489682838e-03,-1.238096800977280323e-03
3.553999999999999915e+01,1.979832173902608128e+00,4.611133244551012152e-03,-1.238096800977280323e-03
3.556000000000000227e+01,1.983832170836841158e+00,4.606180858612341465e-03,-1.238096800977280323e-03
3.557999999999999829e+01,1.987832167771074188e+00,4.601228472673670779e-03,-1.238096800977280323e-03
3.560000000000000142e+01,1.991832164705307218e+00,4.596276086735000092e-03,-1.238096800977280323e-03
3.561999999999999744e+01,1.995832161639540248e+00,4.591323700796329406e-03,-1.238096800977280323e-03
3.564000000000000057e+01,1.999832158573773278e+00,4.586371314857658719e-03,-1.238096800977280323e-03
3.565999999999999659e+01,2.003832155508006085e+00,4.581418928918988033e-03,-1.238096800977280323e-03
3.567999999999999972e+01,2.007832152442238893e+00,4.576466542980317347e-03,-1.238096800977280323e-03
3.570000000000000284e+01,2.011832149376471701e+00,4.571514157041646660e-03,-1.238096800977280323e-03
3.571999999999999886e+01,2.015832146310704509e+00,4.566561771102975974e-03,-1.238096800977280323e-03
3.574000000000000199e+01,2.019832143244937317e+00,4.561609385164305287e-03,-1.238096800977280323e-03
3.575999999999999801e+01,2.023832140179170125e+00,4.556656999225634601e-03,-1.238096800977280323e-03
3.578000000000000114e+01,2.027832137113402933e+00,4.551704613286963914e-03,-1.238096800977280323e-03
3.579999999999999716e+01,2.031832134047635741e+00,4.546752227348293228e-03,-1.238096800977280323e-03
3.582000000000000028e+01,2.035832130981868549e+00,4.541799841409622542e-03,-1.238096800977280323e-03
3.584000000000000341e+01,2.039832127916101356e+00,4.536847455470951855e-03,-1.238096800977280323e-03
3.585999999999999943e+01,2.043832124850334164e+00,4.531895069532281169e-03,-1.238096800977280323e-03
3.588000000000000256e+01,2.047832121784566972e+00,4.526942683593610482e-03,-1.238096800977280323e-03
3.589999999999999858e+01,2.051468482633869606e+00,4.522440514558455707e-03,-1.238096800977280323e-03
3.592000000000000171e+01,2.055104843483172239e+00,4.517938345523300932e-03,-1.238096800977280323e-03
3.593999999999999773e+01,2.058741204332474872e+00,4.513436176488146157e-03,-1.238096800977280323e-03
3.596000000000000085e+01,2.062377565181777506e+00,4.508934007452991381e-03,-1.238096800977280323e-03
3.597999999999999687e+01,2.066013926031080139e+00,4.504431838417836606e-03,-1.238096800977280323e-03
3.600000000000000000e+01,2.069650286880382772e+00,4.499929669382681831e-03,-1.238096800977280323e-03
3.602000000000000313e+01,2.073286647729685406e+00,4.495427500347527056e-03,-1.238096800977280323e-03
3.603999999999999915e+01,2.076923008578988039e+00,4.490925331312372280e-03,-1.238096800977280323e-03
3.606000000000000227e+01,2.080559369428290672e+00,4.486423162277217505e-03,-1.238096800977280323e-03
3.607999999999999829e+01,2.084195730277593306e+00,4.481920993242062730e-03,-1.238096800977280323e-03
3.610000000000000142e+01,2.088195727211826114e+00,4.476968607303392043e-03,-1.238096800977280323e-03
3.611999999999999744e+01,2.092195724146058922e+00,4.472016221364721357e-03,-1.238096800977280323e-03
3.614000000000000057e+01,2.096195721080291730e+00,4.467063835426050671e-03,-1.238096800977280323e-03
3.615999999999999659e+01,2.100195718014524537e+00,4.462111449487379984e-03,-1.238096800977280323e-03
3.617999999999999972e+01,2.104195714948757345e+00,4.457159063548709298e-03,-1.238096800977280323e-03
3.620000000000000284e+01,2.108195711882990153e+00,4.452206677610038611e-03,-1.238096800977280323e-03
3.621999999999999886e+01,2.112195708817222961e+00,4.447254291671367925e-03,-1.238096800977280323e-03
3.624000000000000199e+01,2.116195705751455769e+00,4.442301905732697238e-03,-1.238096800977280323e-03
3.625999999999999801e+01,2.120195702685688577e+00,4.437349519794026552e-03,-1.238096800977280323e-03
3.628000000000000114e+01,2.124195699619921385e+00,4.432397133855355865e-03,-1.238096800977280323e-03
3.629999999999999716e+01,2.128195696554154193e+00,4.427444747916685179e-03,-1.238096800977280323e-03
3.632000000000000028e+01,2.132195693488387001e+00,4.422492361978014493e-03,-1.238096800977280323e-03
3.634000000000000341e+01,2.136195690422619808e+00,4.417539976039343806e-03,-1.238096800977280323e-03
3.635999999999999943e+01,2.140195687356852616e+00,4.412587590100673120e-03,-1.238096800977280323e-03
3.638000000000000256e+01,2.144195684291085424e+00,4.407635204162002433e-03,-1.238096800977280323e-03
3.639999999999999858e+01,2.148195681225318232e+00,4.402682818223331747e-03,-1.238096800977280323e-03
3.642000000000000171e+01,2.152195678159551040e+00,4.397730432284661060e-03,-1.238096800977280323e-03
3.643999999999999773e+01,2.156195675093783848e+00,4.392778046345990374e-03,-1.238096800977280323e-03
3.646000000000000085e+01,2.160195672028016656e+00,4.387825660407319688e-03,-1.238096800977280323e-03
3.647999999999999687e+01,2.164195668962249464e+00,4.382873274468649001e-03,-1.238096800977280323e-03
3.650000000000000000e+01,2.168195665896482272e+00,4.377920888529978315e-03,-1.238096800977280323e-03
3.652000000000000313e+01,2.172195662830715079e+00,4.372968502591307628e-03,-1.238096800977280323e-03
3.653999999999999915e+01,2.176195659764947887e+00,4.368016116652636942e-03,-1.238096800977280323e-03
3.656000000000000227e+01,2.180195656699180695e+00,4.363063730713966255e-03,-1.238096800977280323e-03
3.657999999999999829e+01,2.184195653633413503e+00,4.358111344775295569e-03,-1.238096800977280323e-03
3.660000000000000142e+01,2.188195650567646311e+00,4.353158958836624882e-03,-1.238096800977280323e-03
3.661999999999999744e+01,2.192195647501879119e+00,4.348206572897954196e-03,-1.238096800977280323e-03
3.664000000000000057e+01,2.196195644436111927e+00,4.343254186959283510e-03,-1.238096800977280323e-03
3.665999999999999659e+01,2.200195641370344735e+00,4.338301801020612823e-03,-1.238096800977280323e-03
3.667999999999999972e+01,2.204195638304577542e+00,4.333349415081942137e-03,-1.238096800977280323e-03
3.670000000000000284e+01,2.208195635238810350e+00,4.328397029143271450e-03,-1.238096800977280323e-03
3.671999999999999886e+01,2.212195632173043158e+00,4.323444643204600764e-03,-1.238096800977280323e-03
3.674000000000000199e+01,2.216195629107275966e+00,4.318492257265930077e-03,-1.238096800977280323e-03
3.675999999999999801e+01,2.220195626041508774e+00,4.313539871327259391e-03,-1.238096800977280323e-03
3.678000000000000114e+01,2.224195622975741582e+00,4.308587485388588705e-03,-1.238096800977280323e-03
3.679999999999999716e+01,2.228195619909974390e+00,4.303635099449918018e-03,-1.238096800977280323e-03
3.682000000000000028e+01,2.232195616844207198e+00,4.298682713511247332e-03,-1.238096800977280323e-03
3.684000000000000341e+01,2.236195613778440006e+00,4.293730327572576645e-03,-1.238096800977280323e-03
3.685999999999999943e+01,2.240195610712672813e+00,4.288777941633905959e-03,-1.238096800977280323e-03
3.688000000000000256e+01,2.244195607646905621e+00,4.283825555695235272e-03,-1.238096800977280323e-03
3.689999999999999858e+01,2.248195604581138429e+00,4.278873169756564586e-03,-1.238096800977280323e-03
3.692000000000000171e+01,2.252195601515371237e+00,4.273920783817893899e-03,-1.238096800977280323e-03
3.693999999999999773e+01,2.255831962364673871e+00,4.269418614782739124e-03,-1.238096800977280323e-03
3.696000000000000085e+01,2.259468323213976504e+00,4.264916445747584349e-03,-1.238096800977280323e-03
3.697999999999999687e+01,2.263104684063279137e+00,4.260414276712429574e-03,-1.238096800977280323e-03
3.700000000000000000e+01,2.266741044912581771e+00,4.255912107677274799e-03,-1.238096800977280323e-03
3.702000000000000313e+01,2.270377405761884404e+00,4.251409938642120023e-03,-1.238096800977280323e-03
3.703999999999999915e+01,2.274013766611187037e+00,4.246907769606965248e-03,-1.238096800977280323e-03
3.706000000000000227e+01,2.277650127460489671e+00,4.242405600571810473e-03,-1.238096800977280323e-03
3.707999999999999829e+01,2.281286488309792304e+00,4.237903431536655698e-03,-1.238096800977280323e-03
3.710000000000000142e+01,2.284922849159094937e+00,4.233401262501500922e-03,-1.238096800977280323e-03
3.711999999999999744e+01,2.288559210008397571e+00,4.228899093466346147e-03,-1.238096800977280323e-03
3.714000000000000057e+01,2.292559206942630379e+00,4.223946707527675461e-03,-1.238096800977280323e-03
3.715999999999999659e+01,2.296559203876863187e+00,4.218994321589004774e-03,-1.238096800977280323e-03
3.717999999999999972e+01,2.300559200811095995e+00,4.214041935650334088e-03,-1.238096800977280323e-03
3.720000000000000284e+01,2.304559197745328802e+00,4.209089549711663401e-03,-1.238096800977280323e-03
3.721999999999999886e+01,2.308559194679561610e+00,4.204137163772992715e-03,-1.238096800977280323e-03
3.724000000000000199e+01,2.312559191613794418e+00,4.199184777834322028e-03,-1.238096800977280323e-03
3.725999999999999801e+01,2.316559188548027226e+00,4.194232391895651342e-03,-1.238096800977280323e-03
3.728000000000000114e+01,2.320559185482260034e+00,4.189280005956980656e-03,-1.238096800977280323e-03
3.729999999999999716e+01,2.324559182416492842e+00,4.184327620018309969e-03,-1.238096800977280323e-03
3.732000000000000028e+01,2.328559179350725650e+00,4.179375234079639283e-03,-1.238096800977280323e-03
3.734000000000000341e+01,2.332559176284958458e+00,4.174422848140968596e-03,-1.238096800977280323e-03
3.735999999999999943e+01,2.336559173219191266e+00,4.169470462202297910e-03,-1.238096800977280323e-03
3.738000000000000256e+01,2.340559170153424073e+00,4.164518076263627223e-03,-1.238096800977280323e-03
3.739999999999999858e+01,2.344559167087656881e+00,4.159565690324956537e-03,-1.238096800977280323e-03
3.742000000000000171e+01,2.348559164021889689e+00,4.154613304386285851e-03,-1.238096800977280323e-03
3.743999999999999773e+01,2.352559160956122497e+00,4.149660918447615164e-03,-1.238096800977280323e-03
3.746000000000000085e+01,2.356559157890355305e+00,4.144708532508944478e-03,-1.238096800977280323e-03
3.747999999999999687e+01,2.360559154824588113e+00,4.139756146570273791e-03,-1.238096800977280323e-03
3.750000000000000000e+01,2.364559151758820921e+00,4.134803760631603105e-03,-1.238096800977280323e-03
3.752000000000000313e+01,2.368559148693053729e+00,4.129851374692932418e-03,-1.238096800977280323e-03
3.753999999999999915e+01,2.372559145627286536e+00,4.124898988754261732e-03,-1.238096800977280323e-03
3.756000000000000227e+01,2.376559142561519344e+00,4.119946602815591045e-03,-1.238096800977280323e-03
3.757999999999999829e+01,2.380559139495752152e+00,4.114994216876920359e-03,-1.238096800977280323e-03
3.760000000000000142e+01,2.384559136429984960e+00,4.110041830938249673e-03,-1.238096800977280323e-03
3.761999999999999744e+01,2.388559133364217768e+00,4.105089444999578986e-03,-1.238096800977280323e-03
3.764000000000000057e+01,2.392559130298450576e+00,4.100137059060908300e-03,-1.238096800977280323e-03
3.765999999999999659e+01,2.396559127232683384e+00,4.095184673122237613e-03,-1.238096800977280323e-03
3.767999999999999972e+01,2.400559124166916192e+00,4.090232287183566927e-03,-1.238096800977280323e-03
3.770000000000000284e+01,2.404559121101149000e+00,4.085279901244896240e-03,-1.238096800977280323e-03
3.771999999999999886e+01,2.408559118035381807e+00,4.080327515306225554e-03,-1.238096800977280323e-03
3.774000000000000199e+01,2.412559114969614615e+00,4.075375129367554868e-03,-1.238096800977280323e-03
3.775999999999999801e+01,2.416559111903847423e+00,4.070422743428884181e-03,-1.238096800977280323e-03
3.778000000000000114e+01,2.420559108838080231e+00,4.065470357490213495e-03,-1.238096800977280323e-03
3.779999999999999716e+01,2.424559105772313039e+00,4.060517971551542808e-03,-1.238096800977280323e-03
3.782000000000000028e+01,2.428559102706545847e+00,4.055565585612872122e-03,-1.238096800977280323e-03
3.784000000000000341e+01,2.432559099640778655e+00,4.050613199674201435e-03,-1.238096800977280323e-03
3.785999999999999943e+01,2.436559096575011463e+00,4.045660813735530749e-03,-1.238096800977280323e-03
3.788000000000000256e+01,2.440559093509244271e+00,4.040708427796860062e-03,-1.238096800977280323e-03
3.789999999999999858e+01,2.444195454358546904e+00,4.036206258761705287e-03,-1.238096800977280323e-03
3.792000000000000171e+01,2.447831815207849537e+00,4.031704089726550512e-03,-1.238096800977280323e-03
3.793999999999999773e+01,2.451468176057152171e+00,4.027201920691395737e-03,-1.238096800977280323e-03
3.796000000000000085e+01,2.455104536906454804e+00,4.022699751656240962e-03,-1.238096800977280323e-03
3.797999999999999687e+01,2.458740897755757437e+00,4.018197582621086186e-03,-1.238096800977280323e-03
3.800000000000000000e+01,2.462377258605060071e+00,4.013695413585931411e-03,-1.238096800977280323e-03
3.802000000000000313e+01,2.466013619454362704e+00,4.009193244550776636e-03,-1.238096800977280323e-03
3.803999999999999915e+01,2.469649980303665338e+00,4.004691075515621861e-03,-1.238096800977280323e-03
3.806000000000000227e+01,2.473649970493095651e+00,3.996086522230382458e-03,-3.064183757499019944e-03
3.807999999999999829e+01,2.477649938300703347e+00,3.980177657439882589e-03,-4.890270714020758698e-03
3.810000000000000142e+01,2.481649870388225043e+00,3.956964534193477094e-03,-6.716357670542499186e-03
3.811999999999999744e+01,2.485649753417516372e+00,3.926447229897626554e-03,-8.542444627064242277e-03
3.814000000000000057e+01,2.489649574050597280e+00,3.888625846315416773e-03,-1.036853158358598190e-02
3.815999999999999659e+01,2.493649318949695104e+00,3.843500509565338837e-03,-1.219461854010771978e-02
3.817999999999999972e+01,2.497648974777289865e+00,3.791071370122263591e-03,-1.402070549662945767e-02
3.820000000000000284e+01,2.501648528196158683e+00,3.731338602815738141e-03,-1.584679245315119556e-02
3.821999999999999886e+01,2.505647965869420180e+00,3.664302406830473747e-03,-1.767287940967293691e-02
3.824000000000000199e+01,2.509647274460578892e+00,3.589963005704642756e-03,-1.949896636619468521e-02
3.825999999999999801e+01,2.513646462067654852e+00,3.509363905352242546e-03,-2.080331419228163836e-02
3.828000000000000114e+01,2.517645541143544552e+00,3.423548543379923738e-03,-2.210766201836859499e-02
3.829999999999999716e+01,2.521644504884522409e+00,3.332517065787342705e-03,-2.341200984445555161e-02
3.832000000000000028e+01,2.525643346487059571e+00,3.236269627448805537e-03,-2.471635767054251170e-02
3.834000000000000341e+01,2.529642059147834576e+00,3.134806392112246282e-03,-2.602070549662946833e-02
3.835999999999999943e+01,2.533640636063745788e+00,3.028127532399226083e-03,-2.732505332271642495e-02
3.838000000000000256e+01,2.537639070431922494e+00,2.916233229804934476e-03,-2.862940114880337464e-02
3.839999999999999858e+01,2.541637355449736013e+00,2.799123674697507214e-03,-2.993374897489033473e-02
3.842000000000000171e+01,2.545635484314812125e+00,2.676799066318708443e-03,-3.123809680097728789e-02
3.843999999999999773e+01,2.549633450225042175e+00,2.549259612781546325e-03,-3.254244462706425145e-02
3.846000000000000085e+01,2.553631246378594621e+00,2.416505531072656986e-03,-3.384679245315121154e-02
3.847999999999999687e+01,2.557628865973927024e+00,2.278537047048559243e-03,-3.515114027923817164e-02
3.850000000000000000e+01,2.561626302209797146e+00,2.135354395439058566e-03,-3.645548810532513173e-02
3.852000000000000313e+01,2.565623548285274502e+00,1.986957819843843988e-03,-3.775983593141209183e-02
3.853999999999999915e+01,2.569620597399752793e+00,1.833347572733507900e-03,-3.906418375749905192e-02
3.856000000000000227e+01,2.573617442752960116e+00,1.674523915448525389e-03,-4.036853158358601201e-02
3.857999999999999829e+01,2.577614077544971849e+00,1.510487118199254448e-03,-4.167287940967297211e-02
3.860000000000000142e+01,2.581610494976220860e+00,1.341237460065254454e-03,-4.297722723575992526e-02
3.861999999999999744e+01,2.585606688247510387e+00,1.166775228994945939e-03,-4.428157506184689229e-02
3.864000000000000057e+01,2.589602650560024699e+00,9.871007218049301490e-04,-4.558592288793384545e-02
3.865999999999999659e+01,2.593598375115341526e+00,8.022142441793070778e-04,-4.689027071402081942e-02
3.867999999999999972e+01,2.597593855115442274e+00,6.121161106703573241e-04,-4.819461854010777258e-02
3.870000000000000284e+01,2.601225927518073799e+00,4.355095337666429122e-04,-4.897722723575993059e-02
3.871999999999999886e+01,2.604857860594597341e+00,2.560605197914220471e-04,-4.975983593141210942e-02
3.874000000000000199e+01,2.608489652120539848e+00,7.376917865253509879e-05,-5.054244462706428132e-02
3.875999999999999801e+01,2.612121299871515312e+00,-1.113643780006300912e-04,-5.132505332271645321e-02
3.878000000000000114e+01,2.615752801623224766e+00,-2.993400367781699637e-04,-5.210766201836862510e-02
3.879999999999999716e+01,2.619384155151459836e+00,-4.901576825496652958e-04,-5.289027071402079699e-02
3.882000000000000028e+01,2.623015358232102301e+00,-6.838171984431494748e-04,-5.367287940967296889e-02
3.884000000000000341e+01,2.626646408641125863e+00,-8.803184658476877330e-04,-5.445548810532514078e-02
3.885999999999999943e+01,2.629914214603251033e+00,-1.059727074554022569e-03,-5.523809680097731961e-02
3.888000000000000256e+01,2.633181879157926453e+00,-1.241693041418909628e-03,-5.602070549662948457e-02
3.889999999999999858e+01,2.636449400303785051e+00,-1.426216254993115497e-03,-5.680331419228165646e-02
3.892000000000000171e+01,2.639716776039547241e+00,-1.613296602260013519e-03,-5.758592288793382835e-02
3.893999999999999773e+01,2.642984004364022255e+00,-1.802933968637442010e-03,-5.836853158358600024e-02
3.896000000000000085e+01,2.646251083276110805e+00,-1.995128237977239136e-03,-5.915114027923817908e-02
3.897999999999999687e+01,2.649518010774803756e+00,-2.189879292564778437e-03,-5.993374897489037179e-02
3.900000000000000000e+01,2.652784784859185674e+00,-2.387187013119434608e-03,-6.071635767054252980e-02
3.902000000000000313e+01,2.656051403528434829e+00,-2.587051278795510917e-03,-6.149896636619471557e-02
3.903999999999999915e+01,2.659317864781824081e+00,-2.789471967179916849e-03,-6.228157506184688053e-02
3.906000000000000227e+01,2.662584166618723547e+00,-2.994448954295884750e-03,-6.306418375749907324e-02
3.907999999999999829e+01,2.665487402547503049e+00,-3.178922874565545675e-03,-6.384679245315126594e-02
3.910000000000000142e+01,2.668390493216321602e+00,-3.365668835793578922e-03,-6.462940114880343090e-02
3.911999999999999744e+01,2.671293436847104630e+00,-3.554686723602412841e-03,-6.541200984445559585e-02
3.914000000000000057e+01,2.674196231661868151e+00,-3.745976422223714145e-03,-6.619461854010776081e-02
3.915999999999999659e+01,2.677098875882718776e+00,-3.939537814496324453e-03,-6.697722723575993964e-02
3.917999999999999972e+01,2.680001367731855488e+00,-4.135370781869148610e-03,-6.775983593141211847e-02
3.920000000000000284e+01,2.682903705431570973e+00,-4.333475204398267236e-03,-6.854244462706431118e-02
3.921999999999999886e+01,2.685805887204252063e+00,-4.533850960750236171e-03,-6.932505332271649001e-02
3.924000000000000199e+01,2.688707911272381068e+00,-4.736497928199199028e-03,-7.010766201836866884e-02
3.925999999999999801e+01,2.691609775858536668e+00,-4.941415982628949780e-03,-7.089027071402086155e-02
3.928000000000000114e+01,2.694148813533886244e+00,-5.122044024155223904e-03,-7.115114027923824525e-02
3.929999999999999716e+01,2.696687804002483091e+00,-5.303334417182727425e-03,-7.141200984445564282e-02
3.932000000000000028e+01,2.699226747091541867e+00,-5.485287149373658556e-03,-7.167287940967301263e-02
3.934000000000000341e+01,2.701765642628279895e+00,-5.667902208345800517e-03,-7.193374897489041020e-02
3.935999999999999943e+01,2.704304490439917608e+00,-5.851179581671438201e-03,-7.219461854010782165e-02
3.938000000000000256e+01,2.706843290353678988e+00,-6.035119256877357306e-03,-7.245548810532521922e-02
3.939999999999999858e+01,2.709382042196791573e+00,-6.219721221448095208e-03,-7.271635767054261679e-02
3.942000000000000171e+01,2.711920745796486010e+00,-6.404985462818355013e-03,-7.297722723576002823e-02
3.943999999999999773e+01,2.714459400979995607e+00,-6.590911968381675708e-03,-7.323809680097743968e-02
3.946000000000000085e+01,2.716997958755265064e+00,-6.778162960079197469e-03,-7.402070549662960464e-02
3.947999999999999687e+01,2.719536369208891635e+00,-6.967400591620234035e-03,-7.480331419228178347e-02
3.950000000000000000e+01,2.722074630786158966e+00,-7.158624747100521789e-03,-7.558592288793396230e-02
3.952000000000000313e+01,2.724612741932442184e+00,-7.351835309400326680e-03,-7.636853158358614113e-02
3.953999999999999915e+01,2.727150701093208340e+00,-7.547032160182635778e-03,-7.715114027923831996e-02
3.956000000000000227e+01,2.729688506714017304e+00,-7.744215179893880648e-03,-7.793374897489049880e-02
3.957999999999999829e+01,2.732226157240523090e+00,-7.943384247763939088e-03,-7.871635767054267763e-02
3.960000000000000142e+01,2.734763651118475192e+00,-8.144539241806853305e-03,-7.949896636619484258e-02
3.961999999999999744e+01,2.737300986793718138e+00,-8.347680038819390094e-03,-8.028157506184703529e-02
3.964000000000000057e+01,2.739838162712194158e+00,-8.552806514383202302e-03,-8.106418375749920024e-02
3.965999999999999659e+01,2.742375177319942736e+00,-8.759918542863029053e-03,-8.184679245315139295e-02
3.967999999999999972e+01,2.744549621671223072e+00,-8.939144932472812069e-03,-8.262940114880357179e-02
3.970000000000000284e+01,2.746723925092488638e+00,-9.120073006080253730e-03,-8.341200984445575062e-02
3.971999999999999886e+01,2.748898086252030470e+00,-9.302702652871247882e-03,-8.419461854010792945e-02
3.974000000000000199e+01,2.751072103818225756e+00,-9.487033760989856818e-03,-8.497722723576010828e-02
3.975999999999999801e+01,2.753245976459540501e+00,-9.673066217537379732e-03,-8.575983593141228711e-02
3.978000000000000114e+01,2.755419702844529528e+00,-9.860799908572973754e-03,-8.654244462706446595e-02
3.979999999999999716e+01,2.757593281641836480e+00,-1.005023471911489080e-02,-8.732505332271664478e-02
3.982000000000000028e+01,2.759766711520195592e+00,-1.024137053313831092e-02,-8.810766201836882361e-02
3.984000000000000341e+01,2.761939991148432583e+00,-1.043420723357720015e-02,-8.889027071402098856e-02
3.985999999999999943e+01,2.764113119195465540e+00,-1.062874470232369299e-02,-8.967287940967318127e-02
3.988000000000000256e+01,2.765923931807831249e+00,-1.079227646724427968e-02,-9.045548810532536010e-02
3.989999999999999858e+01,2.767734615884288818e+00,-1.095722533963684048e-02,-9.123809680097753894e-02
3.992000000000000171e+01,2.769545170315837357e+00,-1.112359121847460164e-02,-9.202070549662970389e-02
3.993999999999999773e+01,2.771355593993554578e+00,-1.129137400186207979e-02,-9.280331419228189660e-02
3.996000000000000085e+01,2.773165885808599018e+00,-1.146057358703662758e-02,-9.358592288793408931e-02
3.997999999999999687e+01,2.774976044652210039e+00,-1.163118987036714479e-02,-9.436853158358625426e-02
4.000000000000000000e+01,2.776786069415707825e+00,-1.180322274735537066e-02,-9.515114027923840534e-02
4.002000000000000313e+01,2.778595958990495607e+00,-1.197667211263536355e-02,-9.593374897489059805e-02
4.003999999999999915e+01,2.780405712268058327e+00,-1.215153785997324758e-02,-9.671635767054276300e-02
4.006000000000000227e+01,2.782215328139964861e+00,-1.232781988226798291e-02,-9.749896636619495571e-02
4.007999999999999829e+01,2.784024851833395431e+00,-1.250504603195893606e-02,-9.775983593141238104e-02
4.010000000000000142e+01,2.785834329232345752e+00,-1.268274422527300091e-02,-9.802070549662977861e-02
4.011999999999999744e+01,2.787643760213676103e+00,-1.286091445011736112e-02,-9.828157506184716230e-02
4.014000000000000057e+01,2.789453144654249428e+00,-1.303955669436747053e-02,-9.854244462706458763e-02
4.015999999999999659e+01,2.791262482430931779e+00,-1.321867094586551272e-02,-9.880331419228195744e-02
4.017999999999999972e+01,2.793071773420592319e+00,-1.339825719242349403e-02,-9.906418375749936889e-02
4.020000000000000284e+01,2.794881017500103759e+00,-1.357831542181859967e-02,-9.932505332271676646e-02
4.021999999999999886e+01,2.796690214546341480e+00,-1.375884562179860784e-02,-9.958592288793416403e-02
4.024000000000000199e+01,2.798499364436184411e+00,-1.393984778007725453e-02,-9.984679245315156160e-02
4.025999999999999801e+01,2.799946455436678416e+00,-1.408691464865493605e-02,-1.027163576705428794e-01
4.028000000000000114e+01,2.801393118461818599e+00,-1.423813342803147315e-02,-1.055859228879341832e-01
4.029999999999999716e+01,2.802839341599204559e+00,-1.439350287301113113e-02,-1.084554881053254871e-01
4.032000000000000028e+01,2.804285112940057889e+00,-1.455302170421993516e-02,-1.113250533227167910e-01
4.034000000000000341e+01,2.805730420579321205e+00,-1.471668860811613071e-02,-1.141946185401080810e-01
4.035999999999999943e+01,2.807175252615754513e+00,-1.488450223700127709e-02,-1.170641837574993988e-01
4.038000000000000256e+01,2.808619597152034686e+00,-1.505646120903087609e-02,-1.199337489748906749e-01
4.039999999999999858e+01,2.810063442294852276e+00,-1.523256410822630864e-02,-1.228033141922820065e-01
4.042000000000000171e+01,2.811506776155010989e+00,-1.541280948448591967e-02,-1.256728794096733659e-01
4.043999999999999773e+01,2.812949586847523609e+00,-1.559719585359739709e-02,-1.285424446270646559e-01
4.046000000000000085e+01,2.812949586847523609e+00,-1.559719585359739709e-02,-1.285424446270646559e-01
4.047999999999999687e+01,2.812949586847523609e+00,-1.559719585359739709e-02,-1.285424446270646559e-01
4.050000000000000000e+01,2.812949586847523609e+00,-1.559719585359739709e-02,-1.285424446270646559e-01
4.052000000000000313e+01,2.812949586847523609e+00,-1.559719585359739709e-02,-1.285424446270646559e-01
4.053999999999999915e+01,2.812949586847523609e+00,-1.559719585359739709e-02,-1.285424446270646559e-01
4.056000000000000227e+01,2.812949586847523609e+00,-1.559719585359739709e-02,-1.285424446270646559e-01
4.057999999999999829e+01,2.812949586847523609e+00,-1.559719585359739709e-02,-1.285424446270646559e-01
4.060000000000000142e+01,2.812949586847523609e+00,-1.559719585359739709e-02,-1.285424446270646559e-01
4.061999999999999744e+01,2.812949586847523609e+00,-1.559719585359739709e-02,-1.285424446270646559e-01
4.064000000000000057e+01,2.812949586847523609e+00,-1.559719585359739709e-02,-1.285424446270646559e-01
4.065999999999999659e+01,2.812949586847523609e+00,-1.559719585359739709e-02,-1.285424446270646559e-01
4.067999999999999972e+01,2.812949586847523609e+00,-1.559719585359739709e-02,-1.285424446270646559e-01
4.070000000000000284e+01,2.812949586847523609e+00,-1.559719585359739709e-02,-1.285424446270646559e-01
4.071999999999999886e+01,2.812949586847523609e+00,-1.559719585359739709e-02,-1.285424446270646559e-01
4.074000000000000199e+01,2.812949586847523609e+00,-1.559719585359739709e-02,-1.285424446270646559e-01
4.075999999999999801e+01,2.812949586847523609e+00,-1.559719585359739709e-02,-1.275424446270646550e-01
4.078000000000000114e+01,2.812949586847523609e+00,-1.559719585359739709e-02,-1.265424446270646819e-01
4.079999999999999716e+01,2.812949586847523609e+00,-1.559719585359739709e-02,-1.255424446270646810e-01
4.082000000000000028e+01,2.812949586847523609e+00,-1.559719585359739709e-02,-1.245424446270646801e-01
4.084000000000000341e+01,2.812949586847523609e+00,-1.559719585359739709e-02,-1.235424446270647070e-01
4.085999999999999943e+01,2.812949586847523609e+00,-1.559719585359739709e-02,-1.225424446270646922e-01
4.088000000000000256e+01,2.812949586847523609e+00,-1.559719585359739709e-02,-1.215424446270646913e-01
4.089999999999999858e+01,2.812949586847523609e+00,-1.559719585359739709e-02,-1.205424446270646904e-01
4.092000000000000171e+01,2.812949586847523609e+00,-1.559719585359739709e-02,-1.195424446270646895e-01
4.093999999999999773e+01,2.812949586847523609e+00,-1.559719585359739709e-02,-1.175374446270646828e-01
4.096000000000000085e+01,2.812949586847523609e+00,-1.559719585359739709e-02,-1.155324446270646760e-01
4.097999999999999687e+01,2.812949586847523609e+00,-1.559719585359739709e-02,-1.135274446270646692e-01
4.100000000000000000e+01,2.812949586847523609e+00,-1.559719585359739709e-02,-1.115224446270646624e-01
4.102000000000000313e+01,2.812949586847523609e+00,-1.559719585359739709e-02,-1.095174446270646557e-01
4.103999999999999915e+01,2.812949586847523609e+00,-1.559719585359739709e-02,-1.075124446270646766e-01
4.106000000000000227e+01,2.812949586847523609e+00,-1.559719585359739709e-02,-1.055074446270646560e-01
4.107999999999999829e+01,2.812949586847523609e+00,-1.559719585359739709e-02,-1.035024446270646492e-01
4.110000000000000142e+01,2.812949586847523609e+00,-1.559719585359739709e-02,-1.014974446270646424e-01
4.111999999999999744e+01,2.812949586847523609e+00,-1.559719585359739709e-02,-9.949244462706463565e-02
4.114000000000000057e+01,2.812949586847523609e+00,-1.559719585359739709e-02,-9.748744462706460112e-02
4.115999999999999659e+01,2.812949586847523609e+00,-1.559719585359739709e-02,-9.548244462706460822e-02
4.117999999999999972e+01,2.812949586847523609e+00,-1.559719585359739709e-02,-9.246741962706460372e-02
4.120000000000000284e+01,2.812949586847523609e+00,-1.559719585359739709e-02,-8.945239462706458533e-02
4.121999999999999886e+01,2.812949586847523609e+00,-1.559719585359739709e-02,-8.643736962706459470e-02
4.124000000000000199e+01,2.812949586847523609e+00,-1.559719585359739709e-02,-8.342234462706459019e-02
4.125999999999999801e+01,2.812949586847523609e+00,-1.559719585359739709e-02,-8.040731962706458569e-02
4.128000000000000114e+01,2.812949586847523609e+00,-1.559719585359739709e-02,-7.739229462706458118e-02
4.129999999999999716e+01,2.812949586847523609e+00,-1.559719585359739709e-02,-7.437726962706456280e-02
4.132000000000000028e+01,2.812949586847523609e+00,-1.559719585359739709e-02,-7.136224462706457217e-02
4.134000000000000341e+01,2.812949586847523609e+00,-1.559719585359739709e-02,-6.733214450206455315e-02
4.135999999999999943e+01,2.812949586847523609e+00,-1.559719585359739709e-02,-6.330204437706456189e-02
4.138000000000000256e+01,2.812949586847523609e+00,-1.559719585359739709e-02,-5.927194425206456369e-02
4.139999999999999858e+01,2.812949586847523609e+00,-1.559719585359739709e-02,-5.524184412706456548e-02
4.142000000000000171e+01,2.812949586847523609e+00,-1.559719585359739709e-02,-5.121174400206456728e-02
4.143999999999999773e+01,2.812949586847523609e+00,-1.559719585359739709e-02,-4.718164387706457602e-02
4.146000000000000085e+01,2.812949586847523609e+00,-1.559719585359739709e-02,-4.315154375206457088e-02
4.147999999999999687e+01,2.812949586847523609e+00,-1.559719585359739709e-02,-3.912144362706458656e-02
4.150000000000000000e+01,2.812949586847523609e+00,-1.559719585359739709e-02,-3.509134350206458142e-02
4.152000000000000313e+01,2.812949586847523609e+00,-1.559719585359739709e-02,-3.106124337706457975e-02
4.153999999999999915e+01,2.812949586847523609e+00,-1.559719585359739709e-02,-2.601099275143958084e-02
4.156000000000000227e+01,2.812949586847523609e+00,-1.559719585359739709e-02,-2.096074212581457499e-02
4.157999999999999829e+01,2.812949586847523609e+00,-1.559719585359739709e-02,-1.591049150018957609e-02
4.160000000000000142e+01,2.812949586847523609e+00,-1.559719585359739709e-02,-1.086024087456457544e-02
4.161999999999999744e+01,2.812949586847523609e+00,-1.559719585359739709e-02,-5.809990248939575670e-03
4.164000000000000057e+01,2.812949586847523609e+00,-1.559719585359739709e-02,-7.597396233145741612e-04
4.165999999999999659e+01,2.812949586847523609e+00,-1.559719585359739709e-02,4.290511002310427348e-03
4.167999999999999972e+01,2.812949586847523609e+00,-1.559719585359739709e-02,9.340761627935428857e-03
4.170000000000000284e+01,2.812949586847523609e+00,-1.559719585359739709e-02,1.439101225356042776e-02
4.171999999999999886e+01,2.812949586847523609e+00,-1.559719585359739709e-02,1.944126287918542667e-02
4.174000000000000199e+01,2.812949586847523609e+00,-1.559719585359739709e-02,2.449151350481042905e-02
4.175999999999999801e+01,2.812949586847523609e+00,-1.559719585359739709e-02,2.954176413043542795e-02
4.178000000000000114e+01,2.812949586847523609e+00,-1.559719585359739709e-02,3.554176413043542981e-02
4.179999999999999716e+01,2.812949586847523609e+00,-1.559719585359739709e-02,4.154176413043542820e-02
4.182000000000000028e+01,2.812949586847523609e+00,-1.559719585359739709e-02,4.754176413043541966e-02
4.184000000000000341e+01,2.812949586847523609e+00,-1.559719585359739709e-02,5.354176413043541805e-02
4.185999999999999943e+01,2.812949586847523609e+00,-1.559719585359739709e-02,5.954176413043542337e-02
4.188000000000000256e+01,2.812949586847523609e+00,-1.559719585359739709e-02,6.554176413043544258e-02
4.189999999999999858e+01,2.812949586847523609e+00,-1.559719585359739709e-02,7.154176413043542015e-02
4.192000000000000171e+01,2.812949586847523609e+00,-1.559719585359739709e-02,7.754176413043543936e-02
4.193999999999999773e+01,2.812949586847523609e+00,-1.559719585359739709e-02,8.354176413043544469e-02
4.196000000000000085e+01,2.812949586847523609e+00,-1.559719585359739709e-02,8.954176413043545002e-02
4.197999999999999687e+01,2.812949586847523609e+00,-1.559719585359739709e-02,9.554176413043545535e-02
4.200000000000000000e+01,2.812949586847523609e+00,-1.559719585359739709e-02,1.015417641304354329e-01
4.202000000000000313e+01,2.812949586847523609e+00,-1.559719585359739709e-02,1.075417641304354521e-01
4.203999999999999915e+01,2.812949586847523609e+00,-1.559719585359739709e-02,1.135417641304354575e-01
4.206000000000000227e+01,2.812949586847523609e+00,-1.559719585359739709e-02,1.195417641304354489e-01
4.207999999999999829e+01,2.812949586847523609e+00,-1.559719585359739709e-02,1.255417641304354681e-01
4.210000000000000142e+01,2.812949586847523609e+00,-1.559719585359739709e-02,1.315417641304354734e-01
4.211999999999999744e+01,2.812949586847523609e+00,-1.559719585359739709e-02,1.375417641304354788e-01
4.214000000000000057e+01,2.812949586847523609e+00,-1.559719585359739709e-02,1.435417641304354841e-01
4.215999999999999659e+01,2.812949586847523609e+00,-1.559719585359739709e-02,1.495417641304355172e-01
4.217999999999999972e+01,2.812949586847523609e+00,-1.559719585359739709e-02,1.555417641304354393e-01
4.220000000000000284e+01,2.812949586847523609e+00,-1.559719585359739709e-02,1.615417641304354723e-01
4.221999999999999886e+01,2.812949586847523609e+00,-1.559719585359739709e-02,1.675417641304355332e-01
4.224000000000000199e+01,2.812949586847523609e+00,-1.559719585359739709e-02,1.735417641304355107e-01
4.225999999999999801e+01,2.812949586847523609e+00,-1.559719585359739709e-02,1.795417641304355161e-01
4.228000000000000114e+01,2.812949586847523609e+00,-1.559719585359739709e-02,1.855417641304354937e-01
4.229999999999999716e+01,2.812949586847523609e+00,-1.559719585359739709e-02,1.915417641304355267e-01
4.232000000000000028e+01,2.812949586847523609e+00,-1.559719585359739709e-02,1.975417641304355598e-01
4.234000000000000341e+01,2.812949586847523609e+00,-1.559719585359739709e-02,2.035417641304355929e-01
4.235999999999999943e+01,2.812949586847523609e+00,-1.559719585359739709e-02,2.095417641304356260e-01
4.238000000000000256e+01,2.812949586847523609e+00,-1.559719585359739709e-02,2.155417641304356036e-01
4.239999999999999858e+01,2.812949586847523609e+00,-1.559719585359739709e-02,2.215417641304355811e-01
4.242000000000000171e+01,2.812949586847523609e+00,-1.559719585359739709e-02,2.275417641304356142e-01
4.243999999999999773e+01,2.812949586847523609e+00,-1.559719585359739709e-02,2.335417641304356473e-01
4.246000000000000085e+01,2.812949586847523609e+00,-1.559719585359739709e-02,2.395417641304356249e-01
4.247999999999999687e+01,2.812949586847523609e+00,-1.559719585359739709e-02,2.455417641304356025e-01
4.250000000000000000e+01,2.812949586847523609e+00,-1.559719585359739709e-02,2.515417641304356078e-01
4.252000000000000313e+01,2.812949586847523609e+00,-1.559719585359739709e-02,2.575417641304356131e-01
4.253999999999999915e+01,2.812949586847523609e+00,-1.559719585359739709e-02,2.635417641304356184e-01
4.256000000000000227e+01,2.812949586847523609e+00,-1.559719585359739709e-02,2.695417641304356238e-01
4.257999999999999829e+01,2.812949586847523609e+00,-1.559719585359739709e-02,2.755417641304356291e-01
4.260000000000000142e+01,2.812949586847523609e+00,-1.559719585359739709e-02,2.815417641304356344e-01
4.261999999999999744e+01,2.812949586847523609e+00,-1.559719585359739709e-02,2.875417641304356953e-01
4.264000000000000057e+01,2.812949586847523609e+00,-1.559719585359739709e-02,2.935417641304356451e-01
4.265999999999999659e+01,2.812949586847523609e+00,-1.559719585359739709e-02,2.995417641304356504e-01
4.267999999999999972e+01,2.812949586847523609e+00,-1.559719585359739709e-02,3.055417641304356557e-01
4.270000000000000284e+01,2.812949586847523609e+00,-1.559719585359739709e-02,3.115417641304356611e-01
4.271999999999999886e+01,2.812949586847523609e+00,-1.559719585359739709e-02,3.175417641304356664e-01
4.274000000000000199e+01,2.812949586847523609e+00,-1.559719585359739709e-02,3.235417641304357272e-01
4.275999999999999801e+01,2.812949586847523609e+00,-1.559719585359739709e-02,3.295417641304356771e-01
4.278000000000000114e+01,2.812949586847523609e+00,-1.559719585359739709e-02,3.355417641304356824e-01
4.279999999999999716e+01,2.812949586847523609e+00,-1.559719585359739709e-02,3.415417641304356322e-01
4.282000000000000028e+01,2.812949586847523609e+00,-1.559719585359739709e-02,3.475417641304356930e-01
4.284000000000000341e+01,2.812949586847523609e+00,-1.559719585359739709e-02,3.535417641304356984e-01
4.285999999999999943e+01,2.812949586847523609e+00,-1.559719585359739709e-02,3.595417641304356482e-01
4.288000000000000256e+01,2.812949586847523609e+00,-1.559719585359739709e-02,3.655417641304355980e-01
4.289999999999999858e+01,2.812949586847523609e+00,-1.559719585359739709e-02,3.715417641304356033e-01
4.292000000000000171e+01,2.812949586847523609e+00,-1.559719585359739709e-02,3.775417641304356642e-01
4.293999999999999773e+01,2.812949586847523609e+00,-1.559719585359739709e-02,3.835417641304356695e-01
4.296000000000000085e+01,2.812949586847523609e+00,-1.559719585359739709e-02,3.895417641304356748e-01
4.297999999999999687e+01,2.812949586847523609e+00,-1.559719585359739709e-02,3.955417641304356802e-01
4.300000000000000000e+01,2.812949586847523609e+00,-1.559719585359739709e-02,4.015417641304356855e-01
4.302000000000000313e+01,2.812949586847523609e+00,-1.559719585359739709e-02,4.075417641304358018e-01
4.303999999999999915e+01,2.812949586847523609e+00,-1.559719585359739709e-02,4.135417641304358072e-01
4.306000000000000227e+01,2.812949586847523609e+00,-1.559719585359739709e-02,4.195417641304357570e-01
4.307999999999999829e+01,2.812949586847523609e+00,-1.559719585359739709e-02,4.255417641304357623e-01
4.310000000000000142e+01,2.812949586847523609e+00,-1.559719585359739709e-02,4.315417641304358232e-01
4.311999999999999744e+01,2.812949586847523609e+00,-1.559719585359739709e-02,4.375417641304357175e-01
4.314000000000000057e+01,2.812949586847523609e+00,-1.559719585359739709e-02,4.435417641304357228e-01
4.315999999999999659e+01,2.812949586847523609e+00,-1.559719585359739709e-02,4.495417641304357281e-01
4.317999999999999972e+01,2.812949586847523609e+00,-1.559719585359739709e-02,4.555417641304356779e-01
4.320000000000000284e+01,2.812949586847523609e+00,-1.559719585359739709e-02,4.615417641304357388e-01
4.321999999999999886e+01,2.812949586847523609e+00,-1.559719585359739709e-02,4.675417641304357441e-01
4.324000000000000199e+01,2.812949586847523609e+00,-1.559719585359739709e-02,4.735417641304357494e-01
4.325999999999999801e+01,2.812949586847523609e+00,-1.559719585359739709e-02,4.795417641304357548e-01
4.328000000000000114e+01,2.812949586847523609e+00,-1.559719585359739709e-02,4.855417641304358156e-01
4.329999999999999716e+01,2.812949586847523609e+00,-1.559719585359739709e-02,4.915417641304357654e-01
4.332000000000000028e+01,2.812949586847523609e+00,-1.559719585359739709e-02,4.975417641304357153e-01
4.334000000000000341e+01,2.812949586847523609e+00,-1.559719585359739709e-02,5.035417641304357206e-01
4.335999999999999943e+01,2.812949586847523609e+00,-1.559719585359739709e-02,5.095417641304356149e-01
4.338000000000000256e+01,2.812949586847523609e+00,-1.559719585359739709e-02,5.155417641304357312e-01
4.339999999999999858e+01,2.812949586847523609e+00,-1.559719585359739709e-02,5.215417641304357366e-01
4.342000000000000171e+01,2.812949586847523609e+00,-1.559719585359739709e-02,5.275417641304357419e-01
4.343999999999999773e+01,2.812949586847523609e+00,-1.559719585359739709e-02,5.335417641304357472e-01
4.346000000000000085e+01,2.812949586847523609e+00,-1.559719585359739709e-02,5.395417641304357526e-01
4.347999999999999687e+01,2.812949586847523609e+00,-1.559719585359739709e-02,5.455417641304357579e-01
4.350000000000000000e+01,2.812949586847523609e+00,-1.559719585359739709e-02,5.515417641304357632e-01
4.352000000000000313e+01,2.812949586847523609e+00,-1.559719585359739709e-02,5.575417641304356575e-01
4.353999999999999915e+01,2.812949586847523609e+00,-1.559719585359739709e-02,5.635417641304357739e-01
4.356000000000000227e+01,2.812949586847523609e+00,-1.559719585359739709e-02,5.695417641304356682e-01
4.357999999999999829e+01,2.812949586847523609e+00,-1.559719585359739709e-02,5.755417641304357845e-01
4.360000000000000142e+01,2.812949586847523609e+00,-1.559719585359739709e-02,5.815417641304357899e-01
4.361999999999999744e+01,2.812949586847523609e+00,-1.559719585359739709e-02,5.875417641304357952e-01
4.364000000000000057e+01,2.812949586847523609e+00,-1.559719585359739709e-02,5.935417641304358005e-01
4.365999999999999659e+01,2.812949586847523609e+00,-1.559719585359739709e-02,5.995417641304358058e-01
4.367999999999999972e+01,2.812949586847523609e+00,-1.559719585359739709e-02,6.055417641304359222e-01
4.370000000000000284e+01,2.812949586847523609e+00,-1.559719585359739709e-02,6.115417641304359275e-01
4.371999999999999886e+01,2.812949586847523609e+00,-1.559719585359739709e-02,6.175417641304359329e-01
4.374000000000000199e+01,2.812949586847523609e+00,-1.559719585359739709e-02,6.235417641304359382e-01
4.375999999999999801e+01,2.812949586847523609e+00,-1.559719585359739709e-02,6.295417641304359435e-01
4.378000000000000114e+01,2.812949586847523609e+00,-1.559719585359739709e-02,6.355417641304358378e-01
4.379999999999999716e+01,2.812949586847523609e+00,-1.559719585359739709e-02,6.415417641304359542e-01
4.382000000000000028e+01,2.812949586847523609e+00,-1.559719585359739709e-02,6.475417641304359595e-01
4.384000000000000341e+01,2.812949586847523609e+00,-1.559719585359739709e-02,6.535417641304358538e-01
4.385999999999999943e+01,2.812949586847523609e+00,-1.559719585359739709e-02,6.595417641304359702e-01
4.388000000000000256e+01,2.812949586847523609e+00,-1.559719585359739709e-02,6.655417641304359755e-01
4.389999999999999858e+01,2.812949586847523609e+00,-1.559719585359739709e-02,6.715417641304359808e-01
4.392000000000000171e+01,2.812949586847523609e+00,-1.559719585359739709e-02,6.775417641304359861e-01
4.393999999999999773e+01,2.812949586847523609e+00,-1.559719585359739709e-02,6.835417641304359915e-01
4.396000000000000085e+01,2.812949586847523609e+00,-1.559719585359739709e-02,6.895417641304359968e-01
4.397999999999999687e+01,2.812949586847523609e+00,-1.559719585359739709e-02,6.955417641304360021e-01
4.400000000000000000e+01,2.812949586847523609e+00,-1.559719585359739709e-02,7.015417641304360075e-01
4.402000000000000313e+01,2.812949586847523609e+00,-1.559719585359739709e-02,7.075417641304360128e-01
4.403999999999999915e+01,2.812949586847523609e+00,-1.559719585359739709e-02,7.135417641304359071e-01
4.406000000000000227e+01,2.812949586847523609e+00,-1.559719585359739709e-02,7.195417641304359124e-01
4.407999999999999829e+01,2.812949586847523609e+00,-1.559719585359739709e-02,7.255417641304359178e-01
4.410000000000000142e+01,2.812949586847523609e+00,-1.559719585359739709e-02,7.315417641304359231e-01
4.411999999999999744e+01,2.812949586847523609e+00,-1.559719585359739709e-02,7.375417641304360394e-01
4.414000000000000057e+01,2.812949586847523609e+00,-1.559719585359739709e-02,7.435417641304359337e-01
4.415999999999999659e+01,2.812949586847523609e+00,-1.559719585359739709e-02,7.495417641304359391e-01
4.417999999999999972e+01,2.812949586847523609e+00,-1.559719585359739709e-02,7.555417641304358334e-01
4.420000000000000284e+01,2.812949586847523609e+00,-1.559719585359739709e-02,7.615417641304359497e-01
4.421999999999999886e+01,2.812949586847523609e+00,-1.559719585359739709e-02,7.675417641304360661e-01
4.424000000000000199e+01,2.812949586847523609e+00,-1.559719585359739709e-02,7.735417641304360714e-01
4.425999999999999801e+01,2.812949586847523609e+00,-1.559719585359739709e-02,7.795417641304360767e-01
4.428000000000000114e+01,2.812949586847523609e+00,-1.559719585359739709e-02,7.855417641304360821e-01
4.429999999999999716e+01,2.812949586847523609e+00,-1.559719585359739709e-02,7.915417641304361984e-01
4.432000000000000028e+01,2.812949586847523609e+00,-1.559719585359739709e-02,7.975417641304362038e-01
4.434000000000000341e+01,2.812949586847523609e+00,-1.559719585359739709e-02,8.035417641304363201e-01
4.435999999999999943e+01,2.812949586847523609e+00,-1.559719585359739709e-02,8.095417641304363254e-01
4.438000000000000256e+01,2.812949586847523609e+00,-1.559719585359739709e-02,8.155417641304362197e-01
4.439999999999999858e+01,2.812949586847523609e+00,-1.559719585359739709e-02,8.215417641304362251e-01
4.442000000000000171e+01,2.812949586847523609e+00,-1.559719585359739709e-02,8.275417641304363414e-01
4.443999999999999773e+01,2.812949586847523609e+00,-1.559719585359739709e-02,8.335417641304361247e-01
4.446000000000000085e+01,2.812949586847523609e+00,-1.559719585359739709e-02,8.395417641304362411e-01
4.447999999999999687e+01,2.812949586847523609e+00,-1.559719585359739709e-02,8.455417641304363574e-01
4.450000000000000000e+01,2.812949586847523609e+00,-1.559719585359739709e-02,8.515417641304363627e-01
4.452000000000000313e+01,2.812949586847523609e+00,-1.559719585359739709e-02,8.575417641304361460e-01
4.453999999999999915e+01,2.812949586847523609e+00,-1.559719585359739709e-02,8.635417641304363734e-01
4.456000000000000227e+01,2.812949586847523609e+00,-1.559719585359739709e-02,8.695417641304362677e-01
4.457999999999999829e+01,2.812949586847523609e+00,-1.559719585359739709e-02,8.755417641304362730e-01
4.460000000000000142e+01,2.812949586847523609e+00,-1.559719585359739709e-02,8.815417641304362784e-01
4.461999999999999744e+01,2.812949586847523609e+00,-1.559719585359739709e-02,8.875417641304362837e-01
4.464000000000000057e+01,2.812949586847523609e+00,-1.559719585359739709e-02,8.935417641304362890e-01
4.465999999999999659e+01,2.812949586847523609e+00,-1.559719585359739709e-02,8.995417641304362943e-01
4.467999999999999972e+01,2.812949586847523609e+00,-1.559719585359739709e-02,9.055417641304362997e-01
4.470000000000000284e+01,2.812949586847523609e+00,-1.559719585359739709e-02,9.115417641304363050e-01
4.471999999999999886e+01,2.812949586847523609e+00,-1.559719585359739709e-02,9.175417641304364214e-01
4.474000000000000199e+01,2.812949586847523609e+00,-1.559719585359739709e-02,9.235417641304364267e-01
4.475999999999999801e+01,2.812949586847523609e+00,-1.559719585359739709e-02,9.295417641304364320e-01
4.478000000000000114e+01,2.812949586847523609e+00,-1.559719585359739709e-02,9.355417641304362153e-01
4.479999999999999716e+01,2.812949586847523609e+00,-1.559719585359739709e-02,9.415417641304364427e-01
4.482000000000000028e+01,2.812949586847523609e+00,-1.559719585359739709e-02,9.475417641304363370e-01
4.484000000000000341e+01,2.812949586847523609e+00,-1.559719585359739709e-02,9.535417641304363423e-01
4.485999999999999943e+01,2.812949586847523609e+00,-1.559719585359739709e-02,9.595417641304364587e-01
4.488000000000000256e+01,2.812949586847523609e+00,-1.559719585359739709e-02,9.655417641304365750e-01
4.489999999999999858e+01,2.812949586847523609e+00,-1.559719585359739709e-02,9.715417641304366914e-01
4.492000000000000171e+01,2.812949586847523609e+00,-1.559719585359739709e-02,9.775417641304365857e-01
4.493999999999999773e+01,2.812949586847523609e+00,-1.559719585359739709e-02,9.835417641304365910e-01
4.496000000000000085e+01,2.812949586847523609e+00,-1.559719585359739709e-02,9.895417641304364853e-01
4.497999999999999687e+01,2.812949586847523609e+00,-1.559719585359739709e-02,9.955417641304366017e-01
4.500000000000000000e+01,2.812949586847523609e+00,-1.559719585359739709e-02,1.001541764130436496e+00
4.502000000000000313e+01,2.812949586847523609e+00,-1.559719585359739709e-02,1.007541764130436501e+00
4.503999999999999915e+01,2.812949586847523609e+00,-1.559719585359739709e-02,1.013541764130436507e+00
4.506000000000000227e+01,2.812949586847523609e+00,-1.559719585359739709e-02,1.019541764130436512e+00
4.507999999999999829e+01,2.812949586847523609e+00,-1.559719585359739709e-02,1.025541764130436517e+00
4.510000000000000142e+01,2.812949586847523609e+00,-1.559719585359739709e-02,1.031541764130436523e+00
4.511999999999999744e+01,2.812949586847523609e+00,-1.559719585359739709e-02,1.037541764130436528e+00
4.514000000000000057e+01,2.812949586847523609e+00,-1.559719585359739709e-02,1.043541764130436533e+00
4.515999999999999659e+01,2.812949586847523609e+00,-1.559719585359739709e-02,1.049541764130436539e+00
4.517999999999999972e+01,2.812949586847523609e+00,-1.559719585359739709e-02,1.055541764130436766e+00
4.520000000000000284e+01,2.812949586847523609e+00,-1.559719585359739709e-02,1.061541764130436549e+00
4.521999999999999886e+01,2.812949586847523609e+00,-1.559719585359739709e-02,1.067541764130436777e+00
4.524000000000000199e+01,2.812949586847523609e+00,-1.559719585359739709e-02,1.073541764130436560e+00
4.525999999999999801e+01,2.812949586847523609e+00,-1.559719585359739709e-02,1.079541764130436343e+00
4.528000000000000114e+01,2.812949586847523609e+00,-1.559719585359739709e-02,1.085541764130436793e+00
4.529999999999999716e+01,2.812949586847523609e+00,-1.559719585359739709e-02,1.091541764130436576e+00
4.532000000000000028e+01,2.812949586847523609e+00,-1.559719585359739709e-02,1.097541764130436581e+00
4.534000000000000341e+01,2.812949586847523609e+00,-1.559719585359739709e-02,1.103541764130436587e+00
4.535999999999999943e+01,2.812949586847523609e+00,-1.559719585359739709e-02,1.109541764130436370e+00
4.538000000000000256e+01,2.812949586847523609e+00,-1.559719585359739709e-02,1.115541764130436597e+00
4.539999999999999858e+01,2.812949586847523609e+00,-1.559719585359739709e-02,1.121541764130436603e+00
4.542000000000000171e+01,2.812949586847523609e+00,-1.559719585359739709e-02,1.127541764130436608e+00
4.543999999999999773e+01,2.812949586847523609e+00,-1.559719585359739709e-02,1.133541764130436613e+00
4.546000000000000085e+01,2.812949586847523609e+00,-1.559719585359739709e-02,1.139541764130436619e+00
4.547999999999999687e+01,2.812949586847523609e+00,-1.559719585359739709e-02,1.145541764130436624e+00
4.550000000000000000e+01,2.812949586847523609e+00,-1.559719585359739709e-02,1.151541764130436629e+00
4.552000000000000313e+01,2.812949586847523609e+00,-1.559719585359739709e-02,1.157541764130436857e+00
4.553999999999999915e+01,2.812949586847523609e+00,-1.559719585359739709e-02,1.163541764130436640e+00
4.556000000000000227e+01,2.812949586847523609e+00,-1.559719585359739709e-02,1.169541764130436645e+00
4.557999999999999829e+01,2.812949586847523609e+00,-1.559719585359739709e-02,1.175541764130436651e+00
4.560000000000000142e+01,2.812949586847523609e+00,-1.559719585359739709e-02,1.181541764130436656e+00
4.561999999999999744e+01,2.812949586847523609e+00,-1.559719585359739709e-02,1.187541764130436661e+00
4.564000000000000057e+01,2.812949586847523609e+00,-1.559719585359739709e-02,1.193541764130436444e+00
4.565999999999999659e+01,2.812949586847523609e+00,-1.559719585359739709e-02,1.199541764130436672e+00
4.567999999999999972e+01,2.812949586847523609e+00,-1.559719585359739709e-02,1.205541764130436677e+00
4.570000000000000284e+01,2.812949586847523609e+00,-1.559719585359739709e-02,1.211541764130436682e+00
4.571999999999999886e+01,2.812949586847523609e+00,-1.559719585359739709e-02,1.217541764130436688e+00
4.574000000000000199e+01,2.812949586847523609e+00,-1.559719585359739709e-02,1.223541764130436693e+00
4.575999999999999801e+01,2.812949586847523609e+00,-1.559719585359739709e-02,1.229541764130436698e+00
4.578000000000000114e+01,2.812949586847523609e+00,-1.559719585359739709e-02,1.235541764130436482e+00
4.579999999999999716e+01,2.812949586847523609e+00,-1.559719585359739709e-02,1.241541764130436709e+00
4.582000000000000028e+01,2.812949586847523609e+00,-1.559719585359739709e-02,1.247541764130436714e+00
4.584000000000000341e+01,2.812949586847523609e+00,-1.559719585359739709e-02,1.253541764130436498e+00
4.585999999999999943e+01,2.812949586847523609e+00,-1.559719585359739709e-02,1.259541764130436725e+00
4.588000000000000256e+01,2.812949586847523609e+00,-1.559719585359739709e-02,1.265541764130436730e+00
4.589999999999999858e+01,2.812949586847523609e+00,-1.559719585359739709e-02,1.271541764130436736e+00
4.592000000000000171e+01,2.812949586847523609e+00,-1.559719585359739709e-02,1.277541764130436741e+00
4.593999999999999773e+01,2.812949586847523609e+00,-1.559719585359739709e-02,1.283541764130436746e+00
4.596000000000000085e+01,2.812949586847523609e+00,-1.559719585359739709e-02,1.289541764130436752e+00
4.597999999999999687e+01,2.812949586847523609e+00,-1.559719585359739709e-02,1.295541764130436979e+00
4.600000000000000000e+01,2.812949586847523609e+00,-1.559719585359739709e-02,1.301541764130436762e+00
4.602000000000000313e+01,2.812949586847523609e+00,-1.559719585359739709e-02,1.307541764130436768e+00
4.603999999999999915e+01,2.812949586847523609e+00,-1.559719585359739709e-02,1.313541764130436995e+00
4.606000000000000227e+01,2.812949586847523609e+00,-1.559719585359739709e-02,1.319541764130436556e+00
4.607999999999999829e+01,2.812949586847523609e+00,-1.559719585359739709e-02,1.325541764130437006e+00
4.610000000000000142e+01,2.812949586847523609e+00,-1.559719585359739709e-02,1.331541764130436789e+00
4.611999999999999744e+01,2.812949586847523609e+00,-1.559719585359739709e-02,1.337541764130436794e+00
4.614000000000000057e+01,2.812949586847523609e+00,-1.559719585359739709e-02,1.343541764130436800e+00
4.615999999999999659e+01,2.812949586847523609e+00,-1.559719585359739709e-02,1.349541764130436805e+00
4.617999999999999972e+01,2.812949586847523609e+00,-1.559719585359739709e-02,1.355541764130436810e+00
4.620000000000000284e+01,2.812949586847523609e+00,-1.559719585359739709e-02,1.361541764130436816e+00
4.621999999999999886e+01,2.812949586847523609e+00,-1.559719585359739709e-02,1.367541764130436821e+00
4.624000000000000199e+01,2.812949586847523609e+00,-1.559719585359739709e-02,1.373541764130437048e+00
4.625999999999999801e+01,2.812949586847523609e+00,-1.559719585359739709e-02,1.379541764130437054e+00
4.628000000000000114e+01,2.812949586847523609e+00,-1.559719585359739709e-02,1.385541764130436837e+00
4.629999999999999716e+01,2.812949586847523609e+00,-1.559719585359739709e-02,1.391541764130436842e+00
4.632000000000000028e+01,2.812949586847523609e+00,-1.559719585359739709e-02,1.397541764130436848e+00
4.634000000000000341e+01,2.813639657146980610e+00,-1.165717010608456269e-02,1.397280894565219533e+00
4.635999999999999943e+01,2.814330755255749050e+00,-7.717324510974481709e-03,1.397020025000001997e+00
4.638000000000000256e+01,2.815022881126796772e+00,-3.777659336384313685e-03,1.396759155434785127e+00
4.639999999999999858e+01,2.815716034713023230e+00,1.618251495802735043e-04,1.396498285869567590e+00
4.642000000000000171e+01,2.816410215967258157e+00,4.101128678825104526e-03,1.396237416304350276e+00
4.643999999999999773e+01,2.817105424842260231e+00,8.040250983269620760e-03,1.395976546739132962e+00
4.646000000000000085e+01,2.817801661290717519e+00,1.197919179484475613e-02,1.395715677173915870e+00
4.647999999999999687e+01,2.818498925265250588e+00,1.591795084549420952e-02,1.395454807608698333e+00
4.650000000000000000e+01,2.819197216718406729e+00,1.985652786717402585e-02,1.395193938043481241e+00
4.652000000000000313e+01,2.819896535602664844e+00,2.379492259185173736e-02,1.394933068478263705e+00
4.653999999999999915e+01,2.820533214027912905e+00,2.737511546426735914e-02,1.394672198913046390e+00
4.656000000000000227e+01,2.821170826394842290e+00,3.095514212483983785e-02,1.394411329347829298e+00
4.657999999999999829e+01,2.821809372660064597e+00,3.453500232993733654e-02,1.394150459782611762e+00
4.660000000000000142e+01,2.822448852780125694e+00,3.811469583594002258e-02,1.393889590217394447e+00
4.661999999999999744e+01,2.823089266711503953e+00,4.169422239923927659e-02,1.393628720652177133e+00
4.664000000000000057e+01,2.823730614410619566e+00,4.527358177623847652e-02,1.393367851086959819e+00
4.665999999999999659e+01,2.824372895833824781e+00,4.885277372335066620e-02,1.393106981521742282e+00
4.667999999999999972e+01,2.825079405399350652e+00,5.278988486517409429e-02,1.393367851086959819e+00
4.670000000000000284e+01,2.825784887868378004e+00,5.672718017987322947e-02,1.393628720652177133e+00
4.671999999999999886e+01,2.826489343192894133e+00,6.066465939950242692e-02,1.393889590217394447e+00
4.674000000000000199e+01,2.827192771324961384e+00,6.460232225610540446e-02,1.394150459782611762e+00
4.675999999999999801e+01,2.827895172216706055e+00,6.854016848171266829e-02,1.394411329347829298e+00
4.678000000000000114e+01,2.828596545820328600e+00,7.247819780834241499e-02,1.394672198913046390e+00
4.679999999999999716e+01,2.829296892088101867e+00,7.641640996799961560e-02,1.394933068478263705e+00
4.682000000000000028e+01,2.829996210972359982e+00,8.035480469267734793e-02,1.395193938043481241e+00
4.684000000000000341e+01,2.830695529856618098e+00,8.429319941735505251e-02,1.394933068478263705e+00
4.685999999999999943e+01,2.831395876124390920e+00,8.823141157701223924e-02,1.394672198913046390e+00
4.688000000000000256e+01,2.832097249728013022e+00,9.216944090364195818e-02,1.394411329347829298e+00
4.689999999999999858e+01,2.832799650619757692e+00,9.610728712924920814e-02,1.394150459782611762e+00
4.692000000000000171e+01,2.833503078751824944e+00,1.000449499858521579e-01,1.393889590217394447e+00
4.693999999999999773e+01,2.834207534076341073e+00,1.039824292054813415e-01,1.393628720652177133e+00
4.696000000000000085e+01,2.834913016545368425e+00,1.079197245201804628e-01,1.393367851086959819e+00
4.697999999999999687e+01,2.835619526110893851e+00,1.118568356620038701e-01,1.393106981521742282e+00
4.700000000000000000e+01,2.836327062724842030e+00,1.157937623630208163e-01,1.392846111956524968e+00
4.702000000000000313e+01,2.837035626339058592e+00,1.197305043553107684e-01,1.392585242391307876e+00
4.703999999999999915e+01,2.837745216905326107e+00,1.236670613709676542e-01,1.392324372826090562e+00
4.706000000000000227e+01,2.838455834375354314e+00,1.276034331420969059e-01,1.392063503260873469e+00
4.707999999999999829e+01,2.839167478700783231e+00,1.315396194008171260e-01,1.391802633695655711e+00
4.710000000000000142e+01,2.839880149833183154e+00,1.354756198792592681e-01,1.391541764130438619e+00
4.711999999999999744e+01,2.840593847724057319e+00,1.394114343095666508e-01,1.391280894565221304e+00
4.714000000000000057e+01,2.841308572324831694e+00,1.433470624238961655e-01,1.391020025000003990e+00
4.715999999999999659e+01,2.842024323586871404e+00,1.472825039544162495e-01,1.390759155434786454e+00
4.717999999999999972e+01,2.842741101461466080e+00,1.512177586333084967e-01,1.390498285869569361e+00
4.720000000000000284e+01,2.843458905899836520e+00,1.551528261927677121e-01,1.390237416304352269e+00
4.721999999999999886e+01,2.844177736853134242e+00,1.590877063650010248e-01,1.389976546739134511e+00
4.724000000000000199e+01,2.844897594272442376e+00,1.630223988822279146e-01,1.389715677173917419e+00
4.725999999999999801e+01,2.845552943214557651e+00,1.665992212408220485e-01,1.389454807608699882e+00
4.728000000000000114e+01,2.846209225218456762e+00,1.701758725171181041e-01,1.389193938043482790e+00
4.729999999999999716e+01,2.846866440239476770e+00,1.737523524677136999e-01,1.388933068478265476e+00
4.732000000000000028e+01,2.847524588232895226e+00,1.773286608492199434e-01,1.388672198913048161e+00
4.734000000000000341e+01,2.848183669153920849e+00,1.809047974182580454e-01,1.388411329347830625e+00
4.735999999999999943e+01,2.848843682957701073e+00,1.844807619314612068e-01,1.388150459782613533e+00
4.738000000000000256e+01,2.849504629599320715e+00,1.880565541454753686e-01,1.387889590217396218e+00
4.739999999999999858e+01,2.850166509033798867e+00,1.916321738169565747e-01,1.387628720652178904e+00
4.742000000000000171e+01,2.850829321216095114e+00,1.952076207025735810e-01,1.387367851086961590e+00
4.743999999999999773e+01,2.851493066101103313e+00,1.987828945590071894e-01,1.387106981521744276e+00
4.746000000000000085e+01,2.852225237254836010e+00,2.027153142447739032e-01,1.386324372826092111e+00
4.747999999999999687e+01,2.852960485729877149e+00,2.066471597228305146e-01,1.385541764130440168e+00
4.750000000000000000e+01,2.853698811075904285e+00,2.105784285850147153e-01,1.384759155434787781e+00
4.752000000000000313e+01,2.854440212840710700e+00,2.145091184235171367e-01,1.383976546739135616e+00
4.753999999999999915e+01,2.855184690570204520e+00,2.184392268308836260e-01,1.383193938043483451e+00
4.756000000000000227e+01,2.855932243808411375e+00,2.223687514000154131e-01,1.382411329347831064e+00
4.757999999999999829e+01,2.856682872097472625e+00,2.262976897241717744e-01,1.381628720652178899e+00
4.760000000000000142e+01,2.857436574977646693e+00,2.302260393969711993e-01,1.380846111956526734e+00
4.761999999999999744e+01,2.858193351987307285e+00,2.341537980123920559e-01,1.380063503260875013e+00
4.764000000000000057e+01,2.858953202662946946e+00,2.380809631647754498e-01,1.379280894565222626e+00
4.765999999999999659e+01,2.859715102208088222e+00,2.420077314279105996e-01,1.379020025000005312e+00
4.767999999999999972e+01,2.860478026101621829e+00,2.459343008010313192e-01,1.378759155434787997e+00
4.770000000000000284e+01,2.861241974291631518e+00,2.498606710169222478e-01,1.378498285869570683e+00
4.771999999999999886e+01,2.862006946726124212e+00,2.537868418083829569e-01,1.378237416304353591e+00
4.774000000000000199e+01,2.862772943353043775e+00,2.577128129082257857e-01,1.377976546739136054e+00
4.775999999999999801e+01,2.863539964120261683e+00,2.616385840492766457e-01,1.377715677173918740e+00
4.778000000000000114e+01,2.864308008975580133e+00,2.655641549643759092e-01,1.377454807608701204e+00
4.779999999999999716e+01,2.865077077866730715e+00,2.694895253863768270e-01,1.377193938043484112e+00
4.782000000000000028e+01,2.865847170741375294e+00,2.734146950481461391e-01,1.376933068478266797e+00
4.784000000000000341e+01,2.866618287547108235e+00,2.773396636825642969e-01,1.376672198913049483e+00
4.785999999999999943e+01,2.867390428231453736e+00,2.812644310225265731e-01,1.376411329347832391e+00
4.788000000000000256e+01,2.868163592741861834e+00,2.851889968009406195e-01,1.376150459782614854e+00
4.789999999999999858e+01,2.868938804728897729e+00,2.891131585660212111e-01,1.375367851086962467e+00
4.792000000000000171e+01,2.869717087561340918e+00,2.930367124417935787e-01,1.374585242391310524e+00
4.793999999999999773e+01,2.870498440762511816e+00,2.969596560251738238e-01,1.373802633695658360e+00
4.796000000000000085e+01,2.871282863853850120e+00,3.008819869134518599e-01,1.373020025000006195e+00
4.797999999999999687e+01,2.872070356354914811e+00,3.048037027042926894e-01,1.372237416304354030e+00
4.800000000000000000e+01,2.872860917783385926e+00,3.087248009957384576e-01,1.371454807608701643e+00
4.802000000000000313e+01,2.873654547655063229e+00,3.126452793862089519e-01,1.370672198913049700e+00
4.803999999999999915e+01,2.874449200251243841e+00,3.165655506983297562e-01,1.370933068478267014e+00
4.806000000000000227e+01,2.875242830140924077e+00,3.204860291777325565e-01,1.371193938043484550e+00
4.807999999999999829e+01,2.876035437270095141e+00,3.244067145576173816e-01,1.371454807608701643e+00
4.810000000000000142e+01,2.876827021584818400e+00,3.283276065711693836e-01,1.371715677173918957e+00
4.811999999999999744e+01,2.877617583031221837e+00,3.322487049515613911e-01,1.371976546739136049e+00
4.814000000000000057e+01,2.878407121555509374e+00,3.361700094319508003e-01,1.372237416304353586e+00
4.815999999999999659e+01,2.879195637103946659e+00,3.400915197454810746e-01,1.372498285869571122e+00
4.817999999999999972e+01,2.879983129622874394e+00,3.440132356252824652e-01,1.372759155434788214e+00
4.820000000000000284e+01,2.880769599058702557e+00,3.479351568044702914e-01,1.373020025000005306e+00
4.821999999999999886e+01,2.881555045357909517e+00,3.518572830161462717e-01,1.373280894565223065e+00
4.824000000000000199e+01,2.882339468467040255e+00,3.557796139933985247e-01,1.373541764130440157e+00
4.825999999999999801e+01,2.883126960878786615e+00,3.597013293394321631e-01,1.371715677173918513e+00
4.828000000000000114e+01,2.883921613366810188e+00,3.636216001179820023e-01,1.369889590217397091e+00
4.829999999999999716e+01,2.884723423281268850e+00,3.675404132565419646e-01,1.368063503260875224e+00
4.832000000000000028e+01,2.885532387948452904e+00,3.714577556874664732e-01,1.366237416304353580e+00
4.834000000000000341e+01,2.886348504670794846e+00,3.753736143480143617e-01,1.364411329347831936e+00
4.835999999999999943e+01,2.887171770726877806e+00,3.792879761803920613e-01,1.362585242391310292e+00
4.838000000000000256e+01,2.888002183371445319e+00,3.832008281317973997e-01,1.360759155434788648e+00
4.839999999999999858e+01,2.888839739835408871e+00,3.871121571544630657e-01,1.358933068478266781e+00
4.842000000000000171e+01,2.889684437325859445e+00,3.910219502057000751e-01,1.357106981521745359e+00
4.843999999999999773e+01,2.890535253513077052e+00,3.949304165989467319e-01,1.355802633695658344e+00
4.846000000000000085e+01,2.891391166974736304e+00,3.988377699074819316e-01,1.354498285869571550e+00
4.847999999999999687e+01,2.892252176254651808e+00,4.027440034836357041e-01,1.353193938043484090e+00
4.850000000000000000e+01,2.893118279887968214e+00,4.066491106816427781e-01,1.351889590217397297e+00
4.852000000000000313e+01,2.893989476401163330e+00,4.105530848576545710e-01,1.350585242391310281e+00
4.853999999999999915e+01,2.894865764312051226e+00,4.144559193697500143e-01,1.349280894565223266e+00
4.856000000000000227e+01,2.895747142129782237e+00,4.183576075779468217e-01,1.347976546739136250e+00
4.857999999999999829e+01,2.896633608354848732e+00,4.222581428442130913e-01,1.346672198913049234e+00
4.860000000000000142e+01,2.897524144260722245e+00,4.261577511557893549e-01,1.345889590217397291e+00
4.861999999999999744e+01,2.898417731760942306e+00,4.300566613320842557e-01,1.345106981521744904e+00
4.864000000000000057e+01,2.899314370308207600e+00,4.339548709851073216e-01,1.344324372826092739e+00
4.865999999999999659e+01,2.900214059353348528e+00,4.378523777272974593e-01,1.343541764130440574e+00
4.867999999999999972e+01,2.901116798345326764e+00,4.417491791715240645e-01,1.342759155434788410e+00
4.870000000000000284e+01,2.902022586731236142e+00,4.456452729310884653e-01,1.341976546739136245e+00
4.871999999999999886e+01,2.902931423956302215e+00,4.495406566197253651e-01,1.341193938043484080e+00
4.874000000000000199e+01,2.903847372680571581e+00,4.534343729621554409e-01,1.338324372826092734e+00
4.875999999999999801e+01,2.904774490891345540e+00,4.573254449023858581e-01,1.335454807608701611e+00
4.878000000000000114e+01,2.905712770954363311e+00,4.612138403997781966e-01,1.332585242391310043e+00
4.879999999999999716e+01,2.906662205143452304e+00,4.650995274357328513e-01,1.329715677173918698e+00
4.882000000000000028e+01,2.907622785640592955e+00,4.689824740139528769e-01,1.326846111956527574e+00
4.884000000000000341e+01,2.908594504535982228e+00,4.728626481607072773e-01,1.323976546739136007e+00
4.885999999999999943e+01,2.909577353828098900e+00,4.767400179250943504e-01,1.321106981521744661e+00
4.888000000000000256e+01,2.910571325423770173e+00,4.806145513793048107e-01,1.318237416304353316e+00
4.889999999999999858e+01,2.911565297019441445e+00,4.844890848335152711e-01,1.321106981521744661e+00
4.892000000000000171e+01,2.912548146311558117e+00,4.883664545979023441e-01,1.323976546739136007e+00
4.893999999999999773e+01,2.913519865206947390e+00,4.922466287446567446e-01,1.326846111956527574e+00
4.896000000000000085e+01,2.914480445704088041e+00,4.961295753228767702e-01,1.329715677173918698e+00
4.897999999999999687e+01,2.915429879893177034e+00,5.000152623588314249e-01,1.332585242391310043e+00
4.900000000000000000e+01,2.916368159956194805e+00,5.039036578562237079e-01,1.335454807608701611e+00
4.902000000000000313e+01,2.917295278166968764e+00,5.077947297964541251e-01,1.338324372826092734e+00
4.903999999999999915e+01,2.918211226891238130e+00,5.116884461388842009e-01,1.341193938043484080e+00
4.906000000000000227e+01,2.919115998586715222e+00,5.155847748211004333e-01,1.344063503260875425e+00
4.907999999999999829e+01,2.920009585803149399e+00,5.194836837591781942e-01,1.346933068478266549e+00
4.910000000000000142e+01,2.920891981182387021e+00,5.233851408479461842e-01,1.349802633695658338e+00
4.911999999999999744e+01,2.921763177458432281e+00,5.272891139612504441e-01,1.352672198913049240e+00
4.914000000000000057e+01,2.922630299825223599e+00,5.311939952634637807e-01,1.351889590217397297e+00
4.915999999999999659e+01,2.923500477920219609e+00,5.350981967524182092e-01,1.351106981521745132e+00
4.917999999999999972e+01,2.924373711210456861e+00,5.390017160368827387e-01,1.350324372826092967e+00
4.920000000000000284e+01,2.925249999161100511e+00,5.429045507260441550e-01,1.349541764130440802e+00
4.921999999999999886e+01,2.926129341235444770e+00,5.468066984295085753e-01,1.348759155434788637e+00
4.924000000000000199e+01,2.927011736894913341e+00,5.507081567573027803e-01,1.347976546739136694e+00
4.925999999999999801e+01,2.927897185599060315e+00,5.546089233198758794e-01,1.347193938043484307e+00
4.928000000000000114e+01,2.928785686805568833e+00,5.585089957281007544e-01,1.346411329347832364e+00
4.929999999999999716e+01,2.929595264920180853e+00,5.620540942735873235e-01,1.346150459782615050e+00
4.932000000000000028e+01,2.930405767815552842e+00,5.655989815041584379e-01,1.345889590217397513e+00
4.934000000000000341e+01,2.931217195436525813e+00,5.691436571785736254e-01,1.345628720652180199e+00
4.935999999999999943e+01,2.932029547727880825e+00,5.726881210556079571e-01,1.345367851086962885e+00
4.938000000000000256e+01,2.932842824634334544e+00,5.762323728940500489e-01,1.345106981521745571e+00
4.939999999999999858e+01,2.933657026100539245e+00,5.797764124527031715e-01,1.344846111956528256e+00
4.942000000000000171e+01,2.934472152071088580e+00,5.833202394903853616e-01,1.344585242391310942e+00
4.943999999999999773e+01,2.935288202490510923e+00,5.868638537659280896e-01,1.344324372826093628e+00
4.946000000000000085e+01,2.936105177303271141e+00,5.904072550381788131e-01,1.344063503260876313e+00
4.947999999999999687e+01,2.936923076453770598e+00,5.939504430659984235e-01,1.343802633695658777e+00
4.950000000000000000e+01,2.937824798858144515e+00,5.978474798747562824e-01,1.343020025000006834e+00
4.952000000000000313e+01,2.938729570840959315e+00,6.017438097943701436e-01,1.342237416304354669e+00
4.953999999999999915e+01,2.939637391848063608e+00,6.056394304384299376e-01,1.341454807608702282e+00
4.956000000000000227e+01,2.940548261323438162e+00,6.095343394209603582e-01,1.340672198913050339e+00
4.957999999999999829e+01,2.941462178709196351e+00,6.134285343564215287e-01,1.339889590217398174e+00
4.960000000000000142e+01,2.942379143445586820e+00,6.173220128597114442e-01,1.339106981521746009e+00
4.961999999999999744e+01,2.943299154970989484e+00,6.212147725461667491e-01,1.338324372826093844e+00
4.964000000000000057e+01,2.944222212721919529e+00,6.251068110315639581e-01,1.337541764130441679e+00
4.965999999999999659e+01,2.945148316133025190e+00,6.289981259321216767e-01,1.336759155434789514e+00
4.967999999999999972e+01,2.946077464637090859e+00,6.328887148645017113e-01,1.335976546739137349e+00
4.970000000000000284e+01,2.947011686924581486e+00,6.367780881136807514e-01,1.334150459782615705e+00
4.971999999999999886e+01,2.947953009984259243e+00,6.406657489079364831e-01,1.332324372826094061e+00
4.974000000000000199e+01,2.948901430677194568e+00,6.445516842835038451e-01,1.330498285869572195e+00
4.975999999999999801e+01,2.949856945840791056e+00,6.484358812823712848e-01,1.328672198913050995e+00
4.978000000000000114e+01,2.950819552288794778e+00,6.523183269523241679e-01,1.326846111956529128e+00
4.979999999999999716e+01,2.951789246811305834e+00,6.561990083469875223e-01,1.325020025000007484e+00
4.982000000000000028e+01,2.952766026174787228e+00,6.600779125258698921e-01,1.323193938043485840e+00
4.984000000000000341e+01,2.953749887122078199e+00,6.639550265544058583e-01,1.321367851086964196e+00
4.985999999999999943e+01,2.954740826372403095e+00,6.678303375039994494e-01,1.319541764130442552e+00
4.988000000000000256e+01,2.955738840621382924e+00,6.717038324520673287e-01,1.317715677173920907e+00
4.989999999999999858e+01,2.956743926541047340e+00,6.755754984820816489e-01,1.315889590217399263e+00
4.992000000000000171e+01,2.957756080779843533e+00,6.794453226836133508e-01,1.314063503260877397e+00
4.993999999999999773e+01,2.958775299962649541e+00,6.833132921523751291e-01,1.312237416304355975e+00
4.996000000000000085e+01,2.959799563570756131e+00,6.871799293534159858e-01,1.311454807608703810e+00
4.997999999999999687e+01,2.960826852928781339e+00,6.910457637728204539e-01,1.310672198913051423e+00
5.000000000000000000e+01,2.961857167407535574e+00,6.949107930428564117e-01,1.309889590217399258e+00
5.002000000000000313e+01,2.962890506375975175e+00,6.987750147962847880e-01,1.309106981521747315e+00
5.003999999999999915e+01,2.963926869201204184e+00,7.026384266663612266e-01,1.308324372826095150e+00
5.006000000000000227e+01,2.964966255248474791e+00,7.065010262868373081e-01,1.307541764130442985e+00
5.007999999999999829e+01,2.966009671220544597e+00,7.103625390526845385e-01,1.306237416304355747e+00
5.010000000000000142e+01,2.967058123059373553e+00,7.142226875567224686e-01,1.304933068478268732e+00
5.011999999999999744e+01,2.968111608981207183e+00,7.180814652315917757e-01,1.303628720652181938e+00
5.014000000000000057e+01,2.969170127193724973e+00,7.219388655122650489e-01,1.302324372826094923e+00
5.015999999999999659e+01,2.970233675896045700e+00,7.257948818360584475e-01,1.301020025000007907e+00
5.017999999999999972e+01,2.971302253278730099e+00,7.296495076426429138e-01,1.299715677173920891e+00
5.020000000000000284e+01,2.972375857523782194e+00,7.335027363740544981e-01,1.298411329347833876e+00
5.021999999999999886e+01,2.973454486804654628e+00,7.373545614747069044e-01,1.297106981521746860e+00
5.024000000000000199e+01,2.974538139286250438e+00,7.412049763914012601e-01,1.295802633695659623e+00
5.025999999999999801e+01,2.975626813124926606e+00,7.450539745733378849e-01,1.294498285869572829e+00
5.028000000000000114e+01,2.976721510071965504e+00,7.489012637680848572e-01,1.292672198913051407e+00
5.029999999999999716e+01,2.977823230674532251e+00,7.527465475375555437e-01,1.290846111956529541e+00
5.032000000000000028e+01,2.978931971258837130e+00,7.565898130592947357e-01,1.289020025000007896e+00
5.034000000000000341e+01,2.980047728127682038e+00,7.604310475175775075e-01,1.287193938043486252e+00
5.035999999999999943e+01,2.981170497560472921e+00,7.642702381034516268e-01,1.285367851086964608e+00
5.038000000000000256e+01,2.982300275813230428e+00,7.681073720147805206e-01,1.283541764130442742e+00
5.039999999999999858e+01,2.983437059118604573e+00,7.719424364562856855e-01,1.281715677173921319e+00
5.042000000000000171e+01,2.984580843685885831e+00,7.757754186395893203e-01,1.279889590217399675e+00
5.043999999999999773e+01,2.985731625701018910e+00,7.796063057832571808e-01,1.278063503260878031e+00
5.046000000000000085e+01,2.986889401326614291e+00,7.834350851128414339e-01,1.276237416304356387e+00
5.047999999999999687e+01,2.988054166701962000e+00,7.872617438609224028e-01,1.274411329347834743e+00
5.050000000000000000e+01,2.989223922511768716e+00,7.910868805289108519e-01,1.273628720652182578e+00
5.052000000000000313e+01,2.990396671548264163e+00,7.949111005645211891e-01,1.272846111956530413e+00
5.053999999999999915e+01,2.991572413093166904e+00,7.987344016255093493e-01,1.272063503260878248e+00
5.056000000000000227e+01,2.992751146426364084e+00,8.025567813701938169e-01,1.271280894565226083e+00
5.057999999999999829e+01,2.993932870825908754e+00,8.063782374574575140e-01,1.270498285869573918e+00
5.060000000000000142e+01,2.995117585568023877e+00,8.101987675467486882e-01,1.269715677173921753e+00
5.061999999999999744e+01,2.996305289927097881e+00,8.140183692980836883e-01,1.268933068478269588e+00
5.064000000000000057e+01,2.997495983175691769e+00,8.178370403720462978e-01,1.268150459782617645e+00
5.065999999999999659e+01,2.998689664584532899e+00,8.216547784297909551e-01,1.267367851086965258e+00
5.067999999999999972e+01,2.999886333422519868e+00,8.254715811330433084e-01,1.266585242391313093e+00
5.070000000000000284e+01,3.001083002260506838e+00,8.292883838362956617e-01,1.267367851086965258e+00
5.071999999999999886e+01,3.002276683669347968e+00,8.331061218940403190e-01,1.268150459782617645e+00
5.074000000000000199e+01,3.003467376917941856e+00,8.369247929680029285e-01,1.268933068478269588e+00
5.075999999999999801e+01,3.004655081277015860e+00,8.407443947193379286e-01,1.269715677173921753e+00
5.078000000000000114e+01,3.005839796019130983e+00,8.445649248086291028e-01,1.270498285869573918e+00
5.079999999999999716e+01,3.007021520418675653e+00,8.483863808958927999e-01,1.271280894565226083e+00
5.082000000000000028e+01,3.008200253751872832e+00,8.522087606405772675e-01,1.272063503260878248e+00
5.084000000000000341e+01,3.009375995296776019e+00,8.560320617015654276e-01,1.272846111956530413e+00
5.085999999999999943e+01,3.010548744333271465e+00,8.598562817371757649e-01,1.273628720652182578e+00
5.088000000000000256e+01,3.011718500143078181e+00,8.636814184051642140e-01,1.274411329347834743e+00
5.089999999999999858e+01,3.012885262009747933e+00,8.675074693627249367e-01,1.275193938043486908e+00
5.092000000000000171e+01,3.014049029218667020e+00,8.713344322664919872e-01,1.275976546739139073e+00
5.093999999999999773e+01,3.015212796427586106e+00,8.751613951702590377e-01,1.275193938043486908e+00
5.096000000000000085e+01,3.016379558294255858e+00,8.789874461278197604e-01,1.274411329347834743e+00
5.097999999999999687e+01,3.017549314104062574e+00,8.828125827958082095e-01,1.273628720652182578e+00
5.100000000000000000e+01,3.018722063140558021e+00,8.866368028314185468e-01,1.272846111956530413e+00
5.102000000000000313e+01,3.019897804685460763e+00,8.904601038924067069e-01,1.272063503260878248e+00
5.103999999999999915e+01,3.021076538018657942e+00,8.942824836370911745e-01,1.271280894565226083e+00
5.106000000000000227e+01,3.022258262418202612e+00,8.981039397243548716e-01,1.270498285869573918e+00
5.107999999999999829e+01,3.023442977160317735e+00,9.019244698136460459e-01,1.269715677173921753e+00
5.110000000000000142e+01,3.024630681519391739e+00,9.057440715649810459e-01,1.268933068478269588e+00
5.111999999999999744e+01,3.025821374767985628e+00,9.095627426389436554e-01,1.268150459782617645e+00
5.114000000000000057e+01,3.027015056176826757e+00,9.133804806966883127e-01,1.267367851086965258e+00
5.115999999999999659e+01,3.028211725014813727e+00,9.171972833999406660e-01,1.266585242391313093e+00
5.117999999999999972e+01,3.029411380549015043e+00,9.210131484109996824e-01,1.265802633695660928e+00
5.120000000000000284e+01,3.030614022044670453e+00,9.248280733927382036e-01,1.265020025000008763e+00
5.121999999999999886e+01,3.031819648765190056e+00,9.286420560086048326e-01,1.264237416304356598e+00
5.124000000000000199e+01,3.033028259972156526e+00,9.324550939226257107e-01,1.263454807608704433e+00
5.125999999999999801e+01,3.034239854925323332e+00,9.362671847994049612e-01,1.262672198913052268e+00
5.128000000000000114e+01,3.035454432882618292e+00,9.400783263041273541e-01,1.261889590217400103e+00
5.129999999999999716e+01,3.036671993100140465e+00,9.438885161025587500e-01,1.261106981521747938e+00
5.132000000000000028e+01,3.037892534832162816e+00,9.476977518610482099e-01,1.260324372826095995e+00
5.134000000000000341e+01,3.039116057331133547e+00,9.515060312465291048e-01,1.259541764130443386e+00
5.135999999999999943e+01,3.040342559847672987e+00,9.553133519265201157e-01,1.258759155434791666e+00
5.138000000000000256e+01,3.041572041630577594e+00,9.591197115691274533e-01,1.257976546739139279e+00
5.139999999999999858e+01,3.042804501926819061e+00,9.629251078430459687e-01,1.257193938043487336e+00
5.142000000000000171e+01,3.044039939981544762e+00,9.667295384175604855e-01,1.256411329347834949e+00
5.143999999999999773e+01,3.045278355038077311e+00,9.705330009625472432e-01,1.255628720652182784e+00
5.146000000000000085e+01,3.046519746337917667e+00,9.743354931484754511e-01,1.254846111956530841e+00
5.147999999999999687e+01,3.047764113120742469e+00,9.781370126464086212e-01,1.254063503260878454e+00
5.150000000000000000e+01,3.049009471590202747e+00,9.819382074837975649e-01,1.254324372826095768e+00
5.152000000000000313e+01,3.050253838401255191e+00,9.857397270679648660e-01,1.254585242391313082e+00
5.153999999999999915e+01,3.051497213469216430e+00,9.895415711402048009e-01,1.254846111956530397e+00
5.156000000000000227e+01,3.052739596709470149e+00,9.933437394417912181e-01,1.255106981521747489e+00
5.157999999999999829e+01,3.053980988037469313e+00,9.971462317139757614e-01,1.255367851086964803e+00
5.160000000000000142e+01,3.055221387368735719e+00,1.000949047697986316e+00,1.255628720652182340e+00
5.161999999999999744e+01,3.056460794618852894e+00,1.004752187135032004e+00,1.255889590217399876e+00
5.164000000000000057e+01,3.057699209703478971e+00,1.008555649766296192e+00,1.256150459782616968e+00
5.165999999999999659e+01,3.058936632538332479e+00,1.012359435332943924e+00,1.256411329347834283e+00
5.167999999999999972e+01,3.060173063039206998e+00,1.016163543576114714e+00,1.256672198913051597e+00
5.170000000000000284e+01,3.061410485845991847e+00,1.019967329056476801e+00,1.255889590217399432e+00
5.171999999999999886e+01,3.062650885149119429e+00,1.023770144954224692e+00,1.255106981521747267e+00
5.174000000000000199e+01,3.063894260188875673e+00,1.027571988940223502e+00,1.254324372826095324e+00
5.175999999999999801e+01,3.065140610203722193e+00,1.031372858685933869e+00,1.253541764130442937e+00
5.178000000000000114e+01,3.066389934430299391e+00,1.035172751863413065e+00,1.252759155434790994e+00
5.179999999999999716e+01,3.067642232103425570e+00,1.038971666145316108e+00,1.251976546739138829e+00
5.182000000000000028e+01,3.068897502456097381e+00,1.042769599204898201e+00,1.251193938043486664e+00
5.184000000000000341e+01,3.070155744719492485e+00,1.046566548716014955e+00,1.250411329347834277e+00
5.185999999999999943e+01,3.071416958122966445e+00,1.050362512353125277e+00,1.249628720652182334e+00
5.188000000000000256e+01,3.072681141894056722e+00,1.054157487791290260e+00,1.248846111956530169e+00
5.189999999999999858e+01,3.073947305508900385e+00,1.057951803224896015e+00,1.248585242391312633e+00
5.192000000000000171e+01,3.075214458902066905e+00,1.061745788225846754e+00,1.248324372826095319e+00
5.193999999999999773e+01,3.076482601987323928e+00,1.065539442535949899e+00,1.248063503260878004e+00
5.196000000000000085e+01,3.077751734678369822e+00,1.069332765897037740e+00,1.247802633695660912e+00
5.197999999999999687e+01,3.079021856888836339e+00,1.073125758050961887e+00,1.247541764130443376e+00
5.200000000000000000e+01,3.080292968532288178e+00,1.076918418739599037e+00,1.247280894565226061e+00
5.202000000000000313e+01,3.081565069522221201e+00,1.080710747704847430e+00,1.247020025000008747e+00
5.203999999999999915e+01,3.082838159772066433e+00,1.084502744688627951e+00,1.246759155434791433e+00
5.206000000000000227e+01,3.084112239195186511e+00,1.088294409432884358e+00,1.246498285869573897e+00
5.207999999999999829e+01,3.085386813176048459e+00,1.092085907971366288e+00,1.246498285869573897e+00
5.210000000000000142e+01,3.086661387156910408e+00,1.095877406509848218e+00,1.246498285869573897e+00
5.211999999999999744e+01,3.087935961137772356e+00,1.099668905048330148e+00,1.246498285869573897e+00
5.214000000000000057e+01,3.089210535118634304e+00,1.103460403586812077e+00,1.246498285869573897e+00
5.215999999999999659e+01,3.090485109099496253e+00,1.107251902125294007e+00,1.246498285869573897e+00
5.217999999999999972e+01,3.091759683080358201e+00,1.111043400663775937e+00,1.246498285869573897e+00
5.220000000000000284e+01,3.093034257061220149e+00,1.114834899202257867e+00,1.246498285869573897e+00
5.221999999999999886e+01,3.094308831042082097e+00,1.118626397740739797e+00,1.246498285869573897e+00
5.224000000000000199e+01,3.095583405022944046e+00,1.122417896279221727e+00,1.246498285869573897e+00
5.225999999999999801e+01,3.096857979003805994e+00,1.126209394817703657e+00,1.246498285869573897e+00
5.228000000000000114e+01,3.098132552984667942e+00,1.130000893356185587e+00,1.246498285869573897e+00
5.229999999999999716e+01,3.099405643205634497e+00,1.133792890253948471e+00,1.247280894565226284e+00
5.232000000000000028e+01,3.100675765387289395e+00,1.137585882321832775e+00,1.248063503260878671e+00
5.234000000000000341e+01,3.101942918751712686e+00,1.141379867236720358e+00,1.248846111956530613e+00
5.235999999999999943e+01,3.103207102522802963e+00,1.145174842674885785e+00,1.249628720652182778e+00
5.238000000000000256e+01,3.104468315926276922e+00,1.148970806311995885e+00,1.250411329347834721e+00
5.239999999999999858e+01,3.105726558189672026e+00,1.152767755823112861e+00,1.251193938043487108e+00
5.242000000000000171e+01,3.106981828542343838e+00,1.156565688882694953e+00,1.251976546739139273e+00
5.243999999999999773e+01,3.108234126215470017e+00,1.160364603164598218e+00,1.252759155434791438e+00
5.246000000000000085e+01,3.109483450442046770e+00,1.164164496342077193e+00,1.253541764130443381e+00
5.247999999999999687e+01,3.110729800456893734e+00,1.167965366087787560e+00,1.254324372826095768e+00
5.250000000000000000e+01,3.111970199506783441e+00,1.171768181209157156e+00,1.256672198913052263e+00
5.252000000000000313e+01,3.113201666797613232e+00,1.175573898087998836e+00,1.259020025000008758e+00
5.253999999999999915e+01,3.114424195541185103e+00,1.179382495746117199e+00,1.261367851086965253e+00
5.256000000000000227e+01,3.115637778998572305e+00,1.183193953189437320e+00,1.263715677173921748e+00
5.257999999999999829e+01,3.116842410480157088e+00,1.187008249408120220e+00,1.266063503260878242e+00
5.260000000000000142e+01,3.118038083345668010e+00,1.190825363376678769e+00,1.268411329347834959e+00
5.261999999999999744e+01,3.119224791004215014e+00,1.194645274054093820e+00,1.270759155434791232e+00
5.264000000000000057e+01,3.120402526914328512e+00,1.198467960383929665e+00,1.273106981521747505e+00
5.265999999999999659e+01,3.121571284583991801e+00,1.202293401294450614e+00,1.275454807608704222e+00
5.267999999999999972e+01,3.122731057570680147e+00,1.206121575698736903e+00,1.277802633695660717e+00
5.270000000000000284e+01,3.123779039989400097e+00,1.209603654312322085e+00,1.279106981521747732e+00
5.271999999999999886e+01,3.124822479676259146e+00,1.213087096897039086e+00,1.280411329347834748e+00
5.274000000000000199e+01,3.125861374856030217e+00,1.216571897526426804e+00,1.281715677173921764e+00
5.275999999999999801e+01,3.126895723761216939e+00,1.220058050271713768e+00,1.283020025000008779e+00
5.278000000000000114e+01,3.127925524632057197e+00,1.223545549201828120e+00,1.284324372826095795e+00
5.279999999999999716e+01,3.128950775716527577e+00,1.227034388383407837e+00,1.285628720652182810e+00
5.282000000000000028e+01,3.129971475270344250e+00,1.230524561880810275e+00,1.286933068478269826e+00
5.284000000000000341e+01,3.130987621556968303e+00,1.234016063756123271e+00,1.288237416304356620e+00
5.285999999999999943e+01,3.131999212847606184e+00,1.237508888069174029e+00,1.289541764130443635e+00
5.288000000000000256e+01,3.133006247421214141e+00,1.241003028877540215e+00,1.290846111956530873e+00
5.289999999999999858e+01,3.134108971178830583e+00,1.244848025372461864e+00,1.292150459782617666e+00
5.292000000000000171e+01,3.135206678787004986e+00,1.248694456931521035e+00,1.293454807608704904e+00
5.293999999999999773e+01,3.136299368378181907e+00,1.252542317010695294e+00,1.294759155434791920e+00
5.296000000000000085e+01,3.137387038093343961e+00,1.256391599063531928e+00,1.296063503260878935e+00
5.297999999999999687e+01,3.138469686082013155e+00,1.260242296541158602e+00,1.297367851086965951e+00
5.300000000000000000e+01,3.139547310502255772e+00,1.264094402892295355e+00,1.298672198913052966e+00
5.302000000000000313e+01,3.140619909520684594e+00,1.267947911563264807e+00,1.299976546739139982e+00
5.303999999999999915e+01,3.141687481312462449e+00,1.271802815998003933e+00,1.301280894565226998e+00
5.306000000000000227e+01,3.142750024061303993e+00,1.275659109638075162e+00,1.302585242391314013e+00
5.307999999999999829e+01,3.143807535959481481e+00,1.279516785922677480e+00,1.303889590217401029e+00
5.310000000000000142e+01,3.144860015207826098e+00,1.283375838288657311e+00,1.305193938043488044e+00
5.311999999999999744e+01,3.145907460015729740e+00,1.287236260170520286e+00,1.306498285869575060e+00
5.314000000000000057e+01,3.146949868601150779e+00,1.291098045000441674e+00,1.307802633695662076e+00
5.315999999999999659e+01,3.147987239190615405e+00,1.294961186208278159e+00,1.309106981521749091e+00
5.317999999999999972e+01,3.149019570019221614e+00,1.298825677221578712e+00,1.310411329347836107e+00
5.320000000000000284e+01,3.150046859330640547e+00,1.302691511465595919e+00,1.311715677173923122e+00
5.321999999999999886e+01,3.151069105377121815e+00,1.306558682363296642e+00,1.313020025000010138e+00
5.324000000000000199e+01,3.152086306419494388e+00,1.310427183335374668e+00,1.314324372826097154e+00
5.325999999999999801e+01,3.153098460727171037e+00,1.314297007800259598e+00,1.315628720652184169e+00
5.328000000000000114e+01,3.154105566578150111e+00,1.318168149174130388e+00,1.316933068478271407e+00
5.329999999999999716e+01,3.155107622259019085e+00,1.322040600870925120e+00,1.318237416304358200e+00
5.332000000000000028e+01,3.156104626064957674e+00,1.325914356302352770e+00,1.319541764130445216e+00
5.334000000000000341e+01,3.157096576299740498e+00,1.329789408877903867e+00,1.320846111956532232e+00
5.335999999999999943e+01,3.158083471275739740e+00,1.333665752004862481e+00,1.322150459782619247e+00
5.338000000000000256e+01,3.159065309313928704e+00,1.337543379088316442e+00,1.323454807608706263e+00
5.339999999999999858e+01,3.160042088743883149e+00,1.341422283531169990e+00,1.324759155434793279e+00
5.342000000000000171e+01,3.161013807903785278e+00,1.345302458734153550e+00,1.326063503260880072e+00
5.343999999999999773e+01,3.161980465140428187e+00,1.349183898095835721e+00,1.327367851086967088e+00
5.346000000000000085e+01,3.162942058809214974e+00,1.353066595012634599e+00,1.328672198913054325e+00
5.347999999999999687e+01,3.163898587274164065e+00,1.356950542878828658e+00,1.329976546739141341e+00
5.350000000000000000e+01,3.164850048907911884e+00,1.360835735086567855e+00,1.331280894565228357e+00
5.352000000000000313e+01,3.165796442091715068e+00,1.364722165025885170e+00,1.332585242391315372e+00
5.353999999999999915e+01,3.166652190386021637e+00,1.368256402352087786e+00,1.333889590217402388e+00
5.356000000000000227e+01,3.167503328078910219e+00,1.371791752864961689e+00,1.335193938043489403e+00
5.357999999999999829e+01,3.168349853722320031e+00,1.375328210549733532e+00,1.336498285869576419e+00
5.360000000000000142e+01,3.169191765876038236e+00,1.378865769389746587e+00,1.337802633695663435e+00
5.361999999999999744e+01,3.170029063107699496e+00,1.382404423366470514e+00,1.339106981521750450e+00
5.364000000000000057e+01,3.170861743992791748e+00,1.385944166459512017e+00,1.340411329347837466e+00
5.365999999999999659e+01,3.171689807114654869e+00,1.389484992646624617e+00,1.341715677173924481e+00
5.367999999999999972e+01,3.172512327005740485e+00,1.393027110353611819e+00,1.343541764130446126e+00
5.370000000000000284e+01,3.173328377314093451e+00,1.396570724146849019e+00,1.345367851086967770e+00
5.371999999999999886e+01,3.174137955318518056e+00,1.400115822209827776e+00,1.347193938043489414e+00
5.374000000000000199e+01,3.174941058319401765e+00,1.403662392721090058e+00,1.349020025000011058e+00
5.375999999999999801e+01,3.175737683638723219e+00,1.407210423854267978e+00,1.350846111956532702e+00
5.378000000000000114e+01,3.176527828620061111e+00,1.410759903778123103e+00,1.352672198913054569e+00
5.379999999999999716e+01,3.177311490628604407e+00,1.414310820656585532e+00,1.354498285869575991e+00
5.382000000000000028e+01,3.178088667051159000e+00,1.417863162648794084e+00,1.356324372826097635e+00
5.384000000000000341e+01,3.178859355296158373e+00,1.421416917909135380e+00,1.358150459782619057e+00
5.385999999999999943e+01,3.179623552793671148e+00,1.424972074587283144e+00,1.359976546739140923e+00
5.388000000000000256e+01,3.180381256995409966e+00,1.428528620828238171e+00,1.361802633695662568e+00
5.389999999999999858e+01,3.181207586212672744e+00,1.432442337166780266e+00,1.363628720652184212e+00
5.392000000000000171e+01,3.182026767269814815e+00,1.436357555928164276e+00,1.365454807608705856e+00
5.393999999999999773e+01,3.182838797435200373e+00,1.440274264056730757e+00,1.367280894565227722e+00
5.396000000000000085e+01,3.183643674001039869e+00,1.444192448491853131e+00,1.369106981521749145e+00
5.397999999999999687e+01,3.184441394283398008e+00,1.448112096167982754e+00,1.370933068478270789e+00
5.400000000000000000e+01,3.185231955622202626e+00,1.452033194014691109e+00,1.372759155434792433e+00
5.402000000000000313e+01,3.186015355381253134e+00,1.455955728956714434e+00,1.374585242391314077e+00
5.403999999999999915e+01,3.186791590948231168e+00,1.459879687913996360e+00,1.376411329347835721e+00
5.406000000000000227e+01,3.187560659734706814e+00,1.463805057801732090e+00,1.378237416304357366e+00
5.407999999999999829e+01,3.188322559176149262e+00,1.467731825530412149e+00,1.380063503260879010e+00
5.410000000000000142e+01,3.189077286731933913e+00,1.471659978005865899e+00,1.381889590217400432e+00
5.411999999999999744e+01,3.189824839885352148e+00,1.475589502129304842e+00,1.383715677173922298e+00
5.414000000000000057e+01,3.190565216143618432e+00,1.479520384797366583e+00,1.385541764130443942e+00
5.415999999999999659e+01,3.191298413037880088e+00,1.483452612902159018e+00,1.387367851086965587e+00
5.417999999999999972e+01,3.192024428123223956e+00,1.487386173331302963e+00,1.389193938043487231e+00
5.420000000000000284e+01,3.192743258978684828e+00,1.491321052967976790e+00,1.391020025000009097e+00
5.421999999999999886e+01,3.193454903207255224e+00,1.495257238690959944e+00,1.392846111956530519e+00
5.424000000000000199e+01,3.194159358435891605e+00,1.499194717374676467e+00,1.394672198913052164e+00
5.425999999999999801e+01,3.194856622315521921e+00,1.503133475889238735e+00,1.396498285869573808e+00
5.428000000000000114e+01,3.195484893280737371e+00,1.506715153459232903e+00,1.397802633695660823e+00
5.429999999999999716e+01,3.196108491959479547e+00,1.510297647466067206e+00,1.399106981521747839e+00
5.432000000000000028e+01,3.196727417290805562e+00,1.513880951814762232e+00,1.400411329347834855e+00
5.434000000000000341e+01,3.197341668221723499e+00,1.517465060408959676e+00,1.401715677173921870e+00
5.435999999999999943e+01,3.197951243707193747e+00,1.521049967150932991e+00,1.403020025000008886e+00
5.438000000000000256e+01,3.198556142710132111e+00,1.524635665941598051e+00,1.404324372826095679e+00
5.439999999999999858e+01,3.199156364201409808e+00,1.528222150680522917e+00,1.405628720652182917e+00
5.442000000000000171e+01,3.199751907159856135e+00,1.531809415265938723e+00,1.406933068478269933e+00
5.443999999999999773e+01,3.200342770572260243e+00,1.535397453594749440e+00,1.408237416304356948e+00
5.446000000000000085e+01,3.200928953433372470e+00,1.538986259562542980e+00,1.409541764130444186e+00
5.447999999999999687e+01,3.201509518277708022e+00,1.542575978393162517e+00,1.411367851086965608e+00
5.450000000000000000e+01,3.202083527018979137e+00,1.546166751399957517e+00,1.413193938043487474e+00
5.452000000000000313e+01,3.202650977743100036e+00,1.549758566609162669e+00,1.415020025000008896e+00
5.453999999999999915e+01,3.203211868557853670e+00,1.553351412043537660e+00,1.416846111956530319e+00
5.456000000000000227e+01,3.203766197592897935e+00,1.556945275722406041e+00,1.418672198913051963e+00
5.457999999999999829e+01,3.204313962999771448e+00,1.560540145661696743e+00,1.420498285869573607e+00
5.460000000000000142e+01,3.204855162951899761e+00,1.564136009873982935e+00,1.422324372826095473e+00
5.461999999999999744e+01,3.205389795644601136e+00,1.567732856368521999e+00,1.424150459782617339e+00
5.464000000000000057e+01,3.205917859295093653e+00,1.571330673151296375e+00,1.425976546739138762e+00
5.465999999999999659e+01,3.206439352142499644e+00,1.574929448225052431e+00,1.427802633695660406e+00
5.467999999999999972e+01,3.207006797461242176e+00,1.578888994100756893e+00,1.429106981521747421e+00
5.470000000000000284e+01,3.207569077673690039e+00,1.582849276754086043e+00,1.430411329347834437e+00
5.471999999999999886e+01,3.208126191823222673e+00,1.586810289447319944e+00,1.431715677173921453e+00
5.474000000000000199e+01,3.208678138962009374e+00,1.590772025441496762e+00,1.433020025000008246e+00
5.475999999999999801e+01,3.209224918151009298e+00,1.594734477996423649e+00,1.434324372826095484e+00
5.478000000000000114e+01,3.209766528459975010e+00,1.598697640370688955e+00,1.435628720652182277e+00
5.479999999999999716e+01,3.210302968967452042e+00,1.602661505821673327e+00,1.436933068478269515e+00
5.482000000000000028e+01,3.210834238760782444e+00,1.606626067605561481e+00,1.438237416304356531e+00
5.484000000000000341e+01,3.211360336936103899e+00,1.610591318977352859e+00,1.439541764130443546e+00
5.485999999999999943e+01,3.211881262598353715e+00,1.614557253190874286e+00,1.440846111956530562e+00
5.488000000000000256e+01,3.212397014861269273e+00,1.618523863498790627e+00,1.442150459782617578e+00
5.489999999999999858e+01,3.212907592847389360e+00,1.622491143152616555e+00,1.443454807608704815e+00
5.492000000000000171e+01,3.213412995688055496e+00,1.626459085402727656e+00,1.444759155434791609e+00
5.493999999999999773e+01,3.213913222523414603e+00,1.630427683498372637e+00,1.446063503260878402e+00
5.496000000000000085e+01,3.214408272502419006e+00,1.634396930687684213e+00,1.447367851086965640e+00
5.497999999999999687e+01,3.214898144782829092e+00,1.638366820217690867e+00,1.448672198913052656e+00
5.500000000000000000e+01,3.215382838531213761e+00,1.642337345334328180e+00,1.449976546739139449e+00
5.502000000000000313e+01,3.215862352922951750e+00,1.646308499282450377e+00,1.451280894565226687e+00
5.503999999999999915e+01,3.216336687142235196e+00,1.650280275305841871e+00,1.452585242391313702e+00
5.506000000000000227e+01,3.216805840382067849e+00,1.654252666647228809e+00,1.453889590217400718e+00
5.507999999999999829e+01,3.217269811844268634e+00,1.658225666548290178e+00,1.455193938043487512e+00
5.510000000000000142e+01,3.217728600739472089e+00,1.662199268249670014e+00,1.456498285869574749e+00
5.511999999999999744e+01,3.218182206287130143e+00,1.666173464990988284e+00,1.457802633695661543e+00
5.514000000000000057e+01,3.218630627715513448e+00,1.670148250010852653e+00,1.459106981521748780e+00
5.515999999999999659e+01,3.219073864261712270e+00,1.674123616546869808e+00,1.460411329347835796e+00
5.517999999999999972e+01,3.219511915171637817e+00,1.678099557835657230e+00,1.461715677173922812e+00
5.520000000000000284e+01,3.219944779700024018e+00,1.682076067112854512e+00,1.463020025000009827e+00
5.521999999999999886e+01,3.220372457110428854e+00,1.686053137613134911e+00,1.464324372826096843e+00
5.524000000000000199e+01,3.220794946675234804e+00,1.690030762570216893e+00,1.465628720652183858e+00
5.525999999999999801e+01,3.221174311221067121e+00,1.693647283158088435e+00,1.466933068478270874e+00
5.528000000000000114e+01,3.221548958244759397e+00,1.697264295492705299e+00,1.468237416304357668e+00
5.529999999999999716e+01,3.221918887108916163e+00,1.700881793420361499e+00,1.469541764130444683e+00
5.532000000000000028e+01,3.222284097184168861e+00,1.704499770786524371e+00,1.470846111956532143e+00
5.534000000000000341e+01,3.222644587849176734e+00,1.708118221435845907e+00,1.472150459782618936e+00
5.535999999999999943e+01,3.223000358490629491e+00,1.711737139212172520e+00,1.473454807608705730e+00
5.538000000000000256e+01,3.223351408503245974e+00,1.715356517958556370e+00,1.474759155434792746e+00
5.539999999999999858e+01,3.223697737289776377e+00,1.718976351517264911e+00,1.476063503260879983e+00
5.542000000000000171e+01,3.224039344261004025e+00,1.722596633729792215e+00,1.477367851086966999e+00
5.543999999999999773e+01,3.224376228835745373e+00,1.726217358436868743e+00,1.478672198913054237e+00
5.546000000000000085e+01,3.224741606601360555e+00,1.730200635582632485e+00,1.479976546739141030e+00
5.547999999999999687e+01,3.225101788478750287e+00,1.734184385919534943e+00,1.481280894565227824e+00
5.550000000000000000e+01,3.225456773855129633e+00,1.738168602669929896e+00,1.482585242391315061e+00
5.552000000000000313e+01,3.225806562126552368e+00,1.742153279055377757e+00,1.483889590217402077e+00
5.553999999999999915e+01,3.226151152697917190e+00,1.746138408296656896e+00,1.485193938043489092e+00
5.556000000000000227e+01,3.226490544982963282e+00,1.750123983613774969e+00,1.486498285869576108e+00
5.557999999999999829e+01,3.226824738404274751e+00,1.754109998225981348e+00,1.487802633695663124e+00
5.560000000000000142e+01,3.227153732393280627e+00,1.758096445351777559e+00,1.489106981521750139e+00
5.561999999999999744e+01,3.227477526390256202e+00,1.762083318208929272e+00,1.490411329347837155e+00
5.564000000000000057e+01,3.227796119844323020e+00,1.766070610014478071e+00,1.491715677173924393e+00
5.565999999999999659e+01,3.228109512213451104e+00,1.770058313984752552e+00,1.493020025000011408e+00
5.567999999999999972e+01,3.228417702964458069e+00,1.774046423335380318e+00,1.494324372826098202e+00
5.570000000000000284e+01,3.228721732056818006e+00,1.778034852286027867e+00,1.495106981521750145e+00
5.571999999999999886e+01,3.229022639677213036e+00,1.782023517951053293e+00,1.495889590217402532e+00
5.574000000000000199e+01,3.229320425641343917e+00,1.786012417887493431e+00,1.496672198913054697e+00
5.575999999999999801e+01,3.229615089766823210e+00,1.790001549652241231e+00,1.497454807608706862e+00
5.578000000000000114e+01,3.229906631873177059e+00,1.793990910802047978e+00,1.498237416304359026e+00
5.579999999999999716e+01,3.230195051781842075e+00,1.797980498893524404e+00,1.499020025000010969e+00
5.582000000000000028e+01,3.230480349316168454e+00,1.801970311483142018e+00,1.499802633695663356e+00
5.584000000000000341e+01,3.230762524301417304e+00,1.805960346127235105e+00,1.500585242391315521e+00
5.585999999999999943e+01,3.231041576564763762e+00,1.809950600382002062e+00,1.501367851086967686e+00
5.588000000000000256e+01,3.231317505935295209e+00,1.813941071803506278e+00,1.502150459782619851e+00
5.589999999999999858e+01,3.231590312244011276e+00,1.817931757947678584e+00,1.502933068478272016e+00
5.592000000000000171e+01,3.231859995323824286e+00,1.821922656370318139e+00,1.503715677173924181e+00
5.593999999999999773e+01,3.232126555009559699e+00,1.825913764627093983e+00,1.504498285869576346e+00
5.596000000000000085e+01,3.232389991137956553e+00,1.829905080273546814e+00,1.505280894565228733e+00
5.597999999999999687e+01,3.232650303547665249e+00,1.833896600865090321e+00,1.506063503260880454e+00
5.600000000000000000e+01,3.232907492079251988e+00,1.837888323957012515e+00,1.506846111956532841e+00
5.602000000000000313e+01,3.233161556575193885e+00,1.841880247104477286e+00,1.507628720652185006e+00
5.603999999999999915e+01,3.233412496879883413e+00,1.845872367862526398e+00,1.508411329347837171e+00
5.606000000000000227e+01,3.233660312839624407e+00,1.849864683786080377e+00,1.509193938043489336e+00
5.607999999999999829e+01,3.233882759624180814e+00,1.853494237098679998e+00,1.509976546739141501e+00
5.610000000000000142e+01,3.234102365820921587e+00,1.857123963388541910e+00,1.510759155434793444e+00
5.611999999999999744e+01,3.234319131295343208e+00,1.860753860432544871e+00,1.511541764130445831e+00
5.614000000000000057e+01,3.234533055914682542e+00,1.864383926007462611e+00,1.512324372826097996e+00
5.615999999999999659e+01,3.234744139547914621e+00,1.868014157889966054e+00,1.513106981521750383e+00
5.617999999999999972e+01,3.234952382065756638e+00,1.871644553856623761e+00,1.513889590217402326e+00
5.620000000000000284e+01,3.235157783340664839e+00,1.875275111683904372e+00,1.514672198913054491e+00
5.621999999999999886e+01,3.235360343246835413e+00,1.878905829148177054e+00,1.515454807608706655e+00
5.624000000000000199e+01,3.235560061660205378e+00,1.882536704025713270e+00,1.516237416304358820e+00
5.625999999999999801e+01,3.235756938458452581e+00,1.886167734092687898e+00,1.517020025000010985e+00
5.628000000000000114e+01,3.235950973520993479e+00,1.889798917125181221e+00,1.517802633695663150e+00
5.629999999999999716e+01,3.236142166728986691e+00,1.893430250899179379e+00,1.518585242391315315e+00
5.632000000000000028e+01,3.236330517965331666e+00,1.897061733190576360e+00,1.519367851086967702e+00
5.634000000000000341e+01,3.236516027114666461e+00,1.900693361775175116e+00,1.520150459782619867e+00
5.635999999999999943e+01,3.236698694063372184e+00,1.904325134428689337e+00,1.520933068478272032e+00
5.638000000000000256e+01,3.236878518699568996e+00,1.907957048926743893e+00,1.521715677173924197e+00
5.639999999999999858e+01,3.237055500913118333e+00,1.911589103044877280e+00,1.522498285869576140e+00
5.642000000000000171e+01,3.237229640595623792e+00,1.915221294558542287e+00,1.523280894565228305e+00
5.643999999999999773e+01,3.237400937640428022e+00,1.918853621243107321e+00,1.524063503260880470e+00
5.646000000000000085e+01,3.237586237372834574e+00,1.922849326836933548e+00,1.524846111956532635e+00
5.647999999999999687e+01,3.237768409974872252e+00,1.926845176224289302e+00,1.525628720652184578e+00
5.650000000000000000e+01,3.237947455334963198e+00,1.930841166957811383e+00,1.526411329347836743e+00
5.652000000000000313e+01,3.238123373343447131e+00,1.934837296590049993e+00,1.527193938043489130e+00
5.653999999999999915e+01,3.238296163892578683e+00,1.938833562673470290e+00,1.527976546739141295e+00
5.656000000000000227e+01,3.238465826876527398e+00,1.942829962760453943e+00,1.528759155434793460e+00
5.657999999999999829e+01,3.238632362191378178e+00,1.946826494403300245e+00,1.529541764130445403e+00
5.660000000000000142e+01,3.238795769735132613e+00,1.950823155154228328e+00,1.530324372826097790e+00
5.661999999999999744e+01,3.238956049407707649e+00,1.954819942565377833e+00,1.531106981521750177e+00
5.664000000000000057e+01,3.239113201110935591e+00,1.958816854188811130e+00,1.531889590217402120e+00
5.665999999999999659e+01,3.239267224748564988e+00,1.962813887576514649e+00,1.532672198913054284e+00
5.667999999999999972e+01,3.239418120226259745e+00,1.966811040280399769e+00,1.533454807608706227e+00
5.670000000000000284e+01,3.239565887451599568e+00,1.970808309852305040e+00,1.534237416304358836e+00
5.671999999999999886e+01,3.239710526334081298e+00,1.974805693843997512e+00,1.535020025000010779e+00
5.674000000000000199e+01,3.239852036785116685e+00,1.978803189807174068e+00,1.535802633695662944e+00
5.675999999999999801e+01,3.239990418718033727e+00,1.982800795293462981e+00,1.536585242391315331e+00
5.678000000000000114e+01,3.240125672048077110e+00,1.986798507854425466e+00,1.537367851086967274e+00
5.679999999999999716e+01,3.240257796692406878e+00,1.990796325041557235e+00,1.538150459782619217e+00
5.682000000000000028e+01,3.240386792570100205e+00,1.994794244406289607e+00,1.538933068478271604e+00
5.684000000000000341e+01,3.240512659602150958e+00,1.998792263499991728e+00,1.539715677173923769e+00
5.685999999999999943e+01,3.240625187870164403e+00,2.002426885599986051e+00,1.539976546739141083e+00
5.688000000000000256e+01,3.240736767972073995e+00,2.006061536931507128e+00,1.540237416304358620e+00
5.689999999999999858e+01,3.240847399900285364e+00,2.009696217247206373e+00,1.540498285869575712e+00
5.692000000000000171e+01,3.240957083647268089e+00,2.013330926299732759e+00,1.540759155434793026e+00
5.693999999999999773e+01,3.241065819205560139e+00,2.016965663841733924e+00,1.541020025000010341e+00
5.696000000000000085e+01,3.241173606567760324e+00,2.020600429625855288e+00,1.541280894565227655e+00
5.697999999999999687e+01,3.241280445726534953e+00,2.024235223404740491e+00,1.541541764130444969e+00
5.700000000000000000e+01,3.241386336674610735e+00,2.027870044931030957e+00,1.541802633695662283e+00
5.702000000000000313e+01,3.241491279404784542e+00,2.031504893957366775e+00,1.542063503260879598e+00
5.703999999999999915e+01,3.241595273909911867e+00,2.035139770236385814e+00,1.542324372826096912e+00
5.706000000000000227e+01,3.241698320182918369e+00,2.038774673520723724e+00,1.542585242391314226e+00
5.707999999999999829e+01,3.241800418216788771e+00,2.042409603563014819e+00,1.542846111956531319e+00
5.710000000000000142e+01,3.241901568004575740e+00,2.046044560115891642e+00,1.543106981521748633e+00
5.711999999999999744e+01,3.242001769539395895e+00,2.049679542931984511e+00,1.543367851086966391e+00
5.714000000000000057e+01,3.242101022814432465e+00,2.053314551763922413e+00,1.543628720652183706e+00
5.715999999999999659e+01,3.242199327822926858e+00,2.056949586364332117e+00,1.543889590217400576e+00
5.717999999999999972e+01,3.242296684558193309e+00,2.060584646485839055e+00,1.544150459782618112e+00
5.720000000000000284e+01,3.242393093013602012e+00,2.064219731881066444e+00,1.544411329347835427e+00
5.721999999999999886e+01,3.242488553182595989e+00,2.067854842302636165e+00,1.544672198913052519e+00
5.724000000000000199e+01,3.242583065058677327e+00,2.071489977503168767e+00,1.544933068478270277e+00
5.725999999999999801e+01,3.242681812384241802e+00,2.075488757519120764e+00,1.547280894565226550e+00
5.728000000000000114e+01,3.242771171006232578e+00,2.079487758355199833e+00,1.549628720652183045e+00
5.729999999999999716e+01,3.242851140432079227e+00,2.083486957967774167e+00,1.551976546739139540e+00
5.732000000000000028e+01,3.242921720220967696e+00,2.087486334312116387e+00,1.554324372826096035e+00
5.734000000000000341e+01,3.242982909983842088e+00,2.091485865342525230e+00,1.556672198913052529e+00
5.735999999999999943e+01,3.243034709383406877e+00,2.095485529012446779e+00,1.559020025000009024e+00
5.738000000000000256e+01,3.243077118134129133e+00,2.099485303274595260e+00,1.561367851086965519e+00
5.739999999999999858e+01,3.243110136002239408e+00,2.103485166081076052e+00,1.563715677173922014e+00
5.742000000000000171e+01,3.243133762805734399e+00,2.107485095383506479e+00,1.566063503260878509e+00
5.743999999999999773e+01,3.243147998414375621e+00,2.111485069133136605e+00,1.568411329347835004e+00
5.746000000000000085e+01,3.243153886227306604e+00,2.115485064244075453e+00,1.570237416304356648e+00
5.747999999999999687e+01,3.243152469695582241e+00,2.119485063437489547e+00,1.572063503260878070e+00
5.750000000000000000e+01,3.243143748823925865e+00,2.123485053375010700e+00,1.573889590217400158e+00
5.752000000000000313e+01,3.243127723641418214e+00,2.127485020718302255e+00,1.575715677173921359e+00
5.753999999999999915e+01,3.243104394201496543e+00,2.131484952129102606e+00,1.577541764130443003e+00
5.756000000000000227e+01,3.243073760581955067e+00,2.135484834269269605e+00,1.579367851086964869e+00
5.757999999999999829e+01,3.243035822884944519e+00,2.139484653800825864e+00,1.581193938043486513e+00
5.760000000000000142e+01,3.242990581236971703e+00,2.143484397386002716e+00,1.583020025000008157e+00
5.761999999999999744e+01,3.242938035788899054e+00,2.147484051687284179e+00,1.584846111956529802e+00
5.764000000000000057e+01,3.242878186715944189e+00,2.151483603367452702e+00,1.586672198913051224e+00
5.765999999999999659e+01,3.242811034217679467e+00,2.155483039089632680e+00,1.588498285869573312e+00
5.767999999999999972e+01,3.242736578518031099e+00,2.159482345517335311e+00,1.590324372826094734e+00
5.770000000000000284e+01,3.242655863122676507e+00,2.163481530778925688e+00,1.591628720652181750e+00
5.771999999999999886e+01,3.242569931468860744e+00,2.167480607357642697e+00,1.592933068478268765e+00
5.774000000000000199e+01,3.242478783702780643e+00,2.171479568449765196e+00,1.594237416304355559e+00
5.775999999999999801e+01,3.242382419979508601e+00,2.175478407251768775e+00,1.595541764130442575e+00
5.778000000000000114e+01,3.242280840462990366e+00,2.179477116960336414e+00,1.596846111956529590e+00
5.779999999999999716e+01,3.242174045326045029e+00,2.183475690772371802e+00,1.598150459782616606e+00
5.782000000000000028e+01,3.242062034750366362e+00,2.187474121885009115e+00,1.599454807608703844e+00
5.784000000000000341e+01,3.241944808926519261e+00,2.191472403495625443e+00,1.600759155434791081e+00
5.785999999999999943e+01,3.241831602731553463e+00,2.195107003718365757e+00,1.603106981521747132e+00
5.788000000000000256e+01,3.241709863447221007e+00,2.198741328135416673e+00,1.605454807608703849e+00
5.789999999999999858e+01,3.241579591744583766e+00,2.202375356713347276e+00,1.607802633695660122e+00
5.792000000000000171e+01,3.241440788341736212e+00,2.206009069420356461e+00,1.610150459782616839e+00
5.793999999999999773e+01,3.241293454003802754e+00,2.209642446226385282e+00,1.612498285869573555e+00
5.796000000000000085e+01,3.241137589542931519e+00,2.213275467103225758e+00,1.614846111956529828e+00
5.797999999999999687e+01,3.240973195818292130e+00,2.216908112024632338e+00,1.617193938043486101e+00
5.800000000000000000e+01,3.240800273736069936e+00,2.220540360966431592e+00,1.619541764130442818e+00
5.802000000000000313e+01,3.240618824249460239e+00,2.224172193906632788e+00,1.621889590217399091e+00
5.803999999999999915e+01,3.240428848358664737e+00,2.227803590825538471e+00,1.624237416304356030e+00
5.806000000000000227e+01,3.240230347110884424e+00,2.231434531705854596e+00,1.626585242391312303e+00
5.807999999999999829e+01,3.240004702615446153e+00,2.235428161920740564e+00,1.627889590217399318e+00
5.810000000000000142e+01,3.239773849230542790e+00,2.239421494419575165e+00,1.629193938043486334e+00
5.811999999999999744e+01,3.239537787348930831e+00,2.243414522408410328e+00,1.630498285869573349e+00
5.814000000000000057e+01,3.239296517372228124e+00,2.247407239093815345e+00,1.631802633695660143e+00
5.815999999999999659e+01,3.239050039710912099e+00,2.251399637682889754e+00,1.633106981521747159e+00
5.817999999999999972e+01,3.238798354784321543e+00,2.255391711383273545e+00,1.634411329347834396e+00
5.820000000000000284e+01,3.238541463020653044e+00,2.259383453403160491e+00,1.635715677173921190e+00
5.821999999999999886e+01,3.238279364856962772e+00,2.263374856951307468e+00,1.637020025000008427e+00
5.824000000000000199e+01,3.238012060739164699e+00,2.267365915237048224e+00,1.638324372826095221e+00
5.825999999999999801e+01,3.237739551122029269e+00,2.271356621470303150e+00,1.639628720652182459e+00
5.828000000000000114e+01,3.237459754631127229e+00,2.275346822790282442e+00,1.641976546739138954e+00
5.829999999999999716e+01,3.237170590621239796e+00,2.279336356199801905e+00,1.644324372826095226e+00
5.832000000000000028e+01,3.236872060686321273e+00,2.283325199707416875e+00,1.646672198913051943e+00
5.834000000000000341e+01,3.236564166471953552e+00,2.287313331325486310e+00,1.649020025000008438e+00
5.835999999999999943e+01,3.236246909675337236e+00,2.291300729070292697e+00,1.651367851086964933e+00
5.838000000000000256e+01,3.235920292045282309e+00,2.295287370962163731e+00,1.653715677173921428e+00
5.839999999999999858e+01,3.235584315382198373e+00,2.299273235025594442e+00,1.656063503260877923e+00
5.842000000000000171e+01,3.235238981538083980e+00,2.303258299289366651e+00,1.658411329347834640e+00
5.843999999999999773e+01,3.234884292416517759e+00,2.307242541786671097e+00,1.660759155434790912e+00
5.846000000000000085e+01,3.234520249972647754e+00,2.311225940555228675e+00,1.663106981521747407e+00
5.847999999999999687e+01,3.234147895113759219e+00,2.315208571270338300e+00,1.664933068478269051e+00
5.850000000000000000e+01,3.233768268249737066e+00,2.319190515393249274e+00,1.666759155434790696e+00
5.852000000000000313e+01,3.233381370646482011e+00,2.323171759645800361e+00,1.668585242391312340e+00
5.853999999999999915e+01,3.232987203594140269e+00,2.327152290752163122e+00,1.670411329347833984e+00
5.856000000000000227e+01,3.232585768407098215e+00,2.331132095438888108e+00,1.672237416304355406e+00
5.857999999999999829e+01,3.232177066423978840e+00,2.335111160434947930e+00,1.674063503260877273e+00
5.860000000000000142e+01,3.231761099007636417e+00,2.339089472471781672e+00,1.675889590217398917e+00
5.861999999999999744e+01,3.231337867545152953e+00,2.343067018283339298e+00,1.677715677173920561e+00
5.864000000000000057e+01,3.230907373447832853e+00,2.347043784606125616e+00,1.679541764130442205e+00
5.865999999999999659e+01,3.230469618151198929e+00,2.351019758179245134e+00,1.681367851086963849e+00
5.867999999999999972e+01,3.230022529266458164e+00,2.354994692210136353e+00,1.684237416304355195e+00
5.870000000000000284e+01,3.229564035905688968e+00,2.358968326926479619e+00,1.687106981521746318e+00
5.871999999999999886e+01,3.229094141844308652e+00,2.362940629607781506e+00,1.689976546739138108e+00
5.874000000000000199e+01,3.228612850951612323e+00,2.366911567544517148e+00,1.692846111956529453e+00
5.875999999999999801e+01,3.228120167190741352e+00,2.370881108038399354e+00,1.695715677173920577e+00
5.878000000000000114e+01,3.227616094618650067e+00,2.374849218402648621e+00,1.698585242391312145e+00
5.879999999999999716e+01,3.227100637386073334e+00,2.378815865962261356e+00,1.701454807608703268e+00
5.882000000000000028e+01,3.226573799737491477e+00,2.382781018054279443e+00,1.704324372826094613e+00
5.884000000000000341e+01,3.226036619957332707e+00,2.386744782746346161e+00,1.706672198913051108e+00
5.885999999999999943e+01,3.225490135436121175e+00,2.390707275310170132e+00,1.709020025000007825e+00
5.888000000000000256e+01,3.224934349186235227e+00,2.394668473903364347e+00,1.711367851086963876e+00
5.889999999999999858e+01,3.224369264271326863e+00,2.398628356690673424e+00,1.713715677173920371e+00
5.892000000000000171e+01,3.223794883806304856e+00,2.402586901844096179e+00,1.716063503260877088e+00
5.893999999999999773e+01,3.223211210957318329e+00,2.406544087543004196e+00,1.718411329347833583e+00
5.896000000000000085e+01,3.222618248941738095e+00,2.410499891974262621e+00,1.720759155434790300e+00
5.897999999999999687e+01,3.222016001028139343e+00,2.414454293332350954e+00,1.723106981521746572e+00
5.900000000000000000e+01,3.221404470536284315e+00,2.418407269819482508e+00,1.725454807608703067e+00
5.902000000000000313e+01,3.220783660837103657e+00,2.422358799645725647e+00,1.727802633695659562e+00
5.903999999999999915e+01,3.220153575352676434e+00,2.426308861029121910e+00,1.730150459782616279e+00
5.906000000000000227e+01,3.219514217556214142e+00,2.430257432195808143e+00,1.732498285869572774e+00
5.907999999999999829e+01,3.218865590972038060e+00,2.434204491380135948e+00,1.734846111956529047e+00
5.910000000000000142e+01,3.218207699175563707e+00,2.438150016824790267e+00,1.737193938043485542e+00
5.911999999999999744e+01,3.217540545793277307e+00,2.442093986780911496e+00,1.739541764130442258e+00
5.914000000000000057e+01,3.216864134502718464e+00,2.446036379508214065e+00,1.741889590217398531e+00
5.915999999999999659e+01,3.216178469032459297e+00,2.449977173275106335e+00,1.744237416304355026e+00
5.917999999999999972e+01,3.215483553162082675e+00,2.453916346358810952e+00,1.746585242391311521e+00
5.920000000000000284e+01,3.214777336630480598e+00,2.457853508138050369e+00,1.749976546739137717e+00
5.921999999999999886e+01,3.214057772071686969e+00,2.461788252286167378e+00,1.753367851086964135e+00
5.924000000000000199e+01,3.213324867761366388e+00,2.465720533549928373e+00,1.756759155434790109e+00
5.925999999999999801e+01,3.212578632128603395e+00,2.469650306704425535e+00,1.760150459782616306e+00
5.928000000000000114e+01,3.211819073755804332e+00,2.473577526553596861e+00,1.763541764130442280e+00
5.929999999999999716e+01,3.211046201378600529e+00,2.477502147930744858e+00,1.766933068478268698e+00
5.932000000000000028e+01,3.210260023885746161e+00,2.481424125699057903e+00,1.770324372826094894e+00
5.934000000000000341e+01,3.209460550319016559e+00,2.485343414752128055e+00,1.773715677173921312e+00
5.935999999999999943e+01,3.208647789873104728e+00,2.489259970014469747e+00,1.777106981521747286e+00
5.938000000000000256e+01,3.207821751895515217e+00,2.493173746442038485e+00,1.780498285869573483e+00
5.939999999999999858e+01,3.206982445886456201e+00,2.497084699022749543e+00,1.783889590217399679e+00
5.942000000000000171e+01,3.206129881498731127e+00,2.500992782776994883e+00,1.787280894565226097e+00
5.943999999999999773e+01,3.205264068537626798e+00,2.504897952758160518e+00,1.790672198913052071e+00
5.946000000000000085e+01,3.204385016960800581e+00,2.508800164053143433e+00,1.794063503260878267e+00
5.947999999999999687e+01,3.203492736878167157e+00,2.512699371782868507e+00,1.797454807608704241e+00
5.950000000000000000e+01,3.202587238551781290e+00,2.516595531102804539e+00,1.800846111956530660e+00
5.952000000000000313e+01,3.201668532395719247e+00,2.520488597203479841e+00,1.804237416304356856e+00
5.953999999999999915e+01,3.200736628975960230e+00,2.524378525310997379e+00,1.807628720652183052e+00
5.956000000000000227e+01,3.199791539010263808e+00,2.528265270687549915e+00,1.811020025000009470e+00
5.957999999999999829e+01,3.198833273368047792e+00,2.532148788631935155e+00,1.814411329347835444e+00
5.960000000000000142e+01,3.197861843070262111e+00,2.536029034480068667e+00,1.817802633695661640e+00
5.961999999999999744e+01,3.196877259289262252e+00,2.539905963605498584e+00,1.821193938043487837e+00
5.964000000000000057e+01,3.195879533348682244e+00,2.543779531419918083e+00,1.824585242391314033e+00
5.965999999999999659e+01,3.194868676723301881e+00,2.547649693373678748e+00,1.827976546739140229e+00
5.967999999999999972e+01,3.193844701038916600e+00,2.551516404956303052e+00,1.831367851086966647e+00
5.970000000000000284e+01,3.192807618072203812e+00,2.555379621696995507e+00,1.834759155434792621e+00
5.971999999999999886e+01,3.191757439750586123e+00,2.559239299165155135e+00,1.838150459782618595e+00
5.974000000000000199e+01,3.190694178152094995e+00,2.563095392970884845e+00,1.841541764130445014e+00
5.975999999999999801e+01,3.189716607456157149e+00,2.566597890216649525e+00,1.844411329347836359e+00
5.978000000000000114e+01,3.188728990154595877e+00,2.570097567842918096e+00,1.847280894565227705e+00
5.979999999999999716e+01,3.187731334379845904e+00,2.573594397031948589e+00,1.850150459782618828e+00
5.982000000000000028e+01,3.186723648347002946e+00,2.577088348989454492e+00,1.853020025000010618e+00
5.984000000000000341e+01,3.185705940353755761e+00,2.580579394944841898e+00,1.855889590217401519e+00
5.985999999999999943e+01,3.184678218780317760e+00,2.584067506151446203e+00,1.858759155434792865e+00
5.988000000000000256e+01,3.183640492089358620e+00,2.587552653886767917e+00,1.861628720652184432e+00
5.989999999999999858e+01,3.182592768825933671e+00,2.591034809452710252e+00,1.864498285869575778e+00
5.992000000000000171e+01,3.181535057617414175e+00,2.594513944175815823e+00,1.867367851086967123e+00
5.993999999999999773e+01,3.180358603665234707e+00,2.598337023521386957e+00,1.871280894565227948e+00
5.996000000000000085e+01,3.179167198882399070e+00,2.602155470093956424e+00,1.875193938043488773e+00
5.997999999999999687e+01,3.177960861511565760e+00,2.605969225425891267e+00,1.879106981521749820e+00
6.000000000000000000e+01,3.176739610024040150e+00,2.609778231121390846e+00,1.883020025000010200e+00
6.002000000000000313e+01,3.175503463119489833e+00,2.613582428857379458e+00,1.886933068478271469e+00
6.003999999999999915e+01,3.174252439725659958e+00,2.617381760384401179e+00,1.890846111956532072e+00
6.006000000000000227e+01,3.172986558998082796e+00,2.621176167527510703e+00,1.894759155434792897e+00
6.007999999999999829e+01,3.171705840319784642e+00,2.624965592187164187e+00,1.898672198913053721e+00
6.010000000000000142e+01,3.170410303300988275e+00,2.628749976340109207e+00,1.902585242391314546e+00
6.011999999999999744e+01,3.169099967778814086e+00,2.632529262040272489e+00,1.906498285869575593e+00
6.014000000000000057e+01,3.167774853816974989e+00,2.636303391419648534e+00,1.910411329347836196e+00
6.015999999999999659e+01,3.166557681923120260e+00,2.639729996212072827e+00,1.913802633695662392e+00
6.017999999999999972e+01,3.165328896391116142e+00,2.643152453507495725e+00,1.917193938043488366e+00
6.020000000000000284e+01,3.164088511353144728e+00,2.646570723944461356e+00,1.920585242391314784e+00
6.021999999999999886e+01,3.162836541074792063e+00,2.649984768209665997e+00,1.923976546739141202e+00
6.024000000000000199e+01,3.161572999954886054e+00,2.653394547038411933e+00,1.927367851086967176e+00
6.025999999999999801e+01,3.160297902525329938e+00,2.656800021215056873e+00,1.930759155434793373e+00
6.028000000000000114e+01,3.159011263450935747e+00,2.660201151573466483e+00,1.934150459782619569e+00
6.029999999999999716e+01,3.157713097529254220e+00,2.663597898997465130e+00,1.937541764130445765e+00
6.032000000000000028e+01,3.156403419690406054e+00,2.666990224421283528e+00,1.940933068478271739e+00
6.034000000000000341e+01,3.155215157756624755e+00,2.670039612889266056e+00,1.943802633695663307e+00
6.035999999999999943e+01,3.154018150308081747e+00,2.673085579011873492e+00,1.946672198913054652e+00
6.038000000000000256e+01,3.152812407201413869e+00,2.676128097707405562e+00,1.949541764130446220e+00
6.039999999999999858e+01,3.151597938365190643e+00,2.679167143922549510e+00,1.952411329347837565e+00
6.042000000000000171e+01,3.150374753799833449e+00,2.682202692632587038e+00,1.955280894565228689e+00
6.043999999999999773e+01,3.149142863577531593e+00,2.685234718841599033e+00,1.958150459782620034e+00
6.046000000000000085e+01,3.147902277842160590e+00,2.688263197582672070e+00,1.961020025000011158e+00
6.047999999999999687e+01,3.146653006809198239e+00,2.691288103918104468e+00,1.963889590217402725e+00
6.050000000000000000e+01,3.145395060765640238e+00,2.694309412939611015e+00,1.966759155434793849e+00
6.052000000000000313e+01,3.144128450069916703e+00,2.697327099768527692e+00,1.969628720652185416e+00
6.053999999999999915e+01,3.142853185151805118e+00,2.700341139556017733e+00,1.972498285869576762e+00
6.056000000000000227e+01,3.141711933027840686e+00,2.703017022158024307e+00,1.975367851086968107e+00
6.057999999999999829e+01,3.140563006993536632e+00,2.705689618849983713e+00,1.978237416304359453e+00
6.060000000000000142e+01,3.139406416509607833e+00,2.708358907624668799e+00,1.981106981521750798e+00
6.061999999999999744e+01,3.138242171099881794e+00,2.711024866502091069e+00,1.983976546739142366e+00
6.064000000000000057e+01,3.137070280351220042e+00,2.713687473529681426e+00,1.986846111956533489e+00
6.065999999999999659e+01,3.135890753913438189e+00,2.716346706782471809e+00,1.989715677173925057e+00
6.067999999999999972e+01,3.134703601499227332e+00,2.719002544363275042e+00,1.992585242391316180e+00
6.070000000000000284e+01,3.133508832884073669e+00,2.721654964402865140e+00,1.995454807608707526e+00
6.071999999999999886e+01,3.132306457906179009e+00,2.724303945060157162e+00,1.998324372826099093e+00
6.074000000000000199e+01,3.131099247283275488e+00,2.726950726501335076e+00,1.999106981521751036e+00
6.075999999999999801e+01,3.129889965636106108e+00,2.729596562358532985e+00,1.999889590217403201e+00
6.078000000000000114e+01,3.128678613705326850e+00,2.732241451011240052e+00,2.000672198913055588e+00
6.079999999999999716e+01,3.127465192232862456e+00,2.734885390839522756e+00,2.001454807608707753e+00
6.082000000000000028e+01,3.126249701961905103e+00,2.737528380224031110e+00,2.002237416304359918e+00
6.084000000000000341e+01,3.125032143636913951e+00,2.740170417545996884e+00,2.003020025000012083e+00
6.085999999999999943e+01,3.123812518003613814e+00,2.742811501187234491e+00,2.003802633695664248e+00
6.088000000000000256e+01,3.122590825808997383e+00,2.745451629530142768e+00,2.004585242391316413e+00
6.089999999999999858e+01,3.121367067801321227e+00,2.748090800957705859e+00,2.005367851086968578e+00
6.092000000000000171e+01,3.120141244730109342e+00,2.750729013853493665e+00,2.006150459782620743e+00
6.093999999999999773e+01,3.119064436270061247e+00,2.753035486904976903e+00,2.009020025000011866e+00
6.096000000000000085e+01,3.117981013677688207e+00,2.755338860492388520e+00,2.011889590217402990e+00
6.097999999999999687e+01,3.116890985874324116e+00,2.757639115648832018e+00,2.014759155434794113e+00
6.100000000000000000e+01,3.115794361835692694e+00,2.759936233433088137e+00,2.017628720652185237e+00
6.102000000000000313e+01,3.114691150591833768e+00,2.762230194929773397e+00,2.020498285869576360e+00
6.103999999999999915e+01,3.113581361227028665e+00,2.764520981249493303e+00,2.023367851086967484e+00
6.106000000000000227e+01,3.112465002879725606e+00,2.766808573528999560e+00,2.026237416304358607e+00
6.107999999999999829e+01,3.111342084742464653e+00,2.769092952931345053e+00,2.029106981521749731e+00
6.110000000000000142e+01,3.110212616061801771e+00,2.771374100646038841e+00,2.031976546739140854e+00
6.111999999999999744e+01,3.109076606138232446e+00,2.773651997889200249e+00,2.034846111956531978e+00
6.114000000000000057e+01,3.108098301743455583e+00,2.775602190127637314e+00,2.036672198913053844e+00
6.115999999999999659e+01,3.107116437761171746e+00,2.777550592646623961e+00,2.038498285869575710e+00
6.117999999999999972e+01,3.106131017465497912e+00,2.779497198949031578e+00,2.040324372826097576e+00
6.120000000000000284e+01,3.105142044142408686e+00,2.781442002543720982e+00,2.042150459782619443e+00
6.121999999999999886e+01,3.104149521089727415e+00,2.783384996945564627e+00,2.043976546739141309e+00
6.124000000000000199e+01,3.103153451617114644e+00,2.785326175675467475e+00,2.045802633695663175e+00
6.125999999999999801e+01,3.102153839046055683e+00,2.787265532260389644e+00,2.047628720652185041e+00
6.128000000000000114e+01,3.101150686709851723e+00,2.789203060233366394e+00,2.049454807608706908e+00
6.129999999999999716e+01,3.100143997953606956e+00,2.791138753133531658e+00,2.051280894565228774e+00
6.132000000000000028e+01,3.099133776134218365e+00,2.793072604506137591e+00,2.053106981521750640e+00
6.134000000000000341e+01,3.098288983206006542e+00,2.794682607336504532e+00,2.054933068478272506e+00
6.135999999999999943e+01,3.097441251682780283e+00,2.796291064818030137e+00,2.056759155434794373e+00
6.138000000000000256e+01,3.096590584391378798e+00,2.797897971587163468e+00,2.058585242391316239e+00
6.139999999999999858e+01,3.095736984168431238e+00,2.799503322285525009e+00,2.060411329347838105e+00
6.142000000000000171e+01,3.094880453860346492e+00,2.801107111559924423e+00,2.062237416304359972e+00
6.143999999999999773e+01,3.094020996323304296e+00,2.802709334062377877e+00,2.064063503260881838e+00
6.146000000000000085e+01,3.093158614423245023e+00,2.804309984450125803e+00,2.065889590217403704e+00
6.147999999999999687e+01,3.092293311035861691e+00,2.805909057385651106e+00,2.067715677173925570e+00
6.150000000000000000e+01,3.091425089046587971e+00,2.807506547536696928e+00,2.069541764130447437e+00
6.152000000000000313e+01,3.090553951350591078e+00,2.809102449576284410e+00,2.071367851086969303e+00
6.153999999999999915e+01,3.089679900852760230e+00,2.810696758182730459e+00,2.073193938043491169e+00
6.156000000000000227e+01,3.088802940467697322e+00,2.812289468039665508e+00,2.075020025000013035e+00
6.157999999999999829e+01,3.087923073119708484e+00,2.813880573836050392e+00,2.076846111956534902e+00
6.160000000000000142e+01,3.087040301742792980e+00,2.815470070266195890e+00,2.078672198913056768e+00
6.161999999999999744e+01,3.086154629280633443e+00,2.817057952029778711e+00,2.080498285869578634e+00
6.164000000000000057e+01,3.085266058686586987e+00,2.818644213831860146e+00,2.082324372826100500e+00
6.165999999999999659e+01,3.084374592923674552e+00,2.820228850382902941e+00,2.084150459782622367e+00
6.167999999999999972e+01,3.083480234964571132e+00,2.821811856398789953e+00,2.085976546739144233e+00
6.170000000000000284e+01,3.082582987791596452e+00,2.823393226600841022e+00,2.087802633695666099e+00
6.171999999999999886e+01,3.081682854396703863e+00,2.824972955715830736e+00,2.089628720652187965e+00
6.174000000000000199e+01,3.080960770418966543e+00,2.826235610422580091e+00,2.090933068478274759e+00
6.175999999999999801e+01,3.080237040115023639e+00,2.827497322206837804e+00,2.092237416304361552e+00
6.178000000000000114e+01,3.079511664716174213e+00,2.828758088922024960e+00,2.093541764130448346e+00
6.179999999999999716e+01,3.078784645456515534e+00,2.830017908423170248e+00,2.094846111956535140e+00
6.182000000000000028e+01,3.078055983572942633e+00,2.831276778566913510e+00,2.096150459782621933e+00
6.184000000000000341e+01,3.077325680305144751e+00,2.832534697211510188e+00,2.097454807608708727e+00
6.185999999999999943e+01,3.076593736895603559e+00,2.833791662216834428e+00,2.098759155434795520e+00
6.188000000000000256e+01,3.075860154589590945e+00,2.835047671444382633e+00,2.100063503260882314e+00
6.189999999999999858e+01,3.075124934635167673e+00,2.836302722757277017e+00,2.101367851086969107e+00
6.192000000000000171e+01,3.074388078283180281e+00,2.837556814020270490e+00,2.102672198913055901e+00
6.193999999999999773e+01,3.073649586787259302e+00,2.838809943099748434e+00,2.103976546739142695e+00
6.196000000000000085e+01,3.072910768379712998e+00,2.840062879543477692e+00,2.103193938043490530e+00
6.197999999999999687e+01,3.072172930757277154e+00,2.841316393809161234e+00,2.102411329347838365e+00
6.200000000000000000e+01,3.071436074371859615e+00,2.842570485129050972e+00,2.101628720652186200e+00
6.202000000000000313e+01,3.070700199674767372e+00,2.843825152735046213e+00,2.100846111956534035e+00
6.203999999999999915e+01,3.069965307116706565e+00,2.845080395858691880e+00,2.100063503260881870e+00
6.206000000000000227e+01,3.069231397147781149e+00,2.846336213731182063e+00,2.099280894565229705e+00
6.207999999999999829e+01,3.068498470217493779e+00,2.847592605583357805e+00,2.098498285869577540e+00
6.210000000000000142e+01,3.067766526774745373e+00,2.848849570645708873e+00,2.097715677173925375e+00
6.211999999999999744e+01,3.067035567267832885e+00,2.850107108148373758e+00,2.096933068478273210e+00
6.214000000000000057e+01,3.066486609797845819e+00,2.851049831752671793e+00,2.099280894565229705e+00
6.215999999999999659e+01,3.065935440491826203e+00,2.851991263903204565e+00,2.101628720652186200e+00
6.217999999999999972e+01,3.065382062387976170e+00,2.852931399410530311e+00,2.103976546739142695e+00
6.220000000000000284e+01,3.064826478536673449e+00,2.853870233092353992e+00,2.106324372826099189e+00
6.221999999999999886e+01,3.064268692000454486e+00,2.854807759773557052e+00,2.108672198913055684e+00
6.224000000000000199e+01,3.063708705853997571e+00,2.855743974286225839e+00,2.111020025000012179e+00
6.225999999999999801e+01,3.063146523184105963e+00,2.856678871469678693e+00,2.113367851086968674e+00
6.228000000000000114e+01,3.062582147089690565e+00,2.857612446170496590e+00,2.115715677173925169e+00
6.229999999999999716e+01,3.062015580681752613e+00,2.858544693242549783e+00,2.118063503260881664e+00
6.232000000000000028e+01,3.061446827083368127e+00,2.859475607547026677e+00,2.120411329347838159e+00
6.234000000000000341e+01,3.061446827083368127e+00,2.859475607547026677e+00,2.121770894565229604e+00
6.235999999999999943e+01,3.061446827083368127e+00,2.859475607547026677e+00,2.123130459782621049e+00
6.238000000000000256e+01,3.061446827083368127e+00,2.859475607547026677e+00,2.124490025000012494e+00
6.239999999999999858e+01,3.061446827083368127e+00,2.859475607547026677e+00,2.125849590217403939e+00
6.242000000000000171e+01,3.061446827083368127e+00,2.859475607547026677e+00,2.127209155434795385e+00
6.243999999999999773e+01,3.061446827083368127e+00,2.859475607547026677e+00,2.128568720652186830e+00
6.246000000000000085e+01,3.061446827083368127e+00,2.859475607547026677e+00,2.129928285869578275e+00
6.247999999999999687e+01,3.061446827083368127e+00,2.859475607547026677e+00,2.131287851086969720e+00
6.250000000000000000e+01,3.061446827083368127e+00,2.859475607547026677e+00,2.132647416304361165e+00
6.252000000000000313e+01,3.061446827083368127e+00,2.859475607547026677e+00,2.134006981521752611e+00
6.253999999999999915e+01,3.061446827083368127e+00,2.859475607547026677e+00,2.134373344565231090e+00
6.256000000000000227e+01,3.061446827083368127e+00,2.859475607547026677e+00,2.134739707608709569e+00
6.257999999999999829e+01,3.061446827083368127e+00,2.859475607547026677e+00,2.135106070652188048e+00
6.260000000000000142e+01,3.061446827083368127e+00,2.859475607547026677e+00,2.135472433695666528e+00
6.261999999999999744e+01,3.061446827083368127e+00,2.859475607547026677e+00,2.135838796739145007e+00
6.264000000000000057e+01,3.061446827083368127e+00,2.859475607547026677e+00,2.136205159782623486e+00
6.265999999999999659e+01,3.061446827083368127e+00,2.859475607547026677e+00,2.136571522826101965e+00
6.267999999999999972e+01,3.061446827083368127e+00,2.859475607547026677e+00,2.136937885869580445e+00
6.270000000000000284e+01,3.061446827083368127e+00,2.859475607547026677e+00,2.137304248913058924e+00
6.271999999999999886e+01,3.061446827083368127e+00,2.859475607547026677e+00,2.137670611956537403e+00
6.274000000000000199e+01,3.061446827083368127e+00,2.859475607547026677e+00,2.137038806815232839e+00
6.275999999999999801e+01,3.061446827083368127e+00,2.859475607547026677e+00,2.136407001673928274e+00
6.278000000000000114e+01,3.061446827083368127e+00,2.859475607547026677e+00,2.135775196532623710e+00
6.279999999999999716e+01,3.061446827083368127e+00,2.859475607547026677e+00,2.135143391391319145e+00
6.282000000000000028e+01,3.061446827083368127e+00,2.859475607547026677e+00,2.134511586250014581e+00
6.284000000000000341e+01,3.061446827083368127e+00,2.859475607547026677e+00,2.133879781108710016e+00
6.285999999999999943e+01,3.061446827083368127e+00,2.859475607547026677e+00,2.133247975967405452e+00
6.288000000000000256e+01,3.061446827083368127e+00,2.859475607547026677e+00,2.132616170826100888e+00
6.289999999999999858e+01,3.061446827083368127e+00,2.859475607547026677e+00,2.131984365684796323e+00
6.292000000000000171e+01,3.061446827083368127e+00,2.859475607547026677e+00,2.131352560543491759e+00
6.293999999999999773e+01,3.061446827083368127e+00,2.859475607547026677e+00,2.129717596376480948e+00
6.296000000000000085e+01,3.061446827083368127e+00,2.859475607547026677e+00,2.128082632209470137e+00
6.297999999999999687e+01,3.061446827083368127e+00,2.859475607547026677e+00,2.126447668042459327e+00
6.300000000000000000e+01,3.061446827083368127e+00,2.859475607547026677e+00,2.124812703875448516e+00
6.302000000000000313e+01,3.061446827083368127e+00,2.859475607547026677e+00,2.123177739708437706e+00
6.303999999999999915e+01,3.061446827083368127e+00,2.859475607547026677e+00,2.121542775541426895e+00
6.306000000000000227e+01,3.061446827083368127e+00,2.859475607547026677e+00,2.119907811374416085e+00
6.307999999999999829e+01,3.061446827083368127e+00,2.859475607547026677e+00,2.118272847207405274e+00
6.310000000000000142e+01,3.061446827083368127e+00,2.859475607547026677e+00,2.116637883040394463e+00
6.311999999999999744e+01,3.061446827083368127e+00,2.859475607547026677e+00,2.115002918873383653e+00
6.314000000000000057e+01,3.061446827083368127e+00,2.859475607547026677e+00,2.112359779885537581e+00
6.315999999999999659e+01,3.061446827083368127e+00,2.859475607547026677e+00,2.109716640897691509e+00
6.317999999999999972e+01,3.061446827083368127e+00,2.859475607547026677e+00,2.107073501909845437e+00
6.320000000000000284e+01,3.061446827083368127e+00,2.859475607547026677e+00,2.104430362921999365e+00
6.321999999999999886e+01,3.061446827083368127e+00,2.859475607547026677e+00,2.101787223934153293e+00
6.324000000000000199e+01,3.061446827083368127e+00,2.859475607547026677e+00,2.099144084946307220e+00
6.325999999999999801e+01,3.061446827083368127e+00,2.859475607547026677e+00,2.096500945958461148e+00
6.328000000000000114e+01,3.061446827083368127e+00,2.859475607547026677e+00,2.093857806970615076e+00
6.329999999999999716e+01,3.061446827083368127e+00,2.859475607547026677e+00,2.091214667982769004e+00
6.332000000000000028e+01,3.061446827083368127e+00,2.859475607547026677e+00,2.088571528994922932e+00
6.334000000000000341e+01,3.061446827083368127e+00,2.859475607547026677e+00,2.084915174312137687e+00
6.335999999999999943e+01,3.061446827083368127e+00,2.859475607547026677e+00,2.081258819629352441e+00
6.338000000000000256e+01,3.061446827083368127e+00,2.859475607547026677e+00,2.077602464946567196e+00
6.339999999999999858e+01,3.061446827083368127e+00,2.859475607547026677e+00,2.073946110263781950e+00
6.342000000000000171e+01,3.061446827083368127e+00,2.859475607547026677e+00,2.070289755580996705e+00
6.343999999999999773e+01,3.061446827083368127e+00,2.859475607547026677e+00,2.066633400898211459e+00
6.346000000000000085e+01,3.061446827083368127e+00,2.859475607547026677e+00,2.062977046215426213e+00
6.347999999999999687e+01,3.061446827083368127e+00,2.859475607547026677e+00,2.059320691532640968e+00
6.350000000000000000e+01,3.061446827083368127e+00,2.859475607547026677e+00,2.055664336849855722e+00
6.352000000000000313e+01,3.061446827083368127e+00,2.859475607547026677e+00,2.052007982167070477e+00
6.353999999999999915e+01,3.061446827083368127e+00,2.859475607547026677e+00,2.047333345710871555e+00
6.356000000000000227e+01,3.061446827083368127e+00,2.859475607547026677e+00,2.042658709254672633e+00
6.357999999999999829e+01,3.061446827083368127e+00,2.859475607547026677e+00,2.037984072798473711e+00
6.360000000000000142e+01,3.061446827083368127e+00,2.859475607547026677e+00,2.033309436342274790e+00
6.361999999999999744e+01,3.061446827083368127e+00,2.859475607547026677e+00,2.028634799886075868e+00
6.364000000000000057e+01,3.061446827083368127e+00,2.859475607547026677e+00,2.023960163429876946e+00
6.365999999999999659e+01,3.061446827083368127e+00,2.859475607547026677e+00,2.019285526973678024e+00
6.367999999999999972e+01,3.061446827083368127e+00,2.859475607547026677e+00,2.014610890517479103e+00
6.370000000000000284e+01,3.061446827083368127e+00,2.859475607547026677e+00,2.009936254061280181e+00
6.371999999999999886e+01,3.061446827083368127e+00,2.859475607547026677e+00,2.005261617605081259e+00
6.374000000000000199e+01,3.061446827083368127e+00,2.859475607547026677e+00,1.999563607966601264e+00
6.375999999999999801e+01,3.061446827083368127e+00,2.859475607547026677e+00,1.993865598328121269e+00
6.378000000000000114e+01,3.061446827083368127e+00,2.859475607547026677e+00,1.988167588689641274e+00
6.379999999999999716e+01,3.061446827083368127e+00,2.859475607547026677e+00,1.982469579051161057e+00
6.382000000000000028e+01,3.061446827083368127e+00,2.859475607547026677e+00,1.976771569412681506e+00
6.384000000000000341e+01,3.061446827083368127e+00,2.859475607547026677e+00,1.971073559774201289e+00
6.385999999999999943e+01,3.061446827083368127e+00,2.859475607547026677e+00,1.965375550135721294e+00
6.388000000000000256e+01,3.061446827083368127e+00,2.859475607547026677e+00,1.959677540497241521e+00
6.389999999999999858e+01,3.061446827083368127e+00,2.859475607547026677e+00,1.953979530858761304e+00
6.392000000000000171e+01,3.061446827083368127e+00,2.859475607547026677e+00,1.948281521220281309e+00
6.393999999999999773e+01,3.061446827083368127e+00,2.859475607547026677e+00,1.942281521220281082e+00
6.396000000000000085e+01,3.061446827083368127e+00,2.859475607547026677e+00,1.936281521220281299e+00
6.397999999999999687e+01,3.061446827083368127e+00,2.859475607547026677e+00,1.930281521220281293e+00
6.400000000000000000e+01,3.061446827083368127e+00,2.859475607547026677e+00,1.924281521220281510e+00
6.401999999999999602e+01,3.061446827083368127e+00,2.859475607547026677e+00,1.918281521220281283e+00
6.404000000000000625e+01,3.061446827083368127e+00,2.859475607547026677e+00,1.912281521220281055e+00
6.406000000000000227e+01,3.061446827083368127e+00,2.859475607547026677e+00,1.906281521220281272e+00
6.407999999999999829e+01,3.061446827083368127e+00,2.859475607547026677e+00,1.900281521220281267e+00
6.409999999999999432e+01,3.061446827083368127e+00,2.859475607547026677e+00,1.894281521220281483e+00
6.412000000000000455e+01,3.061446827083368127e+00,2.859475607547026677e+00,1.888281521220281478e+00
6.414000000000000057e+01,3.061446827083368127e+00,2.859475607547026677e+00,1.882281521220281251e+00
6.415999999999999659e+01,3.061446827083368127e+00,2.859475607547026677e+00,1.876281521220281245e+00
6.418000000000000682e+01,3.061446827083368127e+00,2.859475607547026677e+00,1.870281521220281240e+00
6.420000000000000284e+01,3.061446827083368127e+00,2.859475607547026677e+00,1.864281521220281235e+00
6.421999999999999886e+01,3.061446827083368127e+00,2.859475607547026677e+00,1.858281521220281007e+00
6.423999999999999488e+01,3.061446827083368127e+00,2.859475607547026677e+00,1.852281521220281446e+00
6.426000000000000512e+01,3.061446827083368127e+00,2.859475607547026677e+00,1.846281521220281219e+00
6.428000000000000114e+01,3.061446827083368127e+00,2.859475607547026677e+00,1.840281521220281435e+00
6.429999999999999716e+01,3.061446827083368127e+00,2.859475607547026677e+00,1.834281521220280986e+00
6.431999999999999318e+01,3.061446827083368127e+00,2.859475607547026677e+00,1.828281521220281203e+00
6.434000000000000341e+01,3.061446827083368127e+00,2.859475607547026677e+00,1.822281521220281197e+00
6.435999999999999943e+01,3.061446827083368127e+00,2.859475607547026677e+00,1.816281521220280970e+00
6.437999999999999545e+01,3.061446827083368127e+00,2.859475607547026677e+00,1.810281521220281187e+00
6.440000000000000568e+01,3.061446827083368127e+00,2.859475607547026677e+00,1.804281521220281181e+00
6.442000000000000171e+01,3.061446827083368127e+00,2.859475607547026677e+00,1.798281521220281398e+00
6.443999999999999773e+01,3.061446827083368127e+00,2.859475607547026677e+00,1.792281521220280949e+00
6.445999999999999375e+01,3.061446827083368127e+00,2.859475607547026677e+00,1.786281521220281165e+00
6.448000000000000398e+01,3.061446827083368127e+00,2.859475607547026677e+00,1.780281521220281160e+00
6.450000000000000000e+01,3.061446827083368127e+00,2.859475607547026677e+00,1.774281521220280933e+00
6.451999999999999602e+01,3.061446827083368127e+00,2.859475607547026677e+00,1.768281521220281149e+00
6.454000000000000625e+01,3.061446827083368127e+00,2.859475607547026677e+00,1.762281521220281144e+00
6.456000000000000227e+01,3.061446827083368127e+00,2.859475607547026677e+00,1.756281521220281139e+00
6.457999999999999829e+01,3.061446827083368127e+00,2.859475607547026677e+00,1.750281521220281133e+00
6.459999999999999432e+01,3.061446827083368127e+00,2.859475607547026677e+00,1.744281521220281350e+00
6.462000000000000455e+01,3.061446827083368127e+00,2.859475607547026677e+00,1.738281521220280901e+00
6.464000000000000057e+01,3.061446827083368127e+00,2.859475607547026677e+00,1.732281521220281117e+00
6.465999999999999659e+01,3.061446827083368127e+00,2.859475607547026677e+00,1.726281521220281112e+00
6.468000000000000682e+01,3.061446827083368127e+00,2.859475607547026677e+00,1.720281521220281107e+00
6.470000000000000284e+01,3.061446827083368127e+00,2.859475607547026677e+00,1.714281521220281101e+00
6.471999999999999886e+01,3.061446827083368127e+00,2.859475607547026677e+00,1.708281521220280874e+00
6.473999999999999488e+01,3.061446827083368127e+00,2.859475607547026677e+00,1.702281521220281313e+00
6.476000000000000512e+01,3.061446827083368127e+00,2.859475607547026677e+00,1.696281521220281308e+00
6.478000000000000114e+01,3.061446827083368127e+00,2.859475607547026677e+00,1.690281521220281080e+00
6.479999999999999716e+01,3.061446827083368127e+00,2.859475607547026677e+00,1.684281521220281075e+00
6.481999999999999318e+01,3.061446827083368127e+00,2.859475607547026677e+00,1.678281521220281070e+00
6.484000000000000341e+01,3.061446827083368127e+00,2.859475607547026677e+00,1.678281521220281070e+00
6.485999999999999943e+01,3.061446827083368127e+00,2.859475607547026677e+00,1.678281521220281070e+00
6.487999999999999545e+01,3.061446827083368127e+00,2.859475607547026677e+00,1.678281521220281070e+00
6.490000000000000568e+01,3.061446827083368127e+00,2.859475607547026677e+00,1.678281521220281070e+00
6.492000000000000171e+01,3.061446827083368127e+00,2.859475607547026677e+00,1.678281521220281070e+00
6.493999999999999773e+01,3.061446827083368127e+00,2.859475607547026677e+00,1.678281521220281070e+00
6.495999999999999375e+01,3.061446827083368127e+00,2.859475607547026677e+00,1.678281521220281070e+00
6.498000000000000398e+01,3.061446827083368127e+00,2.859475607547026677e+00,1.678281521220281070e+00
6.500000000000000000e+01,3.061446827083368127e+00,2.859475607547026677e+00,1.678281521220281070e+00
6.501999999999999602e+01,3.061446827083368127e+00,2.859475607547026677e+00,1.678281521220281070e+00
6.504000000000000625e+01,3.061446827083368127e+00,2.859475607547026677e+00,1.678281521220281070e+00
6.506000000000000227e+01,3.061446827083368127e+00,2.859475607547026677e+00,1.678281521220281070e+00
6.507999999999999829e+01,3.061446827083368127e+00,2.859475607547026677e+00,1.678281521220281070e+00
6.509999999999999432e+01,3.061446827083368127e+00,2.859475607547026677e+00,1.678281521220281070e+00
6.512000000000000455e+01,3.061446827083368127e+00,2.859475607547026677e+00,1.678281521220281070e+00
6.514000000000000057e+01,3.061446827083368127e+00,2.859475607547026677e+00,1.678281521220281070e+00
6.515999999999999659e+01,3.061446827083368127e+00,2.859475607547026677e+00,1.678281521220281070e+00
6.518000000000000682e+01,3.061446827083368127e+00,2.859475607547026677e+00,1.678281521220281070e+00
6.520000000000000284e+01,3.061446827083368127e+00,2.859475607547026677e+00,1.678281521220281070e+00
6.521999999999999886e+01,3.061446827083368127e+00,2.859475607547026677e+00,1.678281521220281070e+00
6.523999999999999488e+01,3.061446827083368127e+00,2.859475607547026677e+00,1.679281521220280959e+00
6.526000000000000512e+01,3.061446827083368127e+00,2.859475607547026677e+00,1.680281521220281071e+00
6.528000000000000114e+01,3.061446827083368127e+00,2.859475607547026677e+00,1.681281521220280739e+00
6.529999999999999716e+01,3.061446827083368127e+00,2.859475607547026677e+00,1.682281521220280629e+00
6.531999999999999318e+01,3.061446827083368127e+00,2.859475607547026677e+00,1.683281521220280519e+00
6.534000000000000341e+01,3.061446827083368127e+00,2.859475607547026677e+00,1.684281521220280409e+00
6.535999999999999943e+01,3.061446827083368127e+00,2.859475607547026677e+00,1.685281521220280077e+00
6.537999999999999545e+01,3.061446827083368127e+00,2.859475607547026677e+00,1.686281521220280188e+00
6.540000000000000568e+01,3.061446827083368127e+00,2.859475607547026677e+00,1.687281521220280078e+00
6.542000000000000171e+01,3.061446827083368127e+00,2.859475607547026677e+00,1.688281521220280190e+00
6.543999999999999773e+01,3.061446827083368127e+00,2.859475607547026677e+00,1.689281521220279858e+00
6.545999999999999375e+01,3.061446827083368127e+00,2.859475607547026677e+00,1.691286521220279893e+00
6.548000000000000398e+01,3.061446827083368127e+00,2.859475607547026677e+00,1.693291521220279705e+00
6.550000000000000000e+01,3.061446827083368127e+00,2.859475607547026677e+00,1.695296521220279962e+00
6.551999999999999602e+01,3.061446827083368127e+00,2.859475607547026677e+00,1.697301521220280218e+00
6.554000000000000625e+01,3.061446827083368127e+00,2.859475607547026677e+00,1.699306521220280031e+00
6.556000000000000227e+01,3.061446827083368127e+00,2.859475607547026677e+00,1.701311521220280065e+00
6.557999999999999829e+01,3.061446827083368127e+00,2.859475607547026677e+00,1.703316521220280100e+00
6.559999999999999432e+01,3.061446827083368127e+00,2.859475607547026677e+00,1.706331546220280160e+00
6.562000000000000455e+01,3.061446827083368127e+00,2.859475607547026677e+00,1.709346571220280220e+00
6.564000000000000057e+01,3.061446827083368127e+00,2.859475607547026677e+00,1.712361596220280280e+00
6.565999999999999659e+01,3.061446827083368127e+00,2.859475607547026677e+00,1.715376621220280340e+00
6.568000000000000682e+01,3.061446827083368127e+00,2.859475607547026677e+00,1.718391646220280400e+00
6.570000000000000284e+01,3.061446827083368127e+00,2.859475607547026677e+00,1.721406671220280238e+00
6.571999999999999886e+01,3.061446827083368127e+00,2.859475607547026677e+00,1.724421696220280298e+00
6.573999999999999488e+01,3.061446827083368127e+00,2.859475607547026677e+00,1.727436721220280358e+00
6.576000000000000512e+01,3.061446827083368127e+00,2.859475607547026677e+00,1.730451746220280640e+00
6.578000000000000114e+01,3.061446827083368127e+00,2.859475607547026677e+00,1.733466771220280700e+00
6.579999999999999716e+01,3.061446827083368127e+00,2.859475607547026677e+00,1.736481796220280760e+00
6.581999999999999318e+01,3.061446827083368127e+00,2.859475607547026677e+00,1.739496821220280820e+00
6.584000000000000341e+01,3.061446827083368127e+00,2.859475607547026677e+00,1.742511846220280880e+00
6.585999999999999943e+01,3.061446827083368127e+00,2.859475607547026677e+00,1.746541946345280705e+00
6.587999999999999545e+01,3.061446827083368127e+00,2.859475607547026677e+00,1.750572046470280974e+00
6.590000000000000568e+01,3.061446827083368127e+00,2.859475607547026677e+00,1.754602146595281020e+00
6.592000000000000171e+01,3.061446827083368127e+00,2.859475607547026677e+00,1.758632246720281067e+00
6.593999999999999773e+01,3.061446827083368127e+00,2.859475607547026677e+00,1.762662346845281114e+00
6.595999999999999375e+01,3.061446827083368127e+00,2.859475607547026677e+00,1.766692446970281161e+00
6.598000000000000398e+01,3.061446827083368127e+00,2.859475607547026677e+00,1.770722547095281207e+00
6.600000000000000000e+01,3.061446827083368127e+00,2.859475607547026677e+00,1.774752647220281254e+00
6.601999999999999602e+01,3.061446827083368127e+00,2.859475607547026677e+00,1.778782747345281523e+00
6.604000000000000625e+01,3.061446827083368127e+00,2.859475607547026677e+00,1.782812847470281126e+00
6.606000000000000227e+01,3.061446827083368127e+00,2.859475607547026677e+00,1.787863098095906267e+00
6.607999999999999829e+01,3.061446827083368127e+00,2.859475607547026677e+00,1.792913348721531186e+00
6.609999999999999432e+01,3.061446827083368127e+00,2.859475607547026677e+00,1.797963599347156105e+00
6.612000000000000455e+01,3.061446827083368127e+00,2.859475607547026677e+00,1.803013849972781024e+00
6.614000000000000057e+01,3.061446827083368127e+00,2.859475607547026677e+00,1.808064100598405943e+00
6.615999999999999659e+01,3.061446827083368127e+00,2.859475607547026677e+00,1.813114351224030862e+00
6.618000000000000682e+01,3.061446827083368127e+00,2.859475607547026677e+00,1.818164601849655782e+00
6.620000000000000284e+01,3.061446827083368127e+00,2.859475607547026677e+00,1.823214852475280701e+00
6.621999999999999886e+01,3.061446827083368127e+00,2.859475607547026677e+00,1.828265103100905842e+00
6.623999999999999488e+01,3.061446827083368127e+00,2.859475607547026677e+00,1.834265103100905625e+00
6.626000000000000512e+01,3.061446827083368127e+00,2.859475607547026677e+00,1.840265103100905630e+00
6.628000000000000114e+01,3.061446827083368127e+00,2.859475607547026677e+00,1.846265103100905636e+00
6.629999999999999716e+01,3.061446827083368127e+00,2.859475607547026677e+00,1.852265103100905641e+00
6.631999999999999318e+01,3.061446827083368127e+00,2.859475607547026677e+00,1.858265103100905646e+00
6.634000000000000341e+01,3.061446827083368127e+00,2.859475607547026677e+00,1.864265103100905430e+00
6.635999999999999943e+01,3.061446827083368127e+00,2.859475607547026677e+00,1.870265103100905657e+00
6.637999999999999545e+01,3.061446827083368127e+00,2.859475607547026677e+00,1.876265103100905662e+00
6.640000000000000568e+01,3.061446827083368127e+00,2.859475607547026677e+00,1.882265103100905668e+00
6.642000000000000171e+01,3.061446827083368127e+00,2.859475607547026677e+00,1.888265103100905673e+00
6.643999999999999773e+01,3.061446827083368127e+00,2.859475607547026677e+00,1.894265103100905678e+00
6.645999999999999375e+01,3.061446827083368127e+00,2.859475607547026677e+00,1.900265103100905462e+00
6.648000000000000398e+01,3.061446827083368127e+00,2.859475607547026677e+00,1.906265103100905689e+00
6.650000000000000000e+01,3.061446827083368127e+00,2.859475607547026677e+00,1.912265103100905694e+00
6.651999999999999602e+01,3.061446827083368127e+00,2.859475607547026677e+00,1.918265103100905478e+00
6.654000000000000625e+01,3.061446827083368127e+00,2.859475607547026677e+00,1.924265103100905705e+00
6.656000000000000227e+01,3.061446827083368127e+00,2.859475607547026677e+00,1.930265103100905710e+00
6.657999999999999829e+01,3.061446827083368127e+00,2.859475607547026677e+00,1.936265103100905494e+00
6.659999999999999432e+01,3.061446827083368127e+00,2.859475607547026677e+00,1.942265103100905721e+00
6.662000000000000455e+01,3.061446827083368127e+00,2.859475607547026677e+00,1.948265103100905726e+00
6.664000000000000057e+01,3.061446827083368127e+00,2.859475607547026677e+00,1.954265103100905732e+00
6.665999999999999659e+01,3.061446827083368127e+00,2.859475607547026677e+00,1.960265103100905737e+00
6.668000000000000682e+01,3.061446827083368127e+00,2.859475607547026677e+00,1.966265103100905742e+00
6.670000000000000284e+01,3.061446827083368127e+00,2.859475607547026677e+00,1.972265103100905526e+00
6.671999999999999886e+01,3.061446827083368127e+00,2.859475607547026677e+00,1.978265103100905753e+00
6.673999999999999488e+01,3.061446827083368127e+00,2.859475607547026677e+00,1.984265103100905758e+00
6.676000000000000512e+01,3.061446827083368127e+00,2.859475607547026677e+00,1.990265103100905542e+00
6.678000000000000114e+01,3.061446827083368127e+00,2.859475607547026677e+00,1.996265103100905769e+00
6.679999999999999716e+01,3.061446827083368127e+00,2.859475607547026677e+00,2.002265103100905552e+00
6.681999999999999318e+01,3.061446827083368127e+00,2.859475607547026677e+00,2.008265103100905336e+00
6.684000000000000341e+01,3.061446827083368127e+00,2.859475607547026677e+00,2.014265103100905119e+00
6.685999999999999943e+01,3.061446827083368127e+00,2.859475607547026677e+00,2.020265103100904902e+00
6.687999999999999545e+01,3.061446827083368127e+00,2.859475607547026677e+00,2.026265103100904685e+00
6.690000000000000568e+01,3.061446827083368127e+00,2.859475607547026677e+00,2.032265103100904469e+00
6.692000000000000171e+01,3.061446827083368127e+00,2.859475607547026677e+00,2.038265103100904252e+00
6.693999999999999773e+01,3.061446827083368127e+00,2.859475607547026677e+00,2.044265103100904479e+00
6.695999999999999375e+01,3.061446827083368127e+00,2.859475607547026677e+00,2.050265103100903819e+00
6.698000000000000398e+01,3.061446827083368127e+00,2.859475607547026677e+00,2.056265103100903602e+00
6.700000000000000000e+01,3.061446827083368127e+00,2.859475607547026677e+00,2.062265103100903385e+00
6.701999999999999602e+01,3.061446827083368127e+00,2.859475607547026677e+00,2.068265103100903168e+00
6.704000000000000625e+01,3.061446827083368127e+00,2.859475607547026677e+00,2.074265103100902952e+00
6.706000000000000227e+01,3.061446827083368127e+00,2.859475607547026677e+00,2.080265103100902735e+00
6.707999999999999829e+01,3.061446827083368127e+00,2.859475607547026677e+00,2.086265103100902518e+00
6.709999999999999432e+01,3.061446827083368127e+00,2.859475607547026677e+00,2.092265103100902301e+00
6.712000000000000455e+01,3.061446827083368127e+00,2.859475607547026677e+00,2.098265103100902085e+00
6.714000000000000057e+01,3.061446827083368127e+00,2.859475607547026677e+00,2.104265103100901868e+00
6.715999999999999659e+01,3.061446827083368127e+00,2.859475607547026677e+00,2.110265103100901651e+00
6.718000000000000682e+01,3.061446827083368127e+00,2.859475607547026677e+00,2.116265103100901435e+00
6.720000000000000284e+01,3.061446827083368127e+00,2.859475607547026677e+00,2.122265103100901218e+00
6.721999999999999886e+01,3.061446827083368127e+00,2.859475607547026677e+00,2.128265103100901001e+00
6.723999999999999488e+01,3.061446827083368127e+00,2.859475607547026677e+00,2.134265103100900784e+00
6.726000000000000512e+01,3.061446827083368127e+00,2.859475607547026677e+00,2.140265103100900568e+00
6.728000000000000114e+01,3.061446827083368127e+00,2.859475607547026677e+00,2.146265103100900351e+00
6.729999999999999716e+01,3.061446827083368127e+00,2.859475607547026677e+00,2.152265103100900134e+00
6.731999999999999318e+01,3.061446827083368127e+00,2.859475607547026677e+00,2.158265103100899918e+00
6.734000000000000341e+01,3.061446827083368127e+00,2.859475607547026677e+00,2.164265103100899701e+00
6.735999999999999943e+01,3.061446827083368127e+00,2.859475607547026677e+00,2.170265103100899484e+00
6.737999999999999545e+01,3.061446827083368127e+00,2.859475607547026677e+00,2.176265103100899267e+00
6.740000000000000568e+01,3.061446827083368127e+00,2.859475607547026677e+00,2.182265103100899051e+00
6.742000000000000171e+01,3.061446827083368127e+00,2.859475607547026677e+00,2.188265103100898834e+00
6.743999999999999773e+01,3.061446827083368127e+00,2.859475607547026677e+00,2.194265103100898617e+00
6.745999999999999375e+01,3.061446827083368127e+00,2.859475607547026677e+00,2.200265103100898401e+00
6.748000000000000398e+01,3.061446827083368127e+00,2.859475607547026677e+00,2.206265103100898184e+00
6.750000000000000000e+01,3.061446827083368127e+00,2.859475607547026677e+00,2.212265103100897967e+00
6.751999999999999602e+01,3.061446827083368127e+00,2.859475607547026677e+00,2.218265103100897750e+00
6.754000000000000625e+01,3.061446827083368127e+00,2.859475607547026677e+00,2.224265103100897534e+00
6.756000000000000227e+01,3.061446827083368127e+00,2.859475607547026677e+00,2.230265103100897317e+00
6.757999999999999829e+01,3.061446827083368127e+00,2.859475607547026677e+00,2.236265103100897100e+00
6.759999999999999432e+01,3.061446827083368127e+00,2.859475607547026677e+00,2.242265103100896884e+00
6.762000000000000455e+01,3.061446827083368127e+00,2.859475607547026677e+00,2.248265103100896667e+00
6.764000000000000057e+01,3.061446827083368127e+00,2.859475607547026677e+00,2.254265103100896450e+00
6.765999999999999659e+01,3.061446827083368127e+00,2.859475607547026677e+00,2.260265103100896233e+00
6.768000000000000682e+01,3.061446827083368127e+00,2.859475607547026677e+00,2.266265103100896017e+00
6.770000000000000284e+01,3.061446827083368127e+00,2.859475607547026677e+00,2.272265103100895800e+00
6.771999999999999886e+01,3.061446827083368127e+00,2.859475607547026677e+00,2.278265103100895583e+00
6.773999999999999488e+01,3.061446827083368127e+00,2.859475607547026677e+00,2.284265103100895367e+00
6.776000000000000512e+01,3.061446827083368127e+00,2.859475607547026677e+00,2.290265103100895150e+00
6.778000000000000114e+01,3.061446827083368127e+00,2.859475607547026677e+00,2.296265103100894933e+00
6.779999999999999716e+01,3.061446827083368127e+00,2.859475607547026677e+00,2.302265103100894716e+00
6.781999999999999318e+01,3.061446827083368127e+00,2.859475607547026677e+00,2.308265103100894500e+00
6.784000000000000341e+01,3.061446827083368127e+00,2.859475607547026677e+00,2.314265103100894283e+00
6.785999999999999943e+01,3.061446827083368127e+00,2.859475607547026677e+00,2.320265103100894066e+00
6.787999999999999545e+01,3.061446827083368127e+00,2.859475607547026677e+00,2.326265103100893850e+00
6.790000000000000568e+01,3.061446827083368127e+00,2.859475607547026677e+00,2.332265103100893633e+00
6.792000000000000171e+01,3.061446827083368127e+00,2.859475607547026677e+00,2.338265103100893416e+00
6.793999999999999773e+01,3.061446827083368127e+00,2.859475607547026677e+00,2.344265103100893199e+00
6.795999999999999375e+01,3.061446827083368127e+00,2.859475607547026677e+00,2.350265103100892983e+00
6.798000000000000398e+01,3.061446827083368127e+00,2.859475607547026677e+00,2.356265103100892766e+00
6.800000000000000000e+01,3.061446827083368127e+00,2.859475607547026677e+00,2.362265103100892549e+00
6.801999999999999602e+01,3.061446827083368127e+00,2.859475607547026677e+00,2.368265103100892333e+00
6.804000000000000625e+01,3.061446827083368127e+00,2.859475607547026677e+00,2.374265103100892116e+00
6.806000000000000227e+01,3.061446827083368127e+00,2.859475607547026677e+00,2.380265103100891899e+00
6.807999999999999829e+01,3.061446827083368127e+00,2.859475607547026677e+00,2.386265103100891682e+00
6.809999999999999432e+01,3.061446827083368127e+00,2.859475607547026677e+00,2.392265103100891466e+00
6.812000000000000455e+01,3.061446827083368127e+00,2.859475607547026677e+00,2.398265103100891249e+00
6.814000000000000057e+01,3.061446827083368127e+00,2.859475607547026677e+00,2.404265103100891032e+00
6.815999999999999659e+01,3.061446827083368127e+00,2.859475607547026677e+00,2.410265103100890816e+00
6.818000000000000682e+01,3.061446827083368127e+00,2.859475607547026677e+00,2.416265103100890599e+00
6.820000000000000284e+01,3.061446827083368127e+00,2.859475607547026677e+00,2.422265103100890382e+00
6.821999999999999886e+01,3.061446827083368127e+00,2.859475607547026677e+00,2.428265103100890165e+00
6.823999999999999488e+01,3.061446827083368127e+00,2.859475607547026677e+00,2.434265103100889949e+00
6.826000000000000512e+01,3.061446827083368127e+00,2.859475607547026677e+00,2.440265103100889732e+00
6.828000000000000114e+01,3.061446827083368127e+00,2.859475607547026677e+00,2.446265103100889515e+00
6.829999999999999716e+01,3.061446827083368127e+00,2.859475607547026677e+00,2.452265103100889299e+00
6.831999999999999318e+01,3.061446827083368127e+00,2.859475607547026677e+00,2.458265103100889082e+00
6.834000000000000341e+01,3.061446827083368127e+00,2.859475607547026677e+00,2.464265103100888865e+00
6.835999999999999943e+01,3.061446827083368127e+00,2.859475607547026677e+00,2.470265103100888648e+00
6.837999999999999545e+01,3.061446827083368127e+00,2.859475607547026677e+00,2.476265103100888432e+00
6.840000000000000568e+01,3.058307395244926674e+00,2.861954300697022724e+00,2.470265103100888648e+00
6.842000000000000171e+01,3.055182891985756211e+00,2.864451785708687304e+00,2.464265103100888865e+00
6.843999999999999773e+01,3.052073429787636183e+00,2.866967972672829656e+00,2.458265103100889082e+00
6.845999999999999375e+01,3.048979120590870284e+00,2.869502771006990915e+00,2.452265103100889299e+00
6.848000000000000398e+01,3.045900075790255013e+00,2.872056089458704609e+00,2.446265103100889515e+00
6.850000000000000000e+01,3.042836406231070878e+00,2.874627836108782475e+00,2.440265103100889732e+00
6.851999999999999602e+01,3.039788222205091373e+00,2.877217918374622485e+00,2.434265103100889949e+00
6.854000000000000625e+01,3.036755633446611924e+00,2.879826243013543063e+00,2.428265103100890165e+00
6.856000000000000227e+01,3.033738749128500167e+00,2.882452716126139070e+00,2.422265103100890382e+00
6.857999999999999829e+01,3.030737677858266199e+00,2.885097243159661762e+00,2.416265103100890599e+00
6.859999999999999432e+01,3.027752527674151040e+00,2.887759728911423629e+00,2.410265103100890816e+00
6.862000000000000455e+01,3.024783406041239520e+00,2.890440077532225427e+00,2.404265103100891032e+00
6.864000000000000057e+01,3.021821282349465676e+00,2.893128166522195066e+00,2.405047711796543197e+00
6.865999999999999659e+01,3.018857055843203963e+00,2.895813936505447383e+00,2.405830320492195362e+00
6.868000000000000682e+01,3.015890728337971893e+00,2.898497385837011109e+00,2.406612929187847527e+00
6.870000000000000284e+01,3.012922301650576173e+00,2.901178512873337390e+00,2.407395537883499692e+00
6.871999999999999886e+01,3.009951777599107370e+00,2.903857315972299791e+00,2.408178146579151857e+00
6.873999999999999488e+01,3.006979158002941244e+00,2.906533793493194295e+00,2.408960755274804022e+00
6.876000000000000512e+01,3.004004444682736530e+00,2.909207943796741525e+00,2.409743363970456187e+00
6.878000000000000114e+01,3.001027639460435381e+00,2.911879765245088958e+00,2.410525972666108352e+00
6.879999999999999716e+01,2.998048744159260703e+00,2.914549256201807381e+00,2.411308581361760517e+00
6.881999999999999318e+01,2.995067760603714380e+00,2.917216415031897547e+00,2.412091190057412682e+00
6.884000000000000341e+01,2.992082606627495700e+00,2.919878904165875255e+00,2.414439016144369177e+00
6.885999999999999943e+01,2.989091209823084405e+00,2.922534377345713974e+00,2.416786842231325672e+00
6.887999999999999545e+01,2.986093586679911649e+00,2.925182819933688894e+00,2.419134668318282166e+00
6.890000000000000568e+01,2.983089753721730020e+00,2.927824217330830425e+00,2.421482494405238661e+00
6.892000000000000171e+01,2.980079727506522058e+00,2.930458554977003693e+00,2.423830320492195156e+00
6.893999999999999773e+01,2.977063524626409663e+00,2.933085818350989360e+00,2.426178146579151651e+00
6.895999999999999375e+01,2.974041161707562164e+00,2.935705992970563116e+00,2.428525972666108146e+00
6.898000000000000398e+01,2.971012655410104841e+00,2.938319064392576951e+00,2.430873798753064641e+00
6.900000000000000000e+01,2.967978022428026552e+00,2.940925018213036424e+00,2.433221624840021136e+00
6.901999999999999602e+01,2.964937279489088695e+00,2.943523840067181929e+00,2.435569450926977630e+00
6.904000000000000625e+01,2.961889767714789734e+00,2.946114720420711652e+00,2.438439016144368754e+00
6.906000000000000227e+01,2.958834833797763242e+00,2.948696845085284401e+00,2.441308581361759877e+00
6.907999999999999829e+01,2.955772502893553533e+00,2.951270192798656211e+00,2.444178146579151001e+00
6.909999999999999432e+01,2.952702800218614421e+00,2.953834742370855526e+00,2.447047711796542124e+00
6.912000000000000455e+01,2.949625751050102718e+00,2.956390472684358173e+00,2.449917277013933248e+00
6.914000000000000057e+01,2.946541380725668180e+00,2.958937362694261441e+00,2.452786842231324371e+00
6.915999999999999659e+01,2.943449714643247006e+00,2.961475391428456838e+00,2.455656407448715495e+00
6.918000000000000682e+01,2.940350778260850451e+00,2.964004537987803278e+00,2.458525972666106618e+00
6.920000000000000284e+01,2.937244597096356991e+00,2.966524781546299394e+00,2.461395537883497742e+00
6.921999999999999886e+01,2.934129233784294577e+00,2.969033662813081342e+00,2.465830320492193195e+00
6.923999999999999488e+01,2.931002774801031219e+00,2.971528703494698664e+00,2.470265103100888648e+00
6.926000000000000512e+01,2.927865281635462669e+00,2.974009854520526019e+00,2.474699885709584102e+00
6.928000000000000114e+01,2.924716815993496866e+00,2.976477067093109330e+00,2.479134668318279555e+00
6.929999999999999716e+01,2.921557439796840683e+00,2.978930292689126791e+00,2.483569450926975009e+00
6.931999999999999318e+01,2.918387215181781791e+00,2.981369483060341441e+00,2.488004233535670462e+00
6.934000000000000341e+01,2.915206204497966080e+00,2.983794590234551070e+00,2.492439016144365915e+00
6.935999999999999943e+01,2.912016985964732463e+00,2.986208897132516249e+00,2.494786842231322410e+00
6.937999999999999545e+01,2.908822107853930028e+00,2.988615709652717722e+00,2.497134668318278905e+00
6.940000000000000568e+01,2.905621587776636705e+00,2.991015014528119575e+00,2.499482494405235400e+00
6.942000000000000171e+01,2.902415443375030435e+00,2.993406798533069679e+00,2.501830320492191895e+00
6.943999999999999773e+01,2.899203692322292802e+00,2.995791048483372965e+00,2.504178146579148390e+00
6.945999999999999375e+01,2.895986352322510005e+00,2.998167751236365586e+00,2.506525972666104884e+00
6.948000000000000398e+01,2.892763441110576483e+00,3.000536893690984641e+00,2.508873798753061379e+00
6.950000000000000000e+01,2.889534976452096782e+00,3.002898462787841893e+00,2.511221624840017874e+00
6.951999999999999602e+01,2.886300976143287400e+00,3.005252445509296155e+00,2.513569450926974369e+00
6.954000000000000625e+01,2.883061458010879097e+00,3.007598828879524344e+00,2.515917277013930864e+00
6.956000000000000227e+01,2.879816439912018744e+00,3.009937599964592980e+00,2.518265103100887359e+00
6.957999999999999829e+01,2.876565939734169852e+00,3.012268745872529685e+00,2.520612929187843854e+00
6.959999999999999432e+01,2.873309975395015758e+00,3.014592253753394235e+00,2.522960755274800349e+00
6.962000000000000455e+01,2.870048564842358374e+00,3.016908110799349618e+00,2.525308581361756843e+00
6.964000000000000057e+01,2.866781726054022261e+00,3.019216304244732196e+00,2.527656407448713338e+00
6.965999999999999659e+01,2.863509477037752937e+00,3.021516821366122318e+00,2.530004233535669833e+00
6.968000000000000682e+01,2.860231835831119174e+00,3.023809649482414486e+00,2.532352059622626328e+00
6.970000000000000284e+01,2.856948820501412190e+00,3.026094775954887073e+00,2.534699885709582823e+00
6.971999999999999886e+01,2.853660449145548395e+00,3.028372188187272052e+00,2.537047711796539318e+00
6.973999999999999488e+01,2.850366739889966361e+00,3.030641873625824712e+00,2.539395537883495813e+00
6.976000000000000512e+01,2.847067710890530012e+00,3.032903819759392494e+00,2.541743363970452307e+00
6.978000000000000114e+01,2.843762205505627971e+00,3.035156289252148198e+00,2.545134668318278504e+00
6.979999999999999716e+01,2.840449080333983467e+00,3.037397535838856300e+00,2.548525972666104700e+00
6.981999999999999318e+01,2.837128373479631982e+00,3.039627533743087362e+00,2.551917277013930896e+00
6.984000000000000341e+01,2.833800123133803694e+00,3.041846257317782243e+00,2.555308581361757092e+00
6.985999999999999943e+01,2.830464367574486939e+00,3.044053681045546966e+00,2.558699885709583288e+00
6.987999999999999545e+01,2.827121145165986338e+00,3.046249779538946711e+00,2.562091190057409484e+00
6.990000000000000568e+01,2.824075098977346876e+00,3.048235914086083742e+00,2.565482494405235681e+00
6.992000000000000171e+01,2.821022334731081660e+00,3.050211707162137298e+00,2.568873798753061877e+00
6.993999999999999773e+01,2.817962887536831218e+00,3.052177136043641159e+00,2.572265103100888073e+00
6.995999999999999375e+01,2.814896792581096374e+00,3.054132178126327091e+00,2.575656407448714269e+00
6.998000000000000398e+01,2.811824085126833239e+00,3.056076810925385079e+00,2.579047711796540465e+00
7.000000000000000000e+01,2.808744800513047757e+00,3.058011012075721347e+00,2.582439016144366661e+00
7.001999999999999602e+01,2.805658974154389806e+00,3.059934759332215481e+00,2.585830320492192858e+00
7.004000000000000625e+01,2.802566641540745085e+00,3.061848030569977119e+00,2.589221624840019054e+00
7.006000000000000227e+01,2.799467838236827433e+00,3.063750803784599519e+00,2.592612929187845250e+00
7.007999999999999829e+01,2.796362599881769384e+00,3.065643057092413581e+00,2.596004233535671446e+00
7.009999999999999432e+01,2.792939798419407538e+00,3.067712939894570834e+00,2.599395537883497642e+00
7.012000000000000455e+01,2.789509997050661383e+00,3.069771203054703967e+00,2.602786842231323838e+00
7.014000000000000057e+01,2.786073235221451228e+00,3.071817822900864137e+00,2.606178146579150035e+00
7.015999999999999659e+01,2.782629552457748012e+00,3.073852775895011380e+00,2.609569450926976231e+00
7.018000000000000682e+01,2.779178988365121228e+00,3.075876038633285070e+00,2.612960755274802427e+00
7.020000000000000284e+01,2.775721582628280615e+00,3.077887587846273476e+00,2.616352059622628623e+00
7.021999999999999886e+01,2.772257375010622305e+00,3.079887400399281994e+00,2.619743363970454819e+00
7.023999999999999488e+01,2.768786405353769631e+00,3.081875453292597822e+00,2.623134668318281015e+00
7.026000000000000512e+01,2.765308713577116162e+00,3.083851723661755972e+00,2.626525972666107211e+00
7.028000000000000114e+01,2.761824339677366513e+00,3.085816188777800395e+00,2.629917277013933408e+00
7.029999999999999716e+01,2.758333323728074937e+00,3.087768826047547321e+00,2.633308581361759604e+00
7.031999999999999318e+01,2.754835705879186136e+00,3.089709613013844169e+00,2.636699885709585800e+00
7.034000000000000341e+01,2.751331526356572965e+00,3.091638527355828003e+00,2.640091190057411996e+00
7.035999999999999943e+01,2.747820825461572802e+00,3.093555546889181773e+00,2.643482494405238192e+00
7.037999999999999545e+01,2.744303643570526141e+00,3.095460649566390110e+00,2.646873798753064388e+00
7.040000000000000568e+01,2.740780021134309852e+00,3.097353813476992457e+00,2.650265103100890585e+00
7.042000000000000171e+01,2.737249998677873997e+00,3.099235016847835755e+00,2.653656407448716781e+00
7.043999999999999773e+01,2.733713616799774204e+00,3.101104238043323580e+00,2.657047711796542977e+00
7.045999999999999375e+01,2.730170916171705375e+00,3.102961455565666160e+00,2.660439016144369173e+00
7.048000000000000398e+01,2.726621937538034501e+00,3.104806648055126850e+00,2.663830320492195369e+00
7.050000000000000000e+01,2.723066721715331262e+00,3.106639794290268153e+00,2.667221624840021565e+00
7.051999999999999602e+01,2.719505309591898623e+00,3.108460873188196416e+00,2.670612929187847762e+00
7.054000000000000625e+01,2.715937742127302545e+00,3.110269863804802970e+00,2.674004233535673958e+00
7.056000000000000227e+01,2.712364060351902140e+00,3.112066745335005713e+00,2.677395537883500154e+00
7.057999999999999829e+01,2.708784305366375822e+00,3.113851497112988476e+00,2.680786842231326350e+00
7.059999999999999432e+01,2.705198518341250136e+00,3.115624098612438608e+00,2.684178146579152546e+00
7.062000000000000455e+01,2.701606740516425464e+00,3.117384529446782793e+00,2.687569450926978742e+00
7.064000000000000057e+01,2.698009013200701744e+00,3.119132769369422409e+00,2.690960755274804939e+00
7.065999999999999659e+01,2.694405377771304622e+00,3.120868798273964906e+00,2.694352059622631135e+00
7.068000000000000682e+01,2.690795875673407611e+00,3.122592596194456060e+00,2.697743363970457331e+00
7.070000000000000284e+01,2.687179212024290109e+00,3.124301312464945024e+00,2.702699885709587857e+00
7.071999999999999886e+01,2.683554123545901060e+00,3.125992081747767326e+00,2.707656407448718383e+00
7.073999999999999488e+01,2.679920699295997633e+00,3.127664862505696863e+00,2.712612929187848909e+00
7.076000000000000512e+01,2.676279028537122517e+00,3.129319613643432252e+00,2.717569450926979435e+00
7.078000000000000114e+01,2.672629200734410126e+00,3.130956294508607574e+00,2.722525972666109961e+00
7.079999999999999716e+01,2.668971305553389683e+00,3.132574864892789801e+00,2.727482494405240487e+00
7.081999999999999318e+01,2.665305432857782542e+00,3.134175285032467340e+00,2.732439016144371013e+00
7.084000000000000341e+01,2.661631672707293728e+00,3.135757515610026580e+00,2.737395537883501540e+00
7.085999999999999943e+01,2.657950115355399934e+00,3.137321517754718236e+00,2.742352059622632066e+00
7.087999999999999545e+01,2.654260851247132180e+00,3.138867253043611250e+00,2.747308581361762592e+00
7.090000000000000568e+01,2.650900412702549502e+00,3.140256703154990170e+00,2.751743363970458045e+00
7.092000000000000171e+01,2.647533845314292034e+00,3.141631236837462371e+00,2.756178146579153498e+00
7.093999999999999773e+01,2.644161215293531431e+00,3.142990827057710046e+00,2.760612929187848952e+00
7.095999999999999375e+01,2.640782588970674638e+00,3.144335447076312740e+00,2.765047711796544405e+00
7.098000000000000398e+01,2.637398032794059155e+00,3.145665070448272704e+00,2.769482494405239859e+00
7.100000000000000000e+01,2.634007613328646524e+00,3.146979671023535374e+00,2.773917277013935312e+00
7.101999999999999602e+01,2.630611397254713602e+00,3.148279222947503175e+00,2.778352059622630765e+00
7.104000000000000625e+01,2.627209451366540272e+00,3.149563700661545340e+00,2.782786842231326219e+00
7.106000000000000227e+01,2.623801842571096721e+00,3.150833078903498397e+00,2.787221624840021672e+00
7.107999999999999829e+01,2.620048036484599940e+00,3.152214717253571052e+00,2.790612929187847868e+00
7.109999999999999432e+01,2.616289566437079106e+00,3.153583617384077442e+00,2.794004233535674064e+00
7.112000000000000455e+01,2.612526475654450397e+00,3.154939763551387610e+00,2.797395537883500261e+00
7.114000000000000057e+01,2.608758807415773706e+00,3.156283140158553380e+00,2.800786842231326457e+00
7.115999999999999659e+01,2.604986605052753035e+00,3.157613731755489095e+00,2.804178146579152653e+00
7.118000000000000682e+01,2.601209911949239562e+00,3.158931523039148370e+00,2.807569450926978849e+00
7.120000000000000284e+01,2.597428771540732040e+00,3.160236498853700393e+00,2.810960755274805045e+00
7.121999999999999886e+01,2.593643227313877198e+00,3.161528644190704451e+00,2.814352059622631241e+00
7.123999999999999488e+01,2.589853322805970137e+00,3.162807944189281795e+00,2.817743363970457438e+00
7.126000000000000512e+01,2.586059101604452959e+00,3.164074384136287499e+00,2.821134668318283634e+00
7.128000000000000114e+01,2.582260933975749850e+00,3.165328940506111355e+00,2.824004233535674757e+00
7.129999999999999716e+01,2.578459181958479007e+00,3.166572592635917172e+00,2.826873798753065881e+00
7.131999999999999318e+01,2.574653876857782908e+00,3.167805330284977572e+00,2.829743363970457004e+00
7.134000000000000341e+01,2.570845050008061516e+00,3.169027143302438621e+00,2.832612929187848128e+00
7.135999999999999943e+01,2.567032732772714709e+00,3.170238021627404645e+00,2.835482494405239251e+00
7.137999999999999545e+01,2.563216956543882930e+00,3.171437955289020394e+00,2.838352059622630374e+00
7.140000000000000568e+01,2.559397752742190058e+00,3.172626934406553634e+00,2.841221624840021498e+00
7.142000000000000171e+01,2.555575152816483619e+00,3.173804949189475977e+00,2.844091190057412621e+00
7.143999999999999773e+01,2.551749188243575883e+00,3.174971989937543704e+00,2.846960755274803745e+00
7.145999999999999375e+01,2.547919890527985398e+00,3.176128047040878144e+00,2.849830320492194868e+00
7.148000000000000398e+01,2.544435709322250716e+00,3.177169014258301338e+00,2.852699885709585992e+00
7.150000000000000000e+01,2.540948555342364745e+00,3.178199979118377261e+00,2.855569450926977115e+00
7.151999999999999602e+01,2.537458457302944836e+00,3.179220933131730042e+00,2.858439016144368239e+00
7.154000000000000625e+01,2.533965443942849838e+00,3.180231867891416986e+00,2.861308581361759362e+00
7.156000000000000227e+01,2.530469544024945172e+00,3.181232775072997843e+00,2.864178146579150486e+00
7.157999999999999829e+01,2.526970786335865693e+00,3.182223646434604092e+00,2.867047711796541609e+00
7.159999999999999432e+01,2.523469199685777209e+00,3.183204473817005109e+00,2.869917277013932733e+00
7.162000000000000455e+01,2.519964812908141560e+00,3.184175249143677444e+00,2.872786842231323856e+00
7.164000000000000057e+01,2.516457654859476811e+00,3.185135964420869659e+00,2.875656407448714980e+00
7.165999999999999659e+01,2.512947754419121438e+00,3.186086611737668939e+00,2.878525972666106103e+00
7.168000000000000682e+01,2.509083879095983072e+00,3.187121240418905987e+00,2.881395537883497227e+00
7.170000000000000284e+01,2.505217050750788044e+00,3.188144777213355319e+00,2.884265103100888350e+00
7.171999999999999886e+01,2.501347301224543518e+00,3.189157213692806803e+00,2.887134668318279473e+00
7.173999999999999488e+01,2.497474662382310306e+00,3.190158541520454971e+00,2.890004233535670597e+00
7.176000000000000512e+01,2.493599166112941745e+00,3.191148752450966519e+00,2.892873798753061720e+00
7.178000000000000114e+01,2.489720844328819904e+00,3.192127838330550027e+00,2.895743363970452844e+00
7.179999999999999716e+01,2.485839728965593132e+00,3.193095791097021685e+00,2.898612929187843967e+00
7.181999999999999318e+01,2.481955851981913597e+00,3.194052602779872352e+00,2.901482494405235091e+00
7.184000000000000341e+01,2.478069245359173500e+00,3.194998265500332835e+00,2.904352059622626214e+00
7.185999999999999943e+01,2.474179941101242175e+00,3.195932771471439171e+00,2.907221624840017338e+00
7.187999999999999545e+01,2.470287971234202296e+00,3.196856112998096577e+00,2.910091190057408461e+00
7.190000000000000568e+01,2.466393367806086534e+00,3.197768282477142510e+00,2.912960755274799585e+00
7.192000000000000171e+01,2.462496162886612439e+00,3.198669272397409724e+00,2.915830320492190708e+00
7.193999999999999773e+01,2.458596388566920421e+00,3.199559075339787562e+00,2.918699885709581832e+00
7.195999999999999375e+01,2.454694076959307303e+00,3.200437683977283676e+00,2.921569450926972955e+00
7.198000000000000398e+01,2.450789260196963859e+00,3.201305091075084430e+00,2.924439016144364079e+00
7.200000000000000000e+01,2.446881970433708364e+00,3.202161289490613516e+00,2.927308581361755202e+00
7.201999999999999602e+01,2.442972239843723692e+00,3.203006272173591462e+00,2.930178146579146325e+00
7.204000000000000625e+01,2.439060100621290861e+00,3.203840032166094254e+00,2.933047711796537449e+00
7.206000000000000227e+01,2.435145584980524802e+00,3.204662562602609288e+00,2.935917277013928572e+00
7.207999999999999829e+01,2.431228936486091730e+00,3.205474878564129604e+00,2.938265103100885067e+00
7.209999999999999432e+01,2.427310391611646523e+00,3.206277996685731324e+00,2.940612929187841562e+00
7.212000000000000455e+01,2.423389971957324640e+00,3.207071912540397918e+00,2.942960755274798057e+00
7.214000000000000057e+01,2.419467699133595495e+00,3.207856621751839388e+00,2.945308581361754552e+00
7.215999999999999659e+01,2.415543594761144330e+00,3.208632119994515364e+00,2.947656407448711047e+00
7.218000000000000682e+01,2.411617680470751868e+00,3.209398402993658195e+00,2.950004233535667542e+00
7.220000000000000284e+01,2.407689977903175738e+00,3.210155466525298262e+00,2.952352059622624036e+00
7.221999999999999886e+01,2.403760508709031019e+00,3.210903306416284853e+00,2.954699885709580531e+00
7.223999999999999488e+01,2.399829294548671221e+00,3.211641918544312357e+00,2.957047711796537026e+00
7.226000000000000512e+01,2.395896357092067941e+00,3.212371298837940259e+00,2.959395537883493521e+00
7.228000000000000114e+01,2.391961718018693173e+00,3.213091443276616666e+00,2.961743363970450016e+00
7.229999999999999716e+01,2.388025399017397632e+00,3.213802347890700073e+00,2.964091190057406511e+00
7.231999999999999318e+01,2.384087421786293071e+00,3.214504008761481568e+00,2.966439016144363006e+00
7.234000000000000341e+01,2.380147808032631485e+00,3.215196422021207034e+00,2.968786842231319500e+00
7.235999999999999943e+01,2.376206579472685654e+00,3.215879583853097134e+00,2.971134668318275995e+00
7.237999999999999545e+01,2.372263757831630127e+00,3.216553490491369516e+00,2.973482494405232490e+00
7.240000000000000568e+01,2.368319364843420427e+00,3.217218138221258794e+00,2.975830320492188985e+00
7.242000000000000171e+01,2.364373422250674484e+00,3.217873523379036982e+00,2.978178146579145480e+00
7.243999999999999773e+01,2.360425951804551392e+00,3.218519642352035248e+00,2.980525972666101975e+00
7.245999999999999375e+01,2.356476975264632401e+00,3.219156491578661239e+00,2.982873798753058470e+00
7.248000000000000398e+01,2.352526514398801005e+00,3.219784067548420836e+00,2.985221624840014965e+00
7.250000000000000000e+01,2.348933856748184557e+00,3.220346157778889662e+00,2.987569450926971459e+00
7.251999999999999602e+01,2.345339889310550152e+00,3.220899811532553336e+00,2.989917277013927954e+00
7.254000000000000625e+01,2.341744631896869766e+00,3.221445025757514902e+00,2.992265103100884449e+00
7.256000000000000227e+01,2.338148104325226573e+00,3.221981797448397966e+00,2.994612929187840944e+00
7.257999999999999829e+01,2.334550326420704813e+00,3.222510123646364466e+00,2.996960755274797439e+00
7.259999999999999432e+01,2.330951318015280993e+00,3.223030001439129766e+00,2.999308581361753934e+00
7.262000000000000455e+01,2.327351098947714192e+00,3.223541427960979089e+00,3.001656407448710429e+00
7.264000000000000057e+01,2.323749689063437263e+00,3.224044400392784393e+00,3.004004233535666923e+00
7.265999999999999659e+01,2.320147108214447584e+00,3.224538915962018137e+00,3.006352059622623418e+00
7.268000000000000682e+01,2.316183142315808130e+00,3.225074611685634807e+00,3.008178146579145285e+00
7.270000000000000284e+01,2.312218204799844301e+00,3.225603067973687565e+00,3.010004233535667151e+00
7.271999999999999886e+01,2.308252308888008031e+00,3.226124283063989573e+00,3.011830320492189017e+00
7.273999999999999488e+01,2.304285467804946475e+00,3.226638255218500895e+00,3.013656407448710883e+00
7.276000000000000512e+01,2.300317694778458932e+00,3.227144982723333833e+00,3.015482494405232750e+00
7.278000000000000114e+01,2.296349003039451553e+00,3.227644463888758253e+00,3.017308581361754616e+00
7.279999999999999716e+01,2.292379405821895144e+00,3.228136697049208692e+00,3.019134668318276482e+00
7.281999999999999318e+01,2.288408916362779433e+00,3.228621680563287466e+00,3.020960755274798348e+00
7.284000000000000341e+01,2.284437547902069099e+00,3.229099412813772219e+00,3.022786842231320215e+00
7.285999999999999943e+01,2.280465313682660256e+00,3.229569892207620807e+00,3.024612929187842081e+00
7.287999999999999545e+01,2.276492226950336040e+00,3.230033117175975743e+00,3.026439016144363947e+00
7.290000000000000568e+01,2.272518300953722203e+00,3.230489086174170410e+00,3.028265103100885813e+00
7.292000000000000171e+01,2.268543548944243149e+00,3.230937797681733947e+00,3.030091190057407680e+00
7.293999999999999773e+01,2.264567984176077520e+00,3.231379250202396580e+00,3.031917277013929546e+00
7.295999999999999375e+01,2.260591619906114680e+00,3.231813442264094061e+00,3.033743363970451412e+00
7.298000000000000398e+01,2.256614469393909417e+00,3.232240372418972107e+00,3.035569450926973278e+00
7.300000000000000000e+01,2.252636545901638865e+00,3.232660039243393069e+00,3.037395537883495145e+00
7.301999999999999602e+01,2.248657862694057208e+00,3.233072441337938585e+00,3.039221624840017011e+00
7.304000000000000625e+01,2.244678433038452159e+00,3.233477577327416252e+00,3.041047711796538877e+00
7.306000000000000227e+01,2.240698270204600995e+00,3.233875445860862285e+00,3.042873798753060743e+00
7.307999999999999829e+01,2.236717387464724816e+00,3.234266045611547291e+00,3.044699885709582610e+00
7.309999999999999432e+01,2.232735798093446355e+00,3.234649375276980265e+00,3.046525972666104476e+00
7.312000000000000455e+01,2.228753515367744242e+00,3.235025433578912590e+00,3.048352059622626342e+00
7.314000000000000057e+01,2.224770552566909032e+00,3.235394219263343363e+00,3.050178146579148208e+00
7.315999999999999659e+01,2.220786922972499244e+00,3.235755731100522503e+00,3.052004233535670075e+00
7.318000000000000682e+01,2.216802639868296954e+00,3.236109967884955196e+00,3.053830320492191941e+00
7.320000000000000284e+01,2.212817716540262936e+00,3.236456928435405889e+00,3.055656407448713807e+00
7.321999999999999886e+01,2.208832166276493592e+00,3.236796611594902728e+00,3.057482494405235673e+00
7.323999999999999488e+01,2.204846002367175206e+00,3.237129016230740675e+00,3.059308581361757540e+00
7.326000000000000512e+01,2.200859238104540871e+00,3.237454141234485494e+00,3.061134668318279406e+00
7.328000000000000114e+01,2.196871969563056304e+00,3.237773025711458086e+00,3.062439016144366200e+00
7.329999999999999716e+01,2.192884288477231269e+00,3.238086709133588315e+00,3.063743363970452993e+00
7.331999999999999318e+01,2.188896201631399308e+00,3.238395190967199522e+00,3.065047711796539787e+00
7.334000000000000341e+01,2.184907715810584516e+00,3.238698470687464415e+00,3.066352059622626580e+00
7.335999999999999943e+01,2.180918837800489563e+00,3.238996547778406399e+00,3.067656407448713374e+00
7.337999999999999545e+01,2.176929574387484134e+00,3.239289421732900021e+00,3.068960755274800167e+00
7.340000000000000568e+01,2.172939932358593840e+00,3.239577092052671858e+00,3.070265103100886961e+00
7.342000000000000171e+01,2.168949918501488661e+00,3.239859558248302296e+00,3.071569450926973754e+00
7.343999999999999773e+01,2.164959539604470962e+00,3.240136819839224636e+00,3.072873798753060548e+00
7.345999999999999375e+01,2.160968802456463944e+00,3.240408876353727319e+00,3.074178146579147342e+00
7.348000000000000398e+01,2.156977713847000988e+00,3.240675727328954814e+00,3.075482494405234135e+00
7.350000000000000000e+01,2.153349138137193641e+00,3.240913586403456392e+00,3.076786842231320929e+00
7.351999999999999602e+01,2.149720255263197100e+00,3.241146712352124037e+00,3.078091190057407722e+00
7.354000000000000625e+01,2.146091071398913197e+00,3.241375104778334570e+00,3.079395537883494516e+00
7.356000000000000227e+01,2.142461592718756247e+00,3.241598763293518815e+00,3.080699885709581309e+00
7.357999999999999829e+01,2.138831825397641939e+00,3.241817687517161595e+00,3.082004233535668103e+00
7.359999999999999432e+01,2.135201775610976682e+00,3.242031877076801738e+00,3.083308581361754896e+00
7.362000000000000455e+01,2.131571449534647833e+00,3.242241331608033850e+00,3.084612929187841690e+00
7.364000000000000057e+01,2.127940853345012595e+00,3.242446050754508313e+00,3.085917277013928484e+00
7.365999999999999659e+01,2.124309993218887804e+00,3.242646034167931735e+00,3.087221624840015277e+00
7.368000000000000682e+01,2.120315819527200052e+00,3.242861848217510889e+00,3.088004233535667442e+00
7.370000000000000284e+01,2.116321478160746228e+00,3.243074536326254975e+00,3.088786842231319607e+00
7.371999999999999886e+01,2.112326971565965827e+00,3.243284098363898416e+00,3.089569450926971772e+00
7.373999999999999488e+01,2.108332302189399599e+00,3.243490534202089215e+00,3.090352059622623937e+00
7.376000000000000512e+01,2.104337472477688209e+00,3.243693843714390734e+00,3.091134668318276102e+00
7.378000000000000114e+01,2.100342484877570026e+00,3.243894026776279471e+00,3.091917277013928267e+00
7.379999999999999716e+01,2.096347341835880673e+00,3.244091083265149056e+00,3.092699885709580432e+00
7.381999999999999318e+01,2.092352045799550808e+00,3.244285013060306699e+00,3.093482494405232597e+00
7.384000000000000341e+01,2.088356599215604348e+00,3.244475816042975413e+00,3.094265103100884762e+00
7.385999999999999943e+01,2.084361004531158024e+00,3.244663492096292234e+00,3.095047711796536927e+00
7.387999999999999545e+01,2.080365264193419161e+00,3.244848041105309999e+00,3.095830320492189092e+00
7.390000000000000568e+01,2.076369380649683904e+00,3.245029462956997346e+00,3.096612929187841257e+00
7.392000000000000171e+01,2.072373356347336326e+00,3.245207757540237825e+00,3.097395537883493422e+00
7.393999999999999773e+01,2.068377193733847097e+00,3.245382924745829900e+00,3.098178146579145587e+00
7.395999999999999375e+01,2.064380895256770820e+00,3.245554964466487835e+00,3.098960755274797751e+00
7.398000000000000398e+01,2.060384463363746033e+00,3.245723876596840807e+00,3.099743363970449916e+00
7.400000000000000000e+01,2.056387900502492982e+00,3.245889661033435125e+00,3.100525972666102081e+00
7.401999999999999602e+01,2.052391209120811411e+00,3.246052317674731125e+00,3.101308581361754246e+00
7.404000000000000625e+01,2.048394391666580550e+00,3.246211846421105385e+00,3.102091190057406411e+00
7.406000000000000227e+01,2.044397450587756460e+00,3.246368247174850730e+00,3.102873798753058576e+00
7.407999999999999829e+01,2.040400388332370696e+00,3.246521519840175340e+00,3.103656407448710741e+00
7.409999999999999432e+01,2.036403207348529421e+00,3.246671664323202755e+00,3.104439016144362906e+00
7.412000000000000455e+01,2.032405910084411627e+00,3.246818680531973644e+00,3.105221624840015071e+00
7.414000000000000057e+01,2.028408498988267361e+00,3.246962568376444036e+00,3.106004233535667236e+00
7.415999999999999659e+01,2.024410976508415949e+00,3.247103327768486203e+00,3.106786842231319401e+00
7.418000000000000682e+01,2.020413345093245550e+00,3.247240958621887774e+00,3.107569450926971566e+00
7.420000000000000284e+01,2.016415607191210935e+00,3.247375460852353513e+00,3.108352059622623731e+00
7.421999999999999886e+01,2.012417765250831714e+00,3.247506834377503537e+00,3.109134668318275896e+00
7.423999999999999488e+01,2.008419821720691889e+00,3.247635079116874657e+00,3.109917277013928061e+00
7.426000000000000512e+01,2.004421779049436747e+00,3.247760194991920812e+00,3.110699885709580226e+00
7.428000000000000114e+01,2.000787106900651757e+00,3.247871092204730026e+00,3.111482494405232391e+00
7.429999999999999716e+01,1.997152349075827837e+00,3.247979144857839007e+00,3.112265103100884556e+00
7.431999999999999318e+01,1.993517507801168209e+00,3.248084352885068249e+00,3.113047711796536721e+00
7.434000000000000341e+01,1.989882585302927165e+00,3.248186716221980408e+00,3.113830320492188886e+00
7.435999999999999943e+01,1.986247583807408734e+00,3.248286234805880301e+00,3.114612929187841051e+00
7.437999999999999545e+01,1.982612505540965353e+00,3.248382908575815353e+00,3.115395537883493216e+00
7.440000000000000568e+01,1.978977352729996531e+00,3.248476737472574705e+00,3.116178146579145380e+00
7.442000000000000171e+01,1.975342127600947073e+00,3.248567721438690103e+00,3.116960755274797545e+00
7.443999999999999773e+01,1.971706832380306640e+00,3.248655860418437236e+00,3.117743363970449710e+00
7.445999999999999375e+01,1.968071469294607301e+00,3.248741154357831729e+00,3.118525972666101875e+00
7.448000000000000398e+01,1.964436062120049842e+00,3.248824551576420916e+00,3.118786842231319412e+00
7.450000000000000000e+01,1.960800633313396490e+00,3.248907000425092395e+00,3.119047711796536948e+00
7.451999999999999602e+01,1.957165183122048679e+00,3.248988500898239096e+00,3.119308581361754484e+00
7.454000000000000625e+01,1.953529711793409840e+00,3.249069052990310347e+00,3.119569450926972021e+00
7.456000000000000227e+01,1.949894219574884069e+00,3.249148656695828752e+00,3.119830320492189557e+00
7.457999999999999829e+01,1.946258706713877462e+00,3.249227312009373314e+00,3.120091190057407093e+00
7.459999999999999432e+01,1.942623173457797225e+00,3.249305018925594091e+00,3.120352059622624630e+00
7.462000000000000455e+01,1.938987620054052119e+00,3.249381777439199759e+00,3.120612929187842166e+00
7.464000000000000057e+01,1.935352046750052235e+00,3.249457587544970494e+00,3.120873798753059702e+00
7.465999999999999659e+01,1.931716453793208998e+00,3.249532449237745091e+00,3.121134668318277239e+00
7.468000000000000682e+01,1.927717280194707783e+00,3.249613753839897257e+00,3.121395537883494775e+00
7.470000000000000284e+01,1.923718085522388321e+00,3.249694015176616713e+00,3.121656407448712311e+00
7.471999999999999886e+01,1.919718870048407577e+00,3.249773233242440718e+00,3.121917277013929848e+00
7.473999999999999488e+01,1.915719634044923847e+00,3.249851408031981581e+00,3.122178146579147384e+00
7.476000000000000512e+01,1.911720377784096758e+00,3.249928539539914230e+00,3.122439016144364921e+00
7.478000000000000114e+01,1.907721101538087494e+00,3.250004627760993525e+00,3.122699885709582457e+00
7.479999999999999716e+01,1.903721805579058568e+00,3.250079672690039612e+00,3.122960755274799993e+00
7.481999999999999318e+01,1.899722490179173828e+00,3.250153674321947239e+00,3.123221624840017530e+00
7.484000000000000341e+01,1.895723155610598232e+00,3.250226632651678660e+00,3.123482494405235066e+00
7.485999999999999943e+01,1.891723802145498290e+00,3.250298547674268512e+00,3.123743363970452602e+00
7.487999999999999545e+01,1.887724430056041847e+00,3.250369419384824266e+00,3.124004233535670139e+00
7.490000000000000568e+01,1.883725039614397856e+00,3.250439247778523111e+00,3.124265103100887675e+00
7.492000000000000171e+01,1.879725631092736382e+00,3.250508032850610185e+00,3.124525972666105211e+00
7.493999999999999773e+01,1.875726204763229044e+00,3.250575774596407896e+00,3.124786842231322748e+00
7.495999999999999375e+01,1.871726760898048347e+00,3.250642473011304379e+00,3.125047711796540284e+00
7.498000000000000398e+01,1.867727299769368354e+00,3.250708128090759264e+00,3.125308581361757820e+00
7.500000000000000000e+01,1.863727821649364014e+00,3.250772739830307678e+00,3.125569450926975357e+00
7.501999999999999602e+01,1.859728326810211607e+00,3.250836308225552251e+00,3.125830320492192893e+00
7.504000000000000625e+01,1.855728815524088304e+00,3.250898833272164001e+00,3.126091190057410429e+00
7.506000000000000227e+01,1.852092881468710539e+00,3.250954725721006522e+00,3.126352059622627966e+00
7.507999999999999829e+01,1.848456932956412224e+00,3.251009669663421864e+00,3.126612929187845502e+00
7.509999999999999432e+01,1.844820970234630098e+00,3.251063665095669908e+00,3.126873798753063038e+00
7.512000000000000455e+01,1.841184993550802229e+00,3.251116712014078036e+00,3.127134668318280575e+00
7.514000000000000057e+01,1.837549003152367355e+00,3.251168810415035804e+00,3.127395537883498111e+00
7.515999999999999659e+01,1.833912999286765322e+00,3.251219960294996270e+00,3.127656407448715647e+00
7.518000000000000682e+01,1.830276982201436864e+00,3.251270161650478663e+00,3.127917277013933184e+00
7.520000000000000284e+01,1.826640952143823604e+00,3.251319414478069270e+00,3.128178146579150720e+00
7.521999999999999886e+01,1.823004909361368053e+00,3.251367718774414328e+00,3.128439016144368257e+00
7.523999999999999488e+01,1.819368854101513389e+00,3.251415074536224914e+00,3.128699885709585793e+00
7.526000000000000512e+01,1.815732786611704119e+00,3.251461481760282712e+00,3.128960755274803329e+00
7.528000000000000114e+01,1.812096707139384977e+00,3.251506940443425364e+00,3.129221624840020866e+00
7.529999999999999716e+01,1.808460615932002025e+00,3.251551450582561120e+00,3.129482494405238402e+00
7.531999999999999318e+01,1.804824513237001993e+00,3.251595012174659960e+00,3.129743363970455938e+00
7.534000000000000341e+01,1.801188399301832277e+00,3.251637625216759364e+00,3.130004233535673475e+00
7.535999999999999943e+01,1.797552274373940939e+00,3.251679289705958098e+00,3.130265103100891011e+00
7.537999999999999545e+01,1.793916138700776930e+00,3.251720005639420652e+00,3.130525972666108547e+00
7.540000000000000568e+01,1.790279992529790087e+00,3.251759773014375465e+00,3.130786842231326084e+00
7.542000000000000171e+01,1.786643836108430694e+00,3.251798591828118923e+00,3.131047711796543620e+00
7.543999999999999773e+01,1.783007669684149921e+00,3.251836462078006029e+00,3.131308581361761156e+00
7.545999999999999375e+01,1.779007881206568831e+00,3.251877597641811501e+00,3.131308581361761156e+00
7.548000000000000398e+01,1.775008092728987741e+00,3.251918733205616974e+00,3.131308581361761156e+00
7.550000000000000000e+01,1.771008304251406651e+00,3.251959868769422446e+00,3.131308581361761156e+00
7.551999999999999602e+01,1.767008515773825561e+00,3.252001004333227918e+00,3.131308581361761156e+00
7.554000000000000625e+01,1.763008727296244471e+00,3.252042139897033390e+00,3.131308581361761156e+00
7.556000000000000227e+01,1.759008938818663381e+00,3.252083275460838863e+00,3.131308581361761156e+00
7.557999999999999829e+01,1.755009150341082291e+00,3.252124411024644335e+00,3.131308581361761156e+00
7.559999999999999432e+01,1.751009361863501201e+00,3.252165546588449807e+00,3.131308581361761156e+00
7.562000000000000455e+01,1.747009573385920111e+00,3.252206682152255279e+00,3.131308581361761156e+00
7.564000000000000057e+01,1.743009784908339022e+00,3.252247817716060752e+00,3.131308581361761156e+00
7.565999999999999659e+01,1.739009996430757932e+00,3.252288953279866224e+00,3.131308581361761156e+00
7.568000000000000682e+01,1.735010207953176842e+00,3.252330088843671696e+00,3.131308581361761156e+00
7.570000000000000284e+01,1.731010419475595752e+00,3.252371224407477168e+00,3.131308581361761156e+00
7.571999999999999886e+01,1.727010630998014662e+00,3.252412359971282640e+00,3.131308581361761156e+00
7.573999999999999488e+01,1.723010842520433572e+00,3.252453495535088113e+00,3.131308581361761156e+00
7.576000000000000512e+01,1.719011054042852482e+00,3.252494631098893585e+00,3.131308581361761156e+00
7.578000000000000114e+01,1.715011265565271392e+00,3.252535766662699057e+00,3.131308581361761156e+00
7.579999999999999716e+01,1.711011477087690302e+00,3.252576902226504529e+00,3.131308581361761156e+00
7.581999999999999318e+01,1.707011688610109212e+00,3.252618037790310002e+00,3.131308581361761156e+00
7.584000000000000341e+01,1.703011900132528122e+00,3.252659173354115474e+00,3.131308581361761156e+00
7.585999999999999943e+01,1.699012111654947033e+00,3.252700308917920946e+00,3.131308581361761156e+00
7.587999999999999545e+01,1.695012323177365943e+00,3.252741444481726418e+00,3.131308581361761156e+00
7.590000000000000568e+01,1.691012534699784853e+00,3.252782580045531891e+00,3.131308581361761156e+00
7.592000000000000171e+01,1.687012746222203763e+00,3.252823715609337363e+00,3.131308581361761156e+00
7.593999999999999773e+01,1.683012957744622673e+00,3.252864851173142835e+00,3.131308581361761156e+00
7.595999999999999375e+01,1.679013169267041583e+00,3.252905986736948307e+00,3.131308581361761156e+00
7.598000000000000398e+01,1.675013380789460493e+00,3.252947122300753779e+00,3.131308581361761156e+00
7.600000000000000000e+01,1.671013592311879403e+00,3.252988257864559252e+00,3.131308581361761156e+00
7.601999999999999602e+01,1.667013803834298313e+00,3.253029393428364724e+00,3.131308581361761156e+00
7.604000000000000625e+01,1.663014015356717223e+00,3.253070528992170196e+00,3.131308581361761156e+00
7.606000000000000227e+01,1.659377844013461667e+00,3.253107924959266040e+00,3.131308581361761156e+00
7.607999999999999829e+01,1.655741672670206110e+00,3.253145320926361883e+00,3.131308581361761156e+00
7.609999999999999432e+01,1.652105501326950554e+00,3.253182716893457727e+00,3.131308581361761156e+00
7.612000000000000455e+01,1.648469329983694998e+00,3.253220112860553570e+00,3.131308581361761156e+00
7.614000000000000057e+01,1.644833158640439441e+00,3.253257508827649414e+00,3.131308581361761156e+00
7.615999999999999659e+01,1.641196987297183885e+00,3.253294904794745257e+00,3.131308581361761156e+00
7.618000000000000682e+01,1.637560815953928328e+00,3.253332300761841100e+00,3.131308581361761156e+00
7.620000000000000284e+01,1.633924644610672772e+00,3.253369696728936944e+00,3.131308581361761156e+00
7.621999999999999886e+01,1.630288473267417215e+00,3.253407092696032787e+00,3.131308581361761156e+00
7.623999999999999488e+01,1.626652301924161659e+00,3.253444488663128631e+00,3.131308581361761156e+00
7.626000000000000512e+01,1.622652513446580569e+00,3.253485624226934103e+00,3.131308581361761156e+00
7.628000000000000114e+01,1.618652724968999479e+00,3.253526759790739575e+00,3.131308581361761156e+00
7.629999999999999716e+01,1.614652936491418389e+00,3.253567895354545048e+00,3.131308581361761156e+00
7.631999999999999318e+01,1.610653148013837299e+00,3.253609030918350520e+00,3.131308581361761156e+00
7.634000000000000341e+01,1.606653359536256209e+00,3.253650166482155992e+00,3.131308581361761156e+00
7.635999999999999943e+01,1.602653571058675119e+00,3.253691302045961464e+00,3.131308581361761156e+00
7.637999999999999545e+01,1.598653782581094029e+00,3.253732437609766937e+00,3.131308581361761156e+00
7.640000000000000568e+01,1.594653994103512940e+00,3.253773573173572409e+00,3.131308581361761156e+00
7.642000000000000171e+01,1.590654205625931850e+00,3.253814708737377881e+00,3.131308581361761156e+00
7.643999999999999773e+01,1.586654381812747205e+00,3.253852192298552826e+00,3.133134668318283023e+00
7.645999999999999375e+01,1.582654496220250007e+00,3.253882371775197235e+00,3.134960755274804889e+00
7.648000000000000398e+01,1.578654562186429189e+00,3.253905247066674722e+00,3.136786842231326755e+00
7.650000000000000000e+01,1.574654593049435558e+00,3.253920818096705858e+00,3.138612929187848621e+00
7.651999999999999602e+01,1.570654602147536716e+00,3.253929084813367290e+00,3.140439016144370488e+00
7.654000000000000625e+01,1.566654602819072872e+00,3.253930047189093067e+00,-3.140920204078694322e+00
7.656000000000000227e+01,1.562654608402412437e+00,3.253923705220673757e+00,-3.139094117122172456e+00
7.657999999999999829e+01,1.558654632235907389e+00,3.253910058929257332e+00,-3.137268030165650590e+00
7.659999999999999432e+01,1.554654687657848866e+00,3.253889108360349169e+00,-3.135441943209128723e+00
7.662000000000000455e+01,1.550654788006422535e+00,3.253860853583810275e+00,-3.133615856252606857e+00
7.664000000000000057e+01,1.546654946619664406e+00,3.253825294693859060e+00,-3.131789769296084991e+00
7.665999999999999659e+01,1.542655176835416198e+00,3.253782431809069564e+00,-3.129963682339563125e+00
7.668000000000000682e+01,1.538655491991280710e+00,3.253732265072372343e+00,-3.128137595383041258e+00
7.670000000000000284e+01,1.534655905424577638e+00,3.253674794651053581e+00,-3.126311508426519392e+00
7.671999999999999886e+01,1.530656430472298934e+00,3.253610020736752872e+00,-3.124485421469997526e+00
7.673999999999999488e+01,1.526657080471064409e+00,3.253537943545464994e+00,-3.122659334513475660e+00
7.676000000000000512e+01,1.522657868757077315e+00,3.253458563317538577e+00,-3.120833247556953793e+00
7.678000000000000114e+01,1.518658808666079274e+00,3.253371880317673881e+00,-3.119007160600431927e+00
7.679999999999999716e+01,1.514659913533306979e+00,3.253277894834923689e+00,-3.117181073643910061e+00
7.681999999999999318e+01,1.510661196693446673e+00,3.253176607182690638e+00,-3.115354986687388195e+00
7.684000000000000341e+01,1.506662671480589966e+00,3.253068017698728109e+00,-3.113528899730866328e+00
7.685999999999999943e+01,1.502664351228189643e+00,3.252952126745138006e+00,-3.111702812774344462e+00
7.687999999999999545e+01,1.499029683744308006e+00,3.252841082147154950e+00,-3.110398464948257669e+00
7.690000000000000568e+01,1.495395164193036974e+00,3.252725296774346742e+00,-3.109094117122170875e+00
7.692000000000000171e+01,1.491760798757868267e+00,3.252604770823701141e+00,-3.107789769296084081e+00
7.693999999999999773e+01,1.488126593622031368e+00,3.252479504500271901e+00,-3.106485421469997288e+00
7.695999999999999375e+01,1.484492554968483313e+00,3.252349498017177432e+00,-3.105181073643910494e+00
7.698000000000000398e+01,1.480858688979897586e+00,3.252214751595600806e+00,-3.103876725817823701e+00
7.700000000000000000e+01,1.477225001838653906e+00,3.252075265464789311e+00,-3.102572377991736907e+00
7.701999999999999602e+01,1.473591499726828014e+00,3.251931039862054007e+00,-3.101268030165650114e+00
7.704000000000000625e+01,1.469594900890515587e+00,3.251766135964391680e+00,-3.099441943209128247e+00
7.706000000000000227e+01,1.465598609846406886e+00,3.251593934208723891e+00,-3.097615856252606381e+00
7.707999999999999829e+01,1.461602639920504876e+00,3.251414435169272643e+00,-3.095789769296084515e+00
7.709999999999999432e+01,1.457607004437741161e+00,3.251227639444594697e+00,-3.093963682339562649e+00
7.712000000000000455e+01,1.453611716721932678e+00,3.251033547657577571e+00,-3.092137595383040782e+00
7.714000000000000057e+01,1.449616790095736407e+00,3.250832160455438213e+00,-3.090311508426518916e+00
7.715999999999999659e+01,1.445622237880605176e+00,3.250623478509720776e+00,-3.088485421469997050e+00
7.718000000000000682e+01,1.441628073396743481e+00,3.250407502516295288e+00,-3.086659334513475184e+00
7.720000000000000284e+01,1.437634309963062851e+00,3.250184233195352768e+00,-3.084833247556953317e+00
7.721999999999999886e+01,1.433640960897137662e+00,3.249953671291405666e+00,-3.083007160600431451e+00
7.723999999999999488e+01,1.429647977330496200e+00,3.249716859196915220e+00,-3.081702812774344657e+00
7.726000000000000512e+01,1.425655306045785276e+00,3.249474839065913834e+00,-3.080398464948257864e+00
7.728000000000000114e+01,1.421662953835828302e+00,3.249227611310155694e+00,-3.079094117122171070e+00
7.729999999999999716e+01,1.417670927492906019e+00,3.248975176350255456e+00,-3.077789769296084277e+00
7.731999999999999318e+01,1.413679233808744717e+00,3.248717534615686464e+00,-3.076485421469997483e+00
7.734000000000000341e+01,1.409687879574504699e+00,3.248454686544779868e+00,-3.075181073643910690e+00
7.735999999999999943e+01,1.405696871580768725e+00,3.248186632584725952e+00,-3.073876725817823896e+00
7.737999999999999545e+01,1.401706216617530476e+00,3.247913373191570585e+00,-3.072572377991737103e+00
7.740000000000000568e+01,1.397715921474183220e+00,3.247634908830216549e+00,-3.071268030165650309e+00
7.742000000000000171e+01,1.393725992939507830e+00,3.247351239974421766e+00,-3.069963682339563515e+00
7.743999999999999773e+01,1.389736249971939452e+00,3.247064969031539405e+00,-3.069963682339563515e+00
7.745999999999999375e+01,1.385746507004371075e+00,3.246778698088657045e+00,-3.069963682339563515e+00
7.748000000000000398e+01,1.381756764036802698e+00,3.246492427145774684e+00,-3.069963682339563515e+00
7.750000000000000000e+01,1.377767021069234321e+00,3.246206156202892323e+00,-3.069963682339563515e+00
7.751999999999999602e+01,1.373777278101665944e+00,3.245919885260009963e+00,-3.069963682339563515e+00
7.754000000000000625e+01,1.369787535134097567e+00,3.245633614317127602e+00,-3.069963682339563515e+00
7.756000000000000227e+01,1.365797792166529190e+00,3.245347343374245241e+00,-3.069963682339563515e+00
7.757999999999999829e+01,1.361808049198960813e+00,3.245061072431362881e+00,-3.069963682339563515e+00
7.759999999999999432e+01,1.357818306231392436e+00,3.244774801488480520e+00,-3.069963682339563515e+00
7.762000000000000455e+01,1.353828563263824059e+00,3.244488530545598159e+00,-3.069963682339563515e+00
7.764000000000000057e+01,1.349838820296255681e+00,3.244202259602715799e+00,-3.069963682339563515e+00
7.765999999999999659e+01,1.345849077328687304e+00,3.243915988659833438e+00,-3.069963682339563515e+00
7.768000000000000682e+01,1.341859334361118927e+00,3.243629717716951077e+00,-3.069963682339563515e+00
7.770000000000000284e+01,1.337869591393550550e+00,3.243343446774068717e+00,-3.069963682339563515e+00
7.771999999999999886e+01,1.333879848425982173e+00,3.243057175831186356e+00,-3.069963682339563515e+00
7.773999999999999488e+01,1.329890105458413796e+00,3.242770904888303996e+00,-3.069963682339563515e+00
7.776000000000000512e+01,1.325900362490845419e+00,3.242484633945421635e+00,-3.069963682339563515e+00
7.778000000000000114e+01,1.321910619523277042e+00,3.242198363002539274e+00,-3.069963682339563515e+00
7.779999999999999716e+01,1.317920876555708665e+00,3.241912092059656914e+00,-3.069963682339563515e+00
7.781999999999999318e+01,1.313931133588140288e+00,3.241625821116774553e+00,-3.069963682339563515e+00
7.784000000000000341e+01,1.309941390620571910e+00,3.241339550173892192e+00,-3.069963682339563515e+00
7.785999999999999943e+01,1.306314351559146214e+00,3.241079303862180794e+00,-3.069963682339563515e+00
7.787999999999999545e+01,1.302687312497720518e+00,3.240819057550469395e+00,-3.069963682339563515e+00
7.790000000000000568e+01,1.299060273436294821e+00,3.240558811238757997e+00,-3.069963682339563515e+00
7.792000000000000171e+01,1.295433234374869125e+00,3.240298564927046598e+00,-3.069963682339563515e+00
7.793999999999999773e+01,1.291806195313443428e+00,3.240038318615335200e+00,-3.069963682339563515e+00
7.795999999999999375e+01,1.288179156252017732e+00,3.239778072303623802e+00,-3.069963682339563515e+00
7.798000000000000398e+01,1.284552117190592035e+00,3.239517825991912403e+00,-3.069963682339563515e+00
7.800000000000000000e+01,1.280925078129166339e+00,3.239257579680201005e+00,-3.069963682339563515e+00
7.801999999999999602e+01,1.277298039067740643e+00,3.238997333368489606e+00,-3.069963682339563515e+00
7.804000000000000625e+01,1.273308296100172265e+00,3.238711062425607246e+00,-3.069963682339563515e+00
7.806000000000000227e+01,1.269318553132603888e+00,3.238424791482724885e+00,-3.069963682339563515e+00
7.807999999999999829e+01,1.265328810165035511e+00,3.238138520539842524e+00,-3.069963682339563515e+00
7.809999999999999432e+01,1.261339067197467134e+00,3.237852249596960164e+00,-3.069963682339563515e+00
7.812000000000000455e+01,1.257349324229898757e+00,3.237565978654077803e+00,-3.069963682339563515e+00
7.814000000000000057e+01,1.253359581262330380e+00,3.237279707711195442e+00,-3.069963682339563515e+00
7.815999999999999659e+01,1.249369838294762003e+00,3.236993436768313082e+00,-3.069963682339563515e+00
7.818000000000000682e+01,1.245380095327193626e+00,3.236707165825430721e+00,-3.069963682339563515e+00
7.820000000000000284e+01,1.241390352359625249e+00,3.236420894882548360e+00,-3.069963682339563515e+00
7.821999999999999886e+01,1.237400609392056872e+00,3.236134623939666000e+00,-3.069963682339563515e+00
7.823999999999999488e+01,1.233410866424488495e+00,3.235848352996783639e+00,-3.069963682339563515e+00
7.826000000000000512e+01,1.229421123456920117e+00,3.235562082053901278e+00,-3.069963682339563515e+00
7.828000000000000114e+01,1.225431343194913758e+00,3.235276331515519299e+00,-3.070224551904781052e+00
7.829999999999999716e+01,1.221441488525047747e+00,3.234991621799090833e+00,-3.070485421469998588e+00
7.831999999999999318e+01,1.217451559718843335e+00,3.234707952923992380e+00,-3.070746291035216124e+00
7.834000000000000341e+01,1.213461557047826656e+00,3.234425324909524946e+00,-3.071007160600433661e+00
7.835999999999999943e+01,1.209471480783529174e+00,3.234143737774926919e+00,-3.071268030165651197e+00
7.837999999999999545e+01,1.205481331197487460e+00,3.233863191539356308e+00,-3.071528899730868734e+00
7.840000000000000568e+01,1.201853856073628712e+00,3.233609095796223354e+00,-3.071789769296086270e+00
7.842000000000000171e+01,1.198226314787354863e+00,3.233355946359582234e+00,-3.072050638861303806e+00
7.843999999999999773e+01,1.194598707585530661e+00,3.233103743246662276e+00,-3.072311508426521343e+00
7.845999999999999375e+01,1.190971034715025523e+00,3.232852486474627973e+00,-3.072572377991738879e+00
7.848000000000000398e+01,1.187343296422713079e+00,3.232602176060576760e+00,-3.072833247556956415e+00
7.850000000000000000e+01,1.183715492955471627e+00,3.232352812021543009e+00,-3.073094117122173952e+00
7.851999999999999602e+01,1.180087624560183679e+00,3.232104394374495815e+00,-3.073354986687391488e+00
7.854000000000000625e+01,1.176459691483736414e+00,3.231856923136341209e+00,-3.073615856252609024e+00
7.856000000000000227e+01,1.172831693973021450e+00,3.231610398323923050e+00,-3.073876725817826561e+00
7.857999999999999829e+01,1.168840826105125741e+00,3.231340262117023077e+00,-3.074137595383044097e+00
7.859999999999999432e+01,1.164849887902711156e+00,3.231071167015268308e+00,-3.074398464948261633e+00
7.862000000000000455e+01,1.160858879637372665e+00,3.230803113036972540e+00,-3.074659334513479170e+00
7.864000000000000057e+01,1.156867801580710342e+00,3.230536100200376293e+00,-3.074920204078696706e+00
7.865999999999999659e+01,1.152876654004328261e+00,3.230270128523652140e+00,-3.075181073643914242e+00
7.868000000000000682e+01,1.148885437179835822e+00,3.230005198024898050e+00,-3.075441943209131779e+00
7.870000000000000284e+01,1.144894151378847313e+00,3.229741308722144932e+00,-3.075702812774349315e+00
7.871999999999999886e+01,1.140902796872981240e+00,3.229478460633352199e+00,-3.075963682339566851e+00
7.873999999999999488e+01,1.136911373933860769e+00,3.229216653776403323e+00,-3.076224551904784388e+00
7.876000000000000512e+01,1.132919882833114400e+00,3.228955888169120048e+00,-3.076485421470001924e+00
7.878000000000000114e+01,1.128928256314567724e+00,3.228697205120197200e+00,-3.077268030165654089e+00
7.879999999999999716e+01,1.124936428570826763e+00,3.228441646031797063e+00,-3.078050638861306254e+00
7.881999999999999318e+01,1.120944402046791355e+00,3.228189211060444652e+00,-3.078833247556958419e+00
7.884000000000000341e+01,1.116952179187483241e+00,3.227939900360748737e+00,-3.079615856252610584e+00
7.885999999999999943e+01,1.112959762438044731e+00,3.227693714085407173e+00,-3.080398464948262749e+00
7.887999999999999545e+01,1.108967154243736486e+00,3.227450652385203345e+00,-3.081181073643914914e+00
7.890000000000000568e+01,1.104974357049936406e+00,3.227210715409006614e+00,-3.081963682339567079e+00
7.892000000000000171e+01,1.100981373302138300e+00,3.226973903303772317e+00,-3.082746291035219244e+00
7.893999999999999773e+01,1.096988205445950548e+00,3.226740216214542656e+00,-3.083528899730871409e+00
7.895999999999999375e+01,1.092994855927093667e+00,3.226509654284444917e+00,-3.084311508426523574e+00
7.898000000000000398e+01,1.089001327191399859e+00,3.226282217654693696e+00,-3.085094117122175739e+00
7.900000000000000000e+01,1.085007621684811019e+00,3.226057906464587788e+00,-3.085876725817827904e+00
7.901999999999999602e+01,1.081013741853377175e+00,3.225836720851513295e+00,-3.086659334513480069e+00
7.904000000000000625e+01,1.077019690143255382e+00,3.225618660950940519e+00,-3.087441943209132234e+00
7.906000000000000227e+01,1.073025469000707721e+00,3.225403726896425738e+00,-3.088224551904784398e+00
7.907999999999999829e+01,1.069031080872100192e+00,3.225191918819611647e+00,-3.089007160600436563e+00
7.909999999999999432e+01,1.065036528203900934e+00,3.224983236850225587e+00,-3.089789769296088728e+00
7.912000000000000455e+01,1.061041813442679116e+00,3.224777681116079542e+00,-3.090572377991740893e+00
7.914000000000000057e+01,1.057046939035102717e+00,3.224575251743073245e+00,-3.091354986687393058e+00
7.915999999999999659e+01,1.053051907427938083e+00,3.224375948855187968e+00,-3.092137595383045223e+00
7.918000000000000682e+01,1.049056798036591909e+00,3.224178209250712968e+00,-3.092137595383045223e+00
7.920000000000000284e+01,1.045061688645245734e+00,3.223980469646237967e+00,-3.092137595383045223e+00
7.921999999999999886e+01,1.041066579253899560e+00,3.223782730041762967e+00,-3.092137595383045223e+00
7.923999999999999488e+01,1.037071469862553386e+00,3.223584990437287967e+00,-3.092137595383045223e+00
7.926000000000000512e+01,1.033076360471207211e+00,3.223387250832812967e+00,-3.092137595383045223e+00
7.928000000000000114e+01,1.029081251079861037e+00,3.223189511228337967e+00,-3.092137595383045223e+00
7.929999999999999716e+01,1.025086141688514862e+00,3.222991771623862967e+00,-3.092137595383045223e+00
7.931999999999999318e+01,1.021091032297168688e+00,3.222794032019387966e+00,-3.092137595383045223e+00
7.934000000000000341e+01,1.017095922905822514e+00,3.222596292414912966e+00,-3.092137595383045223e+00
7.935999999999999943e+01,1.013100813514476339e+00,3.222398552810437966e+00,-3.092137595383045223e+00
7.937999999999999545e+01,1.009105704123130165e+00,3.222200813205962966e+00,-3.092137595383045223e+00
7.940000000000000568e+01,1.005110594731783991e+00,3.222003073601487966e+00,-3.092137595383045223e+00
7.942000000000000171e+01,1.001115485340437816e+00,3.221805333997012966e+00,-3.092137595383045223e+00
7.943999999999999773e+01,9.971203759490916418e-01,3.221607594392537965e+00,-3.092137595383045223e+00
7.945999999999999375e+01,9.931252665577454675e-01,3.221409854788062965e+00,-3.092137595383045223e+00
7.948000000000000398e+01,9.891301571663992931e-01,3.221212115183587965e+00,-3.092137595383045223e+00
7.950000000000000000e+01,9.851350477750531187e-01,3.221014375579112965e+00,-3.092137595383045223e+00
7.951999999999999602e+01,9.811399383837069443e-01,3.220816635974637965e+00,-3.092137595383045223e+00
7.954000000000000625e+01,9.771448289923607700e-01,3.220618896370162965e+00,-3.092137595383045223e+00
7.956000000000000227e+01,9.731496426324700577e-01,3.220422720089468172e+00,-3.092920204078697388e+00
7.957999999999999829e+01,9.691543039668103487e-01,3.220229670536116640e+00,-3.093702812774349553e+00
7.959999999999999432e+01,9.651588154424320942e-01,3.220039747828347565e+00,-3.094485421470001718e+00
7.962000000000000455e+01,9.611631795064775607e-01,3.219852952082482567e+00,-3.095268030165653883e+00
7.964000000000000057e+01,9.571673986061791650e-01,3.219669283412931460e+00,-3.096050638861306048e+00
7.965999999999999659e+01,9.531714751888581416e-01,3.219488741932185594e+00,-3.096833247556958213e+00
7.968000000000000682e+01,9.491754117019229886e-01,3.219311327750822738e+00,-3.097615856252610378e+00
7.970000000000000284e+01,9.451792105928681353e-01,3.219137040977504416e+00,-3.098398464948262543e+00
7.971999999999999886e+01,9.411828743092722771e-01,3.218965881718978572e+00,-3.099181073643914708e+00
7.973999999999999488e+01,9.371864052987967098e-01,3.218797850080074685e+00,-3.099963682339566873e+00
7.976000000000000512e+01,9.331898060091841085e-01,3.218632946163708652e+00,-3.100746291035219038e+00
7.978000000000000114e+01,9.291932937536444559e-01,3.218465957106583897e+00,-3.098920204078697171e+00
7.979999999999999716e+01,9.251970930978445917e-01,3.218291670353033762e+00,-3.097094117122175305e+00
7.981999999999999318e+01,9.212012173674859472e-01,3.218110086484233801e+00,-3.095268030165653439e+00
7.984000000000000341e+01,9.172056798871861538e-01,3.217921206105692100e+00,-3.093441943209131573e+00
7.985999999999999943e+01,9.132104939804353005e-01,3.217725029847247953e+00,-3.091615856252609706e+00
7.987999999999999545e+01,9.092156729695508588e-01,3.217521558363069190e+00,-3.089789769296087840e+00
7.990000000000000568e+01,9.052211750572715099e-01,3.217311834353092426e+00,-3.088485421470001047e+00
7.992000000000000171e+01,9.012269540959366720e-01,3.217096900308328955e+00,-3.087181073643914253e+00
7.993999999999999773e+01,8.972330168810063178e-01,3.216876756594451603e+00,-3.085876725817827460e+00
7.995999999999999375e+01,8.932393702074578057e-01,3.216651403585994995e+00,-3.084572377991740666e+00
7.998000000000000398e+01,8.892460208697741120e-01,3.216420841666357777e+00,-3.083268030165653872e+00
8.000000000000000000e+01,8.852529756619323953e-01,3.216185071227800396e+00,-3.081963682339567079e+00
8.001999999999999602e+01,8.812602413773923393e-01,3.215944092671444210e+00,-3.080659334513480285e+00
8.004000000000000625e+01,8.772678248090846065e-01,3.215697906407271933e+00,-3.079354986687393492e+00
8.006000000000000227e+01,8.732757327493994026e-01,3.215446512854125860e+00,-3.078050638861306698e+00
8.007999999999999829e+01,8.692839719901748197e-01,3.215189912439707420e+00,-3.076746291035219905e+00
8.009999999999999432e+01,8.652924809799747985e-01,3.214929146838338525e+00,-3.075963682339567740e+00
8.012000000000000455e+01,8.613011952695280860e-01,3.214665257541571730e+00,-3.075181073643915575e+00
8.014000000000000057e+01,8.573101173034026745e-01,3.214398244711032859e+00,-3.074398464948263410e+00
8.015999999999999659e+01,8.533192495260393251e-01,3.214128108510260873e+00,-3.073615856252611245e+00
8.018000000000000682e+01,8.493285943817501238e-01,3.213854849104708311e+00,-3.072833247556959080e+00
8.020000000000000284e+01,8.453381543147170385e-01,3.213578466661739519e+00,-3.072050638861306915e+00
8.021999999999999886e+01,8.413479317689900316e-01,3.213298961350632865e+00,-3.071268030165654750e+00
8.023999999999999488e+01,8.373579291884861719e-01,3.213016333342577635e+00,-3.070485421470002585e+00
8.026000000000000512e+01,8.333681490169876360e-01,3.212730582810678026e+00,-3.069702812774350420e+00
8.028000000000000114e+01,8.293785936981402651e-01,3.212441709929948708e+00,-3.068920204078698255e+00
8.029999999999999716e+01,8.253892656754522328e-01,3.212149714877317486e+00,-3.068137595383046090e+00
8.031999999999999318e+01,8.214001673922927127e-01,3.211854597831625302e+00,-3.067354986687393925e+00
8.034000000000000341e+01,8.174113012918899912e-01,3.211556358973623126e+00,-3.066572377991741760e+00
8.035999999999999943e+01,8.134226698173301351e-01,3.211254998485975953e+00,-3.065789769296089595e+00
8.037999999999999545e+01,8.094342754115555483e-01,3.210950516553260137e+00,-3.065007160600437430e+00
8.040000000000000568e+01,8.054461205173634175e-01,3.210642913361962503e+00,-3.064224551904785265e+00
8.042000000000000171e+01,8.014582075774043801e-01,3.210332189100483902e+00,-3.063441943209133100e+00
8.043999999999999773e+01,7.974705390341806366e-01,3.210018343959135212e+00,-3.062659334513480935e+00
8.045999999999999375e+01,7.934831173300447293e-01,3.209701378130139116e+00,-3.061876725817828770e+00
8.048000000000000398e+01,7.894959449071983215e-01,3.209381291807629655e+00,-3.061094117122176606e+00
8.050000000000000000e+01,7.855090242076900875e-01,3.209058085187652232e+00,-3.060311508426524441e+00
8.051999999999999602e+01,7.815223576734146027e-01,3.208731758468163164e+00,-3.059528899730872276e+00
8.054000000000000625e+01,7.775359477461107893e-01,3.208402311849030131e+00,-3.058746291035220111e+00
8.056000000000000227e+01,7.735497968673604730e-01,3.208069745532030836e+00,-3.057963682339567946e+00
8.057999999999999829e+01,7.695639074785867173e-01,3.207734059720854791e+00,-3.057181073643915781e+00
8.059999999999999432e+01,7.655782820210523809e-01,3.207395254621101088e+00,-3.056398464948263616e+00
8.062000000000000455e+01,7.615929229358587849e-01,3.207053330440280625e+00,-3.055615856252611451e+00
8.064000000000000057e+01,7.576078326639442695e-01,3.206708287387813439e+00,-3.054833247556959286e+00
8.065999999999999659e+01,7.536230136460819740e-01,3.206360125675029593e+00,-3.054050638861307121e+00
8.068000000000000682e+01,7.496384683228796142e-01,3.206008845515170957e+00,-3.053268030165654956e+00
8.070000000000000284e+01,7.456540606605009947e-01,3.205656006203332353e+00,-3.053268030165654956e+00
8.071999999999999886e+01,7.416696529981223751e-01,3.205303166891493749e+00,-3.053268030165654956e+00
8.073999999999999488e+01,7.376852453357437556e-01,3.204950327579655145e+00,-3.053268030165654956e+00
8.076000000000000512e+01,7.337008376733651360e-01,3.204597488267816541e+00,-3.053268030165654956e+00
8.078000000000000114e+01,7.297164300109865165e-01,3.204244648955977937e+00,-3.053268030165654956e+00
8.079999999999999716e+01,7.257320223486078969e-01,3.203891809644139332e+00,-3.053268030165654956e+00
8.081999999999999318e+01,7.217476146862292774e-01,3.203538970332300728e+00,-3.053268030165654956e+00
8.084000000000000341e+01,7.177632070238506579e-01,3.203186131020462124e+00,-3.053268030165654956e+00
8.085999999999999943e+01,7.137787993614720383e-01,3.202833291708623520e+00,-3.053268030165654956e+00
8.087999999999999545e+01,7.097943916990934188e-01,3.202480452396784916e+00,-3.053268030165654956e+00
8.090000000000000568e+01,7.061724977986938434e-01,3.202156382349364616e+00,-3.051441943209133090e+00
8.092000000000000171e+01,7.025512017168223933e-01,3.201825698952731170e+00,-3.049615856252611223e+00
8.093999999999999773e+01,6.989305155290262972e-01,3.201488403309579400e+00,-3.047789769296089357e+00
8.095999999999999375e+01,6.953104513088190775e-01,3.201144496544652718e+00,-3.045963682339567491e+00
8.098000000000000398e+01,6.916910211276402487e-01,3.200793979804740008e+00,-3.044137595383045625e+00
8.100000000000000000e+01,6.880722370548151279e-01,3.200436854258672081e+00,-3.042311508426523758e+00
8.101999999999999602e+01,6.844541111575145331e-01,3.200073121097317230e+00,-3.040485421470001892e+00
8.104000000000000625e+01,6.808366555007143717e-01,3.199702781533576790e+00,-3.038659334513480026e+00
8.106000000000000227e+01,6.772198821471556718e-01,3.199325836802382916e+00,-3.036833247556958160e+00
8.107999999999999829e+01,6.736038031573043927e-01,3.198942288160692815e+00,-3.035007160600436293e+00
8.109999999999999432e+01,6.696267812407332709e-01,3.198514159200356310e+00,-3.033702812774349500e+00
8.112000000000000455e+01,6.656503211361820549e-01,3.198080843185792776e+00,-3.032398464948262706e+00
8.114000000000000057e+01,6.616744296088936661e-01,3.197642340854211618e+00,-3.031094117122175913e+00
8.115999999999999659e+01,6.576991134231439107e-01,3.197198652951648068e+00,-3.029789769296089119e+00
8.118000000000000682e+01,6.537243793422297111e-01,3.196749780232958305e+00,-3.028485421470002326e+00
8.120000000000000284e+01,6.497502341284575600e-01,3.196295723461819449e+00,-3.027181073643915532e+00
8.121999999999999886e+01,6.457766845431321956e-01,3.195836483410728679e+00,-3.025876725817828738e+00
8.123999999999999488e+01,6.418037373465449447e-01,3.195372060861001895e+00,-3.024572377991741945e+00
8.126000000000000512e+01,6.378313992979622871e-01,3.194902456602772389e+00,-3.023268030165655151e+00
8.128000000000000114e+01,6.338596771556143095e-01,3.194427671434988181e+00,-3.021963682339568358e+00
8.129999999999999716e+01,6.298888292643555209e-01,3.193945634429385727e+00,-3.019615856252611863e+00
8.131999999999999318e+01,6.259191240553358959e-01,3.193454275900644568e+00,-3.017268030165655368e+00
8.134000000000000341e+01,6.219505834107010855e-01,3.192953598557272787e+00,-3.014920204078698873e+00
8.135999999999999943e+01,6.179832292061773202e-01,3.192443605159146713e+00,-3.012572377991742378e+00
8.137999999999999545e+01,6.140170833109509507e-01,3.191924298517494485e+00,-3.010224551904785883e+00
8.140000000000000568e+01,6.100521675875477667e-01,3.191395681494883174e+00,-3.007876725817829389e+00
8.142000000000000171e+01,6.060885038917124268e-01,3.190857757005199691e+00,-3.005528899730872894e+00
8.143999999999999773e+01,6.021261140722879990e-01,3.190310528013637459e+00,-3.003181073643916399e+00
8.145999999999999375e+01,5.981650199710957239e-01,3.189753997536678209e+00,-3.000833247556959904e+00
8.148000000000000398e+01,5.942052434228144442e-01,3.189188168642076437e+00,-2.998485421470003409e+00
8.150000000000000000e+01,5.902468062548602568e-01,3.188613044448842082e+00,-2.996137595383046914e+00
8.151999999999999602e+01,5.862897302872661642e-01,3.188028628127224096e+00,-2.993789769296090419e+00
8.154000000000000625e+01,5.823335730974348312e-01,3.187438018719316091e+00,-2.993007160600438255e+00
8.156000000000000227e+01,5.783778793351409542e-01,3.186844313369573189e+00,-2.992224551904786090e+00
8.157999999999999829e+01,5.744226514231534075e-01,3.186247512441625407e+00,-2.991441943209133925e+00
8.159999999999999432e+01,5.704678917839557384e-01,3.185647616300999907e+00,-2.990659334513481760e+00
8.162000000000000455e+01,5.665136028397445012e-01,3.185044625315117894e+00,-2.989876725817829595e+00
8.164000000000000057e+01,5.625597870124283695e-01,3.184438539853298611e+00,-2.989094117122177430e+00
8.165999999999999659e+01,5.586064467236259157e-01,3.183829360286754007e+00,-2.988311508426525265e+00
8.168000000000000682e+01,5.546535843946645006e-01,3.183217086988592293e+00,-2.987528899730873100e+00
8.170000000000000284e+01,5.510608026664406411e-01,3.182655788249302731e+00,-2.985702812774351234e+00
8.171999999999999886e+01,5.474690519081855111e-01,3.182087929717659414e+00,-2.983876725817829367e+00
8.173999999999999488e+01,5.438783440969245930e-01,3.181513513287238748e+00,-2.982050638861307501e+00
8.176000000000000512e+01,5.402886912062059288e-01,3.180932540873485870e+00,-2.980224551904785635e+00
8.178000000000000114e+01,5.367001052060594857e-01,3.180345014413707094e+00,-2.978398464948263769e+00
8.179999999999999716e+01,5.331125980629579653e-01,3.179750935867063699e+00,-2.976572377991741902e+00
8.181999999999999318e+01,5.295261817397760584e-01,3.179150307214565707e+00,-2.974746291035220036e+00
8.184000000000000341e+01,5.259408681957514764e-01,3.178543130459065225e+00,-2.972920204078698170e+00
8.185999999999999943e+01,5.223566693864442056e-01,3.177929407625248892e+00,-2.971094117122176304e+00
8.187999999999999545e+01,5.184149341615617024e-01,3.177249170460515248e+00,-2.970311508426524139e+00
8.190000000000000568e+01,5.144737325032546771e-01,3.176565848668147840e+00,-2.969528899730871974e+00
8.192000000000000171e+01,5.105330668254162152e-01,3.175879442666666108e+00,-2.968746291035219809e+00
8.193999999999999773e+01,5.065929395416106651e-01,3.175189952876477317e+00,-2.967963682339567644e+00
8.195999999999999375e+01,5.026533530650727499e-01,3.174497379719876111e+00,-2.967181073643915479e+00
8.198000000000000398e+01,4.987143098087060133e-01,3.173801723621048954e+00,-2.966398464948263314e+00
8.200000000000000000e+01,4.947758121850812096e-01,3.173102985006067467e+00,-2.965615856252611149e+00
8.201999999999999602e+01,4.908378626064349715e-01,3.172401164302892873e+00,-2.964833247556958984e+00
8.204000000000000625e+01,4.869004634846682000e-01,3.171696261941373773e+00,-2.964050638861306819e+00
8.206000000000000227e+01,4.829636172313447884e-01,3.170988278353246592e+00,-2.963268030165654654e+00
8.207999999999999829e+01,4.790273262576897340e-01,3.170277213972133801e+00,-2.962485421470002489e+00
8.209999999999999432e+01,4.750921538790855991e-01,3.169559989459895810e+00,-2.960137595383045994e+00
8.212000000000000455e+01,4.711586762632498648e-01,3.168833527832551678e+00,-2.957789769296089499e+00
8.214000000000000057e+01,4.672269150926314230e-01,3.168097833094564386e+00,-2.955441943209133004e+00
8.215999999999999659e+01,4.632968920402177337e-01,3.167352909301293096e+00,-2.953094117122176510e+00
8.218000000000000682e+01,4.593686287694150328e-01,3.166598760558970493e+00,-2.950746291035220015e+00
8.220000000000000284e+01,4.554421469339292594e-01,3.165835391024678813e+00,-2.948398464948263520e+00
8.221999999999999886e+01,4.515174681776465970e-01,3.165062804906328076e+00,-2.946050638861307025e+00
8.223999999999999488e+01,4.475946141345141238e-01,3.164281006462632995e+00,-2.943702812774350530e+00
8.226000000000000512e+01,4.436736064284205194e-01,3.163490000003089886e+00,-2.941354986687394035e+00
8.228000000000000114e+01,4.397544666730769936e-01,3.162689789887950909e+00,-2.939007160600437540e+00
8.229999999999999716e+01,4.358370050994628819e-01,3.161881402373738492e+00,-2.937181073643915674e+00
8.231999999999999318e+01,4.319210262424931224e-01,3.161065862585840769e+00,-2.935354986687393808e+00
8.234000000000000341e+01,4.280065431603621295e-01,3.160243173243751258e+00,-2.933528899730871942e+00
8.235999999999999943e+01,4.240935689062762526e-01,3.159413337090803520e+00,-2.931702812774350075e+00
8.237999999999999545e+01,4.201821165284107540e-01,3.158576356894163162e+00,-2.929876725817828209e+00
8.240000000000000568e+01,4.162721990698659003e-01,3.157732235444818070e+00,-2.928050638861306343e+00
8.242000000000000171e+01,4.123638295686237742e-01,3.156880975557569524e+00,-2.926224551904784477e+00
8.243999999999999773e+01,4.084570210575045324e-01,3.156022580071022876e+00,-2.924398464948262610e+00
8.245999999999999375e+01,4.045517865641231059e-01,3.155157051847576888e+00,-2.922572377991740744e+00
8.248000000000000398e+01,4.006481391108457357e-01,3.154284393773415296e+00,-2.920746291035218878e+00
8.250000000000000000e+01,3.967460917147464516e-01,3.153404608758497929e+00,-2.918920204078697012e+00
8.251999999999999602e+01,3.928456573875639402e-01,3.152517699736549162e+00,-2.917094117122175145e+00
8.254000000000000625e+01,3.889473169126403951e-01,3.151621635808937061e+00,-2.914224551904784022e+00
8.256000000000000227e+01,3.850515637983124573e-01,3.150714389043718811e+00,-2.911354986687392898e+00
8.257999999999999829e+01,3.811584301237652128e-01,3.149795966911526079e+00,-2.908485421470001775e+00
8.259999999999999432e+01,3.772679479466142793e-01,3.148866376975013370e+00,-2.905615856252610651e+00
8.262000000000000455e+01,3.733801493026417395e-01,3.147925626888794515e+00,-2.902746291035219528e+00
8.264000000000000057e+01,3.694950662055324631e-01,3.146973724399381389e+00,-2.899876725817828405e+00
8.265999999999999659e+01,3.656127306466103177e-01,3.146010677345119078e+00,-2.897007160600437281e+00
8.268000000000000682e+01,3.617331745945749355e-01,3.145036493656120591e+00,-2.894137595383046158e+00
8.270000000000000284e+01,3.578566876927514739e-01,3.144050170197307814e+00,-2.890746291035219961e+00
8.271999999999999886e+01,3.539835679991609196e-01,3.143050706088630353e+00,-2.887354986687393765e+00
8.273999999999999488e+01,3.501138600582979210e-01,3.142038112824859120e+00,-2.883963682339567569e+00
8.276000000000000512e+01,3.462476083754186251e-01,3.141012402051762908e+00,-2.880572377991741373e+00
8.278000000000000114e+01,3.423848574160290870e-01,3.139973585565972947e+00,-2.877181073643915177e+00
8.279999999999999716e+01,3.385256516053737896e-01,3.138921675314850113e+00,-2.873789769296088981e+00
8.281999999999999318e+01,3.346700353279245532e-01,3.137856683396344604e+00,-2.870398464948262784e+00
8.284000000000000341e+01,3.308180529268704428e-01,3.136778622058858268e+00,-2.867007160600436588e+00
8.285999999999999943e+01,3.269697487036074546e-01,3.135687503701103829e+00,-2.863615856252610392e+00
8.287999999999999545e+01,3.231251669172289231e-01,3.134583340871961443e+00,-2.860224551904784196e+00
8.290000000000000568e+01,3.192834773269092041e-01,3.133469152088358189e+00,-2.858398464948262330e+00
8.292000000000000171e+01,3.154438287462985602e-01,3.132347949907084761e+00,-2.856572377991740463e+00
8.293999999999999773e+01,3.116062339790606761e-01,3.131219738066893576e+00,-2.854746291035218597e+00
8.295999999999999375e+01,3.077707058220111591e-01,3.130084520329911690e+00,-2.852920204078696731e+00
8.298000000000000398e+01,3.039372570650737404e-01,3.128942300481627914e+00,-2.851094117122174865e+00
8.300000000000000000e+01,3.001059004912385308e-01,3.127793082330880381e+00,-2.849268030165652998e+00
8.301999999999999602e+01,2.962766488765191109e-01,3.126636869709842781e+00,-2.847441943209131132e+00
8.304000000000000625e+01,2.924495149899096202e-01,3.125473666474013701e+00,-2.845615856252609266e+00
8.306000000000000227e+01,2.886245115933426253e-01,3.124303476502201971e+00,-2.843789769296087400e+00
8.307999999999999829e+01,2.848016514416462641e-01,3.123126303696514228e+00,-2.841963682339565533e+00
8.309999999999999432e+01,2.809809472825019472e-01,3.121942151982342928e+00,-2.840137595383043667e+00
8.312000000000000455e+01,2.771624118564016692e-01,3.120751025308350801e+00,-2.838311508426521801e+00
8.314000000000000057e+01,2.733460578966055432e-01,3.119552927646460638e+00,-2.836485421469999935e+00
8.315999999999999659e+01,2.695318981290995008e-01,3.118347862991839747e+00,-2.834659334513478068e+00
8.318000000000000682e+01,2.657199452725526045e-01,3.117135835362888407e+00,-2.832833247556956202e+00
8.320000000000000284e+01,2.619102120382747478e-01,3.115916848801224770e+00,-2.831007160600434336e+00
8.321999999999999886e+01,2.581027111301743004e-01,3.114690907371672424e+00,-2.829181073643912470e+00
8.323999999999999488e+01,2.542974552447160308e-01,3.113458015162246628e+00,-2.827354986687390603e+00
8.326000000000000512e+01,2.504944570708780849e-01,3.112218176284140547e+00,-2.825528899730868737e+00
8.328000000000000114e+01,2.466937292901101864e-01,3.110971394871711926e+00,-2.823702812774346871e+00
8.329999999999999716e+01,2.442763289898425560e-01,3.110174203732386733e+00,-2.822398464948260077e+00
8.331999999999999318e+01,2.418599705601989780e-01,3.109373860141269041e+00,-2.821094117122173284e+00
8.334000000000000341e+01,2.394446581121856821e-01,3.108570365460001650e+00,-2.819789769296086490e+00
8.335999999999999943e+01,2.370303957550292662e-01,3.107763721055588846e+00,-2.818485421469999697e+00
8.337999999999999545e+01,2.346171875961698683e-01,3.106953928300393297e+00,-2.817181073643912903e+00
8.340000000000000568e+01,2.322050377412541722e-01,3.106140988572133832e+00,-2.815876725817826109e+00
8.342000000000000171e+01,2.297939502941280798e-01,3.105324903253883218e+00,-2.814572377991739316e+00
8.343999999999999773e+01,2.273839293568302167e-01,3.104505673734066828e+00,-2.813268030165652522e+00
8.345999999999999375e+01,2.249749790295845486e-01,3.103683301406458206e+00,-2.811963682339565729e+00
8.348000000000000398e+01,2.225677508576154595e-01,3.102855903724004882e+00,-2.809094117122174605e+00
8.350000000000000000e+01,2.201629068650368948e-01,3.102021601759360259e+00,-2.806224551904783482e+00
8.351999999999999602e+01,2.177604668542935940e-01,3.101180402382499590e+00,-2.803354986687392358e+00
8.354000000000000625e+01,2.153604506080348813e-01,3.100332312520194034e+00,-2.800485421470001235e+00
8.356000000000000227e+01,2.129628778889518514e-01,3.099477339155954247e+00,-2.797615856252610111e+00
8.357999999999999829e+01,2.105677684396146943e-01,3.098615489329971329e+00,-2.794746291035218988e+00
8.359999999999999432e+01,2.081751419823099358e-01,3.097746770139060857e+00,-2.791876725817827865e+00
8.362000000000000455e+01,2.057850182188782351e-01,3.096871188736602942e+00,-2.789007160600436741e+00
8.364000000000000057e+01,2.033974168305520136e-01,3.095988752332484495e+00,-2.786137595383045618e+00
8.365999999999999659e+01,2.010123574777935573e-01,3.095099468193038383e+00,-2.783268030165654494e+00
8.368000000000000682e+01,1.986298598001328963e-01,3.094203343640985260e+00,-2.780398464948263371e+00
8.370000000000000284e+01,1.959091478393044095e-01,3.093173520770911455e+00,-2.779094117122176577e+00
8.371999999999999886e+01,1.931897814397218749e-01,3.092140150023142908e+00,-2.777789769296089784e+00
8.373999999999999488e+01,1.904717652279059315e-01,3.091103233155777286e+00,-2.776485421470002990e+00
8.376000000000000512e+01,1.877551038280798612e-01,3.090062771932945207e+00,-2.775181073643916196e+00
8.378000000000000114e+01,1.850398018621625396e-01,3.089018768124807135e+00,-2.773876725817829403e+00
8.379999999999999716e+01,1.823258639497593869e-01,3.087971223507550711e+00,-2.772572377991742609e+00
8.381999999999999318e+01,1.796132947081555409e-01,3.086920139863387647e+00,-2.771268030165655816e+00
8.384000000000000341e+01,1.769020987523076405e-01,3.085865518980550615e+00,-2.769963682339569022e+00
8.385999999999999943e+01,1.741922806948353886e-01,3.084807362653291030e+00,-2.768659334513482229e+00
8.387999999999999545e+01,1.718223995896174805e-01,3.083878383928301048e+00,-2.767354986687395435e+00
8.390000000000000568e+01,1.694537322114030298e-01,3.082946314845166569e+00,-2.766050638861308641e+00
8.392000000000000171e+01,1.670862825900603366e-01,3.082011156989637790e+00,-2.764746291035221848e+00
8.393999999999999773e+01,1.647200547533859694e-01,3.081072911952720705e+00,-2.763441943209135054e+00
8.395999999999999375e+01,1.623550527270977428e-01,3.080131581330672663e+00,-2.762137595383048261e+00
8.398000000000000398e+01,1.599912805348280842e-01,3.079187166725001479e+00,-2.760833247556961467e+00
8.400000000000000000e+01,1.576287421981169279e-01,3.078239669742460993e+00,-2.759528899730874674e+00
8.401999999999999602e+01,1.552674417364050541e-01,3.077289091995050185e+00,-2.758224551904787880e+00
8.404000000000000625e+01,1.529073831670275385e-01,3.076335435100008731e+00,-2.756920204078701087e+00
8.406000000000000227e+01,1.505485705052061196e-01,3.075378700679814781e+00,-2.755615856252614293e+00
8.407999999999999829e+01,1.492011057330131785e-01,3.074830940554356129e+00,-2.755354986687396757e+00
8.409999999999999432e+01,1.478537839006139054e-01,3.074282828934990608e+00,-2.755094117122179220e+00
8.412000000000000455e+01,1.465066050996977065e-01,3.073734365859019046e+00,-2.754833247556961684e+00
8.414000000000000057e+01,1.451595694219434129e-01,3.073185551363765811e+00,-2.754572377991744148e+00
8.415999999999999659e+01,1.438126769590212239e-01,3.072636385486578803e+00,-2.754311508426526611e+00
8.418000000000000682e+01,1.424659278025910969e-01,3.072086868264831239e+00,-2.754050638861309075e+00
8.420000000000000284e+01,1.411193220443031360e-01,3.071536999735918094e+00,-2.753789769296091539e+00
8.421999999999999886e+01,1.397728597757980917e-01,3.070986779937260991e+00,-2.753528899730874002e+00
8.423999999999999488e+01,1.384265410887062231e-01,3.070436208906303310e+00,-2.753268030165656466e+00
8.426000000000000512e+01,1.370803660746485186e-01,3.069885286680512415e+00,-2.753007160600438930e+00
8.428000000000000114e+01,1.350615350306974827e-01,3.069057849944848648e+00,-2.752224551904786765e+00
8.429999999999999716e+01,1.330433521641078420e-01,3.068228833508008790e+00,-2.751441943209134600e+00
8.431999999999999318e+01,1.310258187109691053e-01,3.067398237877745792e+00,-2.750659334513482435e+00
8.434000000000000341e+01,1.290089359069723218e-01,3.066566063562779831e+00,-2.749876725817830270e+00
8.435999999999999943e+01,1.269927049874109704e-01,3.065732311072797867e+00,-2.749094117122178105e+00
8.437999999999999545e+01,1.249771271871784606e-01,3.064896980918454084e+00,-2.748311508426525940e+00
8.440000000000000568e+01,1.229622037407686053e-01,3.064060073611368118e+00,-2.747528899730873775e+00
8.442000000000000171e+01,1.209479358822742601e-01,3.063221589664125499e+00,-2.746746291035221610e+00
8.443999999999999773e+01,1.189343248453869906e-01,3.062381529590278095e+00,-2.745963682339569445e+00
8.445999999999999375e+01,1.169213718633958232e-01,3.061539893904342780e+00,-2.745181073643917280e+00
8.448000000000000398e+01,1.149090781691869539e-01,3.060696683121801875e+00,-2.744398464948265115e+00
8.450000000000000000e+01,1.139031514042257304e-01,3.060274552832181083e+00,-2.744137595383047579e+00
8.451999999999999602e+01,1.128973347944367822e-01,3.059852160141248945e+00,-2.743876725817830042e+00
8.454000000000000625e+01,1.118916284082684259e-01,3.059429505077750910e+00,-2.743615856252612506e+00
8.456000000000000227e+01,1.108860323141619975e-01,3.059006587670449751e+00,-2.743354986687394970e+00
8.457999999999999829e+01,1.098805465805516440e-01,3.058583407948125998e+00,-2.743094117122177433e+00
8.459999999999999432e+01,1.088751712758631446e-01,3.058159965939577951e+00,-2.742833247556959897e+00
8.462000000000000455e+01,1.078699064685155751e-01,3.057736261673623002e+00,-2.742572377991742361e+00
8.464000000000000057e+01,1.068647522269198652e-01,3.057312295179094530e+00,-2.742311508426524824e+00
8.465999999999999659e+01,1.058597086194797421e-01,3.056888066484845456e+00,-2.742050638861307288e+00
8.468000000000000682e+01,1.048547757145917581e-01,3.056463575619745132e+00,-2.741789769296089752e+00
8.470000000000000284e+01,1.031802569282012222e-01,3.055755217102279708e+00,-2.741007160600437587e+00
8.471999999999999886e+01,1.015062930220909099e-01,3.055045548308911396e+00,-2.740224551904785422e+00
8.473999999999999488e+01,9.983288502152438959e-02,3.054334569674295174e+00,-2.739441943209133257e+00
8.476000000000000512e+01,9.816003395142437749e-02,3.053622281633888935e+00,-2.738659334513481092e+00
8.478000000000000114e+01,9.648774083637259857e-02,3.052908684623952151e+00,-2.737876725817828927e+00
8.479999999999999716e+01,9.481600670060888469e-02,3.052193779081545877e+00,-2.737094117122176762e+00
8.481999999999999318e+01,9.314483256803081368e-02,3.051477565444533191e+00,-2.736311508426524597e+00
8.484000000000000341e+01,9.147421946219327915e-02,3.050760044151577866e+00,-2.735528899730872432e+00
8.485999999999999943e+01,8.980416840630697783e-02,3.050041215642144810e+00,-2.734746291035220267e+00
8.487999999999999545e+01,8.813468042323892304e-02,3.049321080356499181e+00,-2.733963682339568102e+00
8.490000000000000568e+01,8.679999367955761047e-02,3.048742882463285397e+00,-2.731615856252611607e+00
8.492000000000000171e+01,8.546666812131295532e-02,3.048161552554191189e+00,-2.729268030165655112e+00
8.493999999999999773e+01,8.413471109817521887e-02,3.047577093833673256e+00,-2.726920204078698617e+00
8.495999999999999375e+01,8.280412995227083572e-02,3.046989509523434059e+00,-2.724572377991742123e+00
8.498000000000000398e+01,8.147493201814200170e-02,3.046398802862405830e+00,-2.722224551904785628e+00
8.500000000000000000e+01,8.014712462270628945e-02,3.045804977106731926e+00,-2.719876725817829133e+00
8.501999999999999602e+01,7.882071508521629188e-02,3.045208035529748614e+00,-2.717528899730872638e+00
8.504000000000000625e+01,7.749571071721908511e-02,3.044607981421968201e+00,-2.715181073643916143e+00
8.506000000000000227e+01,7.749571071721908511e-02,3.044607981421968201e+00,-2.713821508426524698e+00
8.507999999999999829e+01,7.749571071721908511e-02,3.044607981421968201e+00,-2.712461943209133253e+00
8.509999999999999432e+01,7.749571071721908511e-02,3.044607981421968201e+00,-2.711102377991741808e+00
8.512000000000000455e+01,7.749571071721908511e-02,3.044607981421968201e+00,-2.709742812774350362e+00
8.514000000000000057e+01,7.749571071721908511e-02,3.044607981421968201e+00,-2.708383247556958917e+00
8.515999999999999659e+01,7.749571071721908511e-02,3.044607981421968201e+00,-2.707023682339567472e+00
8.518000000000000682e+01,7.749571071721908511e-02,3.044607981421968201e+00,-2.705664117122176027e+00
8.520000000000000284e+01,7.749571071721908511e-02,3.044607981421968201e+00,-2.704304551904784581e+00
8.521999999999999886e+01,7.749571071721908511e-02,3.044607981421968201e+00,-2.702944986687393136e+00
8.523999999999999488e+01,7.749571071721908511e-02,3.044607981421968201e+00,-2.701585421470001691e+00
8.526000000000000512e+01,7.749571071721908511e-02,3.044607981421968201e+00,-2.701219058426523212e+00
8.528000000000000114e+01,7.749571071721908511e-02,3.044607981421968201e+00,-2.700852695383044733e+00
8.529999999999999716e+01,7.749571071721908511e-02,3.044607981421968201e+00,-2.700486332339566253e+00
8.531999999999999318e+01,7.749571071721908511e-02,3.044607981421968201e+00,-2.700119969296087774e+00
8.534000000000000341e+01,7.749571071721908511e-02,3.044607981421968201e+00,-2.699753606252609295e+00
8.535999999999999943e+01,7.749571071721908511e-02,3.044607981421968201e+00,-2.699387243209130816e+00
8.537999999999999545e+01,7.749571071721908511e-02,3.044607981421968201e+00,-2.699020880165652336e+00
8.540000000000000568e+01,7.749571071721908511e-02,3.044607981421968201e+00,-2.698654517122173857e+00
8.542000000000000171e+01,7.749571071721908511e-02,3.044607981421968201e+00,-2.698288154078695378e+00
8.543999999999999773e+01,7.749571071721908511e-02,3.044607981421968201e+00,-2.697921791035216899e+00
8.545999999999999375e+01,7.749571071721908511e-02,3.044607981421968201e+00,-2.697555427991738419e+00
8.548000000000000398e+01,7.749571071721908511e-02,3.044607981421968201e+00,-2.698187233133042984e+00
8.550000000000000000e+01,7.749571071721908511e-02,3.044607981421968201e+00,-2.698819038274347548e+00
8.551999999999999602e+01,7.749571071721908511e-02,3.044607981421968201e+00,-2.699450843415652113e+00
8.554000000000000625e+01,7.749571071721908511e-02,3.044607981421968201e+00,-2.700082648556956677e+00
8.556000000000000227e+01,7.749571071721908511e-02,3.044607981421968201e+00,-2.700714453698261241e+00
8.557999999999999829e+01,7.749571071721908511e-02,3.044607981421968201e+00,-2.701346258839565806e+00
8.559999999999999432e+01,7.749571071721908511e-02,3.044607981421968201e+00,-2.701978063980870370e+00
8.562000000000000455e+01,7.749571071721908511e-02,3.044607981421968201e+00,-2.702609869122174935e+00
8.564000000000000057e+01,7.749571071721908511e-02,3.044607981421968201e+00,-2.703241674263479499e+00
8.565999999999999659e+01,7.749571071721908511e-02,3.044607981421968201e+00,-2.704876638430490310e+00
8.568000000000000682e+01,7.749571071721908511e-02,3.044607981421968201e+00,-2.706511602597501120e+00
8.570000000000000284e+01,7.749571071721908511e-02,3.044607981421968201e+00,-2.708146566764511931e+00
8.571999999999999886e+01,7.749571071721908511e-02,3.044607981421968201e+00,-2.709781530931522742e+00
8.573999999999999488e+01,7.749571071721908511e-02,3.044607981421968201e+00,-2.711416495098533552e+00
8.576000000000000512e+01,7.749571071721908511e-02,3.044607981421968201e+00,-2.713051459265544363e+00
8.578000000000000114e+01,7.749571071721908511e-02,3.044607981421968201e+00,-2.714686423432555173e+00
8.579999999999999716e+01,7.749571071721908511e-02,3.044607981421968201e+00,-2.716321387599565984e+00
8.581999999999999318e+01,7.749571071721908511e-02,3.044607981421968201e+00,-2.717956351766576795e+00
8.584000000000000341e+01,7.749571071721908511e-02,3.044607981421968201e+00,-2.719591315933587605e+00
8.585999999999999943e+01,7.749571071721908511e-02,3.044607981421968201e+00,-2.722234454921433677e+00
8.587999999999999545e+01,7.749571071721908511e-02,3.044607981421968201e+00,-2.724877593909279749e+00
8.590000000000000568e+01,7.749571071721908511e-02,3.044607981421968201e+00,-2.727520732897125821e+00
8.592000000000000171e+01,7.749571071721908511e-02,3.044607981421968201e+00,-2.730163871884971893e+00
8.593999999999999773e+01,7.749571071721908511e-02,3.044607981421968201e+00,-2.732807010872817965e+00
8.595999999999999375e+01,7.749571071721908511e-02,3.044607981421968201e+00,-2.735450149860664038e+00
8.598000000000000398e+01,7.749571071721908511e-02,3.044607981421968201e+00,-2.738093288848510110e+00
8.600000000000000000e+01,7.749571071721908511e-02,3.044607981421968201e+00,-2.740736427836356182e+00
8.601999999999999602e+01,7.749571071721908511e-02,3.044607981421968201e+00,-2.743379566824202254e+00
8.604000000000000625e+01,7.749571071721908511e-02,3.044607981421968201e+00,-2.746022705812048326e+00
8.606000000000000227e+01,7.749571071721908511e-02,3.044607981421968201e+00,-2.748665844799894398e+00
8.607999999999999829e+01,7.749571071721908511e-02,3.044607981421968201e+00,-2.752322199482679643e+00
8.609999999999999432e+01,7.749571071721908511e-02,3.044607981421968201e+00,-2.755978554165464889e+00
8.612000000000000455e+01,7.749571071721908511e-02,3.044607981421968201e+00,-2.759634908848250134e+00
8.614000000000000057e+01,7.749571071721908511e-02,3.044607981421968201e+00,-2.763291263531035380e+00
8.615999999999999659e+01,7.749571071721908511e-02,3.044607981421968201e+00,-2.766947618213820625e+00
8.618000000000000682e+01,7.749571071721908511e-02,3.044607981421968201e+00,-2.770603972896605871e+00
8.620000000000000284e+01,7.749571071721908511e-02,3.044607981421968201e+00,-2.775278609352804793e+00
8.621999999999999886e+01,7.749571071721908511e-02,3.044607981421968201e+00,-2.779953245809003715e+00
8.623999999999999488e+01,7.749571071721908511e-02,3.044607981421968201e+00,-2.784627882265202636e+00
8.626000000000000512e+01,7.749571071721908511e-02,3.044607981421968201e+00,-2.789302518721401558e+00
8.628000000000000114e+01,7.749571071721908511e-02,3.044607981421968201e+00,-2.793977155177600480e+00
8.629999999999999716e+01,7.749571071721908511e-02,3.044607981421968201e+00,-2.798651791633799402e+00
8.631999999999999318e+01,7.749571071721908511e-02,3.044607981421968201e+00,-2.803326428089998323e+00
8.634000000000000341e+01,7.749571071721908511e-02,3.044607981421968201e+00,-2.808001064546197245e+00
8.635999999999999943e+01,7.749571071721908511e-02,3.044607981421968201e+00,-2.812675701002396167e+00
8.637999999999999545e+01,7.749571071721908511e-02,3.044607981421968201e+00,-2.817350337458595089e+00
8.640000000000000568e+01,7.749571071721908511e-02,3.044607981421968201e+00,-2.823048347097075084e+00
8.642000000000000171e+01,7.749571071721908511e-02,3.044607981421968201e+00,-2.828746356735555079e+00
8.643999999999999773e+01,7.749571071721908511e-02,3.044607981421968201e+00,-2.834444366374035074e+00
8.645999999999999375e+01,7.749571071721908511e-02,3.044607981421968201e+00,-2.840142376012515069e+00
8.648000000000000398e+01,7.749571071721908511e-02,3.044607981421968201e+00,-2.845840385650995064e+00
8.650000000000000000e+01,7.749571071721908511e-02,3.044607981421968201e+00,-2.851538395289475059e+00
8.651999999999999602e+01,7.749571071721908511e-02,3.044607981421968201e+00,-2.857236404927955054e+00
8.654000000000000625e+01,7.749571071721908511e-02,3.044607981421968201e+00,-2.862934414566435048e+00
8.656000000000000227e+01,7.749571071721908511e-02,3.044607981421968201e+00,-2.868632424204915043e+00
8.657999999999999829e+01,7.749571071721908511e-02,3.044607981421968201e+00,-2.874330433843395038e+00
8.659999999999999432e+01,7.749571071721908511e-02,3.044607981421968201e+00,-2.880330433843394822e+00
8.662000000000000455e+01,7.749571071721908511e-02,3.044607981421968201e+00,-2.886330433843394605e+00
8.664000000000000057e+01,7.749571071721908511e-02,3.044607981421968201e+00,-2.892330433843394388e+00
8.665999999999999659e+01,7.749571071721908511e-02,3.044607981421968201e+00,-2.898330433843394172e+00
8.668000000000000682e+01,7.749571071721908511e-02,3.044607981421968201e+00,-2.904330433843393955e+00
8.670000000000000284e+01,7.749571071721908511e-02,3.044607981421968201e+00,-2.910330433843393738e+00
8.671999999999999886e+01,7.749571071721908511e-02,3.044607981421968201e+00,-2.916330433843393521e+00
8.673999999999999488e+01,7.749571071721908511e-02,3.044607981421968201e+00,-2.922330433843393305e+00
8.676000000000000512e+01,7.749571071721908511e-02,3.044607981421968201e+00,-2.928330433843393088e+00
8.678000000000000114e+01,7.749571071721908511e-02,3.044607981421968201e+00,-2.934330433843392871e+00
8.679999999999999716e+01,7.749571071721908511e-02,3.044607981421968201e+00,-2.940330433843392655e+00
8.681999999999999318e+01,7.749571071721908511e-02,3.044607981421968201e+00,-2.946330433843392438e+00
8.684000000000000341e+01,7.749571071721908511e-02,3.044607981421968201e+00,-2.952330433843392221e+00
8.685999999999999943e+01,7.749571071721908511e-02,3.044607981421968201e+00,-2.958330433843392004e+00
8.687999999999999545e+01,7.749571071721908511e-02,3.044607981421968201e+00,-2.964330433843391788e+00
8.690000000000000568e+01,7.749571071721908511e-02,3.044607981421968201e+00,-2.970330433843391571e+00
8.692000000000000171e+01,7.749571071721908511e-02,3.044607981421968201e+00,-2.976330433843391354e+00
8.693999999999999773e+01,7.749571071721908511e-02,3.044607981421968201e+00,-2.982330433843391138e+00
8.695999999999999375e+01,7.749571071721908511e-02,3.044607981421968201e+00,-2.988330433843390921e+00
8.698000000000000398e+01,7.749571071721908511e-02,3.044607981421968201e+00,-2.994330433843390704e+00
8.700000000000000000e+01,7.749571071721908511e-02,3.044607981421968201e+00,-3.000330433843390487e+00
8.701999999999999602e+01,7.749571071721908511e-02,3.044607981421968201e+00,-3.006330433843390271e+00
8.704000000000000625e+01,7.749571071721908511e-02,3.044607981421968201e+00,-3.012330433843390054e+00
8.706000000000000227e+01,7.749571071721908511e-02,3.044607981421968201e+00,-3.018330433843389837e+00
8.707999999999999829e+01,7.749571071721908511e-02,3.044607981421968201e+00,-3.024330433843389621e+00
8.709999999999999432e+01,7.749571071721908511e-02,3.044607981421968201e+00,-3.030330433843389404e+00
8.712000000000000455e+01,7.749571071721908511e-02,3.044607981421968201e+00,-3.036330433843389187e+00
8.714000000000000057e+01,7.749571071721908511e-02,3.044607981421968201e+00,-3.042330433843388970e+00
8.715999999999999659e+01,7.749571071721908511e-02,3.044607981421968201e+00,-3.048330433843388754e+00
8.718000000000000682e+01,7.749571071721908511e-02,3.044607981421968201e+00,-3.054330433843388537e+00
8.720000000000000284e+01,7.749571071721908511e-02,3.044607981421968201e+00,-3.060330433843388320e+00
8.721999999999999886e+01,7.749571071721908511e-02,3.044607981421968201e+00,-3.060330433843388320e+00
8.723999999999999488e+01,7.749571071721908511e-02,3.044607981421968201e+00,-3.060330433843388320e+00
8.726000000000000512e+01,7.749571071721908511e-02,3.044607981421968201e+00,-3.060330433843388320e+00
8.728000000000000114e+01,7.749571071721908511e-02,3.044607981421968201e+00,-3.060330433843388320e+00
8.729999999999999716e+01,7.749571071721908511e-02,3.044607981421968201e+00,-3.060330433843388320e+00
8.731999999999999318e+01,7.749571071721908511e-02,3.044607981421968201e+00,-3.060330433843388320e+00
8.734000000000000341e+01,7.749571071721908511e-02,3.044607981421968201e+00,-3.060330433843388320e+00
8.735999999999999943e+01,7.749571071721908511e-02,3.044607981421968201e+00,-3.060330433843388320e+00
8.737999999999999545e+01,7.749571071721908511e-02,3.044607981421968201e+00,-3.060330433843388320e+00
8.740000000000000568e+01,7.749571071721908511e-02,3.044607981421968201e+00,-3.060330433843388320e+00
8.742000000000000171e+01,7.749571071721908511e-02,3.044607981421968201e+00,-3.060330433843388320e+00
8.743999999999999773e+01,7.749571071721908511e-02,3.044607981421968201e+00,-3.060330433843388320e+00
8.745999999999999375e+01,7.749571071721908511e-02,3.044607981421968201e+00,-3.060330433843388320e+00
8.748000000000000398e+01,7.749571071721908511e-02,3.044607981421968201e+00,-3.060330433843388320e+00
