# time,x,y,yaw
2.000000000000000042e-02,0.000000000000000000e+00,0.000000000000000000e+00,0.000000000000000000e+00
4.000000000000000083e-02,0.000000000000000000e+00,0.000000000000000000e+00,0.000000000000000000e+00
6.000000000000000472e-02,0.000000000000000000e+00,0.000000000000000000e+00,0.000000000000000000e+00
8.000000000000000167e-02,0.000000000000000000e+00,0.000000000000000000e+00,0.000000000000000000e+00
1.000000000000000056e-01,0.000000000000000000e+00,0.000000000000000000e+00,0.000000000000000000e+00
1.200000000000000094e-01,0.000000000000000000e+00,0.000000000000000000e+00,0.000000000000000000e+00
1.400000000000000133e-01,0.000000000000000000e+00,0.000000000000000000e+00,0.000000000000000000e+00
1.600000000000000033e-01,4.000000000000000083e-03,0.000000000000000000e+00,0.000000000000000000e+00
1.800000000000000211e-01,8.000000000000000167e-03,0.000000000000000000e+00,0.000000000000000000e+00
2.000000000000000111e-01,1.200000000000000025e-02,0.000000000000000000e+00,0.000000000000000000e+00
2.200000000000000011e-01,1.600000000000000033e-02,0.000000000000000000e+00,0.000000000000000000e+00
2.400000000000000189e-01,2.000000000000000042e-02,0.000000000000000000e+00,0.000000000000000000e+00
2.600000000000000089e-01,2.400000000000000050e-02,0.000000000000000000e+00,0.000000000000000000e+00
2.800000000000000266e-01,2.800000000000000058e-02,0.000000000000000000e+00,0.000000000000000000e+00
3.000000000000000444e-01,3.200000000000000067e-02,0.000000000000000000e+00,0.000000000000000000e+00
3.200000000000000067e-01,3.600000000000000422e-02,0.000000000000000000e+00,0.000000000000000000e+00
3.400000000000000244e-01,4.000000000000000777e-02,0.000000000000000000e+00,0.000000000000000000e+00
3.600000000000000422e-01,4.400000000000001132e-02,0.000000000000000000e+00,0.000000000000000000e+00
3.800000000000000044e-01,4.800000000000001488e-02,0.000000000000000000e+00,0.000000000000000000e+00
4.000000000000000222e-01,5.200000000000001843e-02,0.000000000000000000e+00,0.000000000000000000e+00
4.200000000000000400e-01,5.600000000000002198e-02,0.000000000000000000e+00,0.000000000000000000e+00
4.400000000000000022e-01,6.000000000000002554e-02,0.000000000000000000e+00,0.000000000000000000e+00
4.600000000000000200e-01,6.400000000000002909e-02,0.000000000000000000e+00,0.000000000000000000e+00
4.800000000000000377e-01,6.800000000000003264e-02,0.000000000000000000e+00,0.000000000000000000e+00
5.000000000000000000e-01,7.200000000000003619e-02,0.000000000000000000e+00,0.000000000000000000e+00
5.200000000000000178e-01,7.600000000000003975e-02,0.000000000000000000e+00,0.000000000000000000e+00
5.400000000000000355e-01,8.000000000000004330e-02,0.000000000000000000e+00,0.000000000000000000e+00
5.600000000000000533e-01,8.400000000000004685e-02,0.000000000000000000e+00,0.000000000000000000e+00
5.800000000000000711e-01,8.800000000000005040e-02,0.000000000000000000e+00,0.000000000000000000e+00
6.000000000000000888e-01,9.200000000000005396e-02,0.000000000000000000e+00,0.000000000000000000e+00
6.199999999999999956e-01,9.600000000000005751e-02,0.000000000000000000e+00,0.000000000000000000e+00
6.400000000000000133e-01,1.000000000000000611e-01,0.000000000000000000e+00,0.000000000000000000e+00
6.600000000000000311e-01,1.040000000000000646e-01,0.000000000000000000e+00,0.000000000000000000e+00
6.800000000000000488e-01,1.080000000000000682e-01,0.000000000000000000e+00,0.000000000000000000e+00
7.000000000000000666e-01,1.120000000000000717e-01,0.000000000000000000e+00,0.000000000000000000e+00
7.200000000000000844e-01,1.160000000000000753e-01,0.000000000000000000e+00,0.000000000000000000e+00
7.399999999999999911e-01,1.200000000000000788e-01,0.000000000000000000e+00,0.000000000000000000e+00
7.600000000000000089e-01,1.240000000000000824e-01,0.000000000000000000e+00,0.000000000000000000e+00
7.800000000000000266e-01,1.280000000000000859e-01,0.000000000000000000e+00,0.000000000000000000e+00
8.000000000000000444e-01,1.320000000000000895e-01,0.000000000000000000e+00,0.000000000000000000e+00
8.200000000000000622e-01,1.360000000000000930e-01,0.000000000000000000e+00,0.000000000000000000e+00
8.400000000000000799e-01,1.400000000000000966e-01,0.000000000000000000e+00,0.000000000000000000e+00
8.600000000000000977e-01,1.440000000000001001e-01,0.000000000000000000e+00,0.000000000000000000e+00
8.800000000000000044e-01,1.480000000000001037e-01,0.000000000000000000e+00,0.000000000000000000e+00
9.000000000000000222e-01,1.520000000000001072e-01,0.000000000000000000e+00,0.000000000000000000e+00
9.200000000000000400e-01,1.560000000000001108e-01,0.000000000000000000e+00,0.000000000000000000e+00
9.400000000000000577e-01,1.600000000000001144e-01,0.000000000000000000e+00,0.000000000000000000e+00
9.600000000000000755e-01,1.640000000000001179e-01,0.000000000000000000e+00,0.000000000000000000e+00
9.800000000000000933e-01,1.680000000000001215e-01,0.000000000000000000e+00,0.000000000000000000e+00
1.000000000000000000e+00,1.720000000000001250e-01,0.000000000000000000e+00,0.000000000000000000e+00
1.020000000000000018e+00,1.760000000000001286e-01,0.000000000000000000e+00,0.000000000000000000e+00
1.040000000000000036e+00,1.800000000000001321e-01,0.000000000000000000e+00,0.000000000000000000e+00
1.060000000000000053e+00,1.840000000000001357e-01,0.000000000000000000e+00,0.000000000000000000e+00
1.080000000000000071e+00,1.880000000000001392e-01,0.000000000000000000e+00,0.000000000000000000e+00
1.100000000000000089e+00,1.920000000000001428e-01,0.000000000000000000e+00,0.000000000000000000e+00
1.120000000000000107e+00,1.960000000000001463e-01,0.000000000000000000e+00,0.000000000000000000e+00
1.140000000000000124e+00,2.000000000000001499e-01,0.000000000000000000e+00,0.000000000000000000e+00
1.159999999999999920e+00,2.040000000000001534e-01,0.000000000000000000e+00,0.000000000000000000e+00
1.179999999999999938e+00,2.080000000000001570e-01,0.000000000000000000e+00,0.000000000000000000e+00
1.199999999999999956e+00,2.120000000000001605e-01,0.000000000000000000e+00,0.000000000000000000e+00
1.219999999999999973e+00,2.160000000000001641e-01,0.000000000000000000e+00,0.000000000000000000e+00
1.239999999999999991e+00,2.200000000000001676e-01,0.000000000000000000e+00,0.000000000000000000e+00
1.260000000000000009e+00,2.240000000000001712e-01,0.000000000000000000e+00,0.000000000000000000e+00
1.280000000000000027e+00,2.280000000000001747e-01,0.000000000000000000e+00,0.000000000000000000e+00
1.300000000000000044e+00,2.320000000000001783e-01,0.000000000000000000e+00,0.000000000000000000e+00
1.320000000000000062e+00,2.360000000000001819e-01,0.000000000000000000e+00,0.000000000000000000e+00
1.340000000000000080e+00,2.400000000000001854e-01,0.000000000000000000e+00,0.000000000000000000e+00
1.360000000000000098e+00,2.440000000000001890e-01,0.000000000000000000e+00,0.000000000000000000e+00
1.379999999999999893e+00,2.480000000000001925e-01,0.000000000000000000e+00,0.000000000000000000e+00
1.399999999999999911e+00,2.520000000000001683e-01,0.000000000000000000e+00,0.000000000000000000e+00
1.419999999999999929e+00,2.560000000000001719e-01,0.000000000000000000e+00,0.000000000000000000e+00
1.439999999999999947e+00,2.600000000000001754e-01,0.000000000000000000e+00,0.000000000000000000e+00
1.459999999999999964e+00,2.640000000000001790e-01,0.000000000000000000e+00,0.000000000000000000e+00
1.479999999999999982e+00,2.680000000000001825e-01,0.000000000000000000e+00,0.000000000000000000e+00
1.500000000000000000e+00,2.720000000000001861e-01,0.000000000000000000e+00,0.000000000000000000e+00
1.520000000000000018e+00,2.760000000000001896e-01,0.000000000000000000e+00,0.000000000000000000e+00
1.540000000000000036e+00,2.800000000000001932e-01,0.000000000000000000e+00,0.000000000000000000e+00
1.560000000000000053e+00,2.840000000000001967e-01,0.000000000000000000e+00,0.000000000000000000e+00
1.580000000000000071e+00,2.880000000000002003e-01,0.000000000000000000e+00,0.000000000000000000e+00
1.600000000000000089e+00,2.920000000000002038e-01,0.000000000000000000e+00,0.000000000000000000e+00
1.620000000000000107e+00,2.960000000000002074e-01,0.000000000000000000e+00,0.000000000000000000e+00
1.640000000000000124e+00,3.000000000000002109e-01,0.000000000000000000e+00,0.000000000000000000e+00
1.660000000000000142e+00,3.040000000000002145e-01,0.000000000000000000e+00,0.000000000000000000e+00
1.680000000000000160e+00,3.080000000000002180e-01,0.000000000000000000e+00,0.000000000000000000e+00
1.700000000000000178e+00,3.120000000000002216e-01,0.000000000000000000e+00,0.000000000000000000e+00
1.720000000000000195e+00,3.160000000000002252e-01,0.000000000000000000e+00,0.000000000000000000e+00
1.739999999999999991e+00,3.200000000000002287e-01,0.000000000000000000e+00,0.000000000000000000e+00
1.760000000000000009e+00,3.240000000000002323e-01,0.000000000000000000e+00,0.000000000000000000e+00
1.780000000000000027e+00,3.280000000000002358e-01,0.000000000000000000e+00,0.000000000000000000e+00
1.800000000000000044e+00,3.320000000000002394e-01,0.000000000000000000e+00,0.000000000000000000e+00
1.820000000000000062e+00,3.360000000000002429e-01,0.000000000000000000e+00,0.000000000000000000e+00
1.840000000000000080e+00,3.400000000000002465e-01,0.000000000000000000e+00,0.000000000000000000e+00
1.860000000000000098e+00,3.440000000000002500e-01,0.000000000000000000e+00,0.000000000000000000e+00
1.879999999999999893e+00,3.480000000000002536e-01,0.000000000000000000e+00,0.000000000000000000e+00
1.899999999999999911e+00,3.520000000000002571e-01,0.000000000000000000e+00,0.000000000000000000e+00
1.919999999999999929e+00,3.560000000000002607e-01,0.000000000000000000e+00,0.000000000000000000e+00
1.939999999999999947e+00,3.600000000000002642e-01,0.000000000000000000e+00,0.000000000000000000e+00
1.959999999999999964e+00,3.640000000000002678e-01,0.000000000000000000e+00,0.000000000000000000e+00
1.979999999999999982e+00,3.680000000000002713e-01,0.000000000000000000e+00,0.000000000000000000e+00
2.000000000000000000e+00,3.720000000000002749e-01,0.000000000000000000e+00,0.000000000000000000e+00
2.020000000000000018e+00,3.760000000000002784e-01,0.000000000000000000e+00,0.000000000000000000e+00
2.040000000000000036e+00,3.800000000000002820e-01,0.000000000000000000e+00,0.000000000000000000e+00
2.060000000000000053e+00,3.840000000000002855e-01,0.000000000000000000e+00,0.000000000000000000e+00
2.080000000000000071e+00,3.880000000000002891e-01,0.000000000000000000e+00,0.000000000000000000e+00
2.100000000000000089e+00,3.920000000000002927e-01,0.000000000000000000e+00,0.000000000000000000e+00
2.120000000000000107e+00,3.960000000000002962e-01,0.000000000000000000e+00,0.000000000000000000e+00
2.140000000000000124e+00,4.000000000000002998e-01,0.000000000000000000e+00,0.000000000000000000e+00
2.160000000000000142e+00,4.040000000000003033e-01,0.000000000000000000e+00,0.000000000000000000e+00
2.180000000000000160e+00,4.080000000000003069e-01,0.000000000000000000e+00,0.000000000000000000e+00
2.200000000000000178e+00,4.120000000000003104e-01,0.000000000000000000e+00,0.000000000000000000e+00
2.220000000000000195e+00,4.160000000000003140e-01,0.000000000000000000e+00,0.000000000000000000e+00
2.240000000000000213e+00,4.200000000000003175e-01,0.000000000000000000e+00,0.000000000000000000e+00
2.259999999999999787e+00,4.240000000000003211e-01,0.000000000000000000e+00,0.000000000000000000e+00
2.280000000000000249e+00,4.280000000000003246e-01,0.000000000000000000e+00,0.000000000000000000e+00
2.299999999999999822e+00,4.320000000000003282e-01,0.000000000000000000e+00,0.000000000000000000e+00
2.319999999999999840e+00,4.360000000000003317e-01,0.000000000000000000e+00,0.000000000000000000e+00
2.339999999999999858e+00,4.400000000000003353e-01,0.000000000000000000e+00,0.000000000000000000e+00
2.359999999999999876e+00,4.440000000000003388e-01,0.000000000000000000e+00,0.000000000000000000e+00
2.379999999999999893e+00,4.480000000000003424e-01,0.000000000000000000e+00,0.000000000000000000e+00
2.399999999999999911e+00,4.520000000000003459e-01,0.000000000000000000e+00,0.000000000000000000e+00
2.419999999999999929e+00,4.560000000000003495e-01,0.000000000000000000e+00,0.000000000000000000e+00
2.439999999999999947e+00,4.600000000000003531e-01,0.000000000000000000e+00,0.000000000000000000e+00
2.459999999999999964e+00,4.640000000000003566e-01,0.000000000000000000e+00,0.000000000000000000e+00
2.479999999999999982e+00,4.680000000000003602e-01,0.000000000000000000e+00,0.000000000000000000e+00
2.500000000000000000e+00,4.720000000000003637e-01,0.000000000000000000e+00,0.000000000000000000e+00
2.520000000000000018e+00,4.760000000000003673e-01,0.000000000000000000e+00,0.000000000000000000e+00
2.540000000000000036e+00,4.800000000000003708e-01,0.000000000000000000e+00,0.000000000000000000e+00
2.560000000000000053e+00,4.840000000000003744e-01,0.000000000000000000e+00,0.000000000000000000e+00
2.580000000000000071e+00,4.880000000000003779e-01,0.000000000000000000e+00,0.000000000000000000e+00
2.600000000000000089e+00,4.920000000000003815e-01,0.000000000000000000e+00,0.000000000000000000e+00
2.620000000000000107e+00,4.960000000000003850e-01,0.000000000000000000e+00,0.000000000000000000e+00
2.640000000000000124e+00,5.000000000000003331e-01,0.000000000000000000e+00,0.000000000000000000e+00
2.660000000000000142e+00,5.040000000000003366e-01,0.000000000000000000e+00,0.000000000000000000e+00
2.680000000000000160e+00,5.080000000000003402e-01,0.000000000000000000e+00,0.000000000000000000e+00
2.700000000000000178e+00,5.120000000000003437e-01,0.000000000000000000e+00,0.000000000000000000e+00
2.720000000000000195e+00,5.160000000000003473e-01,0.000000000000000000e+00,0.000000000000000000e+00
2.740000000000000213e+00,5.200000000000003508e-01,0.000000000000000000e+00,0.000000000000000000e+00
2.759999999999999787e+00,5.240000000000003544e-01,0.000000000000000000e+00,0.000000000000000000e+00
2.780000000000000249e+00,5.280000000000003579e-01,0.000000000000000000e+00,0.000000000000000000e+00
2.799999999999999822e+00,5.320000000000003615e-01,0.000000000000000000e+00,0.000000000000000000e+00
2.820000000000000284e+00,5.360000000000003650e-01,0.000000000000000000e+00,0.000000000000000000e+00
2.839999999999999858e+00,5.400000000000003686e-01,0.000000000000000000e+00,0.000000000000000000e+00
2.860000000000000320e+00,5.440000000000003721e-01,0.000000000000000000e+00,0.000000000000000000e+00
2.879999999999999893e+00,5.480000000000003757e-01,0.000000000000000000e+00,0.000000000000000000e+00
2.899999999999999911e+00,5.520000000000003793e-01,0.000000000000000000e+00,0.000000000000000000e+00
2.919999999999999929e+00,5.560000000000003828e-01,0.000000000000000000e+00,0.000000000000000000e+00
2.939999999999999947e+00,5.600000000000003864e-01,0.000000000000000000e+00,0.000000000000000000e+00
2.959999999999999964e+00,5.640000000000003899e-01,0.000000000000000000e+00,0.000000000000000000e+00
2.979999999999999982e+00,5.680000000000003935e-01,0.000000000000000000e+00,0.000000000000000000e+00
3.000000000000000000e+00,5.720000000000003970e-01,0.000000000000000000e+00,0.000000000000000000e+00
3.020000000000000018e+00,5.760000000000004006e-01,0.000000000000000000e+00,0.000000000000000000e+00
3.040000000000000036e+00,5.800000000000004041e-01,0.000000000000000000e+00,0.000000000000000000e+00
3.060000000000000053e+00,5.840000000000004077e-01,0.000000000000000000e+00,0.000000000000000000e+00
3.080000000000000071e+00,5.880000000000004112e-01,0.000000000000000000e+00,0.000000000000000000e+00
3.100000000000000089e+00,5.920000000000004148e-01,0.000000000000000000e+00,0.000000000000000000e+00
3.120000000000000107e+00,5.960000000000004183e-01,0.000000000000000000e+00,0.000000000000000000e+00
3.140000000000000124e+00,6.000000000000004219e-01,0.000000000000000000e+00,0.000000000000000000e+00
3.160000000000000142e+00,6.040000000000004254e-01,0.000000000000000000e+00,0.000000000000000000e+00
3.180000000000000160e+00,6.080000000000004290e-01,0.000000000000000000e+00,0.000000000000000000e+00
3.200000000000000178e+00,6.120000000000004325e-01,0.000000000000000000e+00,0.000000000000000000e+00
3.220000000000000195e+00,6.160000000000004361e-01,0.000000000000000000e+00,0.000000000000000000e+00
3.240000000000000213e+00,6.200000000000004396e-01,0.000000000000000000e+00,0.000000000000000000e+00
3.259999999999999787e+00,6.240000000000004432e-01,0.000000000000000000e+00,0.000000000000000000e+00
3.280000000000000249e+00,6.280000000000004468e-01,0.000000000000000000e+00,0.000000000000000000e+00
3.299999999999999822e+00,6.320000000000004503e-01,0.000000000000000000e+00,0.000000000000000000e+00
3.319999999999999840e+00,6.360000000000004539e-01,0.000000000000000000e+00,0.000000000000000000e+00
3.339999999999999858e+00,6.400000000000004574e-01,0.000000000000000000e+00,0.000000000000000000e+00
3.359999999999999876e+00,6.440000000000004610e-01,0.000000000000000000e+00,0.000000000000000000e+00
3.379999999999999893e+00,6.480000000000004645e-01,0.000000000000000000e+00,0.000000000000000000e+00
3.399999999999999911e+00,6.520000000000004681e-01,0.000000000000000000e+00,0.000000000000000000e+00
3.419999999999999929e+00,6.560000000000004716e-01,0.000000000000000000e+00,0.000000000000000000e+00
3.439999999999999947e+00,6.600000000000004752e-01,0.000000000000000000e+00,0.000000000000000000e+00
3.459999999999999964e+00,6.640000000000004787e-01,0.000000000000000000e+00,0.000000000000000000e+00
3.479999999999999982e+00,6.680000000000004823e-01,0.000000000000000000e+00,0.000000000000000000e+00
3.500000000000000000e+00,6.720000000000004858e-01,0.000000000000000000e+00,0.000000000000000000e+00
3.520000000000000018e+00,6.760000000000004894e-01,0.000000000000000000e+00,0.000000000000000000e+00
3.540000000000000036e+00,6.800000000000004929e-01,0.000000000000000000e+00,0.000000000000000000e+00
3.560000000000000053e+00,6.840000000000004965e-01,0.000000000000000000e+00,0.000000000000000000e+00
3.580000000000000071e+00,6.880000000000005000e-01,0.000000000000000000e+00,0.000000000000000000e+00
3.600000000000000089e+00,6.920000000000005036e-01,0.000000000000000000e+00,0.000000000000000000e+00
3.620000000000000107e+00,6.960000000000005071e-01,0.000000000000000000e+00,0.000000000000000000e+00
3.640000000000000124e+00,7.000000000000005107e-01,0.000000000000000000e+00,0.000000000000000000e+00
3.660000000000000142e+00,7.040000000000005143e-01,0.000000000000000000e+00,0.000000000000000000e+00
3.680000000000000160e+00,7.080000000000005178e-01,0.000000000000000000e+00,0.000000000000000000e+00
3.700000000000000178e+00,7.120000000000005214e-01,0.000000000000000000e+00,0.000000000000000000e+00
3.720000000000000195e+00,7.160000000000005249e-01,0.000000000000000000e+00,0.000000000000000000e+00
3.740000000000000213e+00,7.200000000000005285e-01,0.000000000000000000e+00,0.000000000000000000e+00
3.759999999999999787e+00,7.240000000000005320e-01,0.000000000000000000e+00,0.000000000000000000e+00
3.780000000000000249e+00,7.280000000000005356e-01,0.000000000000000000e+00,0.000000000000000000e+00
3.799999999999999822e+00,7.320000000000005391e-01,0.000000000000000000e+00,0.000000000000000000e+00
3.820000000000000284e+00,7.360000000000005427e-01,0.000000000000000000e+00,0.000000000000000000e+00
3.839999999999999858e+00,7.400000000000005462e-01,0.000000000000000000e+00,0.000000000000000000e+00
3.860000000000000320e+00,7.440000000000005498e-01,0.000000000000000000e+00,0.000000000000000000e+00
3.879999999999999893e+00,7.480000000000005533e-01,0.000000000000000000e+00,0.000000000000000000e+00
3.899999999999999911e+00,7.520000000000005569e-01,0.000000000000000000e+00,0.000000000000000000e+00
3.919999999999999929e+00,7.560000000000005604e-01,0.000000000000000000e+00,0.000000000000000000e+00
3.939999999999999947e+00,7.600000000000005640e-01,0.000000000000000000e+00,0.000000000000000000e+00
3.959999999999999964e+00,7.640000000000005675e-01,0.000000000000000000e+00,0.000000000000000000e+00
3.979999999999999982e+00,7.680000000000005711e-01,0.000000000000000000e+00,0.000000000000000000e+00
4.000000000000000000e+00,7.720000000000005747e-01,0.000000000000000000e+00,0.000000000000000000e+00
4.019999999999999574e+00,7.760000000000005782e-01,0.000000000000000000e+00,0.000000000000000000e+00
4.040000000000000036e+00,7.800000000000005818e-01,0.000000000000000000e+00,0.000000000000000000e+00
4.059999999999999609e+00,7.840000000000005853e-01,0.000000000000000000e+00,0.000000000000000000e+00
4.080000000000000071e+00,7.880000000000005889e-01,0.000000000000000000e+00,0.000000000000000000e+00
4.099999999999999645e+00,7.920000000000005924e-01,0.000000000000000000e+00,0.000000000000000000e+00
4.120000000000000107e+00,7.960000000000005960e-01,0.000000000000000000e+00,0.000000000000000000e+00
4.139999999999999680e+00,8.000000000000005995e-01,0.000000000000000000e+00,0.000000000000000000e+00
4.160000000000000142e+00,8.040000000000006031e-01,0.000000000000000000e+00,0.000000000000000000e+00
4.179999999999999716e+00,8.080000000000006066e-01,0.000000000000000000e+00,0.000000000000000000e+00
4.200000000000000178e+00,8.120000000000006102e-01,0.000000000000000000e+00,0.000000000000000000e+00
4.219999999999999751e+00,8.160000000000006137e-01,0.000000000000000000e+00,0.000000000000000000e+00
4.240000000000000213e+00,8.200000000000006173e-01,0.000000000000000000e+00,0.000000000000000000e+00
4.259999999999999787e+00,8.240000000000006208e-01,0.000000000000000000e+00,0.000000000000000000e+00
4.280000000000000249e+00,8.280000000000006244e-01,0.000000000000000000e+00,0.000000000000000000e+00
4.299999999999999822e+00,8.320000000000006279e-01,0.000000000000000000e+00,0.000000000000000000e+00
4.320000000000000284e+00,8.360000000000006315e-01,0.000000000000000000e+00,0.000000000000000000e+00
4.339999999999999858e+00,8.400000000000006350e-01,0.000000000000000000e+00,0.000000000000000000e+00
4.360000000000000320e+00,8.440000000000006386e-01,0.000000000000000000e+00,0.000000000000000000e+00
4.379999999999999893e+00,8.480000000000006422e-01,0.000000000000000000e+00,0.000000000000000000e+00
4.400000000000000355e+00,8.520000000000006457e-01,0.000000000000000000e+00,0.000000000000000000e+00
4.419999999999999929e+00,8.560000000000006493e-01,0.000000000000000000e+00,0.000000000000000000e+00
4.440000000000000391e+00,8.600000000000006528e-01,0.000000000000000000e+00,0.000000000000000000e+00
4.459999999999999964e+00,8.640000000000006564e-01,0.000000000000000000e+00,0.000000000000000000e+00
4.480000000000000426e+00,8.680000000000006599e-01,0.000000000000000000e+00,0.000000000000000000e+00
4.500000000000000000e+00,8.720000000000006635e-01,0.000000000000000000e+00,0.000000000000000000e+00
4.519999999999999574e+00,8.760000000000006670e-01,0.000000000000000000e+00,0.000000000000000000e+00
4.540000000000000036e+00,8.800000000000006706e-01,0.000000000000000000e+00,0.000000000000000000e+00
4.560000000000000497e+00,8.840000000000006741e-01,0.000000000000000000e+00,0.000000000000000000e+00
4.580000000000000071e+00,8.880000000000006777e-01,0.000000000000000000e+00,0.000000000000000000e+00
4.599999999999999645e+00,8.920000000000006812e-01,0.000000000000000000e+00,0.000000000000000000e+00
4.620000000000000107e+00,8.960000000000006848e-01,0.000000000000000000e+00,0.000000000000000000e+00
4.639999999999999680e+00,9.000000000000006883e-01,0.000000000000000000e+00,0.000000000000000000e+00
4.660000000000000142e+00,9.040000000000006919e-01,0.000000000000000000e+00,0.000000000000000000e+00
4.679999999999999716e+00,9.080000000000006954e-01,0.000000000000000000e+00,0.000000000000000000e+00
4.700000000000000178e+00,9.120000000000006990e-01,0.000000000000000000e+00,0.000000000000000000e+00
4.719999999999999751e+00,9.160000000000007025e-01,0.000000000000000000e+00,0.000000000000000000e+00
4.740000000000000213e+00,9.200000000000007061e-01,0.000000000000000000e+00,0.000000000000000000e+00
4.759999999999999787e+00,9.240000000000007097e-01,0.000000000000000000e+00,0.000000000000000000e+00
4.780000000000000249e+00,9.280000000000007132e-01,0.000000000000000000e+00,0.000000000000000000e+00
4.799999999999999822e+00,9.320000000000007168e-01,0.000000000000000000e+00,0.000000000000000000e+00
4.820000000000000284e+00,9.360000000000007203e-01,0.000000000000000000e+00,0.000000000000000000e+00
4.839999999999999858e+00,9.400000000000007239e-01,0.000000000000000000e+00,0.000000000000000000e+00
4.860000000000000320e+00,9.440000000000007274e-01,0.000000000000000000e+00,0.000000000000000000e+00
4.879999999999999893e+00,9.480000000000007310e-01,0.000000000000000000e+00,0.000000000000000000e+00
4.900000000000000355e+00,9.520000000000007345e-01,0.000000000000000000e+00,0.000000000000000000e+00
4.919999999999999929e+00,9.560000000000007381e-01,0.000000000000000000e+00,0.000000000000000000e+00
4.940000000000000391e+00,9.600000000000007416e-01,0.000000000000000000e+00,0.000000000000000000e+00
4.959999999999999964e+00,9.640000000000007452e-01,0.000000000000000000e+00,0.000000000000000000e+00
4.980000000000000426e+00,9.680000000000007487e-01,0.000000000000000000e+00,0.000000000000000000e+00
5.000000000000000000e+00,9.720000000000007523e-01,0.000000000000000000e+00,0.000000000000000000e+00
5.019999999999999574e+00,9.760000000000007558e-01,0.000000000000000000e+00,0.000000000000000000e+00
5.040000000000000036e+00,9.800000000000007594e-01,0.000000000000000000e+00,0.000000000000000000e+00
5.059999999999999609e+00,9.840000000000007629e-01,0.000000000000000000e+00,0.000000000000000000e+00
5.080000000000000071e+00,9.880000000000007665e-01,0.000000000000000000e+00,0.000000000000000000e+00
5.099999999999999645e+00,9.920000000000007701e-01,0.000000000000000000e+00,0.000000000000000000e+00
5.120000000000000107e+00,9.960000000000007736e-01,0.000000000000000000e+00,0.000000000000000000e+00
5.139999999999999680e+00,1.000000000000000666e+00,0.000000000000000000e+00,0.000000000000000000e+00
5.160000000000000142e+00,1.004000000000000670e+00,0.000000000000000000e+00,0.000000000000000000e+00
5.179999999999999716e+00,1.008000000000000673e+00,0.000000000000000000e+00,0.000000000000000000e+00
5.200000000000000178e+00,1.012000000000000677e+00,0.000000000000000000e+00,0.000000000000000000e+00
5.219999999999999751e+00,1.016000000000000680e+00,0.000000000000000000e+00,0.000000000000000000e+00
5.240000000000000213e+00,1.020000000000000684e+00,0.000000000000000000e+00,0.000000000000000000e+00
5.259999999999999787e+00,1.024000000000000687e+00,0.000000000000000000e+00,0.000000000000000000e+00
5.280000000000000249e+00,1.028000000000000691e+00,0.000000000000000000e+00,0.000000000000000000e+00
5.299999999999999822e+00,1.032000000000000695e+00,0.000000000000000000e+00,0.000000000000000000e+00
5.320000000000000284e+00,1.036000000000000698e+00,0.000000000000000000e+00,0.000000000000000000e+00
5.339999999999999858e+00,1.040000000000000702e+00,0.000000000000000000e+00,0.000000000000000000e+00
5.360000000000000320e+00,1.044000000000000705e+00,0.000000000000000000e+00,0.000000000000000000e+00
5.379999999999999893e+00,1.048000000000000709e+00,0.000000000000000000e+00,0.000000000000000000e+00
5.400000000000000355e+00,1.052000000000000712e+00,0.000000000000000000e+00,0.000000000000000000e+00
5.419999999999999929e+00,1.056000000000000716e+00,0.000000000000000000e+00,0.000000000000000000e+00
5.440000000000000391e+00,1.060000000000000719e+00,0.000000000000000000e+00,0.000000000000000000e+00
5.459999999999999964e+00,1.064000000000000723e+00,0.000000000000000000e+00,0.000000000000000000e+00
5.480000000000000426e+00,1.068000000000000727e+00,0.000000000000000000e+00,0.000000000000000000e+00
5.500000000000000000e+00,1.072000000000000730e+00,0.000000000000000000e+00,0.000000000000000000e+00
5.519999999999999574e+00,1.076000000000000734e+00,0.000000000000000000e+00,0.000000000000000000e+00
5.540000000000000036e+00,1.080000000000000737e+00,0.000000000000000000e+00,0.000000000000000000e+00
5.560000000000000497e+00,1.084000000000000741e+00,0.000000000000000000e+00,0.000000000000000000e+00
5.580000000000000071e+00,1.088000000000000744e+00,0.000000000000000000e+00,0.000000000000000000e+00
5.599999999999999645e+00,1.092000000000000748e+00,0.000000000000000000e+00,0.000000000000000000e+00
5.620000000000000107e+00,1.096000000000000751e+00,0.000000000000000000e+00,0.000000000000000000e+00
5.639999999999999680e+00,1.100000000000000755e+00,0.000000000000000000e+00,0.000000000000000000e+00
5.660000000000000142e+00,1.104000000000000759e+00,0.000000000000000000e+00,0.000000000000000000e+00
5.679999999999999716e+00,1.108000000000000762e+00,0.000000000000000000e+00,0.000000000000000000e+00
5.700000000000000178e+00,1.112000000000000766e+00,0.000000000000000000e+00,0.000000000000000000e+00
5.719999999999999751e+00,1.116000000000000769e+00,0.000000000000000000e+00,0.000000000000000000e+00
5.740000000000000213e+00,1.120000000000000773e+00,0.000000000000000000e+00,0.000000000000000000e+00
5.759999999999999787e+00,1.124000000000000776e+00,0.000000000000000000e+00,0.000000000000000000e+00
5.780000000000000249e+00,1.128000000000000780e+00,0.000000000000000000e+00,0.000000000000000000e+00
5.799999999999999822e+00,1.132000000000000783e+00,0.000000000000000000e+00,0.000000000000000000e+00
5.820000000000000284e+00,1.136000000000000787e+00,0.000000000000000000e+00,0.000000000000000000e+00
5.839999999999999858e+00,1.140000000000000790e+00,0.000000000000000000e+00,0.000000000000000000e+00
5.860000000000000320e+00,1.144000000000000794e+00,0.000000000000000000e+00,0.000000000000000000e+00
5.879999999999999893e+00,1.148000000000000798e+00,0.000000000000000000e+00,0.000000000000000000e+00
5.900000000000000355e+00,1.152000000000000801e+00,0.000000000000000000e+00,0.000000000000000000e+00
5.919999999999999929e+00,1.156000000000000805e+00,0.000000000000000000e+00,0.000000000000000000e+00
5.940000000000000391e+00,1.160000000000000808e+00,0.000000000000000000e+00,0.000000000000000000e+00
5.959999999999999964e+00,1.164000000000000812e+00,0.000000000000000000e+00,0.000000000000000000e+00
5.980000000000000426e+00,1.168000000000000815e+00,0.000000000000000000e+00,0.000000000000000000e+00
6.000000000000000000e+00,1.172000000000000819e+00,0.000000000000000000e+00,0.000000000000000000e+00
6.019999999999999574e+00,1.176000000000000822e+00,0.000000000000000000e+00,0.000000000000000000e+00
6.040000000000000036e+00,1.180000000000000826e+00,0.000000000000000000e+00,0.000000000000000000e+00
6.059999999999999609e+00,1.184000000000000830e+00,0.000000000000000000e+00,0.000000000000000000e+00
6.080000000000000071e+00,1.188000000000000833e+00,0.000000000000000000e+00,0.000000000000000000e+00
6.099999999999999645e+00,1.192000000000000837e+00,0.000000000000000000e+00,0.000000000000000000e+00
6.120000000000000107e+00,1.196000000000000840e+00,0.000000000000000000e+00,0.000000000000000000e+00
6.139999999999999680e+00,1.200000000000000844e+00,0.000000000000000000e+00,0.000000000000000000e+00
6.160000000000000142e+00,1.204000000000000847e+00,0.000000000000000000e+00,0.000000000000000000e+00
6.179999999999999716e+00,1.208000000000000851e+00,0.000000000000000000e+00,0.000000000000000000e+00
6.200000000000000178e+00,1.212000000000000854e+00,0.000000000000000000e+00,0.000000000000000000e+00
6.219999999999999751e+00,1.216000000000000858e+00,0.000000000000000000e+00,0.000000000000000000e+00
6.240000000000000213e+00,1.220000000000000862e+00,0.000000000000000000e+00,0.000000000000000000e+00
6.259999999999999787e+00,1.224000000000000865e+00,0.000000000000000000e+00,0.000000000000000000e+00
6.280000000000000249e+00,1.228000000000000869e+00,0.000000000000000000e+00,0.000000000000000000e+00
6.299999999999999822e+00,1.232000000000000872e+00,0.000000000000000000e+00,0.000000000000000000e+00
6.320000000000000284e+00,1.236000000000000876e+00,0.000000000000000000e+00,0.000000000000000000e+00
6.339999999999999858e+00,1.240000000000000879e+00,0.000000000000000000e+00,0.000000000000000000e+00
6.360000000000000320e+00,1.244000000000000883e+00,0.000000000000000000e+00,0.000000000000000000e+00
6.379999999999999893e+00,1.248000000000000886e+00,0.000000000000000000e+00,0.000000000000000000e+00
6.400000000000000355e+00,1.252000000000000890e+00,0.000000000000000000e+00,0.000000000000000000e+00
6.419999999999999929e+00,1.256000000000000894e+00,0.000000000000000000e+00,0.000000000000000000e+00
6.440000000000000391e+00,1.260000000000000897e+00,0.000000000000000000e+00,0.000000000000000000e+00
6.459999999999999964e+00,1.264000000000000901e+00,0.000000000000000000e+00,0.000000000000000000e+00
6.480000000000000426e+00,1.268000000000000904e+00,0.000000000000000000e+00,0.000000000000000000e+00
6.500000000000000000e+00,1.272000000000000908e+00,0.000000000000000000e+00,0.000000000000000000e+00
6.519999999999999574e+00,1.276000000000000911e+00,0.000000000000000000e+00,0.000000000000000000e+00
6.540000000000000036e+00,1.280000000000000915e+00,0.000000000000000000e+00,0.000000000000000000e+00
6.560000000000000497e+00,1.284000000000000918e+00,0.000000000000000000e+00,0.000000000000000000e+00
6.580000000000000071e+00,1.288000000000000922e+00,0.000000000000000000e+00,0.000000000000000000e+00
6.599999999999999645e+00,1.292000000000000925e+00,0.000000000000000000e+00,0.000000000000000000e+00
6.620000000000000107e+00,1.296000000000000929e+00,0.000000000000000000e+00,0.000000000000000000e+00
6.639999999999999680e+00,1.300000000000000933e+00,0.000000000000000000e+00,0.000000000000000000e+00
6.660000000000000142e+00,1.304000000000000936e+00,0.000000000000000000e+00,0.000000000000000000e+00
6.679999999999999716e+00,1.308000000000000940e+00,0.000000000000000000e+00,0.000000000000000000e+00
6.700000000000000178e+00,1.312000000000000943e+00,0.000000000000000000e+00,0.000000000000000000e+00
6.719999999999999751e+00,1.316000000000000947e+00,0.000000000000000000e+00,0.000000000000000000e+00
6.740000000000000213e+00,1.320000000000000950e+00,0.000000000000000000e+00,0.000000000000000000e+00
6.759999999999999787e+00,1.324000000000000954e+00,0.000000000000000000e+00,0.000000000000000000e+00
6.780000000000000249e+00,1.328000000000000957e+00,0.000000000000000000e+00,0.000000000000000000e+00
6.799999999999999822e+00,1.332000000000000961e+00,0.000000000000000000e+00,0.000000000000000000e+00
6.820000000000000284e+00,1.336000000000000965e+00,0.000000000000000000e+00,0.000000000000000000e+00
6.839999999999999858e+00,1.340000000000000968e+00,0.000000000000000000e+00,0.000000000000000000e+00
6.860000000000000320e+00,1.344000000000000972e+00,0.000000000000000000e+00,0.000000000000000000e+00
6.879999999999999893e+00,1.348000000000000975e+00,0.000000000000000000e+00,0.000000000000000000e+00
6.900000000000000355e+00,1.352000000000000979e+00,0.000000000000000000e+00,0.000000000000000000e+00
6.919999999999999929e+00,1.356000000000000982e+00,0.000000000000000000e+00,0.000000000000000000e+00
6.940000000000000391e+00,1.360000000000000986e+00,0.000000000000000000e+00,0.000000000000000000e+00
6.959999999999999964e+00,1.364000000000000989e+00,0.000000000000000000e+00,0.000000000000000000e+00
6.980000000000000426e+00,1.368000000000000993e+00,0.000000000000000000e+00,0.000000000000000000e+00
7.000000000000000000e+00,1.372000000000000997e+00,0.000000000000000000e+00,0.000000000000000000e+00
7.019999999999999574e+00,1.376000000000001000e+00,0.000000000000000000e+00,0.000000000000000000e+00
7.040000000000000036e+00,1.380000000000001004e+00,0.000000000000000000e+00,0.000000000000000000e+00
7.059999999999999609e+00,1.384000000000001007e+00,0.000000000000000000e+00,0.000000000000000000e+00
7.080000000000000071e+00,1.388000000000001011e+00,0.000000000000000000e+00,0.000000000000000000e+00
7.099999999999999645e+00,1.392000000000001014e+00,0.000000000000000000e+00,0.000000000000000000e+00
7.120000000000000107e+00,1.396000000000001018e+00,0.000000000000000000e+00,0.000000000000000000e+00
7.139999999999999680e+00,1.400000000000001021e+00,0.000000000000000000e+00,0.000000000000000000e+00
7.160000000000000142e+00,1.404000000000001025e+00,0.000000000000000000e+00,0.000000000000000000e+00
7.179999999999999716e+00,1.408000000000001029e+00,0.000000000000000000e+00,0.000000000000000000e+00
7.200000000000000178e+00,1.412000000000001032e+00,0.000000000000000000e+00,0.000000000000000000e+00
7.219999999999999751e+00,1.416000000000001036e+00,0.000000000000000000e+00,0.000000000000000000e+00
7.240000000000000213e+00,1.420000000000001039e+00,0.000000000000000000e+00,0.000000000000000000e+00
7.259999999999999787e+00,1.424000000000001043e+00,0.000000000000000000e+00,0.000000000000000000e+00
7.280000000000000249e+00,1.428000000000001046e+00,0.000000000000000000e+00,0.000000000000000000e+00
7.299999999999999822e+00,1.432000000000001050e+00,0.000000000000000000e+00,0.000000000000000000e+00
7.320000000000000284e+00,1.436000000000001053e+00,0.000000000000000000e+00,0.000000000000000000e+00
7.339999999999999858e+00,1.440000000000001057e+00,0.000000000000000000e+00,0.000000000000000000e+00
7.360000000000000320e+00,1.444000000000001060e+00,0.000000000000000000e+00,0.000000000000000000e+00
7.379999999999999893e+00,1.448000000000001064e+00,0.000000000000000000e+00,0.000000000000000000e+00
7.400000000000000355e+00,1.452000000000001068e+00,0.000000000000000000e+00,0.000000000000000000e+00
7.419999999999999929e+00,1.456000000000001071e+00,0.000000000000000000e+00,0.000000000000000000e+00
7.440000000000000391e+00,1.460000000000001075e+00,0.000000000000000000e+00,0.000000000000000000e+00
7.459999999999999964e+00,1.464000000000001078e+00,0.000000000000000000e+00,0.000000000000000000e+00
7.480000000000000426e+00,1.468000000000001082e+00,0.000000000000000000e+00,0.000000000000000000e+00
7.500000000000000000e+00,1.472000000000001085e+00,0.000000000000000000e+00,0.000000000000000000e+00
7.519999999999999574e+00,1.476000000000001089e+00,0.000000000000000000e+00,0.000000000000000000e+00
7.540000000000000036e+00,1.480000000000001092e+00,0.000000000000000000e+00,0.000000000000000000e+00
7.560000000000000497e+00,1.484000000000001096e+00,0.000000000000000000e+00,0.000000000000000000e+00
7.580000000000000071e+00,1.488000000000001100e+00,0.000000000000000000e+00,0.000000000000000000e+00
7.599999999999999645e+00,1.492000000000001103e+00,0.000000000000000000e+00,0.000000000000000000e+00
7.620000000000000107e+00,1.496000000000001107e+00,0.000000000000000000e+00,0.000000000000000000e+00
7.639999999999999680e+00,1.500000000000001110e+00,0.000000000000000000e+00,0.000000000000000000e+00
7.660000000000000142e+00,1.504000000000001114e+00,0.000000000000000000e+00,0.000000000000000000e+00
7.679999999999999716e+00,1.508000000000001117e+00,0.000000000000000000e+00,0.000000000000000000e+00
7.700000000000000178e+00,1.512000000000001121e+00,0.000000000000000000e+00,0.000000000000000000e+00
7.719999999999999751e+00,1.516000000000001124e+00,0.000000000000000000e+00,0.000000000000000000e+00
7.740000000000000213e+00,1.520000000000001128e+00,0.000000000000000000e+00,0.000000000000000000e+00
7.759999999999999787e+00,1.524000000000001132e+00,0.000000000000000000e+00,0.000000000000000000e+00
7.780000000000000249e+00,1.528000000000001135e+00,0.000000000000000000e+00,0.000000000000000000e+00
7.799999999999999822e+00,1.532000000000001139e+00,0.000000000000000000e+00,0.000000000000000000e+00
7.820000000000000284e+00,1.536000000000001142e+00,0.000000000000000000e+00,0.000000000000000000e+00
7.839999999999999858e+00,1.540000000000001146e+00,0.000000000000000000e+00,0.000000000000000000e+00
7.860000000000000320e+00,1.544000000000001149e+00,0.000000000000000000e+00,0.000000000000000000e+00
7.879999999999999893e+00,1.548000000000001153e+00,0.000000000000000000e+00,0.000000000000000000e+00
7.900000000000000355e+00,1.552000000000001156e+00,0.000000000000000000e+00,0.000000000000000000e+00
7.919999999999999929e+00,1.556000000000001160e+00,0.000000000000000000e+00,0.000000000000000000e+00
7.940000000000000391e+00,1.560000000000001164e+00,0.000000000000000000e+00,0.000000000000000000e+00
7.959999999999999964e+00,1.564000000000001167e+00,0.000000000000000000e+00,0.000000000000000000e+00
7.980000000000000426e+00,1.568000000000001171e+00,0.000000000000000000e+00,0.000000000000000000e+00
8.000000000000000000e+00,1.572000000000001174e+00,0.000000000000000000e+00,0.000000000000000000e+00
8.019999999999999574e+00,1.576000000000001178e+00,0.000000000000000000e+00,0.000000000000000000e+00
8.039999999999999147e+00,1.580000000000001181e+00,0.000000000000000000e+00,0.000000000000000000e+00
8.060000000000000497e+00,1.584000000000001185e+00,0.000000000000000000e+00,0.000000000000000000e+00
8.080000000000000071e+00,1.588000000000001188e+00,0.000000000000000000e+00,0.000000000000000000e+00
8.099999999999999645e+00,1.592000000000001192e+00,0.000000000000000000e+00,0.000000000000000000e+00
8.119999999999999218e+00,1.596000000000001195e+00,0.000000000000000000e+00,0.000000000000000000e+00
8.140000000000000568e+00,1.600000000000001199e+00,0.000000000000000000e+00,0.000000000000000000e+00
8.160000000000000142e+00,1.604000000000001203e+00,0.000000000000000000e+00,0.000000000000000000e+00
8.179999999999999716e+00,1.608000000000001206e+00,0.000000000000000000e+00,0.000000000000000000e+00
8.199999999999999289e+00,1.612000000000001210e+00,0.000000000000000000e+00,0.000000000000000000e+00
8.220000000000000639e+00,1.616000000000001213e+00,0.000000000000000000e+00,0.000000000000000000e+00
8.240000000000000213e+00,1.620000000000001217e+00,0.000000000000000000e+00,0.000000000000000000e+00
8.259999999999999787e+00,1.624000000000001220e+00,0.000000000000000000e+00,0.000000000000000000e+00
8.279999999999999361e+00,1.628000000000001224e+00,0.000000000000000000e+00,0.000000000000000000e+00
8.300000000000000711e+00,1.632000000000001227e+00,0.000000000000000000e+00,0.000000000000000000e+00
8.320000000000000284e+00,1.636000000000001231e+00,0.000000000000000000e+00,0.000000000000000000e+00
8.339999999999999858e+00,1.640000000000001235e+00,0.000000000000000000e+00,0.000000000000000000e+00
8.359999999999999432e+00,1.644000000000001238e+00,0.000000000000000000e+00,0.000000000000000000e+00
8.380000000000000782e+00,1.648000000000001242e+00,0.000000000000000000e+00,0.000000000000000000e+00
8.400000000000000355e+00,1.652000000000001245e+00,0.000000000000000000e+00,0.000000000000000000e+00
8.419999999999999929e+00,1.656000000000001249e+00,0.000000000000000000e+00,0.000000000000000000e+00
8.439999999999999503e+00,1.660000000000001252e+00,0.000000000000000000e+00,0.000000000000000000e+00
8.460000000000000853e+00,1.664000000000001256e+00,0.000000000000000000e+00,0.000000000000000000e+00
8.480000000000000426e+00,1.668000000000001259e+00,0.000000000000000000e+00,0.000000000000000000e+00
8.500000000000000000e+00,1.672000000000001263e+00,0.000000000000000000e+00,0.000000000000000000e+00
8.519999999999999574e+00,1.676000000000001267e+00,0.000000000000000000e+00,0.000000000000000000e+00
8.539999999999999147e+00,1.680000000000001270e+00,0.000000000000000000e+00,0.000000000000000000e+00
8.560000000000000497e+00,1.684000000000001274e+00,0.000000000000000000e+00,0.000000000000000000e+00
8.580000000000000071e+00,1.688000000000001277e+00,0.000000000000000000e+00,0.000000000000000000e+00
8.599999999999999645e+00,1.692000000000001281e+00,0.000000000000000000e+00,0.000000000000000000e+00
8.619999999999999218e+00,1.696000000000001284e+00,0.000000000000000000e+00,0.000000000000000000e+00
8.640000000000000568e+00,1.700000000000001288e+00,0.000000000000000000e+00,0.000000000000000000e+00
8.660000000000000142e+00,1.704000000000001291e+00,0.000000000000000000e+00,0.000000000000000000e+00
8.679999999999999716e+00,1.708000000000001295e+00,0.000000000000000000e+00,0.000000000000000000e+00
8.699999999999999289e+00,1.712000000000001299e+00,0.000000000000000000e+00,0.000000000000000000e+00
8.720000000000000639e+00,1.716000000000001302e+00,0.000000000000000000e+00,0.000000000000000000e+00
8.740000000000000213e+00,1.720000000000001306e+00,0.000000000000000000e+00,0.000000000000000000e+00
8.759999999999999787e+00,1.724000000000001309e+00,0.000000000000000000e+00,0.000000000000000000e+00
8.779999999999999361e+00,1.728000000000001313e+00,0.000000000000000000e+00,0.000000000000000000e+00
8.800000000000000711e+00,1.732000000000001316e+00,0.000000000000000000e+00,0.000000000000000000e+00
8.820000000000000284e+00,1.736000000000001320e+00,0.000000000000000000e+00,0.000000000000000000e+00
8.839999999999999858e+00,1.740000000000001323e+00,0.000000000000000000e+00,0.000000000000000000e+00
8.859999999999999432e+00,1.744000000000001327e+00,0.000000000000000000e+00,0.000000000000000000e+00
8.880000000000000782e+00,1.748000000000001330e+00,0.000000000000000000e+00,0.000000000000000000e+00
8.900000000000000355e+00,1.752000000000001334e+00,0.000000000000000000e+00,0.000000000000000000e+00
8.919999999999999929e+00,1.756000000000001338e+00,0.000000000000000000e+00,0.000000000000000000e+00
8.939999999999999503e+00,1.760000000000001341e+00,0.000000000000000000e+00,0.000000000000000000e+00
8.960000000000000853e+00,1.764000000000001345e+00,0.000000000000000000e+00,0.000000000000000000e+00
8.980000000000000426e+00,1.768000000000001348e+00,0.000000000000000000e+00,0.000000000000000000e+00
9.000000000000000000e+00,1.772000000000001352e+00,0.000000000000000000e+00,0.000000000000000000e+00
9.019999999999999574e+00,1.776000000000001355e+00,0.000000000000000000e+00,0.000000000000000000e+00
9.039999999999999147e+00,1.780000000000001359e+00,0.000000000000000000e+00,0.000000000000000000e+00
9.060000000000000497e+00,1.784000000000001362e+00,0.000000000000000000e+00,0.000000000000000000e+00
9.080000000000000071e+00,1.788000000000001366e+00,0.000000000000000000e+00,0.000000000000000000e+00
9.099999999999999645e+00,1.792000000000001370e+00,0.000000000000000000e+00,0.000000000000000000e+00
9.119999999999999218e+00,1.796000000000001373e+00,0.000000000000000000e+00,0.000000000000000000e+00
9.140000000000000568e+00,1.800000000000001377e+00,0.000000000000000000e+00,0.000000000000000000e+00
9.160000000000000142e+00,1.804000000000001380e+00,0.000000000000000000e+00,0.000000000000000000e+00
9.179999999999999716e+00,1.808000000000001384e+00,0.000000000000000000e+00,0.000000000000000000e+00
9.199999999999999289e+00,1.812000000000001387e+00,0.000000000000000000e+00,0.000000000000000000e+00
9.220000000000000639e+00,1.816000000000001391e+00,0.000000000000000000e+00,0.000000000000000000e+00
9.240000000000000213e+00,1.820000000000001394e+00,0.000000000000000000e+00,0.000000000000000000e+00
9.259999999999999787e+00,1.824000000000001398e+00,0.000000000000000000e+00,0.000000000000000000e+00
9.279999999999999361e+00,1.828000000000001402e+00,0.000000000000000000e+00,0.000000000000000000e+00
9.300000000000000711e+00,1.832000000000001405e+00,0.000000000000000000e+00,0.000000000000000000e+00
9.320000000000000284e+00,1.836000000000001409e+00,0.000000000000000000e+00,0.000000000000000000e+00
9.339999999999999858e+00,1.840000000000001412e+00,0.000000000000000000e+00,0.000000000000000000e+00
9.359999999999999432e+00,1.844000000000001416e+00,0.000000000000000000e+00,0.000000000000000000e+00
9.380000000000000782e+00,1.848000000000001419e+00,0.000000000000000000e+00,0.000000000000000000e+00
9.400000000000000355e+00,1.852000000000001423e+00,0.000000000000000000e+00,0.000000000000000000e+00
9.419999999999999929e+00,1.856000000000001426e+00,0.000000000000000000e+00,0.000000000000000000e+00
9.439999999999999503e+00,1.860000000000001430e+00,0.000000000000000000e+00,0.000000000000000000e+00
9.460000000000000853e+00,1.864000000000001434e+00,0.000000000000000000e+00,0.000000000000000000e+00
9.480000000000000426e+00,1.868000000000001437e+00,0.000000000000000000e+00,0.000000000000000000e+00
9.500000000000000000e+00,1.872000000000001441e+00,0.000000000000000000e+00,0.000000000000000000e+00
9.519999999999999574e+00,1.876000000000001444e+00,0.000000000000000000e+00,0.000000000000000000e+00
9.539999999999999147e+00,1.880000000000001448e+00,0.000000000000000000e+00,0.000000000000000000e+00
9.560000000000000497e+00,1.884000000000001451e+00,0.000000000000000000e+00,0.000000000000000000e+00
9.580000000000000071e+00,1.888000000000001455e+00,0.000000000000000000e+00,0.000000000000000000e+00
9.599999999999999645e+00,1.892000000000001458e+00,0.000000000000000000e+00,0.000000000000000000e+00
9.619999999999999218e+00,1.896000000000001462e+00,0.000000000000000000e+00,0.000000000000000000e+00
9.640000000000000568e+00,1.900000000000001465e+00,0.000000000000000000e+00,0.000000000000000000e+00
9.660000000000000142e+00,1.904000000000001469e+00,0.000000000000000000e+00,0.000000000000000000e+00
9.679999999999999716e+00,1.908000000000001473e+00,0.000000000000000000e+00,0.000000000000000000e+00
9.699999999999999289e+00,1.912000000000001476e+00,0.000000000000000000e+00,0.000000000000000000e+00
9.720000000000000639e+00,1.916000000000001480e+00,0.000000000000000000e+00,0.000000000000000000e+00
9.740000000000000213e+00,1.920000000000001483e+00,0.000000000000000000e+00,0.000000000000000000e+00
9.759999999999999787e+00,1.924000000000001487e+00,0.000000000000000000e+00,0.000000000000000000e+00
9.779999999999999361e+00,1.928000000000001490e+00,0.000000000000000000e+00,0.000000000000000000e+00
9.800000000000000711e+00,1.932000000000001494e+00,0.000000000000000000e+00,0.000000000000000000e+00
9.820000000000000284e+00,1.936000000000001497e+00,0.000000000000000000e+00,0.000000000000000000e+00
9.839999999999999858e+00,1.940000000000001501e+00,0.000000000000000000e+00,0.000000000000000000e+00
9.859999999999999432e+00,1.944000000000001505e+00,0.000000000000000000e+00,0.000000000000000000e+00
9.880000000000000782e+00,1.948000000000001508e+00,0.000000000000000000e+00,0.000000000000000000e+00
9.900000000000000355e+00,1.952000000000001512e+00,0.000000000000000000e+00,0.000000000000000000e+00
9.919999999999999929e+00,1.956000000000001515e+00,0.000000000000000000e+00,0.000000000000000000e+00
9.939999999999999503e+00,1.960000000000001519e+00,0.000000000000000000e+00,0.000000000000000000e+00
9.960000000000000853e+00,1.964000000000001522e+00,0.000000000000000000e+00,0.000000000000000000e+00
9.980000000000000426e+00,1.968000000000001526e+00,0.000000000000000000e+00,0.000000000000000000e+00
1.000000000000000000e+01,1.972000000000001529e+00,0.000000000000000000e+00,0.000000000000000000e+00
1.001999999999999957e+01,1.976000000000001533e+00,0.000000000000000000e+00,0.000000000000000000e+00
1.003999999999999915e+01,1.980000000000001537e+00,0.000000000000000000e+00,0.000000000000000000e+00
1.006000000000000050e+01,1.984000000000001540e+00,0.000000000000000000e+00,0.000000000000000000e+00
1.008000000000000007e+01,1.988000000000001544e+00,0.000000000000000000e+00,0.000000000000000000e+00
1.009999999999999964e+01,1.992000000000001547e+00,0.000000000000000000e+00,0.000000000000000000e+00
1.011999999999999922e+01,1.996000000000001551e+00,0.000000000000000000e+00,0.000000000000000000e+00
1.014000000000000057e+01,2.000000000000001332e+00,0.000000000000000000e+00,0.000000000000000000e+00
1.016000000000000014e+01,2.004000000000001336e+00,0.000000000000000000e+00,0.000000000000000000e+00
1.017999999999999972e+01,2.008000000000001339e+00,0.000000000000000000e+00,0.000000000000000000e+00
1.019999999999999929e+01,2.012000000000001343e+00,0.000000000000000000e+00,0.000000000000000000e+00
1.022000000000000064e+01,2.016000000000001346e+00,0.000000000000000000e+00,0.000000000000000000e+00
1.024000000000000021e+01,2.020000000000001350e+00,0.000000000000000000e+00,0.000000000000000000e+00
1.025999999999999979e+01,2.024000000000001354e+00,0.000000000000000000e+00,0.000000000000000000e+00
1.027999999999999936e+01,2.028000000000001357e+00,0.000000000000000000e+00,0.000000000000000000e+00
1.030000000000000071e+01,2.032000000000001361e+00,0.000000000000000000e+00,0.000000000000000000e+00
1.032000000000000028e+01,2.036000000000001364e+00,0.000000000000000000e+00,0.000000000000000000e+00
1.033999999999999986e+01,2.040000000000001368e+00,0.000000000000000000e+00,0.000000000000000000e+00
1.035999999999999943e+01,2.044000000000001371e+00,0.000000000000000000e+00,0.000000000000000000e+00
1.038000000000000078e+01,2.048000000000001375e+00,0.000000000000000000e+00,0.000000000000000000e+00
1.040000000000000036e+01,2.052000000000001378e+00,0.000000000000000000e+00,0.000000000000000000e+00
1.041999999999999993e+01,2.056000000000001382e+00,0.000000000000000000e+00,0.000000000000000000e+00
1.043999999999999950e+01,2.060000000000001386e+00,0.000000000000000000e+00,0.000000000000000000e+00
1.046000000000000085e+01,2.064000000000001389e+00,0.000000000000000000e+00,0.000000000000000000e+00
1.048000000000000043e+01,2.068000000000001393e+00,0.000000000000000000e+00,0.000000000000000000e+00
1.050000000000000000e+01,2.072000000000001396e+00,0.000000000000000000e+00,0.000000000000000000e+00
1.051999999999999957e+01,2.076000000000001400e+00,0.000000000000000000e+00,0.000000000000000000e+00
1.053999999999999915e+01,2.080000000000001403e+00,0.000000000000000000e+00,0.000000000000000000e+00
1.056000000000000050e+01,2.084000000000001407e+00,0.000000000000000000e+00,0.000000000000000000e+00
1.058000000000000007e+01,2.088000000000001410e+00,0.000000000000000000e+00,0.000000000000000000e+00
1.059999999999999964e+01,2.092000000000001414e+00,0.000000000000000000e+00,0.000000000000000000e+00
1.061999999999999922e+01,2.096000000000001418e+00,0.000000000000000000e+00,0.000000000000000000e+00
1.064000000000000057e+01,2.100000000000001421e+00,0.000000000000000000e+00,0.000000000000000000e+00
1.066000000000000014e+01,2.104000000000001425e+00,0.000000000000000000e+00,0.000000000000000000e+00
1.067999999999999972e+01,2.108000000000001428e+00,0.000000000000000000e+00,0.000000000000000000e+00
1.069999999999999929e+01,2.112000000000001432e+00,0.000000000000000000e+00,0.000000000000000000e+00
1.072000000000000064e+01,2.116000000000001435e+00,0.000000000000000000e+00,0.000000000000000000e+00
1.074000000000000021e+01,2.120000000000001439e+00,0.000000000000000000e+00,0.000000000000000000e+00
1.075999999999999979e+01,2.124000000000001442e+00,0.000000000000000000e+00,0.000000000000000000e+00
1.077999999999999936e+01,2.128000000000001446e+00,0.000000000000000000e+00,0.000000000000000000e+00
1.080000000000000071e+01,2.132000000000001450e+00,0.000000000000000000e+00,0.000000000000000000e+00
1.082000000000000028e+01,2.136000000000001453e+00,0.000000000000000000e+00,0.000000000000000000e+00
1.083999999999999986e+01,2.140000000000001457e+00,0.000000000000000000e+00,0.000000000000000000e+00
1.085999999999999943e+01,2.144000000000001460e+00,0.000000000000000000e+00,0.000000000000000000e+00
1.088000000000000078e+01,2.148000000000001464e+00,0.000000000000000000e+00,0.000000000000000000e+00
1.090000000000000036e+01,2.152000000000001467e+00,0.000000000000000000e+00,0.000000000000000000e+00
1.091999999999999993e+01,2.156000000000001471e+00,0.000000000000000000e+00,0.000000000000000000e+00
1.093999999999999950e+01,2.160000000000001474e+00,0.000000000000000000e+00,0.000000000000000000e+00
1.096000000000000085e+01,2.164000000000001478e+00,0.000000000000000000e+00,0.000000000000000000e+00
1.098000000000000043e+01,2.168000000000001481e+00,0.000000000000000000e+00,0.000000000000000000e+00
1.100000000000000000e+01,2.172000000000001485e+00,0.000000000000000000e+00,0.000000000000000000e+00
1.101999999999999957e+01,2.176000000000001489e+00,0.000000000000000000e+00,0.000000000000000000e+00
1.103999999999999915e+01,2.180000000000001492e+00,0.000000000000000000e+00,0.000000000000000000e+00
1.106000000000000050e+01,2.184000000000001496e+00,0.000000000000000000e+00,0.000000000000000000e+00
1.108000000000000007e+01,2.188000000000001499e+00,0.000000000000000000e+00,0.000000000000000000e+00
1.109999999999999964e+01,2.192000000000001503e+00,0.000000000000000000e+00,0.000000000000000000e+00
1.111999999999999922e+01,2.196000000000001506e+00,0.000000000000000000e+00,0.000000000000000000e+00
1.114000000000000057e+01,2.200000000000001510e+00,0.000000000000000000e+00,0.000000000000000000e+00
1.116000000000000014e+01,2.204000000000001513e+00,0.000000000000000000e+00,0.000000000000000000e+00
1.117999999999999972e+01,2.208000000000001517e+00,0.000000000000000000e+00,0.000000000000000000e+00
1.119999999999999929e+01,2.212000000000001521e+00,0.000000000000000000e+00,0.000000000000000000e+00
1.122000000000000064e+01,2.216000000000001524e+00,0.000000000000000000e+00,0.000000000000000000e+00
1.124000000000000021e+01,2.220000000000001528e+00,0.000000000000000000e+00,0.000000000000000000e+00
1.125999999999999979e+01,2.224000000000001531e+00,0.000000000000000000e+00,0.000000000000000000e+00
1.127999999999999936e+01,2.228000000000001535e+00,0.000000000000000000e+00,0.000000000000000000e+00
1.130000000000000071e+01,2.232000000000001538e+00,0.000000000000000000e+00,0.000000000000000000e+00
1.132000000000000028e+01,2.236000000000001542e+00,0.000000000000000000e+00,0.000000000000000000e+00
1.133999999999999986e+01,2.240000000000001545e+00,0.000000000000000000e+00,0.000000000000000000e+00
1.135999999999999943e+01,2.244000000000001549e+00,0.000000000000000000e+00,0.000000000000000000e+00
1.138000000000000078e+01,2.248000000000001553e+00,0.000000000000000000e+00,0.000000000000000000e+00
1.140000000000000036e+01,2.252000000000001556e+00,0.000000000000000000e+00,0.000000000000000000e+00
1.141999999999999993e+01,2.256000000000001560e+00,0.000000000000000000e+00,0.000000000000000000e+00
1.143999999999999950e+01,2.260000000000001563e+00,0.000000000000000000e+00,0.000000000000000000e+00
1.146000000000000085e+01,2.264000000000001567e+00,0.000000000000000000e+00,0.000000000000000000e+00
1.148000000000000043e+01,2.268000000000001570e+00,0.000000000000000000e+00,0.000000000000000000e+00
1.150000000000000000e+01,2.272000000000001574e+00,0.000000000000000000e+00,0.000000000000000000e+00
1.151999999999999957e+01,2.276000000000001577e+00,0.000000000000000000e+00,0.000000000000000000e+00
1.153999999999999915e+01,2.280000000000001581e+00,0.000000000000000000e+00,0.000000000000000000e+00
1.156000000000000050e+01,2.284000000000001585e+00,0.000000000000000000e+00,0.000000000000000000e+00
1.158000000000000007e+01,2.288000000000001588e+00,0.000000000000000000e+00,0.000000000000000000e+00
1.159999999999999964e+01,2.292000000000001592e+00,0.000000000000000000e+00,0.000000000000000000e+00
1.161999999999999922e+01,2.296000000000001595e+00,0.000000000000000000e+00,0.000000000000000000e+00
1.164000000000000057e+01,2.300000000000001599e+00,0.000000000000000000e+00,0.000000000000000000e+00
1.166000000000000014e+01,2.304000000000001602e+00,0.000000000000000000e+00,0.000000000000000000e+00
1.167999999999999972e+01,2.308000000000001606e+00,0.000000000000000000e+00,0.000000000000000000e+00
1.169999999999999929e+01,2.312000000000001609e+00,0.000000000000000000e+00,0.000000000000000000e+00
1.172000000000000064e+01,2.316000000000001613e+00,0.000000000000000000e+00,0.000000000000000000e+00
1.174000000000000021e+01,2.320000000000001616e+00,0.000000000000000000e+00,0.000000000000000000e+00
1.175999999999999979e+01,2.324000000000001620e+00,0.000000000000000000e+00,0.000000000000000000e+00
1.177999999999999936e+01,2.328000000000001624e+00,0.000000000000000000e+00,0.000000000000000000e+00
1.180000000000000071e+01,2.332000000000001627e+00,0.000000000000000000e+00,0.000000000000000000e+00
1.182000000000000028e+01,2.336000000000001631e+00,0.000000000000000000e+00,0.000000000000000000e+00
1.183999999999999986e+01,2.340000000000001634e+00,0.000000000000000000e+00,0.000000000000000000e+00
1.185999999999999943e+01,2.344000000000001638e+00,0.000000000000000000e+00,0.000000000000000000e+00
1.188000000000000078e+01,2.348000000000001641e+00,0.000000000000000000e+00,0.000000000000000000e+00
1.190000000000000036e+01,2.352000000000001645e+00,0.000000000000000000e+00,0.000000000000000000e+00
1.191999999999999993e+01,2.356000000000001648e+00,0.000000000000000000e+00,0.000000000000000000e+00
1.193999999999999950e+01,2.360000000000001652e+00,0.000000000000000000e+00,0.000000000000000000e+00
1.196000000000000085e+01,2.364000000000001656e+00,0.000000000000000000e+00,0.000000000000000000e+00
1.198000000000000043e+01,2.368000000000001659e+00,0.000000000000000000e+00,0.000000000000000000e+00
1.200000000000000000e+01,2.372000000000001663e+00,0.000000000000000000e+00,0.000000000000000000e+00
1.201999999999999957e+01,2.376000000000001666e+00,0.000000000000000000e+00,0.000000000000000000e+00
1.203999999999999915e+01,2.380000000000001670e+00,0.000000000000000000e+00,0.000000000000000000e+00
1.206000000000000050e+01,2.384000000000001673e+00,0.000000000000000000e+00,0.000000000000000000e+00
1.208000000000000007e+01,2.388000000000001677e+00,0.000000000000000000e+00,0.000000000000000000e+00
1.209999999999999964e+01,2.392000000000001680e+00,0.000000000000000000e+00,0.000000000000000000e+00
1.211999999999999922e+01,2.396000000000001684e+00,0.000000000000000000e+00,0.000000000000000000e+00
1.214000000000000057e+01,2.400000000000001688e+00,0.000000000000000000e+00,0.000000000000000000e+00
1.216000000000000014e+01,2.404000000000001691e+00,0.000000000000000000e+00,0.000000000000000000e+00
1.217999999999999972e+01,2.408000000000001695e+00,0.000000000000000000e+00,0.000000000000000000e+00
1.219999999999999929e+01,2.412000000000001698e+00,0.000000000000000000e+00,0.000000000000000000e+00
1.222000000000000064e+01,2.416000000000001702e+00,0.000000000000000000e+00,0.000000000000000000e+00
1.224000000000000021e+01,2.420000000000001705e+00,0.000000000000000000e+00,0.000000000000000000e+00
1.225999999999999979e+01,2.424000000000001709e+00,0.000000000000000000e+00,0.000000000000000000e+00
1.227999999999999936e+01,2.428000000000001712e+00,0.000000000000000000e+00,0.000000000000000000e+00
1.230000000000000071e+01,2.432000000000001716e+00,0.000000000000000000e+00,0.000000000000000000e+00
1.232000000000000028e+01,2.436000000000001720e+00,0.000000000000000000e+00,0.000000000000000000e+00
1.233999999999999986e+01,2.440000000000001723e+00,0.000000000000000000e+00,0.000000000000000000e+00
1.235999999999999943e+01,2.444000000000001727e+00,0.000000000000000000e+00,0.000000000000000000e+00
1.238000000000000078e+01,2.448000000000001730e+00,0.000000000000000000e+00,0.000000000000000000e+00
1.240000000000000036e+01,2.452000000000001734e+00,0.000000000000000000e+00,0.000000000000000000e+00
1.241999999999999993e+01,2.456000000000001737e+00,0.000000000000000000e+00,0.000000000000000000e+00
1.243999999999999950e+01,2.460000000000001741e+00,0.000000000000000000e+00,0.000000000000000000e+00
1.246000000000000085e+01,2.464000000000001744e+00,0.000000000000000000e+00,0.000000000000000000e+00
1.248000000000000043e+01,2.468000000000001748e+00,0.000000000000000000e+00,0.000000000000000000e+00
1.250000000000000000e+01,2.472000000000001751e+00,0.000000000000000000e+00,0.000000000000000000e+00
1.251999999999999957e+01,2.476000000000001755e+00,0.000000000000000000e+00,0.000000000000000000e+00
1.253999999999999915e+01,2.480000000000001759e+00,0.000000000000000000e+00,0.000000000000000000e+00
1.256000000000000050e+01,2.484000000000001762e+00,0.000000000000000000e+00,0.000000000000000000e+00
1.258000000000000007e+01,2.488000000000001766e+00,0.000000000000000000e+00,0.000000000000000000e+00
1.259999999999999964e+01,2.492000000000001769e+00,0.000000000000000000e+00,0.000000000000000000e+00
1.261999999999999922e+01,2.496000000000001773e+00,0.000000000000000000e+00,0.000000000000000000e+00
1.264000000000000057e+01,2.500000000000001776e+00,0.000000000000000000e+00,0.000000000000000000e+00
1.266000000000000014e+01,2.504000000000001780e+00,0.000000000000000000e+00,0.000000000000000000e+00
1.267999999999999972e+01,2.508000000000001783e+00,0.000000000000000000e+00,0.000000000000000000e+00
1.269999999999999929e+01,2.512000000000001787e+00,0.000000000000000000e+00,0.000000000000000000e+00
1.272000000000000064e+01,2.516000000000001791e+00,0.000000000000000000e+00,0.000000000000000000e+00
1.274000000000000021e+01,2.520000000000001794e+00,0.000000000000000000e+00,0.000000000000000000e+00
1.275999999999999979e+01,2.524000000000001798e+00,0.000000000000000000e+00,0.000000000000000000e+00
1.277999999999999936e+01,2.528000000000001801e+00,0.000000000000000000e+00,0.000000000000000000e+00
1.280000000000000071e+01,2.532000000000001805e+00,0.000000000000000000e+00,0.000000000000000000e+00
1.282000000000000028e+01,2.536000000000001808e+00,0.000000000000000000e+00,0.000000000000000000e+00
1.283999999999999986e+01,2.540000000000001812e+00,0.000000000000000000e+00,0.000000000000000000e+00
1.285999999999999943e+01,2.544000000000001815e+00,0.000000000000000000e+00,0.000000000000000000e+00
1.288000000000000078e+01,2.548000000000001819e+00,0.000000000000000000e+00,0.000000000000000000e+00
1.290000000000000036e+01,2.552000000000001823e+00,0.000000000000000000e+00,0.000000000000000000e+00
1.291999999999999993e+01,2.556000000000001826e+00,0.000000000000000000e+00,0.000000000000000000e+00
1.293999999999999950e+01,2.560000000000001830e+00,0.000000000000000000e+00,0.000000000000000000e+00
1.296000000000000085e+01,2.564000000000001833e+00,0.000000000000000000e+00,0.000000000000000000e+00
1.298000000000000043e+01,2.568000000000001837e+00,0.000000000000000000e+00,0.000000000000000000e+00
1.300000000000000000e+01,2.572000000000001840e+00,0.000000000000000000e+00,0.000000000000000000e+00
1.301999999999999957e+01,2.576000000000001844e+00,0.000000000000000000e+00,0.000000000000000000e+00
1.303999999999999915e+01,2.580000000000001847e+00,0.000000000000000000e+00,0.000000000000000000e+00
1.306000000000000050e+01,2.584000000000001851e+00,0.000000000000000000e+00,0.000000000000000000e+00
1.308000000000000007e+01,2.588000000000001855e+00,0.000000000000000000e+00,0.000000000000000000e+00
1.309999999999999964e+01,2.592000000000001858e+00,0.000000000000000000e+00,0.000000000000000000e+00
1.311999999999999922e+01,2.596000000000001862e+00,0.000000000000000000e+00,0.000000000000000000e+00
1.314000000000000057e+01,2.600000000000001865e+00,0.000000000000000000e+00,0.000000000000000000e+00
1.316000000000000014e+01,2.604000000000001869e+00,0.000000000000000000e+00,0.000000000000000000e+00
1.317999999999999972e+01,2.608000000000001872e+00,0.000000000000000000e+00,0.000000000000000000e+00
1.319999999999999929e+01,2.612000000000001876e+00,0.000000000000000000e+00,0.000000000000000000e+00
1.322000000000000064e+01,2.616000000000001879e+00,0.000000000000000000e+00,0.000000000000000000e+00
1.324000000000000021e+01,2.620000000000001883e+00,0.000000000000000000e+00,0.000000000000000000e+00
1.325999999999999979e+01,2.624000000000001886e+00,0.000000000000000000e+00,0.000000000000000000e+00
1.327999999999999936e+01,2.628000000000001890e+00,0.000000000000000000e+00,0.000000000000000000e+00
1.330000000000000071e+01,2.632000000000001894e+00,0.000000000000000000e+00,0.000000000000000000e+00
1.332000000000000028e+01,2.636000000000001897e+00,0.000000000000000000e+00,0.000000000000000000e+00
1.333999999999999986e+01,2.640000000000001901e+00,0.000000000000000000e+00,0.000000000000000000e+00
1.335999999999999943e+01,2.644000000000001904e+00,0.000000000000000000e+00,0.000000000000000000e+00
1.338000000000000078e+01,2.648000000000001908e+00,0.000000000000000000e+00,0.000000000000000000e+00
1.340000000000000036e+01,2.652000000000001911e+00,0.000000000000000000e+00,0.000000000000000000e+00
1.341999999999999993e+01,2.656000000000001915e+00,0.000000000000000000e+00,0.000000000000000000e+00
1.343999999999999950e+01,2.660000000000001918e+00,0.000000000000000000e+00,0.000000000000000000e+00
1.346000000000000085e+01,2.664000000000001922e+00,0.000000000000000000e+00,0.000000000000000000e+00
1.348000000000000043e+01,2.668000000000001926e+00,0.000000000000000000e+00,0.000000000000000000e+00
1.350000000000000000e+01,2.672000000000001929e+00,0.000000000000000000e+00,0.000000000000000000e+00
1.351999999999999957e+01,2.676000000000001933e+00,0.000000000000000000e+00,0.000000000000000000e+00
1.353999999999999915e+01,2.680000000000001936e+00,0.000000000000000000e+00,0.000000000000000000e+00
1.356000000000000050e+01,2.684000000000001940e+00,0.000000000000000000e+00,0.000000000000000000e+00
1.358000000000000007e+01,2.688000000000001943e+00,0.000000000000000000e+00,0.000000000000000000e+00
1.359999999999999964e+01,2.692000000000001947e+00,0.000000000000000000e+00,0.000000000000000000e+00
1.361999999999999922e+01,2.696000000000001950e+00,0.000000000000000000e+00,0.000000000000000000e+00
1.364000000000000057e+01,2.700000000000001954e+00,0.000000000000000000e+00,0.000000000000000000e+00
1.366000000000000014e+01,2.704000000000001958e+00,0.000000000000000000e+00,0.000000000000000000e+00
1.367999999999999972e+01,2.708000000000001961e+00,0.000000000000000000e+00,0.000000000000000000e+00
1.369999999999999929e+01,2.712000000000001965e+00,0.000000000000000000e+00,0.000000000000000000e+00
1.372000000000000064e+01,2.716000000000001968e+00,0.000000000000000000e+00,0.000000000000000000e+00
1.374000000000000021e+01,2.720000000000001972e+00,0.000000000000000000e+00,0.000000000000000000e+00
1.375999999999999979e+01,2.724000000000001975e+00,0.000000000000000000e+00,0.000000000000000000e+00
1.377999999999999936e+01,2.728000000000001979e+00,0.000000000000000000e+00,0.000000000000000000e+00
1.380000000000000071e+01,2.732000000000001982e+00,0.000000000000000000e+00,0.000000000000000000e+00
1.382000000000000028e+01,2.736000000000001986e+00,0.000000000000000000e+00,0.000000000000000000e+00
1.383999999999999986e+01,2.740000000000001990e+00,0.000000000000000000e+00,0.000000000000000000e+00
1.385999999999999943e+01,2.744000000000001993e+00,0.000000000000000000e+00,0.000000000000000000e+00
1.388000000000000078e+01,2.748000000000001997e+00,0.000000000000000000e+00,0.000000000000000000e+00
1.390000000000000036e+01,2.752000000000002000e+00,0.000000000000000000e+00,0.000000000000000000e+00
1.391999999999999993e+01,2.756000000000002004e+00,0.000000000000000000e+00,0.000000000000000000e+00
1.393999999999999950e+01,2.760000000000002007e+00,0.000000000000000000e+00,0.000000000000000000e+00
1.396000000000000085e+01,2.764000000000002011e+00,0.000000000000000000e+00,0.000000000000000000e+00
1.398000000000000043e+01,2.768000000000002014e+00,0.000000000000000000e+00,0.000000000000000000e+00
1.400000000000000000e+01,2.772000000000002018e+00,0.000000000000000000e+00,0.000000000000000000e+00
1.401999999999999957e+01,2.776000000000002021e+00,0.000000000000000000e+00,0.000000000000000000e+00
1.403999999999999915e+01,2.780000000000002025e+00,0.000000000000000000e+00,0.000000000000000000e+00
1.406000000000000050e+01,2.784000000000002029e+00,0.000000000000000000e+00,0.000000000000000000e+00
1.408000000000000007e+01,2.788000000000002032e+00,0.000000000000000000e+00,0.000000000000000000e+00
1.409999999999999964e+01,2.792000000000002036e+00,0.000000000000000000e+00,0.000000000000000000e+00
1.411999999999999922e+01,2.796000000000002039e+00,0.000000000000000000e+00,0.000000000000000000e+00
1.414000000000000057e+01,2.800000000000002043e+00,0.000000000000000000e+00,0.000000000000000000e+00
1.416000000000000014e+01,2.804000000000002046e+00,0.000000000000000000e+00,0.000000000000000000e+00
1.417999999999999972e+01,2.808000000000002050e+00,0.000000000000000000e+00,0.000000000000000000e+00
1.419999999999999929e+01,2.812000000000002053e+00,0.000000000000000000e+00,0.000000000000000000e+00
1.422000000000000064e+01,2.816000000000002057e+00,0.000000000000000000e+00,0.000000000000000000e+00
1.424000000000000021e+01,2.820000000000002061e+00,0.000000000000000000e+00,0.000000000000000000e+00
1.425999999999999979e+01,2.824000000000002064e+00,0.000000000000000000e+00,0.000000000000000000e+00
1.427999999999999936e+01,2.828000000000002068e+00,0.000000000000000000e+00,0.000000000000000000e+00
1.430000000000000071e+01,2.832000000000002071e+00,0.000000000000000000e+00,0.000000000000000000e+00
1.432000000000000028e+01,2.836000000000002075e+00,0.000000000000000000e+00,0.000000000000000000e+00
1.433999999999999986e+01,2.840000000000002078e+00,0.000000000000000000e+00,0.000000000000000000e+00
1.435999999999999943e+01,2.844000000000002082e+00,0.000000000000000000e+00,0.000000000000000000e+00
1.438000000000000078e+01,2.848000000000002085e+00,0.000000000000000000e+00,0.000000000000000000e+00
1.440000000000000036e+01,2.852000000000002089e+00,0.000000000000000000e+00,0.000000000000000000e+00
1.441999999999999993e+01,2.856000000000002093e+00,0.000000000000000000e+00,0.000000000000000000e+00
1.443999999999999950e+01,2.860000000000002096e+00,0.000000000000000000e+00,0.000000000000000000e+00
1.446000000000000085e+01,2.864000000000002100e+00,0.000000000000000000e+00,0.000000000000000000e+00
1.448000000000000043e+01,2.868000000000002103e+00,0.000000000000000000e+00,0.000000000000000000e+00
1.450000000000000000e+01,2.872000000000002107e+00,0.000000000000000000e+00,0.000000000000000000e+00
1.451999999999999957e+01,2.876000000000002110e+00,0.000000000000000000e+00,0.000000000000000000e+00
1.453999999999999915e+01,2.880000000000002114e+00,0.000000000000000000e+00,0.000000000000000000e+00
1.456000000000000050e+01,2.884000000000002117e+00,0.000000000000000000e+00,0.000000000000000000e+00
1.458000000000000007e+01,2.888000000000002121e+00,0.000000000000000000e+00,0.000000000000000000e+00
1.459999999999999964e+01,2.892000000000002125e+00,0.000000000000000000e+00,0.000000000000000000e+00
1.461999999999999922e+01,2.896000000000002128e+00,0.000000000000000000e+00,0.000000000000000000e+00
1.464000000000000057e+01,2.900000000000002132e+00,0.000000000000000000e+00,0.000000000000000000e+00
1.466000000000000014e+01,2.904000000000002135e+00,0.000000000000000000e+00,0.000000000000000000e+00
1.467999999999999972e+01,2.908000000000002139e+00,0.000000000000000000e+00,0.000000000000000000e+00
1.469999999999999929e+01,2.912000000000002142e+00,0.000000000000000000e+00,0.000000000000000000e+00
1.472000000000000064e+01,2.916000000000002146e+00,0.000000000000000000e+00,0.000000000000000000e+00
1.474000000000000021e+01,2.920000000000002149e+00,0.000000000000000000e+00,0.000000000000000000e+00
1.475999999999999979e+01,2.924000000000002153e+00,0.000000000000000000e+00,0.000000000000000000e+00
1.477999999999999936e+01,2.928000000000002156e+00,0.000000000000000000e+00,0.000000000000000000e+00
1.480000000000000071e+01,2.932000000000002160e+00,0.000000000000000000e+00,0.000000000000000000e+00
1.482000000000000028e+01,2.936000000000002164e+00,0.000000000000000000e+00,0.000000000000000000e+00
1.483999999999999986e+01,2.940000000000002167e+00,0.000000000000000000e+00,0.000000000000000000e+00
1.485999999999999943e+01,2.944000000000002171e+00,0.000000000000000000e+00,0.000000000000000000e+00
1.488000000000000078e+01,2.948000000000002174e+00,0.000000000000000000e+00,0.000000000000000000e+00
1.490000000000000036e+01,2.952000000000002178e+00,0.000000000000000000e+00,0.000000000000000000e+00
1.491999999999999993e+01,2.956000000000002181e+00,0.000000000000000000e+00,0.000000000000000000e+00
1.493999999999999950e+01,2.960000000000002185e+00,0.000000000000000000e+00,0.000000000000000000e+00
1.496000000000000085e+01,2.964000000000002188e+00,0.000000000000000000e+00,0.000000000000000000e+00
1.498000000000000043e+01,2.968000000000002192e+00,0.000000000000000000e+00,0.000000000000000000e+00
1.500000000000000000e+01,2.972000000000002196e+00,0.000000000000000000e+00,0.000000000000000000e+00
1.501999999999999957e+01,2.976000000000002199e+00,0.000000000000000000e+00,0.000000000000000000e+00
1.503999999999999915e+01,2.980000000000002203e+00,0.000000000000000000e+00,0.000000000000000000e+00
1.506000000000000050e+01,2.984000000000002206e+00,0.000000000000000000e+00,0.000000000000000000e+00
1.508000000000000007e+01,2.988000000000002210e+00,0.000000000000000000e+00,0.000000000000000000e+00
1.509999999999999964e+01,2.992000000000002213e+00,0.000000000000000000e+00,0.000000000000000000e+00
1.511999999999999922e+01,2.996000000000002217e+00,0.000000000000000000e+00,0.000000000000000000e+00
1.514000000000000057e+01,3.000000000000002220e+00,0.000000000000000000e+00,0.000000000000000000e+00
1.516000000000000014e+01,3.004000000000002224e+00,0.000000000000000000e+00,0.000000000000000000e+00
1.517999999999999972e+01,3.008000000000002228e+00,0.000000000000000000e+00,0.000000000000000000e+00
1.519999999999999929e+01,3.012000000000002231e+00,0.000000000000000000e+00,0.000000000000000000e+00
1.522000000000000064e+01,3.016000000000002235e+00,0.000000000000000000e+00,0.000000000000000000e+00
1.524000000000000021e+01,3.020000000000002238e+00,0.000000000000000000e+00,0.000000000000000000e+00
1.525999999999999979e+01,3.024000000000002242e+00,0.000000000000000000e+00,0.000000000000000000e+00
1.527999999999999936e+01,3.028000000000002245e+00,0.000000000000000000e+00,0.000000000000000000e+00
1.530000000000000071e+01,3.032000000000002249e+00,0.000000000000000000e+00,0.000000000000000000e+00
1.532000000000000028e+01,3.036000000000002252e+00,0.000000000000000000e+00,0.000000000000000000e+00
1.533999999999999986e+01,3.040000000000002256e+00,0.000000000000000000e+00,0.000000000000000000e+00
1.535999999999999943e+01,3.044000000000002260e+00,0.000000000000000000e+00,0.000000000000000000e+00
1.538000000000000078e+01,3.048000000000002263e+00,0.000000000000000000e+00,0.000000000000000000e+00
1.540000000000000036e+01,3.052000000000002267e+00,0.000000000000000000e+00,0.000000000000000000e+00
1.541999999999999993e+01,3.056000000000002270e+00,0.000000000000000000e+00,0.000000000000000000e+00
1.543999999999999950e+01,3.060000000000002274e+00,0.000000000000000000e+00,0.000000000000000000e+00
1.546000000000000085e+01,3.064000000000002277e+00,0.000000000000000000e+00,0.000000000000000000e+00
1.548000000000000043e+01,3.068000000000002281e+00,0.000000000000000000e+00,0.000000000000000000e+00
1.550000000000000000e+01,3.072000000000002284e+00,0.000000000000000000e+00,0.000000000000000000e+00
1.551999999999999957e+01,3.076000000000002288e+00,0.000000000000000000e+00,0.000000000000000000e+00
1.553999999999999915e+01,3.080000000000002292e+00,0.000000000000000000e+00,0.000000000000000000e+00
1.556000000000000050e+01,3.084000000000002295e+00,0.000000000000000000e+00,0.000000000000000000e+00
1.558000000000000007e+01,3.088000000000002299e+00,0.000000000000000000e+00,0.000000000000000000e+00
1.559999999999999964e+01,3.092000000000002302e+00,0.000000000000000000e+00,0.000000000000000000e+00
1.561999999999999922e+01,3.096000000000002306e+00,0.000000000000000000e+00,0.000000000000000000e+00
1.564000000000000057e+01,3.100000000000002309e+00,0.000000000000000000e+00,0.000000000000000000e+00
1.566000000000000014e+01,3.104000000000002313e+00,0.000000000000000000e+00,0.000000000000000000e+00
1.567999999999999972e+01,3.108000000000002316e+00,0.000000000000000000e+00,0.000000000000000000e+00
1.569999999999999929e+01,3.112000000000002320e+00,0.000000000000000000e+00,0.000000000000000000e+00
1.572000000000000064e+01,3.116000000000002323e+00,0.000000000000000000e+00,0.000000000000000000e+00
1.574000000000000021e+01,3.120000000000002327e+00,0.000000000000000000e+00,0.000000000000000000e+00
1.575999999999999979e+01,3.124000000000002331e+00,0.000000000000000000e+00,0.000000000000000000e+00
1.577999999999999936e+01,3.128000000000002334e+00,0.000000000000000000e+00,0.000000000000000000e+00
1.580000000000000071e+01,3.132000000000002338e+00,0.000000000000000000e+00,0.000000000000000000e+00
1.582000000000000028e+01,3.136000000000002341e+00,0.000000000000000000e+00,0.000000000000000000e+00
1.583999999999999986e+01,3.140000000000002345e+00,0.000000000000000000e+00,0.000000000000000000e+00
1.585999999999999943e+01,3.144000000000002348e+00,0.000000000000000000e+00,0.000000000000000000e+00
1.588000000000000078e+01,3.148000000000002352e+00,0.000000000000000000e+00,0.000000000000000000e+00
1.590000000000000036e+01,3.152000000000002355e+00,0.000000000000000000e+00,0.000000000000000000e+00
1.591999999999999993e+01,3.156000000000002359e+00,0.000000000000000000e+00,0.000000000000000000e+00
1.593999999999999950e+01,3.160000000000002363e+00,0.000000000000000000e+00,0.000000000000000000e+00
1.596000000000000085e+01,3.164000000000002366e+00,0.000000000000000000e+00,0.000000000000000000e+00
1.598000000000000043e+01,3.168000000000002370e+00,0.000000000000000000e+00,0.000000000000000000e+00
1.600000000000000000e+01,3.172000000000002373e+00,0.000000000000000000e+00,0.000000000000000000e+00
1.601999999999999957e+01,3.176000000000002377e+00,0.000000000000000000e+00,0.000000000000000000e+00
1.603999999999999915e+01,3.180000000000002380e+00,0.000000000000000000e+00,0.000000000000000000e+00
1.605999999999999872e+01,3.184000000000002384e+00,0.000000000000000000e+00,0.000000000000000000e+00
1.607999999999999829e+01,3.188000000000002387e+00,0.000000000000000000e+00,0.000000000000000000e+00
1.610000000000000142e+01,3.192000000000002391e+00,0.000000000000000000e+00,0.000000000000000000e+00
1.612000000000000099e+01,3.196000000000002395e+00,0.000000000000000000e+00,0.000000000000000000e+00
1.614000000000000057e+01,3.200000000000002398e+00,0.000000000000000000e+00,0.000000000000000000e+00
1.616000000000000014e+01,3.204000000000002402e+00,0.000000000000000000e+00,0.000000000000000000e+00
1.617999999999999972e+01,3.208000000000002405e+00,0.000000000000000000e+00,0.000000000000000000e+00
1.619999999999999929e+01,3.212000000000002409e+00,0.000000000000000000e+00,0.000000000000000000e+00
1.621999999999999886e+01,3.216000000000002412e+00,0.000000000000000000e+00,0.000000000000000000e+00
1.623999999999999844e+01,3.220000000000002416e+00,0.000000000000000000e+00,0.000000000000000000e+00
1.626000000000000156e+01,3.224000000000002419e+00,0.000000000000000000e+00,0.000000000000000000e+00
1.628000000000000114e+01,3.228000000000002423e+00,0.000000000000000000e+00,0.000000000000000000e+00
1.630000000000000071e+01,3.232000000000002427e+00,0.000000000000000000e+00,0.000000000000000000e+00
1.632000000000000028e+01,3.236000000000002430e+00,0.000000000000000000e+00,0.000000000000000000e+00
1.633999999999999986e+01,3.240000000000002434e+00,0.000000000000000000e+00,0.000000000000000000e+00
1.635999999999999943e+01,3.244000000000002437e+00,0.000000000000000000e+00,0.000000000000000000e+00
1.637999999999999901e+01,3.248000000000002441e+00,0.000000000000000000e+00,0.000000000000000000e+00
1.639999999999999858e+01,3.252000000000002444e+00,0.000000000000000000e+00,0.000000000000000000e+00
1.642000000000000171e+01,3.256000000000002448e+00,0.000000000000000000e+00,0.000000000000000000e+00
1.644000000000000128e+01,3.260000000000002451e+00,0.000000000000000000e+00,0.000000000000000000e+00
1.646000000000000085e+01,3.264000000000002455e+00,0.000000000000000000e+00,0.000000000000000000e+00
1.648000000000000043e+01,3.268000000000002458e+00,0.000000000000000000e+00,0.000000000000000000e+00
1.650000000000000000e+01,3.272000000000002462e+00,0.000000000000000000e+00,0.000000000000000000e+00
1.651999999999999957e+01,3.276000000000002466e+00,0.000000000000000000e+00,0.000000000000000000e+00
1.653999999999999915e+01,3.280000000000002469e+00,0.000000000000000000e+00,0.000000000000000000e+00
1.655999999999999872e+01,3.284000000000002473e+00,0.000000000000000000e+00,0.000000000000000000e+00
1.657999999999999829e+01,3.288000000000002476e+00,0.000000000000000000e+00,0.000000000000000000e+00
1.660000000000000142e+01,3.292000000000002480e+00,0.000000000000000000e+00,0.000000000000000000e+00
1.662000000000000099e+01,3.296000000000002483e+00,0.000000000000000000e+00,0.000000000000000000e+00
1.664000000000000057e+01,3.300000000000002487e+00,0.000000000000000000e+00,0.000000000000000000e+00
1.666000000000000014e+01,3.304000000000002490e+00,0.000000000000000000e+00,0.000000000000000000e+00
1.667999999999999972e+01,3.308000000000002494e+00,0.000000000000000000e+00,0.000000000000000000e+00
1.669999999999999929e+01,3.312000000000002498e+00,0.000000000000000000e+00,0.000000000000000000e+00
1.671999999999999886e+01,3.316000000000002501e+00,0.000000000000000000e+00,0.000000000000000000e+00
1.673999999999999844e+01,3.320000000000002505e+00,0.000000000000000000e+00,0.000000000000000000e+00
1.676000000000000156e+01,3.324000000000002508e+00,0.000000000000000000e+00,0.000000000000000000e+00
1.678000000000000114e+01,3.328000000000002512e+00,0.000000000000000000e+00,0.000000000000000000e+00
1.680000000000000071e+01,3.332000000000002515e+00,0.000000000000000000e+00,0.000000000000000000e+00
1.682000000000000028e+01,3.336000000000002519e+00,0.000000000000000000e+00,0.000000000000000000e+00
1.683999999999999986e+01,3.340000000000002522e+00,0.000000000000000000e+00,0.000000000000000000e+00
1.685999999999999943e+01,3.344000000000002526e+00,0.000000000000000000e+00,0.000000000000000000e+00
1.687999999999999901e+01,3.348000000000002530e+00,0.000000000000000000e+00,0.000000000000000000e+00
1.689999999999999858e+01,3.352000000000002533e+00,0.000000000000000000e+00,0.000000000000000000e+00
1.692000000000000171e+01,3.356000000000002537e+00,0.000000000000000000e+00,0.000000000000000000e+00
1.694000000000000128e+01,3.360000000000002540e+00,0.000000000000000000e+00,0.000000000000000000e+00
1.696000000000000085e+01,3.364000000000002544e+00,0.000000000000000000e+00,0.000000000000000000e+00
1.698000000000000043e+01,3.368000000000002547e+00,0.000000000000000000e+00,0.000000000000000000e+00
1.700000000000000000e+01,3.372000000000002551e+00,0.000000000000000000e+00,0.000000000000000000e+00
1.701999999999999957e+01,3.376000000000002554e+00,0.000000000000000000e+00,0.000000000000000000e+00
1.703999999999999915e+01,3.380000000000002558e+00,0.000000000000000000e+00,0.000000000000000000e+00
1.705999999999999872e+01,3.384000000000002562e+00,0.000000000000000000e+00,0.000000000000000000e+00
1.707999999999999829e+01,3.388000000000002565e+00,0.000000000000000000e+00,0.000000000000000000e+00
1.710000000000000142e+01,3.392000000000002569e+00,0.000000000000000000e+00,0.000000000000000000e+00
1.712000000000000099e+01,3.396000000000002572e+00,0.000000000000000000e+00,0.000000000000000000e+00
1.714000000000000057e+01,3.400000000000002576e+00,0.000000000000000000e+00,0.000000000000000000e+00
1.716000000000000014e+01,3.404000000000002579e+00,0.000000000000000000e+00,0.000000000000000000e+00
1.717999999999999972e+01,3.408000000000002583e+00,0.000000000000000000e+00,0.000000000000000000e+00
1.719999999999999929e+01,3.412000000000002586e+00,0.000000000000000000e+00,0.000000000000000000e+00
1.721999999999999886e+01,3.416000000000002590e+00,0.000000000000000000e+00,0.000000000000000000e+00
1.723999999999999844e+01,3.420000000000002593e+00,0.000000000000000000e+00,0.000000000000000000e+00
1.726000000000000156e+01,3.424000000000002597e+00,0.000000000000000000e+00,0.000000000000000000e+00
1.728000000000000114e+01,3.428000000000002601e+00,0.000000000000000000e+00,0.000000000000000000e+00
1.730000000000000071e+01,3.432000000000002604e+00,0.000000000000000000e+00,0.000000000000000000e+00
1.732000000000000028e+01,3.436000000000002608e+00,0.000000000000000000e+00,0.000000000000000000e+00
1.733999999999999986e+01,3.440000000000002611e+00,0.000000000000000000e+00,0.000000000000000000e+00
1.735999999999999943e+01,3.444000000000002615e+00,0.000000000000000000e+00,0.000000000000000000e+00
1.737999999999999901e+01,3.448000000000002618e+00,0.000000000000000000e+00,0.000000000000000000e+00
1.739999999999999858e+01,3.452000000000002622e+00,0.000000000000000000e+00,0.000000000000000000e+00
1.742000000000000171e+01,3.456000000000002625e+00,0.000000000000000000e+00,0.000000000000000000e+00
1.744000000000000128e+01,3.460000000000002629e+00,0.000000000000000000e+00,0.000000000000000000e+00
1.746000000000000085e+01,3.464000000000002633e+00,0.000000000000000000e+00,0.000000000000000000e+00
1.748000000000000043e+01,3.468000000000002636e+00,0.000000000000000000e+00,0.000000000000000000e+00
1.750000000000000000e+01,3.472000000000002640e+00,0.000000000000000000e+00,0.000000000000000000e+00
1.751999999999999957e+01,3.476000000000002643e+00,0.000000000000000000e+00,0.000000000000000000e+00
1.753999999999999915e+01,3.480000000000002647e+00,0.000000000000000000e+00,0.000000000000000000e+00
1.755999999999999872e+01,3.484000000000002650e+00,0.000000000000000000e+00,0.000000000000000000e+00
1.757999999999999829e+01,3.488000000000002654e+00,0.000000000000000000e+00,0.000000000000000000e+00
1.760000000000000142e+01,3.492000000000002657e+00,0.000000000000000000e+00,0.000000000000000000e+00
1.762000000000000099e+01,3.496000000000002661e+00,0.000000000000000000e+00,0.000000000000000000e+00
1.764000000000000057e+01,3.500000000000002665e+00,0.000000000000000000e+00,0.000000000000000000e+00
1.766000000000000014e+01,3.504000000000002668e+00,0.000000000000000000e+00,0.000000000000000000e+00
1.767999999999999972e+01,3.508000000000002672e+00,0.000000000000000000e+00,0.000000000000000000e+00
1.769999999999999929e+01,3.512000000000002675e+00,0.000000000000000000e+00,0.000000000000000000e+00
1.771999999999999886e+01,3.516000000000002679e+00,0.000000000000000000e+00,0.000000000000000000e+00
1.773999999999999844e+01,3.520000000000002682e+00,0.000000000000000000e+00,0.000000000000000000e+00
1.776000000000000156e+01,3.524000000000002686e+00,0.000000000000000000e+00,0.000000000000000000e+00
1.778000000000000114e+01,3.528000000000002689e+00,0.000000000000000000e+00,0.000000000000000000e+00
1.780000000000000071e+01,3.532000000000002693e+00,0.000000000000000000e+00,0.000000000000000000e+00
1.782000000000000028e+01,3.536000000000002697e+00,0.000000000000000000e+00,0.000000000000000000e+00
1.783999999999999986e+01,3.540000000000002700e+00,0.000000000000000000e+00,0.000000000000000000e+00
1.785999999999999943e+01,3.544000000000002704e+00,0.000000000000000000e+00,0.000000000000000000e+00
1.787999999999999901e+01,3.548000000000002707e+00,0.000000000000000000e+00,0.000000000000000000e+00
1.789999999999999858e+01,3.552000000000002711e+00,0.000000000000000000e+00,0.000000000000000000e+00
1.792000000000000171e+01,3.556000000000002714e+00,0.000000000000000000e+00,0.000000000000000000e+00
1.794000000000000128e+01,3.560000000000002718e+00,0.000000000000000000e+00,0.000000000000000000e+00
1.796000000000000085e+01,3.564000000000002721e+00,0.000000000000000000e+00,0.000000000000000000e+00
1.798000000000000043e+01,3.568000000000002725e+00,0.000000000000000000e+00,0.000000000000000000e+00
1.800000000000000000e+01,3.572000000000002728e+00,0.000000000000000000e+00,0.000000000000000000e+00
1.801999999999999957e+01,3.576000000000002732e+00,0.000000000000000000e+00,0.000000000000000000e+00
1.803999999999999915e+01,3.580000000000002736e+00,0.000000000000000000e+00,0.000000000000000000e+00
1.805999999999999872e+01,3.584000000000002739e+00,0.000000000000000000e+00,0.000000000000000000e+00
1.807999999999999829e+01,3.588000000000002743e+00,0.000000000000000000e+00,0.000000000000000000e+00
1.810000000000000142e+01,3.592000000000002746e+00,0.000000000000000000e+00,0.000000000000000000e+00
1.812000000000000099e+01,3.596000000000002750e+00,0.000000000000000000e+00,0.000000000000000000e+00
1.814000000000000057e+01,3.600000000000002753e+00,0.000000000000000000e+00,0.000000000000000000e+00
1.816000000000000014e+01,3.604000000000002757e+00,0.000000000000000000e+00,0.000000000000000000e+00
1.817999999999999972e+01,3.608000000000002760e+00,0.000000000000000000e+00,0.000000000000000000e+00
1.819999999999999929e+01,3.612000000000002764e+00,0.000000000000000000e+00,0.000000000000000000e+00
1.821999999999999886e+01,3.616000000000002768e+00,0.000000000000000000e+00,0.000000000000000000e+00
1.823999999999999844e+01,3.620000000000002771e+00,0.000000000000000000e+00,0.000000000000000000e+00
1.826000000000000156e+01,3.624000000000002775e+00,0.000000000000000000e+00,0.000000000000000000e+00
1.828000000000000114e+01,3.628000000000002778e+00,0.000000000000000000e+00,0.000000000000000000e+00
1.830000000000000071e+01,3.632000000000002782e+00,0.000000000000000000e+00,0.000000000000000000e+00
1.832000000000000028e+01,3.636000000000002785e+00,0.000000000000000000e+00,0.000000000000000000e+00
1.833999999999999986e+01,3.640000000000002789e+00,0.000000000000000000e+00,0.000000000000000000e+00
1.835999999999999943e+01,3.644000000000002792e+00,0.000000000000000000e+00,0.000000000000000000e+00
1.837999999999999901e+01,3.648000000000002796e+00,0.000000000000000000e+00,0.000000000000000000e+00
1.839999999999999858e+01,3.652000000000002800e+00,0.000000000000000000e+00,0.000000000000000000e+00
1.842000000000000171e+01,3.656000000000002803e+00,0.000000000000000000e+00,0.000000000000000000e+00
1.844000000000000128e+01,3.660000000000002807e+00,0.000000000000000000e+00,0.000000000000000000e+00
1.846000000000000085e+01,3.664000000000002810e+00,0.000000000000000000e+00,0.000000000000000000e+00
1.848000000000000043e+01,3.668000000000002814e+00,0.000000000000000000e+00,0.000000000000000000e+00
1.850000000000000000e+01,3.672000000000002817e+00,0.000000000000000000e+00,0.000000000000000000e+00
1.851999999999999957e+01,3.676000000000002821e+00,0.000000000000000000e+00,0.000000000000000000e+00
1.853999999999999915e+01,3.680000000000002824e+00,0.000000000000000000e+00,0.000000000000000000e+00
1.855999999999999872e+01,3.684000000000002828e+00,0.000000000000000000e+00,0.000000000000000000e+00
1.857999999999999829e+01,3.688000000000002832e+00,0.000000000000000000e+00,0.000000000000000000e+00
1.860000000000000142e+01,3.692000000000002835e+00,0.000000000000000000e+00,0.000000000000000000e+00
1.862000000000000099e+01,3.696000000000002839e+00,0.000000000000000000e+00,0.000000000000000000e+00
1.864000000000000057e+01,3.700000000000002842e+00,0.000000000000000000e+00,0.000000000000000000e+00
1.866000000000000014e+01,3.704000000000002846e+00,0.000000000000000000e+00,0.000000000000000000e+00
1.867999999999999972e+01,3.708000000000002849e+00,0.000000000000000000e+00,0.000000000000000000e+00
1.869999999999999929e+01,3.712000000000002853e+00,0.000000000000000000e+00,0.000000000000000000e+00
1.871999999999999886e+01,3.716000000000002856e+00,0.000000000000000000e+00,0.000000000000000000e+00
1.873999999999999844e+01,3.720000000000002860e+00,0.000000000000000000e+00,0.000000000000000000e+00
1.876000000000000156e+01,3.724000000000002863e+00,0.000000000000000000e+00,0.000000000000000000e+00
1.878000000000000114e+01,3.728000000000002867e+00,0.000000000000000000e+00,0.000000000000000000e+00
1.880000000000000071e+01,3.732000000000002871e+00,0.000000000000000000e+00,0.000000000000000000e+00
1.882000000000000028e+01,3.736000000000002874e+00,0.000000000000000000e+00,0.000000000000000000e+00
1.883999999999999986e+01,3.740000000000002878e+00,0.000000000000000000e+00,0.000000000000000000e+00
1.885999999999999943e+01,3.744000000000002881e+00,0.000000000000000000e+00,0.000000000000000000e+00
1.887999999999999901e+01,3.748000000000002885e+00,0.000000000000000000e+00,0.000000000000000000e+00
1.889999999999999858e+01,3.752000000000002888e+00,0.000000000000000000e+00,0.000000000000000000e+00
1.892000000000000171e+01,3.756000000000002892e+00,0.000000000000000000e+00,0.000000000000000000e+00
1.894000000000000128e+01,3.760000000000002895e+00,0.000000000000000000e+00,0.000000000000000000e+00
1.896000000000000085e+01,3.764000000000002899e+00,0.000000000000000000e+00,0.000000000000000000e+00
1.898000000000000043e+01,3.768000000000002903e+00,0.000000000000000000e+00,0.000000000000000000e+00
1.900000000000000000e+01,3.772000000000002906e+00,0.000000000000000000e+00,0.000000000000000000e+00
1.901999999999999957e+01,3.776000000000002910e+00,0.000000000000000000e+00,0.000000000000000000e+00
1.903999999999999915e+01,3.780000000000002913e+00,0.000000000000000000e+00,0.000000000000000000e+00
1.905999999999999872e+01,3.784000000000002917e+00,0.000000000000000000e+00,0.000000000000000000e+00
1.907999999999999829e+01,3.788000000000002920e+00,0.000000000000000000e+00,0.000000000000000000e+00
1.910000000000000142e+01,3.792000000000002924e+00,0.000000000000000000e+00,0.000000000000000000e+00
1.912000000000000099e+01,3.796000000000002927e+00,0.000000000000000000e+00,0.000000000000000000e+00
1.914000000000000057e+01,3.800000000000002931e+00,0.000000000000000000e+00,0.000000000000000000e+00
1.916000000000000014e+01,3.804000000000002935e+00,0.000000000000000000e+00,0.000000000000000000e+00
1.917999999999999972e+01,3.808000000000002938e+00,0.000000000000000000e+00,0.000000000000000000e+00
1.919999999999999929e+01,3.812000000000002942e+00,0.000000000000000000e+00,0.000000000000000000e+00
1.921999999999999886e+01,3.816000000000002945e+00,0.000000000000000000e+00,0.000000000000000000e+00
1.923999999999999844e+01,3.820000000000002949e+00,0.000000000000000000e+00,0.000000000000000000e+00
1.926000000000000156e+01,3.824000000000002952e+00,0.000000000000000000e+00,0.000000000000000000e+00
1.928000000000000114e+01,3.828000000000002956e+00,0.000000000000000000e+00,0.000000000000000000e+00
1.930000000000000071e+01,3.832000000000002959e+00,0.000000000000000000e+00,0.000000000000000000e+00
1.932000000000000028e+01,3.836000000000002963e+00,0.000000000000000000e+00,0.000000000000000000e+00
1.933999999999999986e+01,3.840000000000002967e+00,0.000000000000000000e+00,0.000000000000000000e+00
1.935999999999999943e+01,3.844000000000002970e+00,0.000000000000000000e+00,0.000000000000000000e+00
1.937999999999999901e+01,3.848000000000002974e+00,0.000000000000000000e+00,0.000000000000000000e+00
1.939999999999999858e+01,3.852000000000002977e+00,0.000000000000000000e+00,0.000000000000000000e+00
1.942000000000000171e+01,3.856000000000002981e+00,0.000000000000000000e+00,0.000000000000000000e+00
1.944000000000000128e+01,3.860000000000002984e+00,0.000000000000000000e+00,0.000000000000000000e+00
1.946000000000000085e+01,3.864000000000002988e+00,0.000000000000000000e+00,0.000000000000000000e+00
1.948000000000000043e+01,3.868000000000002991e+00,0.000000000000000000e+00,0.000000000000000000e+00
1.950000000000000000e+01,3.872000000000002995e+00,0.000000000000000000e+00,0.000000000000000000e+00
1.951999999999999957e+01,3.876000000000002998e+00,0.000000000000000000e+00,0.000000000000000000e+00
1.953999999999999915e+01,3.880000000000003002e+00,0.000000000000000000e+00,0.000000000000000000e+00
1.955999999999999872e+01,3.884000000000003006e+00,0.000000000000000000e+00,0.000000000000000000e+00
1.957999999999999829e+01,3.888000000000003009e+00,0.000000000000000000e+00,0.000000000000000000e+00
1.960000000000000142e+01,3.892000000000003013e+00,0.000000000000000000e+00,0.000000000000000000e+00
1.962000000000000099e+01,3.896000000000003016e+00,0.000000000000000000e+00,0.000000000000000000e+00
1.964000000000000057e+01,3.896000000000003016e+00,0.000000000000000000e+00,0.000000000000000000e+00
1.966000000000000014e+01,3.896000000000003016e+00,0.000000000000000000e+00,0.000000000000000000e+00
1.967999999999999972e+01,3.896000000000003016e+00,0.000000000000000000e+00,0.000000000000000000e+00
1.969999999999999929e+01,3.896000000000003016e+00,0.000000000000000000e+00,0.000000000000000000e+00
1.971999999999999886e+01,3.896000000000003016e+00,0.000000000000000000e+00,0.000000000000000000e+00
1.973999999999999844e+01,3.896000000000003016e+00,0.000000000000000000e+00,5.999999999999999258e-03
1.976000000000000156e+01,3.896000000000003016e+00,0.000000000000000000e+00,1.200000000000000198e-02
1.978000000000000114e+01,3.896000000000003016e+00,0.000000000000000000e+00,1.800000000000000558e-02
1.980000000000000071e+01,3.896000000000003016e+00,0.000000000000000000e+00,2.400000000000000397e-02
1.982000000000000028e+01,3.896000000000003016e+00,0.000000000000000000e+00,2.999999999999999542e-02
1.983999999999999986e+01,3.896000000000003016e+00,0.000000000000000000e+00,3.599999999999999728e-02
1.985999999999999943e+01,3.896000000000003016e+00,0.000000000000000000e+00,4.200000000000000261e-02
1.987999999999999901e+01,3.896000000000003016e+00,0.000000000000000000e+00,4.799999999999998712e-02
1.989999999999999858e+01,3.896000000000003016e+00,0.000000000000000000e+00,5.399999999999999245e-02
1.992000000000000171e+01,3.896000000000003016e+00,0.000000000000000000e+00,5.999999999999999778e-02
1.994000000000000128e+01,3.896000000000003016e+00,0.000000000000000000e+00,6.599999999999998923e-02
1.996000000000000085e+01,3.896000000000003016e+00,0.000000000000000000e+00,7.199999999999999456e-02
1.998000000000000043e+01,3.896000000000003016e+00,0.000000000000000000e+00,7.799999999999999989e-02
2.000000000000000000e+01,3.896000000000003016e+00,0.000000000000000000e+00,8.399999999999999134e-02
2.001999999999999957e+01,3.896000000000003016e+00,0.000000000000000000e+00,8.999999999999999667e-02
2.003999999999999915e+01,3.896000000000003016e+00,0.000000000000000000e+00,9.600000000000001588e-02
2.005999999999999872e+01,3.896000000000003016e+00,0.000000000000000000e+00,1.020000000000000073e-01
2.007999999999999829e+01,3.896000000000003016e+00,0.000000000000000000e+00,1.080000000000000127e-01
2.010000000000000142e+01,3.896000000000003016e+00,0.000000000000000000e+00,1.140000000000000180e-01
2.012000000000000099e+01,3.896000000000003016e+00,0.000000000000000000e+00,1.200000000000000233e-01
2.014000000000000057e+01,3.896000000000003016e+00,0.000000000000000000e+00,1.260000000000000286e-01
2.016000000000000014e+01,3.896000000000003016e+00,0.000000000000000000e+00,1.320000000000000340e-01
2.017999999999999972e+01,3.896000000000003016e+00,0.000000000000000000e+00,1.380000000000000393e-01
2.019999999999999929e+01,3.896000000000003016e+00,0.000000000000000000e+00,1.440000000000000446e-01
2.021999999999999886e+01,3.896000000000003016e+00,0.000000000000000000e+00,1.500000000000000500e-01
2.023999999999999844e+01,3.896000000000003016e+00,0.000000000000000000e+00,1.560000000000000553e-01
2.026000000000000156e+01,3.896000000000003016e+00,0.000000000000000000e+00,1.620000000000000606e-01
2.028000000000000114e+01,3.896000000000003016e+00,0.000000000000000000e+00,1.680000000000000659e-01
2.030000000000000071e+01,3.896000000000003016e+00,0.000000000000000000e+00,1.740000000000000990e-01
2.032000000000000028e+01,3.896000000000003016e+00,0.000000000000000000e+00,1.800000000000000488e-01
2.033999999999999986e+01,3.896000000000003016e+00,0.000000000000000000e+00,1.860000000000000819e-01
2.035999999999999943e+01,3.896000000000003016e+00,0.000000000000000000e+00,1.920000000000000873e-01
2.037999999999999901e+01,3.896000000000003016e+00,0.000000000000000000e+00,1.980000000000000648e-01
2.039999999999999858e+01,3.896000000000003016e+00,0.000000000000000000e+00,2.040000000000000979e-01
2.042000000000000171e+01,3.896000000000003016e+00,0.000000000000000000e+00,2.100000000000000477e-01
2.044000000000000128e+01,3.896000000000003016e+00,0.000000000000000000e+00,2.160000000000001363e-01
2.046000000000000085e+01,3.896000000000003016e+00,0.000000000000000000e+00,2.220000000000001417e-01
2.048000000000000043e+01,3.896000000000003016e+00,0.000000000000000000e+00,2.280000000000000637e-01
2.050000000000000000e+01,3.896000000000003016e+00,0.000000000000000000e+00,2.340000000000000691e-01
2.051999999999999957e+01,3.896000000000003016e+00,0.000000000000000000e+00,2.400000000000001021e-01
2.053999999999999915e+01,3.896000000000003016e+00,0.000000000000000000e+00,2.460000000000000797e-01
2.055999999999999872e+01,3.896000000000003016e+00,0.000000000000000000e+00,2.520000000000001128e-01
2.057999999999999829e+01,3.896000000000003016e+00,0.000000000000000000e+00,2.580000000000001181e-01
2.060000000000000142e+01,3.896000000000003016e+00,0.000000000000000000e+00,2.640000000000000679e-01
2.062000000000000099e+01,3.896000000000003016e+00,0.000000000000000000e+00,2.700000000000000733e-01
2.064000000000000057e+01,3.896000000000003016e+00,0.000000000000000000e+00,2.760000000000001341e-01
2.066000000000000014e+01,3.896000000000003016e+00,0.000000000000000000e+00,2.820000000000002505e-01
2.067999999999999972e+01,3.896000000000003016e+00,0.000000000000000000e+00,2.880000000000002558e-01
2.069999999999999929e+01,3.896000000000003016e+00,0.000000000000000000e+00,2.940000000000002611e-01
2.071999999999999886e+01,3.896000000000003016e+00,0.000000000000000000e+00,3.000000000000002665e-01
2.073999999999999844e+01,3.896000000000003016e+00,0.000000000000000000e+00,3.060000000000002718e-01
2.076000000000000156e+01,3.896000000000003016e+00,0.000000000000000000e+00,3.120000000000002771e-01
2.078000000000000114e+01,3.896000000000003016e+00,0.000000000000000000e+00,3.180000000000003935e-01
2.080000000000000071e+01,3.896000000000003016e+00,0.000000000000000000e+00,3.240000000000003433e-01
2.082000000000000028e+01,3.896000000000003016e+00,0.000000000000000000e+00,3.300000000000003486e-01
2.083999999999999986e+01,3.896000000000003016e+00,0.000000000000000000e+00,3.360000000000003539e-01
2.085999999999999943e+01,3.896000000000003016e+00,0.000000000000000000e+00,3.420000000000004148e-01
2.087999999999999901e+01,3.896000000000003016e+00,0.000000000000000000e+00,3.480000000000003091e-01
2.089999999999999858e+01,3.896000000000003016e+00,0.000000000000000000e+00,3.540000000000004254e-01
2.092000000000000171e+01,3.896000000000003016e+00,0.000000000000000000e+00,3.600000000000003753e-01
2.094000000000000128e+01,3.896000000000003016e+00,0.000000000000000000e+00,3.660000000000003806e-01
2.096000000000000085e+01,3.896000000000003016e+00,0.000000000000000000e+00,3.720000000000003859e-01
2.098000000000000043e+01,3.896000000000003016e+00,0.000000000000000000e+00,3.780000000000003357e-01
2.100000000000000000e+01,3.896000000000003016e+00,0.000000000000000000e+00,3.840000000000003966e-01
2.101999999999999957e+01,3.896000000000003016e+00,0.000000000000000000e+00,3.900000000000004019e-01
2.103999999999999915e+01,3.896000000000003016e+00,0.000000000000000000e+00,3.960000000000004072e-01
2.105999999999999872e+01,3.896000000000003016e+00,0.000000000000000000e+00,4.020000000000004126e-01
2.107999999999999829e+01,3.896000000000003016e+00,0.000000000000000000e+00,4.080000000000004179e-01
2.110000000000000142e+01,3.896000000000003016e+00,0.000000000000000000e+00,4.140000000000003677e-01
2.112000000000000099e+01,3.896000000000003016e+00,0.000000000000000000e+00,4.200000000000003175e-01
2.114000000000000057e+01,3.896000000000003016e+00,0.000000000000000000e+00,4.260000000000003784e-01
2.116000000000000014e+01,3.896000000000003016e+00,0.000000000000000000e+00,4.320000000000003837e-01
2.117999999999999972e+01,3.896000000000003016e+00,0.000000000000000000e+00,4.380000000000004445e-01
2.119999999999999929e+01,3.896000000000003016e+00,0.000000000000000000e+00,4.440000000000003944e-01
2.121999999999999886e+01,3.896000000000003016e+00,0.000000000000000000e+00,4.500000000000003997e-01
2.123999999999999844e+01,3.896000000000003016e+00,0.000000000000000000e+00,4.560000000000004050e-01
2.126000000000000156e+01,3.896000000000003016e+00,0.000000000000000000e+00,4.620000000000004103e-01
2.128000000000000114e+01,3.896000000000003016e+00,0.000000000000000000e+00,4.680000000000003602e-01
2.130000000000000071e+01,3.896000000000003016e+00,0.000000000000000000e+00,4.740000000000003655e-01
2.132000000000000028e+01,3.896000000000003016e+00,0.000000000000000000e+00,4.800000000000004818e-01
2.133999999999999986e+01,3.896000000000003016e+00,0.000000000000000000e+00,4.860000000000004317e-01
2.135999999999999943e+01,3.896000000000003016e+00,0.000000000000000000e+00,4.920000000000003815e-01
2.137999999999999901e+01,3.896000000000003016e+00,0.000000000000000000e+00,4.980000000000003868e-01
2.139999999999999858e+01,3.896000000000003016e+00,0.000000000000000000e+00,5.040000000000003366e-01
2.142000000000000171e+01,3.896000000000003016e+00,0.000000000000000000e+00,5.100000000000003419e-01
2.144000000000000128e+01,3.896000000000003016e+00,0.000000000000000000e+00,5.160000000000004583e-01
2.146000000000000085e+01,3.896000000000003016e+00,0.000000000000000000e+00,5.220000000000003526e-01
2.148000000000000043e+01,3.896000000000003016e+00,0.000000000000000000e+00,5.280000000000004690e-01
2.150000000000000000e+01,3.896000000000003016e+00,0.000000000000000000e+00,5.340000000000003633e-01
2.151999999999999957e+01,3.896000000000003016e+00,0.000000000000000000e+00,5.400000000000003686e-01
2.153999999999999915e+01,3.896000000000003016e+00,0.000000000000000000e+00,5.460000000000003739e-01
2.155999999999999872e+01,3.896000000000003016e+00,0.000000000000000000e+00,5.520000000000002682e-01
2.157999999999999829e+01,3.896000000000003016e+00,0.000000000000000000e+00,5.580000000000002736e-01
2.160000000000000142e+01,3.896000000000003016e+00,0.000000000000000000e+00,5.640000000000003899e-01
2.162000000000000099e+01,3.896000000000003016e+00,0.000000000000000000e+00,5.700000000000002842e-01
2.164000000000000057e+01,3.896000000000003016e+00,0.000000000000000000e+00,5.760000000000004006e-01
2.166000000000000014e+01,3.896000000000003016e+00,0.000000000000000000e+00,5.820000000000002949e-01
2.167999999999999972e+01,3.896000000000003016e+00,0.000000000000000000e+00,5.880000000000001892e-01
2.169999999999999929e+01,3.896000000000003016e+00,0.000000000000000000e+00,5.940000000000003055e-01
2.171999999999999886e+01,3.896000000000003016e+00,0.000000000000000000e+00,6.000000000000003109e-01
2.173999999999999844e+01,3.896000000000003016e+00,0.000000000000000000e+00,6.060000000000004272e-01
2.176000000000000156e+01,3.896000000000003016e+00,0.000000000000000000e+00,6.120000000000003215e-01
2.178000000000000114e+01,3.896000000000003016e+00,0.000000000000000000e+00,6.180000000000003268e-01
2.180000000000000071e+01,3.896000000000003016e+00,0.000000000000000000e+00,6.240000000000003322e-01
2.182000000000000028e+01,3.896000000000003016e+00,0.000000000000000000e+00,6.300000000000005596e-01
2.183999999999999986e+01,3.896000000000003016e+00,0.000000000000000000e+00,6.360000000000005649e-01
2.185999999999999943e+01,3.896000000000003016e+00,0.000000000000000000e+00,6.420000000000005702e-01
2.187999999999999901e+01,3.896000000000003016e+00,0.000000000000000000e+00,6.480000000000004645e-01
2.189999999999999858e+01,3.896000000000003016e+00,0.000000000000000000e+00,6.540000000000004698e-01
2.192000000000000171e+01,3.896000000000003016e+00,0.000000000000000000e+00,6.600000000000005862e-01
2.194000000000000128e+01,3.896000000000003016e+00,0.000000000000000000e+00,6.660000000000004805e-01
2.196000000000000085e+01,3.896000000000003016e+00,0.000000000000000000e+00,6.720000000000003748e-01
2.198000000000000043e+01,3.896000000000003016e+00,0.000000000000000000e+00,6.780000000000003801e-01
2.200000000000000000e+01,3.896000000000003016e+00,0.000000000000000000e+00,6.840000000000004965e-01
2.201999999999999957e+01,3.896000000000003016e+00,0.000000000000000000e+00,6.900000000000003908e-01
2.203999999999999915e+01,3.896000000000003016e+00,0.000000000000000000e+00,6.960000000000002851e-01
2.205999999999999872e+01,3.896000000000003016e+00,0.000000000000000000e+00,7.020000000000005125e-01
2.207999999999999829e+01,3.896000000000003016e+00,0.000000000000000000e+00,7.080000000000005178e-01
2.210000000000000142e+01,3.896000000000003016e+00,0.000000000000000000e+00,7.140000000000003011e-01
2.212000000000000099e+01,3.896000000000003016e+00,0.000000000000000000e+00,7.200000000000004174e-01
2.214000000000000057e+01,3.896000000000003016e+00,0.000000000000000000e+00,7.260000000000004228e-01
2.216000000000000014e+01,3.896000000000003016e+00,0.000000000000000000e+00,7.320000000000003171e-01
2.217999999999999972e+01,3.896000000000003016e+00,0.000000000000000000e+00,7.380000000000003224e-01
2.219999999999999929e+01,3.896000000000003016e+00,0.000000000000000000e+00,7.440000000000004388e-01
2.221999999999999886e+01,3.896000000000003016e+00,0.000000000000000000e+00,7.500000000000005551e-01
2.223999999999999844e+01,3.896000000000003016e+00,0.000000000000000000e+00,7.560000000000004494e-01
2.226000000000000156e+01,3.896000000000003016e+00,0.000000000000000000e+00,7.620000000000004547e-01
2.228000000000000114e+01,3.896000000000003016e+00,0.000000000000000000e+00,7.680000000000005711e-01
2.230000000000000071e+01,3.896000000000003016e+00,0.000000000000000000e+00,7.740000000000005764e-01
2.232000000000000028e+01,3.896000000000003016e+00,0.000000000000000000e+00,7.800000000000003597e-01
2.233999999999999986e+01,3.896000000000003016e+00,0.000000000000000000e+00,7.860000000000004761e-01
2.235999999999999943e+01,3.896000000000003016e+00,0.000000000000000000e+00,7.920000000000003704e-01
2.237999999999999901e+01,3.896000000000003016e+00,0.000000000000000000e+00,7.980000000000003757e-01
2.239999999999999858e+01,3.896000000000003016e+00,0.000000000000000000e+00,8.040000000000003810e-01
2.242000000000000171e+01,3.896000000000003016e+00,0.000000000000000000e+00,8.100000000000003864e-01
2.244000000000000128e+01,3.896000000000003016e+00,0.000000000000000000e+00,8.160000000000003917e-01
2.246000000000000085e+01,3.896000000000003016e+00,0.000000000000000000e+00,8.220000000000003970e-01
2.248000000000000043e+01,3.896000000000003016e+00,0.000000000000000000e+00,8.280000000000004023e-01
2.250000000000000000e+01,3.896000000000003016e+00,0.000000000000000000e+00,8.340000000000002967e-01
2.251999999999999957e+01,3.896000000000003016e+00,0.000000000000000000e+00,8.400000000000004130e-01
2.253999999999999915e+01,3.896000000000003016e+00,0.000000000000000000e+00,8.460000000000005294e-01
2.255999999999999872e+01,3.896000000000003016e+00,0.000000000000000000e+00,8.520000000000003126e-01
2.257999999999999829e+01,3.896000000000003016e+00,0.000000000000000000e+00,8.580000000000003180e-01
2.260000000000000142e+01,3.896000000000003016e+00,0.000000000000000000e+00,8.640000000000003233e-01
2.262000000000000099e+01,3.896000000000003016e+00,0.000000000000000000e+00,8.700000000000005507e-01
2.264000000000000057e+01,3.896000000000003016e+00,0.000000000000000000e+00,8.760000000000003340e-01
2.266000000000000014e+01,3.896000000000003016e+00,0.000000000000000000e+00,8.820000000000004503e-01
2.267999999999999972e+01,3.896000000000003016e+00,0.000000000000000000e+00,8.880000000000004556e-01
2.269999999999999929e+01,3.896000000000003016e+00,0.000000000000000000e+00,8.940000000000004610e-01
2.271999999999999886e+01,3.896000000000003016e+00,0.000000000000000000e+00,9.000000000000003553e-01
2.273999999999999844e+01,3.896000000000003016e+00,0.000000000000000000e+00,9.060000000000003606e-01
2.276000000000000156e+01,3.896000000000003016e+00,0.000000000000000000e+00,9.120000000000005880e-01
2.278000000000000114e+01,3.896000000000003016e+00,0.000000000000000000e+00,9.180000000000005933e-01
2.280000000000000071e+01,3.896000000000003016e+00,0.000000000000000000e+00,9.240000000000005986e-01
2.282000000000000028e+01,3.896000000000003016e+00,0.000000000000000000e+00,9.300000000000004929e-01
2.283999999999999986e+01,3.896000000000003016e+00,0.000000000000000000e+00,9.360000000000006093e-01
2.285999999999999943e+01,3.896000000000003016e+00,0.000000000000000000e+00,9.420000000000006146e-01
2.287999999999999901e+01,3.896000000000003016e+00,0.000000000000000000e+00,9.480000000000007310e-01
2.289999999999999858e+01,3.896000000000003016e+00,0.000000000000000000e+00,9.540000000000006253e-01
2.292000000000000171e+01,3.896000000000003016e+00,0.000000000000000000e+00,9.600000000000006306e-01
2.294000000000000128e+01,3.896000000000003016e+00,0.000000000000000000e+00,9.660000000000005249e-01
2.296000000000000085e+01,3.896000000000003016e+00,0.000000000000000000e+00,9.720000000000005302e-01
2.298000000000000043e+01,3.896000000000003016e+00,0.000000000000000000e+00,9.780000000000006466e-01
2.300000000000000000e+01,3.896000000000003016e+00,0.000000000000000000e+00,9.840000000000006519e-01
2.301999999999999957e+01,3.896000000000003016e+00,0.000000000000000000e+00,9.900000000000006573e-01
2.303999999999999915e+01,3.896000000000003016e+00,0.000000000000000000e+00,9.960000000000006626e-01
2.305999999999999872e+01,3.896000000000003016e+00,0.000000000000000000e+00,1.002000000000000668e+00
2.307999999999999829e+01,3.896000000000003016e+00,0.000000000000000000e+00,1.008000000000000895e+00
2.310000000000000142e+01,3.896000000000003016e+00,0.000000000000000000e+00,1.014000000000000679e+00
2.312000000000000099e+01,3.896000000000003016e+00,0.000000000000000000e+00,1.020000000000000684e+00
2.314000000000000057e+01,3.896000000000003016e+00,0.000000000000000000e+00,1.026000000000000689e+00
2.316000000000000014e+01,3.896000000000003016e+00,0.000000000000000000e+00,1.032000000000000695e+00
2.317999999999999972e+01,3.896000000000003016e+00,0.000000000000000000e+00,1.038000000000000700e+00
2.319999999999999929e+01,3.896000000000003016e+00,0.000000000000000000e+00,1.044000000000000705e+00
2.321999999999999886e+01,3.896000000000003016e+00,0.000000000000000000e+00,1.050000000000000711e+00
2.323999999999999844e+01,3.896000000000003016e+00,0.000000000000000000e+00,1.056000000000000938e+00
2.326000000000000156e+01,3.896000000000003016e+00,0.000000000000000000e+00,1.062000000000000721e+00
2.328000000000000114e+01,3.896000000000003016e+00,0.000000000000000000e+00,1.068000000000000727e+00
2.330000000000000071e+01,3.896000000000003016e+00,0.000000000000000000e+00,1.074000000000000732e+00
2.332000000000000028e+01,3.896000000000003016e+00,0.000000000000000000e+00,1.080000000000000737e+00
2.333999999999999986e+01,3.896000000000003016e+00,0.000000000000000000e+00,1.086000000000000743e+00
2.335999999999999943e+01,3.896000000000003016e+00,0.000000000000000000e+00,1.092000000000000748e+00
2.337999999999999901e+01,3.896000000000003016e+00,0.000000000000000000e+00,1.098000000000000753e+00
2.339999999999999858e+01,3.896000000000003016e+00,0.000000000000000000e+00,1.104000000000000759e+00
2.342000000000000171e+01,3.896000000000003016e+00,0.000000000000000000e+00,1.110000000000000764e+00
2.344000000000000128e+01,3.896000000000003016e+00,0.000000000000000000e+00,1.116000000000000769e+00
2.346000000000000085e+01,3.896000000000003016e+00,0.000000000000000000e+00,1.122000000000000997e+00
2.348000000000000043e+01,3.896000000000003016e+00,0.000000000000000000e+00,1.128000000000001002e+00
2.350000000000000000e+01,3.896000000000003016e+00,0.000000000000000000e+00,1.134000000000000563e+00
2.351999999999999957e+01,3.896000000000003016e+00,0.000000000000000000e+00,1.140000000000000568e+00
2.353999999999999915e+01,3.896000000000003016e+00,0.000000000000000000e+00,1.146000000000001018e+00
2.355999999999999872e+01,3.896000000000003016e+00,0.000000000000000000e+00,1.152000000000000801e+00
2.357999999999999829e+01,3.896000000000003016e+00,0.000000000000000000e+00,1.158000000000000806e+00
2.360000000000000142e+01,3.896000000000003016e+00,0.000000000000000000e+00,1.164000000000000812e+00
2.362000000000000099e+01,3.896000000000003016e+00,0.000000000000000000e+00,1.170000000000000817e+00
2.364000000000000057e+01,3.896000000000003016e+00,0.000000000000000000e+00,1.176000000000000822e+00
2.366000000000000014e+01,3.896000000000003016e+00,0.000000000000000000e+00,1.182000000000000606e+00
2.367999999999999972e+01,3.896000000000003016e+00,0.000000000000000000e+00,1.188000000000000833e+00
2.369999999999999929e+01,3.896000000000003016e+00,0.000000000000000000e+00,1.194000000000000838e+00
2.371999999999999886e+01,3.896000000000003016e+00,0.000000000000000000e+00,1.200000000000000844e+00
2.373999999999999844e+01,3.896000000000003016e+00,0.000000000000000000e+00,1.206000000000000627e+00
2.376000000000000156e+01,3.896000000000003016e+00,0.000000000000000000e+00,1.212000000000000854e+00
2.378000000000000114e+01,3.896000000000003016e+00,0.000000000000000000e+00,1.218000000000000860e+00
2.380000000000000071e+01,3.896000000000003016e+00,0.000000000000000000e+00,1.224000000000000865e+00
2.382000000000000028e+01,3.896000000000003016e+00,0.000000000000000000e+00,1.230000000000000870e+00
2.383999999999999986e+01,3.896000000000003016e+00,0.000000000000000000e+00,1.236000000000000876e+00
2.385999999999999943e+01,3.896000000000003016e+00,0.000000000000000000e+00,1.242000000000000881e+00
2.387999999999999901e+01,3.896000000000003016e+00,0.000000000000000000e+00,1.248000000000000886e+00
2.389999999999999858e+01,3.896000000000003016e+00,0.000000000000000000e+00,1.254000000000000892e+00
2.392000000000000171e+01,3.896000000000003016e+00,0.000000000000000000e+00,1.260000000000000897e+00
2.394000000000000128e+01,3.896000000000003016e+00,0.000000000000000000e+00,1.265816043661729617e+00
2.396000000000000085e+01,3.896000000000003016e+00,0.000000000000000000e+00,1.271632087323458338e+00
2.398000000000000043e+01,3.896000000000003016e+00,0.000000000000000000e+00,1.277448130985187280e+00
2.400000000000000000e+01,3.896000000000003016e+00,0.000000000000000000e+00,1.283264174646916000e+00
2.401999999999999957e+01,3.896000000000003016e+00,0.000000000000000000e+00,1.289080218308644277e+00
2.403999999999999915e+01,3.896000000000003016e+00,0.000000000000000000e+00,1.294310978477435148e+00
2.405999999999999872e+01,3.896000000000003016e+00,0.000000000000000000e+00,1.299541738646225353e+00
2.407999999999999829e+01,3.896000000000003016e+00,0.000000000000000000e+00,1.304772498815015780e+00
2.410000000000000142e+01,3.896000000000003016e+00,0.000000000000000000e+00,1.310003258983806207e+00
2.412000000000000099e+01,3.896000000000003016e+00,0.000000000000000000e+00,1.315234019152596856e+00
2.414000000000000057e+01,3.896000000000003016e+00,0.000000000000000000e+00,1.319929997634649244e+00
2.416000000000000014e+01,3.896000000000003016e+00,0.000000000000000000e+00,1.324625976116701853e+00
2.417999999999999972e+01,3.896000000000003016e+00,0.000000000000000000e+00,1.329321954598754463e+00
2.419999999999999929e+01,3.896000000000003016e+00,0.000000000000000000e+00,1.334017933080807072e+00
2.421999999999999886e+01,3.896000000000003016e+00,0.000000000000000000e+00,1.338713911562859682e+00
2.423999999999999844e+01,3.896000000000003016e+00,0.000000000000000000e+00,1.342929596562971950e+00
2.426000000000000156e+01,3.896000000000003016e+00,0.000000000000000000e+00,1.347145281563084440e+00
2.428000000000000114e+01,3.896000000000003016e+00,0.000000000000000000e+00,1.351360966563197152e+00
2.430000000000000071e+01,3.896000000000003016e+00,0.000000000000000000e+00,1.355576651563309420e+00
2.432000000000000028e+01,3.896000000000003016e+00,0.000000000000000000e+00,1.359792336563422355e+00
2.433999999999999986e+01,3.896830363772501027e+00,3.912860450953769761e-03,1.363576847193884722e+00
2.435999999999999943e+01,3.897645913371931670e+00,7.828835393951238952e-03,1.367361357824347312e+00
2.437999999999999901e+01,3.898446637117582547e+00,1.174786874242718729e-02,1.371145868454809902e+00
2.439999999999999858e+01,3.899232523541084738e+00,1.566990436601221198e-02,1.374930379085272492e+00
2.442000000000000171e+01,3.900003561386577555e+00,1.959488609133700626e-02,1.378714889715735303e+00
2.444000000000000128e+01,3.900760472039487059e+00,2.352261708324066350e-02,1.382126497558731293e+00
2.446000000000000085e+01,3.901503978435670206e+00,2.745290749491300503e-02,1.385538105401727949e+00
2.448000000000000043e+01,3.902234071921413694e+00,3.138571158148073525e-02,1.388949713244724382e+00
2.450000000000000000e+01,3.902950743999117567e+00,3.532098356881376022e-02,1.392361321087720816e+00
2.451999999999999957e+01,3.903653986327395575e+00,3.925867765405794546e-02,1.395772928930717249e+00
2.453999999999999915e+01,3.904344445572578870e+00,4.319863366758751322e-02,1.398852157494972159e+00
2.455999999999999872e+01,3.905022769538492255e+00,4.714069708096313427e-02,1.401931386059226625e+00
2.457999999999999829e+01,3.905688951793510721e+00,5.108483051695456717e-02,1.405010614623481313e+00
2.460000000000000142e+01,3.906342986021133612e+00,5.503099657870419437e-02,1.408089843187736001e+00
2.462000000000000099e+01,3.906984866020043246e+00,5.897915785008189110e-02,1.411169071751990689e+00
2.464000000000000057e+01,3.907615177919794736e+00,6.292918273721077871e-02,1.413948473111157567e+00
2.466000000000000014e+01,3.908234508694540477e+00,6.688094425473160853e-02,1.416727874470324888e+00
2.467999999999999972e+01,3.908842853559909347e+00,7.083441187502212411e-02,1.419507275829491988e+00
2.469999999999999929e+01,3.909440207816395674e+00,7.478955505728032693e-02,1.422286677188659088e+00
2.471999999999999886e+01,3.910026566849398755e+00,7.874634324776032257e-02,1.425066078547826187e+00
2.473999999999999844e+01,3.910602461637081806e+00,8.270466824718815391e-02,1.427574926953800283e+00
2.476000000000000156e+01,3.911168423785385428e+00,8.666442562034418207e-02,1.430083775359774378e+00
2.478000000000000114e+01,3.911724449731964537e+00,9.062559044326010116e-02,1.432592623765748474e+00
2.480000000000000071e+01,3.912270535977015573e+00,9.458813778310878884e-02,1.435101472171722570e+00
2.482000000000000028e+01,3.912806679083298711e+00,9.855204269836108366e-02,1.437610320577696665e+00
2.483999999999999986e+01,3.913333359748277562e+00,1.025172161672828069e-01,1.439875021963549440e+00
2.485999999999999943e+01,3.913851059136443933e+00,1.064835722411868607e-01,1.442139723349402214e+00
2.487999999999999901e+01,3.914359774592584884e+00,1.104510905771478591e-01,1.444404424735254988e+00
2.489999999999999858e+01,3.914859503507564842e+00,1.144197508262793372e-01,1.446669126121107540e+00
2.492000000000000171e+01,3.915350243318339363e+00,1.183895326338380849e-01,1.448933827506960537e+00
2.494000000000000128e+01,3.915832428967540579e+00,1.223603627016038864e-01,1.450978203377024878e+00
2.496000000000000085e+01,3.916306495745581984e+00,1.263321702394041290e-01,1.453022579247089441e+00
2.498000000000000043e+01,3.916772441671113825e+00,1.303049386471833992e-01,1.455066955117153782e+00
2.500000000000000000e+01,3.917230264796729422e+00,1.342786513208703847e-01,1.457111330987217679e+00
2.501999999999999957e+01,3.917679963208970051e+00,1.382532916524472077e-01,1.459155706857282242e+00
2.503999999999999915e+01,3.918121535028333824e+00,1.422288430300189532e-01,1.461200082727346583e+00
2.505999999999999872e+01,3.918555373748520143e+00,1.462052458546209133e-01,1.463045624052069948e+00
2.507999999999999829e+01,3.918981873118303483e+00,1.501824425741973557e-01,1.464891165376793314e+00
2.510000000000000142e+01,3.919401031685018300e+00,1.541604196423294881e-01,1.466736706701516679e+00
2.512000000000000099e+01,3.919812848021000828e+00,1.581391635099406168e-01,1.468582248026240045e+00
2.514000000000000057e+01,3.920217685725173595e+00,1.621186236177722950e-01,1.470244352893840034e+00
2.516000000000000014e+01,3.920615908593175547e+00,1.660987511112006210e-01,1.471906457761440024e+00
2.517999999999999972e+01,3.921007515524879583e+00,1.700795349947573920e-01,1.473568562629040013e+00
2.519999999999999929e+01,3.921392505438435094e+00,1.740609642711610783e-01,1.475230667496640002e+00
2.521999999999999886e+01,3.921770877270271960e+00,1.780430279413471872e-01,1.476892772364240214e+00
2.523999999999999844e+01,3.922142951887622520e+00,1.820256850289350414e-01,1.478393224657623684e+00
2.526000000000000156e+01,3.922509050301418387e+00,1.860088959133355258e-01,1.479893676951007597e+00
2.528000000000000114e+01,3.922869171687441536e+00,1.899926516269203058e-01,1.481394129244391067e+00
2.530000000000000071e+01,3.923223315234929842e+00,1.939769432008344174e-01,1.482894581537774759e+00
2.532000000000000028e+01,3.923571480146579749e+00,1.979617616650164447e-01,1.484395033831158228e+00
2.533999999999999986e+01,3.923913956196560360e+00,2.019470731595492119e-01,1.485749675104640177e+00
2.535999999999999943e+01,3.924251033266523248e+00,2.059328449295042274e-01,1.487104316378121904e+00
2.537999999999999901e+01,3.924582710737914315e+00,2.099190696607803330e-01,1.488458957651603631e+00
2.539999999999999858e+01,3.924908988002087540e+00,2.139057400384449803e-01,1.489813598925085358e+00
2.542000000000000171e+01,3.925229864460307194e+00,2.178928487467479691e-01,1.491168240198566863e+00
2.544000000000000128e+01,3.925545601911901272e+00,2.218803677582674994e-01,1.492391279335600451e+00
2.546000000000000085e+01,3.925856462236756439e+00,2.258682699466366406e-01,1.493614318472633817e+00
2.548000000000000043e+01,3.926162444969879761e+00,2.298565493466534770e-01,1.494837357609667183e+00
2.550000000000000000e+01,3.926463549653575580e+00,2.338451999925517666e-01,1.496060396746700549e+00
2.551999999999999957e+01,3.926759775837443733e+00,2.378342159180099891e-01,1.497283435883733693e+00
2.553999999999999915e+01,3.927051123078381778e+00,2.418235911561602003e-01,1.498506475020767059e+00
2.555999999999999872e+01,3.927337827899380684e+00,2.458133027647576019e-01,1.499610731141300279e+00
2.557999999999999829e+01,3.927620126883010876e+00,2.498033285363538414e-01,1.500714987261833500e+00
2.560000000000000142e+01,3.927898019685041930e+00,2.537936636055854733e-01,1.501819243382366720e+00
2.562000000000000099e+01,3.928171505966616905e+00,2.577843031067120205e-01,1.502923499502900384e+00
2.564000000000000057e+01,3.928440804100373107e+00,2.617752274602963003e-01,1.503918155381057886e+00
2.566000000000000014e+01,3.928706132505201953e+00,2.657664176986171967e-01,1.504912811259215610e+00
2.567999999999999972e+01,3.928967490918604533e+00,2.697578698730294655e-01,1.505907467137373112e+00
2.569999999999999929e+01,3.929224879082007682e+00,2.737495800346290142e-01,1.506902123015531281e+00
2.571999999999999886e+01,3.929478296740766652e+00,2.777415442342562324e-01,1.507896778893688783e+00
2.573999999999999844e+01,3.929727936468257354e+00,2.817337465000631647e-01,1.508794835508082688e+00
2.576000000000000156e+01,3.929973990871911127e+00,2.857261713465816810e-01,1.509692892122476371e+00
2.578000000000000114e+01,3.930216459753284042e+00,2.897188155538986676e-01,1.510590948736869832e+00
2.580000000000000071e+01,3.930455342916823192e+00,2.937116759019240408e-01,1.511489005351263515e+00
2.582000000000000028e+01,3.930690640169868466e+00,2.977047491703935234e-01,1.512387061965657198e+00
2.583999999999999986e+01,3.930922525322014138e+00,3.016980220635783194e-01,1.513197973168238120e+00
2.585999999999999943e+01,3.931151172208549482e+00,3.056914816820680003e-01,1.514008884370819041e+00
2.587999999999999901e+01,3.931376580679121435e+00,3.096851253998555986e-01,1.514819795573399963e+00
2.589999999999999858e+01,3.931598750585506785e+00,3.136789505908130771e-01,1.515630706775980885e+00
2.592000000000000171e+01,3.931817681781611729e+00,3.176729546286931050e-01,1.516441617978561807e+00
2.594000000000000128e+01,3.932033531224884637e+00,3.216671264205579472e-01,1.517173864485057644e+00
2.596000000000000085e+01,3.932246455892210779e+00,3.256614551966021120e-01,1.517906110991553481e+00
2.598000000000000043e+01,3.932456455669422368e+00,3.296559388151266701e-01,1.518638357498049318e+00
2.600000000000000000e+01,3.932663530443921474e+00,3.336505751343498138e-01,1.519370604004545156e+00
2.601999999999999957e+01,3.932867680104677355e+00,3.376453620124076904e-01,1.520102850511040993e+00
2.603999999999999915e+01,3.933069046387849266e+00,3.416402901765958067e-01,1.520764084644477876e+00
2.605999999999999872e+01,3.933267771044328676e+00,3.456353506176816359e-01,1.521425318777915203e+00
2.607999999999999829e+01,3.933463853987227310e+00,3.496305415889026103e-01,1.522086552911352308e+00
2.610000000000000142e+01,3.933657295130812859e+00,3.536258613434392628e-01,1.522747787044789414e+00
2.612000000000000099e+01,3.933848094390505423e+00,3.576213081344155054e-01,1.523409021178226297e+00
2.614000000000000057e+01,3.934036379754173751e+00,3.616168741952408006e-01,1.524006148969831775e+00
2.616000000000000014e+01,3.934222279220877194e+00,3.656125519741486030e-01,1.524603276761436588e+00
2.617999999999999972e+01,3.934405792724332773e+00,3.696083400464352242e-01,1.525200404553041178e+00
2.619999999999999929e+01,3.934586920199105720e+00,3.736042369873561197e-01,1.525797532344645990e+00
2.621999999999999886e+01,3.934765661580613472e+00,3.776002413721278872e-01,1.526394660136251025e+00
2.623999999999999844e+01,3.934942132440234719e+00,3.815963466820495031e-01,1.526933914300688366e+00
2.626000000000000156e+01,3.935116448357871999e+00,3.855925465735886015e-01,1.527473168465125930e+00
2.628000000000000114e+01,3.935288609282835637e+00,3.895888398846701905e-01,1.528012422629563716e+00
2.630000000000000071e+01,3.935458615165060792e+00,3.935852254531918004e-01,1.528551676794001057e+00
2.632000000000000028e+01,3.935626465955111453e+00,3.975817021170243715e-01,1.529090930958438621e+00
2.633999999999999986e+01,3.935792266011653773e+00,4.015782643929087792e-01,1.529577936694633822e+00
2.635999999999999943e+01,3.935956119699857148e+00,4.055749069404271379e-01,1.530064942430829245e+00
2.637999999999999901e+01,3.936118026980860218e+00,4.095716288116773018e-01,1.530551948167024889e+00
2.639999999999999858e+01,3.936277987816263035e+00,4.135684290587385847e-01,1.531038953903220312e+00
2.642000000000000171e+01,3.936436002168126613e+00,4.175653067336714264e-01,1.531525959639415735e+00
2.644000000000000128e+01,3.936592164270157568e+00,4.215622572137196489e-01,1.531965793985409219e+00
2.646000000000000085e+01,3.936746568361038978e+00,4.255592759926081770e-01,1.532405628331402481e+00
2.648000000000000043e+01,3.936899214410902736e+00,4.295563622970967055e-01,1.532845462677396187e+00
2.650000000000000000e+01,3.937050102390216910e+00,4.335535153539319397e-01,1.533285297023389893e+00
2.651999999999999957e+01,3.937199232269791516e+00,4.375507343898475399e-01,1.533725131369383154e+00
2.653999999999999915e+01,3.937346689141074663e+00,4.415480154983901784e-01,1.534122376744840643e+00
2.655999999999999872e+01,3.937492558099328743e+00,4.455453548680982090e-01,1.534519622120297910e+00
2.657999999999999829e+01,3.937636839121537058e+00,4.495427518681759382e-01,1.534916867495755621e+00
2.660000000000000142e+01,3.937779532184931153e+00,4.535402058678186243e-01,1.535314112871213110e+00
2.662000000000000099e+01,3.937920637266993484e+00,4.575377162362125327e-01,1.535711358246670599e+00
2.664000000000000057e+01,3.938060231204542738e+00,4.615352796642208100e-01,1.536070150753688024e+00
2.666000000000000014e+01,3.938198390837331253e+00,4.655328929201795196e-01,1.536428943260705449e+00
2.667999999999999972e+01,3.938335116147576809e+00,4.695305554894677602e-01,1.536787735767722873e+00
2.669999999999999929e+01,3.938470407117676597e+00,4.735282668574580800e-01,1.537146528274740298e+00
2.671999999999999886e+01,3.938604263730215660e+00,4.775260265095168655e-01,1.537505320781757501e+00
2.673999999999999844e+01,3.938736755369031783e+00,4.815238316355357484e-01,1.537829393778362919e+00
2.676000000000000156e+01,3.938867951420224944e+00,4.855216794885850451e-01,1.538153466774968336e+00
2.678000000000000114e+01,3.938997851870016831e+00,4.895195696487973369e-01,1.538477539771573310e+00
2.680000000000000071e+01,3.939126456704766799e+00,4.935175016963010974e-01,1.538801612768178506e+00
2.682000000000000028e+01,3.939253765910967875e+00,4.975154752112203593e-01,1.539125685764783924e+00
2.683999999999999986e+01,3.939379842143386767e+00,5.015134878011658914e-01,1.539418409174892810e+00
2.685999999999999943e+01,3.939504748058541228e+00,5.055115371252866252e-01,1.539711132585001918e+00
2.687999999999999901e+01,3.939628483645728263e+00,5.095096228410019856e-01,1.540003855995111026e+00
2.689999999999999858e+01,3.939751048894346575e+00,5.135077446057277895e-01,1.540296579405220134e+00
2.692000000000000171e+01,3.939872443793894785e+00,5.175059020768771889e-01,1.540589302815329242e+00
2.694000000000000128e+01,3.939992724923721212e+00,5.215040932124502815e-01,1.540853718593290012e+00
2.696000000000000085e+01,3.940111948864535751e+00,5.255023160124834281e-01,1.541118134371250781e+00
2.698000000000000043e+01,3.940230115608003292e+00,5.295005701974380141e-01,1.541382550149211550e+00
2.700000000000000000e+01,3.940347225145862442e+00,5.334988554877732048e-01,1.541646965927172319e+00
2.701999999999999957e+01,3.940463277469923753e+00,5.374971716039461667e-01,1.541911381705133088e+00
2.703999999999999915e+01,3.940578323674297501e+00,5.414955167984975004e-01,1.542150235831860172e+00
2.705999999999999872e+01,3.940692414854148673e+00,5.454938893582538251e-01,1.542389089958586590e+00
2.707999999999999829e+01,3.940805551002968254e+00,5.494922890551029449e-01,1.542627944085313896e+00
2.710000000000000142e+01,3.940917732114300964e+00,5.534907156609308876e-01,1.542866798212040536e+00
2.712000000000000099e+01,3.941028958181748809e+00,5.574891689476222378e-01,1.543105652338767397e+00
2.714000000000000057e+01,3.941139275347011139e+00,5.614876474158616571e-01,1.543321423689421490e+00
2.716000000000000014e+01,3.941248729752612867e+00,5.654861495943055427e-01,1.543537195040075582e+00
2.717999999999999972e+01,3.941357321393458069e+00,5.694846752967943626e-01,1.543752966390729675e+00
2.719999999999999929e+01,3.941465050264489900e+00,5.734832243371678073e-01,1.543968737741383768e+00
2.721999999999999886e+01,3.941571916360694594e+00,5.774817965292643462e-01,1.544184509092037860e+00
2.723999999999999844e+01,3.941677961352407333e+00,5.814803905833137998e-01,1.544379435481801899e+00
2.726000000000000156e+01,3.941783226910605453e+00,5.854790052323647354e-01,1.544574361871566159e+00
2.728000000000000114e+01,3.941887713031293039e+00,5.894776403244843532e-01,1.544769288261329976e+00
2.730000000000000071e+01,3.941991419710498601e+00,5.934762957077395207e-01,1.544964214651094236e+00
2.732000000000000028e+01,3.942094346944279071e+00,5.974749712301959947e-01,1.545159141040858053e+00
2.733999999999999986e+01,3.942196494728726908e+00,6.014736667399190884e-01,1.545354067430622091e+00
2.735999999999999943e+01,3.942297900697302904e+00,6.054723811318452054e-01,1.545530169115010066e+00
2.737999999999999901e+01,3.942398602483970560e+00,6.094711133195293007e-01,1.545706270799398263e+00
2.739999999999999858e+01,3.942498600085605709e+00,6.134698631789637924e-01,1.545882372483786016e+00
2.742000000000000171e+01,3.942597893499111272e+00,6.174686305861399882e-01,1.546058474168174213e+00
2.744000000000000128e+01,3.942696517468576189e+00,6.214674145611827072e-01,1.546217196996909626e+00
2.746000000000000085e+01,3.942794506738495297e+00,6.254662141397303587e-01,1.546375919825645262e+00
2.748000000000000043e+01,3.942891861306403456e+00,6.294650292210413056e-01,1.546534642654380898e+00
2.750000000000000000e+01,3.942988581169847517e+00,6.334638597043735775e-01,1.546693365483116533e+00
2.751999999999999957e+01,3.943084666326389875e+00,6.374627054889850930e-01,1.546852088311852391e+00
2.753999999999999915e+01,3.943180147417012726e+00,6.414615657433498930e-01,1.546995485082812261e+00
2.755999999999999872e+01,3.943275055083006908e+00,6.454604396482813700e-01,1.547138881853772352e+00
2.757999999999999829e+01,3.943369389322421537e+00,6.494593271215518548e-01,1.547282278624732443e+00
2.760000000000000142e+01,3.943463150133317718e+00,6.534582280809337895e-01,1.547425675395692535e+00
2.762000000000000099e+01,3.943556337513766330e+00,6.574571424441992828e-01,1.547569072166652626e+00
2.764000000000000057e+01,3.943648979122117204e+00,6.614560694890473380e-01,1.547698635104041154e+00
2.766000000000000014e+01,3.943741102616954652e+00,6.654550085032501228e-01,1.547828198041429681e+00
2.767999999999999972e+01,3.943832707996736353e+00,6.694539594196793342e-01,1.547957760978818209e+00
2.769999999999999929e+01,3.943923795259923537e+00,6.734529221712062252e-01,1.548087323916206959e+00
2.771999999999999886e+01,3.944014364404983652e+00,6.774518966907020490e-01,1.548216886853595264e+00
2.773999999999999844e+01,3.944104440413205293e+00,6.814508823488987233e-01,1.548333955229231229e+00
2.776000000000000156e+01,3.944194048266051578e+00,6.854498785247442605e-01,1.548451023604867194e+00
2.778000000000000114e+01,3.944283187962300818e+00,6.894488851634323900e-01,1.548568091980503159e+00
2.780000000000000071e+01,3.944371859500727773e+00,6.934479022101567303e-01,1.548685160356139345e+00
2.782000000000000028e+01,3.944460062880118301e+00,6.974469296101108995e-01,1.548802228731775088e+00
2.783999999999999986e+01,3.944547820664825899e+00,7.014459668137780213e-01,1.548908011614247737e+00
2.785999999999999943e+01,3.944635155419362160e+00,7.054450132783420813e-01,1.549013794496720386e+00
2.787999999999999901e+01,3.944722067142749200e+00,7.094440689590535420e-01,1.549119577379193036e+00
2.789999999999999858e+01,3.944808555834012687e+00,7.134431338111626442e-01,1.549225360261665685e+00
2.792000000000000171e+01,3.944894621492187170e+00,7.174422077899201833e-01,1.549331143144138334e+00
2.794000000000000128e+01,3.944980284499196355e+00,7.214412904143583383e-01,1.549426732247910943e+00
2.796000000000000085e+01,3.945065565237091842e+00,7.254403812089761372e-01,1.549522321351683551e+00
2.798000000000000043e+01,3.945150463705097810e+00,7.294394801372326986e-01,1.549617910455456160e+00
2.800000000000000000e+01,3.945234979902429107e+00,7.334385871625873632e-01,1.549713499559228769e+00
2.801999999999999957e+01,3.945319113828319235e+00,7.374377022484992494e-01,1.549809088663001155e+00
2.803999999999999915e+01,3.945402883893954993e+00,7.414368249730721727e-01,1.549895469772877288e+00
2.805999999999999872e+01,3.945486308510616436e+00,7.454359549188761536e-01,1.549981850882752754e+00
2.807999999999999829e+01,3.945569387677686723e+00,7.494350920560710616e-01,1.550068231992628442e+00
2.810000000000000142e+01,3.945652121394538359e+00,7.534342363548164334e-01,1.550154613102504131e+00
2.812000000000000099e+01,3.945734509660564715e+00,7.574333877852718055e-01,1.550240994212379819e+00
2.814000000000000057e+01,3.945816569107312155e+00,7.614325459765786119e-01,1.550319057489706775e+00
2.816000000000000014e+01,3.945898316366416303e+00,7.654317105615296990e-01,1.550397120767033732e+00
2.817999999999999972e+01,3.945979751437376226e+00,7.694308815157543391e-01,1.550475184044360910e+00
2.819999999999999929e+01,3.946060874319697209e+00,7.734300588148823596e-01,1.550553247321687644e+00
2.821999999999999886e+01,3.946141685012884093e+00,7.774292424345431440e-01,1.550631310599014601e+00
2.823999999999999844e+01,3.946222198541391002e+00,7.814284320480824331e-01,1.550701859882672728e+00
2.826000000000000156e+01,3.946302429929736455e+00,7.854276273318412382e-01,1.550772409166330856e+00
2.828000000000000114e+01,3.946382379177518107e+00,7.894268282659143710e-01,1.550842958449988984e+00
2.830000000000000071e+01,3.946462046284345160e+00,7.934260348303974197e-01,1.550913507733646890e+00
2.832000000000000028e+01,3.946541431249808607e+00,7.974252470053853070e-01,1.550984057017305240e+00
2.833999999999999986e+01,3.946620547647037736e+00,8.014244645026313840e-01,1.551047818217807794e+00
2.835999999999999943e+01,3.946699409049199136e+00,8.054236870363047363e-01,1.551111579418310349e+00
2.837999999999999901e+01,3.946778015455972177e+00,8.094229145901461475e-01,1.551175340618812903e+00
2.839999999999999858e+01,3.946856366867036670e+00,8.134221471478970678e-01,1.551239101819315236e+00
2.842000000000000171e+01,3.946934463282065320e+00,8.174213846932985028e-01,1.551302863019818012e+00
2.844000000000000128e+01,3.947012316963481648e+00,8.214206269715061959e-01,1.551360491695148669e+00
2.846000000000000085e+01,3.947089940173737155e+00,8.254198737296772892e-01,1.551418120370479548e+00
2.848000000000000043e+01,3.947167332912569826e+00,8.294191249545304068e-01,1.551475749045810870e+00
2.850000000000000000e+01,3.947244495179717649e+00,8.334183806327835065e-01,1.551533377721141527e+00
2.851999999999999957e+01,3.947321426974941705e+00,8.374176407511552123e-01,1.551591006396472627e+00
2.853999999999999915e+01,3.947398139376890214e+00,8.414169050839672703e-01,1.551643094589604477e+00
2.855999999999999872e+01,3.947474643464292665e+00,8.454161734071643508e-01,1.551695182782736770e+00
2.857999999999999829e+01,3.947550939236927015e+00,8.494154457098958000e-01,1.551747270975868620e+00
2.860000000000000142e+01,3.947627026694588981e+00,8.534147219813108531e-01,1.551799359169000692e+00
2.862000000000000099e+01,3.947702905837073839e+00,8.574140022105586345e-01,1.551851447362132985e+00
2.864000000000000057e+01,3.947778586673956536e+00,8.614132861974712618e-01,1.551898529772340884e+00
2.866000000000000014e+01,3.947854079214815570e+00,8.654125737431878074e-01,1.551945612182548784e+00
2.867999999999999972e+01,3.947929383459500396e+00,8.694118648388420301e-01,1.551992694592756461e+00
2.869999999999999929e+01,3.948004499407832046e+00,8.734111594755689101e-01,1.552039777002964360e+00
2.871999999999999886e+01,3.948079427059659086e+00,8.774104576445029835e-01,1.552086859413172260e+00
2.873999999999999844e+01,3.948154175458941317e+00,8.814097591678264898e-01,1.552129418966198493e+00
2.876000000000000156e+01,3.948228753649657197e+00,8.854090638687862613e-01,1.552171978519224727e+00
2.878000000000000114e+01,3.948303161631702363e+00,8.894083717401387590e-01,1.552214538072250960e+00
2.880000000000000071e+01,3.948377399404920052e+00,8.934076827746394445e-01,1.552257097625277193e+00
2.882000000000000028e+01,3.948451466969174817e+00,8.974069969650445566e-01,1.552299657178303427e+00
2.883999999999999986e+01,3.948525372496301422e+00,9.014063141531422074e-01,1.552338130054069953e+00
2.885999999999999943e+01,3.948599124158134188e+00,9.054056341816382192e-01,1.552376602929836036e+00
2.887999999999999901e+01,3.948672721954580744e+00,9.094049570446125497e-01,1.552415075805602340e+00
2.889999999999999858e+01,3.948746165885514081e+00,9.134042827361462669e-01,1.552453548681368645e+00
2.892000000000000171e+01,3.948819455950841828e+00,9.174036112503195506e-01,1.552492021557134949e+00
2.894000000000000128e+01,3.948892599534604031e+00,9.214029424462301110e-01,1.552526801727948103e+00
2.896000000000000085e+01,3.948965604020910902e+00,9.254022761836682154e-01,1.552561581898761700e+00
2.898000000000000043e+01,3.949038469409673624e+00,9.294016124577958449e-01,1.552596362069575076e+00
2.900000000000000000e+01,3.949111195700776733e+00,9.334009512637754247e-01,1.552631142240388451e+00
2.901999999999999957e+01,3.949183782894156725e+00,9.374002925967688249e-01,1.552665922411201826e+00
2.903999999999999915e+01,3.949256237662315261e+00,9.413996363310992432e-01,1.552697365738223478e+00
2.905999999999999872e+01,3.949328566677758889e+00,9.453989823416713012e-01,1.552728809065245130e+00
2.907999999999999829e+01,3.949400769940417444e+00,9.493983306245312725e-01,1.552760252392266782e+00
2.910000000000000142e+01,3.949472847450234525e+00,9.533976811757249870e-01,1.552791695719288434e+00
2.912000000000000099e+01,3.949544799207125312e+00,9.573970339912983851e-01,1.552823139046310086e+00
2.914000000000000057e+01,3.949616631240844722e+00,9.613963889590187994e-01,1.552851566977388131e+00
2.916000000000000014e+01,3.949688349581139235e+00,9.653957459671588248e-01,1.552879994908466399e+00
2.917999999999999972e+01,3.949759954227962666e+00,9.693951050124877122e-01,1.552908422839544222e+00
2.919999999999999929e+01,3.949831445181267942e+00,9.733944660917717151e-01,1.552936850770622268e+00
2.921999999999999886e+01,3.949902822440961359e+00,9.773938292017800844e-01,1.552965278701700313e+00
2.923999999999999844e+01,3.949974091456208480e+00,9.813931942421976196e-01,1.552990981609449372e+00
2.926000000000000156e+01,3.950045257676105592e+00,9.853925611131150175e-01,1.553016684517199097e+00
2.928000000000000114e+01,3.950116321100635375e+00,9.893919298118905026e-01,1.553042387424948156e+00
2.930000000000000071e+01,3.950187281729728994e+00,9.933913003358810778e-01,1.553068090332697659e+00
2.932000000000000028e+01,3.950258139563351811e+00,9.973906726824453006e-01,1.553093793240446718e+00
2.933999999999999986e+01,3.950328899526099669e+00,1.001390046761849728e+00,1.553117033435658767e+00
2.935999999999999943e+01,3.950399566542597274e+00,1.005389422484649353e+00,1.553140273630870816e+00
2.937999999999999901e+01,3.950470140612806436e+00,1.009388799848684126e+00,1.553163513826082642e+00
2.939999999999999858e+01,3.950540621736689406e+00,1.013388178851794441e+00,1.553186754021294913e+00
2.942000000000000171e+01,3.950611009914188454e+00,1.017387559491819582e+00,1.553209994216506962e+00
2.944000000000000128e+01,3.950681309596086876e+00,1.021386941688366745e+00,1.553231008668545243e+00
2.946000000000000085e+01,3.950751525233152428e+00,1.025386325361340889e+00,1.553252023120583303e+00
2.948000000000000043e+01,3.950821656825342476e+00,1.029385710508974316e+00,1.553273037572621584e+00
2.950000000000000000e+01,3.950891704372636593e+00,1.033385097129502439e+00,1.553294052024659866e+00
2.951999999999999957e+01,3.950961667874992145e+00,1.037384485221157338e+00,1.553315066476698370e+00
2.953999999999999915e+01,3.951031551355069116e+00,1.041383874711904189e+00,1.553334069269441065e+00
2.955999999999999872e+01,3.951101358835587440e+00,1.045383265529909345e+00,1.553353072062183537e+00
2.957999999999999829e+01,3.951171090316500045e+00,1.049382657673729957e+00,1.553372074854926677e+00
2.960000000000000142e+01,3.951240745797760301e+00,1.053382051141920517e+00,1.553391077647669150e+00
2.962000000000000099e+01,3.951310325279367763e+00,1.057381445933038178e+00,1.553410080440411623e+00
2.964000000000000057e+01,3.951379832397253100e+00,1.061380841982479950e+00,1.553427264989512224e+00
2.966000000000000014e+01,3.951449270787293244e+00,1.065380239225779624e+00,1.553444449538612604e+00
2.967999999999999972e+01,3.951518640449488196e+00,1.069379637661755478e+00,1.553461634087712762e+00
2.969999999999999929e+01,3.951587941383812197e+00,1.073379037289228011e+00,1.553478818636813363e+00
2.971999999999999886e+01,3.951657173590239491e+00,1.077378438107014613e+00,1.553496003185913965e+00
2.973999999999999844e+01,3.951726340355268263e+00,1.081377840057119233e+00,1.553511544240633757e+00
2.976000000000000156e+01,3.951795444965342963e+00,1.085377243081665943e+00,1.553527085295353327e+00
2.978000000000000114e+01,3.951864487420492456e+00,1.089376647179688407e+00,1.553542626350073119e+00
2.980000000000000071e+01,3.951933467720659454e+00,1.093376052350220506e+00,1.553558167404792911e+00
2.982000000000000028e+01,3.952002385865843959e+00,1.097375458592296127e+00,1.553573708459512703e+00
2.983999999999999986e+01,3.952071244826821150e+00,1.101374865853805618e+00,1.553587763910111219e+00
2.985999999999999943e+01,3.952140047574288939e+00,1.105374274082762787e+00,1.553601819360709735e+00
2.987999999999999901e+01,3.952208794108279299e+00,1.109373683278379819e+00,1.553615874811308251e+00
2.989999999999999858e+01,3.952277484428760257e+00,1.113373093439864903e+00,1.553629930261906766e+00
2.992000000000000171e+01,3.952346118535731812e+00,1.117372504566428226e+00,1.553643985712505282e+00
2.994000000000000128e+01,3.952414699114651597e+00,1.121371916611179964e+00,1.553656698222120713e+00
2.996000000000000085e+01,3.952483228850993235e+00,1.125371329527508513e+00,1.553669410731736367e+00
2.998000000000000043e+01,3.952551707744791809e+00,1.129370743314699777e+00,1.553682123241352020e+00
3.000000000000000000e+01,3.952620135795942513e+00,1.133370157972105607e+00,1.553694835750967895e+00
3.001999999999999957e+01,3.952688513004515070e+00,1.137369573499081632e+00,1.553707548260583327e+00
3.003999999999999915e+01,3.952756841798206189e+00,1.141368989853456029e+00,1.553719046738692100e+00
3.005999999999999872e+01,3.952825124604660179e+00,1.145368406993244603e+00,1.553730545216800873e+00
3.007999999999999829e+01,3.952893361423915675e+00,1.149367824917916225e+00,1.553742043694909647e+00
3.010000000000000142e+01,3.952961552255934041e+00,1.153367243626943539e+00,1.553753542173018420e+00
3.012000000000000099e+01,3.953029697100715278e+00,1.157366663119796746e+00,1.553765040651127194e+00
3.014000000000000057e+01,3.953097798153074827e+00,1.161366083358601031e+00,1.553775441584000383e+00
3.016000000000000014e+01,3.953165857607657152e+00,1.165365504305502675e+00,1.553785842516873572e+00
3.017999999999999972e+01,3.953233875464590152e+00,1.169364925960070689e+00,1.553796243449746761e+00
3.019999999999999929e+01,3.953301851723745930e+00,1.173364348321871420e+00,1.553806644382619950e+00
3.021999999999999886e+01,3.953369786385209750e+00,1.177363771390472547e+00,1.553817045315493139e+00
3.023999999999999844e+01,3.953437681433216611e+00,1.181363195131774457e+00,1.553826453967566579e+00
3.026000000000000156e+01,3.953505538852038814e+00,1.185362619511700855e+00,1.553835862619639574e+00
3.028000000000000114e+01,3.953573358641628843e+00,1.189362044529896467e+00,1.553845271271712791e+00
3.030000000000000071e+01,3.953641140802081289e+00,1.193361470186007134e+00,1.553854679923786009e+00
3.032000000000000028e+01,3.953708885333254486e+00,1.197360896479680248e+00,1.553864088575859226e+00
3.033999999999999986e+01,3.953776594029315028e+00,1.201360323380120443e+00,1.553872600074574173e+00
3.035999999999999943e+01,3.953844268684235441e+00,1.205359750856822787e+00,1.553881111573289342e+00
3.037999999999999901e+01,3.953911909298015726e+00,1.209359178909392707e+00,1.553889623072004511e+00
3.039999999999999858e+01,3.953979515870707839e+00,1.213358607537541545e+00,1.553898134570719458e+00
3.042000000000000171e+01,3.954047088402260268e+00,1.217358036740979088e+00,1.553906646069434849e+00
3.044000000000000128e+01,3.954114628514772800e+00,1.221357466492028365e+00,1.553914346384884126e+00
3.046000000000000085e+01,3.954182137830441146e+00,1.225356896763039050e+00,1.553922046700333404e+00
3.048000000000000043e+01,3.954249616349207574e+00,1.229356327553774886e+00,1.553929747015782681e+00
3.050000000000000000e+01,3.954317064071129817e+00,1.233355758863998064e+00,1.553937447331231958e+00
3.051999999999999957e+01,3.954384480996150586e+00,1.237355190693470774e+00,1.553945147646681457e+00
3.053999999999999915e+01,3.954451868590994401e+00,1.241354623017172809e+00,1.553952114476286672e+00
3.055999999999999872e+01,3.954519228322527002e+00,1.245354055810255156e+00,1.553959081305891665e+00
3.057999999999999829e+01,3.954586560190684441e+00,1.249353489072524637e+00,1.553966048135497102e+00
3.060000000000000142e+01,3.954653864195466717e+00,1.253352922803785852e+00,1.553973014965102095e+00
3.062000000000000099e+01,3.954721140336873830e+00,1.257352357003845844e+00,1.553979981794707310e+00
3.064000000000000057e+01,3.954788389941273241e+00,1.261351791650266785e+00,1.553986285362161768e+00
3.066000000000000014e+01,3.954855614334906289e+00,1.265351226720522027e+00,1.553992588929616003e+00
3.067999999999999972e+01,3.954922813517913305e+00,1.269350662214450809e+00,1.553998892497070683e+00
3.069999999999999929e+01,3.954989987490153958e+00,1.273350098131894814e+00,1.554005196064525141e+00
3.071999999999999886e+01,3.955057136251627803e+00,1.277349534472693282e+00,1.554011499631979598e+00
3.073999999999999844e+01,3.955124261001894403e+00,1.281348971216577315e+00,1.554017203408787573e+00
3.076000000000000156e+01,3.955191362940155830e+00,1.285348408343256477e+00,1.554022907185595548e+00
3.078000000000000114e+01,3.955258442066645674e+00,1.289347845852609309e+00,1.554028610962403523e+00
3.080000000000000071e+01,3.955325498381130345e+00,1.293347283744499476e+00,1.554034314739211498e+00
3.082000000000000028e+01,3.955392531883765717e+00,1.297346722018797971e+00,1.554040018516019472e+00
3.083999999999999986e+01,3.955459543659142430e+00,1.301346160657192774e+00,1.554045179873148941e+00
3.085999999999999943e+01,3.955526534792037641e+00,1.305345599641405840e+00,1.554050341230278853e+00
3.087999999999999901e+01,3.955593505282365641e+00,1.309345038971329700e+00,1.554055502587408322e+00
3.089999999999999858e+01,3.955660455130212139e+00,1.313344478646859326e+00,1.554060663944538234e+00
3.092000000000000171e+01,3.955727384335490981e+00,1.317343918667887248e+00,1.554065825301668147e+00
3.094000000000000128e+01,3.955794293879212109e+00,1.321343359017943087e+00,1.554070496098113319e+00
3.096000000000000085e+01,3.955861184742325953e+00,1.325342799680478079e+00,1.554075166894558713e+00
3.098000000000000043e+01,3.955928056924832070e+00,1.329342240655403184e+00,1.554079837691004329e+00
3.100000000000000000e+01,3.955994910426825495e+00,1.333341681942629364e+00,1.554084508487449501e+00
3.101999999999999957e+01,3.956061745248306671e+00,1.337341123542070243e+00,1.554089179283894895e+00
3.103999999999999915e+01,3.956128562276400196e+00,1.341340565438644772e+00,1.554093406398262767e+00
3.105999999999999872e+01,3.956195362398358562e+00,1.345340007617623179e+00,1.554097633512630861e+00
3.107999999999999829e+01,3.956262145614181325e+00,1.349339450078939739e+00,1.554101860626998510e+00
3.110000000000000142e+01,3.956328911923973735e+00,1.353338892822522288e+00,1.554106087741366382e+00
3.112000000000000099e+01,3.956395661327630986e+00,1.357338335848295330e+00,1.554110314855734254e+00
3.114000000000000057e+01,3.956462394627749735e+00,1.361337779142941962e+00,1.554114140666399191e+00
3.116000000000000014e+01,3.956529112626694378e+00,1.365337222692867725e+00,1.554117966477064128e+00
3.117999999999999972e+01,3.956595815324464915e+00,1.369336666498014443e+00,1.554121792287729065e+00
3.119999999999999929e+01,3.956662502721177255e+00,1.373336110558324163e+00,1.554125618098393780e+00
3.121999999999999886e+01,3.956729174816831396e+00,1.377335554873738710e+00,1.554129443909058939e+00
3.123999999999999844e+01,3.956795832337197893e+00,1.381334999432111132e+00,1.554132906727863750e+00
3.126000000000000156e+01,3.956862476008258245e+00,1.385334444221280492e+00,1.554136369546668561e+00
3.128000000000000114e+01,3.956929105829884108e+00,1.389333889241202602e+00,1.554139832365473373e+00
3.130000000000000071e+01,3.956995721802203825e+00,1.393333334491829500e+00,1.554143295184278184e+00
3.132000000000000028e+01,3.957062323925089053e+00,1.397332779973109007e+00,1.554146758003082995e+00
3.133999999999999986e+01,3.957128912855313541e+00,1.401332225674045029e+00,1.554149892467106220e+00
3.135999999999999943e+01,3.957195489249455189e+00,1.405331671583679443e+00,1.554153026931129222e+00
3.137999999999999901e+01,3.957262053107513555e+00,1.409331117701976721e+00,1.554156161395152669e+00
3.139999999999999858e+01,3.957328604429347418e+00,1.413330564028896896e+00,1.554159295859175893e+00
3.142000000000000171e+01,3.957395143215097999e+00,1.417330010564400444e+00,1.554162430323198896e+00
3.144000000000000128e+01,3.957461670058684877e+00,1.421329457298442511e+00,1.554165267748644164e+00
3.146000000000000085e+01,3.957528185554104905e+00,1.425328904221237147e+00,1.554168105174089209e+00
3.148000000000000043e+01,3.957594689701515289e+00,1.429328351332750158e+00,1.554170942599534255e+00
3.150000000000000000e+01,3.957661182500759267e+00,1.433327798632942462e+00,1.554173780024979301e+00
3.151999999999999957e+01,3.957727663951836394e+00,1.437327246121794522e+00,1.554176617450424347e+00
3.153999999999999915e+01,3.957794134592075075e+00,1.441326693790315971e+00,1.554179186152312431e+00
3.155999999999999872e+01,3.957860594958987122e+00,1.445326141629566408e+00,1.554181754854200737e+00
3.157999999999999829e+01,3.957927045052572979e+00,1.449325589639524292e+00,1.554184323556088598e+00
3.160000000000000142e+01,3.957993484872659451e+00,1.453325037820157206e+00,1.554186892257976460e+00
3.162000000000000099e+01,3.958059914419419290e+00,1.457324486171438060e+00,1.554189460959864988e+00
3.164000000000000057e+01,3.958126334178956096e+00,1.461323934685343495e+00,1.554191786540840114e+00
3.166000000000000014e+01,3.958192744637482718e+00,1.465323383353698494e+00,1.554194112121815463e+00
3.167999999999999972e+01,3.958259145794998712e+00,1.469322832176485072e+00,1.554196437702790812e+00
3.169999999999999929e+01,3.958325537651504078e+00,1.473322281153685465e+00,1.554198763283766160e+00
3.171999999999999886e+01,3.958391920206807857e+00,1.477321730285269696e+00,1.554201088864741509e+00
3.173999999999999844e+01,3.958458293900903424e+00,1.481321179563762858e+00,1.554203194475990424e+00
3.176000000000000156e+01,3.958524659173884519e+00,1.485320628982002011e+00,1.554205300087239117e+00
3.178000000000000114e+01,3.958591016025539755e+00,1.489320078539973835e+00,1.554207405698488476e+00
3.180000000000000071e+01,3.958657364455869132e+00,1.493319528237652127e+00,1.554209511309737168e+00
3.182000000000000028e+01,3.958723704465084037e+00,1.497318978075030227e+00,1.554211616920986083e+00
3.183999999999999986e+01,3.958790036450877459e+00,1.501318428045870457e+00,1.554213523497954608e+00
3.185999999999999943e+01,3.958856360811409125e+00,1.505317878143167087e+00,1.554215430074923576e+00
3.187999999999999901e+01,3.958922677546679036e+00,1.509317328366905686e+00,1.554217336651892323e+00
3.189999999999999858e+01,3.958988986656687192e+00,1.513316778717078703e+00,1.554219243228861069e+00
3.192000000000000171e+01,3.959055288141433593e+00,1.517316229193664379e+00,1.554221149805829594e+00
3.194000000000000128e+01,3.959121582360920044e+00,1.521315679790311570e+00,1.554222876281207810e+00
3.196000000000000085e+01,3.959187869675769189e+00,1.525315130501414984e+00,1.554224602756585805e+00
3.198000000000000043e+01,3.959254150085466328e+00,1.529314581326950417e+00,1.554226329231963799e+00
3.200000000000000000e+01,3.959320423590268589e+00,1.533314032266909877e+00,1.554228055707341571e+00
3.202000000000000313e+01,3.959386690190176417e+00,1.537313483321285368e+00,1.554229782182719788e+00
3.203999999999999915e+01,3.959452950210921696e+00,1.541312934484960540e+00,1.554231345678861009e+00
3.206000000000000227e+01,3.959519203978614232e+00,1.545312385752237727e+00,1.554232909175002231e+00
3.207999999999999829e+01,3.959585451492969810e+00,1.549311837123090507e+00,1.554234472671143452e+00
3.210000000000000142e+01,3.959651692754556418e+00,1.553311288597509998e+00,1.554236036167284452e+00
3.211999999999999744e+01,3.959717928057703507e+00,1.557310740170440022e+00,1.554237452170081468e+00
3.214000000000000057e+01,3.959784157697783247e+00,1.561310191837152583e+00,1.554238868172877819e+00
3.215999999999999659e+01,3.959850381674482112e+00,1.565309643597647904e+00,1.554240284175674169e+00
3.217999999999999972e+01,3.959916599988114072e+00,1.569309095451906444e+00,1.554241700178470964e+00
3.220000000000000284e+01,3.959982812638365157e+00,1.573308547399927981e+00,1.554243116181267537e+00
3.221999999999999886e+01,3.960049019625549338e+00,1.577307999441702746e+00,1.554244532184064109e+00
3.224000000000000199e+01,3.960115221210029901e+00,1.581307451572638412e+00,1.554245817671795482e+00
3.225999999999999801e+01,3.960181417653666713e+00,1.585306903788666011e+00,1.554247103159526633e+00
3.228000000000000114e+01,3.960247608956114274e+00,1.589306356089785544e+00,1.554248388647258228e+00
3.229999999999999716e+01,3.960313795117027080e+00,1.593305808475997232e+00,1.554249674134989601e+00
3.232000000000000028e+01,3.960379976137096136e+00,1.597305260947279315e+00,1.554250959622720973e+00
3.234000000000000341e+01,3.960446152257477870e+00,1.601304713500108168e+00,1.554252124078948194e+00
3.235999999999999943e+01,3.960512323720945194e+00,1.605304166129985832e+00,1.554253288535175415e+00
3.238000000000000256e+01,3.960578490527116191e+00,1.609303618836912309e+00,1.554254452991402635e+00
3.239999999999999858e+01,3.960644652676372779e+00,1.613303071620887597e+00,1.554255617447630078e+00
3.242000000000000171e+01,3.960710810168333040e+00,1.617302524481899706e+00,1.554256781903857076e+00
3.243999999999999773e+01,3.960776963222106151e+00,1.621301977416106155e+00,1.554257836744314281e+00
3.246000000000000085e+01,3.960843112057025106e+00,1.625301430420093451e+00,1.554258891584771485e+00
3.247999999999999687e+01,3.960909256673511347e+00,1.629300883493848717e+00,1.554259946425228911e+00
3.250000000000000000e+01,3.960975397071143433e+00,1.633300336637384831e+00,1.554261001265685893e+00
3.252000000000000313e+01,3.961041533249921365e+00,1.637299789850675591e+00,1.554262056106143097e+00
3.253999999999999915e+01,3.961107665407913814e+00,1.641299243130481367e+00,1.554263011720737220e+00
3.256000000000000227e+01,3.961173793744548366e+00,1.645298696473473932e+00,1.554263967335330898e+00
3.257999999999999829e+01,3.961239918258895099e+00,1.649298149879667941e+00,1.554264922949924799e+00
3.260000000000000142e+01,3.961306038951419417e+00,1.653297603349048739e+00,1.554265878564518921e+00
3.261999999999999744e+01,3.961372155822120877e+00,1.657297056881601893e+00,1.554266834179112600e+00
3.264000000000000057e+01,3.961438269050460370e+00,1.661296510474696397e+00,1.554267699968558070e+00
3.265999999999999659e+01,3.961504378816010696e+00,1.665295964125030670e+00,1.554268565758003540e+00
3.267999999999999972e+01,3.961570485119285223e+00,1.669295417832604711e+00,1.554269431547449010e+00
3.270000000000000284e+01,3.961636587959257660e+00,1.673294871597418521e+00,1.554270297336894480e+00
3.271999999999999886e+01,3.961702687336953854e+00,1.677294325419440124e+00,1.554271163126339950e+00
3.274000000000000199e+01,3.961768783414522765e+00,1.681293779296269664e+00,1.554271947595564196e+00
3.275999999999999801e+01,3.961834876354757284e+00,1.685293233224950615e+00,1.554272732064788443e+00
3.278000000000000114e+01,3.961900966157091197e+00,1.689292687205482979e+00,1.554273516534012467e+00
3.279999999999999716e+01,3.961967052822656488e+00,1.693292141237848991e+00,1.554274301003236713e+00
3.282000000000000028e+01,3.962033136350321172e+00,1.697291595322066193e+00,1.554275085472461182e+00
3.284000000000000341e+01,3.962099216887698727e+00,1.701291049455090354e+00,1.554275796316347158e+00
3.285999999999999943e+01,3.962165294581906139e+00,1.705290503635067401e+00,1.554276507160233134e+00
3.288000000000000256e+01,3.962231369433568240e+00,1.709289957862036191e+00,1.554277218004119332e+00
3.289999999999999858e+01,3.962297441442060641e+00,1.713289412135977186e+00,1.554277928848005086e+00
3.292000000000000171e+01,3.962363510608007733e+00,1.717288866456871066e+00,1.554278639691891062e+00
3.293999999999999773e+01,3.962429577063465214e+00,1.721288320822095708e+00,1.554279283872801232e+00
3.296000000000000085e+01,3.962495640943377140e+00,1.725287775229868314e+00,1.554279928053711402e+00
3.297999999999999687e+01,3.962561702246364614e+00,1.729287229680188887e+00,1.554280572234621349e+00
3.300000000000000000e+01,3.962627760973117308e+00,1.733286684173078962e+00,1.554281216415531741e+00
3.302000000000000313e+01,3.962693817123634776e+00,1.737286138708517225e+00,1.554281860596441911e+00
3.303999999999999915e+01,3.962759870818143515e+00,1.741285593285116340e+00,1.554282444414324837e+00
3.306000000000000227e+01,3.962825922178174753e+00,1.745285047900295483e+00,1.554283028232207764e+00
3.307999999999999829e+01,3.962891971202967767e+00,1.749284502554030674e+00,1.554283612050090690e+00
3.310000000000000142e+01,3.962958017892522111e+00,1.753283957246345892e+00,1.554284195867973395e+00
3.311999999999999744e+01,3.963024062247598955e+00,1.757283411977193399e+00,1.554284779685856321e+00
3.314000000000000057e+01,3.963090104376822520e+00,1.761282866744598108e+00,1.554285308841571123e+00
3.315999999999999659e+01,3.963156144389480051e+00,1.765282321546962629e+00,1.554285837997285702e+00
3.317999999999999972e+01,3.963222182286410877e+00,1.769281776384286742e+00,1.554286367153000281e+00
3.320000000000000284e+01,3.963288218066775670e+00,1.773281231256544244e+00,1.554286896308714860e+00
3.321999999999999886e+01,3.963354251730574429e+00,1.777280686163735135e+00,1.554287425464429662e+00
3.324000000000000199e+01,3.963420283376704045e+00,1.781280141103370296e+00,1.554287905117027302e+00
3.325999999999999801e+01,3.963486313105386127e+00,1.785279596074687003e+00,1.554288384769624720e+00
3.328000000000000114e+01,3.963552340914768823e+00,1.789279051077685478e+00,1.554288864422222138e+00
3.329999999999999716e+01,3.963618366806703985e+00,1.793278506112336634e+00,1.554289344074819779e+00
3.332000000000000028e+01,3.963684390780265687e+00,1.797277961178669337e+00,1.554289823727417641e+00
3.334000000000000341e+01,3.963750412923968014e+00,1.801277416275721466e+00,1.554290258545892200e+00
3.335999999999999943e+01,3.963816433329382161e+00,1.805276871401498173e+00,1.554290693364366760e+00
3.338000000000000256e+01,3.963882451996508127e+00,1.809276326555999459e+00,1.554291128182841319e+00
3.339999999999999858e+01,3.963948468923303103e+00,1.813275781739193571e+00,1.554291563001315879e+00
3.342000000000000171e+01,3.964014484111809900e+00,1.817275236951080286e+00,1.554291997819790438e+00
3.343999999999999773e+01,3.964080497642844314e+00,1.821274692191389155e+00,1.554292392029887671e+00
3.346000000000000085e+01,3.964146509596738088e+00,1.825274147457713880e+00,1.554292786239984681e+00
3.347999999999999687e+01,3.964212519973490778e+00,1.829273602750054462e+00,1.554293180450082135e+00
3.350000000000000000e+01,3.964278528774229038e+00,1.833273058068445982e+00,1.554293574660179367e+00
3.352000000000000313e+01,3.964344535997826213e+00,1.837272513412818054e+00,1.554293968870276599e+00
3.353999999999999915e+01,3.964410541718807135e+00,1.841271968780387347e+00,1.554294326296805639e+00
3.356000000000000227e+01,3.964476546010955449e+00,1.845271424171563313e+00,1.554294683723334458e+00
3.357999999999999829e+01,3.964542548873029038e+00,1.849270879586346172e+00,1.554295041149863721e+00
3.360000000000000142e+01,3.964608550305027901e+00,1.853270335024697069e+00,1.554295398576392762e+00
3.361999999999999744e+01,3.964674550308194156e+00,1.857269790486615779e+00,1.554295756002921802e+00
3.364000000000000057e+01,3.964740548947473187e+00,1.861269245971201691e+00,1.554296080107995026e+00
3.365999999999999659e+01,3.964806546291911982e+00,1.865268701477111213e+00,1.554296404213068250e+00
3.367999999999999972e+01,3.964872542338770067e+00,1.869268157004472908e+00,1.554296728318141474e+00
3.370000000000000284e+01,3.964938537090787918e+00,1.873267612553201289e+00,1.554297052423214698e+00
3.371999999999999886e+01,3.965004530545225059e+00,1.877267068123296134e+00,1.554297376528288144e+00
3.374000000000000199e+01,3.965070522764924110e+00,1.881266523713385208e+00,1.554297670445914159e+00
3.375999999999999801e+01,3.965136513809119023e+00,1.885265979322833019e+00,1.554297964363541062e+00
3.378000000000000114e+01,3.965202503676298562e+00,1.889265434951686862e+00,1.554298258281167300e+00
3.379999999999999716e+01,3.965268492369484754e+00,1.893264890599899442e+00,1.554298552198793759e+00
3.382000000000000028e+01,3.965334479885656016e+00,1.897264346267565349e+00,1.554298846116419996e+00
3.384000000000000341e+01,3.965400466282126501e+00,1.901263801953718247e+00,1.554299112683771522e+00
3.385999999999999943e+01,3.965466451612385868e+00,1.905263257657415776e+00,1.554299379251122826e+00
3.388000000000000256e+01,3.965532435876433670e+00,1.909262713378762077e+00,1.554299645818474351e+00
3.389999999999999858e+01,3.965598419074270353e+00,1.913262169117653011e+00,1.554299912385825211e+00
3.392000000000000171e+01,3.965664401205895917e+00,1.917261624874140535e+00,1.554300178953176736e+00
3.393999999999999773e+01,3.965730382322295799e+00,1.921261080648249520e+00,1.554300420738860433e+00
3.396000000000000085e+01,3.965796362470751735e+00,1.925260536438257342e+00,1.554300662524544796e+00
3.397999999999999687e+01,3.965862341651263279e+00,1.929259992244279021e+00,1.554300904310228493e+00
3.400000000000000000e+01,3.965928319865667628e+00,1.933259448066199759e+00,1.554301146095912411e+00
3.402000000000000313e+01,3.965994297112128031e+00,1.937258903904134133e+00,1.554301387881596108e+00
3.403999999999999915e+01,3.966060273438357875e+00,1.941258359756033780e+00,1.554301607211256098e+00
3.406000000000000227e+01,3.966126248885843086e+00,1.945257815622486453e+00,1.554301826540915865e+00
3.407999999999999829e+01,3.966192223456608712e+00,1.949257271503365585e+00,1.554302045870575411e+00
3.410000000000000142e+01,3.966258197150654752e+00,1.953256727398670956e+00,1.554302265200235400e+00
3.411999999999999744e+01,3.966324169965956159e+00,1.957256183308466069e+00,1.554302484529895167e+00
3.414000000000000057e+01,3.966390141946912973e+00,1.961255639231942682e+00,1.554302683509295457e+00
3.415999999999999659e+01,3.966456113128872918e+00,1.965255095168531252e+00,1.554302882488695747e+00
3.417999999999999972e+01,3.966522083518531527e+00,1.969254551118231777e+00,1.554303081468096037e+00
3.420000000000000284e+01,3.966588053111424816e+00,1.973254007081044481e+00,1.554303280447496327e+00
3.421999999999999886e+01,3.966654021907553229e+00,1.977253463057038863e+00,1.554303479426896617e+00
3.424000000000000199e+01,3.966719989906916322e+00,1.981252919046075478e+00,1.554303678406297129e+00
3.425999999999999801e+01,3.966785957149507436e+00,1.985252375048410345e+00,1.554303858942245986e+00
3.428000000000000114e+01,3.966851923668905933e+00,1.989251831062583298e+00,1.554304039478194843e+00
3.429999999999999716e+01,3.966917889467572067e+00,1.993251287088747992e+00,1.554304220014144367e+00
3.432000000000000028e+01,3.966983854543045585e+00,1.997250743126750550e+00,1.554304400550093446e+00
3.434000000000000341e+01,3.967049818930576510e+00,2.001250199174495314e+00,1.554304563997915389e+00
3.435999999999999943e+01,3.967115782663308110e+00,2.005249655233023010e+00,1.554304727445737999e+00
3.438000000000000256e+01,3.967181745743957766e+00,2.009249111302334079e+00,1.554304890893560165e+00
3.439999999999999858e+01,3.967247708172525034e+00,2.013248567382428078e+00,1.554305054341382775e+00
3.442000000000000171e+01,3.967313669943576482e+00,2.017248023473305452e+00,1.554305217789205162e+00
3.443999999999999773e+01,3.967379631062545542e+00,2.021247479574880934e+00,1.554305381237027772e+00
3.446000000000000085e+01,3.967445591559876750e+00,2.025246935690332872e+00,1.554305529558110077e+00
3.447999999999999687e+01,3.967511551461381014e+00,2.029246391815421990e+00,1.554305677879192604e+00
3.450000000000000000e+01,3.967577510773045990e+00,2.033245847950335694e+00,1.554305826200275131e+00
3.452000000000000313e+01,3.967643469488883579e+00,2.037245304095073539e+00,1.554305974521357880e+00
3.453999999999999915e+01,3.967709427611887829e+00,2.041244760249542267e+00,1.554306122842440185e+00
3.456000000000000227e+01,3.967775385170315250e+00,2.045244216412058336e+00,1.554306257154100646e+00
3.457999999999999829e+01,3.967841342189798226e+00,2.049243672583356712e+00,1.554306391465761106e+00
3.460000000000000142e+01,3.967907298673643002e+00,2.053243128763437841e+00,1.554306525777421566e+00
3.461999999999999744e+01,3.967973254618543333e+00,2.057242584952508224e+00,1.554306660089082026e+00
3.464000000000000057e+01,3.968039210054052912e+00,2.061242041149142334e+00,1.554306781715267372e+00
3.465999999999999659e+01,3.968105165000292978e+00,2.065241497353877520e+00,1.554306903341452495e+00
3.467999999999999972e+01,3.968171119464566576e+00,2.069240953566485963e+00,1.554307024967638062e+00
3.470000000000000284e+01,3.968237073439570661e+00,2.073240409787195482e+00,1.554307146593823408e+00
3.471999999999999886e+01,3.968303026928956978e+00,2.077239866016006076e+00,1.554307268220008531e+00
3.474000000000000199e+01,3.968368979950427811e+00,2.081239322254715862e+00,1.554307378626705871e+00
3.475999999999999801e+01,3.968434932533467574e+00,2.085238778500590584e+00,1.554307489033403433e+00
3.478000000000000114e+01,3.968500884678076268e+00,2.089238234753881152e+00,1.554307599440100773e+00
3.479999999999999716e+01,3.968566836376209661e+00,2.093237691014336654e+00,1.554307709846798113e+00
3.482000000000000028e+01,3.968632787635911985e+00,2.097237147282082326e+00,1.554307820253495231e+00
3.484000000000000341e+01,3.968698738471247989e+00,2.101236603553513493e+00,1.554307920492998374e+00
3.485999999999999943e+01,3.968764688907858940e+00,2.105236059831590012e+00,1.554308020732501294e+00
3.488000000000000256e+01,3.968830638945744393e+00,2.109235516116311882e+00,1.554308120972004215e+00
3.489999999999999858e+01,3.968896588580474116e+00,2.113234972407540990e+00,1.554308221211507135e+00
3.492000000000000171e+01,3.968962537812048108e+00,2.117234428705415450e+00,1.554308321451010055e+00
3.493999999999999773e+01,3.969028486664586186e+00,2.121233885013517284e+00,1.554308412470593037e+00
3.496000000000000085e+01,3.969094435151195199e+00,2.125233341327565473e+00,1.554308503490176019e+00
3.497999999999999687e+01,3.969160383271875592e+00,2.129232797647560016e+00,1.554308594509759001e+00
3.500000000000000000e+01,3.969226331031506128e+00,2.133232253973653680e+00,1.554308685529341760e+00
3.502000000000000313e+01,3.969292278430086807e+00,2.137231710305693699e+00,1.554308776548924742e+00
3.503999999999999915e+01,3.969358225475783541e+00,2.141231166646893502e+00,1.554308859206612548e+00
3.506000000000000227e+01,3.969424172193749989e+00,2.145230622993465897e+00,1.554308941864300353e+00
3.507999999999999829e+01,3.969490118578613114e+00,2.149230079345578748e+00,1.554309024521987714e+00
3.510000000000000142e+01,3.969556064635745951e+00,2.153229535703064190e+00,1.554309107179675520e+00
3.511999999999999744e+01,3.969622010359775466e+00,2.157228992065922224e+00,1.554309189837362881e+00
3.514000000000000057e+01,3.969687955769730880e+00,2.161228448431272042e+00,1.554309264910714194e+00
3.515999999999999659e+01,3.969753900883915776e+00,2.165227904801428238e+00,1.554309339984065730e+00
3.517999999999999972e+01,3.969819845690499616e+00,2.169227361176760294e+00,1.554309415057417043e+00
3.520000000000000284e+01,3.969885790201313380e+00,2.173226817556898727e+00,1.554309490130768134e+00
3.521999999999999886e+01,3.969951734410441357e+00,2.177226273942028278e+00,1.554309565204119448e+00
3.524000000000000199e+01,3.970017678333797928e+00,2.181225730324265033e+00,1.554309633397691570e+00
3.525999999999999801e+01,3.970083621983642619e+00,2.185225186710979095e+00,1.554309701591263471e+00
3.528000000000000114e+01,3.970149565359975874e+00,2.189224643102170020e+00,1.554309769784835815e+00
3.529999999999999716e+01,3.970215508462797249e+00,2.193224099497838253e+00,1.554309837978407938e+00
3.532000000000000028e+01,3.970281451292106745e+00,2.197223555897983793e+00,1.554309906171980060e+00
3.534000000000000341e+01,3.970347393863116636e+00,2.201223012302776283e+00,1.554309968124245378e+00
3.535999999999999943e+01,3.970413336190406373e+00,2.205222468711601103e+00,1.554310030076510474e+00
3.538000000000000256e+01,3.970479278266807466e+00,2.209221925124682073e+00,1.554310092028776014e+00
3.539999999999999858e+01,3.970545220092319916e+00,2.213221381541794930e+00,1.554310153981041331e+00
3.542000000000000171e+01,3.970611161674111766e+00,2.217220837962716296e+00,1.554310215933306649e+00
3.543999999999999773e+01,3.970677103018426912e+00,2.221220294396756945e+00,1.554310272222951816e+00
3.546000000000000085e+01,3.970743044133950406e+00,2.225219750834495969e+00,1.554310328512596762e+00
3.547999999999999687e+01,3.970808985028571936e+00,2.229219207275686454e+00,1.554310384802241485e+00
3.550000000000000000e+01,3.970874925694402258e+00,2.233218663720821784e+00,1.554310441091886430e+00
3.552000000000000313e+01,3.970940866139330172e+00,2.237218120169655045e+00,1.554310497381531375e+00
3.553999999999999915e+01,3.971006806367766373e+00,2.241217576619380925e+00,1.554310548533036407e+00
3.556000000000000227e+01,3.971072746387838137e+00,2.245217033072905100e+00,1.554310599684541438e+00
3.557999999999999829e+01,3.971138686208227853e+00,2.249216489529413554e+00,1.554310650836046692e+00
3.560000000000000142e+01,3.971204625828935075e+00,2.253215945989449409e+00,1.554310701987551502e+00
3.561999999999999744e+01,3.971270565232596361e+00,2.257215402452740882e+00,1.554310753139056533e+00
3.564000000000000057e+01,3.971336504451955296e+00,2.261214858916055892e+00,1.554310799627955264e+00
3.565999999999999659e+01,3.971402443480262612e+00,2.265214315382356070e+00,1.554310846116853551e+00
3.567999999999999972e+01,3.971468382317518309e+00,2.269213771851939843e+00,1.554310892605752059e+00
3.570000000000000284e+01,3.971534320982827548e+00,2.273213228324210355e+00,1.554310939094650568e+00
3.571999999999999886e+01,3.971600259447532366e+00,2.277212684799764464e+00,1.554310985583548854e+00
3.574000000000000199e+01,3.971666197748493055e+00,2.281212141284117312e+00,1.554311027840790338e+00
3.575999999999999801e+01,3.971732135870797542e+00,2.285211597770769210e+00,1.554311070098031822e+00
3.578000000000000114e+01,3.971798073824954756e+00,2.289211054260705147e+00,1.554311112355272861e+00
3.579999999999999716e+01,3.971864011610965139e+00,2.293210510752939690e+00,1.554311154612514123e+00
3.582000000000000028e+01,3.971929949228828693e+00,2.297209967248458717e+00,1.554311196869755163e+00
3.584000000000000341e+01,3.971995886688299837e+00,2.301209423750524063e+00,1.554311235286049975e+00
3.585999999999999943e+01,3.972061823985931994e+00,2.305208880255479542e+00,1.554311273702344565e+00
3.588000000000000256e+01,3.972127761133285251e+00,2.309208336762963665e+00,1.554311312118639155e+00
3.589999999999999858e+01,3.972193698130359607e+00,2.313207793272976431e+00,1.554311350534933744e+00
3.592000000000000171e+01,3.972259634977155063e+00,2.317207249785879331e+00,1.554311388951228334e+00
3.593999999999999773e+01,3.972325571668480215e+00,2.321206706296211397e+00,1.554311423880893717e+00
3.596000000000000085e+01,3.972391508219953238e+00,2.325206162809324795e+00,1.554311458810559099e+00
3.597999999999999687e+01,3.972457444644288405e+00,2.329205619324424603e+00,1.554311493740224481e+00
3.600000000000000000e+01,3.972523380916057612e+00,2.333205075842305742e+00,1.554311528669890086e+00
3.602000000000000313e+01,3.972589317047975133e+00,2.337204532362173293e+00,1.554311563599555246e+00
3.603999999999999915e+01,3.972655253058726021e+00,2.341203988887138543e+00,1.554311595363903731e+00
3.606000000000000227e+01,3.972721188929669189e+00,2.345203445414725252e+00,1.554311627128252216e+00
3.607999999999999829e+01,3.972787124674785897e+00,2.349202901944059452e+00,1.554311658892600700e+00
3.610000000000000142e+01,3.972853060308056516e+00,2.353202358475578126e+00,1.554311690656949185e+00
3.611999999999999744e+01,3.972918995801519859e+00,2.357201815009281276e+00,1.554311722421297670e+00
3.614000000000000057e+01,3.972984931169774914e+00,2.361201271525504186e+00,1.554311751311720613e+00
3.615999999999999659e+01,3.973050866430429373e+00,2.365200728044128731e+00,1.554311780202143556e+00
3.617999999999999972e+01,3.973116801568111978e+00,2.369200184564674849e+00,1.554311809092566499e+00
3.620000000000000284e+01,3.973182736598193987e+00,2.373199641087142542e+00,1.554311837982989442e+00
3.621999999999999886e+01,3.973248671505304142e+00,2.377199097611051304e+00,1.554311866873412162e+00
3.624000000000000199e+01,3.973314606301190377e+00,2.381198554137983425e+00,1.554311893154004087e+00
3.625999999999999801e+01,3.973380540995688825e+00,2.385198010666500057e+00,1.554311919434595790e+00
3.628000000000000114e+01,3.973446475588799487e+00,2.389197467197128777e+00,1.554311945715187715e+00
3.629999999999999716e+01,3.973512410080521917e+00,2.393196923728813541e+00,1.554311971995779196e+00
3.632000000000000028e+01,3.973578344453958522e+00,2.397196380262610393e+00,1.554311998276370899e+00
3.634000000000000341e+01,3.973644278731085944e+00,2.401195836806991668e+00,1.554312022186831177e+00
3.635999999999999943e+01,3.973710212915348539e+00,2.405195293351953367e+00,1.554312046097291233e+00
3.638000000000000256e+01,3.973776147006745862e+00,2.409194749899236765e+00,1.554312070007751734e+00
3.639999999999999858e+01,3.973842081005278359e+00,2.413194206448261436e+00,1.554312093918212012e+00
3.642000000000000171e+01,3.973908014910945585e+00,2.417193662998446957e+00,1.554312117828672291e+00
3.643999999999999773e+01,3.973973948710527448e+00,2.421193119559678752e+00,1.554312139586381702e+00
3.646000000000000085e+01,3.974039882428466619e+00,2.425192576122185972e+00,1.554312161344091558e+00
3.647999999999999687e+01,3.974105816064763097e+00,2.429192032686606773e+00,1.554312183101800970e+00
3.650000000000000000e+01,3.974171749599006098e+00,2.433191489251665729e+00,1.554312204859510826e+00
3.652000000000000313e+01,3.974237683072017191e+00,2.437190945818637822e+00,1.554312226617220460e+00
3.653999999999999915e+01,3.974303616431417385e+00,2.441190402397163339e+00,1.554312246419329968e+00
3.656000000000000227e+01,3.974369549745965013e+00,2.445189858976389630e+00,1.554312266221439920e+00
3.657999999999999829e+01,3.974435482948380560e+00,2.449189315557017910e+00,1.554312286023549428e+00
3.660000000000000142e+01,3.974501416083517036e+00,2.453188772139047735e+00,1.554312305825659379e+00
3.661999999999999744e+01,3.974567349151374440e+00,2.457188228721778334e+00,1.554312325627769109e+00
3.664000000000000057e+01,3.974633282130506373e+00,2.461187685285012083e+00,1.554312343653305728e+00
3.665999999999999659e+01,3.974699215035728539e+00,2.465187141849785935e+00,1.554312361678841903e+00
3.667999999999999972e+01,3.974765147891677231e+00,2.469186598415329392e+00,1.554312379704378300e+00
3.670000000000000284e+01,3.974831080649078974e+00,2.473186054982412507e+00,1.554312397729914696e+00
3.671999999999999886e+01,3.974897013332570950e+00,2.477185511551035724e+00,1.554312415755451093e+00
3.674000000000000199e+01,3.974962945974241268e+00,2.481184968130158541e+00,1.554312432166890856e+00
3.675999999999999801e+01,3.975028878534732080e+00,2.485184424710972451e+00,1.554312448578330175e+00
3.678000000000000114e+01,3.975094811014043827e+00,2.489183881292631906e+00,1.554312464989769715e+00
3.679999999999999716e+01,3.975160743439236199e+00,2.493183337875982453e+00,1.554312481401209478e+00
3.682000000000000028e+01,3.975226675810309196e+00,2.497182794459333000e+00,1.554312497812648575e+00
3.684000000000000341e+01,3.975292608100202685e+00,2.501182251044375082e+00,1.554312514224088559e+00
3.685999999999999943e+01,3.975358540339586799e+00,2.505181707636024768e+00,1.554312529168466073e+00
3.688000000000000256e+01,3.975424472519538899e+00,2.509181164228603045e+00,1.554312544112843364e+00
3.689999999999999858e+01,3.975490404640058539e+00,2.513180620821181321e+00,1.554312559057220877e+00
3.692000000000000171e+01,3.975556336701145721e+00,2.517180077415616779e+00,1.554312574001598390e+00
3.693999999999999773e+01,3.975622268697204476e+00,2.521179533985682397e+00,1.554312587583385863e+00
3.696000000000000085e+01,3.975688200627868429e+00,2.525178990556769865e+00,1.554312601165173335e+00
3.697999999999999687e+01,3.975754132525834983e+00,2.529178447128879181e+00,1.554312614746960808e+00
3.700000000000000000e+01,3.975820064358406736e+00,2.533177903702010347e+00,1.554312628328748280e+00
3.702000000000000313e+01,3.975885996125583688e+00,2.537177360276163363e+00,1.554312641910535531e+00
3.703999999999999915e+01,3.975951927849016521e+00,2.541176816873419231e+00,1.554312654282424599e+00
3.706000000000000227e+01,3.976017859536554511e+00,2.545176273471796868e+00,1.554312666654313446e+00
3.707999999999999829e+01,3.976083791188197214e+00,2.549175730071296275e+00,1.554312679026202293e+00
3.710000000000000142e+01,3.976149722768049788e+00,2.553175186670795682e+00,1.554312691398090918e+00
3.711999999999999744e+01,3.976215654276112677e+00,2.557174643271416858e+00,1.554312703769979986e+00
3.714000000000000057e+01,3.976281585771434646e+00,2.561174099892136180e+00,1.554312715042760251e+00
3.715999999999999659e+01,3.976347517227361905e+00,2.565173556511624486e+00,1.554312726315540516e+00
3.717999999999999972e+01,3.976413448604499745e+00,2.569173013133574823e+00,1.554312737588320781e+00
3.720000000000000284e+01,3.976479379942242431e+00,2.573172469755525160e+00,1.554312748861100824e+00
3.721999999999999886e+01,3.976545311240590408e+00,2.577171926378706512e+00,1.554312760133881088e+00
3.724000000000000199e+01,3.976611242510812438e+00,2.581171382939896564e+00,1.554312770406888422e+00
3.725999999999999801e+01,3.976677173737805493e+00,2.585170839503788454e+00,1.554312780679895756e+00
3.728000000000000114e+01,3.976743104921570016e+00,2.589170296066329424e+00,1.554312790952903089e+00
3.729999999999999716e+01,3.976809036062105562e+00,2.593169752630221314e+00,1.554312801225910645e+00
3.732000000000000028e+01,3.976874967159412577e+00,2.597169209195464123e+00,1.554312811498917757e+00
3.734000000000000341e+01,3.976940898180182149e+00,2.601168665781851796e+00,1.554312820863430922e+00
3.735999999999999943e+01,3.977006829200951721e+00,2.605168122369721395e+00,1.554312830227943865e+00
3.738000000000000256e+01,3.977072760221721293e+00,2.609167578957590994e+00,1.554312839592456807e+00
3.739999999999999858e+01,3.977138691147645844e+00,2.613167035546942518e+00,1.554312848956969750e+00
3.742000000000000171e+01,3.977204622073570395e+00,2.617166492136294043e+00,1.554312858321482693e+00
3.743999999999999773e+01,3.977270552912699486e+00,2.621165948693624070e+00,1.554312866859256737e+00
3.746000000000000085e+01,3.977336483751828577e+00,2.625165405250954098e+00,1.554312875397030780e+00
3.747999999999999687e+01,3.977402414538942832e+00,2.629164861809909493e+00,1.554312883934804601e+00
3.750000000000000000e+01,3.977468345326057086e+00,2.633164318368864887e+00,1.554312892472578866e+00
3.752000000000000313e+01,3.977534276082090869e+00,2.637163774985753939e+00,1.554312900258417951e+00
3.753999999999999915e+01,3.977600206781086722e+00,2.641163231602642991e+00,1.554312908044257480e+00
3.756000000000000227e+01,3.977666137423044646e+00,2.645162688219532043e+00,1.554312915830096786e+00
3.757999999999999829e+01,3.977732068065002569e+00,2.649162144838203226e+00,1.554312923615936093e+00
3.760000000000000142e+01,3.977797998706960492e+00,2.653161601456874408e+00,1.554312931401775622e+00
3.761999999999999744e+01,3.977863929291880041e+00,2.657161058077328164e+00,1.554312939187614706e+00
3.764000000000000057e+01,3.977929859840051208e+00,2.661160514626685458e+00,1.554312946304857723e+00
3.765999999999999659e+01,3.977995790325826064e+00,2.665159971179942300e+00,1.554312953422101184e+00
3.767999999999999972e+01,3.978061720811600921e+00,2.669159427731249590e+00,1.554312960539344424e+00
3.770000000000000284e+01,3.978127651297375778e+00,2.673158884282556880e+00,1.554312967656587441e+00
3.771999999999999886e+01,3.978193581720754768e+00,2.677158340835813721e+00,1.554312974773830680e+00
3.774000000000000199e+01,3.978259512136745446e+00,2.681157797414026156e+00,1.554312981267434335e+00
3.775999999999999801e+01,3.978325442552736124e+00,2.685157253992238591e+00,1.554312987761037768e+00
3.778000000000000114e+01,3.978391372900337952e+00,2.689156710570451025e+00,1.554312994254641200e+00
3.779999999999999716e+01,3.978457303247939780e+00,2.693156167150800862e+00,1.554313000748244633e+00
3.782000000000000028e+01,3.978523233493474365e+00,2.697155623732143681e+00,1.554313006674775899e+00
3.784000000000000341e+01,3.978589163813941454e+00,2.701155080315828183e+00,1.554313012601307165e+00
3.785999999999999943e+01,3.978655094059476038e+00,2.705154536899512685e+00,1.554313018527838430e+00
3.788000000000000256e+01,3.978721024305010623e+00,2.709153993483197187e+00,1.554313024454369696e+00
3.789999999999999858e+01,3.978786954550545207e+00,2.713153450066881689e+00,1.554313030380900962e+00
3.792000000000000171e+01,3.978852884721147287e+00,2.717152906650566191e+00,1.554313036307432450e+00
3.793999999999999773e+01,3.978918814899565781e+00,2.721152363331313495e+00,1.554313041728936584e+00
3.796000000000000085e+01,3.978984744996072020e+00,2.725151820012060799e+00,1.554313047150440941e+00
3.797999999999999687e+01,3.979050675174490515e+00,2.729151276692808104e+00,1.554313052571945519e+00
3.800000000000000000e+01,3.979116605270996754e+00,2.733150733373555408e+00,1.554313057993449654e+00
3.802000000000000313e+01,3.979182535285590294e+00,2.737150190056862442e+00,1.554313063414953788e+00
3.803999999999999915e+01,3.979248465410401447e+00,2.741149646740794310e+00,1.554313068365310135e+00
3.806000000000000227e+01,3.979314395445503916e+00,2.745149103424726178e+00,1.554313073315666482e+00
3.807999999999999829e+01,3.979380325480606384e+00,2.749148560111461137e+00,1.554313078266022385e+00
3.810000000000000142e+01,3.979446255426000612e+00,2.753148016795393005e+00,1.554313083216378732e+00
3.811999999999999744e+01,3.979512185461103080e+00,2.757147473482127964e+00,1.554313088166734635e+00
3.814000000000000057e+01,3.979578115339988287e+00,2.761146930132844179e+00,1.554313092687238163e+00
3.815999999999999659e+01,3.979644045317112244e+00,2.765146386783560395e+00,1.554313097207742356e+00
3.817999999999999972e+01,3.979709975195997451e+00,2.769145843431206622e+00,1.554313101728245883e+00
3.820000000000000284e+01,3.979775905173121409e+00,2.773145300081922837e+00,1.554313106248749632e+00
3.821999999999999886e+01,3.979841835052006616e+00,2.777144756732639053e+00,1.554313110769253381e+00
3.824000000000000199e+01,3.979907764869708320e+00,2.781144213459587178e+00,1.554313114899537052e+00
3.825999999999999801e+01,3.979973694794930239e+00,2.785143670186535303e+00,1.554313119029820722e+00
3.828000000000000114e+01,3.980039624612631943e+00,2.789143126916843407e+00,1.554313123160104393e+00
3.829999999999999716e+01,3.980105554430333648e+00,2.793142583643791532e+00,1.554313127290388064e+00
3.832000000000000028e+01,3.980171484248035352e+00,2.797142040370739657e+00,1.554313131420671956e+00
3.834000000000000341e+01,3.980237413962219861e+00,2.801141496959491217e+00,1.554313135194692164e+00
3.835999999999999943e+01,3.980303343794074689e+00,2.805140953548242777e+00,1.554313138968712149e+00
3.838000000000000256e+01,3.980369273508259198e+00,2.809140410136994337e+00,1.554313142742732134e+00
3.839999999999999858e+01,3.980435203340114025e+00,2.813139866725745897e+00,1.554313146516752564e+00
3.842000000000000171e+01,3.980501133054298535e+00,2.817139323314497457e+00,1.554313150290772771e+00
3.843999999999999773e+01,3.980567062670673284e+00,2.821138780015185255e+00,1.554313153741291309e+00
3.846000000000000085e+01,3.980632992415750415e+00,2.825138236711850936e+00,1.554313157191809847e+00
3.847999999999999687e+01,3.980698922160827546e+00,2.829137693412538734e+00,1.554313160642328384e+00
3.850000000000000000e+01,3.980764851777202296e+00,2.833137150113226532e+00,1.554313164092846922e+00
3.852000000000000313e+01,3.980830781393577045e+00,2.837136606813914330e+00,1.554313167543365681e+00
3.853999999999999915e+01,3.980896711143353972e+00,2.841136063488802765e+00,1.554313170697293467e+00
3.856000000000000227e+01,3.980962640752325754e+00,2.845135520163691201e+00,1.554313173851221253e+00
3.857999999999999829e+01,3.981028570361297536e+00,2.849134976838579636e+00,1.554313177005148594e+00
3.860000000000000142e+01,3.981094499970269318e+00,2.853134433513468071e+00,1.554313180159076380e+00
3.861999999999999744e+01,3.981160429579241100e+00,2.857133890188356506e+00,1.554313183313004387e+00
3.864000000000000057e+01,3.981226359125030534e+00,2.861133346670103883e+00,1.554313186198196473e+00
3.865999999999999659e+01,3.981292288670819968e+00,2.865132803151851260e+00,1.554313189083388114e+00
3.867999999999999972e+01,3.981358218216609401e+00,2.869132259633598636e+00,1.554313191968579755e+00
3.870000000000000284e+01,3.981424147762398835e+00,2.873131716120155943e+00,1.554313194853771840e+00
3.871999999999999886e+01,3.981490077308188269e+00,2.877131172601903319e+00,1.554313197738963481e+00
3.874000000000000199e+01,3.981556006817265292e+00,2.881130629106528396e+00,1.554313200377834825e+00
3.875999999999999801e+01,3.981621936326342315e+00,2.885130085611153472e+00,1.554313203016706391e+00
3.878000000000000114e+01,3.981687865835419338e+00,2.889129542115778548e+00,1.554313205655577734e+00
3.879999999999999716e+01,3.981753795344496361e+00,2.893128998620403625e+00,1.554313208294449078e+00
3.882000000000000028e+01,3.981819724853573383e+00,2.897128455125028701e+00,1.554313210933320422e+00
3.884000000000000341e+01,3.981885654305166167e+00,2.901127911865625020e+00,1.554313213348908373e+00
3.885999999999999943e+01,3.981951583756758950e+00,2.905127368611966521e+00,1.554313215764496325e+00
3.888000000000000256e+01,3.982017513208351733e+00,2.909126825358308022e+00,1.554313218180084499e+00
3.889999999999999858e+01,3.982083442659944517e+00,2.913126282098904341e+00,1.554313220595672229e+00
3.892000000000000171e+01,3.982149372111537300e+00,2.917125738845245841e+00,1.554313223011260403e+00
3.893999999999999773e+01,3.982215301554810072e+00,2.921125195351886639e+00,1.554313225222827111e+00
3.896000000000000085e+01,3.982281230998082844e+00,2.925124651858527436e+00,1.554313227434393818e+00
3.897999999999999687e+01,3.982347160441355616e+00,2.929124108365168233e+00,1.554313229645960082e+00
3.900000000000000000e+01,3.982413089683825458e+00,2.933123564871809030e+00,1.554313231857526789e+00
3.902000000000000313e+01,3.982479019127098230e+00,2.937123021378449828e+00,1.554313234069093497e+00
3.903999999999999915e+01,3.982544948563656817e+00,2.941122478057367484e+00,1.554313236093755046e+00
3.906000000000000227e+01,3.982610878000215404e+00,2.945121934736285141e+00,1.554313238118416374e+00
3.907999999999999829e+01,3.982676807217433890e+00,2.949121391422057314e+00,1.554313240143077701e+00
3.910000000000000142e+01,3.982742736653992477e+00,2.953120848100974971e+00,1.554313242167739029e+00
3.911999999999999744e+01,3.982808666090551064e+00,2.957120304779892628e+00,1.554313244192400134e+00
3.914000000000000057e+01,3.982874595425811570e+00,2.961119761535198069e+00,1.554313246049484176e+00
3.915999999999999659e+01,3.982940524761072076e+00,2.965119218290503511e+00,1.554313247906567552e+00
3.917999999999999972e+01,3.983006454096332583e+00,2.969118675038335819e+00,1.554313249763651150e+00
3.920000000000000284e+01,3.983072383431593089e+00,2.973118131793641261e+00,1.554313251620734526e+00
3.921999999999999886e+01,3.983138312527721325e+00,2.977117588548946703e+00,1.554313253477818346e+00
3.924000000000000199e+01,3.983204242041927134e+00,2.981117045246522768e+00,1.554313255182074638e+00
3.925999999999999801e+01,3.983270171295556494e+00,2.985116501952241652e+00,1.554313256886330930e+00
3.928000000000000114e+01,3.983336100549185854e+00,2.989115958649817717e+00,1.554313258590587221e+00
3.929999999999999716e+01,3.983402029802815214e+00,2.993115415355536602e+00,1.554313260294843513e+00
3.932000000000000028e+01,3.983467959056444574e+00,2.997114872053112666e+00,1.554313261999100027e+00
3.934000000000000341e+01,3.983533888314955362e+00,3.001114328653769814e+00,1.554313263559518488e+00
3.935999999999999943e+01,3.983599817573466151e+00,3.005113785245533631e+00,1.554313265119937615e+00
3.938000000000000256e+01,3.983665746831976939e+00,3.009113241846190778e+00,1.554313266680356520e+00
3.939999999999999858e+01,3.983731676090487728e+00,3.013112698437954595e+00,1.554313268240775425e+00
3.942000000000000171e+01,3.983797605348998516e+00,3.017112155038611743e+00,1.554313269801194330e+00
3.943999999999999773e+01,3.983863534636927550e+00,3.021111611693386934e+00,1.554313271232008242e+00
3.946000000000000085e+01,3.983929463924856584e+00,3.025111068348162124e+00,1.554313272662822376e+00
3.947999999999999687e+01,3.983995393212785618e+00,3.029110525002937315e+00,1.554313274093636066e+00
3.950000000000000000e+01,3.984061322190339371e+00,3.033109981657712506e+00,1.554313275524450200e+00
3.952000000000000313e+01,3.984127251478268406e+00,3.037109438312487697e+00,1.554313276955263667e+00
3.953999999999999915e+01,3.984193180864314066e+00,3.041108895182183414e+00,1.554313278266999721e+00
3.956000000000000227e+01,3.984259109911808761e+00,3.045108352062459112e+00,1.554313279578735552e+00
3.957999999999999829e+01,3.984325039297854421e+00,3.049107808932154828e+00,1.554313280890471161e+00
3.960000000000000142e+01,3.984390968345349116e+00,3.053107265801850545e+00,1.554313282202207214e+00
3.961999999999999744e+01,3.984456897731394776e+00,3.057106722682126243e+00,1.554313283513943045e+00
3.964000000000000057e+01,3.984522826865553924e+00,3.061106179426513307e+00,1.554313284720685306e+00
3.965999999999999659e+01,3.984588755999713072e+00,3.065105636182400506e+00,1.554313285927427568e+00
3.967999999999999972e+01,3.984654685133872221e+00,3.069105092926787570e+00,1.554313287134169608e+00
3.970000000000000284e+01,3.984720614268031369e+00,3.073104549671174635e+00,1.554313288340912091e+00
3.971999999999999886e+01,3.984786543402190517e+00,3.077104006427061833e+00,1.554313289547654353e+00
3.974000000000000199e+01,3.984852472643688692e+00,3.081103462733795428e+00,1.554313290656502256e+00
3.975999999999999801e+01,3.984918401885186867e+00,3.085102919053044790e+00,1.554313291765350602e+00
3.978000000000000114e+01,3.984984330726189405e+00,3.089102375359778385e+00,1.554313292874198726e+00
3.979999999999999716e+01,3.985050259967687580e+00,3.093101831666511981e+00,1.554313293983046629e+00
3.982000000000000028e+01,3.985116189209185755e+00,3.097101287985761342e+00,1.554313295091894975e+00
3.984000000000000341e+01,3.985182118392366135e+00,3.101100744525653763e+00,1.554313296109641529e+00
3.985999999999999943e+01,3.985248047575546515e+00,3.105100201065546184e+00,1.554313297127388527e+00
3.988000000000000256e+01,3.985313976758726895e+00,3.109099657619074364e+00,1.554313298145135525e+00
3.989999999999999858e+01,3.985379905505561648e+00,3.113099114158966785e+00,1.554313299162882078e+00
3.992000000000000171e+01,3.985445834688742028e+00,3.117098570698859206e+00,1.554313300180628854e+00
3.993999999999999773e+01,3.985511764132114720e+00,3.121098027712285283e+00,1.554313301113668722e+00
3.996000000000000085e+01,3.985577693099528140e+00,3.125097484725711361e+00,1.554313302046708367e+00
3.997999999999999687e+01,3.985643622066941560e+00,3.129096941739137439e+00,1.554313302979748457e+00
4.000000000000000000e+01,3.985709551510314252e+00,3.133096398752563516e+00,1.554313303912788324e+00
4.002000000000000313e+01,3.985775480477727672e+00,3.137095855765989594e+00,1.554313304845828192e+00
4.003999999999999915e+01,3.985841409725602524e+00,3.141095312837003384e+00,1.554313305713600712e+00
4.006000000000000227e+01,3.985907338461719629e+00,3.145094769892024633e+00,1.554313306581372789e+00
4.007999999999999829e+01,3.985973267709594481e+00,3.149094226947045883e+00,1.554313307449145087e+00
4.010000000000000142e+01,3.986039196957469333e+00,3.153093684018059673e+00,1.554313308316917386e+00
4.011999999999999744e+01,3.986105125693586437e+00,3.157093141073080922e+00,1.554313309184689684e+00
4.014000000000000057e+01,3.986171054751133536e+00,3.161092597574377550e+00,1.554313309982088054e+00
4.015999999999999659e+01,3.986236984365603586e+00,3.165092054075674177e+00,1.554313310779486201e+00
4.017999999999999972e+01,3.986302913423150684e+00,3.169091510576970805e+00,1.554313311576884793e+00
4.020000000000000284e+01,3.986368842480697783e+00,3.173090967078267433e+00,1.554313312374283162e+00
4.021999999999999886e+01,3.986434771538244881e+00,3.177090423579564060e+00,1.554313313171681532e+00
4.024000000000000199e+01,3.986500700167705080e+00,3.181089880752048238e+00,1.554313313909216454e+00
4.025999999999999801e+01,3.986566629399291628e+00,3.185089337943348475e+00,1.554313314646751376e+00
4.028000000000000114e+01,3.986632558630878176e+00,3.189088795134648713e+00,1.554313315384286520e+00
4.029999999999999716e+01,3.986698487862464724e+00,3.193088252325948950e+00,1.554313316121820998e+00
4.032000000000000028e+01,3.986764416491924923e+00,3.197087709517249188e+00,1.554313316859356142e+00
4.034000000000000341e+01,3.986830345597469627e+00,3.201087165837869009e+00,1.554313317539880002e+00
4.035999999999999943e+01,3.986896274703014331e+00,3.205086622138096253e+00,1.554313318220403639e+00
4.038000000000000256e+01,3.986962203808559035e+00,3.209086078458716074e+00,1.554313318900927721e+00
4.039999999999999858e+01,3.987028132914103740e+00,3.213085534779335894e+00,1.554313319581451358e+00
4.042000000000000171e+01,3.987094062019648444e+00,3.217084991099955715e+00,1.554313320261975440e+00
4.043999999999999773e+01,3.987159991210848631e+00,3.221084448084118534e+00,1.554313320884940675e+00
4.046000000000000085e+01,3.987225919689185272e+00,3.225083905068281354e+00,1.554313321507905687e+00
4.047999999999999687e+01,3.987291848880385459e+00,3.229083362030167326e+00,1.554313322130871367e+00
4.050000000000000000e+01,3.987357778071585646e+00,3.233082819014330145e+00,1.554313322753836379e+00
4.052000000000000313e+01,3.987423707262785832e+00,3.237082275976216117e+00,1.554313323376801614e+00
4.053999999999999915e+01,3.987489635819305267e+00,3.241081733271918175e+00,1.554313323950553549e+00
4.056000000000000227e+01,3.987555565149834003e+00,3.245081190543432470e+00,1.554313324524305484e+00
4.057999999999999829e+01,3.987621494480362738e+00,3.249080647839134528e+00,1.554313325098057419e+00
4.060000000000000142e+01,3.987687423036882173e+00,3.253080105110648823e+00,1.554313325671809354e+00
4.061999999999999744e+01,3.987753352367410908e+00,3.257079562406350881e+00,1.554313326245561289e+00
4.064000000000000057e+01,3.987819281154988627e+00,3.261079019482509889e+00,1.554313326769984238e+00
4.065999999999999659e+01,3.987885209942566345e+00,3.265078476558668896e+00,1.554313327294407188e+00
4.067999999999999972e+01,3.987951139576959125e+00,3.269077933634827904e+00,1.554313327818830137e+00
4.070000000000000284e+01,3.988017068364536843e+00,3.273077390710986911e+00,1.554313328343252865e+00
4.071999999999999886e+01,3.988082997152114562e+00,3.277076847787145919e+00,1.554313328867676258e+00
4.074000000000000199e+01,3.988148926380842063e+00,3.281076304760837559e+00,1.554313329358389284e+00
4.075999999999999801e+01,3.988214855609569565e+00,3.285075761762810131e+00,1.554313329849102532e+00
4.078000000000000114e+01,3.988280783933309426e+00,3.289075218764782704e+00,1.554313330339815780e+00
4.079999999999999716e+01,3.988346713162036927e+00,3.293074675766755277e+00,1.554313330830528805e+00
4.082000000000000028e+01,3.988412642390764429e+00,3.297074132740446917e+00,1.554313331321242275e+00
4.084000000000000341e+01,3.988478571117271443e+00,3.301073588622332800e+00,1.554313331768303774e+00
4.085999999999999943e+01,3.988544499843778457e+00,3.305073044504218682e+00,1.554313332215365273e+00
4.088000000000000256e+01,3.988610429563636650e+00,3.309072500386104565e+00,1.554313332662426772e+00
4.089999999999999858e+01,3.988676358290143664e+00,3.313071956267990448e+00,1.554313333109488493e+00
4.092000000000000171e+01,3.988742287016650678e+00,3.317071412149876330e+00,1.554313333556549770e+00
4.093999999999999773e+01,3.988808215946694435e+00,3.321070869683563132e+00,1.554313333976289346e+00
4.096000000000000085e+01,3.988874144876738193e+00,3.325070327184187047e+00,1.554313334396028923e+00
4.097999999999999687e+01,3.988940073806781950e+00,3.329069784717873848e+00,1.554313334815768499e+00
4.100000000000000000e+01,3.989006002736825707e+00,3.333069242251560649e+00,1.554313335235508076e+00
4.102000000000000313e+01,3.989071932724880920e+00,3.337068699752184564e+00,1.554313335655247430e+00
4.103999999999999915e+01,3.989137861266352392e+00,3.341068157394229576e+00,1.554313336028680048e+00
4.106000000000000227e+01,3.989203789807823863e+00,3.345067615036274589e+00,1.554313336402112888e+00
4.107999999999999829e+01,3.989269719538504066e+00,3.349067072678319601e+00,1.554313336775545507e+00
4.110000000000000142e+01,3.989335648079975538e+00,3.353066530283201452e+00,1.554313337148978125e+00
4.111999999999999744e+01,3.989401576621447010e+00,3.357065987925246464e+00,1.554313337522410743e+00
4.114000000000000057e+01,3.989467506280904630e+00,3.361065443681306775e+00,1.554313337880216528e+00
4.115999999999999659e+01,3.989533434699216397e+00,3.365064899398581222e+00,1.554313338238022313e+00
4.117999999999999972e+01,3.989599364358674016e+00,3.369064355154641532e+00,1.554313338595828098e+00
4.120000000000000284e+01,3.989665292776985783e+00,3.373063810910701843e+00,1.554313338953633883e+00
4.121999999999999886e+01,3.989731222436443403e+00,3.377063266627976290e+00,1.554313339311439446e+00
4.124000000000000199e+01,3.989797150520542957e+00,3.381062722016187294e+00,1.554313339640525315e+00
4.125999999999999801e+01,3.989863079954106606e+00,3.385062177446569009e+00,1.554313339969610519e+00
4.128000000000000114e+01,3.989929008038206160e+00,3.389061632834780013e+00,1.554313340298695945e+00
4.129999999999999716e+01,3.989994937471769809e+00,3.393061088222991017e+00,1.554313340627781592e+00
4.132000000000000028e+01,3.990060866905333459e+00,3.397060543611202021e+00,1.554313340956866796e+00
4.134000000000000341e+01,3.990126796043005797e+00,3.401059999091572639e+00,1.554313341262054893e+00
4.135999999999999943e+01,3.990192723725546120e+00,3.405059454526470297e+00,1.554313341567242990e+00
4.138000000000000256e+01,3.990258652863218458e+00,3.409058910006840915e+00,1.554313341872431087e+00
4.139999999999999858e+01,3.990324582000890796e+00,3.413058365487211532e+00,1.554313342177619184e+00
4.142000000000000171e+01,3.990390511138563134e+00,3.417057820967582149e+00,1.554313342482807281e+00
4.143999999999999773e+01,3.990456439518445197e+00,3.421057278790995415e+00,1.554313342761621142e+00
4.146000000000000085e+01,3.990522369491107835e+00,3.425056736664183088e+00,1.554313343040435003e+00
4.147999999999999687e+01,3.990588297870989898e+00,3.429056194487596354e+00,1.554313343319249086e+00
4.150000000000000000e+01,3.990654227843652535e+00,3.433055652360784027e+00,1.554313343598062724e+00
4.152000000000000313e+01,3.990720156862614942e+00,3.437055109737721104e+00,1.554313343894158095e+00
4.153999999999999915e+01,3.990786084381759302e+00,3.441054567161527800e+00,1.554313344190253687e+00
4.156000000000000227e+01,3.990852013400721710e+00,3.445054024585334496e+00,1.554313344486348836e+00
4.157999999999999829e+01,3.990917942419684117e+00,3.449053482009141192e+00,1.554313344782444206e+00
4.160000000000000142e+01,3.990983871438646524e+00,3.453052939432947888e+00,1.554313345078539577e+00
4.161999999999999744e+01,3.991049800457608931e+00,3.457052396809884964e+00,1.554313345374634947e+00
4.164000000000000057e+01,3.991115730275494045e+00,3.461051852189126699e+00,1.554313345607861496e+00
4.165999999999999659e+01,3.991181658189268955e+00,3.465051307508865364e+00,1.554313345841087823e+00
4.167999999999999972e+01,3.991247588007154068e+00,3.469050762828604029e+00,1.554313346074314595e+00
4.170000000000000284e+01,3.991313515920928978e+00,3.473050218207845763e+00,1.554313346307541144e+00
4.171999999999999886e+01,3.991379445738814091e+00,3.477049673527584428e+00,1.554313346540767693e+00
4.174000000000000199e+01,3.991445373652589002e+00,3.481049128847323093e+00,1.554313346773994464e+00
4.175999999999999801e+01,3.991511303176336067e+00,3.485048585437927393e+00,1.554313346985714661e+00
4.178000000000000114e+01,3.991577232700083133e+00,3.489048041962983682e+00,1.554313347197434636e+00
4.179999999999999716e+01,3.991643162223830199e+00,3.493047498553587982e+00,1.554313347409154833e+00
4.182000000000000028e+01,3.991709089650048448e+00,3.497046955078644270e+00,1.554313347620875030e+00
4.184000000000000341e+01,3.991775018885261872e+00,3.501046411594271657e+00,1.554313347884664243e+00
4.185999999999999943e+01,3.991840948120475296e+00,3.505045868109899043e+00,1.554313348148453455e+00
4.188000000000000256e+01,3.991906877355688721e+00,3.509045324572916957e+00,1.554313348412242668e+00
4.189999999999999858e+01,3.991972806590902145e+00,3.513044781088544344e+00,1.554313348676031881e+00
4.192000000000000171e+01,3.992038734781119036e+00,3.517044238751450003e+00,1.554313348913703541e+00
4.193999999999999773e+01,3.992104662971335927e+00,3.521043696472746287e+00,1.554313349151374757e+00
4.196000000000000085e+01,3.992170593030053727e+00,3.525043154135651946e+00,1.554313349389046195e+00
4.197999999999999687e+01,3.992236521220270618e+00,3.529042611798557605e+00,1.554313349626717633e+00
4.200000000000000000e+01,3.992302451278988418e+00,3.533042069519853889e+00,1.554313349864389071e+00
4.202000000000000313e+01,3.992368379469205308e+00,3.537041527182759548e+00,1.554313350102060731e+00
4.203999999999999915e+01,3.992434308498549189e+00,3.541040982791546998e+00,1.554313350324700860e+00
4.206000000000000227e+01,3.992500237527893070e+00,3.545040438400334448e+00,1.554313350547341654e+00
4.207999999999999829e+01,3.992566166557236951e+00,3.549039893946789537e+00,1.554313350769982227e+00
4.210000000000000142e+01,3.992632095586580832e+00,3.553039349555576987e+00,1.554313350992623022e+00
4.211999999999999744e+01,3.992698024615924712e+00,3.557038805164364437e+00,1.554313351215263372e+00
4.214000000000000057e+01,3.992763952976409403e+00,3.561038259766260428e+00,1.554313351414027267e+00
4.215999999999999659e+01,3.992829881336894093e+00,3.565037714298335825e+00,1.554313351612791161e+00
4.217999999999999972e+01,3.992895809697378784e+00,3.569037168900231816e+00,1.554313351811555277e+00
4.220000000000000284e+01,3.992961740292117145e+00,3.573036623502127807e+00,1.554313352010319171e+00
4.221999999999999886e+01,3.993027668652601836e+00,3.577036078034203204e+00,1.554313352209082844e+00
4.224000000000000199e+01,3.993093597617500823e+00,3.581035532692498524e+00,1.554313352409393945e+00
4.225999999999999801e+01,3.993159526582399810e+00,3.585034987281512819e+00,1.554313352609705712e+00
4.228000000000000114e+01,3.993225455547298797e+00,3.589034441870527115e+00,1.554313352810016813e+00
4.229999999999999716e+01,3.993291384512197784e+00,3.593033896459541410e+00,1.554313353010328136e+00
4.232000000000000028e+01,3.993357313477096771e+00,3.597033351048555705e+00,1.554313353210639459e+00
4.234000000000000341e+01,3.993423240369104121e+00,3.601032806812473286e+00,1.554313353391954644e+00
4.235999999999999943e+01,3.993489169710377151e+00,3.605032262576390867e+00,1.554313353573270051e+00
4.238000000000000256e+01,3.993555099051650181e+00,3.609031718340308448e+00,1.554313353754584792e+00
4.239999999999999858e+01,3.993621028392923211e+00,3.613031174027686365e+00,1.554313353935900199e+00
4.242000000000000171e+01,3.993686957734196241e+00,3.617030629791603946e+00,1.554313354117215384e+00
4.243999999999999773e+01,3.993752886837465432e+00,3.621030088837357219e+00,1.554313354259665436e+00
4.246000000000000085e+01,3.993818815940734623e+00,3.625029547785688422e+00,1.554313354402115266e+00
4.247999999999999687e+01,3.993884745044003814e+00,3.629029006831441695e+00,1.554313354544565540e+00
4.250000000000000000e+01,3.993950674147273006e+00,3.633028465877194968e+00,1.554313354687015591e+00
4.252000000000000313e+01,3.994016600133031947e+00,3.637027924825526171e+00,1.554313354829465421e+00
4.253999999999999915e+01,3.994082529358427003e+00,3.641027380654329182e+00,1.554313355023579257e+00
4.256000000000000227e+01,3.994148458583822059e+00,3.645026836483132193e+00,1.554313355217692871e+00
4.257999999999999829e+01,3.994214387809217115e+00,3.649026292240442171e+00,1.554313355411806485e+00
4.260000000000000142e+01,3.994280317034612171e+00,3.653025748069245182e+00,1.554313355605920099e+00
4.261999999999999744e+01,3.994346244125056788e+00,3.657025206424969088e+00,1.554313355699989296e+00
4.264000000000000057e+01,3.994412175936381537e+00,3.661024664780692994e+00,1.554313355794058493e+00
4.265999999999999659e+01,3.994478103026826155e+00,3.665024123136416900e+00,1.554313355888127690e+00
4.267999999999999972e+01,3.994544030117270772e+00,3.669023581492140806e+00,1.554313355982197109e+00
4.270000000000000284e+01,3.994609961928595521e+00,3.673023039847864712e+00,1.554313356076266084e+00
4.271999999999999886e+01,3.994675889019040138e+00,3.677022498056061295e+00,1.554313356170335059e+00
4.274000000000000199e+01,3.994741818305608927e+00,3.681021957899895281e+00,1.554313356276384450e+00
4.275999999999999801e+01,3.994807747592177716e+00,3.685021417743729266e+00,1.554313356382433620e+00
4.278000000000000114e+01,3.994873676878746505e+00,3.689020877587563252e+00,1.554313356488482789e+00
4.279999999999999716e+01,3.994939606165315293e+00,3.693020337431397238e+00,1.554313356594531959e+00
4.282000000000000028e+01,3.995005535451884082e+00,3.697019797144369679e+00,1.554313356700581128e+00
4.284000000000000341e+01,3.995071464041933584e+00,3.701019256163696092e+00,1.554313356771395815e+00
4.285999999999999943e+01,3.995137392631983086e+00,3.705018714987049044e+00,1.554313356842210503e+00
4.288000000000000256e+01,3.995203321222032589e+00,3.709018173810401997e+00,1.554313356913024968e+00
4.289999999999999858e+01,3.995269249812082091e+00,3.713017632829728409e+00,1.554313356983839878e+00
4.292000000000000171e+01,3.995335178402131593e+00,3.717017091653081362e+00,1.554313357054654565e+00
4.293999999999999773e+01,3.995401107295646348e+00,3.721016548288800685e+00,1.554313357050755018e+00
4.296000000000000085e+01,3.995467036189177090e+00,3.725016004924520008e+00,1.554313357046855026e+00
4.297999999999999687e+01,3.995532965082723376e+00,3.729015461560238887e+00,1.554313357042955257e+00
4.300000000000000000e+01,3.995598893976285204e+00,3.733014918195957321e+00,1.554313357039055488e+00
4.302000000000000313e+01,3.995664822869862576e+00,3.737014374831675756e+00,1.554313357035155718e+00
4.303999999999999915e+01,3.995730753588722095e+00,3.741013820882525209e+00,1.554313357004333263e+00
4.306000000000000227e+01,3.995796669899644993e+00,3.745013266483126380e+00,1.554313356973510807e+00
4.307999999999999829e+01,3.995862600618504512e+00,3.749012712083727550e+00,1.554313356942688573e+00
4.310000000000000142e+01,3.995928531337364031e+00,3.753012157684328720e+00,1.554313356911865895e+00
4.311999999999999744e+01,3.995994462056223551e+00,3.757011603284929890e+00,1.554313356881043440e+00
4.314000000000000057e+01,3.996060391296333947e+00,3.761011060083118362e+00,1.554313356333250740e+00
4.315999999999999659e+01,3.996126319725755938e+00,3.765010516881306835e+00,1.554313355785458262e+00
4.317999999999999972e+01,3.996192248965866334e+00,3.769009973679495307e+00,1.554313355237665339e+00
4.320000000000000284e+01,3.996258177395288325e+00,3.773009430477683779e+00,1.554313354689872417e+00
4.321999999999999886e+01,3.996324106635398721e+00,3.777008887275872251e+00,1.554313354142079939e+00
4.324000000000000199e+01,3.996390035401702345e+00,3.781008344810181221e+00,1.554313353745382820e+00
4.325999999999999801e+01,3.996455964168005970e+00,3.785007802344490191e+00,1.554313353348685700e+00
4.328000000000000114e+01,3.996521892934309594e+00,3.789007259878799161e+00,1.554313352951988580e+00
4.329999999999999716e+01,3.996587821700613219e+00,3.793006717413108131e+00,1.554313352555291461e+00
4.332000000000000028e+01,3.996653751586384029e+00,3.797006174947417101e+00,1.554313352158594341e+00
4.334000000000000341e+01,3.996719680597482061e+00,3.801005631195940371e+00,1.554313351740040927e+00
4.335999999999999943e+01,3.996785608547570590e+00,3.805005087444463641e+00,1.554313351321487513e+00
4.338000000000000256e+01,3.996851537558668621e+00,3.809004543692986910e+00,1.554313350902934099e+00
4.339999999999999858e+01,3.996917466569766653e+00,3.813003999941510180e+00,1.554313350484380907e+00
4.342000000000000171e+01,3.996983395580864684e+00,3.817003456190033450e+00,1.554313350065827271e+00
4.343999999999999773e+01,3.997049324631838818e+00,3.821002911968458982e+00,1.554313349678393852e+00
4.346000000000000085e+01,3.997115253682812952e+00,3.825002367746884513e+00,1.554313349290960433e+00
4.347999999999999687e+01,3.997181182733787086e+00,3.829001823489490253e+00,1.554313348903527014e+00
4.350000000000000000e+01,3.997247111784761220e+00,3.833001279267915784e+00,1.554313348516093596e+00
4.352000000000000313e+01,3.997313040835735354e+00,3.837000735046341315e+00,1.554313348128660177e+00
4.353999999999999915e+01,3.997378969404443705e+00,3.841000191929563545e+00,1.554313347815554636e+00
4.356000000000000227e+01,3.997444897973152056e+00,3.844999648857108987e+00,1.554313347502448872e+00
4.357999999999999829e+01,3.997510826541860407e+00,3.848999105784654429e+00,1.554313347189343553e+00
4.360000000000000142e+01,3.997576756528906206e+00,3.852998562712199870e+00,1.554313346876238011e+00
4.361999999999999744e+01,3.997642685097614557e+00,3.856998019639745312e+00,1.554313346563132692e+00
4.364000000000000057e+01,3.997708613889548346e+00,3.860997476206700529e+00,1.554313346254022399e+00
4.365999999999999659e+01,3.997774542681482135e+00,3.864996932773655747e+00,1.554313345944912106e+00
4.367999999999999972e+01,3.997840471473415924e+00,3.868996389340610964e+00,1.554313345635802257e+00
4.370000000000000284e+01,3.997906400265349713e+00,3.872995845907566181e+00,1.554313345326692186e+00
4.371999999999999886e+01,3.997972329057283503e+00,3.876995302519417486e+00,1.554313345017582115e+00
4.374000000000000199e+01,3.998038258083629781e+00,3.880994758836603165e+00,1.554313344543592601e+00
4.375999999999999801e+01,3.998104187109976060e+00,3.884994215183067201e+00,1.554313344069603087e+00
4.378000000000000114e+01,3.998170116136322338e+00,3.888993671529531237e+00,1.554313343595613794e+00
4.379999999999999716e+01,3.998236045162668617e+00,3.892993127846716916e+00,1.554313343121624058e+00
4.382000000000000028e+01,3.998301974189014896e+00,3.896992584193180953e+00,1.554313342647634544e+00
4.384000000000000341e+01,3.998301974189014896e+00,3.896992584193180953e+00,1.554313342647634544e+00
4.385999999999999943e+01,3.998301974189014896e+00,3.896992584193180953e+00,1.554313342647634544e+00
4.388000000000000256e+01,3.998301974189014896e+00,3.896992584193180953e+00,1.554313342647634544e+00
4.389999999999999858e+01,3.998301974189014896e+00,3.896992584193180953e+00,1.554313342647634544e+00
4.392000000000000171e+01,3.998301974189014896e+00,3.896992584193180953e+00,1.554313342647634544e+00
4.393999999999999773e+01,3.998301974189014896e+00,3.896992584193180953e+00,1.560313342647634549e+00
4.396000000000000085e+01,3.998301974189014896e+00,3.896992584193180953e+00,1.566313342647634554e+00
4.397999999999999687e+01,3.998301974189014896e+00,3.896992584193180953e+00,1.572313342647634560e+00
4.400000000000000000e+01,3.998301974189014896e+00,3.896992584193180953e+00,1.578313342647634565e+00
4.402000000000000313e+01,3.998301974189014896e+00,3.896992584193180953e+00,1.584313342647634570e+00
4.403999999999999915e+01,3.998301974189014896e+00,3.896992584193180953e+00,1.590313342647634354e+00
4.406000000000000227e+01,3.998301974189014896e+00,3.896992584193180953e+00,1.596313342647634359e+00
4.407999999999999829e+01,3.998301974189014896e+00,3.896992584193180953e+00,1.602313342647634586e+00
4.410000000000000142e+01,3.998301974189014896e+00,3.896992584193180953e+00,1.608313342647634370e+00
4.411999999999999744e+01,3.998301974189014896e+00,3.896992584193180953e+00,1.614313342647634597e+00
4.414000000000000057e+01,3.998301974189014896e+00,3.896992584193180953e+00,1.620313342647634602e+00
4.415999999999999659e+01,3.998301974189014896e+00,3.896992584193180953e+00,1.626313342647634386e+00
4.417999999999999972e+01,3.998301974189014896e+00,3.896992584193180953e+00,1.632313342647634613e+00
4.420000000000000284e+01,3.998301974189014896e+00,3.896992584193180953e+00,1.638313342647634840e+00
4.421999999999999886e+01,3.998301974189014896e+00,3.896992584193180953e+00,1.644313342647634624e+00
4.424000000000000199e+01,3.998301974189014896e+00,3.896992584193180953e+00,1.650313342647634629e+00
4.425999999999999801e+01,3.998301974189014896e+00,3.896992584193180953e+00,1.656313342647634634e+00
4.428000000000000114e+01,3.998301974189014896e+00,3.896992584193180953e+00,1.662313342647634862e+00
4.429999999999999716e+01,3.998301974189014896e+00,3.896992584193180953e+00,1.668313342647634645e+00
4.432000000000000028e+01,3.998301974189014896e+00,3.896992584193180953e+00,1.674313342647634650e+00
4.434000000000000341e+01,3.998301974189014896e+00,3.896992584193180953e+00,1.680313342647634878e+00
4.435999999999999943e+01,3.998301974189014896e+00,3.896992584193180953e+00,1.686313342647634661e+00
4.438000000000000256e+01,3.998301974189014896e+00,3.896992584193180953e+00,1.692313342647634888e+00
4.439999999999999858e+01,3.998301974189014896e+00,3.896992584193180953e+00,1.698313342647634672e+00
4.442000000000000171e+01,3.998301974189014896e+00,3.896992584193180953e+00,1.704313342647634677e+00
4.443999999999999773e+01,3.998301974189014896e+00,3.896992584193180953e+00,1.710313342647634682e+00
4.446000000000000085e+01,3.998301974189014896e+00,3.896992584193180953e+00,1.716313342647634910e+00
4.447999999999999687e+01,3.998301974189014896e+00,3.896992584193180953e+00,1.722313342647634693e+00
4.450000000000000000e+01,3.998301974189014896e+00,3.896992584193180953e+00,1.728313342647634476e+00
4.452000000000000313e+01,3.998301974189014896e+00,3.896992584193180953e+00,1.734313342647634926e+00
4.453999999999999915e+01,3.998301974189014896e+00,3.896992584193180953e+00,1.740313342647634709e+00
4.456000000000000227e+01,3.998301974189014896e+00,3.896992584193180953e+00,1.746313342647634492e+00
4.457999999999999829e+01,3.998301974189014896e+00,3.896992584193180953e+00,1.752313342647634720e+00
4.460000000000000142e+01,3.998301974189014896e+00,3.896992584193180953e+00,1.758313342647634725e+00
4.461999999999999744e+01,3.998301974189014896e+00,3.896992584193180953e+00,1.764313342647634952e+00
4.464000000000000057e+01,3.998301974189014896e+00,3.896992584193180953e+00,1.770313342647634736e+00
4.465999999999999659e+01,3.998301974189014896e+00,3.896992584193180953e+00,1.776313342647634963e+00
4.467999999999999972e+01,3.998301974189014896e+00,3.896992584193180953e+00,1.782313342647634746e+00
4.470000000000000284e+01,3.998301974189014896e+00,3.896992584193180953e+00,1.788313342647634752e+00
4.471999999999999886e+01,3.998301974189014896e+00,3.896992584193180953e+00,1.794313342647634979e+00
4.474000000000000199e+01,3.998301974189014896e+00,3.896992584193180953e+00,1.800313342647634762e+00
4.475999999999999801e+01,3.998301974189014896e+00,3.896992584193180953e+00,1.806313342647634768e+00
4.478000000000000114e+01,3.998301974189014896e+00,3.896992584193180953e+00,1.812313342647634773e+00
4.479999999999999716e+01,3.998301974189014896e+00,3.896992584193180953e+00,1.818313342647634556e+00
4.482000000000000028e+01,3.998301974189014896e+00,3.896992584193180953e+00,1.824313342647634784e+00
4.484000000000000341e+01,3.998301974189014896e+00,3.896992584193180953e+00,1.830313342647634567e+00
4.485999999999999943e+01,3.998301974189014896e+00,3.896992584193180953e+00,1.836313342647634794e+00
4.488000000000000256e+01,3.998301974189014896e+00,3.896992584193180953e+00,1.842313342647634800e+00
4.489999999999999858e+01,3.998301974189014896e+00,3.896992584193180953e+00,1.848313342647634805e+00
4.492000000000000171e+01,3.998301974189014896e+00,3.896992584193180953e+00,1.854313342647634810e+00
4.493999999999999773e+01,3.998301974189014896e+00,3.896992584193180953e+00,1.860313342647635038e+00
4.496000000000000085e+01,3.998301974189014896e+00,3.896992584193180953e+00,1.866313342647634821e+00
4.497999999999999687e+01,3.998301974189014896e+00,3.896992584193180953e+00,1.872313342647634604e+00
4.500000000000000000e+01,3.998301974189014896e+00,3.896992584193180953e+00,1.878313342647634610e+00
4.502000000000000313e+01,3.998301974189014896e+00,3.896992584193180953e+00,1.884313342647635059e+00
4.503999999999999915e+01,3.998301974189014896e+00,3.896992584193180953e+00,1.890313342647634842e+00
4.506000000000000227e+01,3.998301974189014896e+00,3.896992584193180953e+00,1.896313342647634848e+00
4.507999999999999829e+01,3.998301974189014896e+00,3.896992584193180953e+00,1.902313342647634631e+00
4.510000000000000142e+01,3.998301974189014896e+00,3.896992584193180953e+00,1.908313342647634858e+00
4.511999999999999744e+01,3.998301974189014896e+00,3.896992584193180953e+00,1.914313342647634641e+00
4.514000000000000057e+01,3.998301974189014896e+00,3.896992584193180953e+00,1.920313342647635091e+00
4.515999999999999659e+01,3.998301974189014896e+00,3.896992584193180953e+00,1.926313342647634874e+00
4.517999999999999972e+01,3.998301974189014896e+00,3.896992584193180953e+00,1.932313342647634880e+00
4.520000000000000284e+01,3.998301974189014896e+00,3.896992584193180953e+00,1.938313342647634885e+00
4.521999999999999886e+01,3.998301974189014896e+00,3.896992584193180953e+00,1.944313342647634890e+00
4.524000000000000199e+01,3.998301974189014896e+00,3.896992584193180953e+00,1.950313342647634895e+00
4.525999999999999801e+01,3.998301974189014896e+00,3.896992584193180953e+00,1.956313342647634901e+00
4.528000000000000114e+01,3.998301974189014896e+00,3.896992584193180953e+00,1.962313342647634684e+00
4.529999999999999716e+01,3.998301974189014896e+00,3.896992584193180953e+00,1.968313342647634911e+00
4.532000000000000028e+01,3.998301974189014896e+00,3.896992584193180953e+00,1.974313342647635139e+00
4.534000000000000341e+01,3.998301974189014896e+00,3.896992584193180953e+00,1.980313342647634922e+00
4.535999999999999943e+01,3.998301974189014896e+00,3.896992584193180953e+00,1.986313342647634927e+00
4.538000000000000256e+01,3.998301974189014896e+00,3.896992584193180953e+00,1.992313342647634711e+00
4.539999999999999858e+01,3.998301974189014896e+00,3.896992584193180953e+00,1.998313342647634938e+00
4.542000000000000171e+01,3.998301974189014896e+00,3.896992584193180953e+00,2.004313342647634943e+00
4.543999999999999773e+01,3.998301974189014896e+00,3.896992584193180953e+00,2.010313342647634727e+00
4.546000000000000085e+01,3.998301974189014896e+00,3.896992584193180953e+00,2.016313342647634510e+00
4.547999999999999687e+01,3.998301974189014896e+00,3.896992584193180953e+00,2.022313342647634293e+00
4.550000000000000000e+01,3.998301974189014896e+00,3.896992584193180953e+00,2.028313342647634077e+00
4.552000000000000313e+01,3.998301974189014896e+00,3.896992584193180953e+00,2.034313342647633860e+00
4.553999999999999915e+01,3.998301974189014896e+00,3.896992584193180953e+00,2.040313342647633643e+00
4.556000000000000227e+01,3.998301974189014896e+00,3.896992584193180953e+00,2.046313342647633426e+00
4.557999999999999829e+01,3.998301974189014896e+00,3.896992584193180953e+00,2.052313342647633210e+00
4.560000000000000142e+01,3.998301974189014896e+00,3.896992584193180953e+00,2.058313342647632993e+00
4.561999999999999744e+01,3.998301974189014896e+00,3.896992584193180953e+00,2.064313342647632776e+00
4.564000000000000057e+01,3.998301974189014896e+00,3.896992584193180953e+00,2.070313342647632560e+00
4.565999999999999659e+01,3.998301974189014896e+00,3.896992584193180953e+00,2.076313342647632343e+00
4.567999999999999972e+01,3.998301974189014896e+00,3.896992584193180953e+00,2.082313342647632126e+00
4.570000000000000284e+01,3.998301974189014896e+00,3.896992584193180953e+00,2.088313342647631909e+00
4.571999999999999886e+01,3.998301974189014896e+00,3.896992584193180953e+00,2.094313342647631693e+00
4.574000000000000199e+01,3.998301974189014896e+00,3.896992584193180953e+00,2.100313342647631476e+00
4.575999999999999801e+01,3.998301974189014896e+00,3.896992584193180953e+00,2.106313342647631259e+00
4.578000000000000114e+01,3.998301974189014896e+00,3.896992584193180953e+00,2.112313342647631043e+00
4.579999999999999716e+01,3.998301974189014896e+00,3.896992584193180953e+00,2.118313342647630826e+00
4.582000000000000028e+01,3.998301974189014896e+00,3.896992584193180953e+00,2.124313342647630609e+00
4.584000000000000341e+01,3.998301974189014896e+00,3.896992584193180953e+00,2.130313342647630392e+00
4.585999999999999943e+01,3.998301974189014896e+00,3.896992584193180953e+00,2.136313342647630176e+00
4.588000000000000256e+01,3.998301974189014896e+00,3.896992584193180953e+00,2.142313342647629959e+00
4.589999999999999858e+01,3.998301974189014896e+00,3.896992584193180953e+00,2.148313342647629742e+00
4.592000000000000171e+01,3.998301974189014896e+00,3.896992584193180953e+00,2.154313342647629526e+00
4.593999999999999773e+01,3.998301974189014896e+00,3.896992584193180953e+00,2.160313342647629309e+00
4.596000000000000085e+01,3.998301974189014896e+00,3.896992584193180953e+00,2.166313342647629092e+00
4.597999999999999687e+01,3.998301974189014896e+00,3.896992584193180953e+00,2.172313342647628875e+00
4.600000000000000000e+01,3.998301974189014896e+00,3.896992584193180953e+00,2.178313342647628659e+00
4.602000000000000313e+01,3.998301974189014896e+00,3.896992584193180953e+00,2.184313342647628442e+00
4.603999999999999915e+01,3.998301974189014896e+00,3.896992584193180953e+00,2.190313342647628225e+00
4.606000000000000227e+01,3.998301974189014896e+00,3.896992584193180953e+00,2.196313342647628009e+00
4.607999999999999829e+01,3.998301974189014896e+00,3.896992584193180953e+00,2.202313342647627792e+00
4.610000000000000142e+01,3.998301974189014896e+00,3.896992584193180953e+00,2.208313342647627575e+00
4.611999999999999744e+01,3.998301974189014896e+00,3.896992584193180953e+00,2.214313342647627358e+00
4.614000000000000057e+01,3.998301974189014896e+00,3.896992584193180953e+00,2.220313342647627142e+00
4.615999999999999659e+01,3.998301974189014896e+00,3.896992584193180953e+00,2.226313342647626925e+00
4.617999999999999972e+01,3.998301974189014896e+00,3.896992584193180953e+00,2.232313342647626708e+00
4.620000000000000284e+01,3.998301974189014896e+00,3.896992584193180953e+00,2.238313342647626492e+00
4.621999999999999886e+01,3.998301974189014896e+00,3.896992584193180953e+00,2.244313342647626275e+00
4.624000000000000199e+01,3.998301974189014896e+00,3.896992584193180953e+00,2.250313342647626058e+00
4.625999999999999801e+01,3.998301974189014896e+00,3.896992584193180953e+00,2.256313342647625841e+00
4.628000000000000114e+01,3.998301974189014896e+00,3.896992584193180953e+00,2.262313342647625625e+00
4.629999999999999716e+01,3.998301974189014896e+00,3.896992584193180953e+00,2.268313342647625408e+00
4.632000000000000028e+01,3.998301974189014896e+00,3.896992584193180953e+00,2.274313342647625191e+00
4.634000000000000341e+01,3.998301974189014896e+00,3.896992584193180953e+00,2.280313342647624975e+00
4.635999999999999943e+01,3.998301974189014896e+00,3.896992584193180953e+00,2.286313342647624758e+00
4.638000000000000256e+01,3.998301974189014896e+00,3.896992584193180953e+00,2.292313342647624541e+00
4.639999999999999858e+01,3.998301974189014896e+00,3.896992584193180953e+00,2.298313342647624324e+00
4.642000000000000171e+01,3.998301974189014896e+00,3.896992584193180953e+00,2.304313342647624108e+00
4.643999999999999773e+01,3.998301974189014896e+00,3.896992584193180953e+00,2.310313342647623891e+00
4.646000000000000085e+01,3.998301974189014896e+00,3.896992584193180953e+00,2.316313342647623674e+00
4.647999999999999687e+01,3.998301974189014896e+00,3.896992584193180953e+00,2.322313342647623458e+00
4.650000000000000000e+01,3.998301974189014896e+00,3.896992584193180953e+00,2.328313342647623241e+00
4.652000000000000313e+01,3.998301974189014896e+00,3.896992584193180953e+00,2.334313342647623024e+00
4.653999999999999915e+01,3.998301974189014896e+00,3.896992584193180953e+00,2.340313342647622807e+00
4.656000000000000227e+01,3.998301974189014896e+00,3.896992584193180953e+00,2.346313342647622591e+00
4.657999999999999829e+01,3.998301974189014896e+00,3.896992584193180953e+00,2.352313342647622374e+00
4.660000000000000142e+01,3.998301974189014896e+00,3.896992584193180953e+00,2.358313342647622157e+00
4.661999999999999744e+01,3.998301974189014896e+00,3.896992584193180953e+00,2.364313342647621941e+00
4.664000000000000057e+01,3.998301974189014896e+00,3.896992584193180953e+00,2.370313342647621724e+00
4.665999999999999659e+01,3.998301974189014896e+00,3.896992584193180953e+00,2.376313342647621507e+00
4.667999999999999972e+01,3.998301974189014896e+00,3.896992584193180953e+00,2.382313342647621290e+00
4.670000000000000284e+01,3.998301974189014896e+00,3.896992584193180953e+00,2.388313342647621074e+00
4.671999999999999886e+01,3.998301974189014896e+00,3.896992584193180953e+00,2.394313342647620857e+00
4.674000000000000199e+01,3.998301974189014896e+00,3.896992584193180953e+00,2.400313342647620640e+00
4.675999999999999801e+01,3.998301974189014896e+00,3.896992584193180953e+00,2.406313342647620424e+00
4.678000000000000114e+01,3.998301974189014896e+00,3.896992584193180953e+00,2.412313342647620207e+00
4.679999999999999716e+01,3.998301974189014896e+00,3.896992584193180953e+00,2.418313342647619990e+00
4.682000000000000028e+01,3.998301974189014896e+00,3.896992584193180953e+00,2.424313342647619773e+00
4.684000000000000341e+01,3.998301974189014896e+00,3.896992584193180953e+00,2.430313342647619557e+00
4.685999999999999943e+01,3.998301974189014896e+00,3.896992584193180953e+00,2.436313342647619340e+00
4.688000000000000256e+01,3.998301974189014896e+00,3.896992584193180953e+00,2.442313342647619123e+00
4.689999999999999858e+01,3.998301974189014896e+00,3.896992584193180953e+00,2.448313342647618907e+00
4.692000000000000171e+01,3.998301974189014896e+00,3.896992584193180953e+00,2.454313342647618690e+00
4.693999999999999773e+01,3.998301974189014896e+00,3.896992584193180953e+00,2.460313342647618473e+00
4.696000000000000085e+01,3.998301974189014896e+00,3.896992584193180953e+00,2.466313342647618256e+00
4.697999999999999687e+01,3.998301974189014896e+00,3.896992584193180953e+00,2.472313342647618040e+00
4.700000000000000000e+01,3.998301974189014896e+00,3.896992584193180953e+00,2.478313342647617823e+00
4.702000000000000313e+01,3.998301974189014896e+00,3.896992584193180953e+00,2.484313342647617606e+00
4.703999999999999915e+01,3.998301974189014896e+00,3.896992584193180953e+00,2.490313342647617390e+00
4.706000000000000227e+01,3.998301974189014896e+00,3.896992584193180953e+00,2.496313342647617173e+00
4.707999999999999829e+01,3.998301974189014896e+00,3.896992584193180953e+00,2.502313342647616956e+00
4.710000000000000142e+01,3.998301974189014896e+00,3.896992584193180953e+00,2.508313342647616739e+00
4.711999999999999744e+01,3.998301974189014896e+00,3.896992584193180953e+00,2.514313342647616523e+00
4.714000000000000057e+01,3.998301974189014896e+00,3.896992584193180953e+00,2.520313342647616306e+00
4.715999999999999659e+01,3.998301974189014896e+00,3.896992584193180953e+00,2.526313342647616089e+00
4.717999999999999972e+01,3.998301974189014896e+00,3.896992584193180953e+00,2.532313342647615872e+00
4.720000000000000284e+01,3.998301974189014896e+00,3.896992584193180953e+00,2.538313342647615656e+00
4.721999999999999886e+01,3.998301974189014896e+00,3.896992584193180953e+00,2.544313342647615439e+00
4.724000000000000199e+01,3.998301974189014896e+00,3.896992584193180953e+00,2.550313342647615222e+00
4.725999999999999801e+01,3.998301974189014896e+00,3.896992584193180953e+00,2.556313342647615006e+00
4.728000000000000114e+01,3.998301974189014896e+00,3.896992584193180953e+00,2.562313342647614789e+00
4.729999999999999716e+01,3.998301974189014896e+00,3.896992584193180953e+00,2.568313342647614572e+00
4.732000000000000028e+01,3.998301974189014896e+00,3.896992584193180953e+00,2.574313342647614355e+00
4.734000000000000341e+01,3.998301974189014896e+00,3.896992584193180953e+00,2.580313342647614139e+00
4.735999999999999943e+01,3.998301974189014896e+00,3.896992584193180953e+00,2.586313342647613922e+00
4.738000000000000256e+01,3.998301974189014896e+00,3.896992584193180953e+00,2.592313342647613705e+00
4.739999999999999858e+01,3.998301974189014896e+00,3.896992584193180953e+00,2.598313342647613489e+00
4.742000000000000171e+01,3.998301974189014896e+00,3.896992584193180953e+00,2.604313342647613272e+00
4.743999999999999773e+01,3.998301974189014896e+00,3.896992584193180953e+00,2.610313342647613055e+00
4.746000000000000085e+01,3.998301974189014896e+00,3.896992584193180953e+00,2.616313342647612838e+00
4.747999999999999687e+01,3.998301974189014896e+00,3.896992584193180953e+00,2.622313342647612622e+00
4.750000000000000000e+01,3.998301974189014896e+00,3.896992584193180953e+00,2.628313342647612405e+00
4.752000000000000313e+01,3.998301974189014896e+00,3.896992584193180953e+00,2.634313342647612188e+00
4.753999999999999915e+01,3.998301974189014896e+00,3.896992584193180953e+00,2.640313342647611972e+00
4.756000000000000227e+01,3.998301974189014896e+00,3.896992584193180953e+00,2.646313342647611755e+00
4.757999999999999829e+01,3.998301974189014896e+00,3.896992584193180953e+00,2.652313342647611538e+00
4.760000000000000142e+01,3.998301974189014896e+00,3.896992584193180953e+00,2.658313342647611321e+00
4.761999999999999744e+01,3.998301974189014896e+00,3.896992584193180953e+00,2.664313342647611105e+00
4.764000000000000057e+01,3.998301974189014896e+00,3.896992584193180953e+00,2.670313342647610888e+00
4.765999999999999659e+01,3.998301974189014896e+00,3.896992584193180953e+00,2.676313342647610671e+00
4.767999999999999972e+01,3.998301974189014896e+00,3.896992584193180953e+00,2.682313342647610455e+00
4.770000000000000284e+01,3.998301974189014896e+00,3.896992584193180953e+00,2.688313342647610238e+00
4.771999999999999886e+01,3.998301974189014896e+00,3.896992584193180953e+00,2.694313342647610021e+00
4.774000000000000199e+01,3.998301974189014896e+00,3.896992584193180953e+00,2.700313342647609804e+00
4.775999999999999801e+01,3.998301974189014896e+00,3.896992584193180953e+00,2.706313342647609588e+00
4.778000000000000114e+01,3.998301974189014896e+00,3.896992584193180953e+00,2.712313342647609371e+00
4.779999999999999716e+01,3.998301974189014896e+00,3.896992584193180953e+00,2.718313342647609154e+00
4.782000000000000028e+01,3.998301974189014896e+00,3.896992584193180953e+00,2.724313342647608938e+00
4.784000000000000341e+01,3.998301974189014896e+00,3.896992584193180953e+00,2.730313342647608721e+00
4.785999999999999943e+01,3.998301974189014896e+00,3.896992584193180953e+00,2.736313342647608504e+00
4.788000000000000256e+01,3.998301974189014896e+00,3.896992584193180953e+00,2.742313342647608287e+00
4.789999999999999858e+01,3.998301974189014896e+00,3.896992584193180953e+00,2.748313342647608071e+00
4.792000000000000171e+01,3.998301974189014896e+00,3.896992584193180953e+00,2.754313342647607854e+00
4.793999999999999773e+01,3.998301974189014896e+00,3.896992584193180953e+00,2.760313342647607637e+00
4.796000000000000085e+01,3.998301974189014896e+00,3.896992584193180953e+00,2.766313342647607421e+00
4.797999999999999687e+01,3.998301974189014896e+00,3.896992584193180953e+00,2.772313342647607204e+00
4.800000000000000000e+01,3.998301974189014896e+00,3.896992584193180953e+00,2.778313342647606987e+00
4.802000000000000313e+01,3.998301974189014896e+00,3.896992584193180953e+00,2.784313342647606770e+00
4.803999999999999915e+01,3.998301974189014896e+00,3.896992584193180953e+00,2.790313342647606554e+00
4.806000000000000227e+01,3.998301974189014896e+00,3.896992584193180953e+00,2.796313342647606337e+00
4.807999999999999829e+01,3.998301974189014896e+00,3.896992584193180953e+00,2.802313342647606120e+00
4.810000000000000142e+01,3.998301974189014896e+00,3.896992584193180953e+00,2.808313342647605904e+00
4.811999999999999744e+01,3.998301974189014896e+00,3.896992584193180953e+00,2.814313342647605687e+00
4.814000000000000057e+01,3.998301974189014896e+00,3.896992584193180953e+00,2.820313342647605470e+00
4.815999999999999659e+01,3.998301974189014896e+00,3.896992584193180953e+00,2.826313342647605253e+00
4.817999999999999972e+01,3.998301974189014896e+00,3.896992584193180953e+00,2.832313342647605037e+00
4.820000000000000284e+01,3.998301974189014896e+00,3.896992584193180953e+00,2.838313342647604820e+00
4.821999999999999886e+01,3.998301974189014896e+00,3.896992584193180953e+00,2.844313342647604603e+00
4.824000000000000199e+01,3.998301974189014896e+00,3.896992584193180953e+00,2.849863787008053873e+00
4.825999999999999801e+01,3.998301974189014896e+00,3.896992584193180953e+00,2.855414231368503142e+00
4.828000000000000114e+01,3.998301974189014896e+00,3.896992584193180953e+00,2.860964675728952411e+00
4.829999999999999716e+01,3.998301974189014896e+00,3.896992584193180953e+00,2.866515120089401680e+00
4.832000000000000028e+01,3.998301974189014896e+00,3.896992584193180953e+00,2.872065564449850950e+00
4.834000000000000341e+01,3.998301974189014896e+00,3.896992584193180953e+00,2.877051973261464557e+00
4.835999999999999943e+01,3.998301974189014896e+00,3.896992584193180953e+00,2.882038382073078164e+00
4.838000000000000256e+01,3.998301974189014896e+00,3.896992584193180953e+00,2.887024790884691772e+00
4.839999999999999858e+01,3.998301974189014896e+00,3.896992584193180953e+00,2.892011199696305379e+00
4.842000000000000171e+01,3.998301974189014896e+00,3.896992584193180953e+00,2.896997608507918986e+00
4.843999999999999773e+01,3.998301974189014896e+00,3.896992584193180953e+00,2.901474095727394342e+00
4.846000000000000085e+01,3.998301974189014896e+00,3.896992584193180953e+00,2.905950582946869698e+00
4.847999999999999687e+01,3.998301974189014896e+00,3.896992584193180953e+00,2.910427070166345054e+00
4.850000000000000000e+01,3.998301974189014896e+00,3.896992584193180953e+00,2.914903557385820410e+00
4.852000000000000313e+01,3.998301974189014896e+00,3.896992584193180953e+00,2.919380044605295765e+00
4.853999999999999915e+01,3.998301974189014896e+00,3.896992584193180953e+00,2.923398684670980963e+00
4.856000000000000227e+01,3.998301974189014896e+00,3.896992584193180953e+00,2.927417324736666160e+00
4.857999999999999829e+01,3.998301974189014896e+00,3.896992584193180953e+00,2.931435964802351357e+00
4.860000000000000142e+01,3.998301974189014896e+00,3.896992584193180953e+00,2.935454604868036554e+00
4.861999999999999744e+01,3.998301974189014896e+00,3.896992584193180953e+00,2.939473244933721752e+00
4.864000000000000057e+01,3.994381960998104386e+00,3.897788498277661606e+00,2.943080864049762546e+00
4.865999999999999659e+01,3.990459101967849254e+00,3.898570265298923587e+00,2.946688483165803341e+00
4.867999999999999972e+01,3.986533448153873671e+00,3.899337875082346638e+00,2.950296102281844135e+00
4.870000000000000284e+01,3.982605050648175826e+00,3.900091317637564448e+00,2.953903721397884929e+00
4.871999999999999886e+01,3.978673960578462232e+00,3.900830583158596543e+00,2.957511340513925724e+00
4.874000000000000199e+01,3.974740357638426591e+00,3.901556361229427061e+00,2.960763499083449268e+00
4.875999999999999801e+01,3.970804415159105982e+00,3.902269342784192130e+00,2.964015657652972813e+00
4.878000000000000114e+01,3.966866174769098308e+00,3.902969520282023819e+00,2.967267816222496357e+00
4.879999999999999716e+01,3.962925678121306028e+00,3.903656886317476538e+00,2.970519974792019902e+00
4.882000000000000028e+01,3.958982966892494293e+00,3.904331433620605196e+00,2.973772133361543446e+00
4.884000000000000341e+01,3.955038187337192035e+00,3.904993780034406559e+00,2.976707460536559324e+00
4.885999999999999943e+01,3.951091480575639192e+00,3.905644544392773199e+00,2.979642787711575203e+00
4.888000000000000256e+01,3.947142880613211613e+00,3.906283721088628980e+00,2.982578114886591081e+00
4.889999999999999858e+01,3.943192421471597431e+00,3.906911304614738345e+00,2.985513442061606959e+00
4.892000000000000171e+01,3.939240137188503077e+00,3.907527289563753836e+00,2.988448769236622837e+00
4.893999999999999773e+01,3.935286147962072878e+00,3.908132235707895141e+00,2.991098292263540515e+00
4.896000000000000085e+01,3.931330569797218288e+00,3.908726703555438498e+00,2.993747815290458192e+00
4.897999999999999687e+01,3.927373430461972070e+00,3.909310688933238520e+00,2.996397338317375869e+00
4.900000000000000000e+01,3.923414757735326219e+00,3.909884187741736739e+00,2.999046861344293546e+00
4.902000000000000313e+01,3.919454579407037453e+00,3.910447195954989574e+00,3.001696384371211224e+00
4.903999999999999915e+01,3.915492994342625099e+00,3.911000220503223712e+00,3.004088006587442461e+00
4.906000000000000227e+01,3.911530097983522136e+00,3.911543768864028880e+00,3.006479628803673698e+00
4.907999999999999829e+01,3.907565912996918023e+00,3.912077837928387591e+00,3.008871251019904935e+00
4.910000000000000142e+01,3.903600462057371878e+00,3.912602424641502541e+00,3.011262873236136173e+00
4.911999999999999744e+01,3.899633767846684584e+00,3.913117526002814817e+00,3.013654495452367410e+00
4.914000000000000057e+01,3.895665911741490905e+00,3.913623600813552095e+00,3.015813386549408115e+00
4.915999999999999659e+01,3.891696972323452020e+00,3.914121108282364592e+00,3.017972277646448820e+00
4.917999999999999972e+01,3.887726968091036461e+00,3.914610046090464923e+00,3.020131168743489525e+00
4.920000000000000284e+01,3.883755917547675907e+00,3.915090411959007977e+00,3.022290059840530230e+00
4.921999999999999886e+01,3.879783839201677687e+00,3.915562203649099793e+00,3.024448950937570935e+00
4.924000000000000199e+01,3.875810800088531849e+00,3.916025836198977483e+00,3.026397817441674576e+00
4.925999999999999801e+01,3.871836864962970193e+00,3.916481724950452659e+00,3.028346683945778217e+00
4.928000000000000114e+01,3.867862048918314422e+00,3.916929868172024154e+00,3.030295550449881858e+00
4.929999999999999716e+01,3.863886367051231563e+00,3.917370264161607718e+00,3.032244416953985500e+00
4.932000000000000028e+01,3.859909834461677125e+00,3.917802911246544895e+00,3.034193283458089141e+00
4.934000000000000341e+01,3.855932506421519967e+00,3.918228184727969410e+00,3.035952610650479500e+00
4.935999999999999943e+01,3.851954436341923582e+00,3.918646460133469400e+00,3.037711937842869858e+00
4.938000000000000256e+01,3.847975636535935884e+00,3.919057736168386263e+00,3.039471265035260217e+00
4.939999999999999858e+01,3.843996119318862537e+00,3.919462011559725401e+00,3.041230592227650575e+00
4.942000000000000171e+01,3.840015897008230095e+00,3.919859285056160658e+00,3.042989919420040934e+00
4.943999999999999773e+01,3.836035015222621247e+00,3.920249895918199279e+00,3.044578189324556039e+00
4.946000000000000085e+01,3.832053518062884745e+00,3.920634183575485210e+00,3.046166459229071144e+00
4.947999999999999687e+01,3.828071415572747771e+00,3.921012147058613895e+00,3.047754729133586249e+00
4.950000000000000000e+01,3.824088717797465176e+00,3.921383785414134682e+00,3.049342999038101354e+00
4.952000000000000313e+01,3.820105434783793719e+00,3.921749097704552156e+00,3.050931268942616459e+00
4.953999999999999915e+01,3.816121604224829156e+00,3.922108390532312416e+00,3.052365156811990499e+00
4.956000000000000227e+01,3.812137262575859165e+00,3.922461970626359040e+00,3.053799044681364538e+00
4.957999999999999829e+01,3.808152418028826425e+00,3.922809837259719323e+00,3.055232932550738578e+00
4.960000000000000142e+01,3.804167078776707012e+00,3.923151989717167165e+00,3.056666820420112618e+00
4.961999999999999744e+01,3.800181253013493965e+00,3.923488427295225733e+00,3.058100708289486658e+00
4.964000000000000057e+01,3.796194971921522221e+00,3.923819427025288853e+00,3.059395259733408867e+00
4.965999999999999659e+01,3.792208265673722600e+00,3.924145266033494561e+00,3.060689811177331077e+00
4.967999999999999972e+01,3.788221140951269383e+00,3.924465943773781440e+00,3.061984362621253286e+00
4.970000000000000284e+01,3.784233604436038512e+00,3.924781459708737597e+00,3.063278914065175496e+00
4.971999999999999886e+01,3.780245662810595153e+00,3.925091813309601108e+00,3.064573465509097705e+00
4.974000000000000199e+01,3.776257341905098208e+00,3.925397254847949657e+00,3.065742256187785841e+00
4.975999999999999801e+01,3.772268666726625419e+00,3.925698034666434300e+00,3.066911046866473978e+00
4.978000000000000114e+01,3.768279642723991962e+00,3.925994152354167710e+00,3.068079837545162114e+00
4.979999999999999716e+01,3.764290275346489967e+00,3.926285607506632580e+00,3.069248628223850250e+00
4.982000000000000028e+01,3.760300570043880963e+00,3.926572399725679841e+00,3.070417418902538387e+00
4.984000000000000341e+01,3.756310548243218417e+00,3.926854755078768910e+00,3.071472698514608801e+00
4.985999999999999943e+01,3.752320230700437520e+00,3.927132899686764045e+00,3.072527978126679216e+00
4.988000000000000256e+01,3.748329621859215699e+00,3.927406833239919237e+00,3.073583257738749630e+00
4.989999999999999858e+01,3.744338726163554565e+00,3.927676555433177619e+00,3.074638537350820044e+00
4.992000000000000171e+01,3.740347548057775473e+00,3.927942065966173235e+00,3.075693816962890459e+00
4.993999999999999773e+01,3.736356105343532796e+00,3.928203569022418407e+00,3.076646639082058599e+00
4.996000000000000085e+01,3.732364415275287062e+00,3.928461268825628405e+00,3.077599461201226738e+00
4.997999999999999687e+01,3.728372481476973643e+00,3.928715165141844601e+00,3.078552283320394878e+00
5.000000000000000000e+01,3.724380307572749071e+00,3.928965257740563377e+00,3.079505105439563017e+00
5.002000000000000313e+01,3.720387897186987924e+00,3.929211546394732135e+00,3.080457927558731157e+00
5.003999999999999915e+01,3.716395265133493719e+00,3.929454215507921955e+00,3.081318266717867349e+00
5.006000000000000227e+01,3.712402425779924631e+00,3.929693449514021886e+00,3.082178605877003541e+00
5.007999999999999829e+01,3.708409382081713890e+00,3.929929248235954908e+00,3.083038945036139733e+00
5.010000000000000142e+01,3.704416136994446163e+00,3.930161611499187302e+00,3.083899284195275925e+00
5.011999999999999744e+01,3.700422693473855773e+00,3.930390539131727312e+00,3.084759623354412117e+00
5.014000000000000057e+01,3.696429063868798881e+00,3.930616197663456379e+00,3.085536480635651557e+00
5.015999999999999659e+01,3.692435260164378175e+00,3.930838753647166950e+00,3.086313337916890998e+00
5.017999999999999972e+01,3.688441284770882955e+00,3.931058206948544687e+00,3.087090195198130438e+00
5.020000000000000284e+01,3.684447140098706441e+00,3.931274557435148420e+00,3.087867052479369878e+00
5.021999999999999886e+01,3.680452828558343548e+00,3.931487804976409262e+00,3.088643909760609318e+00
5.024000000000000199e+01,3.676458360462823816e+00,3.931698099954349157e+00,3.089345408024746664e+00
5.025999999999999801e+01,3.672463745828592696e+00,3.931905592768341062e+00,3.090046906288884010e+00
5.028000000000000114e+01,3.668468986621399086e+00,3.932110283316277322e+00,3.090748404553021356e+00
5.029999999999999716e+01,3.664474084807063381e+00,3.932312171497429620e+00,3.091449902817158701e+00
5.032000000000000028e+01,3.660479042351475698e+00,3.932511257212449429e+00,3.092151401081296047e+00
5.034000000000000341e+01,3.656483867884212202e+00,3.932707676257062079e+00,3.092784870857026025e+00
5.035999999999999943e+01,3.652488569793028717e+00,3.932901564440161035e+00,3.093418340632756003e+00
5.038000000000000256e+01,3.648493149681173886e+00,3.933092921683940979e+00,3.094051810408485981e+00
5.039999999999999858e+01,3.644497609151946094e+00,3.933281747911614001e+00,3.094685280184215959e+00
5.042000000000000171e+01,3.640501949808691240e+00,3.933468043047406049e+00,3.095318749959945936e+00
5.043999999999999773e+01,3.636506178887093377e+00,3.933651929713001483e+00,3.095890806912252824e+00
5.046000000000000085e+01,3.632510303425661835e+00,3.933833530540098433e+00,3.096462863864559711e+00
5.047999999999999687e+01,3.628514324732043939e+00,3.934012845469266217e+00,3.097034920816866599e+00
5.050000000000000000e+01,3.624518244113919874e+00,3.934189874441826440e+00,3.097606977769173486e+00
5.052000000000000313e+01,3.620522062879004022e+00,3.934364617399844999e+00,3.098179034721480374e+00
5.053999999999999915e+01,3.616525787107218726e+00,3.934537185067691567e+00,3.098695649527436036e+00
5.056000000000000227e+01,3.612529422717710048e+00,3.934707688177367935e+00,3.099212264333391698e+00
5.057999999999999829e+01,3.608532970777071025e+00,3.934876126683370945e+00,3.099728879139347359e+00
5.060000000000000142e+01,3.604536432351917785e+00,3.935042500540744115e+00,3.100245493945303021e+00
5.061999999999999744e+01,3.600539808508889994e+00,3.935206809705084297e+00,3.100762108751258683e+00
5.064000000000000057e+01,3.596543104368150612e+00,3.935369154157293270e+00,3.101228670129581477e+00
5.065999999999999659e+01,3.592546324918763023e+00,3.935529633884107703e+00,3.101695231507904271e+00
5.067999999999999972e+01,3.588549471030743732e+00,3.935688248850595095e+00,3.102161792886227065e+00
5.070000000000000284e+01,3.584552543574126560e+00,3.935844999022226620e+00,3.102628354264549859e+00
5.071999999999999886e+01,3.580555543418960429e+00,3.935999884364882462e+00,3.103094915642872653e+00
5.074000000000000199e+01,3.576558474887131744e+00,3.936152995158527013e+00,3.103516287209882485e+00
5.075999999999999801e+01,3.572561342193617762e+00,3.936304421687598865e+00,3.103937658776892317e+00
5.078000000000000114e+01,3.568564146048124996e+00,3.936454163925210636e+00,3.104359030343902148e+00
5.079999999999999716e+01,3.564566887160371955e+00,3.936602221844775151e+00,3.104780401910911980e+00
5.082000000000000028e+01,3.560569566240087802e+00,3.936748595420003660e+00,3.105201773477921812e+00
5.084000000000000341e+01,3.556572186944058522e+00,3.936893366171690722e+00,3.105582345036166814e+00
5.085999999999999943e+01,3.552574752841879402e+00,3.937036615624061930e+00,3.105962916594411816e+00
5.088000000000000256e+01,3.548577264512517981e+00,3.937178343756371213e+00,3.106343488152656818e+00
5.089999999999999858e+01,3.544579722534949351e+00,3.937318550548091434e+00,3.106724059710901820e+00
5.092000000000000171e+01,3.540582127488156150e+00,3.937457235978915282e+00,3.107104631269146822e+00
5.093999999999999773e+01,3.536584482473767999e+00,3.937594473661060412e+00,3.107448365075212049e+00
5.096000000000000085e+01,3.532586790522316722e+00,3.937730337209388587e+00,3.107792098881277276e+00
5.097999999999999687e+01,3.528589052106141377e+00,3.937864826607846869e+00,3.108135832687342504e+00
5.100000000000000000e+01,3.524591267697586350e+00,3.937997941840547078e+00,3.108479566493407731e+00
5.102000000000000313e+01,3.520593437769001355e+00,3.938129682891759575e+00,3.108823300299472958e+00
5.103999999999999915e+01,3.516595564957756714e+00,3.938260116233282204e+00,3.109133772803648998e+00
5.106000000000000227e+01,3.512597651843230473e+00,3.938389308338955619e+00,3.109444245307825039e+00
5.107999999999999829e+01,3.508599698810793921e+00,3.938517259196325337e+00,3.109754717812001079e+00
5.110000000000000142e+01,3.504601706245822346e+00,3.938643968793058558e+00,3.110065190316177119e+00
5.111999999999999744e+01,3.500603674533695475e+00,3.938769437116941941e+00,3.110375662820353160e+00
5.114000000000000057e+01,3.496605605922747273e+00,3.938893724192988888e+00,3.110656102322355121e+00
5.115999999999999659e+01,3.492607502614010428e+00,3.939016890047792430e+00,3.110936541824357082e+00
5.117999999999999972e+01,3.488609364921921419e+00,3.939138934671665648e+00,3.111216981326359043e+00
5.120000000000000284e+01,3.484611193160918496e+00,3.939259858055012664e+00,3.111497420828361005e+00
5.121999999999999886e+01,3.480612987645443468e+00,3.939379660188321086e+00,3.111777860330362966e+00
5.124000000000000199e+01,3.476614750297140954e+00,3.939498395276111786e+00,3.112031180951584375e+00
5.125999999999999801e+01,3.472616482999078436e+00,3.939616117524136651e+00,3.112284501572805784e+00
5.128000000000000114e+01,3.468618186007830229e+00,3.939732826924838172e+00,3.112537822194027193e+00
5.129999999999999716e+01,3.464619859579972871e+00,3.939848523470729003e+00,3.112791142815248602e+00
5.132000000000000028e+01,3.460621503972083790e+00,3.939963207154383085e+00,3.113044463436470011e+00
5.134000000000000341e+01,3.456623120830874640e+00,3.940076926925286660e+00,3.113273295769881877e+00
5.135999999999999943e+01,3.452624711771591137e+00,3.940189731733874545e+00,3.113502128103293742e+00
5.138000000000000256e+01,3.448626277003607132e+00,3.940301621574243462e+00,3.113730960436705608e+00
5.139999999999999858e+01,3.444627816736297810e+00,3.940412596440532322e+00,3.113959792770117474e+00
5.142000000000000171e+01,3.440629331179038797e+00,3.940522656326929329e+00,3.114188625103529340e+00
5.143999999999999773e+01,3.436630821746645026e+00,3.940631845438384406e+00,3.114395343866844357e+00
5.146000000000000085e+01,3.432632289828246641e+00,3.940740207980585108e+00,3.114602062630159374e+00
5.147999999999999687e+01,3.428633735594711407e+00,3.940847743948904469e+00,3.114808781393474391e+00
5.150000000000000000e+01,3.424635159216908420e+00,3.940954453338747054e+00,3.115015500156789408e+00
5.152000000000000313e+01,3.420636560865707221e+00,3.941060336145549847e+00,3.115222218920104424e+00
5.153999999999999915e+01,3.416637941759839148e+00,3.941165432290598236e+00,3.115408967905836768e+00
5.156000000000000227e+01,3.412639303097098953e+00,3.941269781695755814e+00,3.115595716891569111e+00
5.157999999999999829e+01,3.408640645016939974e+00,3.941373384357381937e+00,3.115782465877301455e+00
5.160000000000000142e+01,3.404641967658815993e+00,3.941476240271867049e+00,3.115969214863033798e+00
5.161999999999999744e+01,3.400643271162181680e+00,3.941578349435619799e+00,3.116155963848766142e+00
5.164000000000000057e+01,3.396644556579592411e+00,3.941679747902321562e+00,3.116324678435974604e+00
5.165999999999999659e+01,3.392645824946513677e+00,3.941780471726101798e+00,3.116493393023183067e+00
5.167999999999999972e+01,3.388647076376768208e+00,3.941880520904094354e+00,3.116662107610391530e+00
5.170000000000000284e+01,3.384648310984178288e+00,3.941979895433451286e+00,3.116830822197599993e+00
5.171999999999999886e+01,3.380649528882567090e+00,3.942078595311345524e+00,3.116999536784808456e+00
5.174000000000000199e+01,3.376650730983295379e+00,3.942176653099441985e+00,3.117151964251324792e+00
5.175999999999999801e+01,3.372651918183777742e+00,3.942274101359772409e+00,3.117304391717841128e+00
5.178000000000000114e+01,3.368653090576923415e+00,3.942370940090064835e+00,3.117456819184357464e+00
5.179999999999999716e+01,3.364654248255641189e+00,3.942467169288075279e+00,3.117609246650873800e+00
5.182000000000000028e+01,3.360655391312841189e+00,3.942562788951566866e+00,3.117761674117390136e+00
5.184000000000000341e+01,3.356656520539613719e+00,3.942657828489264382e+00,3.117899391967887901e+00
5.185999999999999943e+01,3.352657636715667078e+00,3.942752317310173726e+00,3.118037109818385666e+00
5.188000000000000256e+01,3.348658739916845040e+00,3.942846255412501666e+00,3.118174827668883431e+00
5.189999999999999858e+01,3.344659830218991381e+00,3.942939642794471400e+00,3.118312545519381196e+00
5.192000000000000171e+01,3.340660907697950766e+00,3.943032479454309236e+00,3.118450263369878961e+00
5.193999999999999773e+01,3.336661973042099216e+00,3.943124791953887875e+00,3.118574695874012814e+00
5.196000000000000085e+01,3.332663026930530847e+00,3.943216606855296735e+00,3.118699128378146668e+00
5.197999999999999687e+01,3.328664069425163241e+00,3.943307924157119171e+00,3.118823560882280521e+00
5.200000000000000000e+01,3.324665100587913980e+00,3.943398743857937649e+00,3.118947993386414375e+00
5.202000000000000313e+01,3.320666120480700645e+00,3.943489065956350181e+00,3.119072425890548228e+00
5.203999999999999915e+01,3.316667129703962047e+00,3.943578914443689687e+00,3.119184859006338684e+00
5.206000000000000227e+01,3.312668128850554172e+00,3.943668313311467166e+00,3.119297292122129139e+00
5.207999999999999829e+01,3.308669117971029028e+00,3.943757262558557297e+00,3.119409725237919595e+00
5.210000000000000142e+01,3.304670097115939065e+00,3.943845762183834314e+00,3.119522158353710051e+00
5.211999999999999744e+01,3.300671066335836734e+00,3.943933812186172005e+00,3.119634591469500506e+00
5.214000000000000057e+01,3.296672026155668789e+00,3.944021434235830181e+00,3.119736186309962189e+00
5.215999999999999659e+01,3.292672977094190490e+00,3.944108650003182781e+00,3.119837781150423872e+00
5.217999999999999972e+01,3.288673919192678152e+00,3.944195459487333633e+00,3.119939375990885555e+00
5.220000000000000284e+01,3.284674852492408537e+00,3.944281862687391005e+00,3.120040970831347238e+00
5.221999999999999886e+01,3.280675777034657958e+00,3.944367859602458726e+00,3.120142565671808921e+00
5.224000000000000199e+01,3.276676693279397590e+00,3.944453469806882051e+00,3.120234370657327005e+00
5.225999999999999801e+01,3.272677601681546200e+00,3.944538712875119923e+00,3.120326175642845090e+00
5.228000000000000114e+01,3.268678502274808828e+00,3.944623588806451586e+00,3.120417980628363175e+00
5.229999999999999716e+01,3.264679395092890068e+00,3.944708097600161167e+00,3.120509785613881260e+00
5.232000000000000028e+01,3.260680280169495404e+00,3.944792239255542565e+00,3.120601590599399344e+00
5.234000000000000341e+01,3.256681157908523527e+00,3.944876031454326970e+00,3.120684552424392244e+00
5.235999999999999943e+01,3.252682028709759976e+00,3.944959491878341939e+00,3.120767514249385144e+00
5.238000000000000256e+01,3.248682892600729843e+00,3.945042620527009714e+00,3.120850476074378044e+00
5.239999999999999858e+01,3.244683749608957779e+00,3.945125417399767631e+00,3.120933437899370944e+00
5.242000000000000171e+01,3.240684599761968432e+00,3.945207882496038376e+00,3.121016399724363843e+00
5.243999999999999773e+01,3.236685443415143748e+00,3.945290031788477148e+00,3.121091373254172296e+00
5.246000000000000085e+01,3.232686280920536337e+00,3.945371881249825297e+00,3.121166346783980750e+00
5.247999999999999687e+01,3.228687112300625550e+00,3.945453430879608536e+00,3.121241320313789203e+00
5.250000000000000000e+01,3.224687937577891184e+00,3.945534680677377004e+00,3.121316293843597656e+00
5.252000000000000313e+01,3.220688756774812145e+00,3.945615630642674176e+00,3.121391267373406109e+00
5.253999999999999915e+01,3.216689570204744886e+00,3.945696295204770276e+00,3.121459024575988561e+00
5.256000000000000227e+01,3.212690378178252981e+00,3.945776688792976827e+00,3.121526781778571014e+00
5.257999999999999829e+01,3.208691180713696856e+00,3.945856811406939890e+00,3.121594538981153466e+00
5.260000000000000142e+01,3.204691977829436489e+00,3.945936663046285986e+00,3.121662296183735918e+00
5.261999999999999744e+01,3.200692769543832750e+00,3.946016243710647853e+00,3.121730053386318371e+00
5.264000000000000057e+01,3.196693556133632264e+00,3.946095566435497304e+00,3.121791291393094081e+00
5.265999999999999659e+01,3.192694337873364763e+00,3.946174644256335018e+00,3.121852529399869791e+00
5.267999999999999972e+01,3.188695114778028028e+00,3.946253477172871005e+00,3.121913767406645501e+00
5.270000000000000284e+01,3.184695886862619396e+00,3.946332065184808169e+00,3.121975005413421211e+00
5.271999999999999886e+01,3.180696654142136204e+00,3.946410408291856520e+00,3.122036243420196922e+00
5.274000000000000199e+01,3.176697416861451462e+00,3.946488518270719226e+00,3.122091591801125610e+00
5.275999999999999801e+01,3.172698175263631626e+00,3.946566406898157187e+00,3.122146940182054298e+00
5.278000000000000114e+01,3.168698929360927785e+00,3.946644074173929706e+00,3.122202288562982986e+00
5.279999999999999716e+01,3.164699679165591917e+00,3.946721520097796532e+00,3.122257636943911674e+00
5.282000000000000028e+01,3.160700424689875110e+00,3.946798744669516523e+00,3.122312985324840362e+00
5.284000000000000341e+01,3.156701166150831739e+00,3.946875758528993750e+00,3.122363012654511216e+00
5.285999999999999943e+01,3.152701903763995173e+00,3.946952572316153596e+00,3.122413039984182070e+00
5.288000000000000256e+01,3.148702637539374294e+00,3.947029186030800663e+00,3.122463067313852925e+00
5.289999999999999858e+01,3.144703367486978873e+00,3.947105599672730669e+00,3.122513094643523779e+00
5.292000000000000171e+01,3.140704093616817349e+00,3.947181813241775306e+00,3.122563121973194633e+00
5.293999999999999773e+01,3.136704816121547612e+00,3.947257836351079074e+00,3.122608341757172390e+00
5.296000000000000085e+01,3.132705535192618740e+00,3.947333678613851760e+00,3.122653561541150147e+00
5.297999999999999687e+01,3.128706250838207747e+00,3.947409340029916613e+00,3.122698781325127904e+00
5.300000000000000000e+01,3.124706963066492982e+00,3.947484820599135968e+00,3.122744001109105660e+00
5.302000000000000313e+01,3.120707671885651902e+00,3.947560120321352617e+00,3.122789220893083417e+00
5.303999999999999915e+01,3.116708377466956836e+00,3.947635247882384402e+00,3.122830096916981990e+00
5.306000000000000227e+01,3.112709079980686688e+00,3.947710211968109117e+00,3.122870972940880563e+00
5.307999999999999829e+01,3.108709779433524112e+00,3.947785012578396646e+00,3.122911848964779136e+00
5.310000000000000142e+01,3.104710475832150873e+00,3.947859649713105767e+00,3.122952724988677708e+00
5.311999999999999744e+01,3.100711169183249183e+00,3.947934123372127679e+00,3.122993601012576281e+00
5.314000000000000057e+01,3.096711859493502139e+00,3.948008433555331820e+00,3.123034477036474854e+00
5.315999999999999659e+01,3.092712546915065808e+00,3.948082588110989555e+00,3.123071428194120092e+00
5.317999999999999972e+01,3.088713231599262699e+00,3.948156594887354043e+00,3.123108379351765329e+00
5.320000000000000284e+01,3.084713913551554221e+00,3.948230453884341351e+00,3.123145330509410567e+00
5.321999999999999886e+01,3.080714592777400451e+00,3.948304165101855112e+00,3.123182281667055804e+00
5.324000000000000199e+01,3.076715269415555287e+00,3.948377735789269760e+00,3.123215607465047228e+00
5.325999999999999801e+01,3.072715943604128697e+00,3.948451173195997921e+00,3.123248933263038651e+00
5.328000000000000114e+01,3.068716615347563348e+00,3.948524477321972537e+00,3.123282259061030075e+00
5.329999999999999716e+01,3.064717284650300133e+00,3.948597648167087470e+00,3.123315584859021499e+00
5.332000000000000028e+01,3.060717951516781277e+00,3.948670685731288987e+00,3.123348910657012922e+00
5.334000000000000341e+01,3.056718616068043293e+00,3.948743596411283363e+00,3.123379037519461221e+00
5.335999999999999943e+01,3.052719278424550264e+00,3.948816386603813289e+00,3.123409164381909520e+00
5.338000000000000256e+01,3.048719938589932177e+00,3.948889056308820145e+00,3.123439291244357818e+00
5.339999999999999858e+01,3.044720596567818571e+00,3.948961605526230212e+00,3.123469418106806117e+00
5.342000000000000171e+01,3.040721252361839877e+00,3.949034034255984427e+00,3.123499544969254416e+00
5.343999999999999773e+01,3.036721906080052324e+00,3.949106348275202016e+00,3.123526782763051290e+00
5.346000000000000085e+01,3.032722557830074273e+00,3.949178553361029298e+00,3.123554020556848165e+00
5.347999999999999687e+01,3.028723207614872681e+00,3.949250649513400546e+00,3.123581258350645040e+00
5.350000000000000000e+01,3.024723855437414066e+00,3.949322636732267355e+00,3.123608496144441915e+00
5.352000000000000313e+01,3.020724501300666276e+00,3.949394515017596863e+00,3.123635733938238790e+00
5.353999999999999915e+01,3.016725145301279998e+00,3.949466289590125356e+00,3.123660360899396693e+00
5.356000000000000227e+01,3.012725787535516897e+00,3.949537965670645523e+00,3.123684987860554596e+00
5.357999999999999829e+01,3.008726428005803033e+00,3.949609543259103184e+00,3.123709614821712499e+00
5.360000000000000142e+01,3.004727066714563133e+00,3.949681022355498339e+00,3.123734241782870402e+00
5.361999999999999744e+01,3.000727703664222812e+00,3.949752402959723074e+00,3.123758868744028305e+00
5.364000000000000057e+01,2.996728338941262226e+00,3.949823689790094239e+00,3.123781136183166662e+00
5.365999999999999659e+01,2.992728972631918616e+00,3.949894887564814550e+00,3.123803403622305019e+00
5.367999999999999972e+01,2.988729604738173951e+00,3.949965996283884007e+00,3.123825671061443376e+00
5.370000000000000284e+01,2.984730235262011977e+00,3.950037015947242658e+00,3.123847938500581733e+00
5.371999999999999886e+01,2.980730864205415553e+00,3.950107946554890503e+00,3.123870205939720091e+00
5.374000000000000199e+01,2.976731491645923100e+00,3.950178792371057845e+00,3.123890340888674455e+00
5.375999999999999801e+01,2.972732117660764395e+00,3.950249557660050037e+00,3.123910475837628820e+00
5.378000000000000114e+01,2.968732742251560808e+00,3.950320242421844874e+00,3.123930610786583184e+00
5.379999999999999716e+01,2.964733365419934596e+00,3.950390846656398391e+00,3.123950745735537549e+00
5.382000000000000028e+01,2.960733987167505354e+00,3.950461370363710589e+00,3.123970880684491913e+00
5.384000000000000341e+01,2.956734607563717088e+00,3.950531817397869627e+00,3.123989088250018309e+00
5.385999999999999943e+01,2.952735226677922320e+00,3.950602191613074687e+00,3.124007295815544705e+00
5.388000000000000256e+01,2.948735844511447990e+00,3.950672493009277364e+00,3.124025503381071101e+00
5.389999999999999858e+01,2.944736461065618816e+00,3.950742721586428807e+00,3.124043710946597496e+00
5.392000000000000171e+01,2.940737076341761291e+00,3.950812877344553442e+00,3.124061918512123892e+00
5.393999999999999773e+01,2.936737690402292156e+00,3.950882963767236244e+00,3.124078384000066322e+00
5.396000000000000085e+01,2.932738303309357253e+00,3.950952984338039542e+00,3.124094849488008752e+00
5.397999999999999687e+01,2.928738915064043269e+00,3.951022939057017069e+00,3.124111314975951181e+00
5.400000000000000000e+01,2.924739525667432005e+00,3.951092827924060913e+00,3.124127780463893611e+00
5.402000000000000313e+01,2.920740135120608372e+00,3.951162650939225252e+00,3.124144245951836041e+00
5.403999999999999915e+01,2.916740743479533382e+00,3.951232411251270005e+00,3.124159136784903090e+00
5.406000000000000227e+01,2.912741350800113427e+00,3.951302112009064338e+00,3.124174027617970140e+00
5.407999999999999829e+01,2.908741957083233576e+00,3.951371753212548299e+00,3.124188918451037189e+00
5.410000000000000142e+01,2.904742562329782007e+00,3.951441334861722332e+00,3.124203809284104238e+00
5.411999999999999744e+01,2.900743166540645568e+00,3.951510856956556683e+00,3.124218700117171288e+00
5.414000000000000057e+01,2.896743769766153775e+00,3.951580322343416718e+00,3.124232167566434626e+00
5.415999999999999659e+01,2.892744372056504254e+00,3.951649733868573655e+00,3.124245635015697964e+00
5.417999999999999972e+01,2.888744973412420425e+00,3.951719091532027495e+00,3.124259102464961302e+00
5.420000000000000284e+01,2.884745573834628818e+00,3.951788395333810655e+00,3.124272569914224640e+00
5.421999999999999886e+01,2.880746173323854631e+00,3.951857645273857855e+00,3.124286037363487978e+00
5.424000000000000199e+01,2.876746771925337676e+00,3.951926843925190003e+00,3.124298218111748238e+00
5.425999999999999801e+01,2.872747369684226282e+00,3.951995993860813794e+00,3.124310398860008497e+00
5.428000000000000114e+01,2.868747966601114197e+00,3.952065095080729229e+00,3.124322579608268757e+00
5.429999999999999716e+01,2.864748562676593835e+00,3.952134147584900337e+00,3.124334760356529017e+00
5.432000000000000028e+01,2.860749157911258944e+00,3.952203151373326673e+00,3.124346941104789277e+00
5.434000000000000341e+01,2.856749752345786764e+00,3.952272108772105330e+00,3.124357958658174450e+00
5.435999999999999943e+01,2.852750346020815897e+00,3.952341022107169533e+00,3.124368976211559623e+00
5.438000000000000256e+01,2.848750938936832178e+00,3.952409891378559248e+00,3.124379993764944796e+00
5.439999999999999858e+01,2.844751531094319219e+00,3.952478716586274921e+00,3.124391011318329969e+00
5.442000000000000171e+01,2.840752122493764631e+00,3.952547497730275694e+00,3.124402028871715142e+00
5.443999999999999773e+01,2.836752713171885265e+00,3.952616236913450098e+00,3.124411994834284556e+00
5.446000000000000085e+01,2.832753303165151060e+00,3.952684936238688440e+00,3.124421960796853970e+00
5.447999999999999687e+01,2.828753892473962139e+00,3.952753595705945866e+00,3.124431926759423384e+00
5.450000000000000000e+01,2.824754481098713743e+00,3.952822215315178411e+00,3.124441892721992797e+00
5.452000000000000313e+01,2.820755069039804219e+00,3.952890795066474894e+00,3.124451858684562211e+00
5.453999999999999915e+01,2.816755656330129920e+00,3.952959336860972339e+00,3.124460873909246317e+00
5.456000000000000227e+01,2.812756243002699108e+00,3.953027842599822428e+00,3.124469889133930423e+00
5.457999999999999829e+01,2.808756829057836857e+00,3.953096312283074010e+00,3.124478904358614528e+00
5.460000000000000142e+01,2.804757414495866463e+00,3.953164745910727085e+00,3.124487919583298634e+00
5.461999999999999744e+01,2.800757999317114333e+00,3.953233143482732359e+00,3.124496934807982740e+00
5.464000000000000057e+01,2.796758583551393507e+00,3.953301506718106761e+00,3.124505090435887311e+00
5.465999999999999659e+01,2.792759167228260786e+00,3.953369837335666048e+00,3.124513246063791883e+00
5.467999999999999972e+01,2.788759750347981736e+00,3.953438135335464843e+00,3.124521401691696454e+00
5.470000000000000284e+01,2.784760332910823255e+00,3.953506400717557323e+00,3.124529557319601025e+00
5.471999999999999886e+01,2.780760914917049131e+00,3.953574633481889311e+00,3.124537712947505597e+00
5.474000000000000199e+01,2.776761496393365114e+00,3.953642835182614057e+00,3.124545091346440095e+00
5.475999999999999801e+01,2.772762077366569766e+00,3.953711007374128616e+00,3.124552469745374594e+00
5.478000000000000114e+01,2.768762657836881580e+00,3.953779150056253133e+00,3.124559848144309093e+00
5.479999999999999716e+01,2.764763237804518603e+00,3.953847263229107512e+00,3.124567226543243592e+00
5.482000000000000028e+01,2.760763817269698883e+00,3.953915346892631799e+00,3.124574604942178091e+00
5.484000000000000341e+01,2.756764396256464966e+00,3.953983402452160512e+00,3.124581280554203921e+00
5.485999999999999943e+01,2.752764974789008612e+00,3.954051431313165388e+00,3.124587956166229752e+00
5.488000000000000256e+01,2.748765552867506123e+00,3.954119433475579815e+00,3.124594631778255582e+00
5.489999999999999858e+01,2.744766130492136913e+00,3.954187408939403792e+00,3.124601307390281413e+00
5.492000000000000171e+01,2.740766707663079504e+00,3.954255357704571150e+00,3.124607983002307243e+00
5.493999999999999773e+01,2.736767284402235489e+00,3.954323281042034122e+00,3.124614023109151262e+00
5.496000000000000085e+01,2.732767860731199594e+00,3.954391180222500690e+00,3.124620063215995280e+00
5.497999999999999687e+01,2.728768436650119256e+00,3.954459055246117849e+00,3.124626103322839299e+00
5.500000000000000000e+01,2.724769012159139248e+00,3.954526906112665330e+00,3.124632143429683317e+00
5.502000000000000313e+01,2.720769587258406119e+00,3.954594732822363401e+00,3.124638183536527336e+00
5.503999999999999915e+01,2.716770161967406505e+00,3.954662536524235605e+00,3.124643648950843122e+00
5.506000000000000227e+01,2.712770736305891717e+00,3.954730318367605690e+00,3.124649114365158908e+00
5.507999999999999829e+01,2.708771310273983435e+00,3.954798078352554924e+00,3.124654579779474695e+00
5.510000000000000142e+01,2.704771883871796234e+00,3.954865816478839502e+00,3.124660045193790481e+00
5.511999999999999744e+01,2.700772457099451795e+00,3.954933532746703229e+00,3.124665510608106267e+00
5.514000000000000057e+01,2.696773029974576019e+00,3.955001228195298424e+00,3.124670456297784948e+00
5.515999999999999659e+01,2.692773602514951570e+00,3.955068903863982133e+00,3.124675401987463630e+00
5.517999999999999972e+01,2.688774174720670374e+00,3.955136559752754799e+00,3.124680347677142311e+00
5.520000000000000284e+01,2.684774746591834127e+00,3.955204195861615979e+00,3.124685293366820993e+00
5.521999999999999886e+01,2.680775318128540530e+00,3.955271812190475966e+00,3.124690239056499674e+00
5.524000000000000199e+01,2.676775889346868276e+00,3.955339409679378804e+00,3.124694714708534882e+00
5.525999999999999801e+01,2.672776460262694886e+00,3.955406989268190010e+00,3.124699190360570089e+00
5.528000000000000114e+01,2.668777030876098078e+00,3.955474550957009061e+00,3.124703666012605296e+00
5.529999999999999716e+01,2.664777601187158229e+00,3.955542094745736037e+00,3.124708141664640504e+00
5.532000000000000028e+01,2.660778171195959274e+00,3.955609620634470858e+00,3.124712617316675711e+00
5.534000000000000341e+01,2.656778740917129955e+00,3.955677129473235354e+00,3.124716667846449081e+00
5.535999999999999943e+01,2.652779310364892229e+00,3.955744622112099762e+00,3.124720718376222450e+00
5.538000000000000256e+01,2.648779879539301607e+00,3.955812098551283462e+00,3.124724768905995820e+00
5.539999999999999858e+01,2.644780448440433140e+00,3.955879558790567074e+00,3.124728819435769189e+00
5.542000000000000171e+01,2.640781017068345005e+00,3.955947002830060288e+00,3.124732869965542559e+00
5.543999999999999773e+01,2.636781585435757691e+00,3.956014431438711565e+00,3.124736535976835761e+00
5.546000000000000085e+01,2.632782153556005422e+00,3.956081845385317042e+00,3.124740201988128963e+00
5.547999999999999687e+01,2.628782721429137936e+00,3.956149244669997511e+00,3.124743867999422164e+00
5.550000000000000000e+01,2.624783289055211633e+00,3.956216629292753417e+00,3.124747534010715366e+00
5.552000000000000313e+01,2.620783856434279802e+00,3.956283999253463524e+00,3.124751200022008568e+00
5.553999999999999915e+01,2.616784423578113916e+00,3.956351355247856638e+00,3.124754518222510491e+00
5.556000000000000227e+01,2.612784990498473903e+00,3.956418697971235687e+00,3.124757836423012414e+00
5.557999999999999829e+01,2.608785557195397509e+00,3.956486027423600227e+00,3.124761154623514336e+00
5.560000000000000142e+01,2.604786123668930919e+00,3.956553343605218487e+00,3.124764472824016259e+00
5.561999999999999744e+01,2.600786689919115435e+00,3.956620646515822237e+00,3.124767791024518182e+00
5.564000000000000057e+01,2.596787255956456431e+00,3.956687936784658355e+00,3.124770794601158030e+00
5.565999999999999659e+01,2.592787821791700420e+00,3.956755215040991924e+00,3.124773798177797879e+00
5.567999999999999972e+01,2.588788387424888704e+00,3.956822481284675064e+00,3.124776801754437727e+00
5.570000000000000284e+01,2.584788952856053701e+00,3.956889735515707773e+00,3.124779805331077576e+00
5.571999999999999886e+01,2.580789518094817492e+00,3.956956978303250771e+00,3.124782524289074104e+00
5.574000000000000199e+01,2.576790083150763522e+00,3.957024210216564697e+00,3.124785243247070632e+00
5.575999999999999801e+01,2.572790648023927318e+00,3.957091431255486569e+00,3.124787962205067160e+00
5.578000000000000114e+01,2.568791212714334193e+00,3.957158641420179368e+00,3.124790681163063688e+00
5.579999999999999716e+01,2.564791777222009905e+00,3.957225840710643539e+00,3.124793400121060216e+00
5.582000000000000028e+01,2.560792341546989981e+00,3.957293029126715656e+00,3.124796119079056744e+00
5.584000000000000341e+01,2.556792905697880425e+00,3.957360207171994659e+00,3.124798586280517210e+00
5.585999999999999943e+01,2.552793469683038552e+00,3.957427375349830356e+00,3.124801053481977675e+00
5.588000000000000256e+01,2.548794033502498113e+00,3.957494533660222746e+00,3.124803520683438141e+00
5.589999999999999858e+01,2.544794597156270211e+00,3.957561682103171830e+00,3.124805987884898606e+00
5.592000000000000171e+01,2.540795160644389039e+00,3.957628820678857462e+00,3.124808455086359071e+00
5.593999999999999773e+01,2.536795723974533345e+00,3.957695949853710538e+00,3.124810688915043766e+00
5.596000000000000085e+01,2.532796287154737591e+00,3.957763070094409752e+00,3.124812922743728461e+00
5.597999999999999687e+01,2.528796850185014211e+00,3.957830181401154057e+00,3.124815156572413155e+00
5.600000000000000000e+01,2.524797413065381857e+00,3.957897283773943453e+00,3.124817390401097850e+00
5.602000000000000313e+01,2.520797975795871615e+00,3.957964377212578988e+00,3.124819624229782544e+00
5.603999999999999915e+01,2.516798538384251049e+00,3.958031462139528056e+00,3.124821646782892426e+00
5.606000000000000227e+01,2.512799100836957678e+00,3.958098538977568914e+00,3.124823669336002308e+00
5.607999999999999829e+01,2.508799663153998161e+00,3.958165607726481738e+00,3.124825691889112189e+00
5.610000000000000142e+01,2.504800225335407138e+00,3.958232668386266973e+00,3.124827714442222071e+00
5.611999999999999744e+01,2.500800787381184165e+00,3.958299720957143997e+00,3.124829736995331952e+00
5.614000000000000057e+01,2.496801349297280037e+00,3.958366765820944266e+00,3.124831568377071100e+00
5.615999999999999659e+01,2.492801911090601230e+00,3.958433803360618786e+00,3.124833399758810248e+00
5.617999999999999972e+01,2.488802472761154849e+00,3.958500833575439692e+00,3.124835231140549396e+00
5.620000000000000284e+01,2.484803034308955993e+00,3.958567856465892376e+00,3.124837062522288544e+00
5.621999999999999886e+01,2.480803595734020206e+00,3.958634872031976837e+00,3.124838893904027692e+00
5.624000000000000199e+01,2.476804157042313825e+00,3.958701880619267754e+00,3.124840552298151941e+00
5.625999999999999801e+01,2.472804718239486110e+00,3.958768882574117853e+00,3.124842210692276190e+00
5.628000000000000114e+01,2.468805279325553936e+00,3.958835877896258904e+00,3.124843869086400439e+00
5.629999999999999716e+01,2.464805840300516859e+00,3.958902866585690905e+00,3.124845527480524687e+00
5.632000000000000028e+01,2.460806401164400192e+00,3.958969848642413858e+00,3.124847185874648936e+00
5.634000000000000341e+01,2.456806961921874422e+00,3.959036824379614128e+00,3.124848687726331065e+00
5.635999999999999943e+01,2.452807522578775323e+00,3.959103794110373276e+00,3.124850189578013193e+00
5.638000000000000256e+01,2.448808083135103342e+00,3.959170757834395094e+00,3.124851691429695322e+00
5.639999999999999858e+01,2.444808643590858033e+00,3.959237715551975789e+00,3.124853193281377450e+00
5.642000000000000171e+01,2.440809203946067374e+00,3.959304667263114919e+00,3.124854695133059579e+00
5.643999999999999773e+01,2.436809764205777107e+00,3.959371613250837196e+00,3.124856055315798908e+00
5.646000000000000085e+01,2.432810324374436117e+00,3.959438553798544813e+00,3.124857415498538238e+00
5.647999999999999687e+01,2.428810884452044405e+00,3.959505488906237325e+00,3.124858775681277567e+00
5.650000000000000000e+01,2.424811444438612629e+00,3.959572418573914732e+00,3.124860135864016897e+00
5.652000000000000313e+01,2.420812004334150558e+00,3.959639342801903883e+00,3.124861496046756226e+00
5.653999999999999915e+01,2.416812564143339337e+00,3.959706261845847397e+00,3.124862728013262370e+00
5.656000000000000227e+01,2.412813123870081178e+00,3.959773175963222425e+00,3.124863959979768513e+00
5.657999999999999829e+01,2.408813683514399173e+00,3.959840085152947609e+00,3.124865191946274656e+00
5.660000000000000142e+01,2.404814243076281777e+00,3.959906989415744150e+00,3.124866423912780800e+00
5.661999999999999744e+01,2.400814802555751193e+00,3.959973888751251447e+00,3.124867655879286943e+00
5.664000000000000057e+01,2.396815361957086221e+00,3.960040783391563401e+00,3.124868771797818301e+00
5.665999999999999659e+01,2.392815921283779179e+00,3.960107673568771691e+00,3.124869887716349659e+00
5.667999999999999972e+01,2.388816480535817632e+00,3.960174559283273776e+00,3.124871003634881017e+00
5.670000000000000284e+01,2.384817039713226450e+00,3.960241440534671753e+00,3.124872119553412375e+00
5.671999999999999886e+01,2.380817598816018066e+00,3.960308317322567717e+00,3.124873235471943733e+00
5.674000000000000199e+01,2.376818157847393476e+00,3.960375189858132750e+00,3.124874246349511164e+00
5.675999999999999801e+01,2.372818716811170070e+00,3.960442058350283290e+00,3.124875257227078595e+00
5.678000000000000114e+01,2.368819275707347849e+00,3.960508922799458542e+00,3.124876268104646027e+00
5.679999999999999716e+01,2.364819834535953902e+00,3.960575783206097711e+00,3.124877278982213458e+00
5.682000000000000028e+01,2.360820393296961139e+00,3.960642639569322387e+00,3.124878289859780889e+00
5.684000000000000341e+01,2.356820951992701474e+00,3.960709492080122907e+00,3.124879205653489755e+00
5.685999999999999943e+01,2.352821510627235213e+00,3.960776340927817163e+00,3.124880121447198622e+00
5.688000000000000256e+01,2.348822069200532603e+00,3.960843186113374603e+00,3.124881037240907489e+00
5.689999999999999858e+01,2.344822627712623397e+00,3.960910027635825781e+00,3.124881953034616355e+00
5.692000000000000171e+01,2.340823186163508041e+00,3.960976865496140142e+00,3.124882868828325222e+00
5.693999999999999773e+01,2.336823744555956317e+00,3.961043699865572698e+00,3.124883698545994459e+00
5.696000000000000085e+01,2.332824302892958279e+00,3.961110530916583716e+00,3.124884528263663697e+00
5.697999999999999687e+01,2.328824861174513927e+00,3.961177358649173197e+00,3.124885357981332934e+00
5.700000000000000000e+01,2.324825419400606386e+00,3.961244183063340696e+00,3.124886187699002171e+00
5.702000000000000313e+01,2.320825977571269405e+00,3.961311004159086657e+00,3.124887017416671409e+00
5.703999999999999915e+01,2.316826535689169742e+00,3.961377822092401413e+00,3.124887769207782551e+00
5.706000000000000227e+01,2.312827093756823160e+00,3.961444637019011061e+00,3.124888520998893693e+00
5.707999999999999829e+01,2.308827651774266521e+00,3.961511448938915603e+00,3.124889272790004835e+00
5.710000000000000142e+01,2.304828209741462519e+00,3.961578257851524398e+00,3.124890024581115977e+00
5.711999999999999744e+01,2.300828767658448459e+00,3.961645063758019170e+00,3.124890776372227119e+00
5.714000000000000057e+01,2.296829325529277099e+00,3.961711866798323545e+00,3.124891457610101675e+00
5.715999999999999659e+01,2.292829883354596365e+00,3.961778667114397745e+00,3.124892138847976231e+00
5.717999999999999972e+01,2.288830441134426241e+00,3.961845464706241771e+00,3.124892820085850786e+00
5.720000000000000284e+01,2.284830998868725871e+00,3.961912259573203698e+00,3.124893501323725342e+00
5.721999999999999886e+01,2.280831556557536111e+00,3.961979051715283529e+00,3.124894182561599898e+00
5.724000000000000199e+01,2.276832114201877477e+00,3.962045841260641854e+00,3.124894799917703914e+00
5.725999999999999801e+01,2.272832671805014026e+00,3.962112628337223885e+00,3.124895417273807929e+00
5.728000000000000114e+01,2.268833229366900905e+00,3.962179412944310197e+00,3.124896034629911945e+00
5.729999999999999716e+01,2.264833786887560763e+00,3.962246195082620215e+00,3.124896651986015961e+00
5.732000000000000028e+01,2.260834344366993598e+00,3.962312974752153494e+00,3.124897269342119976e+00
5.734000000000000341e+01,2.256834901808582483e+00,3.962379752067868299e+00,3.124897828853187232e+00
5.735999999999999943e+01,2.252835459212842117e+00,3.962446527145322861e+00,3.124898388364254487e+00
5.738000000000000256e+01,2.248836016579722763e+00,3.962513299986103910e+00,3.124898947875321742e+00
5.739999999999999858e+01,2.244836573909224864e+00,3.962580070588624714e+00,3.124899507386388997e+00
5.742000000000000171e+01,2.240837131201397714e+00,3.962646838952884831e+00,3.124900066897456252e+00
5.743999999999999773e+01,2.236837688455174167e+00,3.962713605185248511e+00,3.124900574026213462e+00
5.746000000000000085e+01,2.232838245675072386e+00,3.962780369388630763e+00,3.124901081154970672e+00
5.747999999999999687e+01,2.228838802861146551e+00,3.962847131563907777e+00,3.124901588283727882e+00
5.750000000000000000e+01,2.224839360013342482e+00,3.962913891711079106e+00,3.124902095412485092e+00
5.752000000000000313e+01,2.220839917131687269e+00,3.962980649830145197e+00,3.124902602541242302e+00
5.753999999999999915e+01,2.216840474217688595e+00,3.963047406016164675e+00,3.124903062231247475e+00
5.756000000000000227e+01,2.212841031273017567e+00,3.963114160362801730e+00,3.124903521921252647e+00
5.757999999999999829e+01,2.208841588297673741e+00,3.963180912871988149e+00,3.124903981611257819e+00
5.760000000000000142e+01,2.204842145291627364e+00,3.963247663541791699e+00,3.124904441301262992e+00
5.761999999999999744e+01,2.200842702254908634e+00,3.963314412373178719e+00,3.124904900991268164e+00
5.764000000000000057e+01,2.196843259189904085e+00,3.963381159452315394e+00,3.124905317716538455e+00
5.765999999999999659e+01,2.192843816097092446e+00,3.963447904864753291e+00,3.124905734441808747e+00
5.767999999999999972e+01,2.188844372976473274e+00,3.963514648610492408e+00,3.124906151167079038e+00
5.770000000000000284e+01,2.184844929828013704e+00,3.963581390689532746e+00,3.124906567892349329e+00
5.771999999999999886e+01,2.180845486651780352e+00,3.963648131100808492e+00,3.124906984617619621e+00
5.774000000000000199e+01,2.176846043449807588e+00,3.963714869924484407e+00,3.124907362427444824e+00
5.775999999999999801e+01,2.172846600222636315e+00,3.963781607237732096e+00,3.124907740237270026e+00
5.778000000000000114e+01,2.168847156970266976e+00,3.963848343038200550e+00,3.124908118047095229e+00
5.779999999999999716e+01,2.164847713692662268e+00,3.963915077329416281e+00,3.124908495856920432e+00
5.782000000000000028e+01,2.160848270389822634e+00,3.963981810107852777e+00,3.124908873666745635e+00
5.784000000000000341e+01,2.156848827061821350e+00,3.964048541377036550e+00,3.124909251476570837e+00
5.785999999999999943e+01,2.152849383710944586e+00,3.964115271204621926e+00,3.124909594036059612e+00
5.788000000000000256e+01,2.148849940337218989e+00,3.964181999661927858e+00,3.124909936595548388e+00
5.789999999999999858e+01,2.144850496940644557e+00,3.964248726748954343e+00,3.124910279155037163e+00
5.792000000000000171e+01,2.140851053521180880e+00,3.964315452466997236e+00,3.124910621714525938e+00
5.793999999999999773e+01,2.136851610078080554e+00,3.964382176879749142e+00,3.124910931631642352e+00
5.796000000000000085e+01,2.132852166614292333e+00,3.964448900053017866e+00,3.124911241548758767e+00
5.797999999999999687e+01,2.128852723129861069e+00,3.964515621986802962e+00,3.124911551465875181e+00
5.800000000000000000e+01,2.124853279624697056e+00,3.964582342681104432e+00,3.124911861382991596e+00
5.802000000000000313e+01,2.120853836098890000e+00,3.964649062135922275e+00,3.124912171300108010e+00
5.803999999999999915e+01,2.116854392554340603e+00,3.964715780409536094e+00,3.124912452337967661e+00
5.806000000000000227e+01,2.112854948991075954e+00,3.964782497558064556e+00,3.124912733375827312e+00
5.807999999999999829e+01,2.108855505408997022e+00,3.964849213583088172e+00,3.124913014413686962e+00
5.810000000000000142e+01,2.104856061808252576e+00,3.964915928484606944e+00,3.124913295451546613e+00
5.811999999999999744e+01,2.100856618188693847e+00,3.964982642261040358e+00,3.124913576489406264e+00
5.814000000000000057e+01,2.096857174551059355e+00,3.965049354967741913e+00,3.124913831377463591e+00
5.815999999999999659e+01,2.092857730896437563e+00,3.965116066653460614e+00,3.124914086265520918e+00
5.817999999999999972e+01,2.088858287224828469e+00,3.965182777319939067e+00,3.124914341153578246e+00
5.820000000000000284e+01,2.084858843536177453e+00,3.965249486967177273e+00,3.124914596041635573e+00
5.821999999999999886e+01,2.080859399830593759e+00,3.965316195595175230e+00,3.124914850929692900e+00
5.824000000000000199e+01,2.076859956105109983e+00,3.965382903250237678e+00,3.124915082123992160e+00
5.825999999999999801e+01,2.072860512364199437e+00,3.965449609981372081e+00,3.124915313318291421e+00
5.828000000000000114e+01,2.068861068607862119e+00,3.965516315788578439e+00,3.124915544512590682e+00
5.829999999999999716e+01,2.064861624836157983e+00,3.965583020669936065e+00,3.124915775706889942e+00
5.832000000000000028e+01,2.060862181048967123e+00,3.965649724627365202e+00,3.124916006901189203e+00
5.834000000000000341e+01,2.056862737250991113e+00,3.965716427701933000e+00,3.124916216625108323e+00
5.835999999999999943e+01,2.052863293439052939e+00,3.965783129940090301e+00,3.124916426349027443e+00
5.838000000000000256e+01,2.048863849613152599e+00,3.965849831337602716e+00,3.124916636072946563e+00
5.839999999999999858e+01,2.044864405773223925e+00,3.965916531896587216e+00,3.124916845796865683e+00
5.842000000000000171e+01,2.040864961919333087e+00,3.965983231617043803e+00,3.124917055520784803e+00
5.843999999999999773e+01,2.036865518055325897e+00,3.966049930536892365e+00,3.124917245787522724e+00
5.846000000000000085e+01,2.032866074178700355e+00,3.966116628695845581e+00,3.124917436054260644e+00
5.847999999999999687e+01,2.028866630289310358e+00,3.966183326093903450e+00,3.124917626320998565e+00
5.850000000000000000e+01,2.024867186387229179e+00,3.966250022733400105e+00,3.124917816587736485e+00
5.852000000000000313e+01,2.020867742472529649e+00,3.966316718609667280e+00,3.124918006854474406e+00
5.853999999999999915e+01,2.016868298538447846e+00,3.966383413760304677e+00,3.124918179487031544e+00
5.856000000000000227e+01,2.012868854592950729e+00,3.966450108221524218e+00,3.124918352119588683e+00
5.857999999999999829e+01,2.008869410635877539e+00,3.966516801990754182e+00,3.124918524752145821e+00
5.860000000000000142e+01,2.004869966667228276e+00,3.966583495070566290e+00,3.124918697384702959e+00
5.861999999999999744e+01,2.000870522687163700e+00,3.966650187458388377e+00,3.124918870017260097e+00
5.864000000000000057e+01,1.996871078700275470e+00,3.966716879189950973e+00,3.124919026666503896e+00
5.865999999999999659e+01,1.992871634703022199e+00,3.966783570294994732e+00,3.124919183315747695e+00
5.867999999999999972e+01,1.988872190695226472e+00,3.966850260770684589e+00,3.124919339964991494e+00
5.870000000000000284e+01,1.984872746677065480e+00,3.966916950622690230e+00,3.124919496614235292e+00
5.871999999999999886e+01,1.980873302648450851e+00,3.966983639848177035e+00,3.124919653263479091e+00
5.874000000000000199e+01,1.976873858605181500e+00,3.967050328476163568e+00,3.124919795424527358e+00
5.875999999999999801e+01,1.972874414552443056e+00,3.967117016532486495e+00,3.124919937585575624e+00
5.878000000000000114e+01,1.968874970490235521e+00,3.967183704023393265e+00,3.124920079746623891e+00
5.879999999999999716e+01,1.964875526418558893e+00,3.967250390945760152e+00,3.124920221907672158e+00
5.882000000000000028e+01,1.960876082337412951e+00,3.967317077296462990e+00,3.124920364068720424e+00
5.884000000000000341e+01,1.956876638254267942e+00,3.967383763109058936e+00,3.124920493095737939e+00
5.885999999999999943e+01,1.952877194162625951e+00,3.967450448401938168e+00,3.124920622122755454e+00
5.888000000000000256e+01,1.948877750062271819e+00,3.967517133181984956e+00,3.124920751149772968e+00
5.889999999999999858e+01,1.944878305953313236e+00,3.967583817442315031e+00,3.124920880176790483e+00
5.892000000000000171e+01,1.940878861835749980e+00,3.967650501189812218e+00,3.124921009203807998e+00
5.893999999999999773e+01,1.936879417700964279e+00,3.967717184443503520e+00,3.124921126323312315e+00
5.896000000000000085e+01,1.932879973558357944e+00,3.967783867230808337e+00,3.124921243442816632e+00
5.897999999999999687e+01,1.928880529407931199e+00,3.967850549547934591e+00,3.124921360562320949e+00
5.900000000000000000e+01,1.924881085249802393e+00,3.967917231398674360e+00,3.124921477681825266e+00
5.902000000000000313e+01,1.920881641083734603e+00,3.967983912779235567e+00,3.124921594801329583e+00
5.903999999999999915e+01,1.916882196908355374e+00,3.968050593711708984e+00,3.124921701124436790e+00
5.906000000000000227e+01,1.912882752725927782e+00,3.968117274218150303e+00,3.124921807447543998e+00
5.907999999999999829e+01,1.908883308536321266e+00,3.968183954302735739e+00,3.124921913770651205e+00
5.910000000000000142e+01,1.904883864339796951e+00,3.968250633961288631e+00,3.124922020093758412e+00
5.911999999999999744e+01,1.900884420135963371e+00,3.968317313193808982e+00,3.124922126416865620e+00
5.914000000000000057e+01,1.896884975925211991e+00,3.968383992000296789e+00,3.124922232739972827e+00
5.915999999999999659e+01,1.892885531707281688e+00,3.968450670384929158e+00,3.124922339063080035e+00
5.917999999999999972e+01,1.888886087497659405e+00,3.968517348361347175e+00,3.124922435596245052e+00
5.920000000000000284e+01,1.884886643281711516e+00,3.968584025951332972e+00,3.124922532129410069e+00
5.921999999999999886e+01,1.880887199059150694e+00,3.968650703154886994e+00,3.124922628662575086e+00
5.924000000000000199e+01,1.876887754830264265e+00,3.968717379972009240e+00,3.124922725195740103e+00
5.925999999999999801e+01,1.872888310589652106e+00,3.968784056423825035e+00,3.124922812456766952e+00
5.928000000000000114e+01,1.868888866342996558e+00,3.968850732524485725e+00,3.124922899717793801e+00
5.929999999999999716e+01,1.864889422090774573e+00,3.968917408279080572e+00,3.124922986978820649e+00
5.932000000000000028e+01,1.860889977832509201e+00,3.968984083682520314e+00,3.124923074239847498e+00
5.934000000000000341e+01,1.856890533570374258e+00,3.969050758753046360e+00,3.124923153289614675e+00
5.935999999999999943e+01,1.852891089302972416e+00,3.969117433508972947e+00,3.124923232339381851e+00
5.938000000000000256e+01,1.848891645030303899e+00,3.969184107950300522e+00,3.124923311389149028e+00
5.939999999999999858e+01,1.844892200752368705e+00,3.969250782071410910e+00,3.124923390438916204e+00
5.942000000000000171e+01,1.840892756468991198e+00,3.969317455877921841e+00,3.124923469488683381e+00
5.943999999999999773e+01,1.836893312173162762e+00,3.969384129380669535e+00,3.124923541281647399e+00
5.946000000000000085e+01,1.832893867872695148e+00,3.969450802598875505e+00,3.124923613074611417e+00
5.947999999999999687e+01,1.828894423567201777e+00,3.969517475532539752e+00,3.124923684867575435e+00
5.950000000000000000e+01,1.824894979257069005e+00,3.969584148175476113e+00,3.124923756660539453e+00
5.952000000000000313e+01,1.820895534942103655e+00,3.969650820533870750e+00,3.124923828453503472e+00
5.953999999999999915e+01,1.816896090639055661e+00,3.969717492611748888e+00,3.124923893667972852e+00
5.956000000000000227e+01,1.812896646331538797e+00,3.969784164437669016e+00,3.124923958882442232e+00
5.957999999999999829e+01,1.808897202019978723e+00,3.969850835998011807e+00,3.124924024096911612e+00
5.960000000000000142e+01,1.804897757703736838e+00,3.969917507299586923e+00,3.124924089311380992e+00
5.961999999999999744e+01,1.800898313383239024e+00,3.969984178335584701e+00,3.124924154525850373e+00
5.964000000000000057e+01,1.796898869035483237e+00,3.970050849126514958e+00,3.124924213772436676e+00
5.965999999999999659e+01,1.792899424683511045e+00,3.970117519677585971e+00,3.124924273019022980e+00
5.967999999999999972e+01,1.788899980327791184e+00,3.970184189996293078e+00,3.124924332265609284e+00
5.970000000000000284e+01,1.784900535968089175e+00,3.970250860075140498e+00,3.124924391512195587e+00
5.971999999999999886e+01,1.780901091604405240e+00,3.970317529921624011e+00,3.124924450758781891e+00
5.974000000000000199e+01,1.776901647236489579e+00,3.970384199534668479e+00,3.124924504590686603e+00
5.975999999999999801e+01,1.772902202864964805e+00,3.970450868941473921e+00,3.124924558422591314e+00
5.978000000000000114e+01,1.768902758489830696e+00,3.970517538125541535e+00,3.124924612254496026e+00
5.979999999999999716e+01,1.764903314111087473e+00,3.970584207095120721e+00,3.124924666086400737e+00
5.982000000000000028e+01,1.760903869728992932e+00,3.970650875850211481e+00,3.124924719918305449e+00
5.984000000000000341e+01,1.756904425366737632e+00,3.970717544395837351e+00,3.124924768837094469e+00
5.985999999999999943e+01,1.752904981001361717e+00,3.970784212750823272e+00,3.124924817755883488e+00
5.988000000000000256e+01,1.748905536632581414e+00,3.970850880915169245e+00,3.124924866674672508e+00
5.989999999999999858e+01,1.744906092260680497e+00,3.970917548870719127e+00,3.124924915593461527e+00
5.992000000000000171e+01,1.740906647885658964e+00,3.970984216644707132e+00,3.124924964512250547e+00
5.993999999999999773e+01,1.736907203498162300e+00,3.971050884222934840e+00,3.124925008972430973e+00
5.996000000000000085e+01,1.732907759107856327e+00,3.971117551621370367e+00,3.124925053432611399e+00
5.997999999999999687e+01,1.728908314714428851e+00,3.971184218850001724e+00,3.124925097892791825e+00
6.000000000000000000e+01,1.724908870318192289e+00,3.971250885898840455e+00,3.124925142352972252e+00
6.002000000000000313e+01,1.720909425918834224e+00,3.971317552767887005e+00,3.124925186813152678e+00
6.003999999999999915e+01,1.716909981507366956e+00,3.971384219468354626e+00,3.124925227226951208e+00
6.006000000000000227e+01,1.712910537093152552e+00,3.971450886003993652e+00,3.124925267640749738e+00
6.007999999999999829e+01,1.708911092676191013e+00,3.971517552374804527e+00,3.124925308054548267e+00
6.010000000000000142e+01,1.704911648256825840e+00,3.971584218591775794e+00,3.124925348468346797e+00
6.011999999999999744e+01,1.700912203834713532e+00,3.971650884643918467e+00,3.124925388882145327e+00
6.014000000000000057e+01,1.696912759420544869e+00,3.971717550540962094e+00,3.124925425623046760e+00
6.015999999999999659e+01,1.692913315004487496e+00,3.971784216292961300e+00,3.124925462363948192e+00
6.017999999999999972e+01,1.688913870585786015e+00,3.971850881899915642e+00,3.124925499104849624e+00
6.020000000000000284e+01,1.684914426164440648e+00,3.971917547361825562e+00,3.124925535845751057e+00
6.021999999999999886e+01,1.680914981740828873e+00,3.971984212666603842e+00,3.124925572586652489e+00
6.024000000000000199e+01,1.676915537329299433e+00,3.972050877838779304e+00,3.124925605993525757e+00
6.025999999999999801e+01,1.672916092915277542e+00,3.972117542878021101e+00,3.124925639400399024e+00
6.028000000000000114e+01,1.668916648499178423e+00,3.972184207784329235e+00,3.124925672807272292e+00
6.029999999999999716e+01,1.664917204081002300e+00,3.972250872544410782e+00,3.124925706214145560e+00
6.032000000000000028e+01,1.660917759660333726e+00,3.972317537184852032e+00,3.124925739621018828e+00
6.034000000000000341e+01,1.656918315204515713e+00,3.972384201689281635e+00,3.124925770000896996e+00
6.035999999999999943e+01,1.652918870746413527e+00,3.972450866076768339e+00,3.124925800380775165e+00
6.038000000000000256e+01,1.648919426286484136e+00,3.972517530347312142e+00,3.124925830760653334e+00
6.039999999999999858e+01,1.644919981824727540e+00,3.972584194486294962e+00,3.124925861140531502e+00
6.042000000000000171e+01,1.640920537360686993e+00,3.972650858508334881e+00,3.124925891520409671e+00
6.043999999999999773e+01,1.636921092907472453e+00,3.972717522424598968e+00,3.124925919151954279e+00
6.046000000000000085e+01,1.632921648452751118e+00,3.972784186212288571e+00,3.124925946783498887e+00
6.047999999999999687e+01,1.628922203996020945e+00,3.972850849903546866e+00,3.124925974415043495e+00
6.050000000000000000e+01,1.624922759537281713e+00,3.972917513482302709e+00,3.124926002046588103e+00
6.052000000000000313e+01,1.620923315076533422e+00,3.972984176948555657e+00,3.124926029678132711e+00
6.053999999999999915e+01,1.616923870604465518e+00,3.973050840305704767e+00,3.124926054814114895e+00
6.056000000000000227e+01,1.612924426130189159e+00,3.973117503556848895e+00,3.124926079950097080e+00
6.057999999999999829e+01,1.608924981654808573e+00,3.973184166719655686e+00,3.124926105086079264e+00
6.060000000000000142e+01,1.604925537177219530e+00,3.973250829776457937e+00,3.124926130222061449e+00
6.061999999999999744e+01,1.600926092698526260e+00,3.973317492727255207e+00,3.124926155358043633e+00
6.064000000000000057e+01,1.596926648191608011e+00,3.973384155604053003e+00,3.124926178227438012e+00
6.065999999999999659e+01,1.592927203683476067e+00,3.973450818364339998e+00,3.124926201096832390e+00
6.067999999999999972e+01,1.588927759174130427e+00,3.973517481046953126e+00,3.124926223966226768e+00
6.070000000000000284e+01,1.584928314662964466e+00,3.973584143632473697e+00,3.124926246835621146e+00
6.071999999999999886e+01,1.580928870149977961e+00,3.973650806120901713e+00,3.124926269705015525e+00
6.074000000000000199e+01,1.576929425636384607e+00,3.973717468531655861e+00,3.124926292574409903e+00
6.075999999999999801e+01,1.572929981191579785e+00,3.973784130844512319e+00,3.124926313385156362e+00
6.078000000000000114e+01,1.568930536746108162e+00,3.973850793072011278e+00,3.124926334195902822e+00
6.079999999999999716e+01,1.564931092299302717e+00,3.973917455235491669e+00,3.124926355006649281e+00
6.082000000000000028e+01,1.560931647850496651e+00,3.973984117292275187e+00,3.124926375817395741e+00
6.084000000000000341e+01,1.556932203329333797e+00,3.974050779281941281e+00,3.124926394716585065e+00
6.085999999999999943e+01,1.552932758806702340e+00,3.974117441201113987e+00,3.124926413615774390e+00
6.088000000000000256e+01,1.548933314282602280e+00,3.974184103026295656e+00,3.124926432514963714e+00
6.089999999999999858e+01,1.544933869757767919e+00,3.974250764780983936e+00,3.124926451414153039e+00
6.092000000000000171e+01,1.540934425230730653e+00,3.974317426465178826e+00,3.124926470313342364e+00
6.093999999999999773e+01,1.536934980703410947e+00,3.974384088086492017e+00,3.124926487516098028e+00
6.096000000000000085e+01,1.532935536175284330e+00,3.974450749630360491e+00,3.124926504718853693e+00
6.097999999999999687e+01,1.528936091645544337e+00,3.974517411122598709e+00,3.124926521921609357e+00
6.100000000000000000e+01,1.524936647114997657e+00,3.974584072511576860e+00,3.124926539124365021e+00
6.102000000000000313e+01,1.520937202582837600e+00,3.974650733848925199e+00,3.124926556327120686e+00
6.103999999999999915e+01,1.516937758101315037e+00,3.974717395120617613e+00,3.124926571989647073e+00
6.106000000000000227e+01,1.512938313618020336e+00,3.974784056335602944e+00,3.124926587652173460e+00
6.107999999999999829e+01,1.508938869133839455e+00,3.974850717493880747e+00,3.124926603314699847e+00
6.110000000000000142e+01,1.504939424647886659e+00,3.974917378567097703e+00,3.124926618977226234e+00
6.111999999999999744e+01,1.500939980161933862e+00,3.974984039583607576e+00,3.124926634639752621e+00
6.114000000000000057e+01,1.496940535695961749e+00,3.975050700533135029e+00,3.124926648902667470e+00
6.115999999999999659e+01,1.492941091229016859e+00,3.975117361451526499e+00,3.124926663165582319e+00
6.117999999999999972e+01,1.488941646761098969e+00,3.975184022307646448e+00,3.124926677428497168e+00
6.120000000000000284e+01,1.484942202292208080e+00,3.975250683101494431e+00,3.124926691691412017e+00
6.121999999999999886e+01,1.480942757838621615e+00,3.975317343837417194e+00,3.124926704682350120e+00
6.124000000000000199e+01,1.476943313385035150e+00,3.975384004504971092e+00,3.124926717673288223e+00
6.125999999999999801e+01,1.472943868930380429e+00,3.975450665138340334e+00,3.124926730664226326e+00
6.128000000000000114e+01,1.468944424475725707e+00,3.975517325703340710e+00,3.124926743655164429e+00
6.129999999999999716e+01,1.464944980018934473e+00,3.975583986234156431e+00,3.124926756646102532e+00
6.132000000000000028e+01,1.460945535562143238e+00,3.975650646730787496e+00,3.124926769637040636e+00
6.134000000000000341e+01,1.456946091104283747e+00,3.975717307124865041e+00,3.124926782627978739e+00
6.135999999999999943e+01,1.452946646602002234e+00,3.975783967523216944e+00,3.124926794487994375e+00
6.138000000000000256e+01,1.448947202099720721e+00,3.975850627846680307e+00,3.124926806348010011e+00
6.139999999999999858e+01,1.444947757596269255e+00,3.975917288132699401e+00,3.124926818208025647e+00
6.142000000000000171e+01,1.440948313092817790e+00,3.975983948343830399e+00,3.124926830068041284e+00
6.143999999999999773e+01,1.436948868614178698e+00,3.976050608555849131e+00,3.124926840852532806e+00
6.146000000000000085e+01,1.432949424136826355e+00,3.976117268685511075e+00,3.124926851637024328e+00
6.147999999999999687e+01,1.428949979656900515e+00,3.976183928773994403e+00,3.124926862421515850e+00
6.150000000000000000e+01,1.424950535176974675e+00,3.976250588821299115e+00,3.124926873206007372e+00
6.152000000000000313e+01,1.420951090697048835e+00,3.976317248868603826e+00,3.124926883990498894e+00
6.153999999999999915e+01,1.416951646222473160e+00,3.976383908837719083e+00,3.124926893818138929e+00
6.156000000000000227e+01,1.412952201747897485e+00,3.976450568761646487e+00,3.124926903645778964e+00
6.157999999999999829e+01,1.408952757273321810e+00,3.976517228640386037e+00,3.124926913473418999e+00
6.160000000000000142e+01,1.404953312797333931e+00,3.976583888519125587e+00,3.124926923301059034e+00
6.161999999999999744e+01,1.400953868319934070e+00,3.976650548307489430e+00,3.124926933128699069e+00
6.164000000000000057e+01,1.396954423728407502e+00,3.976717208108248691e+00,3.124926942087529635e+00
6.165999999999999659e+01,1.392954979135331728e+00,3.976783867859437827e+00,3.124926951046360202e+00
6.167999999999999972e+01,1.388955534542255954e+00,3.976850527561056836e+00,3.124926960005190768e+00
6.170000000000000284e+01,1.384956089949180180e+00,3.976917187213106164e+00,3.124926968964021334e+00
6.171999999999999886e+01,1.380956645354555423e+00,3.976983846865155492e+00,3.124926977922851901e+00
6.174000000000000199e+01,1.376957200758381683e+00,3.977050506467634694e+00,3.124926986881682467e+00
6.175999999999999801e+01,1.372957756163756926e+00,3.977117166020543770e+00,3.124926995840513033e+00
6.178000000000000114e+01,1.368958311699715713e+00,3.977183825556469099e+00,3.124927004008413611e+00
6.179999999999999716e+01,1.364958867235674500e+00,3.977250485038024141e+00,3.124927012176314189e+00
6.182000000000000028e+01,1.360959422769934202e+00,3.977317144519579184e+00,3.124927020344214768e+00
6.184000000000000341e+01,1.356959978304193903e+00,3.977383803946764385e+00,3.124927028512115346e+00
6.185999999999999943e+01,1.352960533848961866e+00,3.977450463331367203e+00,3.124927035928986463e+00
6.188000000000000256e+01,1.348961089393729829e+00,3.977517122715970022e+00,3.124927043345857580e+00
6.189999999999999858e+01,1.344961644936626621e+00,3.977583782040697180e+00,3.124927050762728697e+00
6.192000000000000171e+01,1.340962200481394584e+00,3.977650441365424339e+00,3.124927058179599815e+00
6.193999999999999773e+01,1.336962756073367231e+00,3.977717100621573909e+00,3.124927064929204690e+00
6.196000000000000085e+01,1.332963311665339878e+00,3.977783759877723480e+00,3.124927071678809565e+00
6.197999999999999687e+01,1.328963867255256392e+00,3.977850419133873050e+00,3.124927078428414440e+00
6.200000000000000000e+01,1.324964422847229040e+00,3.977917078324227695e+00,3.124927085178019315e+00
6.202000000000000313e+01,1.320964978437145554e+00,3.977983737448787416e+00,3.124927091927624190e+00
6.203999999999999915e+01,1.316965534009463257e+00,3.978050396604202898e+00,3.124927098085739097e+00
6.206000000000000227e+01,1.312966089581780960e+00,3.978117055759618381e+00,3.124927104243854004e+00
6.207999999999999829e+01,1.308966645154098662e+00,3.978183714842919549e+00,3.124927110401968910e+00
6.210000000000000142e+01,1.304967200724162835e+00,3.978250373926220718e+00,3.124927116560083817e+00
6.211999999999999744e+01,1.300967756296480538e+00,3.978317032937407571e+00,3.124927122718198724e+00
6.214000000000000057e+01,1.296968311655549266e+00,3.978383692003933270e+00,3.124927128338004678e+00
6.215999999999999659e+01,1.292968867014617995e+00,3.978450350991436846e+00,3.124927133957810632e+00
6.217999999999999972e+01,1.288969422373686724e+00,3.978517009978940422e+00,3.124927139577616586e+00
6.220000000000000284e+01,1.284969977730286095e+00,3.978583668966443998e+00,3.124927145197422540e+00
6.221999999999999886e+01,1.280970533089354824e+00,3.978650327874925452e+00,3.124927150817228494e+00
6.224000000000000199e+01,1.276971088651713826e+00,3.978716986818498835e+00,3.124927155947432755e+00
6.225999999999999801e+01,1.272971644211367659e+00,3.978783645675508573e+00,3.124927161077637017e+00
6.228000000000000114e+01,1.268972199773726661e+00,3.978850304532518312e+00,3.124927166207841278e+00
6.229999999999999716e+01,1.264972755333380494e+00,3.978916963389528050e+00,3.124927171338045540e+00
6.232000000000000028e+01,1.260973310895739496e+00,3.978983622246537788e+00,3.124927176468249801e+00
6.234000000000000341e+01,1.256973866403155116e+00,3.979050281112039400e+00,3.124927181151818445e+00
6.235999999999999943e+01,1.252974421910570735e+00,3.979116939882722637e+00,3.124927185835387089e+00
6.238000000000000256e+01,1.248974977420949539e+00,3.979183598653405873e+00,3.124927190518955733e+00
6.239999999999999858e+01,1.244975532928365158e+00,3.979250257424089110e+00,3.124927195202524377e+00
6.242000000000000171e+01,1.240976088435780778e+00,3.979316916099953971e+00,3.124927199886093021e+00
6.243999999999999773e+01,1.236976644053906504e+00,3.979383574820472003e+00,3.124927204164754002e+00
6.246000000000000085e+01,1.232977199672032231e+00,3.979450233540990034e+00,3.124927208443414983e+00
6.247999999999999687e+01,1.228977755293401586e+00,3.979516892261508065e+00,3.124927212722075964e+00
6.250000000000000000e+01,1.224978310911527313e+00,3.979583550878234455e+00,3.124927217000736945e+00
6.252000000000000313e+01,1.220978866529653040e+00,3.979650209598752486e+00,3.124927221279397926e+00
6.253999999999999915e+01,1.216979422162029367e+00,3.979716868194542290e+00,3.124927225187471791e+00
6.256000000000000227e+01,1.212979977794405695e+00,3.979783526790332093e+00,3.124927229095545655e+00
6.257999999999999829e+01,1.208980533426782022e+00,3.979850185386121897e+00,3.124927233003619520e+00
6.260000000000000142e+01,1.204981089059158350e+00,3.979916843981911700e+00,3.124927236911693385e+00
6.261999999999999744e+01,1.200981644691534678e+00,3.979983502577701504e+00,3.124927240819767249e+00
6.264000000000000057e+01,1.196982200370482419e+00,3.980050161117311802e+00,3.124927244391399128e+00
6.265999999999999659e+01,1.192982756045544601e+00,3.980116819656922100e+00,3.124927247963031007e+00
6.267999999999999972e+01,1.188983311724492342e+00,3.980183478196532398e+00,3.124927251534662886e+00
6.270000000000000284e+01,1.184983867399554525e+00,3.980250136736142696e+00,3.124927255106294766e+00
6.271999999999999886e+01,1.180984423078502266e+00,3.980316795151415121e+00,3.124927258677926645e+00
6.274000000000000199e+01,1.176984978645525759e+00,3.980383453675395256e+00,3.124927261943686752e+00
6.275999999999999801e+01,1.172985534212549252e+00,3.980450112199375390e+00,3.124927265209446858e+00
6.278000000000000114e+01,1.168986089775323256e+00,3.980516770587371855e+00,3.124927268475206965e+00
6.279999999999999716e+01,1.164986645342346749e+00,3.980583429111351990e+00,3.124927271740967072e+00
6.282000000000000028e+01,1.160987200909370243e+00,3.980650087499348455e+00,3.124927275006727179e+00
6.284000000000000341e+01,1.156987756476393736e+00,3.980716745887344921e+00,3.124927278272487285e+00
6.285999999999999943e+01,1.152988311906135044e+00,3.980783404326293073e+00,3.124927281258947254e+00
6.288000000000000256e+01,1.148988867340523301e+00,3.980850062765241226e+00,3.124927284245407222e+00
6.289999999999999858e+01,1.144989422770264609e+00,3.980916721055488328e+00,3.124927287231867190e+00
6.292000000000000171e+01,1.140989978204652866e+00,3.980983379494436480e+00,3.124927290218327158e+00
6.293999999999999773e+01,1.136990533736198072e+00,3.981050037802562613e+00,3.124927292942549784e+00
6.296000000000000085e+01,1.132991089272837648e+00,3.981116696110688746e+00,3.124927295666772409e+00
6.297999999999999687e+01,1.128991644804382855e+00,3.981183354581829814e+00,3.124927298390995034e+00
6.300000000000000000e+01,1.124992200341022430e+00,3.981250012889955947e+00,3.124927301115217659e+00
6.302000000000000313e+01,1.120992755872567637e+00,3.981316671198082080e+00,3.124927303839440285e+00
6.303999999999999915e+01,1.116993311381372145e+00,3.981383329423344275e+00,3.124927306333361354e+00
6.306000000000000227e+01,1.112993866895741313e+00,3.981449987826675141e+00,3.124927308827282424e+00
6.307999999999999829e+01,1.108994422404545821e+00,3.981516646051937336e+00,3.124927311321203494e+00
6.310000000000000142e+01,1.104994977918914989e+00,3.981583304277199531e+00,3.124927313815124563e+00
6.311999999999999744e+01,1.100995533427719497e+00,3.981649962680530397e+00,3.124927316309045633e+00
6.314000000000000057e+01,1.096996088509156086e+00,3.981716620864592660e+00,3.124927318589958425e+00
6.315999999999999659e+01,1.092996643590592676e+00,3.981783279048654922e+00,3.124927320870871217e+00
6.317999999999999972e+01,1.088997198672029265e+00,3.981849937427415220e+00,3.124927323151784009e+00
6.320000000000000284e+01,1.084997753747381610e+00,3.981916595611477483e+00,3.124927325432696801e+00
6.321999999999999886e+01,1.080998308828818200e+00,3.981983253795539746e+00,3.124927327713609593e+00
6.324000000000000199e+01,1.076998864687554347e+00,3.982049911968421618e+00,3.124927329803157683e+00
6.325999999999999801e+01,1.072999420552932071e+00,3.982116570141303491e+00,3.124927331892705773e+00
6.328000000000000114e+01,1.068999976411668218e+00,3.982183228526714469e+00,3.124927333982253863e+00
6.329999999999999716e+01,1.065000532270404365e+00,3.982249886699596342e+00,3.124927336071801953e+00
6.332000000000000028e+01,1.061001088135782089e+00,3.982316544872478215e+00,3.124927338161350043e+00
6.334000000000000341e+01,1.057001643324006812e+00,3.982383202965462665e+00,3.124927340076864457e+00
6.335999999999999943e+01,1.053002198519476629e+00,3.982449861058447116e+00,3.124927341992378871e+00
6.338000000000000256e+01,1.049002753714946445e+00,3.982516519383269671e+00,3.124927343907893285e+00
6.339999999999999858e+01,1.045003308903171169e+00,3.982583177476254122e+00,3.124927345823407698e+00
6.342000000000000171e+01,1.041003864098640985e+00,3.982649835569238572e+00,3.124927347738922112e+00
6.343999999999999773e+01,1.037004419286865708e+00,3.982716493662223023e+00,3.124927349654436526e+00
6.346000000000000085e+01,1.033004974981241331e+00,3.982783151936647670e+00,3.124927351408587572e+00
6.347999999999999687e+01,1.029005530675616953e+00,3.982849809957907272e+00,3.124927353162738619e+00
6.350000000000000000e+01,1.025006086369992575e+00,3.982916467979166875e+00,3.124927354916889666e+00
6.352000000000000313e+01,1.021006642064368197e+00,3.982983126253591522e+00,3.124927356671040712e+00
6.353999999999999915e+01,1.017007197036075228e+00,3.983049784169645502e+00,3.124927358273236422e+00
6.356000000000000227e+01,1.013007751999120520e+00,3.983116442362875098e+00,3.124927359875432131e+00
6.357999999999999829e+01,1.009008306962165813e+00,3.983183100556104694e+00,3.124927361477627841e+00
6.360000000000000142e+01,1.005008861925211106e+00,3.983249758472158675e+00,3.124927363079823550e+00
6.361999999999999744e+01,1.001009416888256398e+00,3.983316416665388271e+00,3.124927364682019260e+00
6.364000000000000057e+01,9.970099722392934405e-01,3.983383074628465526e+00,3.124927366151229347e+00
6.365999999999999659e+01,9.930105275903304829e-01,3.983449732893806772e+00,3.124927367620439433e+00
6.367999999999999972e+01,9.890110829508133028e-01,3.983516390856884026e+00,3.124927369089649520e+00
6.370000000000000284e+01,9.850116383018503452e-01,3.983583048819961281e+00,3.124927370558859607e+00
6.371999999999999886e+01,9.810121936528873876e-01,3.983649706783038535e+00,3.124927372028069694e+00
6.374000000000000199e+01,9.770127485032119585e-01,3.983716364831357382e+00,3.124927373376532369e+00
6.375999999999999801e+01,9.730133033432448730e-01,3.983783022879676228e+00,3.124927374724995044e+00
6.378000000000000114e+01,9.690138581832777875e-01,3.983849680927995074e+00,3.124927376073457719e+00
6.379999999999999716e+01,9.650144130336023585e-01,3.983916338976313920e+00,3.124927377421920394e+00
6.382000000000000028e+01,9.610149678736352730e-01,3.983982997024632766e+00,3.124927378770383068e+00
6.384000000000000341e+01,9.570155227239598439e-01,3.984049655072951612e+00,3.124927380118845743e+00
6.385999999999999943e+01,9.530160778010750011e-01,3.984116313271231835e+00,3.124927381355540490e+00
6.388000000000000256e+01,9.490166328669684681e-01,3.984182971110418414e+00,3.124927382592235237e+00
6.389999999999999858e+01,9.450171879440836253e-01,3.984249629308698637e+00,3.124927383828929983e+00
6.392000000000000171e+01,9.410177430211987826e-01,3.984316287147885216e+00,3.124927385065624730e+00
6.393999999999999773e+01,9.370182981672157130e-01,3.984382945319422387e+00,3.124927386204539026e+00
6.396000000000000085e+01,9.330188533010475016e-01,3.984449603101036352e+00,3.124927387343453322e+00
6.397999999999999687e+01,9.290194084348792902e-01,3.984516261272573523e+00,3.124927388482367618e+00
6.400000000000000000e+01,9.250199635687110788e-01,3.984582919054187489e+00,3.124927389621281915e+00
6.401999999999999602e+01,9.210205187147280093e-01,3.984649577225724659e+00,3.124927390760196211e+00
6.404000000000000625e+01,9.170210737234470999e-01,3.984716235066088963e+00,3.124927391802507337e+00
6.406000000000000227e+01,9.130216287188517299e-01,3.984782892906453267e+00,3.124927392844818463e+00
6.407999999999999829e+01,9.090221837275708205e-01,3.984849551172879867e+00,3.124927393887129590e+00
6.409999999999999432e+01,9.050227387362899112e-01,3.984916209013244170e+00,3.124927394929440716e+00
6.412000000000000455e+01,9.010232937450090018e-01,3.984982866853608474e+00,3.124927395971751842e+00
6.414000000000000057e+01,8.970238500807442561e-01,3.985049524692650724e+00,3.124927396932543733e+00
6.415999999999999659e+01,8.930244064164795104e-01,3.985116182531692974e+00,3.124927397893335623e+00
6.418000000000000682e+01,8.890249627522147646e-01,3.985182840832946827e+00,3.124927398854127514e+00
6.420000000000000284e+01,8.850255190879500189e-01,3.985249498671989077e+00,3.124927399814919404e+00
6.421999999999999886e+01,8.810260754236852732e-01,3.985316156511031327e+00,3.124927400775711295e+00
6.423999999999999488e+01,8.770266317594205274e-01,3.985382814350073577e+00,3.124927401736503185e+00
6.426000000000000512e+01,8.730271865683646437e-01,3.985449472353393308e+00,3.124927402620511163e+00
6.428000000000000114e+01,8.690277413616100954e-01,3.985516130356713038e+00,3.124927403504519141e+00
6.429999999999999716e+01,8.650282961705542117e-01,3.985582788360032769e+00,3.124927404388527119e+00
6.431999999999999318e+01,8.610288515819687349e-01,3.985649445969352112e+00,3.124927405202373443e+00
6.434000000000000341e+01,8.570294069763312317e-01,3.985716104124338521e+00,3.124927406016219766e+00
6.435999999999999943e+01,8.530299623877457549e-01,3.985782761733657864e+00,3.124927406830066090e+00
6.437999999999999545e+01,8.490305177821082516e-01,3.985849419888644274e+00,3.124927407643912414e+00
6.440000000000000568e+01,8.450310731935227748e-01,3.985916077497963617e+00,3.124927408457758737e+00
6.442000000000000171e+01,8.410316286049372980e-01,3.985982735652950026e+00,3.124927409271605061e+00
6.443999999999999773e+01,8.370321850470288094e-01,3.986049393242346195e+00,3.124927410013345952e+00
6.445999999999999375e+01,8.330327415078301323e-01,3.986116051430454110e+00,3.124927410755086843e+00
6.448000000000000398e+01,8.290332979499216437e-01,3.986182709019850279e+00,3.124927411496827734e+00
6.450000000000000000e+01,8.250338544107229666e-01,3.986249367207958194e+00,3.124927412238568625e+00
6.451999999999999602e+01,8.210344108715242895e-01,3.986316024797354363e+00,3.124927412980309516e+00
6.454000000000000625e+01,8.170349673936704304e-01,3.986382682625210450e+00,3.124927413671721332e+00
6.456000000000000227e+01,8.130355239158165714e-01,3.986449340453066537e+00,3.124927414363133149e+00
6.457999999999999829e+01,8.090360804379627124e-01,3.986515998280922624e+00,3.124927415054544966e+00
6.459999999999999432e+01,8.050366369801804645e-01,3.986582656108778711e+00,3.124927415745956782e+00
6.462000000000000455e+01,8.010371935023266055e-01,3.986649313936634798e+00,3.124927416437368599e+00
6.464000000000000057e+01,7.970377481577473056e-01,3.986715972181487100e+00,3.124927417065638924e+00
6.465999999999999659e+01,7.930383028131680057e-01,3.986782629719495041e+00,3.124927417693909248e+00
6.468000000000000682e+01,7.890388574685887058e-01,3.986849287964347344e+00,3.124927418322179573e+00
6.470000000000000284e+01,7.850394121240094059e-01,3.986915945502355285e+00,3.124927418950449898e+00
6.471999999999999886e+01,7.810399667794301060e-01,3.986982603747207587e+00,3.124927419578720222e+00
6.473999999999999488e+01,7.770405236163792084e-01,3.987049261319190130e+00,3.124927420159661295e+00
6.476000000000000512e+01,7.730410804772167577e-01,3.987115918891172672e+00,3.124927420740602368e+00
6.478000000000000114e+01,7.690416373380543069e-01,3.987182577227585956e+00,3.124927421321543441e+00
6.479999999999999716e+01,7.650421941988918562e-01,3.987249234799568498e+00,3.124927421902484515e+00
6.481999999999999318e+01,7.610427510358409586e-01,3.987315892371551040e+00,3.124927422483425588e+00
6.484000000000000341e+01,7.570433078966785079e-01,3.987382550707964324e+00,3.124927423064366661e+00
6.485999999999999943e+01,7.530438642752346201e-01,3.987449207875086277e+00,3.124927423604404897e+00
6.487999999999999545e+01,7.490444206280929551e-01,3.987515865864537101e+00,3.124927424144443133e+00
6.490000000000000568e+01,7.450449770066490673e-01,3.987582523853987926e+00,3.124927424684481370e+00
6.492000000000000171e+01,7.410455333595074023e-01,3.987649181843438750e+00,3.124927425224519606e+00
6.493999999999999773e+01,7.370460900237786328e-01,3.987715839619782709e+00,3.124927425721841345e+00
6.495999999999999375e+01,7.330466466880498633e-01,3.987782497396126669e+00,3.124927426219163085e+00
6.498000000000000398e+01,7.290472033523210937e-01,3.987849155172470628e+00,3.124927426716484824e+00
6.500000000000000000e+01,7.250477600165923242e-01,3.987915812948814587e+00,3.124927427213806563e+00
6.501999999999999602e+01,7.210483166808635547e-01,3.987982470725158546e+00,3.124927427711128303e+00
6.504000000000000625e+01,7.170488736577211863e-01,3.988049128514767450e+00,3.124927428172707078e+00
6.506000000000000227e+01,7.130494306345788180e-01,3.988115786304376353e+00,3.124927428634285853e+00
6.507999999999999829e+01,7.090499876415023994e-01,3.988182444093985257e+00,3.124927429095864628e+00
6.509999999999999432e+01,7.050505446183600311e-01,3.988249101883594161e+00,3.124927429557443403e+00
6.512000000000000455e+01,7.010511015952176628e-01,3.988315759673203065e+00,3.124927430019022179e+00
6.514000000000000057e+01,6.970516585720752945e-01,3.988382417462811969e+00,3.124927430480600954e+00
6.515999999999999659e+01,6.930522139511089419e-01,3.988449074762014934e+00,3.124927430907206372e+00
6.518000000000000682e+01,6.890527692976118335e-01,3.988515733102201200e+00,3.124927431333811789e+00
6.520000000000000284e+01,6.850533246766454809e-01,3.988582390401404165e+00,3.124927431760417207e+00
6.521999999999999886e+01,6.810538800231483725e-01,3.988649048741590430e+00,3.124927432187022625e+00
6.523999999999999488e+01,6.770544336188906165e-01,3.988715706497540925e+00,3.124927432567782493e+00
6.526000000000000512e+01,6.730549872146328605e-01,3.988782364253491419e+00,3.124927432948542361e+00
6.528000000000000114e+01,6.690555407739274818e-01,3.988849022009441914e+00,3.124927433329302229e+00
6.529999999999999716e+01,6.650560943696697258e-01,3.988915679765392408e+00,3.124927433710062097e+00
6.531999999999999318e+01,6.610566479289643471e-01,3.988982337521342902e+00,3.124927434090821965e+00
6.534000000000000341e+01,6.570572042842462990e-01,3.989048995458788216e+00,3.124927434450941011e+00
6.535999999999999943e+01,6.530577606009916325e-01,3.989115653396233530e+00,3.124927434811060056e+00
6.537999999999999545e+01,6.490583169562735844e-01,3.989182311333678843e+00,3.124927435171179102e+00
6.540000000000000568e+01,6.450588732730189179e-01,3.989248969271124157e+00,3.124927435531298148e+00
6.542000000000000171e+01,6.410594296283008697e-01,3.989315627208569470e+00,3.124927435891417193e+00
6.543999999999999773e+01,6.370599836649046832e-01,3.989382284151569813e+00,3.124927436243753576e+00
6.545999999999999375e+01,6.330605376621205593e-01,3.989448942354983263e+00,3.124927436596089958e+00
6.548000000000000398e+01,6.290610916987243728e-01,3.989515600558396713e+00,3.124927436948426340e+00
6.550000000000000000e+01,6.250616457353281863e-01,3.989582257501397056e+00,3.124927437300762723e+00
6.551999999999999602e+01,6.210621997719319998e-01,3.989648915704810506e+00,3.124927437653099105e+00
6.554000000000000625e+01,6.170627558113778166e-01,3.989715574159217404e+00,3.124927437956287246e+00
6.556000000000000227e+01,6.130633118508236334e-01,3.989782231148892855e+00,3.124927438259475387e+00
6.557999999999999829e+01,6.090638678902694503e-01,3.989848889603299753e+00,3.124927438562663529e+00
6.559999999999999432e+01,6.050644239297152671e-01,3.989915546592975204e+00,3.124927438865851670e+00
6.562000000000000455e+01,6.010649799691610840e-01,3.989982205047382102e+00,3.124927439169039811e+00
6.564000000000000057e+01,5.970655377307151346e-01,3.990048862142552721e+00,3.124927439457876766e+00
6.565999999999999659e+01,5.930660954922691852e-01,3.990115519237723340e+00,3.124927439746713720e+00
6.568000000000000682e+01,5.890666533018703577e-01,3.990182177870401414e+00,3.124927440035550674e+00
6.570000000000000284e+01,5.850672110634244083e-01,3.990248834965572033e+00,3.124927440324387629e+00
6.571999999999999886e+01,5.810677688730255808e-01,3.990315493598250107e+00,3.124927440613224583e+00
6.573999999999999488e+01,5.770683256896873559e-01,3.990382150843155173e+00,3.124927440871521078e+00
6.576000000000000512e+01,5.730688825063491310e-01,3.990448808088060240e+00,3.124927441129817574e+00
6.578000000000000114e+01,5.690694393230109061e-01,3.990515467052264675e+00,3.124927441388114069e+00
6.579999999999999716e+01,5.650699961396726811e-01,3.990582124297169742e+00,3.124927441646410564e+00
6.581999999999999318e+01,5.610705529563344562e-01,3.990648781542074808e+00,3.124927441904707059e+00
6.584000000000000341e+01,5.570711116581092970e-01,3.990715439828000477e+00,3.124927442167816150e+00
6.585999999999999943e+01,5.530716703071387741e-01,3.990782096426075398e+00,3.124927442430925240e+00
6.587999999999999545e+01,5.490722290089136148e-01,3.990848754712001067e+00,3.124927442694034330e+00
6.590000000000000568e+01,5.450727877106884556e-01,3.990915412997926737e+00,3.124927442957143420e+00
6.592000000000000171e+01,5.410733464124632963e-01,3.990982069596001658e+00,3.124927443220252510e+00
6.593999999999999773e+01,5.370739050614927734e-01,3.991048727881927327e+00,3.124927443483361600e+00
6.595999999999999375e+01,5.330744624923954289e-01,3.991115386032224155e+00,3.124927443734632604e+00
6.598000000000000398e+01,5.290750199232980844e-01,3.991182044182520983e+00,3.124927443985903608e+00
6.600000000000000000e+01,5.250755773542007399e-01,3.991248700565447116e+00,3.124927444237174612e+00
6.601999999999999602e+01,5.210761347851033953e-01,3.991315358715743944e+00,3.124927444488445616e+00
6.604000000000000625e+01,5.170766871346621496e-01,3.991382017459044196e+00,3.124927444685211775e+00
6.606000000000000227e+01,5.130772395547502640e-01,3.991448673945403591e+00,3.124927444881977934e+00
6.607999999999999829e+01,5.090777919043090183e-01,3.991515332688703843e+00,3.124927445078744093e+00
6.609999999999999432e+01,5.050783442538677726e-01,3.991581989175063239e+00,3.124927445275510252e+00
6.612000000000000455e+01,5.010788966739558870e-01,3.991648647918363491e+00,3.124927445472276410e+00
6.614000000000000057e+01,4.970794487762999481e-01,3.991715305467160135e+00,3.124927445643329804e+00
6.615999999999999659e+01,4.930800008786440092e-01,3.991781963015956780e+00,3.124927445814383198e+00
6.618000000000000682e+01,4.890805529809880703e-01,3.991848620564753425e+00,3.124927445985436592e+00
6.620000000000000284e+01,4.850811051644635108e-01,3.991915278113550070e+00,3.124927446156489985e+00
6.621999999999999886e+01,4.810816572668075719e-01,3.991981935662346714e+00,3.124927446327543379e+00
6.623999999999999488e+01,4.770822118424120628e-01,3.992048593698389602e+00,3.124927446485064486e+00
6.626000000000000512e+01,4.730827663299154162e-01,3.992115251734432491e+00,3.124927446642585593e+00
6.628000000000000114e+01,4.690833209055199071e-01,3.992181909770475379e+00,3.124927446800106701e+00
6.629999999999999716e+01,4.650838754811243980e-01,3.992248567806518267e+00,3.124927446957627808e+00
6.631999999999999318e+01,4.610844299686277514e-01,3.992315225842561155e+00,3.124927447115148915e+00
6.634000000000000341e+01,4.570849856084555074e-01,3.992381882590083197e+00,3.124927447300261729e+00
6.635999999999999943e+01,4.530855412482832634e-01,3.992448541736624446e+00,3.124927447485374543e+00
6.637999999999999545e+01,4.490860968881110193e-01,3.992515198484146488e+00,3.124927447670487357e+00
6.640000000000000568e+01,4.450866525279387753e-01,3.992581857630687736e+00,3.124927447855600171e+00
6.642000000000000171e+01,4.410872081677665313e-01,3.992648514378209779e+00,3.124927448040712985e+00
6.643999999999999773e+01,4.370877612375684285e-01,3.992715173079792290e+00,3.124927448266332952e+00
6.645999999999999375e+01,4.330883143073703256e-01,3.992781829813067063e+00,3.124927448491952919e+00
6.648000000000000398e+01,4.290888674386818535e-01,3.992848488514649574e+00,3.124927448717572886e+00
6.650000000000000000e+01,4.250894205084837507e-01,3.992915145247924347e+00,3.124927448943192854e+00
6.651999999999999602e+01,4.210899735782856479e-01,3.992981803949506858e+00,3.124927449168812821e+00
6.654000000000000625e+01,4.170905285981725275e-01,3.993048461379107739e+00,3.124927449325735740e+00
6.656000000000000227e+01,4.130910835296224271e-01,3.993115118808708619e+00,3.124927449482658659e+00
6.657999999999999829e+01,4.090916385495093066e-01,3.993181776238309499e+00,3.124927449639581578e+00
6.659999999999999432e+01,4.050921935693961862e-01,3.993248433667910380e+00,3.124927449796504497e+00
6.662000000000000455e+01,4.010927485892830657e-01,3.993315091097511260e+00,3.124927449953427416e+00
6.664000000000000057e+01,3.970933048106541352e-01,3.993381749232833400e+00,3.124927450085505320e+00
6.665999999999999659e+01,3.930938610320252047e-01,3.993448407368155539e+00,3.124927450217583225e+00
6.668000000000000682e+01,3.890944172533962742e-01,3.993515065503477679e+00,3.124927450349661129e+00
6.670000000000000284e+01,3.850949735798400164e-01,3.993581723638799819e+00,3.124927450481739033e+00
6.671999999999999886e+01,3.810955298012110859e-01,3.993648381774121958e+00,3.124927450613816937e+00
6.673999999999999488e+01,3.770960860225821554e-01,3.993715036547116792e+00,3.124927450745894841e+00
6.676000000000000512e+01,3.730966385933081053e-01,3.993781695872790305e+00,3.124927450942219576e+00
6.678000000000000114e+01,3.690971911640340553e-01,3.993848352936448354e+00,3.124927451138544310e+00
6.679999999999999716e+01,3.650977436640720497e-01,3.993915010000106403e+00,3.124927451334869044e+00
6.681999999999999318e+01,3.610982962347979996e-01,3.993981669325779915e+00,3.124927451531193778e+00
6.684000000000000341e+01,3.570988408408334869e-01,3.994048326139659544e+00,3.124927451590208793e+00
6.685999999999999943e+01,3.530993854468689741e-01,3.994114982953539172e+00,3.124927451649223809e+00
6.687999999999999545e+01,3.490999300529044613e-01,3.994181639767418801e+00,3.124927451708238824e+00
6.690000000000000568e+01,3.451004746589399486e-01,3.994248296581298430e+00,3.124927451767253839e+00
6.692000000000000171e+01,3.411010192649754358e-01,3.994314953395178058e+00,3.124927451826268854e+00
6.693999999999999773e+01,3.371015700754527722e-01,3.994381610343930245e+00,3.124927451717446569e+00
6.695999999999999375e+01,3.331021210134573196e-01,3.994448267292682431e+00,3.124927451608624285e+00
6.698000000000000398e+01,3.291026718239346560e-01,3.994514924241434617e+00,3.124927451499802000e+00
6.700000000000000000e+01,3.251032227619392034e-01,3.994581581190186803e+00,3.124927451390979716e+00
6.701999999999999602e+01,3.211037735724165398e-01,3.994648242219810186e+00,3.124927451282157431e+00
6.704000000000000625e+01,3.171043296811454359e-01,3.994714899542673336e+00,3.124927450898324022e+00
6.706000000000000227e+01,3.131048857537185870e-01,3.994781556865536487e+00,3.124927450514490612e+00
6.707999999999999829e+01,3.091054418624474831e-01,3.994848215345383924e+00,3.124927450130657203e+00
6.709999999999999432e+01,3.051059979711763792e-01,3.994914872668247074e+00,3.124927449746823793e+00
6.712000000000000455e+01,3.011065540437495303e-01,3.994981529991110225e+00,3.124927449362990384e+00
6.714000000000000057e+01,2.971071106037398990e-01,3.995048187172015819e+00,3.124927449172229199e+00
6.715999999999999659e+01,2.931076671637302677e-01,3.995114846680905885e+00,3.124927448981468014e+00
6.718000000000000682e+01,2.891082237237206365e-01,3.995181503861811478e+00,3.124927448790706830e+00
6.720000000000000284e+01,2.851087802837110052e-01,3.995248161042717072e+00,3.124927448599945645e+00
6.721999999999999886e+01,2.811093368437013740e-01,3.995314818223622666e+00,3.124927448409184461e+00
6.723999999999999488e+01,2.771098934036917427e-01,3.995381477732512732e+00,3.124927448218423276e+00
6.726000000000000512e+01,2.731104492705831444e-01,3.995448134499750115e+00,3.124927448023909982e+00
6.728000000000000114e+01,2.691110050661283393e-01,3.995514791266987498e+00,3.124927447829396687e+00
6.729999999999999716e+01,2.651115608616735342e-01,3.995581450317303496e+00,3.124927447634883393e+00
6.731999999999999318e+01,2.611121166572187291e-01,3.995648107084540879e+00,3.124927447440370099e+00
6.734000000000000341e+01,2.571126733421729149e-01,3.995714766762624937e+00,3.124927447300147598e+00
6.735999999999999943e+01,2.531132301260968220e-01,3.995781423273677468e+00,3.124927447159925098e+00
6.737999999999999545e+01,2.491137868110509801e-01,3.995848079784730000e+00,3.124927447019702598e+00
6.740000000000000568e+01,2.451143434960051382e-01,3.995914739462814058e+00,3.124927446879480097e+00
6.742000000000000171e+01,2.411149002799290453e-01,3.995981395973866590e+00,3.124927446739257597e+00
6.743999999999999773e+01,2.371154614812323591e-01,3.996048055797202458e+00,3.124927446647108642e+00
6.745999999999999375e+01,2.331160226825356729e-01,3.996114710801291547e+00,3.124927446554959687e+00
6.748000000000000398e+01,2.291165838838389868e-01,3.996181370624627416e+00,3.124927446462810732e+00
6.750000000000000000e+01,2.251171450851423006e-01,3.996248025628716505e+00,3.124927446370661777e+00
6.751999999999999602e+01,2.211177062864456144e-01,3.996314685452052373e+00,3.124927446278512821e+00
6.754000000000000625e+01,2.171182619030596617e-01,3.996381343014715259e+00,3.124927445998778364e+00
6.756000000000000227e+01,2.131188174700631432e-01,3.996448000577378146e+00,3.124927445719043906e+00
6.757999999999999829e+01,2.091193730370666248e-01,3.996514658140041032e+00,3.124927445439309448e+00
6.759999999999999432e+01,2.051199286040701064e-01,3.996581315702703918e+00,3.124927445159574990e+00
6.762000000000000455e+01,2.011204841710735880e-01,3.996647974852905350e+00,3.124927444879840532e+00
6.764000000000000057e+01,1.971210345381406437e-01,3.996714630837725934e+00,3.124927444739596716e+00
6.765999999999999659e+01,1.931215849052076994e-01,3.996781289989101982e+00,3.124927444599352899e+00
6.768000000000000682e+01,1.891221352722747551e-01,3.996847945973922567e+00,3.124927444459109083e+00
6.770000000000000284e+01,1.851226856393418108e-01,3.996914605125298614e+00,3.124927444318865266e+00
6.771999999999999886e+01,1.811232361053637108e-01,3.996981261110119199e+00,3.124927444178621450e+00
6.773999999999999488e+01,1.771237893282789355e-01,3.997047919042812314e+00,3.124927444077335803e+00
6.776000000000000512e+01,1.731243426882105585e-01,3.997114576975505429e+00,3.124927443976050156e+00
6.778000000000000114e+01,1.691248960481421815e-01,3.997181234908198544e+00,3.124927443874764510e+00
6.779999999999999716e+01,1.651254494080738044e-01,3.997247892840891659e+00,3.124927443773478863e+00
6.781999999999999318e+01,1.611260027680054274e-01,3.997314550773584774e+00,3.124927443672193217e+00
6.784000000000000341e+01,1.571265561279370504e-01,3.997381208706277889e+00,3.124927443570907570e+00
6.785999999999999943e+01,1.531271087858999125e-01,3.997447866397814131e+00,3.124927443314930997e+00
6.787999999999999545e+01,1.491276614438627746e-01,3.997514524089350374e+00,3.124927443058954424e+00
6.790000000000000568e+01,1.451282141018256366e-01,3.997581181780886617e+00,3.124927442802977851e+00
6.792000000000000171e+01,1.411287668140036033e-01,3.997647841207306207e+00,3.124927442547001277e+00
6.793999999999999773e+01,1.371293230165500088e-01,3.997714498775947867e+00,3.124927442270011735e+00
6.795999999999999375e+01,1.331298792190964142e-01,3.997781156344589526e+00,3.124927441993022192e+00
6.798000000000000398e+01,1.291304354216428196e-01,3.997847813913231185e+00,3.124927441716032650e+00
6.800000000000000000e+01,1.251309916742914252e-01,3.997914471481872845e+00,3.124927441439043108e+00
6.801999999999999602e+01,1.211315478768378306e-01,3.997981129050514504e+00,3.124927441162053565e+00
6.804000000000000625e+01,1.171321079189873854e-01,3.998047788196940733e+00,3.124927441014894836e+00
6.806000000000000227e+01,1.131326679611369401e-01,3.998114444325613803e+00,3.124927440867736106e+00
6.807999999999999829e+01,1.091332280032864949e-01,3.998181103472040032e+00,3.124927440720577376e+00
6.809999999999999432e+01,1.051337880454360496e-01,3.998247759600713103e+00,3.124927440573418647e+00
6.812000000000000455e+01,1.011343479932808320e-01,3.998314418747139332e+00,3.124927440426259917e+00
6.814000000000000057e+01,1.011343479932808320e-01,3.998314418747139332e+00,3.124927440426259917e+00
6.815999999999999659e+01,1.011343479932808320e-01,3.998314418747139332e+00,3.124927440426259917e+00
6.818000000000000682e+01,1.011343479932808320e-01,3.998314418747139332e+00,3.124927440426259917e+00
6.820000000000000284e+01,1.011343479932808320e-01,3.998314418747139332e+00,3.124927440426259917e+00
6.821999999999999886e+01,1.011343479932808320e-01,3.998314418747139332e+00,3.124927440426259917e+00
6.823999999999999488e+01,1.011343479932808320e-01,3.998314418747139332e+00,3.130927440426259700e+00
6.826000000000000512e+01,1.011343479932808320e-01,3.998314418747139332e+00,3.136927440426259484e+00
6.828000000000000114e+01,1.011343479932808320e-01,3.998314418747139332e+00,-3.140257866753327409e+00
6.829999999999999716e+01,1.011343479932808320e-01,3.998314418747139332e+00,-3.134257866753327626e+00
6.831999999999999318e+01,1.011343479932808320e-01,3.998314418747139332e+00,-3.128257866753327843e+00
6.834000000000000341e+01,1.011343479932808320e-01,3.998314418747139332e+00,-3.122257866753328059e+00
6.835999999999999943e+01,1.011343479932808320e-01,3.998314418747139332e+00,-3.116257866753328276e+00
6.837999999999999545e+01,1.011343479932808320e-01,3.998314418747139332e+00,-3.110257866753328493e+00
6.840000000000000568e+01,1.011343479932808320e-01,3.998314418747139332e+00,-3.104257866753328710e+00
6.842000000000000171e+01,1.011343479932808320e-01,3.998314418747139332e+00,-3.098257866753328926e+00
6.843999999999999773e+01,1.011343479932808320e-01,3.998314418747139332e+00,-3.092257866753329143e+00
6.845999999999999375e+01,1.011343479932808320e-01,3.998314418747139332e+00,-3.086257866753329360e+00
6.848000000000000398e+01,1.011343479932808320e-01,3.998314418747139332e+00,-3.080257866753329576e+00
6.850000000000000000e+01,1.011343479932808320e-01,3.998314418747139332e+00,-3.074257866753329793e+00
6.851999999999999602e+01,1.011343479932808320e-01,3.998314418747139332e+00,-3.068257866753330010e+00
6.854000000000000625e+01,1.011343479932808320e-01,3.998314418747139332e+00,-3.062257866753330227e+00
6.856000000000000227e+01,1.011343479932808320e-01,3.998314418747139332e+00,-3.056257866753330443e+00
6.857999999999999829e+01,1.011343479932808320e-01,3.998314418747139332e+00,-3.050257866753330660e+00
6.859999999999999432e+01,1.011343479932808320e-01,3.998314418747139332e+00,-3.044257866753330877e+00
6.862000000000000455e+01,1.011343479932808320e-01,3.998314418747139332e+00,-3.038257866753331093e+00
6.864000000000000057e+01,1.011343479932808320e-01,3.998314418747139332e+00,-3.032257866753331310e+00
6.865999999999999659e+01,1.011343479932808320e-01,3.998314418747139332e+00,-3.026257866753331527e+00
6.868000000000000682e+01,1.011343479932808320e-01,3.998314418747139332e+00,-3.020257866753331744e+00
6.870000000000000284e+01,1.011343479932808320e-01,3.998314418747139332e+00,-3.014257866753331960e+00
6.871999999999999886e+01,1.011343479932808320e-01,3.998314418747139332e+00,-3.008257866753332177e+00
6.873999999999999488e+01,1.011343479932808320e-01,3.998314418747139332e+00,-3.002257866753332394e+00
6.876000000000000512e+01,1.011343479932808320e-01,3.998314418747139332e+00,-2.996257866753332610e+00
6.878000000000000114e+01,1.011343479932808320e-01,3.998314418747139332e+00,-2.990257866753332827e+00
6.879999999999999716e+01,1.011343479932808320e-01,3.998314418747139332e+00,-2.984257866753333044e+00
6.881999999999999318e+01,1.011343479932808320e-01,3.998314418747139332e+00,-2.978257866753333261e+00
6.884000000000000341e+01,1.011343479932808320e-01,3.998314418747139332e+00,-2.972257866753333477e+00
6.885999999999999943e+01,1.011343479932808320e-01,3.998314418747139332e+00,-2.966257866753333694e+00
6.887999999999999545e+01,1.011343479932808320e-01,3.998314418747139332e+00,-2.960257866753333911e+00
6.890000000000000568e+01,1.011343479932808320e-01,3.998314418747139332e+00,-2.954257866753334127e+00
6.892000000000000171e+01,1.011343479932808320e-01,3.998314418747139332e+00,-2.948257866753334344e+00
6.893999999999999773e+01,1.011343479932808320e-01,3.998314418747139332e+00,-2.942257866753334561e+00
6.895999999999999375e+01,1.011343479932808320e-01,3.998314418747139332e+00,-2.936257866753334778e+00
6.898000000000000398e+01,1.011343479932808320e-01,3.998314418747139332e+00,-2.930257866753334994e+00
6.900000000000000000e+01,1.011343479932808320e-01,3.998314418747139332e+00,-2.924257866753335211e+00
6.901999999999999602e+01,1.011343479932808320e-01,3.998314418747139332e+00,-2.918257866753335428e+00
6.904000000000000625e+01,1.011343479932808320e-01,3.998314418747139332e+00,-2.912257866753335644e+00
6.906000000000000227e+01,1.011343479932808320e-01,3.998314418747139332e+00,-2.906257866753335861e+00
6.907999999999999829e+01,1.011343479932808320e-01,3.998314418747139332e+00,-2.900257866753336078e+00
6.909999999999999432e+01,1.011343479932808320e-01,3.998314418747139332e+00,-2.894257866753336295e+00
6.912000000000000455e+01,1.011343479932808320e-01,3.998314418747139332e+00,-2.888257866753336511e+00
6.914000000000000057e+01,1.011343479932808320e-01,3.998314418747139332e+00,-2.882257866753336728e+00
6.915999999999999659e+01,1.011343479932808320e-01,3.998314418747139332e+00,-2.876257866753336945e+00
6.918000000000000682e+01,1.011343479932808320e-01,3.998314418747139332e+00,-2.870257866753337161e+00
6.920000000000000284e+01,1.011343479932808320e-01,3.998314418747139332e+00,-2.864257866753337378e+00
6.921999999999999886e+01,1.011343479932808320e-01,3.998314418747139332e+00,-2.858257866753337595e+00
6.923999999999999488e+01,1.011343479932808320e-01,3.998314418747139332e+00,-2.852257866753337812e+00
6.926000000000000512e+01,1.011343479932808320e-01,3.998314418747139332e+00,-2.846257866753338028e+00
6.928000000000000114e+01,1.011343479932808320e-01,3.998314418747139332e+00,-2.840257866753338245e+00
6.929999999999999716e+01,1.011343479932808320e-01,3.998314418747139332e+00,-2.834257866753338462e+00
6.931999999999999318e+01,1.011343479932808320e-01,3.998314418747139332e+00,-2.828257866753338678e+00
6.934000000000000341e+01,1.011343479932808320e-01,3.998314418747139332e+00,-2.822257866753338895e+00
6.935999999999999943e+01,1.011343479932808320e-01,3.998314418747139332e+00,-2.816257866753339112e+00
6.937999999999999545e+01,1.011343479932808320e-01,3.998314418747139332e+00,-2.810257866753339329e+00
6.940000000000000568e+01,1.011343479932808320e-01,3.998314418747139332e+00,-2.804257866753339545e+00
6.942000000000000171e+01,1.011343479932808320e-01,3.998314418747139332e+00,-2.798257866753339762e+00
6.943999999999999773e+01,1.011343479932808320e-01,3.998314418747139332e+00,-2.792257866753339979e+00
6.945999999999999375e+01,1.011343479932808320e-01,3.998314418747139332e+00,-2.786257866753340195e+00
6.948000000000000398e+01,1.011343479932808320e-01,3.998314418747139332e+00,-2.780257866753340412e+00
6.950000000000000000e+01,1.011343479932808320e-01,3.998314418747139332e+00,-2.774257866753340629e+00
6.951999999999999602e+01,1.011343479932808320e-01,3.998314418747139332e+00,-2.768257866753340846e+00
6.954000000000000625e+01,1.011343479932808320e-01,3.998314418747139332e+00,-2.762257866753341062e+00
6.956000000000000227e+01,1.011343479932808320e-01,3.998314418747139332e+00,-2.756257866753341279e+00
6.957999999999999829e+01,1.011343479932808320e-01,3.998314418747139332e+00,-2.750257866753341496e+00
6.959999999999999432e+01,1.011343479932808320e-01,3.998314418747139332e+00,-2.744257866753341712e+00
6.962000000000000455e+01,1.011343479932808320e-01,3.998314418747139332e+00,-2.738257866753341929e+00
6.964000000000000057e+01,1.011343479932808320e-01,3.998314418747139332e+00,-2.732257866753342146e+00
6.965999999999999659e+01,1.011343479932808320e-01,3.998314418747139332e+00,-2.726257866753342363e+00
6.968000000000000682e+01,1.011343479932808320e-01,3.998314418747139332e+00,-2.720257866753342579e+00
6.970000000000000284e+01,1.011343479932808320e-01,3.998314418747139332e+00,-2.714257866753342796e+00
6.971999999999999886e+01,1.011343479932808320e-01,3.998314418747139332e+00,-2.708257866753343013e+00
6.973999999999999488e+01,1.011343479932808320e-01,3.998314418747139332e+00,-2.702257866753343230e+00
6.976000000000000512e+01,1.011343479932808320e-01,3.998314418747139332e+00,-2.696257866753343446e+00
6.978000000000000114e+01,1.011343479932808320e-01,3.998314418747139332e+00,-2.690257866753343663e+00
6.979999999999999716e+01,1.011343479932808320e-01,3.998314418747139332e+00,-2.684257866753343880e+00
6.981999999999999318e+01,1.011343479932808320e-01,3.998314418747139332e+00,-2.678257866753344096e+00
6.984000000000000341e+01,1.011343479932808320e-01,3.998314418747139332e+00,-2.672257866753344313e+00
6.985999999999999943e+01,1.011343479932808320e-01,3.998314418747139332e+00,-2.666257866753344530e+00
6.987999999999999545e+01,1.011343479932808320e-01,3.998314418747139332e+00,-2.660257866753344747e+00
6.990000000000000568e+01,1.011343479932808320e-01,3.998314418747139332e+00,-2.654257866753344963e+00
6.992000000000000171e+01,1.011343479932808320e-01,3.998314418747139332e+00,-2.648257866753345180e+00
6.993999999999999773e+01,1.011343479932808320e-01,3.998314418747139332e+00,-2.642257866753345397e+00
6.995999999999999375e+01,1.011343479932808320e-01,3.998314418747139332e+00,-2.636257866753345613e+00
6.998000000000000398e+01,1.011343479932808320e-01,3.998314418747139332e+00,-2.630257866753345830e+00
7.000000000000000000e+01,1.011343479932808320e-01,3.998314418747139332e+00,-2.624257866753346047e+00
7.001999999999999602e+01,1.011343479932808320e-01,3.998314418747139332e+00,-2.618257866753346264e+00
7.004000000000000625e+01,1.011343479932808320e-01,3.998314418747139332e+00,-2.612257866753346480e+00
7.006000000000000227e+01,1.011343479932808320e-01,3.998314418747139332e+00,-2.606257866753346697e+00
7.007999999999999829e+01,1.011343479932808320e-01,3.998314418747139332e+00,-2.600257866753346914e+00
7.009999999999999432e+01,1.011343479932808320e-01,3.998314418747139332e+00,-2.594257866753347130e+00
7.012000000000000455e+01,1.011343479932808320e-01,3.998314418747139332e+00,-2.588257866753347347e+00
7.014000000000000057e+01,1.011343479932808320e-01,3.998314418747139332e+00,-2.582257866753347564e+00
7.015999999999999659e+01,1.011343479932808320e-01,3.998314418747139332e+00,-2.576257866753347781e+00
7.018000000000000682e+01,1.011343479932808320e-01,3.998314418747139332e+00,-2.570257866753347997e+00
7.020000000000000284e+01,1.011343479932808320e-01,3.998314418747139332e+00,-2.564257866753348214e+00
7.021999999999999886e+01,1.011343479932808320e-01,3.998314418747139332e+00,-2.558257866753348431e+00
7.023999999999999488e+01,1.011343479932808320e-01,3.998314418747139332e+00,-2.552257866753348647e+00
7.026000000000000512e+01,1.011343479932808320e-01,3.998314418747139332e+00,-2.546257866753348864e+00
7.028000000000000114e+01,1.011343479932808320e-01,3.998314418747139332e+00,-2.540257866753349081e+00
7.029999999999999716e+01,1.011343479932808320e-01,3.998314418747139332e+00,-2.534257866753349298e+00
7.031999999999999318e+01,1.011343479932808320e-01,3.998314418747139332e+00,-2.528257866753349514e+00
7.034000000000000341e+01,1.011343479932808320e-01,3.998314418747139332e+00,-2.522257866753349731e+00
7.035999999999999943e+01,1.011343479932808320e-01,3.998314418747139332e+00,-2.516257866753349948e+00
7.037999999999999545e+01,1.011343479932808320e-01,3.998314418747139332e+00,-2.510257866753350164e+00
7.040000000000000568e+01,1.011343479932808320e-01,3.998314418747139332e+00,-2.504257866753350381e+00
7.042000000000000171e+01,1.011343479932808320e-01,3.998314418747139332e+00,-2.498257866753350598e+00
7.043999999999999773e+01,1.011343479932808320e-01,3.998314418747139332e+00,-2.492257866753350815e+00
7.045999999999999375e+01,1.011343479932808320e-01,3.998314418747139332e+00,-2.486257866753351031e+00
7.048000000000000398e+01,1.011343479932808320e-01,3.998314418747139332e+00,-2.480257866753351248e+00
7.050000000000000000e+01,1.011343479932808320e-01,3.998314418747139332e+00,-2.474257866753351465e+00
7.051999999999999602e+01,1.011343479932808320e-01,3.998314418747139332e+00,-2.468257866753351681e+00
7.054000000000000625e+01,1.011343479932808320e-01,3.998314418747139332e+00,-2.462257866753351898e+00
7.056000000000000227e+01,1.011343479932808320e-01,3.998314418747139332e+00,-2.456257866753352115e+00
7.057999999999999829e+01,1.011343479932808320e-01,3.998314418747139332e+00,-2.450257866753352332e+00
7.059999999999999432e+01,1.011343479932808320e-01,3.998314418747139332e+00,-2.444257866753352548e+00
7.062000000000000455e+01,1.011343479932808320e-01,3.998314418747139332e+00,-2.438257866753352765e+00
7.064000000000000057e+01,1.011343479932808320e-01,3.998314418747139332e+00,-2.432257866753352982e+00
7.065999999999999659e+01,1.011343479932808320e-01,3.998314418747139332e+00,-2.426257866753353198e+00
7.068000000000000682e+01,1.011343479932808320e-01,3.998314418747139332e+00,-2.420257866753353415e+00
7.070000000000000284e+01,1.011343479932808320e-01,3.998314418747139332e+00,-2.414257866753353632e+00
7.071999999999999886e+01,1.011343479932808320e-01,3.998314418747139332e+00,-2.408257866753353849e+00
7.073999999999999488e+01,1.011343479932808320e-01,3.998314418747139332e+00,-2.402257866753354065e+00
7.076000000000000512e+01,1.011343479932808320e-01,3.998314418747139332e+00,-2.396257866753354282e+00
7.078000000000000114e+01,1.011343479932808320e-01,3.998314418747139332e+00,-2.390257866753354499e+00
7.079999999999999716e+01,1.011343479932808320e-01,3.998314418747139332e+00,-2.384257866753354715e+00
7.081999999999999318e+01,1.011343479932808320e-01,3.998314418747139332e+00,-2.378257866753354932e+00
7.084000000000000341e+01,1.011343479932808320e-01,3.998314418747139332e+00,-2.372257866753355149e+00
7.085999999999999943e+01,1.011343479932808320e-01,3.998314418747139332e+00,-2.366257866753355366e+00
7.087999999999999545e+01,1.011343479932808320e-01,3.998314418747139332e+00,-2.360257866753355582e+00
7.090000000000000568e+01,1.011343479932808320e-01,3.998314418747139332e+00,-2.354257866753355799e+00
7.092000000000000171e+01,1.011343479932808320e-01,3.998314418747139332e+00,-2.348257866753356016e+00
7.093999999999999773e+01,1.011343479932808320e-01,3.998314418747139332e+00,-2.342257866753356232e+00
7.095999999999999375e+01,1.011343479932808320e-01,3.998314418747139332e+00,-2.336257866753356449e+00
7.098000000000000398e+01,1.011343479932808320e-01,3.998314418747139332e+00,-2.330257866753356666e+00
7.100000000000000000e+01,1.011343479932808320e-01,3.998314418747139332e+00,-2.324257866753356883e+00
7.101999999999999602e+01,1.011343479932808320e-01,3.998314418747139332e+00,-2.318257866753357099e+00
7.104000000000000625e+01,1.011343479932808320e-01,3.998314418747139332e+00,-2.312257866753357316e+00
7.106000000000000227e+01,1.011343479932808320e-01,3.998314418747139332e+00,-2.306257866753357533e+00
7.107999999999999829e+01,1.011343479932808320e-01,3.998314418747139332e+00,-2.300257866753357749e+00
7.109999999999999432e+01,1.011343479932808320e-01,3.998314418747139332e+00,-2.294257866753357966e+00
7.112000000000000455e+01,1.011343479932808320e-01,3.998314418747139332e+00,-2.288257866753358183e+00
7.114000000000000057e+01,1.011343479932808320e-01,3.998314418747139332e+00,-2.282257866753358400e+00
7.115999999999999659e+01,1.011343479932808320e-01,3.998314418747139332e+00,-2.276257866753358616e+00
7.118000000000000682e+01,1.011343479932808320e-01,3.998314418747139332e+00,-2.270257866753358833e+00
7.120000000000000284e+01,1.011343479932808320e-01,3.998314418747139332e+00,-2.264257866753359050e+00
7.121999999999999886e+01,1.011343479932808320e-01,3.998314418747139332e+00,-2.258257866753359266e+00
7.123999999999999488e+01,1.011343479932808320e-01,3.998314418747139332e+00,-2.252257866753359483e+00
7.126000000000000512e+01,1.011343479932808320e-01,3.998314418747139332e+00,-2.246257866753359700e+00
7.128000000000000114e+01,1.011343479932808320e-01,3.998314418747139332e+00,-2.240257866753359917e+00
7.129999999999999716e+01,1.011343479932808320e-01,3.998314418747139332e+00,-2.234257866753360133e+00
7.131999999999999318e+01,1.011343479932808320e-01,3.998314418747139332e+00,-2.228257866753360350e+00
7.134000000000000341e+01,1.011343479932808320e-01,3.998314418747139332e+00,-2.222257866753360567e+00
7.135999999999999943e+01,1.011343479932808320e-01,3.998314418747139332e+00,-2.216257866753360783e+00
7.137999999999999545e+01,1.011343479932808320e-01,3.998314418747139332e+00,-2.210257866753361000e+00
7.140000000000000568e+01,1.011343479932808320e-01,3.998314418747139332e+00,-2.204257866753361217e+00
7.142000000000000171e+01,1.011343479932808320e-01,3.998314418747139332e+00,-2.198257866753361434e+00
7.143999999999999773e+01,1.011343479932808320e-01,3.998314418747139332e+00,-2.192257866753361650e+00
7.145999999999999375e+01,1.011343479932808320e-01,3.998314418747139332e+00,-2.186257866753361867e+00
7.148000000000000398e+01,1.011343479932808320e-01,3.998314418747139332e+00,-2.180257866753362084e+00
7.150000000000000000e+01,1.011343479932808320e-01,3.998314418747139332e+00,-2.174257866753362300e+00
7.151999999999999602e+01,1.011343479932808320e-01,3.998314418747139332e+00,-2.168257866753362517e+00
7.154000000000000625e+01,1.011343479932808320e-01,3.998314418747139332e+00,-2.162257866753362734e+00
7.156000000000000227e+01,1.011343479932808320e-01,3.998314418747139332e+00,-2.156257866753362951e+00
7.157999999999999829e+01,1.011343479932808320e-01,3.998314418747139332e+00,-2.150257866753363167e+00
7.159999999999999432e+01,1.011343479932808320e-01,3.998314418747139332e+00,-2.144257866753363384e+00
7.162000000000000455e+01,1.011343479932808320e-01,3.998314418747139332e+00,-2.138257866753363601e+00
7.164000000000000057e+01,1.011343479932808320e-01,3.998314418747139332e+00,-2.132257866753363817e+00
7.165999999999999659e+01,1.011343479932808320e-01,3.998314418747139332e+00,-2.126257866753364034e+00
7.168000000000000682e+01,1.011343479932808320e-01,3.998314418747139332e+00,-2.120257866753364251e+00
7.170000000000000284e+01,1.011343479932808320e-01,3.998314418747139332e+00,-2.114257866753364468e+00
7.171999999999999886e+01,1.011343479932808320e-01,3.998314418747139332e+00,-2.108257866753364684e+00
7.173999999999999488e+01,1.011343479932808320e-01,3.998314418747139332e+00,-2.102257866753364901e+00
7.176000000000000512e+01,1.011343479932808320e-01,3.998314418747139332e+00,-2.096257866753365118e+00
7.178000000000000114e+01,1.011343479932808320e-01,3.998314418747139332e+00,-2.090257866753365334e+00
7.179999999999999716e+01,1.011343479932808320e-01,3.998314418747139332e+00,-2.084257866753365551e+00
7.181999999999999318e+01,1.011343479932808320e-01,3.998314418747139332e+00,-2.078257866753365768e+00
7.184000000000000341e+01,1.011343479932808320e-01,3.998314418747139332e+00,-2.072257866753365985e+00
7.185999999999999943e+01,1.011343479932808320e-01,3.998314418747139332e+00,-2.066257866753366201e+00
7.187999999999999545e+01,1.011343479932808320e-01,3.998314418747139332e+00,-2.060257866753366418e+00
7.190000000000000568e+01,1.011343479932808320e-01,3.998314418747139332e+00,-2.054257866753366635e+00
7.192000000000000171e+01,1.011343479932808320e-01,3.998314418747139332e+00,-2.048257866753366851e+00
7.193999999999999773e+01,1.011343479932808320e-01,3.998314418747139332e+00,-2.042257866753367068e+00
7.195999999999999375e+01,1.011343479932808320e-01,3.998314418747139332e+00,-2.036257866753367285e+00
7.198000000000000398e+01,1.011343479932808320e-01,3.998314418747139332e+00,-2.030257866753367502e+00
7.200000000000000000e+01,1.011343479932808320e-01,3.998314418747139332e+00,-2.024257866753367718e+00
7.201999999999999602e+01,1.011343479932808320e-01,3.998314418747139332e+00,-2.018257866753367935e+00
7.204000000000000625e+01,1.011343479932808320e-01,3.998314418747139332e+00,-2.012257866753368152e+00
7.206000000000000227e+01,1.011343479932808320e-01,3.998314418747139332e+00,-2.006257866753368369e+00
7.207999999999999829e+01,1.011343479932808320e-01,3.998314418747139332e+00,-2.000257866753368585e+00
7.209999999999999432e+01,1.011343479932808320e-01,3.998314418747139332e+00,-1.994257866753368802e+00
7.212000000000000455e+01,1.011343479932808320e-01,3.998314418747139332e+00,-1.988257866753368575e+00
7.214000000000000057e+01,1.011343479932808320e-01,3.998314418747139332e+00,-1.982257866753368347e+00
7.215999999999999659e+01,1.011343479932808320e-01,3.998314418747139332e+00,-1.976257866753368564e+00
7.218000000000000682e+01,1.011343479932808320e-01,3.998314418747139332e+00,-1.970257866753368337e+00
7.220000000000000284e+01,1.011343479932808320e-01,3.998314418747139332e+00,-1.964257866753368553e+00
7.221999999999999886e+01,1.011343479932808320e-01,3.998314418747139332e+00,-1.958257866753368326e+00
7.223999999999999488e+01,1.011343479932808320e-01,3.998314418747139332e+00,-1.952257866753368765e+00
7.226000000000000512e+01,1.011343479932808320e-01,3.998314418747139332e+00,-1.946257866753368315e+00
7.228000000000000114e+01,1.011343479932808320e-01,3.998314418747139332e+00,-1.940257866753368532e+00
7.229999999999999716e+01,1.011343479932808320e-01,3.998314418747139332e+00,-1.934257866753368527e+00
7.231999999999999318e+01,1.011343479932808320e-01,3.998314418747139332e+00,-1.928257866753368299e+00
7.234000000000000341e+01,1.011343479932808320e-01,3.998314418747139332e+00,-1.922257866753368294e+00
7.235999999999999943e+01,1.011343479932808320e-01,3.998314418747139332e+00,-1.916257866753368511e+00
7.237999999999999545e+01,1.011343479932808320e-01,3.998314418747139332e+00,-1.910257866753368505e+00
7.240000000000000568e+01,1.011343479932808320e-01,3.998314418747139332e+00,-1.904257866753368500e+00
7.242000000000000171e+01,1.011343479932808320e-01,3.998314418747139332e+00,-1.898257866753368495e+00
7.243999999999999773e+01,1.011343479932808320e-01,3.998314418747139332e+00,-1.892257866753368267e+00
7.245999999999999375e+01,1.011343479932808320e-01,3.998314418747139332e+00,-1.886257866753368484e+00
7.248000000000000398e+01,1.011343479932808320e-01,3.998314418747139332e+00,-1.880257866753368479e+00
7.250000000000000000e+01,1.011343479932808320e-01,3.998314418747139332e+00,-1.874257866753368473e+00
7.251999999999999602e+01,1.011343479932808320e-01,3.998314418747139332e+00,-1.868257866753368468e+00
7.254000000000000625e+01,1.011343479932808320e-01,3.998314418747139332e+00,-1.862694413024895468e+00
7.256000000000000227e+01,1.011343479932808320e-01,3.998314418747139332e+00,-1.857130959296422468e+00
7.257999999999999829e+01,1.011343479932808320e-01,3.998314418747139332e+00,-1.851567505567949246e+00
7.259999999999999432e+01,1.011343479932808320e-01,3.998314418747139332e+00,-1.846004051839476690e+00
7.262000000000000455e+01,1.011343479932808320e-01,3.998314418747139332e+00,-1.840440598111003467e+00
7.264000000000000057e+01,1.011343479932808320e-01,3.998314418747139332e+00,-1.835442220680808312e+00
7.265999999999999659e+01,1.011343479932808320e-01,3.998314418747139332e+00,-1.830443843250613378e+00
7.268000000000000682e+01,1.011343479932808320e-01,3.998314418747139332e+00,-1.825445465820418001e+00
7.270000000000000284e+01,1.011343479932808320e-01,3.998314418747139332e+00,-1.820447088390222845e+00
7.271999999999999886e+01,1.011343479932808320e-01,3.998314418747139332e+00,-1.815448710960027912e+00
7.273999999999999488e+01,1.011343479932808320e-01,3.998314418747139332e+00,-1.810961472798817473e+00
7.276000000000000512e+01,1.011343479932808320e-01,3.998314418747139332e+00,-1.806474234637607479e+00
7.278000000000000114e+01,1.011343479932808320e-01,3.998314418747139332e+00,-1.801986996476397929e+00
7.279999999999999716e+01,1.011343479932808320e-01,3.998314418747139332e+00,-1.797499758315187712e+00
7.281999999999999318e+01,1.011343479932808320e-01,3.998314418747139332e+00,-1.793012520153977940e+00
7.284000000000000341e+01,1.011343479932808320e-01,3.998314418747139332e+00,-1.788984228594268533e+00
7.285999999999999943e+01,1.011343479932808320e-01,3.998314418747139332e+00,-1.784955937034559570e+00
7.287999999999999545e+01,1.011343479932808320e-01,3.998314418747139332e+00,-1.780927645474850163e+00
7.290000000000000568e+01,1.011343479932808320e-01,3.998314418747139332e+00,-1.776899353915140978e+00
7.292000000000000171e+01,1.011343479932808320e-01,3.998314418747139332e+00,-1.772871062355431793e+00
7.293999999999999773e+01,1.003386260131489405e-01,3.994394366567171950e+00,-1.769254778883723400e+00
7.295999999999999375e+01,9.955708522504974622e-02,3.990471462469456831e+00,-1.765638495412015230e+00
7.298000000000000398e+01,9.878973584957667642e-02,3.986545757755740382e+00,-1.762022211940306837e+00
7.300000000000000000e+01,9.803658792173480796e-02,3.982617303764394379e+00,-1.758405928468598001e+00
7.301999999999999602e+01,9.729765129081022201e-02,3.978686151869744503e+00,-1.754789644996889608e+00
7.304000000000000625e+01,9.657223472309407752e-02,3.974752482255576869e+00,-1.751529675970419975e+00
7.306000000000000227e+01,9.585964562840872116e-02,3.970816468712373926e+00,-1.748269706943949897e+00
7.307999999999999829e+01,9.515989157971552204e-02,3.966878153069681279e+00,-1.745009737917480264e+00
7.309999999999999432e+01,9.447298001357243291e-02,3.962937577181509408e+00,-1.741749768891010186e+00
7.312000000000000455e+01,9.379891823005601093e-02,3.958994782925890021e+00,-1.738489799864540553e+00
7.314000000000000057e+01,9.313708690019235903e-02,3.955049916927231290e+00,-1.735547423313698712e+00
7.315999999999999659e+01,9.248686569971784066e-02,3.951103120650880207e+00,-1.732605046762856871e+00
7.318000000000000682e+01,9.184826025796988258e-02,3.947154428266516302e+00,-1.729662670212015030e+00
7.320000000000000284e+01,9.122127610372225692e-02,3.943203873960233974e+00,-1.726720293661173189e+00
7.321999999999999886e+01,9.060591866513628689e-02,3.939251491934247618e+00,-1.723777917110331126e+00
7.323999999999999488e+01,9.000162681840122303e-02,3.935297402663758159e+00,-1.721122031192984014e+00
7.326000000000000512e+01,8.940783870058434391e-02,3.931341722410480966e+00,-1.718466145275636681e+00
7.328000000000000114e+01,8.882455850010401166e-02,3.927384479076699630e+00,-1.715810259358289347e+00
7.329999999999999716e+01,8.825179033125879480e-02,3.923425700575724040e+00,-1.713154373440942013e+00
7.331999999999999318e+01,8.768953823419858851e-02,3.919465414831692307e+00,-1.710498487523594680e+00
7.334000000000000341e+01,8.713729405124463756e-02,3.915503720913777297e+00,-1.708101121834032066e+00
7.335999999999999943e+01,8.659454907523696232e-02,3.911540714450513434e+00,-1.705703756144469452e+00
7.337999999999999545e+01,8.606130642552642374e-02,3.907576418218723813e+00,-1.703306390454906838e+00
7.340000000000000568e+01,8.553756916685015255e-02,3.903610855002643820e+00,-1.700909024765344002e+00
7.342000000000000171e+01,8.502287758163933062e-02,3.899644107427133743e+00,-1.698744949127890536e+00
7.343999999999999773e+01,8.451677153672369769e-02,3.895676255309551195e+00,-1.696580873490436847e+00
7.345999999999999375e+01,8.401925340230964601e-02,3.891707317232227403e+00,-1.694416797852982937e+00
7.348000000000000398e+01,8.353032550838511427e-02,3.887737311782577976e+00,-1.692252722215529470e+00
7.350000000000000000e+01,8.304999014470751395e-02,3.883766257553018075e+00,-1.690088646578075782e+00
7.351999999999999602e+01,8.257824956079409806e-02,3.879794173140874936e+00,-1.687924570940622093e+00
7.354000000000000625e+01,8.211469703762924732e-02,3.875821124695995490e+00,-1.685966336967257950e+00
7.356000000000000227e+01,8.165892555672206454e-02,3.871847176125079670e+00,-1.684008102993893363e+00
7.357999999999999829e+01,8.121093686580993509e-02,3.867872342666944796e+00,-1.682049869020528998e+00
7.359999999999999432e+01,8.077073268278595064e-02,3.863896639563801916e+00,-1.680091635047164411e+00
7.362000000000000455e+01,8.033831469569185924e-02,3.859920082061196300e+00,-1.678133401073800268e+00
7.364000000000000057e+01,7.991330601113345866e-02,3.855942725721765107e+00,-1.676365513185936074e+00
7.365999999999999659e+01,7.949532950717727586e-02,3.851964624230487466e+00,-1.674597625298071657e+00
7.368000000000000682e+01,7.908438649017848765e-02,3.847985790020628460e+00,-1.672829737410207684e+00
7.370000000000000284e+01,7.868047824450895289e-02,3.844006235527742898e+00,-1.671061849522343490e+00
7.371999999999999886e+01,7.828360603255471450e-02,3.840025973189637121e+00,-1.669293961634479295e+00
7.373999999999999488e+01,7.789342894861615851e-02,3.836045048868970131e+00,-1.667697961094457781e+00
7.376000000000000512e+01,7.750960591627890917e-02,3.832063506895869942e+00,-1.666101960554436268e+00
7.378000000000000114e+01,7.713213791322369450e-02,3.828081357412189245e+00,-1.664505960014414754e+00
7.379999999999999716e+01,7.676102590094283085e-02,3.824098610561327494e+00,-1.662909959474393240e+00
7.381999999999999318e+01,7.639627082473970932e-02,3.820115276488205591e+00,-1.661313958934371948e+00
7.384000000000000341e+01,7.603756458886441749e-02,3.816131393072716094e+00,-1.659873091822757551e+00
7.385999999999999943e+01,7.568459896994708669e-02,3.812146996944852706e+00,-1.658432224711143821e+00
7.387999999999999545e+01,7.533737470077907228e-02,3.808162096376611405e+00,-1.656991357599530090e+00
7.390000000000000568e+01,7.499589250223233361e-02,3.804176699641034887e+00,-1.655550490487915916e+00
7.392000000000000171e+01,7.466015308325635313e-02,3.800190815012196133e+00,-1.654109623376302185e+00
7.393999999999999773e+01,7.432987806175388179e-02,3.796204473813316937e+00,-1.652808770891826429e+00
7.395999999999999375e+01,7.400478896009021756e-02,3.792217706348353534e+00,-1.651507918407350672e+00
7.398000000000000398e+01,7.368488632838596231e-02,3.788230519363781745e+00,-1.650207065922874472e+00
7.400000000000000000e+01,7.337017070798616813e-02,3.784242919606786604e+00,-1.648906213438399160e+00
7.401999999999999602e+01,7.306039064014847872e-02,3.780254933339211476e+00,-1.647731733835006596e+00
7.404000000000000625e+01,7.275529459341924243e-02,3.776266585991867153e+00,-1.646557254231614476e+00
7.406000000000000227e+01,7.245488298864882770e-02,3.772277883066288862e+00,-1.645382774628222577e+00
7.407999999999999829e+01,7.215915624022560537e-02,3.768288830064502104e+00,-1.644208295024830457e+00
7.409999999999999432e+01,7.186811475607594868e-02,3.764299432489015107e+00,-1.643033815421438337e+00
7.412000000000000455e+01,7.158175893766272058e-02,3.760309695842811717e+00,-1.641859335818046439e+00
7.414000000000000057e+01,7.129986668313637033e-02,3.756319641300535750e+00,-1.640796380245708397e+00
7.415999999999999659e+01,7.102221583777219849e-02,3.752329289373503407e+00,-1.639733424673370799e+00
7.418000000000000682e+01,7.074880671528116505e-02,3.748338644570311740e+00,-1.638670469101032756e+00
7.420000000000000284e+01,7.047963962458096698e-02,3.744347711399888201e+00,-1.637607513528694714e+00
7.421999999999999886e+01,7.021471486979684318e-02,3.740356494371486651e+00,-1.636544557956357338e+00
7.423999999999999488e+01,6.995382689444558377e-02,3.736365011409477965e+00,-1.635584748610012351e+00
7.426000000000000512e+01,6.969677010132811767e-02,3.732373279883335115e+00,-1.634624939263667587e+00
7.428000000000000114e+01,6.944354472725394745e-02,3.728381303470376995e+00,-1.633665129917323044e+00
7.429999999999999716e+01,6.919415100550273257e-02,3.724389085848147207e+00,-1.632705320570978280e+00
7.431999999999999318e+01,6.894858916582478903e-02,3.720396630694412288e+00,-1.631745511224633072e+00
7.434000000000000341e+01,6.870667345375780499e-02,3.716403952922939347e+00,-1.630878861765997501e+00
7.435999999999999943e+01,6.846821808413516841e-02,3.712411066994784736e+00,-1.630012212307361263e+00
7.437999999999999545e+01,6.823322323605768291e-02,3.708417975908929520e+00,-1.629145562848725248e+00
7.440000000000000568e+01,6.800168908602460816e-02,3.704424682664510193e+00,-1.628278913390089233e+00
7.442000000000000171e+01,6.777361580793721252e-02,3.700431190260813796e+00,-1.627412263931453218e+00
7.443999999999999773e+01,6.754883564907679383e-02,3.696437511122017128e+00,-1.626629708621594617e+00
7.445999999999999375e+01,6.732718083354063965e-02,3.692443657303182025e+00,-1.625847153311736015e+00
7.448000000000000398e+01,6.710865149706743416e-02,3.688449631250115157e+00,-1.625064598001877414e+00
7.450000000000000000e+01,6.689324777348401585e-02,3.684455435408729773e+00,-1.624282042692018813e+00
7.451999999999999602e+01,6.668096979470136687e-02,3.680461072225042152e+00,-1.623499487382160433e+00
7.454000000000000625e+01,6.647166607409581152e-02,3.676466552067783944e+00,-1.622792843811256658e+00
7.456000000000000227e+01,6.626518510750134539e-02,3.672471885004731540e+00,-1.622086200240353548e+00
7.457999999999999829e+01,6.606152699802186889e-02,3.668477073030602220e+00,-1.621379556669450217e+00
7.459999999999999432e+01,6.586069184735421356e-02,3.664482118140186095e+00,-1.620672913098547108e+00
7.462000000000000455e+01,6.566267975578370109e-02,3.660487022328344331e+00,-1.619966269527643554e+00
7.464000000000000057e+01,6.546735392993865976e-02,3.656491794264911999e+00,-1.619328153400782400e+00
7.465999999999999659e+01,6.527457756314683501e-02,3.652496442374341790e+00,-1.618690037273921911e+00
7.468000000000000682e+01,6.508435073390377024e-02,3.648500968283509227e+00,-1.618051921147060979e+00
7.470000000000000284e+01,6.489667351966943443e-02,3.644505373619340460e+00,-1.617413805020199824e+00
7.471999999999999886e+01,6.471154599686337883e-02,3.640509660008810044e+00,-1.616775688893338891e+00
7.473999999999999488e+01,6.452884464282857002e-02,3.636513834715772830e+00,-1.616199436022593749e+00
7.476000000000000512e+01,6.434844592479703473e-02,3.632517904804003273e+00,-1.615623183151848608e+00
7.478000000000000114e+01,6.417034990267292405e-02,3.628521871600419058e+00,-1.615046930281103243e+00
7.479999999999999716e+01,6.399455663559669438e-02,3.624525736431972511e+00,-1.614470677410358546e+00
7.481999999999999318e+01,6.382106618194352543e-02,3.620529500625649710e+00,-1.613894424539613182e+00
7.484000000000000341e+01,6.364976700371816065e-02,3.616533170280140208e+00,-1.613374020456105118e+00
7.485999999999999943e+01,6.348054755522597459e-02,3.612536751330986728e+00,-1.612853616372597054e+00
7.487999999999999545e+01,6.331340788229383731e-02,3.608540244860501289e+00,-1.612333212289088991e+00
7.490000000000000568e+01,6.314834803018706810e-02,3.604543651951019001e+00,-1.611812808205580927e+00
7.492000000000000171e+01,6.298536804360865826e-02,3.600546973684898955e+00,-1.611292404122073085e+00
7.493999999999999773e+01,6.282436720693744536e-02,3.596550215193810907e+00,-1.610822420583938763e+00
7.495999999999999375e+01,6.266524479867492670e-02,3.592553381476394136e+00,-1.610352437045804663e+00
7.498000000000000398e+01,6.250800085396869543e-02,3.588556473415486892e+00,-1.609882453507670563e+00
7.500000000000000000e+01,6.235263540755245359e-02,3.584559491893944294e+00,-1.609412469969536463e+00
7.501999999999999602e+01,6.219914849374322263e-02,3.580562437794637898e+00,-1.608942486431402363e+00
7.504000000000000625e+01,6.204744916912983965e-02,3.576565315445410231e+00,-1.608518024150693559e+00
7.506000000000000227e+01,6.189744648579902087e-02,3.572568129065620379e+00,-1.608093561869984978e+00
7.507999999999999829e+01,6.174914047077826457e-02,3.568570879375434490e+00,-1.607669099589275952e+00
7.509999999999999432e+01,6.160253115078644093e-02,3.564573567095029816e+00,-1.607244637308567148e+00
7.512000000000000455e+01,6.145761855223795533e-02,3.560576192944594709e+00,-1.606820175027858566e+00
7.514000000000000057e+01,6.131432055525913583e-02,3.556578760582677745e+00,-1.606436812005645587e+00
7.515999999999999659e+01,6.117255503652618137e-02,3.552581273579354715e+00,-1.606053448983432386e+00
7.518000000000000682e+01,6.103232201687067149e-02,3.548583732522125000e+00,-1.605670085961219407e+00
7.520000000000000284e+01,6.089362151690408398e-02,3.544586137998496422e+00,-1.605286722939006427e+00
7.521999999999999886e+01,6.075645355700969030e-02,3.540588490595983906e+00,-1.604903359916793448e+00
7.523999999999999488e+01,6.062074398401626901e-02,3.536590793414862599e+00,-1.604557104835945713e+00
7.526000000000000512e+01,6.048641864208932628e-02,3.532593049483260472e+00,-1.604210849755097978e+00
7.528000000000000114e+01,6.035347754733639408e-02,3.528595259280476792e+00,-1.603864594674250244e+00
7.529999999999999716e+01,6.022192071569443250e-02,3.524597423285817488e+00,-1.603518339593402731e+00
7.531999999999999318e+01,6.009174816293623433e-02,3.520599541978592928e+00,-1.603172084512554774e+00
7.534000000000000341e+01,5.996289292879106170e-02,3.516601617992544337e+00,-1.602859334691893345e+00
7.535999999999999943e+01,5.983528805093858705e-02,3.512603653902568457e+00,-1.602546584871232138e+00
7.537999999999999545e+01,5.970893354185592000e-02,3.508605650099716033e+00,-1.602233835050570487e+00
7.540000000000000568e+01,5.958382941390656662e-02,3.504607606975041367e+00,-1.601921085229909059e+00
7.542000000000000171e+01,5.945997567932481687e-02,3.500609524919603199e+00,-1.601608335409247408e+00
7.543999999999999773e+01,5.933731187201119611e-02,3.496611406176498793e+00,-1.601325838871618501e+00
7.545999999999999375e+01,5.921577752427854835e-02,3.492613252940827362e+00,-1.601043342333989372e+00
7.548000000000000398e+01,5.909537264582621907e-02,3.488615065531659010e+00,-1.600760845796360243e+00
7.550000000000000000e+01,5.897609724626394490e-02,3.484616844268066060e+00,-1.600478349258731114e+00
7.551999999999999602e+01,5.885795133510871024e-02,3.480618589469123947e+00,-1.600195852721101764e+00
7.554000000000000625e+01,5.874088030953721756e-02,3.476620303050148575e+00,-1.599940673971940841e+00
7.556000000000000227e+01,5.862482956549332908e-02,3.472621986887312495e+00,-1.599685495222779252e+00
7.557999999999999829e+01,5.850979911053345167e-02,3.468623641240970557e+00,-1.599430316473617886e+00
7.559999999999999432e+01,5.839578895214786458e-02,3.464625266371479828e+00,-1.599175137724456297e+00
7.562000000000000455e+01,5.828279909776071244e-02,3.460626862539199156e+00,-1.598919958975294930e+00
7.564000000000000057e+01,5.817078023821378036e-02,3.456628431383824473e+00,-1.598689448127921686e+00
7.565999999999999659e+01,5.805968306338782359e-02,3.452629974513116373e+00,-1.598458937280547998e+00
7.568000000000000682e+01,5.794950757918577305e-02,3.448631492139534238e+00,-1.598228426433174532e+00
7.570000000000000284e+01,5.784025379146239682e-02,3.444632984475538340e+00,-1.597997915585801287e+00
7.571999999999999886e+01,5.773192170602429313e-02,3.440634451733590282e+00,-1.597767404738427821e+00
7.573999999999999488e+01,5.762446679312104025e-02,3.436635895321100254e+00,-1.597559169658060441e+00
7.576000000000000512e+01,5.751784452225786048e-02,3.432637316619420620e+00,-1.597350934577693726e+00
7.578000000000000114e+01,5.741205489805617512e-02,3.428638715801936687e+00,-1.597142699497326124e+00
7.579999999999999716e+01,5.730709792510754047e-02,3.424640093042035538e+00,-1.596934464416958965e+00
7.581999999999999318e+01,5.720297360795659897e-02,3.420641448513104699e+00,-1.596726229336592029e+00
7.584000000000000341e+01,5.709964173201005633e-02,3.416642783426325103e+00,-1.596538110507296437e+00
7.585999999999999943e+01,5.699706208207908770e-02,3.412644098971627571e+00,-1.596349991678000846e+00
7.587999999999999545e+01,5.689523466179914613e-02,3.408645395290520685e+00,-1.596161872848705254e+00
7.590000000000000568e+01,5.679415947477264165e-02,3.404646672524513473e+00,-1.595973754019409663e+00
7.592000000000000171e+01,5.669383652457365280e-02,3.400647930815115405e+00,-1.595785635190114071e+00
7.593999999999999773e+01,5.659422949263797492e-02,3.396649171207350548e+00,-1.595615683037951094e+00
7.595999999999999375e+01,5.649530205993819748e-02,3.392650394728905727e+00,-1.595445730885788560e+00
7.598000000000000398e+01,5.639705422933034840e-02,3.388651601495280996e+00,-1.595275778733625804e+00
7.600000000000000000e+01,5.629948600365478756e-02,3.384652791621975965e+00,-1.595105826581463049e+00
7.601999999999999602e+01,5.620259738573097491e-02,3.380653965224491131e+00,-1.594935874429300293e+00
7.604000000000000625e+01,5.610638837835484061e-02,3.376655122418327881e+00,-1.594765922277137316e+00
7.606000000000000227e+01,5.601082618047743822e-02,3.372656264101898227e+00,-1.594612376708963941e+00
7.607999999999999829e+01,5.591587799069993453e-02,3.368657391159455727e+00,-1.594458831140790345e+00
7.609999999999999432e+01,5.582154381125513376e-02,3.364658503685278301e+00,-1.594305285572616748e+00
7.612000000000000455e+01,5.572779335865923889e-02,3.360659602482809039e+00,-1.594166887010372236e+00
7.614000000000000057e+01,5.563459634913440338e-02,3.356660688343709786e+00,-1.594028488448128167e+00
7.615999999999999659e+01,5.554195278447111167e-02,3.352661761344576608e+00,-1.593890089885883876e+00
7.618000000000000682e+01,5.544986266643740086e-02,3.348662821562005121e+00,-1.593751691323639363e+00
7.620000000000000284e+01,5.535832599680130806e-02,3.344663869072591833e+00,-1.593613292761395517e+00
7.621999999999999886e+01,5.526734277731801953e-02,3.340664903952933695e+00,-1.593474894199151004e+00
7.623999999999999488e+01,5.517688690884432756e-02,3.336665926869362142e+00,-1.593349549407086840e+00
7.626000000000000512e+01,5.508693229203251440e-02,3.332666938479032837e+00,-1.593224204615022455e+00
7.628000000000000114e+01,5.499747892829621315e-02,3.328667938844775520e+00,-1.593098859822958735e+00
7.629999999999999716e+01,5.490852681903842653e-02,3.324668928029419934e+00,-1.592973515030894349e+00
7.631999999999999318e+01,5.482005181006650851e-02,3.320669906629669654e+00,-1.592860250981340764e+00
7.634000000000000341e+01,5.473202974702454787e-02,3.316670875234532634e+00,-1.592746986931786957e+00
7.635999999999999943e+01,5.464446063103390455e-02,3.312671833895311835e+00,-1.592633722882233815e+00
7.637999999999999545e+01,5.455734446321985898e-02,3.308672782663309775e+00,-1.592520458832680008e+00
7.640000000000000568e+01,5.447068124470376416e-02,3.304673721589828972e+00,-1.592407194783126423e+00
7.642000000000000171e+01,5.438447097659129814e-02,3.300674650726172832e+00,-1.592293930733572838e+00
7.643999999999999773e+01,5.429869231430778376e-02,3.296675570581056203e+00,-1.592191341976508800e+00
7.645999999999999375e+01,5.421332391313466587e-02,3.292676481657057508e+00,-1.592088753219444763e+00
7.648000000000000398e+01,5.412836577397667909e-02,3.288677383996264414e+00,-1.591986164462380504e+00
7.650000000000000000e+01,5.404381789771689482e-02,3.284678277640765920e+00,-1.591883575705316689e+00
7.651999999999999602e+01,5.395968028525571780e-02,3.280679162632650137e+00,-1.591780986948252652e+00
7.654000000000000625e+01,5.387595293747622638e-02,3.276680039014005175e+00,-1.591678398191188615e+00
7.656000000000000227e+01,5.379261609910539893e-02,3.272680907238238568e+00,-1.591585689650431679e+00
7.657999999999999829e+01,5.370965001476078055e-02,3.268681767753621070e+00,-1.591492981109674965e+00
7.659999999999999432e+01,5.362705468516090063e-02,3.264682620594525186e+00,-1.591400272568917584e+00
7.662000000000000455e+01,5.354483011100991813e-02,3.260683465795322977e+00,-1.591307564028160870e+00
7.664000000000000057e+01,5.346295803979122380e-02,3.256684303763763388e+00,-1.591223984010423642e+00
7.665999999999999659e+01,5.338142021889238226e-02,3.252685134903302799e+00,-1.591140403992686414e+00
7.668000000000000682e+01,5.330021664888192484e-02,3.248685959241878418e+00,-1.591056823974949408e+00
7.670000000000000284e+01,5.321934733032836901e-02,3.244686776807426121e+00,-1.590973243957211736e+00
7.671999999999999886e+01,5.313881226379493783e-02,3.240687587627883559e+00,-1.590889663939474730e+00
7.673999999999999488e+01,5.305859534861830790e-02,3.236688392053901797e+00,-1.590814136151984304e+00
7.676000000000000512e+01,5.297868048406536440e-02,3.232689190432720405e+00,-1.590738608364494544e+00
7.678000000000000114e+01,5.289906767058296516e-02,3.228689982787152690e+00,-1.590663080577003896e+00
7.679999999999999716e+01,5.281975690864150474e-02,3.224690769140011959e+00,-1.590587552789513914e+00
7.681999999999999318e+01,5.274074819868196373e-02,3.220691549514111518e+00,-1.590512025002023710e+00
7.684000000000000341e+01,5.266202700442798590e-02,3.216692324218217713e+00,-1.590443766984762863e+00
7.685999999999999943e+01,5.258357878954583037e-02,3.212693093558288027e+00,-1.590375508967502682e+00
7.687999999999999545e+01,5.250540355439984458e-02,3.208693857552955109e+00,-1.590307250950241835e+00
7.690000000000000568e+01,5.242750129936086384e-02,3.204694616220852499e+00,-1.590238992932980988e+00
7.692000000000000171e+01,5.234987202478021823e-02,3.200695369580612848e+00,-1.590170734915720585e+00
7.693999999999999773e+01,5.227250259872356225e-02,3.196696117904755052e+00,-1.590109044278710249e+00
7.695999999999999375e+01,5.219537988920330829e-02,3.192696861463538038e+00,-1.590047353641699912e+00
7.698000000000000398e+01,5.211850389650019011e-02,3.188697600272182076e+00,-1.589985663004689576e+00
7.700000000000000000e+01,5.204187462091656308e-02,3.184698334345907433e+00,-1.589923972367679239e+00
7.701999999999999602e+01,5.196549206274036353e-02,3.180699063699933493e+00,-1.589862281730669125e+00
7.704000000000000625e+01,5.188934435809645918e-02,3.176699788575247485e+00,-1.589806524248823294e+00
7.706000000000000227e+01,5.181341964308852632e-02,3.172700509210973685e+00,-1.589750766766977241e+00
7.707999999999999829e+01,5.173771791793956715e-02,3.168701225619545703e+00,-1.589695009285131411e+00
7.709999999999999432e+01,5.166223918288852940e-02,3.164701937813397148e+00,-1.589639251803285802e+00
7.712000000000000455e+01,5.158698343818231280e-02,3.160702645804960742e+00,-1.589583494321439749e+00
7.714000000000000057e+01,5.151193996516105489e-02,3.156703349807698178e+00,-1.589533097218116753e+00
7.715999999999999659e+01,5.143709804517047901e-02,3.152704050033540817e+00,-1.589482700114793756e+00
7.718000000000000682e+01,5.136245767840444398e-02,3.148704746492646311e+00,-1.589432303011470760e+00
7.720000000000000284e+01,5.128801886504799623e-02,3.144705439195172314e+00,-1.589381905908147763e+00
7.721999999999999886e+01,5.121378160528618217e-02,3.140706128151276921e+00,-1.589331508804824544e+00
7.723999999999999488e+01,5.113973621480792653e-02,3.136706813550322881e+00,-1.589285954779421806e+00
7.726000000000000512e+01,5.106587300928689538e-02,3.132707495580453028e+00,-1.589240400754018401e+00
7.728000000000000114e+01,5.099219198887906812e-02,3.128708174249966056e+00,-1.589194846728615440e+00
7.729999999999999716e+01,5.091869315373067501e-02,3.124708849567161995e+00,-1.589149292703212035e+00
7.731999999999999318e+01,5.084537650399769543e-02,3.120709521540339981e+00,-1.589103738677808852e+00
7.734000000000000341e+01,5.077223328956413650e-02,3.116710190337759645e+00,-1.589062560517108480e+00
7.735999999999999943e+01,5.069925476028758898e-02,3.112710856126667203e+00,-1.589021382356408107e+00
7.737999999999999545e+01,5.062644091630826015e-02,3.108711518913843452e+00,-1.588980204195707735e+00
7.740000000000000568e+01,5.055379175774477041e-02,3.104712178706070524e+00,-1.588939026035007362e+00
7.742000000000000171e+01,5.048130728470497097e-02,3.100712835510129661e+00,-1.588897847874306768e+00
7.743999999999999773e+01,5.040897959087444619e-02,3.096713489475741099e+00,-1.588860623588635557e+00
7.745999999999999375e+01,5.033680076988950730e-02,3.092714140751776419e+00,-1.588823399302964345e+00
7.748000000000000398e+01,5.026477082185752676e-02,3.088714789343777412e+00,-1.588786175017292690e+00
7.750000000000000000e+01,5.019288974687394211e-02,3.084715435257286309e+00,-1.588748950731621257e+00
7.751999999999999602e+01,5.012115754503419784e-02,3.080716078497844013e+00,-1.588711726445950045e+00
7.754000000000000625e+01,5.004956707214352346e-02,3.076716719198815397e+00,-1.588678074878874469e+00
7.756000000000000227e+01,4.997811118401929847e-02,3.072717357492920076e+00,-1.588644423311799336e+00
7.757999999999999829e+01,4.990678988071430705e-02,3.068717993384686427e+00,-1.588610771744723760e+00
7.759999999999999432e+01,4.983560316232093362e-02,3.064718626878643715e+00,-1.588577120177648405e+00
7.762000000000000455e+01,4.976455102890515320e-02,3.060719257979320762e+00,-1.588543468610573051e+00
7.764000000000000057e+01,4.969363348057254104e-02,3.056719886691246391e+00,-1.588509817043497918e+00
7.765999999999999659e+01,4.962284406154433142e-02,3.052720513133190039e+00,-1.588479393908854620e+00
7.768000000000000682e+01,4.955217631601297607e-02,3.048721137423348715e+00,-1.588448970774211544e+00
7.770000000000000284e+01,4.948163024406606464e-02,3.044721759565423458e+00,-1.588418547639568468e+00
7.771999999999999886e+01,4.941120584577657349e-02,3.040722379563116640e+00,-1.588388124504925614e+00
7.773999999999999488e+01,4.934089715748789240e-02,3.036722997524931689e+00,-1.588360683674987062e+00
7.776000000000000512e+01,4.927069821560133012e-02,3.032723613558924391e+00,-1.588333242845048510e+00
7.778000000000000114e+01,4.920060902014924964e-02,3.028724227668105229e+00,-1.588305802015109736e+00
7.779999999999999716e+01,4.913062957118020241e-02,3.024724839855486458e+00,-1.588278361185170962e+00
7.781999999999999318e+01,4.906075986877510287e-02,3.020725450124079003e+00,-1.588250920355232854e+00
7.784000000000000341e+01,4.899099465030752609e-02,3.016726058568675484e+00,-1.588226111260764073e+00
7.785999999999999943e+01,4.892132865311729639e-02,3.012726665283691485e+00,-1.588201302166295292e+00
7.787999999999999545e+01,4.885176187729391162e-02,3.008727270271587706e+00,-1.588176493071827178e+00
7.790000000000000568e+01,4.878229432285526718e-02,3.004727873534826177e+00,-1.588151683977358175e+00
7.792000000000000171e+01,4.871292598985507011e-02,3.000728475075868040e+00,-1.588126874882889839e+00
7.793999999999999773e+01,4.864365212503081459e-02,2.996729074979480600e+00,-1.588104442791520965e+00
7.795999999999999375e+01,4.857446797512658676e-02,2.992729673330141171e+00,-1.588082010700152091e+00
7.798000000000000398e+01,4.850537354020176967e-02,2.988730270129862809e+00,-1.588059578608783218e+00
7.800000000000000000e+01,4.843636882025637025e-02,2.984730865380658127e+00,-1.588037146517414344e+00
7.801999999999999602e+01,4.836745381532998184e-02,2.980731459084539292e+00,-1.588014714426045471e+00
7.804000000000000625e+01,4.829862422961182095e-02,2.976732051317419803e+00,-1.587994430592657435e+00
7.806000000000000227e+01,4.822987576722747444e-02,2.972732642154995997e+00,-1.587974146759268956e+00
7.807999999999999829e+01,4.816120842819883452e-02,2.968733231598912337e+00,-1.587953862925880477e+00
7.809999999999999432e+01,4.809262221254779340e-02,2.964733819650814173e+00,-1.587933579092492442e+00
7.812000000000000455e+01,4.802411323764325252e-02,2.960734406378872308e+00,-1.587915236893155724e+00
7.814000000000000057e+01,4.795567762077220658e-02,2.956734991850998640e+00,-1.587896894693818783e+00
7.815999999999999659e+01,4.788731536195886540e-02,2.952735576068536982e+00,-1.587878552494482287e+00
7.818000000000000682e+01,4.781902646125164857e-02,2.948736159032834259e+00,-1.587860210295145569e+00
7.820000000000000284e+01,4.775081091867477284e-02,2.944736740745236059e+00,-1.587841868095808850e+00
7.821999999999999886e+01,4.768266873422823821e-02,2.940737321207087529e+00,-1.587823525896472132e+00
7.823999999999999488e+01,4.761459647664905565e-02,2.936737900478126218e+00,-1.587806899585291420e+00
7.826000000000000512e+01,4.754659071469546916e-02,2.932738478617927580e+00,-1.587790273274110708e+00
7.828000000000000114e+01,4.747865144839419349e-02,2.928739055627596954e+00,-1.587773646962930219e+00
7.829999999999999716e+01,4.741077867774522170e-02,2.924739631508239235e+00,-1.587757020651749507e+00
7.831999999999999318e+01,4.734297240280197633e-02,2.920740206260960647e+00,-1.587740394340568573e+00
7.834000000000000341e+01,4.727522944566726198e-02,2.916740779940678152e+00,-1.587725357194061049e+00
7.835999999999999943e+01,4.720754662847016087e-02,2.912741352602186584e+00,-1.587710320047553525e+00
7.837999999999999545e+01,4.713992395129927571e-02,2.908741924246390997e+00,-1.587695282901046223e+00
7.840000000000000568e+01,4.707236141409554264e-02,2.904742494874195113e+00,-1.587680245754538255e+00
7.842000000000000171e+01,4.700485901691801860e-02,2.900743064486503542e+00,-1.587665208608030953e+00
7.843999999999999773e+01,4.693741388548056809e-02,2.896743633132687457e+00,-1.587651608810930259e+00
7.845999999999999375e+01,4.687002314549690990e-02,2.892744200862002124e+00,-1.587638009013829565e+00
7.848000000000000398e+01,4.680268679699969153e-02,2.888744767675185621e+00,-1.587624409216728871e+00
7.850000000000000000e+01,4.673540483995625855e-02,2.884745333572978687e+00,-1.587610809419628177e+00
7.851999999999999602e+01,4.666817727443191982e-02,2.880745898556119844e+00,-1.587597209622527483e+00
7.854000000000000625e+01,4.660100410042667535e-02,2.876746462625350276e+00,-1.587583609825426789e+00
7.856000000000000227e+01,4.653388271963672385e-02,2.872747025824977651e+00,-1.587571309372837858e+00
7.857999999999999829e+01,4.646681053370863013e-02,2.868747588199283882e+00,-1.587559008920248482e+00
7.859999999999999432e+01,4.639978754267850419e-02,2.864748149748874706e+00,-1.587546708467659329e+00
7.862000000000000455e+01,4.633281374654634605e-02,2.860748710474354972e+00,-1.587534408015070175e+00
7.864000000000000057e+01,4.626588914534825181e-02,2.856749270376330418e+00,-1.587522107562481022e+00
7.865999999999999659e+01,4.619901133795178971e-02,2.852749829495537792e+00,-1.587511007849023548e+00
7.868000000000000682e+01,4.613217792317878679e-02,2.848750387872667211e+00,-1.587499908135566073e+00
7.870000000000000284e+01,4.606538890106925965e-02,2.844750945508210727e+00,-1.587488808422108599e+00
7.871999999999999886e+01,4.599864427166321101e-02,2.840751502402661277e+00,-1.587477708708650903e+00
7.873999999999999488e+01,4.593194186688752401e-02,2.836752058592725501e+00,-1.587467693141298986e+00
7.876000000000000512e+01,4.586527951886212179e-02,2.832752614114927070e+00,-1.587457677573946402e+00
7.878000000000000114e+01,4.579865722754265789e-02,2.828753168969667442e+00,-1.587447662006594040e+00
7.879999999999999716e+01,4.573207499288479971e-02,2.824753723157348961e+00,-1.587437646439241901e+00
7.881999999999999318e+01,4.566553090321587294e-02,2.820754276710138786e+00,-1.587428586891315607e+00
7.884000000000000341e+01,4.559902304676032025e-02,2.816754829660234716e+00,-1.587419527343389980e+00
7.885999999999999943e+01,4.553255142342010203e-02,2.812755382007961824e+00,-1.587410467795464131e+00
7.887999999999999545e+01,4.546611603329325790e-02,2.808755933753650957e+00,-1.587401408247538281e+00
7.890000000000000568e+01,4.539971687637978787e-02,2.804756484897629853e+00,-1.587392348699612210e+00
7.892000000000000171e+01,4.533335395267969192e-02,2.800757035440226250e+00,-1.587383289151686361e+00
7.893999999999999773e+01,4.526702557319191300e-02,2.796757585409747282e+00,-1.587375074195343849e+00
7.895999999999999375e+01,4.520073004907428083e-02,2.792758134834519623e+00,-1.587366859239001116e+00
7.898000000000000398e+01,4.513446738021867355e-02,2.788758683714810171e+00,-1.587358644282658382e+00
7.900000000000000000e+01,4.506823756667914516e-02,2.784759232050892486e+00,-1.587350429326315648e+00
7.901999999999999602e+01,4.500204060850975657e-02,2.780759779843033463e+00,-1.587342214369972915e+00
7.904000000000000625e+01,4.493587494094015977e-02,2.776760327117457461e+00,-1.587334781868175559e+00
7.906000000000000227e+01,4.486973899928797804e-02,2.772760873900216527e+00,-1.587327349366378648e+00
7.907999999999999829e+01,4.480363278361296220e-02,2.768761420191529599e+00,-1.587319916864581293e+00
7.909999999999999432e+01,4.473755629385536142e-02,2.764761965991618720e+00,-1.587312484362784382e+00
7.912000000000000455e+01,4.467150953007492653e-02,2.760762511300705935e+00,-1.587305051860987248e+00
7.914000000000000057e+01,4.460549107660850138e-02,2.756763056142367940e+00,-1.587298327289371036e+00
7.915999999999999659e+01,4.453949951777521482e-02,2.752763600540176991e+00,-1.587291602717754824e+00
7.918000000000000682e+01,4.447353485350902247e-02,2.748764144494309836e+00,-1.587284878146138611e+00
7.920000000000000284e+01,4.440759708387596871e-02,2.744764688004948550e+00,-1.587278153574522399e+00
7.921999999999999886e+01,4.434168620894209101e-02,2.740765231072274766e+00,-1.587271429002905965e+00
7.923999999999999488e+01,4.427580094845316033e-02,2.736765773717591888e+00,-1.587265344596691774e+00
7.926000000000000512e+01,4.420994002226760061e-02,2.732766315962108283e+00,-1.587259260190476917e+00
7.928000000000000114e+01,4.414410343038541185e-02,2.728766857805977164e+00,-1.587253175784262282e+00
7.929999999999999716e+01,4.407829117287957732e-02,2.724767399249339750e+00,-1.587247091378047870e+00
7.931999999999999318e+01,4.401250324967711375e-02,2.720767940292351472e+00,-1.587241006971833013e+00
7.934000000000000341e+01,4.394673850320713476e-02,2.716768480954089959e+00,-1.587235501472662902e+00
7.935999999999999943e+01,4.388099577567645959e-02,2.712769021253818913e+00,-1.587229995973492791e+00
7.937999999999999545e+01,4.381527506724641058e-02,2.708769561191664010e+00,-1.587224490474322680e+00
7.940000000000000568e+01,4.374957637783633002e-02,2.704770100767743823e+00,-1.587218984975152569e+00
7.942000000000000171e+01,4.368389970736555328e-02,2.700770639982181809e+00,-1.587213479475982458e+00
7.943999999999999773e+01,4.361824400906166160e-02,2.696771178852252593e+00,-1.587208497512894612e+00
7.945999999999999375e+01,4.355260823590999253e-02,2.692771717395279207e+00,-1.587203515549806765e+00
7.948000000000000398e+01,4.348699238791054605e-02,2.688772255611358908e+00,-1.587198533586719140e+00
7.950000000000000000e+01,4.342139646515246615e-02,2.684772793500592503e+00,-1.587193551623631071e+00
7.951999999999999602e+01,4.335582046754660884e-02,2.680773331063079912e+00,-1.587188569660543225e+00
7.954000000000000625e+01,4.329026344822527878e-02,2.676773868314582749e+00,-1.587184061182189465e+00
7.956000000000000227e+01,4.322472446038159999e-02,2.672774405270561537e+00,-1.587179552703835705e+00
7.957999999999999829e+01,4.315920350411407008e-02,2.668774941931101985e+00,-1.587175044225481946e+00
7.959999999999999432e+01,4.309370057932418452e-02,2.664775478296281364e+00,-1.587170535747127964e+00
7.962000000000000455e+01,4.302821568591344570e-02,2.660776014366185827e+00,-1.587166027268774648e+00
7.964000000000000057e+01,4.296274796778506988e-02,2.656776550154804184e+00,-1.587161947030405251e+00
7.965999999999999659e+01,4.289729656832868415e-02,2.652777085676338409e+00,-1.587157866792036298e+00
7.968000000000000682e+01,4.283186148765313200e-02,2.648777620930843124e+00,-1.587153786553666679e+00
7.970000000000000284e+01,4.276644272586724999e-02,2.644778155918392937e+00,-1.587149706315297726e+00
7.971999999999999886e+01,4.270104028275335806e-02,2.640778690639052240e+00,-1.587145626076928551e+00
7.973999999999999488e+01,4.263565338379427666e-02,2.636779225105490010e+00,-1.587141933177011577e+00
7.976000000000000512e+01,4.257028125453867634e-02,2.632779759330485803e+00,-1.587138240277094825e+00
7.978000000000000114e+01,4.250492389486629913e-02,2.628780293314096461e+00,-1.587134547377177407e+00
7.979999999999999716e+01,4.243958130477715196e-02,2.624780827056377941e+00,-1.587130854477260655e+00
7.981999999999999318e+01,4.237425348439148587e-02,2.620781360557379536e+00,-1.587127161577343681e+00
7.984000000000000341e+01,4.230893973294546501e-02,2.616781893828695083e+00,-1.587123819039005568e+00
7.985999999999999943e+01,4.224363934999244424e-02,2.612782426881717690e+00,-1.587120476500667454e+00
7.987999999999999545e+01,4.217835233526671251e-02,2.608782959716493099e+00,-1.587117133962329341e+00
7.990000000000000568e+01,4.211307868903398088e-02,2.604783492333066608e+00,-1.587113791423991227e+00
7.992000000000000171e+01,4.204781841116139035e-02,2.600784024731484401e+00,-1.587110448885652891e+00
7.993999999999999773e+01,4.198257086784227404e-02,2.596784556922168807e+00,-1.587107423278598439e+00
7.995999999999999375e+01,4.191733542525073047e-02,2.592785088915461333e+00,-1.587104397671543099e+00
7.998000000000000398e+01,4.185211208353354501e-02,2.588785620711389512e+00,-1.587101372064488425e+00
8.000000000000000000e+01,4.178690084269071070e-02,2.584786152309999085e+00,-1.587098346457433529e+00
8.001999999999999602e+01,4.172170112933962921e-02,2.580786683720656338e+00,-1.587095607556405996e+00
8.004000000000000625e+01,4.165651237009847241e-02,2.576787214952750649e+00,-1.587092868655378464e+00
8.006000000000000227e+01,4.159133456512938143e-02,2.572787746006311771e+00,-1.587090129754350931e+00
8.007999999999999829e+01,4.152616771410806706e-02,2.568788276881375676e+00,-1.587087390853323399e+00
8.009999999999999432e+01,4.146101181735881852e-02,2.564788807577967678e+00,-1.587084651952295866e+00
8.012000000000000455e+01,4.139586636760840543e-02,2.560789338104535240e+00,-1.587082166654195881e+00
8.014000000000000057e+01,4.133073085765172350e-02,2.556789868468849924e+00,-1.587079681356095673e+00
8.015999999999999659e+01,4.126560528766745617e-02,2.552790398671291427e+00,-1.587077196057995465e+00
8.018000000000000682e+01,4.120048965747691999e-02,2.548790928711893500e+00,-1.587074710759895257e+00
8.020000000000000284e+01,4.113538396725880536e-02,2.544791458590677902e+00,-1.587072225461795050e+00
8.021999999999999886e+01,4.107028821683442188e-02,2.540791988307661953e+00,-1.587069740163695064e+00
8.023999999999999488e+01,4.100520194651077754e-02,2.536792517870551489e+00,-1.587067484842019649e+00
8.026000000000000512e+01,4.094012469611486155e-02,2.532793047286658883e+00,-1.587065229520344678e+00
8.028000000000000114e+01,4.087505646584358582e-02,2.528793576556008560e+00,-1.587062974198669041e+00
8.029999999999999716e+01,4.080999725589386229e-02,2.524794105678613398e+00,-1.587060718876994292e+00
8.031999999999999318e+01,4.074494706567496211e-02,2.520794634654503596e+00,-1.587058463555319099e+00
8.034000000000000341e+01,4.067990546956861547e-02,2.516795163490618492e+00,-1.587056421428223008e+00
8.035999999999999943e+01,4.061487204075924645e-02,2.512795692193917407e+00,-1.587054379301127360e+00
8.037999999999999545e+01,4.054984677924685504e-02,2.508796220764420326e+00,-1.587052337174031047e+00
8.040000000000000568e+01,4.048482968524889924e-02,2.504796749202141015e+00,-1.587050295046935400e+00
8.042000000000000171e+01,4.041982075876538599e-02,2.500797277507093241e+00,-1.587048252919839531e+00
8.043999999999999773e+01,4.035481961346326640e-02,2.496797805685559979e+00,-1.587046403811560147e+00
8.045999999999999375e+01,4.028982586401100990e-02,2.492798333743832195e+00,-1.587044554703280319e+00
8.048000000000000398e+01,4.022483950968812338e-02,2.488798861681932539e+00,-1.587042705595000491e+00
8.050000000000000000e+01,4.015986055097493790e-02,2.484799389499868116e+00,-1.587040856486721108e+00
8.051999999999999602e+01,4.009488898763128445e-02,2.480799917197662019e+00,-1.587039007378441724e+00
8.054000000000000625e+01,4.002992447050047337e-02,2.476800444780772992e+00,-1.587037332931980904e+00
8.056000000000000227e+01,3.996496665032707452e-02,2.472800972255112306e+00,-1.587035658485520306e+00
8.057999999999999829e+01,3.990001552711108790e-02,2.468801499620688400e+00,-1.587033984039059709e+00
8.059999999999999432e+01,3.983507110058730205e-02,2.464802026877509711e+00,-1.587032309592599111e+00
8.062000000000000455e+01,3.977013337128614684e-02,2.460802554025584232e+00,-1.587030635146138513e+00
8.064000000000000057e+01,3.970520202250171077e-02,2.456803081070234818e+00,-1.587029118757232071e+00
8.065999999999999659e+01,3.964027673854893241e-02,2.452803608016420611e+00,-1.587027602368325185e+00
8.068000000000000682e+01,3.957535751942781177e-02,2.448804134864159376e+00,-1.587026085979418744e+00
8.070000000000000284e+01,3.951044436513834884e-02,2.444804661613470209e+00,-1.587024569590512080e+00
8.071999999999999886e+01,3.944553727538768761e-02,2.440805188264343339e+00,-1.587023053201605194e+00
8.073999999999999488e+01,3.938063596438201586e-02,2.436805714821419500e+00,-1.587021679852810507e+00
8.076000000000000512e+01,3.931574014633154590e-02,2.432806241289358518e+00,-1.587020306504016265e+00
8.078000000000000114e+01,3.925084982058955896e-02,2.428806767668191036e+00,-1.587018933155221800e+00
8.079999999999999716e+01,3.918596498780277382e-02,2.424807293957897070e+00,-1.587017559806427336e+00
8.081999999999999318e+01,3.912108564732447169e-02,2.420807820158506374e+00,-1.587016186457632649e+00
8.084000000000000341e+01,3.905621154116429433e-02,2.416808346274464725e+00,-1.587014942566044917e+00
8.085999999999999943e+01,3.899134240966518200e-02,2.412808872309715191e+00,-1.587013698674456963e+00
8.087999999999999545e+01,3.892647825282713470e-02,2.408809398264291080e+00,-1.587012454782869009e+00
8.090000000000000568e+01,3.886161907136417848e-02,2.404809924138181287e+00,-1.587011210891281277e+00
8.092000000000000171e+01,3.879676486456228729e-02,2.400810449931408019e+00,-1.587009966999692878e+00
8.093999999999999773e+01,3.873191539833434338e-02,2.396810975647622133e+00,-1.587008840279290345e+00
8.095999999999999375e+01,3.866707043834585744e-02,2.392811501290784459e+00,-1.587007713558887145e+00
8.098000000000000398e+01,3.860222998459682253e-02,2.388812026860882565e+00,-1.587006586838484168e+00
8.100000000000000000e+01,3.853739403748138864e-02,2.384812552357916449e+00,-1.587005460118081190e+00
8.101999999999999602e+01,3.847256259621126967e-02,2.380813077781910536e+00,-1.587004333397677991e+00
8.104000000000000625e+01,3.840773544944472984e-02,2.376813603136477937e+00,-1.587003312734920790e+00
8.106000000000000227e+01,3.834291238477576663e-02,2.372814128424869828e+00,-1.587002292072163367e+00
8.107999999999999829e+01,3.827809340220437312e-02,2.368814653647112856e+00,-1.587001271409405723e+00
8.109999999999999432e+01,3.821327850173055624e-02,2.364815178803193696e+00,-1.587000250746648522e+00
8.112000000000000455e+01,3.814846768335431598e-02,2.360815703893126116e+00,-1.586999230083891099e+00
8.114000000000000057e+01,3.808366075521741473e-02,2.356816228919611067e+00,-1.586998305425306954e+00
8.115999999999999659e+01,3.801885752518809058e-02,2.352816753886181722e+00,-1.586997380766722365e+00
8.118000000000000682e+01,3.795405799278606801e-02,2.348817278792823426e+00,-1.586996456108138220e+00
8.120000000000000284e+01,3.788926215897189809e-02,2.344817803639550835e+00,-1.586995531449553631e+00
8.121999999999999886e+01,3.782447002374557388e-02,2.340818328426379047e+00,-1.586994606790969264e+00
8.123999999999999488e+01,3.775968141218274260e-02,2.336818853156441111e+00,-1.586993769041554536e+00
8.126000000000000512e+01,3.769489615136877025e-02,2.332819377832234586e+00,-1.586992931292139808e+00
8.128000000000000114e+01,3.763011424130365684e-02,2.328819902453742596e+00,-1.586992093542725080e+00
8.129999999999999716e+01,3.756533568145729862e-02,2.324820427020998448e+00,-1.586991255793310351e+00
8.131999999999999318e+01,3.750056031508600812e-02,2.320820951536432641e+00,-1.586990496724716815e+00
8.134000000000000341e+01,3.743578798509775152e-02,2.316821476002723035e+00,-1.586989737656123278e+00
8.135999999999999943e+01,3.737101869032244394e-02,2.312822000419833213e+00,-1.586988978587529742e+00
8.137999999999999545e+01,3.730625243134512437e-02,2.308822524787780939e+00,-1.586988219518936205e+00
8.140000000000000568e+01,3.724148920875083868e-02,2.304823049106566657e+00,-1.586987460450342446e+00
8.142000000000000171e+01,3.717672902136949509e-02,2.300823573376208575e+00,-1.586986701381749354e+00
8.143999999999999773e+01,3.711197173112505687e-02,2.296824097599090564e+00,-1.586986011963391396e+00
8.145999999999999375e+01,3.704721719784494910e-02,2.292824621777345140e+00,-1.586985322545033661e+00
8.148000000000000398e+01,3.698246542217331623e-02,2.288825145910951875e+00,-1.586984633126675925e+00
8.150000000000000000e+01,3.691771640346600686e-02,2.284825669999910769e+00,-1.586983943708318412e+00
8.151999999999999602e+01,3.685297014236717933e-02,2.280826194044242250e+00,-1.586983254289960232e+00
8.154000000000000625e+01,3.678822650979198666e-02,2.276826718045441567e+00,-1.586982629485141238e+00
8.156000000000000227e+01,3.672348537555471248e-02,2.272827242006193682e+00,-1.586982004680322023e+00
8.157999999999999829e+01,3.665874673965535679e-02,2.268827765926499040e+00,-1.586981379875502807e+00
8.159999999999999432e+01,3.659401060351544915e-02,2.264828289806357198e+00,-1.586980755070683369e+00
8.162000000000000455e+01,3.652927696571346694e-02,2.260828813645768598e+00,-1.586980130265864375e+00
8.164000000000000057e+01,3.646454571059226657e-02,2.256829337447282757e+00,-1.586979564003167198e+00
8.165999999999999659e+01,3.639981671958903570e-02,2.252829861212133356e+00,-1.586978997740470243e+00
8.168000000000000682e+01,3.633508999348802199e-02,2.248830384940345262e+00,-1.586978431477772844e+00
8.170000000000000284e+01,3.627036553150497777e-02,2.244830908631893607e+00,-1.586977865215075445e+00
8.171999999999999886e+01,3.620564333520839145e-02,2.240831432286802816e+00,-1.586977298952378712e+00
8.173999999999999488e+01,3.614092329744898052e-02,2.236831955907139236e+00,-1.586976785704018678e+00
8.176000000000000512e+01,3.607620531206749692e-02,2.232832479494271549e+00,-1.586976272455658865e+00
8.178000000000000114e+01,3.601148937992919297e-02,2.228833003048172667e+00,-1.586975759207299053e+00
8.179999999999999716e+01,3.594677550016881634e-02,2.224833526568869679e+00,-1.586975245958939018e+00
8.181999999999999318e+01,3.588206367278636705e-02,2.220834050056363029e+00,-1.586974732710579650e+00
8.184000000000000341e+01,3.581735380285869241e-02,2.216834573511007100e+00,-1.586974267473374445e+00
8.185999999999999943e+01,3.575264579333654880e-02,2.212835096935583223e+00,-1.586973802236169240e+00
8.187999999999999545e+01,3.568793964421993620e-02,2.208835620330031446e+00,-1.586973336998963813e+00
8.190000000000000568e+01,3.562323535550885462e-02,2.204836143694411721e+00,-1.586972871761758608e+00
8.192000000000000171e+01,3.555853292815785299e-02,2.200836667028664095e+00,-1.586972406524553181e+00
8.193999999999999773e+01,3.549383227452383022e-02,2.196837190334698153e+00,-1.586971984770503274e+00
8.195999999999999375e+01,3.542913330772817782e-02,2.192837713613486894e+00,-1.586971563016453146e+00
8.198000000000000398e+01,3.536443602777089579e-02,2.188838236864964593e+00,-1.586971141262403018e+00
8.200000000000000000e+01,3.529974043465198413e-02,2.184838760089163667e+00,-1.586970719508352889e+00
8.201999999999999602e+01,3.523504652731847958e-02,2.180839283286051700e+00,-1.586970297754302983e+00
8.204000000000000625e+01,3.517035422922767246e-02,2.176839806455994619e+00,-1.586969915385273655e+00
8.206000000000000227e+01,3.510566345955929562e-02,2.172840329601184894e+00,-1.586969533016244549e+00
8.207999999999999829e+01,3.504097421947476032e-02,2.168840852721622525e+00,-1.586969150647215665e+00
8.209999999999999432e+01,3.497628650897406655e-02,2.164841375817343483e+00,-1.586968768278186337e+00
8.212000000000000455e+01,3.491160032805722124e-02,2.160841898888311796e+00,-1.586968385909157231e+00
8.214000000000000057e+01,3.484691560410376615e-02,2.156842421936094656e+00,-1.586968039215802984e+00
8.215999999999999659e+01,3.478223226739528967e-02,2.152842944961421257e+00,-1.586967692522448958e+00
8.218000000000000682e+01,3.471755031665086505e-02,2.148843467964331566e+00,-1.586967345829094489e+00
8.220000000000000284e+01,3.465286975315141210e-02,2.144843990944825585e+00,-1.586966999135740020e+00
8.221999999999999886e+01,3.458819057561601101e-02,2.140844513902903312e+00,-1.586966652442385772e+00
8.223999999999999488e+01,3.452351272148700828e-02,2.136845036839531975e+00,-1.586966338067101967e+00
8.226000000000000512e+01,3.445883612316699707e-02,2.132845559755810250e+00,-1.586966023691818384e+00
8.228000000000000114e+01,3.439416078206858352e-02,2.128846082651782545e+00,-1.586965709316534578e+00
8.229999999999999716e+01,3.432948669960437377e-02,2.124846605527404453e+00,-1.586965394941250773e+00
8.231999999999999318e+01,3.426481387436176168e-02,2.120847128382675972e+00,-1.586965080565967190e+00
8.234000000000000341e+01,3.420014224596934493e-02,2.116847651220718163e+00,-1.586964795469328893e+00
8.235999999999999943e+01,3.413547175935605776e-02,2.112848174040311555e+00,-1.586964510372690818e+00
8.237999999999999545e+01,3.407080241296421563e-02,2.108848696841456150e+00,-1.586964225276052964e+00
8.240000000000000568e+01,3.400613420679381854e-02,2.104849219624152390e+00,-1.586963940179414445e+00
8.242000000000000171e+01,3.394146714084487343e-02,2.100849742388448238e+00,-1.586963655082776814e+00
8.243999999999999773e+01,3.387680116156435023e-02,2.096850265133251234e+00,-1.586963396513210611e+00
8.245999999999999375e+01,3.381213621792695384e-02,2.092850787861415984e+00,-1.586963137943644631e+00
8.248000000000000398e+01,3.374747230649771668e-02,2.088851310572781728e+00,-1.586962879374078650e+00
8.250000000000000000e+01,3.368280943071160632e-02,2.084851833267509225e+00,-1.586962620804512447e+00
8.251999999999999602e+01,3.361814758885113552e-02,2.080852355945437715e+00,-1.586962362234946688e+00
8.254000000000000625e+01,3.355348673203107507e-02,2.076852878607454489e+00,-1.586962127701335490e+00
8.256000000000000227e+01,3.348882681438662690e-02,2.072853401254264316e+00,-1.586961893167724291e+00
8.257999999999999829e+01,3.342416783402429176e-02,2.068853923885926260e+00,-1.586961658634112871e+00
8.259999999999999432e+01,3.335950979094406965e-02,2.064854446502439878e+00,-1.586961424100501894e+00
8.262000000000000455e+01,3.329485268703946677e-02,2.060854969103746548e+00,-1.586961189566890695e+00
8.264000000000000057e+01,3.323019647740600019e-02,2.056855491689187687e+00,-1.586960976813737156e+00
8.265999999999999659e+01,3.316554111732190890e-02,2.052856014260930451e+00,-1.586960764060583617e+00
8.268000000000000682e+01,3.310088661096188128e-02,2.048856536818910001e+00,-1.586960551307430078e+00
8.270000000000000284e+01,3.303623295415122896e-02,2.044857059363125895e+00,-1.586960338554276762e+00
8.271999999999999886e+01,3.297158014688994498e-02,2.040857581893578576e+00,-1.586960125801123223e+00
8.273999999999999488e+01,3.290692819126538049e-02,2.036858104410267600e+00,-1.586959913047969462e+00
8.276000000000000512e+01,3.284227708727753547e-02,2.032858626913258249e+00,-1.586959700294815701e+00
8.278000000000000114e+01,3.277762679568436976e-02,2.028859149407154838e+00,-1.586959507279871229e+00
8.279999999999999716e+01,3.271297727485994455e-02,2.024859671888540547e+00,-1.586959314264926091e+00
8.281999999999999318e+01,3.264832852480425290e-02,2.020860194357415818e+00,-1.586959121249981397e+00
8.284000000000000341e+01,3.258368051036327623e-02,2.016860716812905352e+00,-1.586958946918118452e+00
8.285999999999999943e+01,3.251903319390396507e-02,2.012861239257091039e+00,-1.586958772586256172e+00
8.287999999999999545e+01,3.245438657287893353e-02,2.008861761689972436e+00,-1.586958598254393893e+00
8.290000000000000568e+01,3.238974064983556750e-02,2.004862284111629478e+00,-1.586958423922531169e+00
8.292000000000000171e+01,3.232509542477386699e-02,2.000862806521982673e+00,-1.586958249590668668e+00
8.293999999999999773e+01,3.226045086382631211e-02,1.996863328923822900e+00,-1.586958091417067340e+00
8.295999999999999375e+01,3.219580693739779870e-02,1.992863851315397783e+00,-1.586957933243466012e+00
8.298000000000000398e+01,3.213116364268071845e-02,1.988864373696795251e+00,-1.586957775069864685e+00
8.300000000000000000e+01,3.206652097967506443e-02,1.984864896067927376e+00,-1.586957616896263135e+00
8.301999999999999602e+01,3.200187894838084357e-02,1.980865418428881863e+00,-1.586957458722661807e+00
8.304000000000000625e+01,3.193723752304396951e-02,1.976865940778725683e+00,-1.586957315178620709e+00
8.306000000000000227e+01,3.187259667005062913e-02,1.972866463119288261e+00,-1.586957171634579389e+00
8.307999999999999829e+01,3.180795639249456991e-02,1.968866985450569596e+00,-1.586957028090538291e+00
8.309999999999999432e+01,3.174331668728204436e-02,1.964867507772569688e+00,-1.586956884546496527e+00
8.312000000000000455e+01,3.167867755750679998e-02,1.960868030085288538e+00,-1.586956741002455429e+00
8.314000000000000057e+01,3.161403897515125544e-02,1.956868552385983007e+00,-1.586956610720216432e+00
8.315999999999999659e+01,3.154940091091361365e-02,1.952869074678155847e+00,-1.586956480437976991e+00
8.318000000000000682e+01,3.148476337161120603e-02,1.948869596961913420e+00,-1.586956350155737772e+00
8.320000000000000284e+01,3.142012635383537034e-02,1.944870119237255945e+00,-1.586956219873498775e+00
8.321999999999999886e+01,3.135548985417743045e-02,1.940870641504183203e+00,-1.586956089591259333e+00
8.323999999999999488e+01,3.129085385337876390e-02,1.936871163762962533e+00,-1.586955971332350224e+00
8.326000000000000512e+01,3.122621832573887340e-02,1.932871686013996726e+00,-1.586955853073441114e+00
8.328000000000000114e+01,3.116158326750253019e-02,1.928872208257520482e+00,-1.586955734814532004e+00
8.329999999999999716e+01,3.109694868618018831e-02,1.924872730493299100e+00,-1.586955616555622894e+00
8.331999999999999318e+01,3.103231455345548118e-02,1.920873252722526292e+00,-1.586955509198153091e+00
8.334000000000000341e+01,3.096768085093165243e-02,1.916873774944902298e+00,-1.586955401840682844e+00
8.335999999999999943e+01,3.090304757860869861e-02,1.912874297160297887e+00,-1.586955294483212597e+00
8.337999999999999545e+01,3.083841473648662318e-02,1.908874819368842291e+00,-1.586955187125742794e+00
8.340000000000000568e+01,3.077378232456542614e-02,1.904875341570406277e+00,-1.586955079768272769e+00
8.342000000000000171e+01,3.070915033870855876e-02,1.900875863764989848e+00,-1.586954972410802522e+00
8.343999999999999773e+01,3.064451876371446920e-02,1.896876385952432464e+00,-1.586954874718408126e+00
8.345999999999999375e+01,3.057988757965840812e-02,1.892876908133624525e+00,-1.586954777026013952e+00
8.348000000000000398e+01,3.051525678654037552e-02,1.888877430308566030e+00,-1.586954679333619334e+00
8.350000000000000000e+01,3.045062638436037139e-02,1.884877952477115093e+00,-1.586954581641224937e+00
8.351999999999999602e+01,3.038599637311839574e-02,1.880878474639413822e+00,-1.586954483948830763e+00
8.354000000000000625e+01,3.032136673349233522e-02,1.876878996794326238e+00,-1.586954395236167104e+00
8.356000000000000227e+01,3.025673744928716533e-02,1.872879518943763477e+00,-1.586954306523503444e+00
8.357999999999999829e+01,3.019210852050288607e-02,1.868880041087256139e+00,-1.586954217810839785e+00
8.359999999999999432e+01,3.012747994713949745e-02,1.864880563225117305e+00,-1.586954129098175903e+00
8.362000000000000455e+01,3.006285172419107324e-02,1.860881085357346754e+00,-1.586954040385512466e+00
8.364000000000000057e+01,2.999822384637327449e-02,1.856881607488261254e+00,-1.586953959821738147e+00
8.365999999999999659e+01,2.993359628826708710e-02,1.852882129614007889e+00,-1.586953879257963829e+00
8.368000000000000682e+01,2.986896904987251453e-02,1.848882651734586879e+00,-1.586953798694189510e+00
8.370000000000000284e+01,2.980434213670182103e-02,1.844883173849998004e+00,-1.586953718130415192e+00
8.371999999999999886e+01,2.973971554324273889e-02,1.840883695960241484e+00,-1.586953637566640873e+00
8.373999999999999488e+01,2.967508925654472468e-02,1.836884218065622187e+00,-1.586953564394214977e+00
8.376000000000000512e+01,2.961046326723156333e-02,1.832884740166261350e+00,-1.586953491221788859e+00
8.378000000000000114e+01,2.954583756923417903e-02,1.828885262262159195e+00,-1.586953418049362741e+00
8.379999999999999716e+01,2.948121216255256832e-02,1.824885784353315499e+00,-1.586953344876936622e+00
8.381999999999999318e+01,2.941658704718673467e-02,1.820886306439730262e+00,-1.586953271704510282e+00
8.384000000000000341e+01,2.935196221223292795e-02,1.816886828526392605e+00,-1.586953205236881548e+00
8.385999999999999943e+01,2.928733764453054361e-02,1.812887350608670234e+00,-1.586953138769252813e+00
8.387999999999999545e+01,2.922271333739829766e-02,1.808887872686772091e+00,-1.586953072301624079e+00
8.390000000000000568e+01,2.915808930419876155e-02,1.804888394760489456e+00,-1.586953005833995345e+00
8.392000000000000171e+01,2.909346553156936382e-02,1.800888916830031050e+00,-1.586952939366366389e+00
8.393999999999999773e+01,2.902884201075387263e-02,1.796889438894488267e+00,-1.586952878981324311e+00
8.395999999999999375e+01,2.896421873998429597e-02,1.792889960955038386e+00,-1.586952818596282011e+00
8.398000000000000398e+01,2.889959570455204879e-02,1.788890483011911448e+00,-1.586952758211239933e+00
8.400000000000000000e+01,2.883497291181142536e-02,1.784891005064647596e+00,-1.586952697826197634e+00
8.401999999999999602e+01,2.877035035440813140e-02,1.780891527113706685e+00,-1.586952637441155334e+00
8.404000000000000625e+01,2.870572803637090262e-02,1.776892049157169362e+00,-1.586952582574801651e+00
8.406000000000000227e+01,2.864110593687214240e-02,1.772892571197090872e+00,-1.586952527708448635e+00
8.407999999999999829e+01,2.857648404781782878e-02,1.768893093233471214e+00,-1.586952472842095618e+00
8.409999999999999432e+01,2.851186238539599876e-02,1.764893615266310389e+00,-1.586952417975742158e+00
8.412000000000000455e+01,2.844724094151263385e-02,1.760894137295608397e+00,-1.586952363109388697e+00
8.414000000000000057e+01,2.838261970793835853e-02,1.756894659320143326e+00,-1.586952313250516777e+00
8.415999999999999659e+01,2.831799867922334818e-02,1.752895181341616482e+00,-1.586952263391644635e+00
8.418000000000000682e+01,2.825337783755375171e-02,1.748895703359749421e+00,-1.586952213532772271e+00
8.420000000000000284e+01,2.818875720074341673e-02,1.744896225374542365e+00,-1.586952163673900351e+00
8.421999999999999886e+01,2.812413676879234672e-02,1.740896747386273535e+00,-1.586952113815028209e+00
8.423999999999999488e+01,2.805951651806599251e-02,1.736897269385720088e+00,-1.586952068500381063e+00
8.426000000000000512e+01,2.799489645354201472e-02,1.732897791382103980e+00,-1.586952023185733696e+00
8.428000000000000114e+01,2.793027657522041338e-02,1.728898313375731632e+00,-1.586951977871085884e+00
8.429999999999999716e+01,2.786565687330106247e-02,1.724898835366296845e+00,-1.586951932556438738e+00
8.431999999999999318e+01,2.780103734778396202e-02,1.720899357354105597e+00,-1.586951887241791370e+00
8.434000000000000341e+01,2.773641799571710878e-02,1.716899879350739511e+00,-1.586951846051444459e+00
8.435999999999999943e+01,2.767179881615250067e-02,1.712900401345015089e+00,-1.586951804861097548e+00
8.437999999999999545e+01,2.760717979830874802e-02,1.708900923336258426e+00,-1.586951763670750637e+00
8.440000000000000568e+01,2.754256094218585083e-02,1.704901445325143206e+00,-1.586951722480403948e+00
8.442000000000000171e+01,2.747794225856519876e-02,1.700901967311332807e+00,-1.586951681290056815e+00
8.443999999999999773e+01,2.741332372680573698e-02,1.696902489278230508e+00,-1.586951643843063531e+00
8.445999999999999375e+01,2.734870533735598089e-02,1.692903011242904654e+00,-1.586951606396070469e+00
8.448000000000000398e+01,2.728408710207506915e-02,1.688903533204984653e+00,-1.586951568949076963e+00
8.450000000000000000e+01,2.721946902096300525e-02,1.684904055164841097e+00,-1.586951531502083679e+00
8.451999999999999602e+01,2.715485109401978570e-02,1.680904577122103172e+00,-1.586951494055090395e+00
8.454000000000000625e+01,2.709023330027493515e-02,1.676905099076144712e+00,-1.586951460006229331e+00
8.456000000000000227e+01,2.702561564999982763e-02,1.672905621027740652e+00,-1.586951425957368267e+00
8.457999999999999829e+01,2.696099813015175733e-02,1.668906142977298668e+00,-1.586951391908507203e+00
8.459999999999999432e+01,2.689638074073072774e-02,1.664906664924411306e+00,-1.586951357859646139e+00
8.462000000000000455e+01,2.683176349477943770e-02,1.660907186869486019e+00,-1.586951323810785297e+00
8.464000000000000057e+01,2.676714637732038535e-02,1.656907708827799697e+00,-1.586951292846956907e+00
8.465999999999999659e+01,2.670252938894107295e-02,1.652908230784320587e+00,-1.586951261883129405e+00
8.468000000000000682e+01,2.663791252964150050e-02,1.648908752738600603e+00,-1.586951230919301237e+00
8.470000000000000284e+01,2.657329578507947737e-02,1.644909274691087830e+00,-1.586951199955473291e+00
8.471999999999999886e+01,2.650867915525500010e-02,1.640909796641333962e+00,-1.586951168991645567e+00
8.473999999999999488e+01,2.644406266885245688e-02,1.636910318589787305e+00,-1.586951138027817620e+00
8.476000000000000512e+01,2.637944628927964968e-02,1.632910840543815523e+00,-1.586951109865238685e+00
8.478000000000000114e+01,2.631483002008822708e-02,1.628911362496365367e+00,-1.586951081702659527e+00
8.479999999999999716e+01,2.625021387704695730e-02,1.624911884447436838e+00,-1.586951053540080592e+00
8.481999999999999318e+01,2.618559782861830387e-02,1.620912406396044503e+00,-1.586951025377501656e+00
8.484000000000000341e+01,2.612098190633980327e-02,1.616912928343173794e+00,-1.586950997214922943e+00
8.485999999999999943e+01,2.605636607572662036e-02,1.612913450286259875e+00,-1.586950971652537623e+00
8.487999999999999545e+01,2.599175036672276423e-02,1.608913972227174360e+00,-1.586950946090152526e+00
8.490000000000000568e+01,2.592713474458271244e-02,1.604914494167003047e+00,-1.586950920527767650e+00
8.492000000000000171e+01,2.586251924405199090e-02,1.600915016104660138e+00,-1.586950894965382330e+00
8.493999999999999773e+01,2.579790382627676279e-02,1.596915538025336367e+00,-1.586950871761539483e+00
8.495999999999999375e+01,2.573328850419456457e-02,1.592916059944218476e+00,-1.586950848557696414e+00
8.498000000000000398e+01,2.566867325866679234e-02,1.588916581861306243e+00,-1.586950825353854011e+00
8.500000000000000000e+01,2.560405812797065736e-02,1.584917103777197855e+00,-1.586950802150010942e+00
8.501999999999999602e+01,2.553944309296755227e-02,1.580917625691893313e+00,-1.586950778946168095e+00
8.504000000000000625e+01,2.547482811787922519e-02,1.576918147608507681e+00,-1.586950757832324532e+00
8.506000000000000227e+01,2.541021324795630920e-02,1.572918669523150070e+00,-1.586950736718480970e+00
8.507999999999999829e+01,2.534559846216572279e-02,1.568919191437135208e+00,-1.586950715604637185e+00
8.509999999999999432e+01,2.528098376050746596e-02,1.564919713349148589e+00,-1.586950694490793845e+00
8.512000000000000455e+01,2.521636914298153870e-02,1.560920235260504718e+00,-1.586950673376950283e+00
8.514000000000000057e+01,2.515175460209952835e-02,1.556920757157164825e+00,-1.586950654160386609e+00
8.515999999999999659e+01,2.508714015365635930e-02,1.552921279053102843e+00,-1.586950634943822935e+00
8.518000000000000682e+01,2.502252577454231949e-02,1.548921800948318772e+00,-1.586950615727259262e+00
8.520000000000000284e+01,2.495791146475740893e-02,1.544922322841367990e+00,-1.586950596510695588e+00
8.521999999999999886e+01,2.489329722430162761e-02,1.540922844733695118e+00,-1.586950577294131914e+00
8.523999999999999488e+01,2.482868306309719483e-02,1.536923366640578159e+00,-1.586950559801470373e+00
8.526000000000000512e+01,2.476406897805427665e-02,1.532923888545874469e+00,-1.586950542308809053e+00
8.528000000000000114e+01,2.469945496917287653e-02,1.528924410450377414e+00,-1.586950524816147290e+00
8.529999999999999716e+01,2.463484101106581947e-02,1.524924932354086993e+00,-1.586950507323485748e+00
8.531999999999999318e+01,2.457022715450745201e-02,1.520925454256209841e+00,-1.586950489830823985e+00
8.534000000000000341e+01,2.450561333516335788e-02,1.516925976135398813e+00,-1.586950473904173764e+00
8.535999999999999943e+01,2.444099959946947204e-02,1.512926498014587784e+00,-1.586950457977523321e+00
8.537999999999999545e+01,2.437638589165898664e-02,1.508927019892033927e+00,-1.586950442050872656e+00
8.540000000000000568e+01,2.431177229538211346e-02,1.504927541768608767e+00,-1.586950426124222435e+00
8.542000000000000171e+01,2.424715872698864419e-02,1.500928063644312305e+00,-1.586950410197572214e+00
8.543999999999999773e+01,2.418254524632619876e-02,1.496928585563515490e+00,-1.586950395694500138e+00
8.545999999999999375e+01,2.411793179628411027e-02,1.492929107481761886e+00,-1.586950381191428283e+00
8.548000000000000398e+01,2.405331840748273220e-02,1.488929629399051269e+00,-1.586950366688356429e+00
8.550000000000000000e+01,2.398870511054241803e-02,1.484930151315383862e+00,-1.586950352185284352e+00
8.551999999999999602e+01,2.392409184422245733e-02,1.480930673230759442e+00,-1.586950337682212719e+00
8.554000000000000625e+01,2.385947861951331558e-02,1.476931195124432383e+00,-1.586950324472699236e+00
8.556000000000000227e+01,2.379486546204195863e-02,1.472931717017054831e+00,-1.586950311263185531e+00
8.557999999999999829e+01,2.373025237180838645e-02,1.468932238908626564e+00,-1.586950298053672270e+00
8.559999999999999432e+01,2.366563931519370667e-02,1.464932760800198297e+00,-1.586950284844158787e+00
8.562000000000000455e+01,2.360102632581681167e-02,1.460933282690719537e+00,-1.586950271634645526e+00
8.564000000000000057e+01,2.353641339190769982e-02,1.456933804565289314e+00,-1.586950259600655944e+00
8.565999999999999659e+01,2.347180049490149925e-02,1.452934326439859092e+00,-1.586950247566666583e+00
8.568000000000000682e+01,2.340718763479820649e-02,1.448934848313275792e+00,-1.586950235532677000e+00
8.570000000000000284e+01,2.334257484850072936e-02,1.444935370185539192e+00,-1.586950223498687640e+00
8.571999999999999886e+01,2.327796209910616351e-02,1.440935892056649292e+00,-1.586950211464698501e+00
8.573999999999999488e+01,2.321334936908034385e-02,1.436936413905364196e+00,-1.586950200499986918e+00
8.576000000000000512e+01,2.314873672005787753e-02,1.432936935754079100e+00,-1.586950189535274891e+00
8.578000000000000114e+01,2.308412411153708613e-02,1.428937457600262695e+00,-1.586950178570563086e+00
8.579999999999999716e+01,2.301951150301629473e-02,1.424937979447711944e+00,-1.586950167605851059e+00
8.581999999999999318e+01,2.295489897549885666e-02,1.420938501292629885e+00,-1.586950156641139476e+00
8.584000000000000341e+01,2.289028650101617227e-02,1.416939023206585491e+00,-1.586950146647989168e+00
8.585999999999999943e+01,2.282567407097284631e-02,1.412939545117763540e+00,-1.586950136654838861e+00
8.587999999999999545e+01,2.276106164092952036e-02,1.408940067028941590e+00,-1.586950126661688554e+00
8.590000000000000568e+01,2.269644925532555632e-02,1.404940588940119639e+00,-1.586950116668538024e+00
8.592000000000000171e+01,2.263183695860031264e-02,1.400941110849909021e+00,-1.586950106675388161e+00
8.593999999999999773e+01,2.256722467029515997e-02,1.396941632738463834e+00,-1.586950097566094398e+00
8.595999999999999375e+01,2.250261238199000730e-02,1.392942154623971751e+00,-1.586950088456800856e+00
8.598000000000000398e+01,2.243800019118730171e-02,1.388942676511003116e+00,-1.586950079347507314e+00
8.600000000000000000e+01,2.237338800038459613e-02,1.384943198396511033e+00,-1.586950070238213772e+00
8.601999999999999602e+01,2.230877585833311583e-02,1.380943720280495501e+00,-1.586950061128920231e+00
8.604000000000000625e+01,2.224416374148000669e-02,1.376944242200545565e+00,-1.586950052823789425e+00
8.606000000000000227e+01,2.217955167809856909e-02,1.372944764120595629e+00,-1.586950044518658620e+00
8.607999999999999829e+01,2.211493961471713149e-02,1.368945286038974585e+00,-1.586950036213527815e+00
8.609999999999999432e+01,2.205032760480736195e-02,1.364945807955682655e+00,-1.586950027908397232e+00
8.612000000000000455e+01,2.198571564836926048e-02,1.360946329874061611e+00,-1.586950019603266204e+00
8.614000000000000057e+01,2.192110370533073213e-02,1.356946851729026626e+00,-1.586950012029205492e+00
8.615999999999999659e+01,2.185649176229220378e-02,1.352947373583991642e+00,-1.586950004455145002e+00
8.618000000000000682e+01,2.179187987788658645e-02,1.348947895438956657e+00,-1.586949996881084735e+00
8.620000000000000284e+01,2.172726805211388015e-02,1.344948417293921672e+00,-1.586949989307024023e+00
8.621999999999999886e+01,2.166265622634117385e-02,1.340948939147054375e+00,-1.586949981732963755e+00
8.623999999999999488e+01,2.159804440056846755e-02,1.336949461000187078e+00,-1.586949974158903043e+00
8.626000000000000512e+01,2.153343261658639471e-02,1.332949982827683177e+00,-1.586949967250492977e+00
8.628000000000000114e+01,2.146882089688672418e-02,1.328950504655179277e+00,-1.586949960342082244e+00
8.629999999999999716e+01,2.140420917718705365e-02,1.324951026482675376e+00,-1.586949953433671512e+00
8.631999999999999318e+01,2.133959752176978197e-02,1.320951548308162637e+00,-1.586949946525261002e+00
8.634000000000000341e+01,2.127498585259537597e-02,1.316952070120371632e+00,-1.586949940234994028e+00
8.635999999999999943e+01,2.121037425402038865e-02,1.312952591930374391e+00,-1.586949933944726387e+00
8.637999999999999545e+01,2.114576258484598265e-02,1.308953113740377150e+00,-1.586949927654458969e+00
8.640000000000000568e+01,2.108115105687041399e-02,1.304953635550379909e+00,-1.586949921364191551e+00
8.642000000000000171e+01,2.101653945829542666e-02,1.300954157358176433e+00,-1.586949915073924133e+00
8.643999999999999773e+01,2.095192792813093535e-02,1.296954679297788626e+00,-1.586949909334270714e+00
8.645999999999999375e+01,2.088731647533857358e-02,1.292955201237400820e+00,-1.586949903594617073e+00
8.648000000000000398e+01,2.082270494517408227e-02,1.288955723177013013e+00,-1.586949897854963876e+00
8.650000000000000000e+01,2.075809349238172050e-02,1.284956245114207141e+00,-1.586949892115310456e+00
8.651999999999999602e+01,2.069348203958935872e-02,1.280956767053819334e+00,-1.586949886375656815e+00
8.654000000000000625e+01,2.062887066416912649e-02,1.276957288991013462e+00,-1.586949880636003618e+00
8.656000000000000227e+01,2.056425924644062972e-02,1.272957810807422652e+00,-1.586949875396250764e+00
8.657999999999999829e+01,2.049964782871213295e-02,1.268958332621183294e+00,-1.586949870156497688e+00
8.659999999999999432e+01,2.043503649573748596e-02,1.264958854437592484e+00,-1.586949864916745279e+00
8.662000000000000455e+01,2.037042516276283896e-02,1.260959376251353126e+00,-1.586949859676992203e+00
8.664000000000000057e+01,2.030581384504022424e-02,1.256959898056698499e+00,-1.586949854902480972e+00
8.665999999999999659e+01,2.024120262033010653e-02,1.252960419862043873e+00,-1.586949850127969741e+00
8.668000000000000682e+01,2.017659130260749181e-02,1.248960941667389246e+00,-1.586949845353458732e+00
8.670000000000000284e+01,2.011198007789737410e-02,1.244961463472734620e+00,-1.586949840578947279e+00
8.671999999999999886e+01,2.004736885318725639e-02,1.240961985278079993e+00,-1.586949835804436049e+00
8.673999999999999488e+01,1.998275755195668899e-02,1.236962507219806717e+00,-1.586949831444792958e+00
8.676000000000000512e+01,1.991814635258977451e-02,1.232963029161533441e+00,-1.586949827085149423e+00
8.678000000000000114e+01,1.985353525508651643e-02,1.228963551103260166e+00,-1.586949822725506332e+00
8.679999999999999716e+01,1.978892405571960195e-02,1.224964073041803436e+00,-1.586949818365862797e+00
8.681999999999999318e+01,1.972431285635268747e-02,1.220964594983530160e+00,-1.586949814006219484e+00
8.684000000000000341e+01,1.965970178742229568e-02,1.216965116901852717e+00,-1.586949810022920015e+00
8.685999999999999943e+01,1.959509071849190390e-02,1.212965638816691172e+00,-1.586949806039620769e+00
8.687999999999999545e+01,1.953047953807373477e-02,1.208966160735013728e+00,-1.586949802056321079e+00
8.690000000000000568e+01,1.946586846914334298e-02,1.204966682649852183e+00,-1.586949798073021611e+00
8.692000000000000171e+01,1.940125740021295120e-02,1.200967204564690638e+00,-1.586949794089722143e+00
8.693999999999999773e+01,1.933664641794841793e-02,1.196967726379235986e+00,-1.586949790449325048e+00
8.695999999999999375e+01,1.927203531369466039e-02,1.192968248193781333e+00,-1.586949786808927954e+00
8.698000000000000398e+01,1.920742433143012712e-02,1.188968770004514619e+00,-1.586949783168530637e+00
8.700000000000000000e+01,1.914281334916559385e-02,1.184969291819059967e+00,-1.586949779528133986e+00
8.701999999999999602e+01,1.907820224491183630e-02,1.180969813629793252e+00,-1.586949775887736669e+00
8.704000000000000625e+01,1.901359129743697418e-02,1.176970335416846591e+00,-1.586949772561150995e+00
8.706000000000000227e+01,1.894898034996211206e-02,1.172970857203899930e+00,-1.586949769234565100e+00
8.707999999999999829e+01,1.888436940248724993e-02,1.168971378990953269e+00,-1.586949765907979426e+00
8.709999999999999432e+01,1.881975845501238781e-02,1.164971900778006608e+00,-1.586949762581393975e+00
8.712000000000000455e+01,1.875514750753752569e-02,1.160972422565059947e+00,-1.586949759254808523e+00
8.714000000000000057e+01,1.869053661181179632e-02,1.156972944514004231e+00,-1.586949756212045592e+00
8.715999999999999659e+01,1.862592571608606695e-02,1.152973466462948515e+00,-1.586949753169282884e+00
8.718000000000000682e+01,1.856131482036033759e-02,1.148973988407331781e+00,-1.586949750126520176e+00
8.720000000000000284e+01,1.849670392463460822e-02,1.144974510356276065e+00,-1.586949747083757467e+00
8.721999999999999886e+01,1.843209302890887885e-02,1.140975032305220349e+00,-1.586949744040994759e+00
8.723999999999999488e+01,1.836748217552349252e-02,1.136975554006935729e+00,-1.586949741257325464e+00
8.726000000000000512e+01,1.830287148167186392e-02,1.132976075708651109e+00,-1.586949738473656168e+00
8.728000000000000114e+01,1.823826062828647759e-02,1.128976597410366489e+00,-1.586949735689986873e+00
8.729999999999999716e+01,1.817364977490109126e-02,1.124977119107096524e+00,-1.586949732906317800e+00
8.731999999999999318e+01,1.810903892151570493e-02,1.120977640808811904e+00,-1.586949730122648505e+00
8.734000000000000341e+01,1.804442807091157647e-02,1.116978162658419427e+00,-1.586949727576863589e+00
8.735999999999999943e+01,1.797981739474844090e-02,1.112978684502575533e+00,-1.586949725031078673e+00
8.737999999999999545e+01,1.791520654414431243e-02,1.108979206346731639e+00,-1.586949722485294423e+00
8.740000000000000568e+01,1.785059586798117687e-02,1.104979728196339162e+00,-1.586949719939509507e+00
8.742000000000000171e+01,1.778598501737704840e-02,1.100980250040495267e+00,-1.586949717393724812e+00
8.743999999999999773e+01,1.772137423237719195e-02,1.096980771869486171e+00,-1.586949715064253752e+00
8.745999999999999375e+01,1.765676363801685703e-02,1.092981293698477074e+00,-1.586949712734783358e+00
8.748000000000000398e+01,1.759215285301700057e-02,1.088981815527467978e+00,-1.586949710405312297e+00
8.750000000000000000e+01,1.752754206801714412e-02,1.084982337356458881e+00,-1.586949708075841459e+00
8.751999999999999602e+01,1.746293147365680920e-02,1.080982859185449785e+00,-1.586949705746370620e+00
8.754000000000000625e+01,1.739832075907309442e-02,1.076983381188314493e+00,-1.586949703611514995e+00
8.756000000000000227e+01,1.733371004448937963e-02,1.072983903191179200e+00,-1.586949701476659591e+00
8.757999999999999829e+01,1.726909932990566485e-02,1.068984425194043908e+00,-1.586949699341803743e+00
8.759999999999999432e+01,1.720448861532195006e-02,1.064984947190408038e+00,-1.586949697206948118e+00
8.762000000000000455e+01,1.713987790073823528e-02,1.060985469193272746e+00,-1.586949695072092270e+00
8.764000000000000057e+01,1.707526723239146532e-02,1.056985991230247057e+00,-1.586949693116670002e+00
8.765999999999999659e+01,1.701065679115120952e-02,1.052986513260124157e+00,-1.586949691161247511e+00
8.768000000000000682e+01,1.694604612280443956e-02,1.048987035290001257e+00,-1.586949689205825020e+00
8.770000000000000284e+01,1.688143545445766960e-02,1.044987557326975569e+00,-1.586949687250402530e+00
8.771999999999999886e+01,1.681682478611089965e-02,1.040988079356852669e+00,-1.586949685294979817e+00
8.773999999999999488e+01,1.675221411776412969e-02,1.036988601386729769e+00,-1.586949683339557549e+00
8.776000000000000512e+01,1.668760356705191114e-02,1.032989123480419380e+00,-1.586949681549359337e+00
8.778000000000000114e+01,1.662299301633969259e-02,1.028989645566356970e+00,-1.586949679759161125e+00
8.779999999999999716e+01,1.655838246562747404e-02,1.024990167652294559e+00,-1.586949677968962913e+00
8.781999999999999318e+01,1.649377166684820942e-02,1.020990689745984170e+00,-1.586949676178764701e+00
8.784000000000000341e+01,1.642916134132395983e-02,1.016991211727668265e+00,-1.586949674542262212e+00
8.785999999999999943e+01,1.636455074443493238e-02,1.012991733700872254e+00,-1.586949672905759501e+00
8.787999999999999545e+01,1.629994014754590492e-02,1.008992255682556349e+00,-1.586949671269256568e+00
8.790000000000000568e+01,1.623532955065687747e-02,1.004992777664240444e+00,-1.586949669632753857e+00
8.792000000000000171e+01,1.617071895376785001e-02,1.000993299645924539e+00,-1.586949667996251145e+00
8.793999999999999773e+01,1.610610826604482945e-02,9.969938212356744822e-01,-1.586949666494838374e+00
8.795999999999999375e+01,1.604149787410276418e-02,9.929943428254244253e-01,-1.586949664993426046e+00
8.798000000000000398e+01,1.597688718637974362e-02,9.889948644151743684e-01,-1.586949663492013496e+00
8.800000000000000000e+01,1.591227679443767834e-02,9.849953859956812607e-01,-1.586949661990600946e+00
8.801999999999999602e+01,1.584766610671465778e-02,9.809959075854312038e-01,-1.586949660489188618e+00
8.804000000000000625e+01,1.578305576793420650e-02,9.769964291951435120e-01,-1.586949659111474009e+00
8.806000000000000227e+01,1.571844510681603621e-02,9.729969507947827667e-01,-1.586949657733760066e+00
8.807999999999999829e+01,1.565383476803558493e-02,9.689974724044950749e-01,-1.586949656356045901e+00
8.809999999999999432e+01,1.558922410691741638e-02,9.649979940041343296e-01,-1.586949654978331736e+00
8.812000000000000455e+01,1.552461376813696337e-02,9.609985156037735843e-01,-1.586949653600617571e+00
8.814000000000000057e+01,1.546000305207622522e-02,9.569990374860283255e-01,-1.586949652334327610e+00
8.815999999999999659e+01,1.539539268671658891e-02,9.529995593573237223e-01,-1.586949651068037870e+00
8.818000000000000682e+01,1.533078232135695260e-02,9.490000812395784635e-01,-1.586949649801748352e+00
8.820000000000000284e+01,1.526617160529621445e-02,9.450006031108738602e-01,-1.586949648535458612e+00
8.821999999999999886e+01,1.520156123993657814e-02,9.410011249931286015e-01,-1.586949647269168873e+00
8.823999999999999488e+01,1.513695070786889689e-02,9.370016467973478758e-01,-1.586949646105253686e+00
8.826000000000000512e+01,1.507234017580121564e-02,9.330021685896437988e-01,-1.586949644941338722e+00
8.828000000000000114e+01,1.500773002528127918e-02,9.290026903938630731e-01,-1.586949643777423313e+00
8.829999999999999716e+01,1.494311949321359793e-02,9.250032121980823474e-01,-1.586949642613508127e+00
8.831999999999999318e+01,1.487850896114591669e-02,9.210037340023016217e-01,-1.586949641449592940e+00
8.834000000000000341e+01,1.481389836574238672e-02,9.170042560149312960e-01,-1.586949640384915927e+00
8.835999999999999943e+01,1.474928818745051273e-02,9.130047780275609703e-01,-1.586949639320239136e+00
8.837999999999999545e+01,1.468467759204698277e-02,9.090053000401906447e-01,-1.586949638255561679e+00
8.840000000000000568e+01,1.462006699664345280e-02,9.050058220658550034e-01,-1.586949637190884888e+00
8.842000000000000171e+01,1.455545681835157881e-02,9.010063440784846778e-01,-1.586949636126207874e+00
8.843999999999999773e+01,1.449084651958789348e-02,8.970068656441003707e-01,-1.586949635141160275e+00
8.845999999999999375e+01,1.442623576999387154e-02,8.930073872238044608e-01,-1.586949634156113120e+00
8.848000000000000398e+01,1.436162547123018621e-02,8.890079088035085508e-01,-1.586949633171065743e+00
8.850000000000000000e+01,1.429701517246650087e-02,8.850084303832126409e-01,-1.586949632186018144e+00
8.851999999999999602e+01,1.423240442287247894e-02,8.810089519629167309e-01,-1.586949631200970767e+00
8.854000000000000625e+01,1.416779427784865125e-02,8.770094737096765236e-01,-1.586949630301652814e+00
8.856000000000000227e+01,1.410318363901825502e-02,8.730099954564363163e-01,-1.586949629402334638e+00
8.857999999999999829e+01,1.403857349399442733e-02,8.690105172031961089e-01,-1.586949628503016463e+00
8.859999999999999432e+01,1.397396285516403110e-02,8.650110389499559016e-01,-1.586949627603698287e+00
8.862000000000000455e+01,1.390935271014020341e-02,8.610115606967156943e-01,-1.586949626704380112e+00
8.864000000000000057e+01,1.384474207130980718e-02,8.570120824434754869e-01,-1.586949625805061936e+00
8.865999999999999659e+01,1.378013162597488579e-02,8.530126040890952943e-01,-1.586949624970865891e+00
8.868000000000000682e+01,1.371552171299592060e-02,8.490131257180789648e-01,-1.586949624136669845e+00
8.870000000000000284e+01,1.365091126766099922e-02,8.450136473470626353e-01,-1.586949623302474022e+00
8.871999999999999886e+01,1.358630082232607783e-02,8.410141689760463057e-01,-1.586949622468277754e+00
8.873999999999999488e+01,1.352169045679471084e-02,8.370146903903482594e-01,-1.586949621709659919e+00
8.876000000000000512e+01,1.345708009126334384e-02,8.330152117863567351e-01,-1.586949620951042084e+00
8.878000000000000114e+01,1.339246972573197685e-02,8.290157331823652109e-01,-1.586949620192424026e+00
8.879999999999999716e+01,1.332785936020060985e-02,8.250162545966671646e-01,-1.586949619433806635e+00
8.881999999999999318e+01,1.326324899466924286e-02,8.210167759926756403e-01,-1.586949618675188578e+00
8.884000000000000341e+01,1.319863881555359900e-02,8.170172973237164182e-01,-1.586949617975686344e+00
8.885999999999999943e+01,1.313402800157326827e-02,8.130178186745967706e-01,-1.586949617276184110e+00
8.887999999999999545e+01,1.306941782245762441e-02,8.090183400056375485e-01,-1.586949616576682098e+00
8.890000000000000568e+01,1.300480764334198056e-02,8.050188613366783263e-01,-1.586949615877179864e+00
8.892000000000000171e+01,1.294019682936164983e-02,8.010193826875586787e-01,-1.586949615177677186e+00
8.893999999999999773e+01,1.287558647761965006e-02,7.970199051583238825e-01,-1.586949614535081654e+00
8.895999999999999375e+01,1.281097612587765028e-02,7.930204276506854777e-01,-1.586949613892486122e+00
8.898000000000000398e+01,1.274636577413565050e-02,7.890209501214506815e-01,-1.586949613249890145e+00
8.900000000000000000e+01,1.268175611347997604e-02,7.850214726138122767e-01,-1.586949612607294613e+00
8.901999999999999602e+01,1.261714576173797626e-02,7.810219950845774806e-01,-1.586949611964698637e+00
8.904000000000000625e+01,1.255253480488302369e-02,7.770225175714566834e-01,-1.586949611375445546e+00
8.906000000000000227e+01,1.248792460167560611e-02,7.730230400583358863e-01,-1.586949610786192455e+00
8.907999999999999829e+01,1.242331439846818854e-02,7.690235625216635951e-01,-1.586949610196939364e+00
8.909999999999999432e+01,1.235870419526077096e-02,7.650240850085427979e-01,-1.586949609607686051e+00
8.912000000000000455e+01,1.229409399205335339e-02,7.610246074954220008e-01,-1.586949609018433183e+00
8.914000000000000057e+01,1.222948358438099431e-02,7.570251300434359676e-01,-1.586949608465864969e+00
8.915999999999999659e+01,1.216487317670863523e-02,7.530256525914499344e-01,-1.586949607913296756e+00
8.918000000000000682e+01,1.210026276903627615e-02,7.490261751394639012e-01,-1.586949607360728542e+00
8.920000000000000284e+01,1.203565236136391707e-02,7.450266976874778679e-01,-1.586949606808160329e+00
8.921999999999999886e+01,1.197104195369155799e-02,7.410272202606069669e-01,-1.586949606255592116e+00
8.923999999999999488e+01,1.190643234970120527e-02,7.370277428086209337e-01,-1.586949605703023902e+00
8.926000000000000512e+01,1.184182194202884619e-02,7.330282653566349005e-01,-1.586949605150455689e+00
8.928000000000000114e+01,1.177721122955064162e-02,7.290287877896369784e-01,-1.586949604631459287e+00
8.929999999999999716e+01,1.171260137274146226e-02,7.250293101958994457e-01,-1.586949604112462886e+00
8.931999999999999318e+01,1.164799066026325769e-02,7.210298326289015236e-01,-1.586949603593466707e+00
8.934000000000000341e+01,1.158338100206651039e-02,7.170303540675309062e-01,-1.586949603128115394e+00
8.935999999999999943e+01,1.151877038955964085e-02,7.130308754763381440e-01,-1.586949602662764525e+00
8.937999999999999545e+01,1.145415977705277130e-02,7.090313969149675266e-01,-1.586949602197413212e+00
8.940000000000000568e+01,1.138955011885602400e-02,7.050319183237747644e-01,-1.586949601732062121e+00
8.942000000000000171e+01,1.132493950634915446e-02,7.010324397624041470e-01,-1.586949601266711030e+00
8.943999999999999773e+01,1.126032920817369304e-02,6.970329612157734056e-01,-1.586949600843168273e+00
8.945999999999999375e+01,1.119571890999823162e-02,6.930334827019085653e-01,-1.586949600419625517e+00
8.948000000000000398e+01,1.113110861182277020e-02,6.890340041552778239e-01,-1.586949599996082538e+00
8.950000000000000000e+01,1.106649831364730878e-02,6.850345256414129835e-01,-1.586949599572540004e+00
8.951999999999999602e+01,1.100188801547184736e-02,6.810350470947822421e-01,-1.586949599148997248e+00
8.954000000000000625e+01,1.093727765055423767e-02,6.770355694730496587e-01,-1.586949598746796752e+00
8.956000000000000227e+01,1.087266728563662799e-02,6.730360918513170754e-01,-1.586949598344596479e+00
8.957999999999999829e+01,1.080805692071901830e-02,6.690366142295844920e-01,-1.586949597942395540e+00
8.959999999999999432e+01,1.074344655580140862e-02,6.650371366078519086e-01,-1.586949597540195267e+00
8.962000000000000455e+01,1.067883619088379893e-02,6.610376589861193253e-01,-1.586949597137994772e+00
8.964000000000000057e+01,1.061422677660178032e-02,6.570381797050490746e-01,-1.586949596752930569e+00
8.965999999999999659e+01,1.054961620903329886e-02,6.530387004600189949e-01,-1.586949596367866366e+00
8.968000000000000682e+01,1.048500564146481739e-02,6.490392211789487442e-01,-1.586949595982802164e+00
8.970000000000000284e+01,1.042039507389633593e-02,6.450397419339186644e-01,-1.586949595597737961e+00
8.971999999999999886e+01,1.035578565961431732e-02,6.410402626528484138e-01,-1.586949595212673980e+00
8.973999999999999488e+01,1.029117517739916443e-02,6.370407849532091493e-01,-1.586949594852868684e+00
8.976000000000000512e+01,1.022656469518401154e-02,6.330413072535698848e-01,-1.586949594493063609e+00
8.978000000000000114e+01,1.016195421296885865e-02,6.290418295153603623e-01,-1.586949594133258534e+00
8.979999999999999716e+01,1.009734373075370575e-02,6.250423518157210978e-01,-1.586949593773453460e+00
8.981999999999999318e+01,1.003273448278785111e-02,6.210428741160818333e-01,-1.586949593413648607e+00
8.984000000000000341e+01,9.968124210455685946e-03,6.170433956928900177e-01,-1.586949593077953802e+00
8.985999999999999943e+01,9.903513938123520779e-03,6.130439172696982020e-01,-1.586949592742258996e+00
8.987999999999999545e+01,9.838903665791355613e-03,6.090444388465063863e-01,-1.586949592406564635e+00
8.990000000000000568e+01,9.774293393459190446e-03,6.050449604233145706e-01,-1.586949592070870052e+00
8.992000000000000171e+01,9.709683121127025279e-03,6.010454820001227549e-01,-1.586949591735175247e+00
8.993999999999999773e+01,9.645071689543465582e-03,5.970460043882344081e-01,-1.586949591454259734e+00
8.995999999999999375e+01,9.580461838822414491e-03,5.930465267269440233e-01,-1.586949591173343999e+00
8.998000000000000398e+01,9.515851988101363401e-03,5.890470490656536384e-01,-1.586949590892428263e+00
9.000000000000000000e+01,9.451242137380312311e-03,5.850475714043632536e-01,-1.586949590611512528e+00
9.001999999999999602e+01,9.386630705796754348e-03,5.810480937430728687e-01,-1.586949590330596793e+00
9.004000000000000625e+01,9.322020832203946686e-03,5.770486141470676511e-01,-1.586949590068300830e+00
9.006000000000000227e+01,9.257410958611139024e-03,5.730491344981535340e-01,-1.586949589806005090e+00
9.007999999999999829e+01,9.192801085018331361e-03,5.690496548492394169e-01,-1.586949589543709571e+00
9.009999999999999432e+01,9.128189518339031513e-03,5.650501752003252998e-01,-1.586949589281413830e+00
9.012000000000000455e+01,9.063579644746223851e-03,5.610506955514111826e-01,-1.586949589019118090e+00
9.014000000000000057e+01,8.998970072068318560e-03,5.570512173180232063e-01,-1.586949588727987193e+00
9.015999999999999659e+01,8.934358973996780681e-03,5.530517391323037657e-01,-1.586949588436856518e+00
9.018000000000000682e+01,8.869749401318875390e-03,5.490522608989157893e-01,-1.586949588145725398e+00
9.020000000000000284e+01,8.805138303247337511e-03,5.450527826655278130e-01,-1.586949587854594279e+00
9.021999999999999886e+01,8.740528730569432220e-03,5.410533044798083724e-01,-1.586949587563463382e+00
9.023999999999999488e+01,8.675919022536282554e-03,5.370538268460823828e-01,-1.586949587290692243e+00
9.026000000000000512e+01,8.611307686439429940e-03,5.330543492123563931e-01,-1.586949587017920660e+00
9.028000000000000114e+01,8.546697978406280274e-03,5.290548715277534342e-01,-1.586949586745149521e+00
9.029999999999999716e+01,8.482088270373130609e-03,5.250553938940274445e-01,-1.586949586472378160e+00
9.031999999999999318e+01,8.417476934276277994e-03,5.210559162603014549e-01,-1.586949586199606799e+00
9.034000000000000341e+01,8.352868010057011919e-03,5.170564374732283808e-01,-1.586949585986232814e+00
9.035999999999999943e+01,8.288257004565825412e-03,5.130569586211156663e-01,-1.586949585772858606e+00
9.037999999999999545e+01,8.223648080346559336e-03,5.090574798340425922e-01,-1.586949585559485065e+00
9.040000000000000568e+01,8.159037074855372829e-03,5.050580009819298777e-01,-1.586949585346111080e+00
9.042000000000000171e+01,8.094426069364186321e-03,5.010585221948568035e-01,-1.586949585132736873e+00
9.043999999999999773e+01,8.029816214877829456e-03,4.970590428775056857e-01,-1.586949584932775936e+00
9.045999999999999375e+01,7.965206360391472590e-03,4.930595635601545679e-01,-1.586949584732815000e+00
9.048000000000000398e+01,7.900596505905115724e-03,4.890600842428034500e-01,-1.586949584532854063e+00
9.050000000000000000e+01,7.835986651418758858e-03,4.850606049254523322e-01,-1.586949584332893126e+00
9.051999999999999602e+01,7.771374576051936350e-03,4.810611256081012144e-01,-1.586949584132932189e+00
9.054000000000000625e+01,7.706764274977463171e-03,4.770616466969987979e-01,-1.586949583977292022e+00
9.056000000000000227e+01,7.642153973902989991e-03,4.730621676967304845e-01,-1.586949583821651855e+00
9.057999999999999829e+01,7.577543672828516812e-03,4.690626887856280680e-01,-1.586949583666011465e+00
9.059999999999999432e+01,7.512933371754043632e-03,4.650632097853597546e-01,-1.586949583510371520e+00
9.062000000000000455e+01,7.448325923987337595e-03,4.610637308742573381e-01,-1.586949583354731352e+00
9.064000000000000057e+01,7.383714434344835695e-03,4.570642515108768178e-01,-1.586949583118230755e+00
9.065999999999999659e+01,7.319104822452040388e-03,4.530647721474962974e-01,-1.586949582881729715e+00
9.068000000000000682e+01,7.254495210559245080e-03,4.490652927841157771e-01,-1.586949582645228896e+00
9.070000000000000284e+01,7.189883720916743180e-03,4.450658134207352568e-01,-1.586949582408728077e+00
9.071999999999999886e+01,7.125274109023947873e-03,4.410663340573547364e-01,-1.586949582172227258e+00
9.073999999999999488e+01,7.060663338089420184e-03,4.370668579511749474e-01,-1.586949582015619198e+00
9.076000000000000512e+01,6.996052567154892494e-03,4.330673818449951584e-01,-1.586949581859011138e+00
9.078000000000000114e+01,6.931441796220364805e-03,4.290679057388153694e-01,-1.586949581702403300e+00
9.079999999999999716e+01,6.866833860957152931e-03,4.250684296326355804e-01,-1.586949581545795018e+00
9.081999999999999318e+01,6.802223090022625242e-03,4.210689535264557914e-01,-1.586949581389186958e+00
9.084000000000000341e+01,6.737614829657618057e-03,4.170694772616740376e-01,-1.586949581293747746e+00
9.085999999999999943e+01,6.673001916194997059e-03,4.130700008514829880e-01,-1.586949581198308312e+00
9.087999999999999545e+01,6.608393655829989874e-03,4.090705245867012341e-01,-1.586949581102868656e+00
9.090000000000000568e+01,6.543780742367368876e-03,4.050710483219194802e-01,-1.586949581007429000e+00
9.092000000000000171e+01,6.479172482002361691e-03,4.010715720571377263e-01,-1.586949580911989788e+00
9.093999999999999773e+01,6.414562331457747055e-03,3.970720950296022789e-01,-1.586949580712737840e+00
9.095999999999999375e+01,6.349952180913132418e-03,3.930726180717162288e-01,-1.586949580513485891e+00
9.098000000000000398e+01,6.285342030368517782e-03,3.890731410441807814e-01,-1.586949580314233943e+00
9.100000000000000000e+01,6.220731879823903146e-03,3.850736640862947313e-01,-1.586949580114981773e+00
9.101999999999999602e+01,6.156121729279288510e-03,3.810741870587592839e-01,-1.586949579915730046e+00
9.104000000000000625e+01,6.091509539165347945e-03,3.770747067898021498e-01,-1.586949579831293367e+00
9.106000000000000227e+01,6.026902608488942173e-03,3.730752265208450158e-01,-1.586949579746856687e+00
9.107999999999999829e+01,5.962290418375001608e-03,3.690757462518878818e-01,-1.586949579662420007e+00
9.109999999999999432e+01,5.897678228261061043e-03,3.650762659829307477e-01,-1.586949579577983549e+00
9.112000000000000455e+01,5.833071297584655271e-03,3.610767857139736137e-01,-1.586949579493546425e+00
9.114000000000000057e+01,5.768461223307521681e-03,3.570773061631833389e-01,-1.586949579277420197e+00
9.115999999999999659e+01,5.703849094264000670e-03,3.530778266123930642e-01,-1.586949579061293747e+00
9.118000000000000682e+01,5.639239019986867080e-03,3.490783470616027895e-01,-1.586949578845167297e+00
9.120000000000000284e+01,5.574628945709733489e-03,3.450788675108125148e-01,-1.586949578629040847e+00
9.121999999999999886e+01,5.510018871432599899e-03,3.410793879600222400e-01,-1.586949578412914397e+00
9.123999999999999488e+01,5.445410397701193513e-03,3.370799072628048454e-01,-1.586949578310326681e+00
9.126000000000000512e+01,5.380797595093824576e-03,3.330804264303100504e-01,-1.586949578207738965e+00
9.128000000000000114e+01,5.316189121362418189e-03,3.290809457330926557e-01,-1.586949578105151248e+00
9.129999999999999716e+01,5.251580647631011803e-03,3.250814649005978607e-01,-1.586949578002563532e+00
9.131999999999999318e+01,5.186967845023642866e-03,3.210819842033804661e-01,-1.586949577899975816e+00
9.134000000000000341e+01,5.122354369200630107e-03,3.170825053405226801e-01,-1.586949577980774739e+00
9.135999999999999943e+01,5.057746389590259475e-03,3.130830266494215586e-01,-1.586949578061574329e+00
9.137999999999999545e+01,4.993138409979889711e-03,3.090835477865637726e-01,-1.586949578142373252e+00
9.140000000000000568e+01,4.928524934156876952e-03,3.050840689237059866e-01,-1.586949578223172619e+00
9.142000000000000171e+01,4.863916954546507188e-03,3.010845900608482006e-01,-1.586949578303971542e+00
9.143999999999999773e+01,4.799308079297402371e-03,2.970851111560396385e-01,-1.586949578080596668e+00
9.145999999999999375e+01,4.734697215960561451e-03,2.930856323133587682e-01,-1.586949577857221350e+00
9.148000000000000398e+01,4.670086352623720530e-03,2.890861534085501505e-01,-1.586949577633846253e+00
9.150000000000000000e+01,4.605477477374615713e-03,2.850866745658692802e-01,-1.586949577410471157e+00
9.151999999999999602e+01,4.540866614037774793e-03,2.810871956610606626e-01,-1.586949577187096061e+00
9.154000000000000625e+01,4.476257294206116913e-03,2.770877106733968254e-01,-1.586949577215414742e+00
9.156000000000000227e+01,4.411647974374459033e-03,2.730882251956744389e-01,-1.586949577243733422e+00
9.157999999999999829e+01,4.347038654542801153e-03,2.690887402080106017e-01,-1.586949577272052103e+00
9.159999999999999432e+01,4.282429334711143273e-03,2.650892552203467645e-01,-1.586949577300370562e+00
9.162000000000000455e+01,4.217820014879485394e-03,2.610897702326829273e-01,-1.586949577328689687e+00
9.164000000000000057e+01,4.153208881233353897e-03,2.570902913725262584e-01,-1.586949577608884887e+00
9.165999999999999659e+01,4.088599332514211530e-03,2.530908125123695895e-01,-1.586949577889080087e+00
9.168000000000000682e+01,4.023989783795069164e-03,2.490913336522129484e-01,-1.586949578169275732e+00
9.170000000000000284e+01,3.959378650148937667e-03,2.450918548415852716e-01,-1.586949578449471154e+00
9.171999999999999886e+01,3.894769101429795734e-03,2.410923759814286305e-01,-1.586949578729666577e+00
9.173999999999999488e+01,3.830158268235012500e-03,2.370928973260416628e-01,-1.586949579044930836e+00
9.176000000000000512e+01,3.765548843665702042e-03,2.330934186266351293e-01,-1.586949579360195317e+00
9.178000000000000114e+01,3.700938010470918808e-03,2.290939399712481617e-01,-1.586949579675459354e+00
9.179999999999999716e+01,3.636327177276135574e-03,2.250944613158611940e-01,-1.586949579990723613e+00
9.181999999999999318e+01,3.571717752706825115e-03,2.210949826604742263e-01,-1.586949580305987650e+00
9.184000000000000341e+01,3.507107088457262108e-03,2.170955038260759251e-01,-1.586949580578934205e+00
9.185999999999999943e+01,3.442496424207699100e-03,2.130960250425220637e-01,-1.586949580851880093e+00
9.187999999999999545e+01,3.377887386979974964e-03,2.090965462081237625e-01,-1.586949581124825981e+00
9.190000000000000568e+01,3.313276722730411957e-03,2.050970674245699010e-01,-1.586949581397772313e+00
9.192000000000000171e+01,3.248666058480848950e-03,2.010975886410160396e-01,-1.586949581670718201e+00
9.193999999999999773e+01,3.184056761014396244e-03,1.970981098684211896e-01,-1.586949582001641046e+00
9.195999999999999375e+01,3.119446121574790277e-03,1.930986311377629883e-01,-1.586949582332563669e+00
9.198000000000000398e+01,3.054835482135184310e-03,1.890991523651681383e-01,-1.586949582663486069e+00
9.200000000000000000e+01,2.990226184668731604e-03,1.850996736345099369e-01,-1.586949582994408914e+00
9.201999999999999602e+01,2.925615545229125637e-03,1.811001949038517356e-01,-1.586949583325331536e+00
9.204000000000000625e+01,2.861005267237545693e-03,1.771007171551629844e-01,-1.586949583719848178e+00
9.206000000000000227e+01,2.796394989245965749e-03,1.731012394064742332e-01,-1.586949584114364820e+00
9.207999999999999829e+01,2.731784711254385805e-03,1.691017616226087872e-01,-1.586949584508881683e+00
9.209999999999999432e+01,2.667174433262805861e-03,1.651022838739200360e-01,-1.586949584903397881e+00
9.212000000000000455e+01,2.602564155271225917e-03,1.611028061252312849e-01,-1.586949585297914744e+00
9.214000000000000057e+01,2.537954681687668371e-03,1.571033272091935662e-01,-1.586949585618093073e+00
9.215999999999999659e+01,2.473343821098967273e-03,1.531038482931558475e-01,-1.586949585938272067e+00
9.218000000000000682e+01,2.408732960510266176e-03,1.491043693337742171e-01,-1.586949586258450617e+00
9.220000000000000284e+01,2.344123486926708629e-03,1.451048904177364984e-01,-1.586949586578628946e+00
9.221999999999999886e+01,2.279512626338007532e-03,1.411054114583548680e-01,-1.586949586898807496e+00
9.223999999999999488e+01,2.214902465031494145e-03,1.371059329899744494e-01,-1.586949587258518202e+00
9.226000000000000512e+01,2.150292303724980758e-03,1.331064544830136143e-01,-1.586949587618229129e+00
9.228000000000000114e+01,2.085682142418467371e-03,1.291069759760527791e-01,-1.586949587977939835e+00
9.229999999999999716e+01,2.021071981111953984e-03,1.251074974690919439e-01,-1.586949588337650319e+00
9.231999999999999318e+01,1.956461819805440597e-03,1.211080189621311226e-01,-1.586949588697361024e+00
9.234000000000000341e+01,1.891851541341582838e-03,1.171085406431571774e-01,-1.586949589027550012e+00
9.235999999999999943e+01,1.827241262877725078e-03,1.131090623241832321e-01,-1.586949589357739221e+00
9.237999999999999545e+01,1.762630984413867319e-03,1.091095840052092869e-01,-1.586949589687927986e+00
9.240000000000000568e+01,1.698020705950009559e-03,1.051101056862353417e-01,-1.586949590018117195e+00
9.242000000000000171e+01,1.633410427486151799e-03,1.011106273672613964e-01,-1.586949590348306183e+00
9.243999999999999773e+01,1.633410427486151799e-03,1.011106273672613964e-01,-1.586949590348306183e+00
9.245999999999999375e+01,1.633410427486151799e-03,1.011106273672613964e-01,-1.586949590348306183e+00
9.248000000000000398e+01,1.633410427486151799e-03,1.011106273672613964e-01,-1.586949590348306183e+00
9.250000000000000000e+01,1.633410427486151799e-03,1.011106273672613964e-01,-1.586949590348306183e+00
9.251999999999999602e+01,1.633410427486151799e-03,1.011106273672613964e-01,-1.586949590348306183e+00
9.254000000000000625e+01,1.633410427486151799e-03,1.011106273672613964e-01,-1.586949590348306183e+00
9.256000000000000227e+01,1.633410427486151799e-03,1.011106273672613964e-01,-1.586949590348306183e+00
9.257999999999999829e+01,1.633410427486151799e-03,1.011106273672613964e-01,-1.586949590348306183e+00
9.259999999999999432e+01,1.633410427486151799e-03,1.011106273672613964e-01,-1.586949590348306183e+00
9.262000000000000455e+01,1.633410427486151799e-03,1.011106273672613964e-01,-1.586949590348306183e+00
9.264000000000000057e+01,1.633410427486151799e-03,1.011106273672613964e-01,-1.586949590348306183e+00
9.265999999999999659e+01,1.633410427486151799e-03,1.011106273672613964e-01,-1.586949590348306183e+00
9.268000000000000682e+01,1.633410427486151799e-03,1.011106273672613964e-01,-1.586949590348306183e+00
9.270000000000000284e+01,1.633410427486151799e-03,1.011106273672613964e-01,-1.586949590348306183e+00
9.271999999999999886e+01,1.633410427486151799e-03,1.011106273672613964e-01,-1.586949590348306183e+00
9.273999999999999488e+01,1.633410427486151799e-03,1.011106273672613964e-01,-1.586949590348306183e+00
9.276000000000000512e+01,1.633410427486151799e-03,1.011106273672613964e-01,-1.586949590348306183e+00
9.278000000000000114e+01,1.633410427486151799e-03,1.011106273672613964e-01,-1.586949590348306183e+00
9.279999999999999716e+01,1.633410427486151799e-03,1.011106273672613964e-01,-1.586949590348306183e+00
9.281999999999999318e+01,1.633410427486151799e-03,1.011106273672613964e-01,-1.586949590348306183e+00
9.284000000000000341e+01,1.633410427486151799e-03,1.011106273672613964e-01,-1.586949590348306183e+00
9.285999999999999943e+01,1.633410427486151799e-03,1.011106273672613964e-01,-1.586949590348306183e+00
9.287999999999999545e+01,1.633410427486151799e-03,1.011106273672613964e-01,-1.586949590348306183e+00
9.290000000000000568e+01,1.633410427486151799e-03,1.011106273672613964e-01,-1.586949590348306183e+00
9.292000000000000171e+01,1.633410427486151799e-03,1.011106273672613964e-01,-1.586949590348306183e+00
9.293999999999999773e+01,1.633410427486151799e-03,1.011106273672613964e-01,-1.586949590348306183e+00
9.295999999999999375e+01,1.633410427486151799e-03,1.011106273672613964e-01,-1.586949590348306183e+00
9.298000000000000398e+01,1.633410427486151799e-03,1.011106273672613964e-01,-1.586949590348306183e+00
9.300000000000000000e+01,1.633410427486151799e-03,1.011106273672613964e-01,-1.586949590348306183e+00
9.301999999999999602e+01,1.633410427486151799e-03,1.011106273672613964e-01,-1.586949590348306183e+00
9.304000000000000625e+01,1.633410427486151799e-03,1.011106273672613964e-01,-1.586949590348306183e+00
9.306000000000000227e+01,1.633410427486151799e-03,1.011106273672613964e-01,-1.586949590348306183e+00
9.307999999999999829e+01,1.633410427486151799e-03,1.011106273672613964e-01,-1.586949590348306183e+00
9.309999999999999432e+01,1.633410427486151799e-03,1.011106273672613964e-01,-1.586949590348306183e+00
9.312000000000000455e+01,1.633410427486151799e-03,1.011106273672613964e-01,-1.586949590348306183e+00
9.314000000000000057e+01,1.633410427486151799e-03,1.011106273672613964e-01,-1.586949590348306183e+00
9.315999999999999659e+01,1.633410427486151799e-03,1.011106273672613964e-01,-1.586949590348306183e+00
9.318000000000000682e+01,1.633410427486151799e-03,1.011106273672613964e-01,-1.586949590348306183e+00
9.320000000000000284e+01,1.633410427486151799e-03,1.011106273672613964e-01,-1.586949590348306183e+00
9.321999999999999886e+01,1.633410427486151799e-03,1.011106273672613964e-01,-1.586949590348306183e+00
9.323999999999999488e+01,1.633410427486151799e-03,1.011106273672613964e-01,-1.586949590348306183e+00
9.326000000000000512e+01,1.633410427486151799e-03,1.011106273672613964e-01,-1.586949590348306183e+00
9.328000000000000114e+01,1.633410427486151799e-03,1.011106273672613964e-01,-1.586949590348306183e+00
9.329999999999999716e+01,1.633410427486151799e-03,1.011106273672613964e-01,-1.586949590348306183e+00
9.331999999999999318e+01,1.633410427486151799e-03,1.011106273672613964e-01,-1.586949590348306183e+00
9.334000000000000341e+01,1.633410427486151799e-03,1.011106273672613964e-01,-1.586949590348306183e+00
9.335999999999999943e+01,1.633410427486151799e-03,1.011106273672613964e-01,-1.586949590348306183e+00
9.337999999999999545e+01,1.633410427486151799e-03,1.011106273672613964e-01,-1.586949590348306183e+00
9.340000000000000568e+01,1.633410427486151799e-03,1.011106273672613964e-01,-1.586949590348306183e+00
9.342000000000000171e+01,1.633410427486151799e-03,1.011106273672613964e-01,-1.586949590348306183e+00
9.343999999999999773e+01,1.633410427486151799e-03,1.011106273672613964e-01,-1.586949590348306183e+00
9.345999999999999375e+01,1.633410427486151799e-03,1.011106273672613964e-01,-1.586949590348306183e+00
9.348000000000000398e+01,1.633410427486151799e-03,1.011106273672613964e-01,-1.586949590348306183e+00
9.350000000000000000e+01,1.633410427486151799e-03,1.011106273672613964e-01,-1.586949590348306183e+00
9.351999999999999602e+01,1.633410427486151799e-03,1.011106273672613964e-01,-1.586949590348306183e+00
9.354000000000000625e+01,1.633410427486151799e-03,1.011106273672613964e-01,-1.586949590348306183e+00
9.356000000000000227e+01,1.633410427486151799e-03,1.011106273672613964e-01,-1.586949590348306183e+00
9.357999999999999829e+01,1.633410427486151799e-03,1.011106273672613964e-01,-1.586949590348306183e+00
9.359999999999999432e+01,1.633410427486151799e-03,1.011106273672613964e-01,-1.586949590348306183e+00
9.362000000000000455e+01,1.633410427486151799e-03,1.011106273672613964e-01,-1.586949590348306183e+00
9.364000000000000057e+01,1.633410427486151799e-03,1.011106273672613964e-01,-1.586949590348306183e+00
9.365999999999999659e+01,1.633410427486151799e-03,1.011106273672613964e-01,-1.586949590348306183e+00
9.368000000000000682e+01,1.633410427486151799e-03,1.011106273672613964e-01,-1.586949590348306183e+00
9.370000000000000284e+01,1.633410427486151799e-03,1.011106273672613964e-01,-1.586949590348306183e+00
9.371999999999999886e+01,1.633410427486151799e-03,1.011106273672613964e-01,-1.586949590348306183e+00
9.373999999999999488e+01,1.633410427486151799e-03,1.011106273672613964e-01,-1.586949590348306183e+00
9.376000000000000512e+01,1.633410427486151799e-03,1.011106273672613964e-01,-1.586949590348306183e+00
9.378000000000000114e+01,1.633410427486151799e-03,1.011106273672613964e-01,-1.586949590348306183e+00
9.379999999999999716e+01,1.633410427486151799e-03,1.011106273672613964e-01,-1.586949590348306183e+00
9.381999999999999318e+01,1.633410427486151799e-03,1.011106273672613964e-01,-1.586949590348306183e+00
9.384000000000000341e+01,1.633410427486151799e-03,1.011106273672613964e-01,-1.586949590348306183e+00
9.385999999999999943e+01,1.633410427486151799e-03,1.011106273672613964e-01,-1.586949590348306183e+00
9.387999999999999545e+01,1.633410427486151799e-03,1.011106273672613964e-01,-1.586949590348306183e+00
9.390000000000000568e+01,1.633410427486151799e-03,1.011106273672613964e-01,-1.586949590348306183e+00
9.392000000000000171e+01,1.633410427486151799e-03,1.011106273672613964e-01,-1.586949590348306183e+00
9.393999999999999773e+01,1.633410427486151799e-03,1.011106273672613964e-01,-1.586949590348306183e+00
9.395999999999999375e+01,1.633410427486151799e-03,1.011106273672613964e-01,-1.586949590348306183e+00
9.398000000000000398e+01,1.633410427486151799e-03,1.011106273672613964e-01,-1.586949590348306183e+00
9.400000000000000000e+01,1.633410427486151799e-03,1.011106273672613964e-01,-1.586949590348306183e+00
9.401999999999999602e+01,1.633410427486151799e-03,1.011106273672613964e-01,-1.586949590348306183e+00
9.404000000000000625e+01,1.633410427486151799e-03,1.011106273672613964e-01,-1.586949590348306183e+00
9.406000000000000227e+01,1.633410427486151799e-03,1.011106273672613964e-01,-1.586949590348306183e+00
9.407999999999999829e+01,1.633410427486151799e-03,1.011106273672613964e-01,-1.586949590348306183e+00
9.409999999999999432e+01,1.633410427486151799e-03,1.011106273672613964e-01,-1.586949590348306183e+00
9.412000000000000455e+01,1.633410427486151799e-03,1.011106273672613964e-01,-1.586949590348306183e+00
9.414000000000000057e+01,1.633410427486151799e-03,1.011106273672613964e-01,-1.586949590348306183e+00
9.415999999999999659e+01,1.633410427486151799e-03,1.011106273672613964e-01,-1.586949590348306183e+00
9.418000000000000682e+01,1.633410427486151799e-03,1.011106273672613964e-01,-1.586949590348306183e+00
9.420000000000000284e+01,1.633410427486151799e-03,1.011106273672613964e-01,-1.586949590348306183e+00
9.421999999999999886e+01,1.633410427486151799e-03,1.011106273672613964e-01,-1.586949590348306183e+00
9.423999999999999488e+01,1.633410427486151799e-03,1.011106273672613964e-01,-1.586949590348306183e+00
9.426000000000000512e+01,1.633410427486151799e-03,1.011106273672613964e-01,-1.586949590348306183e+00
9.428000000000000114e+01,1.633410427486151799e-03,1.011106273672613964e-01,-1.586949590348306183e+00
9.429999999999999716e+01,1.633410427486151799e-03,1.011106273672613964e-01,-1.586949590348306183e+00
9.431999999999999318e+01,1.633410427486151799e-03,1.011106273672613964e-01,-1.586949590348306183e+00
9.434000000000000341e+01,1.633410427486151799e-03,1.011106273672613964e-01,-1.586949590348306183e+00
9.435999999999999943e+01,1.633410427486151799e-03,1.011106273672613964e-01,-1.586949590348306183e+00
9.437999999999999545e+01,1.633410427486151799e-03,1.011106273672613964e-01,-1.586949590348306183e+00
9.440000000000000568e+01,1.633410427486151799e-03,1.011106273672613964e-01,-1.586949590348306183e+00
9.442000000000000171e+01,1.633410427486151799e-03,1.011106273672613964e-01,-1.586949590348306183e+00
9.443999999999999773e+01,1.633410427486151799e-03,1.011106273672613964e-01,-1.586949590348306183e+00
9.445999999999999375e+01,1.633410427486151799e-03,1.011106273672613964e-01,-1.586949590348306183e+00
9.448000000000000398e+01,1.633410427486151799e-03,1.011106273672613964e-01,-1.586949590348306183e+00
9.450000000000000000e+01,1.633410427486151799e-03,1.011106273672613964e-01,-1.586949590348306183e+00
9.451999999999999602e+01,1.633410427486151799e-03,1.011106273672613964e-01,-1.586949590348306183e+00
9.454000000000000625e+01,1.633410427486151799e-03,1.011106273672613964e-01,-1.586949590348306183e+00
9.456000000000000227e+01,1.633410427486151799e-03,1.011106273672613964e-01,-1.586949590348306183e+00
9.457999999999999829e+01,1.633410427486151799e-03,1.011106273672613964e-01,-1.586949590348306183e+00
9.459999999999999432e+01,1.633410427486151799e-03,1.011106273672613964e-01,-1.586949590348306183e+00
9.462000000000000455e+01,1.633410427486151799e-03,1.011106273672613964e-01,-1.586949590348306183e+00
9.464000000000000057e+01,1.633410427486151799e-03,1.011106273672613964e-01,-1.586949590348306183e+00
9.465999999999999659e+01,1.633410427486151799e-03,1.011106273672613964e-01,-1.586949590348306183e+00
9.468000000000000682e+01,1.633410427486151799e-03,1.011106273672613964e-01,-1.586949590348306183e+00
9.470000000000000284e+01,1.633410427486151799e-03,1.011106273672613964e-01,-1.586949590348306183e+00
9.471999999999999886e+01,1.633410427486151799e-03,1.011106273672613964e-01,-1.586949590348306183e+00
9.473999999999999488e+01,1.633410427486151799e-03,1.011106273672613964e-01,-1.586949590348306183e+00
9.476000000000000512e+01,1.633410427486151799e-03,1.011106273672613964e-01,-1.586949590348306183e+00
9.478000000000000114e+01,1.633410427486151799e-03,1.011106273672613964e-01,-1.586949590348306183e+00
9.479999999999999716e+01,1.633410427486151799e-03,1.011106273672613964e-01,-1.586949590348306183e+00
9.481999999999999318e+01,1.633410427486151799e-03,1.011106273672613964e-01,-1.586949590348306183e+00
9.484000000000000341e+01,1.633410427486151799e-03,1.011106273672613964e-01,-1.586949590348306183e+00
9.485999999999999943e+01,1.633410427486151799e-03,1.011106273672613964e-01,-1.586949590348306183e+00
9.487999999999999545e+01,1.633410427486151799e-03,1.011106273672613964e-01,-1.586949590348306183e+00
9.490000000000000568e+01,1.633410427486151799e-03,1.011106273672613964e-01,-1.586949590348306183e+00
9.492000000000000171e+01,1.633410427486151799e-03,1.011106273672613964e-01,-1.586949590348306183e+00
9.493999999999999773e+01,1.633410427486151799e-03,1.011106273672613964e-01,-1.586949590348306183e+00
9.495999999999999375e+01,1.633410427486151799e-03,1.011106273672613964e-01,-1.586949590348306183e+00
9.498000000000000398e+01,1.633410427486151799e-03,1.011106273672613964e-01,-1.586949590348306183e+00
9.500000000000000000e+01,1.633410427486151799e-03,1.011106273672613964e-01,-1.586949590348306183e+00
9.501999999999999602e+01,1.633410427486151799e-03,1.011106273672613964e-01,-1.586949590348306183e+00
9.504000000000000625e+01,1.633410427486151799e-03,1.011106273672613964e-01,-1.586949590348306183e+00
9.506000000000000227e+01,1.633410427486151799e-03,1.011106273672613964e-01,-1.586949590348306183e+00
9.507999999999999829e+01,1.633410427486151799e-03,1.011106273672613964e-01,-1.586949590348306183e+00
9.509999999999999432e+01,1.633410427486151799e-03,1.011106273672613964e-01,-1.586949590348306183e+00
9.512000000000000455e+01,1.633410427486151799e-03,1.011106273672613964e-01,-1.586949590348306183e+00
9.514000000000000057e+01,1.633410427486151799e-03,1.011106273672613964e-01,-1.586949590348306183e+00
9.515999999999999659e+01,1.633410427486151799e-03,1.011106273672613964e-01,-1.586949590348306183e+00
9.518000000000000682e+01,1.633410427486151799e-03,1.011106273672613964e-01,-1.586949590348306183e+00
9.520000000000000284e+01,1.633410427486151799e-03,1.011106273672613964e-01,-1.586949590348306183e+00
9.521999999999999886e+01,1.633410427486151799e-03,1.011106273672613964e-01,-1.586949590348306183e+00
9.523999999999999488e+01,1.633410427486151799e-03,1.011106273672613964e-01,-1.586949590348306183e+00
9.526000000000000512e+01,1.633410427486151799e-03,1.011106273672613964e-01,-1.586949590348306183e+00
9.528000000000000114e+01,1.633410427486151799e-03,1.011106273672613964e-01,-1.586949590348306183e+00
9.529999999999999716e+01,1.633410427486151799e-03,1.011106273672613964e-01,-1.586949590348306183e+00
9.531999999999999318e+01,1.633410427486151799e-03,1.011106273672613964e-01,-1.586949590348306183e+00
9.534000000000000341e+01,1.633410427486151799e-03,1.011106273672613964e-01,-1.586949590348306183e+00
9.535999999999999943e+01,1.633410427486151799e-03,1.011106273672613964e-01,-1.586949590348306183e+00
9.537999999999999545e+01,1.633410427486151799e-03,1.011106273672613964e-01,-1.586949590348306183e+00
9.540000000000000568e+01,1.633410427486151799e-03,1.011106273672613964e-01,-1.586949590348306183e+00
9.542000000000000171e+01,1.633410427486151799e-03,1.011106273672613964e-01,-1.586949590348306183e+00
9.543999999999999773e+01,1.633410427486151799e-03,1.011106273672613964e-01,-1.586949590348306183e+00
9.545999999999999375e+01,1.633410427486151799e-03,1.011106273672613964e-01,-1.586949590348306183e+00
9.548000000000000398e+01,1.633410427486151799e-03,1.011106273672613964e-01,-1.586949590348306183e+00
9.550000000000000000e+01,1.633410427486151799e-03,1.011106273672613964e-01,-1.586949590348306183e+00
9.551999999999999602e+01,1.633410427486151799e-03,1.011106273672613964e-01,-1.586949590348306183e+00
9.554000000000000625e+01,1.633410427486151799e-03,1.011106273672613964e-01,-1.586949590348306183e+00
9.556000000000000227e+01,1.633410427486151799e-03,1.011106273672613964e-01,-1.586949590348306183e+00
9.557999999999999829e+01,1.633410427486151799e-03,1.011106273672613964e-01,-1.586949590348306183e+00
9.559999999999999432e+01,1.633410427486151799e-03,1.011106273672613964e-01,-1.586949590348306183e+00
9.562000000000000455e+01,1.633410427486151799e-03,1.011106273672613964e-01,-1.586949590348306183e+00
9.564000000000000057e+01,1.633410427486151799e-03,1.011106273672613964e-01,-1.586949590348306183e+00
9.565999999999999659e+01,1.633410427486151799e-03,1.011106273672613964e-01,-1.586949590348306183e+00
9.568000000000000682e+01,1.633410427486151799e-03,1.011106273672613964e-01,-1.586949590348306183e+00
9.570000000000000284e+01,1.633410427486151799e-03,1.011106273672613964e-01,-1.586949590348306183e+00
9.571999999999999886e+01,1.633410427486151799e-03,1.011106273672613964e-01,-1.586949590348306183e+00
9.573999999999999488e+01,1.633410427486151799e-03,1.011106273672613964e-01,-1.586949590348306183e+00
9.576000000000000512e+01,1.633410427486151799e-03,1.011106273672613964e-01,-1.586949590348306183e+00
9.578000000000000114e+01,1.633410427486151799e-03,1.011106273672613964e-01,-1.586949590348306183e+00
9.579999999999999716e+01,1.633410427486151799e-03,1.011106273672613964e-01,-1.586949590348306183e+00
9.581999999999999318e+01,1.633410427486151799e-03,1.011106273672613964e-01,-1.586949590348306183e+00
9.584000000000000341e+01,1.633410427486151799e-03,1.011106273672613964e-01,-1.586949590348306183e+00
9.585999999999999943e+01,1.633410427486151799e-03,1.011106273672613964e-01,-1.586949590348306183e+00
9.587999999999999545e+01,1.633410427486151799e-03,1.011106273672613964e-01,-1.586949590348306183e+00
9.590000000000000568e+01,1.633410427486151799e-03,1.011106273672613964e-01,-1.586949590348306183e+00
9.592000000000000171e+01,1.633410427486151799e-03,1.011106273672613964e-01,-1.586949590348306183e+00
9.593999999999999773e+01,1.633410427486151799e-03,1.011106273672613964e-01,-1.586949590348306183e+00
9.595999999999999375e+01,1.633410427486151799e-03,1.011106273672613964e-01,-1.586949590348306183e+00
9.598000000000000398e+01,1.633410427486151799e-03,1.011106273672613964e-01,-1.586949590348306183e+00
9.600000000000000000e+01,1.633410427486151799e-03,1.011106273672613964e-01,-1.586949590348306183e+00
9.601999999999999602e+01,1.633410427486151799e-03,1.011106273672613964e-01,-1.586949590348306183e+00
9.604000000000000625e+01,1.633410427486151799e-03,1.011106273672613964e-01,-1.586949590348306183e+00
9.606000000000000227e+01,1.633410427486151799e-03,1.011106273672613964e-01,-1.586949590348306183e+00
9.607999999999999829e+01,1.633410427486151799e-03,1.011106273672613964e-01,-1.586949590348306183e+00
9.609999999999999432e+01,1.633410427486151799e-03,1.011106273672613964e-01,-1.586949590348306183e+00
9.612000000000000455e+01,1.633410427486151799e-03,1.011106273672613964e-01,-1.586949590348306183e+00
9.614000000000000057e+01,1.633410427486151799e-03,1.011106273672613964e-01,-1.586949590348306183e+00
9.615999999999999659e+01,1.633410427486151799e-03,1.011106273672613964e-01,-1.586949590348306183e+00
9.618000000000000682e+01,1.633410427486151799e-03,1.011106273672613964e-01,-1.586949590348306183e+00
9.620000000000000284e+01,1.633410427486151799e-03,1.011106273672613964e-01,-1.586949590348306183e+00
9.621999999999999886e+01,1.633410427486151799e-03,1.011106273672613964e-01,-1.586949590348306183e+00
9.623999999999999488e+01,1.633410427486151799e-03,1.011106273672613964e-01,-1.586949590348306183e+00
9.626000000000000512e+01,1.633410427486151799e-03,1.011106273672613964e-01,-1.586949590348306183e+00
9.628000000000000114e+01,1.633410427486151799e-03,1.011106273672613964e-01,-1.586949590348306183e+00
9.629999999999999716e+01,1.633410427486151799e-03,1.011106273672613964e-01,-1.586949590348306183e+00
9.631999999999999318e+01,1.633410427486151799e-03,1.011106273672613964e-01,-1.586949590348306183e+00
9.634000000000000341e+01,1.633410427486151799e-03,1.011106273672613964e-01,-1.586949590348306183e+00
9.635999999999999943e+01,1.633410427486151799e-03,1.011106273672613964e-01,-1.586949590348306183e+00
9.637999999999999545e+01,1.633410427486151799e-03,1.011106273672613964e-01,-1.586949590348306183e+00
9.640000000000000568e+01,1.633410427486151799e-03,1.011106273672613964e-01,-1.586949590348306183e+00
9.642000000000000171e+01,1.633410427486151799e-03,1.011106273672613964e-01,-1.586949590348306183e+00
9.643999999999999773e+01,1.633410427486151799e-03,1.011106273672613964e-01,-1.586949590348306183e+00
9.645999999999999375e+01,1.633410427486151799e-03,1.011106273672613964e-01,-1.586949590348306183e+00
9.648000000000000398e+01,1.633410427486151799e-03,1.011106273672613964e-01,-1.586949590348306183e+00
9.650000000000000000e+01,1.633410427486151799e-03,1.011106273672613964e-01,-1.586949590348306183e+00
9.651999999999999602e+01,1.633410427486151799e-03,1.011106273672613964e-01,-1.586949590348306183e+00
9.654000000000000625e+01,1.633410427486151799e-03,1.011106273672613964e-01,-1.586949590348306183e+00
9.656000000000000227e+01,1.633410427486151799e-03,1.011106273672613964e-01,-1.586949590348306183e+00
9.657999999999999829e+01,1.633410427486151799e-03,1.011106273672613964e-01,-1.586949590348306183e+00
9.659999999999999432e+01,1.633410427486151799e-03,1.011106273672613964e-01,-1.586949590348306183e+00
9.662000000000000455e+01,1.633410427486151799e-03,1.011106273672613964e-01,-1.586949590348306183e+00
9.664000000000000057e+01,1.633410427486151799e-03,1.011106273672613964e-01,-1.586949590348306183e+00
9.665999999999999659e+01,1.633410427486151799e-03,1.011106273672613964e-01,-1.586949590348306183e+00
9.668000000000000682e+01,1.633410427486151799e-03,1.011106273672613964e-01,-1.586949590348306183e+00
9.670000000000000284e+01,1.633410427486151799e-03,1.011106273672613964e-01,-1.586949590348306183e+00
9.671999999999999886e+01,1.633410427486151799e-03,1.011106273672613964e-01,-1.586949590348306183e+00
9.673999999999999488e+01,1.633410427486151799e-03,1.011106273672613964e-01,-1.586949590348306183e+00
9.676000000000000512e+01,1.633410427486151799e-03,1.011106273672613964e-01,-1.586949590348306183e+00
9.678000000000000114e+01,1.633410427486151799e-03,1.011106273672613964e-01,-1.586949590348306183e+00
9.679999999999999716e+01,1.633410427486151799e-03,1.011106273672613964e-01,-1.586949590348306183e+00
9.681999999999999318e+01,1.633410427486151799e-03,1.011106273672613964e-01,-1.586949590348306183e+00
9.684000000000000341e+01,1.633410427486151799e-03,1.011106273672613964e-01,-1.586949590348306183e+00
9.685999999999999943e+01,1.633410427486151799e-03,1.011106273672613964e-01,-1.586949590348306183e+00
9.687999999999999545e+01,1.633410427486151799e-03,1.011106273672613964e-01,-1.586949590348306183e+00
9.690000000000000568e+01,1.633410427486151799e-03,1.011106273672613964e-01,-1.586949590348306183e+00
9.692000000000000171e+01,1.633410427486151799e-03,1.011106273672613964e-01,-1.586949590348306183e+00
9.693999999999999773e+01,1.633410427486151799e-03,1.011106273672613964e-01,-1.586949590348306183e+00
9.695999999999999375e+01,1.633410427486151799e-03,1.011106273672613964e-01,-1.586949590348306183e+00
9.698000000000000398e+01,1.633410427486151799e-03,1.011106273672613964e-01,-1.586949590348306183e+00
9.700000000000000000e+01,1.633410427486151799e-03,1.011106273672613964e-01,-1.586949590348306183e+00
9.701999999999999602e+01,1.633410427486151799e-03,1.011106273672613964e-01,-1.586949590348306183e+00
9.704000000000000625e+01,1.633410427486151799e-03,1.011106273672613964e-01,-1.586949590348306183e+00
9.706000000000000227e+01,1.633410427486151799e-03,1.011106273672613964e-01,-1.586949590348306183e+00
9.707999999999999829e+01,1.633410427486151799e-03,1.011106273672613964e-01,-1.586949590348306183e+00
9.709999999999999432e+01,1.633410427486151799e-03,1.011106273672613964e-01,-1.586949590348306183e+00
9.712000000000000455e+01,1.633410427486151799e-03,1.011106273672613964e-01,-1.586949590348306183e+00
9.714000000000000057e+01,1.633410427486151799e-03,1.011106273672613964e-01,-1.586949590348306183e+00
9.715999999999999659e+01,1.633410427486151799e-03,1.011106273672613964e-01,-1.586949590348306183e+00
9.718000000000000682e+01,1.633410427486151799e-03,1.011106273672613964e-01,-1.586949590348306183e+00
9.720000000000000284e+01,1.633410427486151799e-03,1.011106273672613964e-01,-1.586949590348306183e+00
9.721999999999999886e+01,1.633410427486151799e-03,1.011106273672613964e-01,-1.586949590348306183e+00
9.723999999999999488e+01,1.633410427486151799e-03,1.011106273672613964e-01,-1.586949590348306183e+00
9.726000000000000512e+01,1.633410427486151799e-03,1.011106273672613964e-01,-1.586949590348306183e+00
9.728000000000000114e+01,1.633410427486151799e-03,1.011106273672613964e-01,-1.586949590348306183e+00
9.729999999999999716e+01,1.633410427486151799e-03,1.011106273672613964e-01,-1.586949590348306183e+00
9.731999999999999318e+01,1.633410427486151799e-03,1.011106273672613964e-01,-1.586949590348306183e+00
9.734000000000000341e+01,1.633410427486151799e-03,1.011106273672613964e-01,-1.586949590348306183e+00
9.735999999999999943e+01,1.633410427486151799e-03,1.011106273672613964e-01,-1.586949590348306183e+00
9.737999999999999545e+01,1.633410427486151799e-03,1.011106273672613964e-01,-1.586949590348306183e+00
9.740000000000000568e+01,1.633410427486151799e-03,1.011106273672613964e-01,-1.586949590348306183e+00
9.742000000000000171e+01,1.633410427486151799e-03,1.011106273672613964e-01,-1.586949590348306183e+00
9.743999999999999773e+01,1.633410427486151799e-03,1.011106273672613964e-01,-1.586949590348306183e+00
9.745999999999999375e+01,1.633410427486151799e-03,1.011106273672613964e-01,-1.586949590348306183e+00
9.748000000000000398e+01,1.633410427486151799e-03,1.011106273672613964e-01,-1.586949590348306183e+00
9.750000000000000000e+01,1.633410427486151799e-03,1.011106273672613964e-01,-1.586949590348306183e+00
9.751999999999999602e+01,1.633410427486151799e-03,1.011106273672613964e-01,-1.586949590348306183e+00
9.754000000000000625e+01,1.633410427486151799e-03,1.011106273672613964e-01,-1.586949590348306183e+00
9.756000000000000227e+01,1.633410427486151799e-03,1.011106273672613964e-01,-1.586949590348306183e+00
9.757999999999999829e+01,1.633410427486151799e-03,1.011106273672613964e-01,-1.586949590348306183e+00
9.759999999999999432e+01,1.633410427486151799e-03,1.011106273672613964e-01,-1.586949590348306183e+00
9.762000000000000455e+01,1.633410427486151799e-03,1.011106273672613964e-01,-1.586949590348306183e+00
9.764000000000000057e+01,1.633410427486151799e-03,1.011106273672613964e-01,-1.586949590348306183e+00
9.765999999999999659e+01,1.633410427486151799e-03,1.011106273672613964e-01,-1.586949590348306183e+00
9.768000000000000682e+01,1.633410427486151799e-03,1.011106273672613964e-01,-1.586949590348306183e+00
9.770000000000000284e+01,1.633410427486151799e-03,1.011106273672613964e-01,-1.586949590348306183e+00
9.771999999999999886e+01,1.633410427486151799e-03,1.011106273672613964e-01,-1.586949590348306183e+00
9.773999999999999488e+01,1.633410427486151799e-03,1.011106273672613964e-01,-1.586949590348306183e+00
9.776000000000000512e+01,1.633410427486151799e-03,1.011106273672613964e-01,-1.586949590348306183e+00
9.778000000000000114e+01,1.633410427486151799e-03,1.011106273672613964e-01,-1.586949590348306183e+00
9.779999999999999716e+01,1.633410427486151799e-03,1.011106273672613964e-01,-1.586949590348306183e+00
9.781999999999999318e+01,1.633410427486151799e-03,1.011106273672613964e-01,-1.586949590348306183e+00
9.784000000000000341e+01,1.633410427486151799e-03,1.011106273672613964e-01,-1.586949590348306183e+00
9.785999999999999943e+01,1.633410427486151799e-03,1.011106273672613964e-01,-1.586949590348306183e+00
9.787999999999999545e+01,1.633410427486151799e-03,1.011106273672613964e-01,-1.586949590348306183e+00
9.790000000000000568e+01,1.633410427486151799e-03,1.011106273672613964e-01,-1.586949590348306183e+00
9.792000000000000171e+01,1.633410427486151799e-03,1.011106273672613964e-01,-1.586949590348306183e+00
9.793999999999999773e+01,1.633410427486151799e-03,1.011106273672613964e-01,-1.586949590348306183e+00
9.795999999999999375e+01,1.633410427486151799e-03,1.011106273672613964e-01,-1.586949590348306183e+00
9.798000000000000398e+01,1.633410427486151799e-03,1.011106273672613964e-01,-1.586949590348306183e+00
9.800000000000000000e+01,1.633410427486151799e-03,1.011106273672613964e-01,-1.586949590348306183e+00
9.801999999999999602e+01,1.633410427486151799e-03,1.011106273672613964e-01,-1.586949590348306183e+00
9.804000000000000625e+01,1.633410427486151799e-03,1.011106273672613964e-01,-1.586949590348306183e+00
9.806000000000000227e+01,1.633410427486151799e-03,1.011106273672613964e-01,-1.586949590348306183e+00
9.807999999999999829e+01,1.633410427486151799e-03,1.011106273672613964e-01,-1.586949590348306183e+00
9.809999999999999432e+01,1.633410427486151799e-03,1.011106273672613964e-01,-1.586949590348306183e+00
9.812000000000000455e+01,1.633410427486151799e-03,1.011106273672613964e-01,-1.586949590348306183e+00
9.814000000000000057e+01,1.633410427486151799e-03,1.011106273672613964e-01,-1.586949590348306183e+00
9.815999999999999659e+01,1.633410427486151799e-03,1.011106273672613964e-01,-1.586949590348306183e+00
9.818000000000000682e+01,1.633410427486151799e-03,1.011106273672613964e-01,-1.586949590348306183e+00
9.820000000000000284e+01,1.633410427486151799e-03,1.011106273672613964e-01,-1.586949590348306183e+00
9.821999999999999886e+01,1.633410427486151799e-03,1.011106273672613964e-01,-1.586949590348306183e+00
9.823999999999999488e+01,1.633410427486151799e-03,1.011106273672613964e-01,-1.586949590348306183e+00
9.826000000000000512e+01,1.633410427486151799e-03,1.011106273672613964e-01,-1.586949590348306183e+00
9.828000000000000114e+01,1.633410427486151799e-03,1.011106273672613964e-01,-1.586949590348306183e+00
9.829999999999999716e+01,1.633410427486151799e-03,1.011106273672613964e-01,-1.586949590348306183e+00
9.831999999999999318e+01,1.633410427486151799e-03,1.011106273672613964e-01,-1.586949590348306183e+00
9.834000000000000341e+01,1.633410427486151799e-03,1.011106273672613964e-01,-1.586949590348306183e+00
9.835999999999999943e+01,1.633410427486151799e-03,1.011106273672613964e-01,-1.586949590348306183e+00
9.837999999999999545e+01,1.633410427486151799e-03,1.011106273672613964e-01,-1.586949590348306183e+00
9.840000000000000568e+01,1.633410427486151799e-03,1.011106273672613964e-01,-1.586949590348306183e+00
9.842000000000000171e+01,1.633410427486151799e-03,1.011106273672613964e-01,-1.586949590348306183e+00
9.843999999999999773e+01,1.633410427486151799e-03,1.011106273672613964e-01,-1.586949590348306183e+00
9.845999999999999375e+01,1.633410427486151799e-03,1.011106273672613964e-01,-1.586949590348306183e+00
9.848000000000000398e+01,1.633410427486151799e-03,1.011106273672613964e-01,-1.586949590348306183e+00
9.850000000000000000e+01,1.633410427486151799e-03,1.011106273672613964e-01,-1.586949590348306183e+00
9.851999999999999602e+01,1.633410427486151799e-03,1.011106273672613964e-01,-1.586949590348306183e+00
9.854000000000000625e+01,1.633410427486151799e-03,1.011106273672613964e-01,-1.586949590348306183e+00
9.856000000000000227e+01,1.633410427486151799e-03,1.011106273672613964e-01,-1.586949590348306183e+00
9.857999999999999829e+01,1.633410427486151799e-03,1.011106273672613964e-01,-1.586949590348306183e+00
9.859999999999999432e+01,1.633410427486151799e-03,1.011106273672613964e-01,-1.586949590348306183e+00
9.862000000000000455e+01,1.633410427486151799e-03,1.011106273672613964e-01,-1.586949590348306183e+00
9.864000000000000057e+01,1.633410427486151799e-03,1.011106273672613964e-01,-1.586949590348306183e+00
9.865999999999999659e+01,1.633410427486151799e-03,1.011106273672613964e-01,-1.586949590348306183e+00
9.868000000000000682e+01,1.633410427486151799e-03,1.011106273672613964e-01,-1.586949590348306183e+00
9.870000000000000284e+01,1.633410427486151799e-03,1.011106273672613964e-01,-1.586949590348306183e+00
9.871999999999999886e+01,1.633410427486151799e-03,1.011106273672613964e-01,-1.586949590348306183e+00
9.873999999999999488e+01,1.633410427486151799e-03,1.011106273672613964e-01,-1.586949590348306183e+00
9.876000000000000512e+01,1.633410427486151799e-03,1.011106273672613964e-01,-1.586949590348306183e+00
9.878000000000000114e+01,1.633410427486151799e-03,1.011106273672613964e-01,-1.586949590348306183e+00
9.879999999999999716e+01,1.633410427486151799e-03,1.011106273672613964e-01,-1.586949590348306183e+00
9.881999999999999318e+01,1.633410427486151799e-03,1.011106273672613964e-01,-1.586949590348306183e+00
9.884000000000000341e+01,1.633410427486151799e-03,1.011106273672613964e-01,-1.586949590348306183e+00
9.885999999999999943e+01,1.633410427486151799e-03,1.011106273672613964e-01,-1.586949590348306183e+00
9.887999999999999545e+01,1.633410427486151799e-03,1.011106273672613964e-01,-1.586949590348306183e+00
9.890000000000000568e+01,1.633410427486151799e-03,1.011106273672613964e-01,-1.586949590348306183e+00
9.892000000000000171e+01,1.633410427486151799e-03,1.011106273672613964e-01,-1.586949590348306183e+00
9.893999999999999773e+01,1.633410427486151799e-03,1.011106273672613964e-01,-1.586949590348306183e+00
9.895999999999999375e+01,1.633410427486151799e-03,1.011106273672613964e-01,-1.586949590348306183e+00
9.898000000000000398e+01,1.633410427486151799e-03,1.011106273672613964e-01,-1.586949590348306183e+00
9.900000000000000000e+01,1.633410427486151799e-03,1.011106273672613964e-01,-1.586949590348306183e+00
9.901999999999999602e+01,1.633410427486151799e-03,1.011106273672613964e-01,-1.586949590348306183e+00
9.904000000000000625e+01,1.633410427486151799e-03,1.011106273672613964e-01,-1.586949590348306183e+00
9.906000000000000227e+01,1.633410427486151799e-03,1.011106273672613964e-01,-1.586949590348306183e+00
9.907999999999999829e+01,1.633410427486151799e-03,1.011106273672613964e-01,-1.586949590348306183e+00
9.909999999999999432e+01,1.633410427486151799e-03,1.011106273672613964e-01,-1.586949590348306183e+00
9.912000000000000455e+01,1.633410427486151799e-03,1.011106273672613964e-01,-1.586949590348306183e+00
9.914000000000000057e+01,1.633410427486151799e-03,1.011106273672613964e-01,-1.586949590348306183e+00
9.915999999999999659e+01,1.633410427486151799e-03,1.011106273672613964e-01,-1.586949590348306183e+00
9.918000000000000682e+01,1.633410427486151799e-03,1.011106273672613964e-01,-1.586949590348306183e+00
9.920000000000000284e+01,1.633410427486151799e-03,1.011106273672613964e-01,-1.586949590348306183e+00
9.921999999999999886e+01,1.633410427486151799e-03,1.011106273672613964e-01,-1.586949590348306183e+00
9.923999999999999488e+01,1.633410427486151799e-03,1.011106273672613964e-01,-1.586949590348306183e+00
9.926000000000000512e+01,1.633410427486151799e-03,1.011106273672613964e-01,-1.586949590348306183e+00
9.928000000000000114e+01,1.633410427486151799e-03,1.011106273672613964e-01,-1.586949590348306183e+00
9.929999999999999716e+01,1.633410427486151799e-03,1.011106273672613964e-01,-1.586949590348306183e+00
9.931999999999999318e+01,1.633410427486151799e-03,1.011106273672613964e-01,-1.586949590348306183e+00
9.934000000000000341e+01,1.633410427486151799e-03,1.011106273672613964e-01,-1.586949590348306183e+00
9.935999999999999943e+01,1.633410427486151799e-03,1.011106273672613964e-01,-1.586949590348306183e+00
9.937999999999999545e+01,1.633410427486151799e-03,1.011106273672613964e-01,-1.586949590348306183e+00
9.940000000000000568e+01,1.633410427486151799e-03,1.011106273672613964e-01,-1.586949590348306183e+00
9.942000000000000171e+01,1.633410427486151799e-03,1.011106273672613964e-01,-1.586949590348306183e+00
9.943999999999999773e+01,1.633410427486151799e-03,1.011106273672613964e-01,-1.586949590348306183e+00
9.945999999999999375e+01,1.633410427486151799e-03,1.011106273672613964e-01,-1.586949590348306183e+00
9.948000000000000398e+01,1.633410427486151799e-03,1.011106273672613964e-01,-1.586949590348306183e+00
9.950000000000000000e+01,1.633410427486151799e-03,1.011106273672613964e-01,-1.586949590348306183e+00
9.951999999999999602e+01,1.633410427486151799e-03,1.011106273672613964e-01,-1.586949590348306183e+00
9.954000000000000625e+01,1.633410427486151799e-03,1.011106273672613964e-01,-1.586949590348306183e+00
9.956000000000000227e+01,1.633410427486151799e-03,1.011106273672613964e-01,-1.586949590348306183e+00
9.957999999999999829e+01,1.633410427486151799e-03,1.011106273672613964e-01,-1.586949590348306183e+00
9.959999999999999432e+01,1.633410427486151799e-03,1.011106273672613964e-01,-1.586949590348306183e+00
9.962000000000000455e+01,1.633410427486151799e-03,1.011106273672613964e-01,-1.586949590348306183e+00
9.964000000000000057e+01,1.633410427486151799e-03,1.011106273672613964e-01,-1.586949590348306183e+00
9.965999999999999659e+01,1.633410427486151799e-03,1.011106273672613964e-01,-1.586949590348306183e+00
9.968000000000000682e+01,1.633410427486151799e-03,1.011106273672613964e-01,-1.586949590348306183e+00
9.970000000000000284e+01,1.633410427486151799e-03,1.011106273672613964e-01,-1.586949590348306183e+00
9.971999999999999886e+01,1.633410427486151799e-03,1.011106273672613964e-01,-1.586949590348306183e+00
9.973999999999999488e+01,1.633410427486151799e-03,1.011106273672613964e-01,-1.586949590348306183e+00
9.976000000000000512e+01,1.633410427486151799e-03,1.011106273672613964e-01,-1.586949590348306183e+00
9.978000000000000114e+01,1.633410427486151799e-03,1.011106273672613964e-01,-1.586949590348306183e+00
9.979999999999999716e+01,1.633410427486151799e-03,1.011106273672613964e-01,-1.586949590348306183e+00
9.981999999999999318e+01,1.633410427486151799e-03,1.011106273672613964e-01,-1.586949590348306183e+00
9.984000000000000341e+01,1.633410427486151799e-03,1.011106273672613964e-01,-1.586949590348306183e+00
9.985999999999999943e+01,1.633410427486151799e-03,1.011106273672613964e-01,-1.586949590348306183e+00
9.987999999999999545e+01,1.633410427486151799e-03,1.011106273672613964e-01,-1.586949590348306183e+00
9.990000000000000568e+01,1.633410427486151799e-03,1.011106273672613964e-01,-1.586949590348306183e+00
9.992000000000000171e+01,1.633410427486151799e-03,1.011106273672613964e-01,-1.586949590348306183e+00
9.993999999999999773e+01,1.633410427486151799e-03,1.011106273672613964e-01,-1.586949590348306183e+00
9.995999999999999375e+01,1.633410427486151799e-03,1.011106273672613964e-01,-1.586949590348306183e+00
9.998000000000000398e+01,1.633410427486151799e-03,1.011106273672613964e-01,-1.586949590348306183e+00
1.000000000000000000e+02,1.633410427486151799e-03,1.011106273672613964e-01,-1.586949590348306183e+00
1.000199999999999960e+02,1.633410427486151799e-03,1.011106273672613964e-01,-1.586949590348306183e+00
1.000400000000000063e+02,1.633410427486151799e-03,1.011106273672613964e-01,-1.586949590348306183e+00
1.000600000000000023e+02,1.633410427486151799e-03,1.011106273672613964e-01,-1.586949590348306183e+00
1.000799999999999983e+02,1.633410427486151799e-03,1.011106273672613964e-01,-1.586949590348306183e+00
1.000999999999999943e+02,1.633410427486151799e-03,1.011106273672613964e-01,-1.586949590348306183e+00
1.001200000000000045e+02,1.633410427486151799e-03,1.011106273672613964e-01,-1.586949590348306183e+00
1.001400000000000006e+02,1.633410427486151799e-03,1.011106273672613964e-01,-1.586949590348306183e+00
1.001599999999999966e+02,1.633410427486151799e-03,1.011106273672613964e-01,-1.586949590348306183e+00
1.001800000000000068e+02,1.633410427486151799e-03,1.011106273672613964e-01,-1.586949590348306183e+00
1.002000000000000028e+02,1.633410427486151799e-03,1.011106273672613964e-01,-1.586949590348306183e+00
1.002199999999999989e+02,1.633410427486151799e-03,1.011106273672613964e-01,-1.586949590348306183e+00
1.002399999999999949e+02,1.633410427486151799e-03,1.011106273672613964e-01,-1.586949590348306183e+00
1.002600000000000051e+02,1.633410427486151799e-03,1.011106273672613964e-01,-1.586949590348306183e+00
1.002800000000000011e+02,1.633410427486151799e-03,1.011106273672613964e-01,-1.586949590348306183e+00
1.002999999999999972e+02,1.633410427486151799e-03,1.011106273672613964e-01,-1.586949590348306183e+00
1.003199999999999932e+02,1.633410427486151799e-03,1.011106273672613964e-01,-1.586949590348306183e+00
1.003400000000000034e+02,1.633410427486151799e-03,1.011106273672613964e-01,-1.586949590348306183e+00
1.003599999999999994e+02,1.633410427486151799e-03,1.011106273672613964e-01,-1.586949590348306183e+00
1.003799999999999955e+02,1.633410427486151799e-03,1.011106273672613964e-01,-1.586949590348306183e+00
1.004000000000000057e+02,1.633410427486151799e-03,1.011106273672613964e-01,-1.586949590348306183e+00
1.004200000000000017e+02,1.633410427486151799e-03,1.011106273672613964e-01,-1.586949590348306183e+00
1.004399999999999977e+02,1.633410427486151799e-03,1.011106273672613964e-01,-1.586949590348306183e+00
1.004599999999999937e+02,1.633410427486151799e-03,1.011106273672613964e-01,-1.586949590348306183e+00
1.004800000000000040e+02,1.633410427486151799e-03,1.011106273672613964e-01,-1.586949590348306183e+00
1.005000000000000000e+02,1.633410427486151799e-03,1.011106273672613964e-01,-1.586949590348306183e+00
1.005199999999999960e+02,1.633410427486151799e-03,1.011106273672613964e-01,-1.586949590348306183e+00
1.005400000000000063e+02,1.633410427486151799e-03,1.011106273672613964e-01,-1.586949590348306183e+00
1.005600000000000023e+02,1.633410427486151799e-03,1.011106273672613964e-01,-1.586949590348306183e+00
1.005799999999999983e+02,1.633410427486151799e-03,1.011106273672613964e-01,-1.586949590348306183e+00
1.005999999999999943e+02,1.633410427486151799e-03,1.011106273672613964e-01,-1.586949590348306183e+00
1.006200000000000045e+02,1.633410427486151799e-03,1.011106273672613964e-01,-1.586949590348306183e+00
1.006400000000000006e+02,1.633410427486151799e-03,1.011106273672613964e-01,-1.586949590348306183e+00
1.006599999999999966e+02,1.633410427486151799e-03,1.011106273672613964e-01,-1.586949590348306183e+00
1.006800000000000068e+02,1.633410427486151799e-03,1.011106273672613964e-01,-1.586949590348306183e+00
1.007000000000000028e+02,1.633410427486151799e-03,1.011106273672613964e-01,-1.586949590348306183e+00
1.007199999999999989e+02,1.633410427486151799e-03,1.011106273672613964e-01,-1.586949590348306183e+00
1.007399999999999949e+02,1.633410427486151799e-03,1.011106273672613964e-01,-1.586949590348306183e+00
1.007600000000000051e+02,1.633410427486151799e-03,1.011106273672613964e-01,-1.586949590348306183e+00
1.007800000000000011e+02,1.633410427486151799e-03,1.011106273672613964e-01,-1.586949590348306183e+00
1.007999999999999972e+02,1.633410427486151799e-03,1.011106273672613964e-01,-1.586949590348306183e+00
1.008199999999999932e+02,1.633410427486151799e-03,1.011106273672613964e-01,-1.586949590348306183e+00
1.008400000000000034e+02,1.633410427486151799e-03,1.011106273672613964e-01,-1.586949590348306183e+00
1.008599999999999994e+02,1.633410427486151799e-03,1.011106273672613964e-01,-1.586949590348306183e+00
1.008799999999999955e+02,1.633410427486151799e-03,1.011106273672613964e-01,-1.586949590348306183e+00
1.009000000000000057e+02,1.633410427486151799e-03,1.011106273672613964e-01,-1.586949590348306183e+00
1.009200000000000017e+02,1.633410427486151799e-03,1.011106273672613964e-01,-1.586949590348306183e+00
1.009399999999999977e+02,1.633410427486151799e-03,1.011106273672613964e-01,-1.586949590348306183e+00
1.009599999999999937e+02,1.633410427486151799e-03,1.011106273672613964e-01,-1.586949590348306183e+00
1.009800000000000040e+02,1.633410427486151799e-03,1.011106273672613964e-01,-1.586949590348306183e+00
1.010000000000000000e+02,1.633410427486151799e-03,1.011106273672613964e-01,-1.586949590348306183e+00
1.010199999999999960e+02,1.633410427486151799e-03,1.011106273672613964e-01,-1.586949590348306183e+00
1.010400000000000063e+02,1.633410427486151799e-03,1.011106273672613964e-01,-1.586949590348306183e+00
1.010600000000000023e+02,1.633410427486151799e-03,1.011106273672613964e-01,-1.586949590348306183e+00
1.010799999999999983e+02,1.633410427486151799e-03,1.011106273672613964e-01,-1.586949590348306183e+00
1.010999999999999943e+02,1.633410427486151799e-03,1.011106273672613964e-01,-1.586949590348306183e+00
1.011200000000000045e+02,1.633410427486151799e-03,1.011106273672613964e-01,-1.586949590348306183e+00
1.011400000000000006e+02,1.633410427486151799e-03,1.011106273672613964e-01,-1.586949590348306183e+00
1.011599999999999966e+02,1.633410427486151799e-03,1.011106273672613964e-01,-1.586949590348306183e+00
1.011800000000000068e+02,1.633410427486151799e-03,1.011106273672613964e-01,-1.586949590348306183e+00
1.012000000000000028e+02,1.633410427486151799e-03,1.011106273672613964e-01,-1.586949590348306183e+00
1.012199999999999989e+02,1.633410427486151799e-03,1.011106273672613964e-01,-1.586949590348306183e+00
1.012399999999999949e+02,1.633410427486151799e-03,1.011106273672613964e-01,-1.586949590348306183e+00
1.012600000000000051e+02,1.633410427486151799e-03,1.011106273672613964e-01,-1.586949590348306183e+00
1.012800000000000011e+02,1.633410427486151799e-03,1.011106273672613964e-01,-1.586949590348306183e+00
1.012999999999999972e+02,1.633410427486151799e-03,1.011106273672613964e-01,-1.586949590348306183e+00
1.013199999999999932e+02,1.633410427486151799e-03,1.011106273672613964e-01,-1.586949590348306183e+00
1.013400000000000034e+02,1.633410427486151799e-03,1.011106273672613964e-01,-1.586949590348306183e+00
1.013599999999999994e+02,1.633410427486151799e-03,1.011106273672613964e-01,-1.586949590348306183e+00
1.013799999999999955e+02,1.633410427486151799e-03,1.011106273672613964e-01,-1.586949590348306183e+00
1.014000000000000057e+02,1.633410427486151799e-03,1.011106273672613964e-01,-1.586949590348306183e+00
1.014200000000000017e+02,1.633410427486151799e-03,1.011106273672613964e-01,-1.586949590348306183e+00
1.014399999999999977e+02,1.633410427486151799e-03,1.011106273672613964e-01,-1.586949590348306183e+00
1.014599999999999937e+02,1.633410427486151799e-03,1.011106273672613964e-01,-1.586949590348306183e+00
1.014800000000000040e+02,1.633410427486151799e-03,1.011106273672613964e-01,-1.586949590348306183e+00
1.015000000000000000e+02,1.633410427486151799e-03,1.011106273672613964e-01,-1.586949590348306183e+00
1.015199999999999960e+02,1.633410427486151799e-03,1.011106273672613964e-01,-1.586949590348306183e+00
1.015400000000000063e+02,1.633410427486151799e-03,1.011106273672613964e-01,-1.586949590348306183e+00
1.015600000000000023e+02,1.633410427486151799e-03,1.011106273672613964e-01,-1.586949590348306183e+00
1.015799999999999983e+02,1.633410427486151799e-03,1.011106273672613964e-01,-1.586949590348306183e+00
1.015999999999999943e+02,1.633410427486151799e-03,1.011106273672613964e-01,-1.586949590348306183e+00
1.016200000000000045e+02,1.633410427486151799e-03,1.011106273672613964e-01,-1.586949590348306183e+00
1.016400000000000006e+02,1.633410427486151799e-03,1.011106273672613964e-01,-1.586949590348306183e+00
1.016599999999999966e+02,1.633410427486151799e-03,1.011106273672613964e-01,-1.586949590348306183e+00
1.016800000000000068e+02,1.633410427486151799e-03,1.011106273672613964e-01,-1.586949590348306183e+00
1.017000000000000028e+02,1.633410427486151799e-03,1.011106273672613964e-01,-1.586949590348306183e+00
1.017199999999999989e+02,1.633410427486151799e-03,1.011106273672613964e-01,-1.586949590348306183e+00
1.017399999999999949e+02,1.633410427486151799e-03,1.011106273672613964e-01,-1.586949590348306183e+00
1.017600000000000051e+02,1.633410427486151799e-03,1.011106273672613964e-01,-1.586949590348306183e+00
1.017800000000000011e+02,1.633410427486151799e-03,1.011106273672613964e-01,-1.586949590348306183e+00
1.017999999999999972e+02,1.633410427486151799e-03,1.011106273672613964e-01,-1.586949590348306183e+00
1.018199999999999932e+02,1.633410427486151799e-03,1.011106273672613964e-01,-1.586949590348306183e+00
1.018400000000000034e+02,1.633410427486151799e-03,1.011106273672613964e-01,-1.586949590348306183e+00
1.018599999999999994e+02,1.633410427486151799e-03,1.011106273672613964e-01,-1.586949590348306183e+00
1.018799999999999955e+02,1.633410427486151799e-03,1.011106273672613964e-01,-1.586949590348306183e+00
1.019000000000000057e+02,1.633410427486151799e-03,1.011106273672613964e-01,-1.586949590348306183e+00
1.019200000000000017e+02,1.633410427486151799e-03,1.011106273672613964e-01,-1.586949590348306183e+00
1.019399999999999977e+02,1.633410427486151799e-03,1.011106273672613964e-01,-1.586949590348306183e+00
1.019599999999999937e+02,1.633410427486151799e-03,1.011106273672613964e-01,-1.586949590348306183e+00
1.019800000000000040e+02,1.633410427486151799e-03,1.011106273672613964e-01,-1.586949590348306183e+00
1.020000000000000000e+02,1.633410427486151799e-03,1.011106273672613964e-01,-1.586949590348306183e+00
1.020199999999999960e+02,1.633410427486151799e-03,1.011106273672613964e-01,-1.586949590348306183e+00
1.020400000000000063e+02,1.633410427486151799e-03,1.011106273672613964e-01,-1.586949590348306183e+00
1.020600000000000023e+02,1.633410427486151799e-03,1.011106273672613964e-01,-1.586949590348306183e+00
1.020799999999999983e+02,1.633410427486151799e-03,1.011106273672613964e-01,-1.586949590348306183e+00
1.020999999999999943e+02,1.633410427486151799e-03,1.011106273672613964e-01,-1.586949590348306183e+00
1.021200000000000045e+02,1.633410427486151799e-03,1.011106273672613964e-01,-1.586949590348306183e+00
1.021400000000000006e+02,1.633410427486151799e-03,1.011106273672613964e-01,-1.586949590348306183e+00
1.021599999999999966e+02,1.633410427486151799e-03,1.011106273672613964e-01,-1.586949590348306183e+00
1.021800000000000068e+02,1.633410427486151799e-03,1.011106273672613964e-01,-1.586949590348306183e+00
1.022000000000000028e+02,1.633410427486151799e-03,1.011106273672613964e-01,-1.586949590348306183e+00
1.022199999999999989e+02,1.633410427486151799e-03,1.011106273672613964e-01,-1.586949590348306183e+00
1.022399999999999949e+02,1.633410427486151799e-03,1.011106273672613964e-01,-1.586949590348306183e+00
1.022600000000000051e+02,1.633410427486151799e-03,1.011106273672613964e-01,-1.586949590348306183e+00
1.022800000000000011e+02,1.633410427486151799e-03,1.011106273672613964e-01,-1.586949590348306183e+00
1.022999999999999972e+02,1.633410427486151799e-03,1.011106273672613964e-01,-1.586949590348306183e+00
1.023199999999999932e+02,1.633410427486151799e-03,1.011106273672613964e-01,-1.586949590348306183e+00
1.023400000000000034e+02,1.633410427486151799e-03,1.011106273672613964e-01,-1.586949590348306183e+00
1.023599999999999994e+02,1.633410427486151799e-03,1.011106273672613964e-01,-1.586949590348306183e+00
1.023799999999999955e+02,1.633410427486151799e-03,1.011106273672613964e-01,-1.586949590348306183e+00
1.024000000000000057e+02,1.633410427486151799e-03,1.011106273672613964e-01,-1.586949590348306183e+00
1.024200000000000017e+02,1.633410427486151799e-03,1.011106273672613964e-01,-1.586949590348306183e+00
1.024399999999999977e+02,1.633410427486151799e-03,1.011106273672613964e-01,-1.586949590348306183e+00
1.024599999999999937e+02,1.633410427486151799e-03,1.011106273672613964e-01,-1.586949590348306183e+00
1.024800000000000040e+02,1.633410427486151799e-03,1.011106273672613964e-01,-1.586949590348306183e+00
1.025000000000000000e+02,1.633410427486151799e-03,1.011106273672613964e-01,-1.586949590348306183e+00
1.025199999999999960e+02,1.633410427486151799e-03,1.011106273672613964e-01,-1.586949590348306183e+00
1.025400000000000063e+02,1.633410427486151799e-03,1.011106273672613964e-01,-1.586949590348306183e+00
1.025600000000000023e+02,1.633410427486151799e-03,1.011106273672613964e-01,-1.586949590348306183e+00
1.025799999999999983e+02,1.633410427486151799e-03,1.011106273672613964e-01,-1.586949590348306183e+00
1.025999999999999943e+02,1.633410427486151799e-03,1.011106273672613964e-01,-1.586949590348306183e+00
1.026200000000000045e+02,1.633410427486151799e-03,1.011106273672613964e-01,-1.586949590348306183e+00
1.026400000000000006e+02,1.633410427486151799e-03,1.011106273672613964e-01,-1.586949590348306183e+00
1.026599999999999966e+02,1.633410427486151799e-03,1.011106273672613964e-01,-1.586949590348306183e+00
1.026800000000000068e+02,1.633410427486151799e-03,1.011106273672613964e-01,-1.586949590348306183e+00
1.027000000000000028e+02,1.633410427486151799e-03,1.011106273672613964e-01,-1.586949590348306183e+00
1.027199999999999989e+02,1.633410427486151799e-03,1.011106273672613964e-01,-1.586949590348306183e+00
1.027399999999999949e+02,1.633410427486151799e-03,1.011106273672613964e-01,-1.586949590348306183e+00
1.027600000000000051e+02,1.633410427486151799e-03,1.011106273672613964e-01,-1.586949590348306183e+00
1.027800000000000011e+02,1.633410427486151799e-03,1.011106273672613964e-01,-1.586949590348306183e+00
1.027999999999999972e+02,1.633410427486151799e-03,1.011106273672613964e-01,-1.586949590348306183e+00
1.028199999999999932e+02,1.633410427486151799e-03,1.011106273672613964e-01,-1.586949590348306183e+00
1.028400000000000034e+02,1.633410427486151799e-03,1.011106273672613964e-01,-1.586949590348306183e+00
1.028599999999999994e+02,1.633410427486151799e-03,1.011106273672613964e-01,-1.586949590348306183e+00
1.028799999999999955e+02,1.633410427486151799e-03,1.011106273672613964e-01,-1.586949590348306183e+00
1.029000000000000057e+02,1.633410427486151799e-03,1.011106273672613964e-01,-1.586949590348306183e+00
1.029200000000000017e+02,1.633410427486151799e-03,1.011106273672613964e-01,-1.586949590348306183e+00
1.029399999999999977e+02,1.633410427486151799e-03,1.011106273672613964e-01,-1.586949590348306183e+00
1.029599999999999937e+02,1.633410427486151799e-03,1.011106273672613964e-01,-1.586949590348306183e+00
1.029800000000000040e+02,1.633410427486151799e-03,1.011106273672613964e-01,-1.586949590348306183e+00
1.030000000000000000e+02,1.633410427486151799e-03,1.011106273672613964e-01,-1.586949590348306183e+00
1.030199999999999960e+02,1.633410427486151799e-03,1.011106273672613964e-01,-1.586949590348306183e+00
1.030400000000000063e+02,1.633410427486151799e-03,1.011106273672613964e-01,-1.586949590348306183e+00
1.030600000000000023e+02,1.633410427486151799e-03,1.011106273672613964e-01,-1.586949590348306183e+00
1.030799999999999983e+02,1.633410427486151799e-03,1.011106273672613964e-01,-1.586949590348306183e+00
1.030999999999999943e+02,1.633410427486151799e-03,1.011106273672613964e-01,-1.586949590348306183e+00
1.031200000000000045e+02,1.633410427486151799e-03,1.011106273672613964e-01,-1.586949590348306183e+00
1.031400000000000006e+02,1.633410427486151799e-03,1.011106273672613964e-01,-1.586949590348306183e+00
1.031599999999999966e+02,1.633410427486151799e-03,1.011106273672613964e-01,-1.586949590348306183e+00
1.031800000000000068e+02,1.633410427486151799e-03,1.011106273672613964e-01,-1.586949590348306183e+00
1.032000000000000028e+02,1.633410427486151799e-03,1.011106273672613964e-01,-1.586949590348306183e+00
1.032199999999999989e+02,1.633410427486151799e-03,1.011106273672613964e-01,-1.586949590348306183e+00
1.032399999999999949e+02,1.633410427486151799e-03,1.011106273672613964e-01,-1.586949590348306183e+00
1.032600000000000051e+02,1.633410427486151799e-03,1.011106273672613964e-01,-1.586949590348306183e+00
1.032800000000000011e+02,1.633410427486151799e-03,1.011106273672613964e-01,-1.586949590348306183e+00
1.032999999999999972e+02,1.633410427486151799e-03,1.011106273672613964e-01,-1.586949590348306183e+00
1.033199999999999932e+02,1.633410427486151799e-03,1.011106273672613964e-01,-1.586949590348306183e+00
1.033400000000000034e+02,1.633410427486151799e-03,1.011106273672613964e-01,-1.586949590348306183e+00
1.033599999999999994e+02,1.633410427486151799e-03,1.011106273672613964e-01,-1.586949590348306183e+00
1.033799999999999955e+02,1.633410427486151799e-03,1.011106273672613964e-01,-1.586949590348306183e+00
1.034000000000000057e+02,1.633410427486151799e-03,1.011106273672613964e-01,-1.586949590348306183e+00
1.034200000000000017e+02,1.633410427486151799e-03,1.011106273672613964e-01,-1.586949590348306183e+00
1.034399999999999977e+02,1.633410427486151799e-03,1.011106273672613964e-01,-1.586949590348306183e+00
1.034599999999999937e+02,1.633410427486151799e-03,1.011106273672613964e-01,-1.586949590348306183e+00
1.034800000000000040e+02,1.633410427486151799e-03,1.011106273672613964e-01,-1.586949590348306183e+00
1.035000000000000000e+02,1.633410427486151799e-03,1.011106273672613964e-01,-1.586949590348306183e+00
1.035199999999999960e+02,1.633410427486151799e-03,1.011106273672613964e-01,-1.586949590348306183e+00
1.035400000000000063e+02,1.633410427486151799e-03,1.011106273672613964e-01,-1.586949590348306183e+00
1.035600000000000023e+02,1.633410427486151799e-03,1.011106273672613964e-01,-1.586949590348306183e+00
1.035799999999999983e+02,1.633410427486151799e-03,1.011106273672613964e-01,-1.586949590348306183e+00
1.035999999999999943e+02,1.633410427486151799e-03,1.011106273672613964e-01,-1.586949590348306183e+00
1.036200000000000045e+02,1.633410427486151799e-03,1.011106273672613964e-01,-1.586949590348306183e+00
1.036400000000000006e+02,1.633410427486151799e-03,1.011106273672613964e-01,-1.586949590348306183e+00
1.036599999999999966e+02,1.633410427486151799e-03,1.011106273672613964e-01,-1.586949590348306183e+00
1.036800000000000068e+02,1.633410427486151799e-03,1.011106273672613964e-01,-1.586949590348306183e+00
1.037000000000000028e+02,1.633410427486151799e-03,1.011106273672613964e-01,-1.586949590348306183e+00
1.037199999999999989e+02,1.633410427486151799e-03,1.011106273672613964e-01,-1.586949590348306183e+00
1.037399999999999949e+02,1.633410427486151799e-03,1.011106273672613964e-01,-1.586949590348306183e+00
1.037600000000000051e+02,1.633410427486151799e-03,1.011106273672613964e-01,-1.586949590348306183e+00
1.037800000000000011e+02,1.633410427486151799e-03,1.011106273672613964e-01,-1.586949590348306183e+00
1.037999999999999972e+02,1.633410427486151799e-03,1.011106273672613964e-01,-1.586949590348306183e+00
1.038199999999999932e+02,1.633410427486151799e-03,1.011106273672613964e-01,-1.586949590348306183e+00
1.038400000000000034e+02,1.633410427486151799e-03,1.011106273672613964e-01,-1.586949590348306183e+00
1.038599999999999994e+02,1.633410427486151799e-03,1.011106273672613964e-01,-1.586949590348306183e+00
1.038799999999999955e+02,1.633410427486151799e-03,1.011106273672613964e-01,-1.586949590348306183e+00
1.039000000000000057e+02,1.633410427486151799e-03,1.011106273672613964e-01,-1.586949590348306183e+00
1.039200000000000017e+02,1.633410427486151799e-03,1.011106273672613964e-01,-1.586949590348306183e+00
1.039399999999999977e+02,1.633410427486151799e-03,1.011106273672613964e-01,-1.586949590348306183e+00
1.039599999999999937e+02,1.633410427486151799e-03,1.011106273672613964e-01,-1.586949590348306183e+00
1.039800000000000040e+02,1.633410427486151799e-03,1.011106273672613964e-01,-1.586949590348306183e+00
1.040000000000000000e+02,1.633410427486151799e-03,1.011106273672613964e-01,-1.586949590348306183e+00
1.040199999999999960e+02,1.633410427486151799e-03,1.011106273672613964e-01,-1.586949590348306183e+00
1.040400000000000063e+02,1.633410427486151799e-03,1.011106273672613964e-01,-1.586949590348306183e+00
1.040600000000000023e+02,1.633410427486151799e-03,1.011106273672613964e-01,-1.586949590348306183e+00
1.040799999999999983e+02,1.633410427486151799e-03,1.011106273672613964e-01,-1.586949590348306183e+00
1.040999999999999943e+02,1.633410427486151799e-03,1.011106273672613964e-01,-1.586949590348306183e+00
1.041200000000000045e+02,1.633410427486151799e-03,1.011106273672613964e-01,-1.586949590348306183e+00
1.041400000000000006e+02,1.633410427486151799e-03,1.011106273672613964e-01,-1.586949590348306183e+00
1.041599999999999966e+02,1.633410427486151799e-03,1.011106273672613964e-01,-1.586949590348306183e+00
1.041800000000000068e+02,1.633410427486151799e-03,1.011106273672613964e-01,-1.586949590348306183e+00
1.042000000000000028e+02,1.633410427486151799e-03,1.011106273672613964e-01,-1.586949590348306183e+00
1.042199999999999989e+02,1.633410427486151799e-03,1.011106273672613964e-01,-1.586949590348306183e+00
1.042399999999999949e+02,1.633410427486151799e-03,1.011106273672613964e-01,-1.586949590348306183e+00
1.042600000000000051e+02,1.633410427486151799e-03,1.011106273672613964e-01,-1.586949590348306183e+00
1.042800000000000011e+02,1.633410427486151799e-03,1.011106273672613964e-01,-1.586949590348306183e+00
1.042999999999999972e+02,1.633410427486151799e-03,1.011106273672613964e-01,-1.586949590348306183e+00
1.043199999999999932e+02,1.633410427486151799e-03,1.011106273672613964e-01,-1.586949590348306183e+00
1.043400000000000034e+02,1.633410427486151799e-03,1.011106273672613964e-01,-1.586949590348306183e+00
1.043599999999999994e+02,1.633410427486151799e-03,1.011106273672613964e-01,-1.586949590348306183e+00
1.043799999999999955e+02,1.633410427486151799e-03,1.011106273672613964e-01,-1.586949590348306183e+00
1.044000000000000057e+02,1.633410427486151799e-03,1.011106273672613964e-01,-1.586949590348306183e+00
1.044200000000000017e+02,1.633410427486151799e-03,1.011106273672613964e-01,-1.586949590348306183e+00
1.044399999999999977e+02,1.633410427486151799e-03,1.011106273672613964e-01,-1.586949590348306183e+00
1.044599999999999937e+02,1.633410427486151799e-03,1.011106273672613964e-01,-1.586949590348306183e+00
1.044800000000000040e+02,1.633410427486151799e-03,1.011106273672613964e-01,-1.586949590348306183e+00
1.045000000000000000e+02,1.633410427486151799e-03,1.011106273672613964e-01,-1.586949590348306183e+00
1.045199999999999960e+02,1.633410427486151799e-03,1.011106273672613964e-01,-1.586949590348306183e+00
1.045400000000000063e+02,1.633410427486151799e-03,1.011106273672613964e-01,-1.586949590348306183e+00
1.045600000000000023e+02,1.633410427486151799e-03,1.011106273672613964e-01,-1.586949590348306183e+00
1.045799999999999983e+02,1.633410427486151799e-03,1.011106273672613964e-01,-1.586949590348306183e+00
1.045999999999999943e+02,1.633410427486151799e-03,1.011106273672613964e-01,-1.586949590348306183e+00
1.046200000000000045e+02,1.633410427486151799e-03,1.011106273672613964e-01,-1.586949590348306183e+00
1.046400000000000006e+02,1.633410427486151799e-03,1.011106273672613964e-01,-1.586949590348306183e+00
1.046599999999999966e+02,1.633410427486151799e-03,1.011106273672613964e-01,-1.586949590348306183e+00
1.046800000000000068e+02,1.633410427486151799e-03,1.011106273672613964e-01,-1.586949590348306183e+00
1.047000000000000028e+02,1.633410427486151799e-03,1.011106273672613964e-01,-1.586949590348306183e+00
1.047199999999999989e+02,1.633410427486151799e-03,1.011106273672613964e-01,-1.586949590348306183e+00
1.047399999999999949e+02,1.633410427486151799e-03,1.011106273672613964e-01,-1.586949590348306183e+00
1.047600000000000051e+02,1.633410427486151799e-03,1.011106273672613964e-01,-1.586949590348306183e+00
1.047800000000000011e+02,1.633410427486151799e-03,1.011106273672613964e-01,-1.586949590348306183e+00
1.047999999999999972e+02,1.633410427486151799e-03,1.011106273672613964e-01,-1.586949590348306183e+00
1.048199999999999932e+02,1.633410427486151799e-03,1.011106273672613964e-01,-1.586949590348306183e+00
1.048400000000000034e+02,1.633410427486151799e-03,1.011106273672613964e-01,-1.586949590348306183e+00
1.048599999999999994e+02,1.633410427486151799e-03,1.011106273672613964e-01,-1.586949590348306183e+00
1.048799999999999955e+02,1.633410427486151799e-03,1.011106273672613964e-01,-1.586949590348306183e+00
1.049000000000000057e+02,1.633410427486151799e-03,1.011106273672613964e-01,-1.586949590348306183e+00
1.049200000000000017e+02,1.633410427486151799e-03,1.011106273672613964e-01,-1.586949590348306183e+00
1.049399999999999977e+02,1.633410427486151799e-03,1.011106273672613964e-01,-1.586949590348306183e+00
1.049599999999999937e+02,1.633410427486151799e-03,1.011106273672613964e-01,-1.586949590348306183e+00
1.049800000000000040e+02,1.633410427486151799e-03,1.011106273672613964e-01,-1.586949590348306183e+00
1.050000000000000000e+02,1.633410427486151799e-03,1.011106273672613964e-01,-1.586949590348306183e+00
1.050199999999999960e+02,1.633410427486151799e-03,1.011106273672613964e-01,-1.586949590348306183e+00
1.050400000000000063e+02,1.633410427486151799e-03,1.011106273672613964e-01,-1.586949590348306183e+00
1.050600000000000023e+02,1.633410427486151799e-03,1.011106273672613964e-01,-1.586949590348306183e+00
1.050799999999999983e+02,1.633410427486151799e-03,1.011106273672613964e-01,-1.586949590348306183e+00
1.050999999999999943e+02,1.633410427486151799e-03,1.011106273672613964e-01,-1.586949590348306183e+00
1.051200000000000045e+02,1.633410427486151799e-03,1.011106273672613964e-01,-1.586949590348306183e+00
1.051400000000000006e+02,1.633410427486151799e-03,1.011106273672613964e-01,-1.586949590348306183e+00
1.051599999999999966e+02,1.633410427486151799e-03,1.011106273672613964e-01,-1.586949590348306183e+00
1.051800000000000068e+02,1.633410427486151799e-03,1.011106273672613964e-01,-1.586949590348306183e+00
1.052000000000000028e+02,1.633410427486151799e-03,1.011106273672613964e-01,-1.586949590348306183e+00
1.052199999999999989e+02,1.633410427486151799e-03,1.011106273672613964e-01,-1.586949590348306183e+00
1.052399999999999949e+02,1.633410427486151799e-03,1.011106273672613964e-01,-1.586949590348306183e+00
1.052600000000000051e+02,1.633410427486151799e-03,1.011106273672613964e-01,-1.586949590348306183e+00
1.052800000000000011e+02,1.633410427486151799e-03,1.011106273672613964e-01,-1.586949590348306183e+00
1.052999999999999972e+02,1.633410427486151799e-03,1.011106273672613964e-01,-1.586949590348306183e+00
1.053199999999999932e+02,1.633410427486151799e-03,1.011106273672613964e-01,-1.586949590348306183e+00
1.053400000000000034e+02,1.633410427486151799e-03,1.011106273672613964e-01,-1.586949590348306183e+00
1.053599999999999994e+02,1.633410427486151799e-03,1.011106273672613964e-01,-1.586949590348306183e+00
1.053799999999999955e+02,1.633410427486151799e-03,1.011106273672613964e-01,-1.586949590348306183e+00
1.054000000000000057e+02,1.633410427486151799e-03,1.011106273672613964e-01,-1.586949590348306183e+00
1.054200000000000017e+02,1.633410427486151799e-03,1.011106273672613964e-01,-1.586949590348306183e+00
1.054399999999999977e+02,1.633410427486151799e-03,1.011106273672613964e-01,-1.586949590348306183e+00
1.054599999999999937e+02,1.633410427486151799e-03,1.011106273672613964e-01,-1.586949590348306183e+00
1.054800000000000040e+02,1.633410427486151799e-03,1.011106273672613964e-01,-1.586949590348306183e+00
1.055000000000000000e+02,1.633410427486151799e-03,1.011106273672613964e-01,-1.586949590348306183e+00
1.055199999999999960e+02,1.633410427486151799e-03,1.011106273672613964e-01,-1.586949590348306183e+00
1.055400000000000063e+02,1.633410427486151799e-03,1.011106273672613964e-01,-1.586949590348306183e+00
1.055600000000000023e+02,1.633410427486151799e-03,1.011106273672613964e-01,-1.586949590348306183e+00
1.055799999999999983e+02,1.633410427486151799e-03,1.011106273672613964e-01,-1.586949590348306183e+00
1.055999999999999943e+02,1.633410427486151799e-03,1.011106273672613964e-01,-1.586949590348306183e+00
1.056200000000000045e+02,1.633410427486151799e-03,1.011106273672613964e-01,-1.586949590348306183e+00
1.056400000000000006e+02,1.633410427486151799e-03,1.011106273672613964e-01,-1.586949590348306183e+00
1.056599999999999966e+02,1.633410427486151799e-03,1.011106273672613964e-01,-1.586949590348306183e+00
1.056800000000000068e+02,1.633410427486151799e-03,1.011106273672613964e-01,-1.586949590348306183e+00
1.057000000000000028e+02,1.633410427486151799e-03,1.011106273672613964e-01,-1.586949590348306183e+00
1.057199999999999989e+02,1.633410427486151799e-03,1.011106273672613964e-01,-1.586949590348306183e+00
1.057399999999999949e+02,1.633410427486151799e-03,1.011106273672613964e-01,-1.586949590348306183e+00
1.057600000000000051e+02,1.633410427486151799e-03,1.011106273672613964e-01,-1.586949590348306183e+00
1.057800000000000011e+02,1.633410427486151799e-03,1.011106273672613964e-01,-1.586949590348306183e+00
1.057999999999999972e+02,1.633410427486151799e-03,1.011106273672613964e-01,-1.586949590348306183e+00
1.058199999999999932e+02,1.633410427486151799e-03,1.011106273672613964e-01,-1.586949590348306183e+00
1.058400000000000034e+02,1.633410427486151799e-03,1.011106273672613964e-01,-1.586949590348306183e+00
1.058599999999999994e+02,1.633410427486151799e-03,1.011106273672613964e-01,-1.586949590348306183e+00
1.058799999999999955e+02,1.633410427486151799e-03,1.011106273672613964e-01,-1.586949590348306183e+00
1.059000000000000057e+02,1.633410427486151799e-03,1.011106273672613964e-01,-1.586949590348306183e+00
1.059200000000000017e+02,1.633410427486151799e-03,1.011106273672613964e-01,-1.586949590348306183e+00
1.059399999999999977e+02,1.633410427486151799e-03,1.011106273672613964e-01,-1.586949590348306183e+00
1.059599999999999937e+02,1.633410427486151799e-03,1.011106273672613964e-01,-1.586949590348306183e+00
1.059800000000000040e+02,1.633410427486151799e-03,1.011106273672613964e-01,-1.586949590348306183e+00
1.060000000000000000e+02,1.633410427486151799e-03,1.011106273672613964e-01,-1.586949590348306183e+00
1.060199999999999960e+02,1.633410427486151799e-03,1.011106273672613964e-01,-1.586949590348306183e+00
1.060400000000000063e+02,1.633410427486151799e-03,1.011106273672613964e-01,-1.586949590348306183e+00
1.060600000000000023e+02,1.633410427486151799e-03,1.011106273672613964e-01,-1.586949590348306183e+00
1.060799999999999983e+02,1.633410427486151799e-03,1.011106273672613964e-01,-1.586949590348306183e+00
1.060999999999999943e+02,1.633410427486151799e-03,1.011106273672613964e-01,-1.586949590348306183e+00
1.061200000000000045e+02,1.633410427486151799e-03,1.011106273672613964e-01,-1.586949590348306183e+00
1.061400000000000006e+02,1.633410427486151799e-03,1.011106273672613964e-01,-1.586949590348306183e+00
1.061599999999999966e+02,1.633410427486151799e-03,1.011106273672613964e-01,-1.586949590348306183e+00
1.061800000000000068e+02,1.633410427486151799e-03,1.011106273672613964e-01,-1.586949590348306183e+00
1.062000000000000028e+02,1.633410427486151799e-03,1.011106273672613964e-01,-1.586949590348306183e+00
1.062199999999999989e+02,1.633410427486151799e-03,1.011106273672613964e-01,-1.586949590348306183e+00
1.062399999999999949e+02,1.633410427486151799e-03,1.011106273672613964e-01,-1.586949590348306183e+00
1.062600000000000051e+02,1.633410427486151799e-03,1.011106273672613964e-01,-1.586949590348306183e+00
1.062800000000000011e+02,1.633410427486151799e-03,1.011106273672613964e-01,-1.586949590348306183e+00
1.062999999999999972e+02,1.633410427486151799e-03,1.011106273672613964e-01,-1.586949590348306183e+00
1.063199999999999932e+02,1.633410427486151799e-03,1.011106273672613964e-01,-1.586949590348306183e+00
1.063400000000000034e+02,1.633410427486151799e-03,1.011106273672613964e-01,-1.586949590348306183e+00
1.063599999999999994e+02,1.633410427486151799e-03,1.011106273672613964e-01,-1.586949590348306183e+00
1.063799999999999955e+02,1.633410427486151799e-03,1.011106273672613964e-01,-1.586949590348306183e+00
1.064000000000000057e+02,1.633410427486151799e-03,1.011106273672613964e-01,-1.586949590348306183e+00
1.064200000000000017e+02,1.633410427486151799e-03,1.011106273672613964e-01,-1.586949590348306183e+00
1.064399999999999977e+02,1.633410427486151799e-03,1.011106273672613964e-01,-1.586949590348306183e+00
1.064599999999999937e+02,1.633410427486151799e-03,1.011106273672613964e-01,-1.586949590348306183e+00
1.064800000000000040e+02,1.633410427486151799e-03,1.011106273672613964e-01,-1.586949590348306183e+00
1.065000000000000000e+02,1.633410427486151799e-03,1.011106273672613964e-01,-1.586949590348306183e+00
1.065199999999999960e+02,1.633410427486151799e-03,1.011106273672613964e-01,-1.586949590348306183e+00
1.065400000000000063e+02,1.633410427486151799e-03,1.011106273672613964e-01,-1.586949590348306183e+00
1.065600000000000023e+02,1.633410427486151799e-03,1.011106273672613964e-01,-1.586949590348306183e+00
1.065799999999999983e+02,1.633410427486151799e-03,1.011106273672613964e-01,-1.586949590348306183e+00
1.065999999999999943e+02,1.633410427486151799e-03,1.011106273672613964e-01,-1.586949590348306183e+00
1.066200000000000045e+02,1.633410427486151799e-03,1.011106273672613964e-01,-1.586949590348306183e+00
1.066400000000000006e+02,1.633410427486151799e-03,1.011106273672613964e-01,-1.586949590348306183e+00
1.066599999999999966e+02,1.633410427486151799e-03,1.011106273672613964e-01,-1.586949590348306183e+00
1.066800000000000068e+02,1.633410427486151799e-03,1.011106273672613964e-01,-1.586949590348306183e+00
1.067000000000000028e+02,1.633410427486151799e-03,1.011106273672613964e-01,-1.586949590348306183e+00
1.067199999999999989e+02,1.633410427486151799e-03,1.011106273672613964e-01,-1.586949590348306183e+00
1.067399999999999949e+02,1.633410427486151799e-03,1.011106273672613964e-01,-1.586949590348306183e+00
1.067600000000000051e+02,1.633410427486151799e-03,1.011106273672613964e-01,-1.586949590348306183e+00
1.067800000000000011e+02,1.633410427486151799e-03,1.011106273672613964e-01,-1.586949590348306183e+00
1.067999999999999972e+02,1.633410427486151799e-03,1.011106273672613964e-01,-1.586949590348306183e+00
1.068199999999999932e+02,1.633410427486151799e-03,1.011106273672613964e-01,-1.586949590348306183e+00
1.068400000000000034e+02,1.633410427486151799e-03,1.011106273672613964e-01,-1.586949590348306183e+00
1.068599999999999994e+02,1.633410427486151799e-03,1.011106273672613964e-01,-1.586949590348306183e+00
1.068799999999999955e+02,1.633410427486151799e-03,1.011106273672613964e-01,-1.586949590348306183e+00
1.069000000000000057e+02,1.633410427486151799e-03,1.011106273672613964e-01,-1.586949590348306183e+00
1.069200000000000017e+02,1.633410427486151799e-03,1.011106273672613964e-01,-1.586949590348306183e+00
1.069399999999999977e+02,1.633410427486151799e-03,1.011106273672613964e-01,-1.586949590348306183e+00
1.069599999999999937e+02,1.633410427486151799e-03,1.011106273672613964e-01,-1.586949590348306183e+00
1.069800000000000040e+02,1.633410427486151799e-03,1.011106273672613964e-01,-1.586949590348306183e+00
1.070000000000000000e+02,1.633410427486151799e-03,1.011106273672613964e-01,-1.586949590348306183e+00
1.070199999999999960e+02,1.633410427486151799e-03,1.011106273672613964e-01,-1.586949590348306183e+00
1.070400000000000063e+02,1.633410427486151799e-03,1.011106273672613964e-01,-1.586949590348306183e+00
1.070600000000000023e+02,1.633410427486151799e-03,1.011106273672613964e-01,-1.586949590348306183e+00
1.070799999999999983e+02,1.633410427486151799e-03,1.011106273672613964e-01,-1.586949590348306183e+00
1.070999999999999943e+02,1.633410427486151799e-03,1.011106273672613964e-01,-1.586949590348306183e+00
1.071200000000000045e+02,1.633410427486151799e-03,1.011106273672613964e-01,-1.586949590348306183e+00
1.071400000000000006e+02,1.633410427486151799e-03,1.011106273672613964e-01,-1.586949590348306183e+00
1.071599999999999966e+02,1.633410427486151799e-03,1.011106273672613964e-01,-1.586949590348306183e+00
1.071800000000000068e+02,1.633410427486151799e-03,1.011106273672613964e-01,-1.586949590348306183e+00
1.072000000000000028e+02,1.633410427486151799e-03,1.011106273672613964e-01,-1.586949590348306183e+00
1.072199999999999989e+02,1.633410427486151799e-03,1.011106273672613964e-01,-1.586949590348306183e+00
1.072399999999999949e+02,1.633410427486151799e-03,1.011106273672613964e-01,-1.586949590348306183e+00
1.072600000000000051e+02,1.633410427486151799e-03,1.011106273672613964e-01,-1.586949590348306183e+00
1.072800000000000011e+02,1.633410427486151799e-03,1.011106273672613964e-01,-1.586949590348306183e+00
1.072999999999999972e+02,1.633410427486151799e-03,1.011106273672613964e-01,-1.586949590348306183e+00
1.073199999999999932e+02,1.633410427486151799e-03,1.011106273672613964e-01,-1.586949590348306183e+00
1.073400000000000034e+02,1.633410427486151799e-03,1.011106273672613964e-01,-1.586949590348306183e+00
1.073599999999999994e+02,1.633410427486151799e-03,1.011106273672613964e-01,-1.586949590348306183e+00
1.073799999999999955e+02,1.633410427486151799e-03,1.011106273672613964e-01,-1.586949590348306183e+00
1.074000000000000057e+02,1.633410427486151799e-03,1.011106273672613964e-01,-1.586949590348306183e+00
1.074200000000000017e+02,1.633410427486151799e-03,1.011106273672613964e-01,-1.586949590348306183e+00
1.074399999999999977e+02,1.633410427486151799e-03,1.011106273672613964e-01,-1.586949590348306183e+00
1.074599999999999937e+02,1.633410427486151799e-03,1.011106273672613964e-01,-1.586949590348306183e+00
1.074800000000000040e+02,1.633410427486151799e-03,1.011106273672613964e-01,-1.586949590348306183e+00
1.075000000000000000e+02,1.633410427486151799e-03,1.011106273672613964e-01,-1.586949590348306183e+00
1.075199999999999960e+02,1.633410427486151799e-03,1.011106273672613964e-01,-1.586949590348306183e+00
1.075400000000000063e+02,1.633410427486151799e-03,1.011106273672613964e-01,-1.586949590348306183e+00
1.075600000000000023e+02,1.633410427486151799e-03,1.011106273672613964e-01,-1.586949590348306183e+00
1.075799999999999983e+02,1.633410427486151799e-03,1.011106273672613964e-01,-1.586949590348306183e+00
1.075999999999999943e+02,1.633410427486151799e-03,1.011106273672613964e-01,-1.586949590348306183e+00
1.076200000000000045e+02,1.633410427486151799e-03,1.011106273672613964e-01,-1.586949590348306183e+00
1.076400000000000006e+02,1.633410427486151799e-03,1.011106273672613964e-01,-1.586949590348306183e+00
1.076599999999999966e+02,1.633410427486151799e-03,1.011106273672613964e-01,-1.586949590348306183e+00
1.076800000000000068e+02,1.633410427486151799e-03,1.011106273672613964e-01,-1.586949590348306183e+00
1.077000000000000028e+02,1.633410427486151799e-03,1.011106273672613964e-01,-1.586949590348306183e+00
1.077199999999999989e+02,1.633410427486151799e-03,1.011106273672613964e-01,-1.586949590348306183e+00
1.077399999999999949e+02,1.633410427486151799e-03,1.011106273672613964e-01,-1.586949590348306183e+00
1.077600000000000051e+02,1.633410427486151799e-03,1.011106273672613964e-01,-1.586949590348306183e+00
1.077800000000000011e+02,1.633410427486151799e-03,1.011106273672613964e-01,-1.586949590348306183e+00
1.077999999999999972e+02,1.633410427486151799e-03,1.011106273672613964e-01,-1.586949590348306183e+00
1.078199999999999932e+02,1.633410427486151799e-03,1.011106273672613964e-01,-1.586949590348306183e+00
1.078400000000000034e+02,1.633410427486151799e-03,1.011106273672613964e-01,-1.586949590348306183e+00
1.078599999999999994e+02,1.633410427486151799e-03,1.011106273672613964e-01,-1.586949590348306183e+00
1.078799999999999955e+02,1.633410427486151799e-03,1.011106273672613964e-01,-1.586949590348306183e+00
1.079000000000000057e+02,1.633410427486151799e-03,1.011106273672613964e-01,-1.586949590348306183e+00
1.079200000000000017e+02,1.633410427486151799e-03,1.011106273672613964e-01,-1.586949590348306183e+00
1.079399999999999977e+02,1.633410427486151799e-03,1.011106273672613964e-01,-1.586949590348306183e+00
1.079599999999999937e+02,1.633410427486151799e-03,1.011106273672613964e-01,-1.586949590348306183e+00
1.079800000000000040e+02,1.633410427486151799e-03,1.011106273672613964e-01,-1.586949590348306183e+00
1.080000000000000000e+02,1.633410427486151799e-03,1.011106273672613964e-01,-1.586949590348306183e+00
1.080199999999999960e+02,1.633410427486151799e-03,1.011106273672613964e-01,-1.586949590348306183e+00
1.080400000000000063e+02,1.633410427486151799e-03,1.011106273672613964e-01,-1.586949590348306183e+00
1.080600000000000023e+02,1.633410427486151799e-03,1.011106273672613964e-01,-1.586949590348306183e+00
1.080799999999999983e+02,1.633410427486151799e-03,1.011106273672613964e-01,-1.586949590348306183e+00
1.080999999999999943e+02,1.633410427486151799e-03,1.011106273672613964e-01,-1.586949590348306183e+00
1.081200000000000045e+02,1.633410427486151799e-03,1.011106273672613964e-01,-1.586949590348306183e+00
1.081400000000000006e+02,1.633410427486151799e-03,1.011106273672613964e-01,-1.586949590348306183e+00
1.081599999999999966e+02,1.633410427486151799e-03,1.011106273672613964e-01,-1.586949590348306183e+00
1.081800000000000068e+02,1.633410427486151799e-03,1.011106273672613964e-01,-1.586949590348306183e+00
1.082000000000000028e+02,1.633410427486151799e-03,1.011106273672613964e-01,-1.586949590348306183e+00
1.082199999999999989e+02,1.633410427486151799e-03,1.011106273672613964e-01,-1.586949590348306183e+00
1.082399999999999949e+02,1.633410427486151799e-03,1.011106273672613964e-01,-1.586949590348306183e+00
1.082600000000000051e+02,1.633410427486151799e-03,1.011106273672613964e-01,-1.586949590348306183e+00
1.082800000000000011e+02,1.633410427486151799e-03,1.011106273672613964e-01,-1.586949590348306183e+00
1.082999999999999972e+02,1.633410427486151799e-03,1.011106273672613964e-01,-1.586949590348306183e+00
1.083199999999999932e+02,1.633410427486151799e-03,1.011106273672613964e-01,-1.586949590348306183e+00
1.083400000000000034e+02,1.633410427486151799e-03,1.011106273672613964e-01,-1.586949590348306183e+00
1.083599999999999994e+02,1.633410427486151799e-03,1.011106273672613964e-01,-1.586949590348306183e+00
1.083799999999999955e+02,1.633410427486151799e-03,1.011106273672613964e-01,-1.586949590348306183e+00
1.084000000000000057e+02,1.633410427486151799e-03,1.011106273672613964e-01,-1.586949590348306183e+00
1.084200000000000017e+02,1.633410427486151799e-03,1.011106273672613964e-01,-1.586949590348306183e+00
1.084399999999999977e+02,1.633410427486151799e-03,1.011106273672613964e-01,-1.586949590348306183e+00
1.084599999999999937e+02,1.633410427486151799e-03,1.011106273672613964e-01,-1.586949590348306183e+00
1.084800000000000040e+02,1.633410427486151799e-03,1.011106273672613964e-01,-1.586949590348306183e+00
1.085000000000000000e+02,1.633410427486151799e-03,1.011106273672613964e-01,-1.586949590348306183e+00
1.085199999999999960e+02,1.633410427486151799e-03,1.011106273672613964e-01,-1.586949590348306183e+00
1.085400000000000063e+02,1.633410427486151799e-03,1.011106273672613964e-01,-1.586949590348306183e+00
1.085600000000000023e+02,1.633410427486151799e-03,1.011106273672613964e-01,-1.586949590348306183e+00
1.085799999999999983e+02,1.633410427486151799e-03,1.011106273672613964e-01,-1.586949590348306183e+00
1.085999999999999943e+02,1.633410427486151799e-03,1.011106273672613964e-01,-1.586949590348306183e+00
1.086200000000000045e+02,1.633410427486151799e-03,1.011106273672613964e-01,-1.586949590348306183e+00
1.086400000000000006e+02,1.633410427486151799e-03,1.011106273672613964e-01,-1.586949590348306183e+00
1.086599999999999966e+02,1.633410427486151799e-03,1.011106273672613964e-01,-1.586949590348306183e+00
1.086800000000000068e+02,1.633410427486151799e-03,1.011106273672613964e-01,-1.586949590348306183e+00
1.087000000000000028e+02,1.633410427486151799e-03,1.011106273672613964e-01,-1.586949590348306183e+00
1.087199999999999989e+02,1.633410427486151799e-03,1.011106273672613964e-01,-1.586949590348306183e+00
1.087399999999999949e+02,1.633410427486151799e-03,1.011106273672613964e-01,-1.586949590348306183e+00
1.087600000000000051e+02,1.633410427486151799e-03,1.011106273672613964e-01,-1.586949590348306183e+00
1.087800000000000011e+02,1.633410427486151799e-03,1.011106273672613964e-01,-1.586949590348306183e+00
1.087999999999999972e+02,1.633410427486151799e-03,1.011106273672613964e-01,-1.586949590348306183e+00
1.088199999999999932e+02,1.633410427486151799e-03,1.011106273672613964e-01,-1.586949590348306183e+00
1.088400000000000034e+02,1.633410427486151799e-03,1.011106273672613964e-01,-1.586949590348306183e+00
1.088599999999999994e+02,1.633410427486151799e-03,1.011106273672613964e-01,-1.586949590348306183e+00
1.088799999999999955e+02,1.633410427486151799e-03,1.011106273672613964e-01,-1.586949590348306183e+00
1.089000000000000057e+02,1.633410427486151799e-03,1.011106273672613964e-01,-1.586949590348306183e+00
1.089200000000000017e+02,1.633410427486151799e-03,1.011106273672613964e-01,-1.586949590348306183e+00
1.089399999999999977e+02,1.633410427486151799e-03,1.011106273672613964e-01,-1.586949590348306183e+00
1.089599999999999937e+02,1.633410427486151799e-03,1.011106273672613964e-01,-1.586949590348306183e+00
1.089800000000000040e+02,1.633410427486151799e-03,1.011106273672613964e-01,-1.586949590348306183e+00
1.090000000000000000e+02,1.633410427486151799e-03,1.011106273672613964e-01,-1.586949590348306183e+00
1.090199999999999960e+02,1.633410427486151799e-03,1.011106273672613964e-01,-1.586949590348306183e+00
1.090400000000000063e+02,1.633410427486151799e-03,1.011106273672613964e-01,-1.586949590348306183e+00
1.090600000000000023e+02,1.633410427486151799e-03,1.011106273672613964e-01,-1.586949590348306183e+00
1.090799999999999983e+02,1.633410427486151799e-03,1.011106273672613964e-01,-1.586949590348306183e+00
1.090999999999999943e+02,1.633410427486151799e-03,1.011106273672613964e-01,-1.586949590348306183e+00
1.091200000000000045e+02,1.633410427486151799e-03,1.011106273672613964e-01,-1.586949590348306183e+00
1.091400000000000006e+02,1.633410427486151799e-03,1.011106273672613964e-01,-1.586949590348306183e+00
1.091599999999999966e+02,1.633410427486151799e-03,1.011106273672613964e-01,-1.586949590348306183e+00
1.091800000000000068e+02,1.633410427486151799e-03,1.011106273672613964e-01,-1.586949590348306183e+00
1.092000000000000028e+02,1.633410427486151799e-03,1.011106273672613964e-01,-1.586949590348306183e+00
1.092199999999999989e+02,1.633410427486151799e-03,1.011106273672613964e-01,-1.586949590348306183e+00
1.092399999999999949e+02,1.633410427486151799e-03,1.011106273672613964e-01,-1.586949590348306183e+00
1.092600000000000051e+02,1.633410427486151799e-03,1.011106273672613964e-01,-1.586949590348306183e+00
1.092800000000000011e+02,1.633410427486151799e-03,1.011106273672613964e-01,-1.586949590348306183e+00
1.092999999999999972e+02,1.633410427486151799e-03,1.011106273672613964e-01,-1.586949590348306183e+00
1.093199999999999932e+02,1.633410427486151799e-03,1.011106273672613964e-01,-1.586949590348306183e+00
1.093400000000000034e+02,1.633410427486151799e-03,1.011106273672613964e-01,-1.586949590348306183e+00
1.093599999999999994e+02,1.633410427486151799e-03,1.011106273672613964e-01,-1.586949590348306183e+00
1.093799999999999955e+02,1.633410427486151799e-03,1.011106273672613964e-01,-1.586949590348306183e+00
1.094000000000000057e+02,1.633410427486151799e-03,1.011106273672613964e-01,-1.586949590348306183e+00
1.094200000000000017e+02,1.633410427486151799e-03,1.011106273672613964e-01,-1.586949590348306183e+00
1.094399999999999977e+02,1.633410427486151799e-03,1.011106273672613964e-01,-1.586949590348306183e+00
1.094599999999999937e+02,1.633410427486151799e-03,1.011106273672613964e-01,-1.586949590348306183e+00
1.094800000000000040e+02,1.633410427486151799e-03,1.011106273672613964e-01,-1.586949590348306183e+00
1.095000000000000000e+02,1.633410427486151799e-03,1.011106273672613964e-01,-1.586949590348306183e+00
1.095199999999999960e+02,1.633410427486151799e-03,1.011106273672613964e-01,-1.586949590348306183e+00
1.095400000000000063e+02,1.633410427486151799e-03,1.011106273672613964e-01,-1.586949590348306183e+00
1.095600000000000023e+02,1.633410427486151799e-03,1.011106273672613964e-01,-1.586949590348306183e+00
1.095799999999999983e+02,1.633410427486151799e-03,1.011106273672613964e-01,-1.586949590348306183e+00
1.095999999999999943e+02,1.633410427486151799e-03,1.011106273672613964e-01,-1.586949590348306183e+00
1.096200000000000045e+02,1.633410427486151799e-03,1.011106273672613964e-01,-1.586949590348306183e+00
1.096400000000000006e+02,1.633410427486151799e-03,1.011106273672613964e-01,-1.586949590348306183e+00
1.096599999999999966e+02,1.633410427486151799e-03,1.011106273672613964e-01,-1.586949590348306183e+00
1.096800000000000068e+02,1.633410427486151799e-03,1.011106273672613964e-01,-1.586949590348306183e+00
1.097000000000000028e+02,1.633410427486151799e-03,1.011106273672613964e-01,-1.586949590348306183e+00
1.097199999999999989e+02,1.633410427486151799e-03,1.011106273672613964e-01,-1.586949590348306183e+00
1.097399999999999949e+02,1.633410427486151799e-03,1.011106273672613964e-01,-1.586949590348306183e+00
1.097600000000000051e+02,1.633410427486151799e-03,1.011106273672613964e-01,-1.586949590348306183e+00
1.097800000000000011e+02,1.633410427486151799e-03,1.011106273672613964e-01,-1.586949590348306183e+00
1.097999999999999972e+02,1.633410427486151799e-03,1.011106273672613964e-01,-1.586949590348306183e+00
1.098199999999999932e+02,1.633410427486151799e-03,1.011106273672613964e-01,-1.586949590348306183e+00
1.098400000000000034e+02,1.633410427486151799e-03,1.011106273672613964e-01,-1.586949590348306183e+00
1.098599999999999994e+02,1.633410427486151799e-03,1.011106273672613964e-01,-1.586949590348306183e+00
1.098799999999999955e+02,1.633410427486151799e-03,1.011106273672613964e-01,-1.586949590348306183e+00
1.099000000000000057e+02,1.633410427486151799e-03,1.011106273672613964e-01,-1.586949590348306183e+00
1.099200000000000017e+02,1.633410427486151799e-03,1.011106273672613964e-01,-1.586949590348306183e+00
1.099399999999999977e+02,1.633410427486151799e-03,1.011106273672613964e-01,-1.586949590348306183e+00
1.099599999999999937e+02,1.633410427486151799e-03,1.011106273672613964e-01,-1.586949590348306183e+00
1.099800000000000040e+02,1.633410427486151799e-03,1.011106273672613964e-01,-1.586949590348306183e+00
1.100000000000000000e+02,1.633410427486151799e-03,1.011106273672613964e-01,-1.586949590348306183e+00
1.100199999999999960e+02,1.633410427486151799e-03,1.011106273672613964e-01,-1.586949590348306183e+00
1.100400000000000063e+02,1.633410427486151799e-03,1.011106273672613964e-01,-1.586949590348306183e+00
1.100600000000000023e+02,1.633410427486151799e-03,1.011106273672613964e-01,-1.586949590348306183e+00
1.100799999999999983e+02,1.633410427486151799e-03,1.011106273672613964e-01,-1.586949590348306183e+00
1.100999999999999943e+02,1.633410427486151799e-03,1.011106273672613964e-01,-1.586949590348306183e+00
1.101200000000000045e+02,1.633410427486151799e-03,1.011106273672613964e-01,-1.586949590348306183e+00
1.101400000000000006e+02,1.633410427486151799e-03,1.011106273672613964e-01,-1.586949590348306183e+00
1.101599999999999966e+02,1.633410427486151799e-03,1.011106273672613964e-01,-1.586949590348306183e+00
1.101800000000000068e+02,1.633410427486151799e-03,1.011106273672613964e-01,-1.586949590348306183e+00
1.102000000000000028e+02,1.633410427486151799e-03,1.011106273672613964e-01,-1.586949590348306183e+00
1.102199999999999989e+02,1.633410427486151799e-03,1.011106273672613964e-01,-1.586949590348306183e+00
1.102399999999999949e+02,1.633410427486151799e-03,1.011106273672613964e-01,-1.586949590348306183e+00
1.102600000000000051e+02,1.633410427486151799e-03,1.011106273672613964e-01,-1.586949590348306183e+00
1.102800000000000011e+02,1.633410427486151799e-03,1.011106273672613964e-01,-1.586949590348306183e+00
1.102999999999999972e+02,1.633410427486151799e-03,1.011106273672613964e-01,-1.586949590348306183e+00
1.103199999999999932e+02,1.633410427486151799e-03,1.011106273672613964e-01,-1.586949590348306183e+00
1.103400000000000034e+02,1.633410427486151799e-03,1.011106273672613964e-01,-1.586949590348306183e+00
1.103599999999999994e+02,1.633410427486151799e-03,1.011106273672613964e-01,-1.586949590348306183e+00
1.103799999999999955e+02,1.633410427486151799e-03,1.011106273672613964e-01,-1.586949590348306183e+00
1.104000000000000057e+02,1.633410427486151799e-03,1.011106273672613964e-01,-1.586949590348306183e+00
1.104200000000000017e+02,1.633410427486151799e-03,1.011106273672613964e-01,-1.586949590348306183e+00
1.104399999999999977e+02,1.633410427486151799e-03,1.011106273672613964e-01,-1.586949590348306183e+00
1.104599999999999937e+02,1.633410427486151799e-03,1.011106273672613964e-01,-1.586949590348306183e+00
1.104800000000000040e+02,1.633410427486151799e-03,1.011106273672613964e-01,-1.586949590348306183e+00
1.105000000000000000e+02,1.633410427486151799e-03,1.011106273672613964e-01,-1.586949590348306183e+00
1.105199999999999960e+02,1.633410427486151799e-03,1.011106273672613964e-01,-1.586949590348306183e+00
1.105400000000000063e+02,1.633410427486151799e-03,1.011106273672613964e-01,-1.586949590348306183e+00
1.105600000000000023e+02,1.633410427486151799e-03,1.011106273672613964e-01,-1.586949590348306183e+00
1.105799999999999983e+02,1.633410427486151799e-03,1.011106273672613964e-01,-1.586949590348306183e+00
1.105999999999999943e+02,1.633410427486151799e-03,1.011106273672613964e-01,-1.586949590348306183e+00
1.106200000000000045e+02,1.633410427486151799e-03,1.011106273672613964e-01,-1.586949590348306183e+00
1.106400000000000006e+02,1.633410427486151799e-03,1.011106273672613964e-01,-1.586949590348306183e+00
1.106599999999999966e+02,1.633410427486151799e-03,1.011106273672613964e-01,-1.586949590348306183e+00
1.106800000000000068e+02,1.633410427486151799e-03,1.011106273672613964e-01,-1.586949590348306183e+00
1.107000000000000028e+02,1.633410427486151799e-03,1.011106273672613964e-01,-1.586949590348306183e+00
1.107199999999999989e+02,1.633410427486151799e-03,1.011106273672613964e-01,-1.586949590348306183e+00
1.107399999999999949e+02,1.633410427486151799e-03,1.011106273672613964e-01,-1.586949590348306183e+00
1.107600000000000051e+02,1.633410427486151799e-03,1.011106273672613964e-01,-1.586949590348306183e+00
1.107800000000000011e+02,1.633410427486151799e-03,1.011106273672613964e-01,-1.586949590348306183e+00
1.107999999999999972e+02,1.633410427486151799e-03,1.011106273672613964e-01,-1.586949590348306183e+00
1.108199999999999932e+02,1.633410427486151799e-03,1.011106273672613964e-01,-1.586949590348306183e+00
1.108400000000000034e+02,1.633410427486151799e-03,1.011106273672613964e-01,-1.586949590348306183e+00
1.108599999999999994e+02,1.633410427486151799e-03,1.011106273672613964e-01,-1.586949590348306183e+00
1.108799999999999955e+02,1.633410427486151799e-03,1.011106273672613964e-01,-1.586949590348306183e+00
1.109000000000000057e+02,1.633410427486151799e-03,1.011106273672613964e-01,-1.586949590348306183e+00
1.109200000000000017e+02,1.633410427486151799e-03,1.011106273672613964e-01,-1.586949590348306183e+00
1.109399999999999977e+02,1.633410427486151799e-03,1.011106273672613964e-01,-1.586949590348306183e+00
1.109599999999999937e+02,1.633410427486151799e-03,1.011106273672613964e-01,-1.586949590348306183e+00
1.109800000000000040e+02,1.633410427486151799e-03,1.011106273672613964e-01,-1.586949590348306183e+00
1.110000000000000000e+02,1.633410427486151799e-03,1.011106273672613964e-01,-1.586949590348306183e+00
1.110199999999999960e+02,1.633410427486151799e-03,1.011106273672613964e-01,-1.586949590348306183e+00
1.110400000000000063e+02,1.633410427486151799e-03,1.011106273672613964e-01,-1.586949590348306183e+00
1.110600000000000023e+02,1.633410427486151799e-03,1.011106273672613964e-01,-1.586949590348306183e+00
1.110799999999999983e+02,1.633410427486151799e-03,1.011106273672613964e-01,-1.586949590348306183e+00
1.110999999999999943e+02,1.633410427486151799e-03,1.011106273672613964e-01,-1.586949590348306183e+00
1.111200000000000045e+02,1.633410427486151799e-03,1.011106273672613964e-01,-1.586949590348306183e+00
1.111400000000000006e+02,1.633410427486151799e-03,1.011106273672613964e-01,-1.586949590348306183e+00
1.111599999999999966e+02,1.633410427486151799e-03,1.011106273672613964e-01,-1.586949590348306183e+00
1.111800000000000068e+02,1.633410427486151799e-03,1.011106273672613964e-01,-1.586949590348306183e+00
1.112000000000000028e+02,1.633410427486151799e-03,1.011106273672613964e-01,-1.586949590348306183e+00
1.112199999999999989e+02,1.633410427486151799e-03,1.011106273672613964e-01,-1.586949590348306183e+00
1.112399999999999949e+02,1.633410427486151799e-03,1.011106273672613964e-01,-1.586949590348306183e+00
1.112600000000000051e+02,1.633410427486151799e-03,1.011106273672613964e-01,-1.586949590348306183e+00
1.112800000000000011e+02,1.633410427486151799e-03,1.011106273672613964e-01,-1.586949590348306183e+00
1.112999999999999972e+02,1.633410427486151799e-03,1.011106273672613964e-01,-1.586949590348306183e+00
1.113199999999999932e+02,1.633410427486151799e-03,1.011106273672613964e-01,-1.586949590348306183e+00
1.113400000000000034e+02,1.633410427486151799e-03,1.011106273672613964e-01,-1.586949590348306183e+00
1.113599999999999994e+02,1.633410427486151799e-03,1.011106273672613964e-01,-1.586949590348306183e+00
1.113799999999999955e+02,1.633410427486151799e-03,1.011106273672613964e-01,-1.586949590348306183e+00
1.114000000000000057e+02,1.633410427486151799e-03,1.011106273672613964e-01,-1.586949590348306183e+00
1.114200000000000017e+02,1.633410427486151799e-03,1.011106273672613964e-01,-1.586949590348306183e+00
1.114399999999999977e+02,1.633410427486151799e-03,1.011106273672613964e-01,-1.586949590348306183e+00
1.114599999999999937e+02,1.633410427486151799e-03,1.011106273672613964e-01,-1.586949590348306183e+00
1.114800000000000040e+02,1.633410427486151799e-03,1.011106273672613964e-01,-1.586949590348306183e+00
1.115000000000000000e+02,1.633410427486151799e-03,1.011106273672613964e-01,-1.586949590348306183e+00
1.115199999999999960e+02,1.633410427486151799e-03,1.011106273672613964e-01,-1.586949590348306183e+00
1.115400000000000063e+02,1.633410427486151799e-03,1.011106273672613964e-01,-1.586949590348306183e+00
1.115600000000000023e+02,1.633410427486151799e-03,1.011106273672613964e-01,-1.586949590348306183e+00
1.115799999999999983e+02,1.633410427486151799e-03,1.011106273672613964e-01,-1.586949590348306183e+00
1.115999999999999943e+02,1.633410427486151799e-03,1.011106273672613964e-01,-1.586949590348306183e+00
1.116200000000000045e+02,1.633410427486151799e-03,1.011106273672613964e-01,-1.586949590348306183e+00
1.116400000000000006e+02,1.633410427486151799e-03,1.011106273672613964e-01,-1.586949590348306183e+00
1.116599999999999966e+02,1.633410427486151799e-03,1.011106273672613964e-01,-1.586949590348306183e+00
1.116800000000000068e+02,1.633410427486151799e-03,1.011106273672613964e-01,-1.586949590348306183e+00
1.117000000000000028e+02,1.633410427486151799e-03,1.011106273672613964e-01,-1.586949590348306183e+00
1.117199999999999989e+02,1.633410427486151799e-03,1.011106273672613964e-01,-1.586949590348306183e+00
1.117399999999999949e+02,1.633410427486151799e-03,1.011106273672613964e-01,-1.586949590348306183e+00
1.117600000000000051e+02,1.633410427486151799e-03,1.011106273672613964e-01,-1.586949590348306183e+00
1.117800000000000011e+02,1.633410427486151799e-03,1.011106273672613964e-01,-1.586949590348306183e+00
1.117999999999999972e+02,1.633410427486151799e-03,1.011106273672613964e-01,-1.586949590348306183e+00
1.118199999999999932e+02,1.633410427486151799e-03,1.011106273672613964e-01,-1.586949590348306183e+00
1.118400000000000034e+02,1.633410427486151799e-03,1.011106273672613964e-01,-1.586949590348306183e+00
1.118599999999999994e+02,1.633410427486151799e-03,1.011106273672613964e-01,-1.586949590348306183e+00
1.118799999999999955e+02,1.633410427486151799e-03,1.011106273672613964e-01,-1.586949590348306183e+00
1.119000000000000057e+02,1.633410427486151799e-03,1.011106273672613964e-01,-1.586949590348306183e+00
1.119200000000000017e+02,1.633410427486151799e-03,1.011106273672613964e-01,-1.586949590348306183e+00
1.119399999999999977e+02,1.633410427486151799e-03,1.011106273672613964e-01,-1.586949590348306183e+00
1.119599999999999937e+02,1.633410427486151799e-03,1.011106273672613964e-01,-1.586949590348306183e+00
1.119800000000000040e+02,1.633410427486151799e-03,1.011106273672613964e-01,-1.586949590348306183e+00
1.120000000000000000e+02,1.633410427486151799e-03,1.011106273672613964e-01,-1.586949590348306183e+00
1.120199999999999960e+02,1.633410427486151799e-03,1.011106273672613964e-01,-1.586949590348306183e+00
1.120400000000000063e+02,1.633410427486151799e-03,1.011106273672613964e-01,-1.586949590348306183e+00
1.120600000000000023e+02,1.633410427486151799e-03,1.011106273672613964e-01,-1.586949590348306183e+00
1.120799999999999983e+02,1.633410427486151799e-03,1.011106273672613964e-01,-1.586949590348306183e+00
1.120999999999999943e+02,1.633410427486151799e-03,1.011106273672613964e-01,-1.586949590348306183e+00
1.121200000000000045e+02,1.633410427486151799e-03,1.011106273672613964e-01,-1.586949590348306183e+00
1.121400000000000006e+02,1.633410427486151799e-03,1.011106273672613964e-01,-1.586949590348306183e+00
1.121599999999999966e+02,1.633410427486151799e-03,1.011106273672613964e-01,-1.586949590348306183e+00
1.121800000000000068e+02,1.633410427486151799e-03,1.011106273672613964e-01,-1.586949590348306183e+00
1.122000000000000028e+02,1.633410427486151799e-03,1.011106273672613964e-01,-1.586949590348306183e+00
1.122199999999999989e+02,1.633410427486151799e-03,1.011106273672613964e-01,-1.586949590348306183e+00
1.122399999999999949e+02,1.633410427486151799e-03,1.011106273672613964e-01,-1.586949590348306183e+00
1.122600000000000051e+02,1.633410427486151799e-03,1.011106273672613964e-01,-1.586949590348306183e+00
1.122800000000000011e+02,1.633410427486151799e-03,1.011106273672613964e-01,-1.586949590348306183e+00
1.122999999999999972e+02,1.633410427486151799e-03,1.011106273672613964e-01,-1.586949590348306183e+00
1.123199999999999932e+02,1.633410427486151799e-03,1.011106273672613964e-01,-1.586949590348306183e+00
1.123400000000000034e+02,1.633410427486151799e-03,1.011106273672613964e-01,-1.586949590348306183e+00
1.123599999999999994e+02,1.633410427486151799e-03,1.011106273672613964e-01,-1.586949590348306183e+00
1.123799999999999955e+02,1.633410427486151799e-03,1.011106273672613964e-01,-1.586949590348306183e+00
1.124000000000000057e+02,1.633410427486151799e-03,1.011106273672613964e-01,-1.586949590348306183e+00
1.124200000000000017e+02,1.633410427486151799e-03,1.011106273672613964e-01,-1.586949590348306183e+00
1.124399999999999977e+02,1.633410427486151799e-03,1.011106273672613964e-01,-1.586949590348306183e+00
1.124599999999999937e+02,1.633410427486151799e-03,1.011106273672613964e-01,-1.586949590348306183e+00
1.124800000000000040e+02,1.633410427486151799e-03,1.011106273672613964e-01,-1.586949590348306183e+00
1.125000000000000000e+02,1.633410427486151799e-03,1.011106273672613964e-01,-1.586949590348306183e+00
1.125199999999999960e+02,1.633410427486151799e-03,1.011106273672613964e-01,-1.586949590348306183e+00
1.125400000000000063e+02,1.633410427486151799e-03,1.011106273672613964e-01,-1.586949590348306183e+00
1.125600000000000023e+02,1.633410427486151799e-03,1.011106273672613964e-01,-1.586949590348306183e+00
1.125799999999999983e+02,1.633410427486151799e-03,1.011106273672613964e-01,-1.586949590348306183e+00
1.125999999999999943e+02,1.633410427486151799e-03,1.011106273672613964e-01,-1.586949590348306183e+00
1.126200000000000045e+02,1.633410427486151799e-03,1.011106273672613964e-01,-1.586949590348306183e+00
1.126400000000000006e+02,1.633410427486151799e-03,1.011106273672613964e-01,-1.586949590348306183e+00
1.126599999999999966e+02,1.633410427486151799e-03,1.011106273672613964e-01,-1.586949590348306183e+00
1.126800000000000068e+02,1.633410427486151799e-03,1.011106273672613964e-01,-1.586949590348306183e+00
1.127000000000000028e+02,1.633410427486151799e-03,1.011106273672613964e-01,-1.586949590348306183e+00
1.127199999999999989e+02,1.633410427486151799e-03,1.011106273672613964e-01,-1.586949590348306183e+00
1.127399999999999949e+02,1.633410427486151799e-03,1.011106273672613964e-01,-1.586949590348306183e+00
1.127600000000000051e+02,1.633410427486151799e-03,1.011106273672613964e-01,-1.586949590348306183e+00
1.127800000000000011e+02,1.633410427486151799e-03,1.011106273672613964e-01,-1.586949590348306183e+00
1.127999999999999972e+02,1.633410427486151799e-03,1.011106273672613964e-01,-1.586949590348306183e+00
1.128199999999999932e+02,1.633410427486151799e-03,1.011106273672613964e-01,-1.586949590348306183e+00
1.128400000000000034e+02,1.633410427486151799e-03,1.011106273672613964e-01,-1.586949590348306183e+00
1.128599999999999994e+02,1.633410427486151799e-03,1.011106273672613964e-01,-1.586949590348306183e+00
1.128799999999999955e+02,1.633410427486151799e-03,1.011106273672613964e-01,-1.586949590348306183e+00
1.129000000000000057e+02,1.633410427486151799e-03,1.011106273672613964e-01,-1.586949590348306183e+00
1.129200000000000017e+02,1.633410427486151799e-03,1.011106273672613964e-01,-1.586949590348306183e+00
1.129399999999999977e+02,1.633410427486151799e-03,1.011106273672613964e-01,-1.586949590348306183e+00
1.129599999999999937e+02,1.633410427486151799e-03,1.011106273672613964e-01,-1.586949590348306183e+00
1.129800000000000040e+02,1.633410427486151799e-03,1.011106273672613964e-01,-1.586949590348306183e+00
1.130000000000000000e+02,1.633410427486151799e-03,1.011106273672613964e-01,-1.586949590348306183e+00
1.130199999999999960e+02,1.633410427486151799e-03,1.011106273672613964e-01,-1.586949590348306183e+00
1.130400000000000063e+02,1.633410427486151799e-03,1.011106273672613964e-01,-1.586949590348306183e+00
1.130600000000000023e+02,1.633410427486151799e-03,1.011106273672613964e-01,-1.586949590348306183e+00
1.130799999999999983e+02,1.633410427486151799e-03,1.011106273672613964e-01,-1.586949590348306183e+00
1.130999999999999943e+02,1.633410427486151799e-03,1.011106273672613964e-01,-1.586949590348306183e+00
1.131200000000000045e+02,1.633410427486151799e-03,1.011106273672613964e-01,-1.586949590348306183e+00
1.131400000000000006e+02,1.633410427486151799e-03,1.011106273672613964e-01,-1.586949590348306183e+00
1.131599999999999966e+02,1.633410427486151799e-03,1.011106273672613964e-01,-1.586949590348306183e+00
1.131800000000000068e+02,1.633410427486151799e-03,1.011106273672613964e-01,-1.586949590348306183e+00
1.132000000000000028e+02,1.633410427486151799e-03,1.011106273672613964e-01,-1.586949590348306183e+00
1.132199999999999989e+02,1.633410427486151799e-03,1.011106273672613964e-01,-1.586949590348306183e+00
1.132399999999999949e+02,1.633410427486151799e-03,1.011106273672613964e-01,-1.586949590348306183e+00
1.132600000000000051e+02,1.633410427486151799e-03,1.011106273672613964e-01,-1.586949590348306183e+00
1.132800000000000011e+02,1.633410427486151799e-03,1.011106273672613964e-01,-1.586949590348306183e+00
1.132999999999999972e+02,1.633410427486151799e-03,1.011106273672613964e-01,-1.586949590348306183e+00
1.133199999999999932e+02,1.633410427486151799e-03,1.011106273672613964e-01,-1.586949590348306183e+00
1.133400000000000034e+02,1.633410427486151799e-03,1.011106273672613964e-01,-1.586949590348306183e+00
1.133599999999999994e+02,1.633410427486151799e-03,1.011106273672613964e-01,-1.586949590348306183e+00
1.133799999999999955e+02,1.633410427486151799e-03,1.011106273672613964e-01,-1.586949590348306183e+00
1.134000000000000057e+02,1.633410427486151799e-03,1.011106273672613964e-01,-1.586949590348306183e+00
1.134200000000000017e+02,1.633410427486151799e-03,1.011106273672613964e-01,-1.586949590348306183e+00
1.134399999999999977e+02,1.633410427486151799e-03,1.011106273672613964e-01,-1.586949590348306183e+00
1.134599999999999937e+02,1.633410427486151799e-03,1.011106273672613964e-01,-1.586949590348306183e+00
1.134800000000000040e+02,1.633410427486151799e-03,1.011106273672613964e-01,-1.586949590348306183e+00
1.135000000000000000e+02,1.633410427486151799e-03,1.011106273672613964e-01,-1.586949590348306183e+00
1.135199999999999960e+02,1.633410427486151799e-03,1.011106273672613964e-01,-1.586949590348306183e+00
1.135400000000000063e+02,1.633410427486151799e-03,1.011106273672613964e-01,-1.586949590348306183e+00
1.135600000000000023e+02,1.633410427486151799e-03,1.011106273672613964e-01,-1.586949590348306183e+00
1.135799999999999983e+02,1.633410427486151799e-03,1.011106273672613964e-01,-1.586949590348306183e+00
1.135999999999999943e+02,1.633410427486151799e-03,1.011106273672613964e-01,-1.586949590348306183e+00
1.136200000000000045e+02,1.633410427486151799e-03,1.011106273672613964e-01,-1.586949590348306183e+00
1.136400000000000006e+02,1.633410427486151799e-03,1.011106273672613964e-01,-1.586949590348306183e+00
1.136599999999999966e+02,1.633410427486151799e-03,1.011106273672613964e-01,-1.586949590348306183e+00
1.136800000000000068e+02,1.633410427486151799e-03,1.011106273672613964e-01,-1.586949590348306183e+00
1.137000000000000028e+02,1.633410427486151799e-03,1.011106273672613964e-01,-1.586949590348306183e+00
1.137199999999999989e+02,1.633410427486151799e-03,1.011106273672613964e-01,-1.586949590348306183e+00
1.137399999999999949e+02,1.633410427486151799e-03,1.011106273672613964e-01,-1.586949590348306183e+00
1.137600000000000051e+02,1.633410427486151799e-03,1.011106273672613964e-01,-1.586949590348306183e+00
1.137800000000000011e+02,1.633410427486151799e-03,1.011106273672613964e-01,-1.586949590348306183e+00
1.137999999999999972e+02,1.633410427486151799e-03,1.011106273672613964e-01,-1.586949590348306183e+00
1.138199999999999932e+02,1.633410427486151799e-03,1.011106273672613964e-01,-1.586949590348306183e+00
1.138400000000000034e+02,1.633410427486151799e-03,1.011106273672613964e-01,-1.586949590348306183e+00
1.138599999999999994e+02,1.633410427486151799e-03,1.011106273672613964e-01,-1.586949590348306183e+00
1.138799999999999955e+02,1.633410427486151799e-03,1.011106273672613964e-01,-1.586949590348306183e+00
1.139000000000000057e+02,1.633410427486151799e-03,1.011106273672613964e-01,-1.586949590348306183e+00
1.139200000000000017e+02,1.633410427486151799e-03,1.011106273672613964e-01,-1.586949590348306183e+00
1.139399999999999977e+02,1.633410427486151799e-03,1.011106273672613964e-01,-1.586949590348306183e+00
1.139599999999999937e+02,1.633410427486151799e-03,1.011106273672613964e-01,-1.586949590348306183e+00
1.139800000000000040e+02,1.633410427486151799e-03,1.011106273672613964e-01,-1.586949590348306183e+00
1.140000000000000000e+02,1.633410427486151799e-03,1.011106273672613964e-01,-1.586949590348306183e+00
1.140199999999999960e+02,1.633410427486151799e-03,1.011106273672613964e-01,-1.586949590348306183e+00
1.140400000000000063e+02,1.633410427486151799e-03,1.011106273672613964e-01,-1.586949590348306183e+00
1.140600000000000023e+02,1.633410427486151799e-03,1.011106273672613964e-01,-1.586949590348306183e+00
1.140799999999999983e+02,1.633410427486151799e-03,1.011106273672613964e-01,-1.586949590348306183e+00
1.140999999999999943e+02,1.633410427486151799e-03,1.011106273672613964e-01,-1.586949590348306183e+00
1.141200000000000045e+02,1.633410427486151799e-03,1.011106273672613964e-01,-1.586949590348306183e+00
1.141400000000000006e+02,1.633410427486151799e-03,1.011106273672613964e-01,-1.586949590348306183e+00
1.141599999999999966e+02,1.633410427486151799e-03,1.011106273672613964e-01,-1.586949590348306183e+00
1.141800000000000068e+02,1.633410427486151799e-03,1.011106273672613964e-01,-1.586949590348306183e+00
1.142000000000000028e+02,1.633410427486151799e-03,1.011106273672613964e-01,-1.586949590348306183e+00
1.142199999999999989e+02,1.633410427486151799e-03,1.011106273672613964e-01,-1.586949590348306183e+00
1.142399999999999949e+02,1.633410427486151799e-03,1.011106273672613964e-01,-1.586949590348306183e+00
1.142600000000000051e+02,1.633410427486151799e-03,1.011106273672613964e-01,-1.586949590348306183e+00
1.142800000000000011e+02,1.633410427486151799e-03,1.011106273672613964e-01,-1.586949590348306183e+00
1.142999999999999972e+02,1.633410427486151799e-03,1.011106273672613964e-01,-1.586949590348306183e+00
1.143199999999999932e+02,1.633410427486151799e-03,1.011106273672613964e-01,-1.586949590348306183e+00
1.143400000000000034e+02,1.633410427486151799e-03,1.011106273672613964e-01,-1.586949590348306183e+00
1.143599999999999994e+02,1.633410427486151799e-03,1.011106273672613964e-01,-1.586949590348306183e+00
1.143799999999999955e+02,1.633410427486151799e-03,1.011106273672613964e-01,-1.586949590348306183e+00
1.144000000000000057e+02,1.633410427486151799e-03,1.011106273672613964e-01,-1.586949590348306183e+00
1.144200000000000017e+02,1.633410427486151799e-03,1.011106273672613964e-01,-1.586949590348306183e+00
1.144399999999999977e+02,1.633410427486151799e-03,1.011106273672613964e-01,-1.586949590348306183e+00
1.144599999999999937e+02,1.633410427486151799e-03,1.011106273672613964e-01,-1.586949590348306183e+00
1.144800000000000040e+02,1.633410427486151799e-03,1.011106273672613964e-01,-1.586949590348306183e+00
1.145000000000000000e+02,1.633410427486151799e-03,1.011106273672613964e-01,-1.586949590348306183e+00
1.145199999999999960e+02,1.633410427486151799e-03,1.011106273672613964e-01,-1.586949590348306183e+00
1.145400000000000063e+02,1.633410427486151799e-03,1.011106273672613964e-01,-1.586949590348306183e+00
1.145600000000000023e+02,1.633410427486151799e-03,1.011106273672613964e-01,-1.586949590348306183e+00
1.145799999999999983e+02,1.633410427486151799e-03,1.011106273672613964e-01,-1.586949590348306183e+00
1.145999999999999943e+02,1.633410427486151799e-03,1.011106273672613964e-01,-1.586949590348306183e+00
1.146200000000000045e+02,1.633410427486151799e-03,1.011106273672613964e-01,-1.586949590348306183e+00
1.146400000000000006e+02,1.633410427486151799e-03,1.011106273672613964e-01,-1.586949590348306183e+00
1.146599999999999966e+02,1.633410427486151799e-03,1.011106273672613964e-01,-1.586949590348306183e+00
1.146800000000000068e+02,1.633410427486151799e-03,1.011106273672613964e-01,-1.586949590348306183e+00
1.147000000000000028e+02,1.633410427486151799e-03,1.011106273672613964e-01,-1.586949590348306183e+00
1.147199999999999989e+02,1.633410427486151799e-03,1.011106273672613964e-01,-1.586949590348306183e+00
1.147399999999999949e+02,1.633410427486151799e-03,1.011106273672613964e-01,-1.586949590348306183e+00
1.147600000000000051e+02,1.633410427486151799e-03,1.011106273672613964e-01,-1.586949590348306183e+00
1.147800000000000011e+02,1.633410427486151799e-03,1.011106273672613964e-01,-1.586949590348306183e+00
1.147999999999999972e+02,1.633410427486151799e-03,1.011106273672613964e-01,-1.586949590348306183e+00
1.148199999999999932e+02,1.633410427486151799e-03,1.011106273672613964e-01,-1.586949590348306183e+00
1.148400000000000034e+02,1.633410427486151799e-03,1.011106273672613964e-01,-1.586949590348306183e+00
1.148599999999999994e+02,1.633410427486151799e-03,1.011106273672613964e-01,-1.586949590348306183e+00
1.148799999999999955e+02,1.633410427486151799e-03,1.011106273672613964e-01,-1.586949590348306183e+00
1.149000000000000057e+02,1.633410427486151799e-03,1.011106273672613964e-01,-1.586949590348306183e+00
1.149200000000000017e+02,1.633410427486151799e-03,1.011106273672613964e-01,-1.586949590348306183e+00
1.149399999999999977e+02,1.633410427486151799e-03,1.011106273672613964e-01,-1.586949590348306183e+00
1.149599999999999937e+02,1.633410427486151799e-03,1.011106273672613964e-01,-1.586949590348306183e+00
1.149800000000000040e+02,1.633410427486151799e-03,1.011106273672613964e-01,-1.586949590348306183e+00
1.150000000000000000e+02,1.633410427486151799e-03,1.011106273672613964e-01,-1.586949590348306183e+00
1.150199999999999960e+02,1.633410427486151799e-03,1.011106273672613964e-01,-1.586949590348306183e+00
1.150400000000000063e+02,1.633410427486151799e-03,1.011106273672613964e-01,-1.586949590348306183e+00
1.150600000000000023e+02,1.633410427486151799e-03,1.011106273672613964e-01,-1.586949590348306183e+00
1.150799999999999983e+02,1.633410427486151799e-03,1.011106273672613964e-01,-1.586949590348306183e+00
1.150999999999999943e+02,1.633410427486151799e-03,1.011106273672613964e-01,-1.586949590348306183e+00
1.151200000000000045e+02,1.633410427486151799e-03,1.011106273672613964e-01,-1.586949590348306183e+00
1.151400000000000006e+02,1.633410427486151799e-03,1.011106273672613964e-01,-1.586949590348306183e+00
1.151599999999999966e+02,1.633410427486151799e-03,1.011106273672613964e-01,-1.586949590348306183e+00
1.151800000000000068e+02,1.633410427486151799e-03,1.011106273672613964e-01,-1.586949590348306183e+00
1.152000000000000028e+02,1.633410427486151799e-03,1.011106273672613964e-01,-1.586949590348306183e+00
1.152199999999999989e+02,1.633410427486151799e-03,1.011106273672613964e-01,-1.586949590348306183e+00
1.152399999999999949e+02,1.633410427486151799e-03,1.011106273672613964e-01,-1.586949590348306183e+00
1.152600000000000051e+02,1.633410427486151799e-03,1.011106273672613964e-01,-1.586949590348306183e+00
1.152800000000000011e+02,1.633410427486151799e-03,1.011106273672613964e-01,-1.586949590348306183e+00
1.152999999999999972e+02,1.633410427486151799e-03,1.011106273672613964e-01,-1.586949590348306183e+00
1.153199999999999932e+02,1.633410427486151799e-03,1.011106273672613964e-01,-1.586949590348306183e+00
1.153400000000000034e+02,1.633410427486151799e-03,1.011106273672613964e-01,-1.586949590348306183e+00
1.153599999999999994e+02,1.633410427486151799e-03,1.011106273672613964e-01,-1.586949590348306183e+00
1.153799999999999955e+02,1.633410427486151799e-03,1.011106273672613964e-01,-1.586949590348306183e+00
1.154000000000000057e+02,1.633410427486151799e-03,1.011106273672613964e-01,-1.586949590348306183e+00
1.154200000000000017e+02,1.633410427486151799e-03,1.011106273672613964e-01,-1.586949590348306183e+00
1.154399999999999977e+02,1.633410427486151799e-03,1.011106273672613964e-01,-1.586949590348306183e+00
1.154599999999999937e+02,1.633410427486151799e-03,1.011106273672613964e-01,-1.586949590348306183e+00
1.154800000000000040e+02,1.633410427486151799e-03,1.011106273672613964e-01,-1.586949590348306183e+00
1.155000000000000000e+02,1.633410427486151799e-03,1.011106273672613964e-01,-1.586949590348306183e+00
1.155199999999999960e+02,1.633410427486151799e-03,1.011106273672613964e-01,-1.586949590348306183e+00
1.155400000000000063e+02,1.633410427486151799e-03,1.011106273672613964e-01,-1.586949590348306183e+00
1.155600000000000023e+02,1.633410427486151799e-03,1.011106273672613964e-01,-1.586949590348306183e+00
1.155799999999999983e+02,1.633410427486151799e-03,1.011106273672613964e-01,-1.586949590348306183e+00
1.155999999999999943e+02,1.633410427486151799e-03,1.011106273672613964e-01,-1.586949590348306183e+00
1.156200000000000045e+02,1.633410427486151799e-03,1.011106273672613964e-01,-1.586949590348306183e+00
1.156400000000000006e+02,1.633410427486151799e-03,1.011106273672613964e-01,-1.586949590348306183e+00
1.156599999999999966e+02,1.633410427486151799e-03,1.011106273672613964e-01,-1.586949590348306183e+00
1.156800000000000068e+02,1.633410427486151799e-03,1.011106273672613964e-01,-1.586949590348306183e+00
1.157000000000000028e+02,1.633410427486151799e-03,1.011106273672613964e-01,-1.586949590348306183e+00
1.157199999999999989e+02,1.633410427486151799e-03,1.011106273672613964e-01,-1.586949590348306183e+00
1.157399999999999949e+02,1.633410427486151799e-03,1.011106273672613964e-01,-1.586949590348306183e+00
1.157600000000000051e+02,1.633410427486151799e-03,1.011106273672613964e-01,-1.586949590348306183e+00
1.157800000000000011e+02,1.633410427486151799e-03,1.011106273672613964e-01,-1.586949590348306183e+00
1.157999999999999972e+02,1.633410427486151799e-03,1.011106273672613964e-01,-1.586949590348306183e+00
1.158199999999999932e+02,1.633410427486151799e-03,1.011106273672613964e-01,-1.586949590348306183e+00
1.158400000000000034e+02,1.633410427486151799e-03,1.011106273672613964e-01,-1.586949590348306183e+00
1.158599999999999994e+02,1.633410427486151799e-03,1.011106273672613964e-01,-1.586949590348306183e+00
1.158799999999999955e+02,1.633410427486151799e-03,1.011106273672613964e-01,-1.586949590348306183e+00
1.159000000000000057e+02,1.633410427486151799e-03,1.011106273672613964e-01,-1.586949590348306183e+00
1.159200000000000017e+02,1.633410427486151799e-03,1.011106273672613964e-01,-1.586949590348306183e+00
1.159399999999999977e+02,1.633410427486151799e-03,1.011106273672613964e-01,-1.586949590348306183e+00
1.159599999999999937e+02,1.633410427486151799e-03,1.011106273672613964e-01,-1.586949590348306183e+00
1.159800000000000040e+02,1.633410427486151799e-03,1.011106273672613964e-01,-1.586949590348306183e+00
1.160000000000000000e+02,1.633410427486151799e-03,1.011106273672613964e-01,-1.586949590348306183e+00
1.160199999999999960e+02,1.633410427486151799e-03,1.011106273672613964e-01,-1.586949590348306183e+00
1.160400000000000063e+02,1.633410427486151799e-03,1.011106273672613964e-01,-1.586949590348306183e+00
1.160600000000000023e+02,1.633410427486151799e-03,1.011106273672613964e-01,-1.586949590348306183e+00
1.160799999999999983e+02,1.633410427486151799e-03,1.011106273672613964e-01,-1.586949590348306183e+00
1.160999999999999943e+02,1.633410427486151799e-03,1.011106273672613964e-01,-1.586949590348306183e+00
1.161200000000000045e+02,1.633410427486151799e-03,1.011106273672613964e-01,-1.586949590348306183e+00
1.161400000000000006e+02,1.633410427486151799e-03,1.011106273672613964e-01,-1.586949590348306183e+00
1.161599999999999966e+02,1.633410427486151799e-03,1.011106273672613964e-01,-1.586949590348306183e+00
1.161800000000000068e+02,1.633410427486151799e-03,1.011106273672613964e-01,-1.586949590348306183e+00
1.162000000000000028e+02,1.633410427486151799e-03,1.011106273672613964e-01,-1.586949590348306183e+00
1.162199999999999989e+02,1.633410427486151799e-03,1.011106273672613964e-01,-1.586949590348306183e+00
1.162399999999999949e+02,1.633410427486151799e-03,1.011106273672613964e-01,-1.586949590348306183e+00
1.162600000000000051e+02,1.633410427486151799e-03,1.011106273672613964e-01,-1.586949590348306183e+00
1.162800000000000011e+02,1.633410427486151799e-03,1.011106273672613964e-01,-1.586949590348306183e+00
1.162999999999999972e+02,1.633410427486151799e-03,1.011106273672613964e-01,-1.586949590348306183e+00
1.163199999999999932e+02,1.633410427486151799e-03,1.011106273672613964e-01,-1.586949590348306183e+00
1.163400000000000034e+02,1.633410427486151799e-03,1.011106273672613964e-01,-1.586949590348306183e+00
1.163599999999999994e+02,1.633410427486151799e-03,1.011106273672613964e-01,-1.586949590348306183e+00
1.163799999999999955e+02,1.633410427486151799e-03,1.011106273672613964e-01,-1.586949590348306183e+00
1.164000000000000057e+02,1.633410427486151799e-03,1.011106273672613964e-01,-1.586949590348306183e+00
1.164200000000000017e+02,1.633410427486151799e-03,1.011106273672613964e-01,-1.586949590348306183e+00
1.164399999999999977e+02,1.633410427486151799e-03,1.011106273672613964e-01,-1.586949590348306183e+00
1.164599999999999937e+02,1.633410427486151799e-03,1.011106273672613964e-01,-1.586949590348306183e+00
1.164800000000000040e+02,1.633410427486151799e-03,1.011106273672613964e-01,-1.586949590348306183e+00
1.165000000000000000e+02,1.633410427486151799e-03,1.011106273672613964e-01,-1.586949590348306183e+00
1.165199999999999960e+02,1.633410427486151799e-03,1.011106273672613964e-01,-1.586949590348306183e+00
1.165400000000000063e+02,1.633410427486151799e-03,1.011106273672613964e-01,-1.586949590348306183e+00
1.165600000000000023e+02,1.633410427486151799e-03,1.011106273672613964e-01,-1.586949590348306183e+00
1.165799999999999983e+02,1.633410427486151799e-03,1.011106273672613964e-01,-1.586949590348306183e+00
1.165999999999999943e+02,1.633410427486151799e-03,1.011106273672613964e-01,-1.586949590348306183e+00
1.166200000000000045e+02,1.633410427486151799e-03,1.011106273672613964e-01,-1.586949590348306183e+00
1.166400000000000006e+02,1.633410427486151799e-03,1.011106273672613964e-01,-1.586949590348306183e+00
1.166599999999999966e+02,1.633410427486151799e-03,1.011106273672613964e-01,-1.586949590348306183e+00
1.166800000000000068e+02,1.633410427486151799e-03,1.011106273672613964e-01,-1.586949590348306183e+00
1.167000000000000028e+02,1.633410427486151799e-03,1.011106273672613964e-01,-1.586949590348306183e+00
1.167199999999999989e+02,1.633410427486151799e-03,1.011106273672613964e-01,-1.586949590348306183e+00
1.167399999999999949e+02,1.633410427486151799e-03,1.011106273672613964e-01,-1.586949590348306183e+00
1.167600000000000051e+02,1.633410427486151799e-03,1.011106273672613964e-01,-1.586949590348306183e+00
1.167800000000000011e+02,1.633410427486151799e-03,1.011106273672613964e-01,-1.586949590348306183e+00
1.167999999999999972e+02,1.633410427486151799e-03,1.011106273672613964e-01,-1.586949590348306183e+00
1.168199999999999932e+02,1.633410427486151799e-03,1.011106273672613964e-01,-1.586949590348306183e+00
1.168400000000000034e+02,1.633410427486151799e-03,1.011106273672613964e-01,-1.586949590348306183e+00
1.168599999999999994e+02,1.633410427486151799e-03,1.011106273672613964e-01,-1.586949590348306183e+00
1.168799999999999955e+02,1.633410427486151799e-03,1.011106273672613964e-01,-1.586949590348306183e+00
1.169000000000000057e+02,1.633410427486151799e-03,1.011106273672613964e-01,-1.586949590348306183e+00
1.169200000000000017e+02,1.633410427486151799e-03,1.011106273672613964e-01,-1.586949590348306183e+00
1.169399999999999977e+02,1.633410427486151799e-03,1.011106273672613964e-01,-1.586949590348306183e+00
1.169599999999999937e+02,1.633410427486151799e-03,1.011106273672613964e-01,-1.586949590348306183e+00
1.169800000000000040e+02,1.633410427486151799e-03,1.011106273672613964e-01,-1.586949590348306183e+00
1.170000000000000000e+02,1.633410427486151799e-03,1.011106273672613964e-01,-1.586949590348306183e+00
1.170199999999999960e+02,1.633410427486151799e-03,1.011106273672613964e-01,-1.586949590348306183e+00
1.170400000000000063e+02,1.633410427486151799e-03,1.011106273672613964e-01,-1.586949590348306183e+00
1.170600000000000023e+02,1.633410427486151799e-03,1.011106273672613964e-01,-1.586949590348306183e+00
1.170799999999999983e+02,1.633410427486151799e-03,1.011106273672613964e-01,-1.586949590348306183e+00
1.170999999999999943e+02,1.633410427486151799e-03,1.011106273672613964e-01,-1.586949590348306183e+00
1.171200000000000045e+02,1.633410427486151799e-03,1.011106273672613964e-01,-1.586949590348306183e+00
1.171400000000000006e+02,1.633410427486151799e-03,1.011106273672613964e-01,-1.586949590348306183e+00
1.171599999999999966e+02,1.633410427486151799e-03,1.011106273672613964e-01,-1.586949590348306183e+00
1.171800000000000068e+02,1.633410427486151799e-03,1.011106273672613964e-01,-1.586949590348306183e+00
1.172000000000000028e+02,1.633410427486151799e-03,1.011106273672613964e-01,-1.586949590348306183e+00
1.172199999999999989e+02,1.633410427486151799e-03,1.011106273672613964e-01,-1.586949590348306183e+00
1.172399999999999949e+02,1.633410427486151799e-03,1.011106273672613964e-01,-1.586949590348306183e+00
1.172600000000000051e+02,1.633410427486151799e-03,1.011106273672613964e-01,-1.586949590348306183e+00
1.172800000000000011e+02,1.633410427486151799e-03,1.011106273672613964e-01,-1.586949590348306183e+00
1.172999999999999972e+02,1.633410427486151799e-03,1.011106273672613964e-01,-1.586949590348306183e+00
1.173199999999999932e+02,1.633410427486151799e-03,1.011106273672613964e-01,-1.586949590348306183e+00
1.173400000000000034e+02,1.633410427486151799e-03,1.011106273672613964e-01,-1.586949590348306183e+00
1.173599999999999994e+02,1.633410427486151799e-03,1.011106273672613964e-01,-1.586949590348306183e+00
1.173799999999999955e+02,1.633410427486151799e-03,1.011106273672613964e-01,-1.586949590348306183e+00
1.174000000000000057e+02,1.633410427486151799e-03,1.011106273672613964e-01,-1.586949590348306183e+00
1.174200000000000017e+02,1.633410427486151799e-03,1.011106273672613964e-01,-1.586949590348306183e+00
1.174399999999999977e+02,1.633410427486151799e-03,1.011106273672613964e-01,-1.586949590348306183e+00
1.174599999999999937e+02,1.633410427486151799e-03,1.011106273672613964e-01,-1.586949590348306183e+00
1.174800000000000040e+02,1.633410427486151799e-03,1.011106273672613964e-01,-1.586949590348306183e+00
1.175000000000000000e+02,1.633410427486151799e-03,1.011106273672613964e-01,-1.586949590348306183e+00
1.175199999999999960e+02,1.633410427486151799e-03,1.011106273672613964e-01,-1.586949590348306183e+00
1.175400000000000063e+02,1.633410427486151799e-03,1.011106273672613964e-01,-1.586949590348306183e+00
1.175600000000000023e+02,1.633410427486151799e-03,1.011106273672613964e-01,-1.586949590348306183e+00
1.175799999999999983e+02,1.633410427486151799e-03,1.011106273672613964e-01,-1.586949590348306183e+00
1.175999999999999943e+02,1.633410427486151799e-03,1.011106273672613964e-01,-1.586949590348306183e+00
1.176200000000000045e+02,1.633410427486151799e-03,1.011106273672613964e-01,-1.586949590348306183e+00
1.176400000000000006e+02,1.633410427486151799e-03,1.011106273672613964e-01,-1.586949590348306183e+00
1.176599999999999966e+02,1.633410427486151799e-03,1.011106273672613964e-01,-1.586949590348306183e+00
1.176800000000000068e+02,1.633410427486151799e-03,1.011106273672613964e-01,-1.586949590348306183e+00
1.177000000000000028e+02,1.633410427486151799e-03,1.011106273672613964e-01,-1.586949590348306183e+00
1.177199999999999989e+02,1.633410427486151799e-03,1.011106273672613964e-01,-1.586949590348306183e+00
1.177399999999999949e+02,1.633410427486151799e-03,1.011106273672613964e-01,-1.586949590348306183e+00
1.177600000000000051e+02,1.633410427486151799e-03,1.011106273672613964e-01,-1.586949590348306183e+00
1.177800000000000011e+02,1.633410427486151799e-03,1.011106273672613964e-01,-1.586949590348306183e+00
1.177999999999999972e+02,1.633410427486151799e-03,1.011106273672613964e-01,-1.586949590348306183e+00
1.178199999999999932e+02,1.633410427486151799e-03,1.011106273672613964e-01,-1.586949590348306183e+00
1.178400000000000034e+02,1.633410427486151799e-03,1.011106273672613964e-01,-1.586949590348306183e+00
1.178599999999999994e+02,1.633410427486151799e-03,1.011106273672613964e-01,-1.586949590348306183e+00
1.178799999999999955e+02,1.633410427486151799e-03,1.011106273672613964e-01,-1.586949590348306183e+00
1.179000000000000057e+02,1.633410427486151799e-03,1.011106273672613964e-01,-1.586949590348306183e+00
1.179200000000000017e+02,1.633410427486151799e-03,1.011106273672613964e-01,-1.586949590348306183e+00
1.179399999999999977e+02,1.633410427486151799e-03,1.011106273672613964e-01,-1.586949590348306183e+00
1.179599999999999937e+02,1.633410427486151799e-03,1.011106273672613964e-01,-1.586949590348306183e+00
1.179800000000000040e+02,1.633410427486151799e-03,1.011106273672613964e-01,-1.586949590348306183e+00
1.180000000000000000e+02,1.633410427486151799e-03,1.011106273672613964e-01,-1.586949590348306183e+00
1.180199999999999960e+02,1.633410427486151799e-03,1.011106273672613964e-01,-1.586949590348306183e+00
1.180400000000000063e+02,1.633410427486151799e-03,1.011106273672613964e-01,-1.586949590348306183e+00
1.180600000000000023e+02,1.633410427486151799e-03,1.011106273672613964e-01,-1.586949590348306183e+00
1.180799999999999983e+02,1.633410427486151799e-03,1.011106273672613964e-01,-1.586949590348306183e+00
1.180999999999999943e+02,1.633410427486151799e-03,1.011106273672613964e-01,-1.586949590348306183e+00
1.181200000000000045e+02,1.633410427486151799e-03,1.011106273672613964e-01,-1.586949590348306183e+00
1.181400000000000006e+02,1.633410427486151799e-03,1.011106273672613964e-01,-1.586949590348306183e+00
1.181599999999999966e+02,1.633410427486151799e-03,1.011106273672613964e-01,-1.586949590348306183e+00
1.181800000000000068e+02,1.633410427486151799e-03,1.011106273672613964e-01,-1.586949590348306183e+00
1.182000000000000028e+02,1.633410427486151799e-03,1.011106273672613964e-01,-1.586949590348306183e+00
1.182199999999999989e+02,1.633410427486151799e-03,1.011106273672613964e-01,-1.586949590348306183e+00
1.182399999999999949e+02,1.633410427486151799e-03,1.011106273672613964e-01,-1.586949590348306183e+00
1.182600000000000051e+02,1.633410427486151799e-03,1.011106273672613964e-01,-1.586949590348306183e+00
1.182800000000000011e+02,1.633410427486151799e-03,1.011106273672613964e-01,-1.586949590348306183e+00
1.182999999999999972e+02,1.633410427486151799e-03,1.011106273672613964e-01,-1.586949590348306183e+00
1.183199999999999932e+02,1.633410427486151799e-03,1.011106273672613964e-01,-1.586949590348306183e+00
1.183400000000000034e+02,1.633410427486151799e-03,1.011106273672613964e-01,-1.586949590348306183e+00
1.183599999999999994e+02,1.633410427486151799e-03,1.011106273672613964e-01,-1.586949590348306183e+00
1.183799999999999955e+02,1.633410427486151799e-03,1.011106273672613964e-01,-1.586949590348306183e+00
1.184000000000000057e+02,1.633410427486151799e-03,1.011106273672613964e-01,-1.586949590348306183e+00
1.184200000000000017e+02,1.633410427486151799e-03,1.011106273672613964e-01,-1.586949590348306183e+00
1.184399999999999977e+02,1.633410427486151799e-03,1.011106273672613964e-01,-1.586949590348306183e+00
1.184599999999999937e+02,1.633410427486151799e-03,1.011106273672613964e-01,-1.586949590348306183e+00
1.184800000000000040e+02,1.633410427486151799e-03,1.011106273672613964e-01,-1.586949590348306183e+00
1.185000000000000000e+02,1.633410427486151799e-03,1.011106273672613964e-01,-1.586949590348306183e+00
1.185199999999999960e+02,1.633410427486151799e-03,1.011106273672613964e-01,-1.586949590348306183e+00
1.185400000000000063e+02,1.633410427486151799e-03,1.011106273672613964e-01,-1.586949590348306183e+00
1.185600000000000023e+02,1.633410427486151799e-03,1.011106273672613964e-01,-1.586949590348306183e+00
1.185799999999999983e+02,1.633410427486151799e-03,1.011106273672613964e-01,-1.586949590348306183e+00
1.185999999999999943e+02,1.633410427486151799e-03,1.011106273672613964e-01,-1.586949590348306183e+00
1.186200000000000045e+02,1.633410427486151799e-03,1.011106273672613964e-01,-1.586949590348306183e+00
1.186400000000000006e+02,1.633410427486151799e-03,1.011106273672613964e-01,-1.586949590348306183e+00
1.186599999999999966e+02,1.633410427486151799e-03,1.011106273672613964e-01,-1.586949590348306183e+00
1.186800000000000068e+02,1.633410427486151799e-03,1.011106273672613964e-01,-1.586949590348306183e+00
1.187000000000000028e+02,1.633410427486151799e-03,1.011106273672613964e-01,-1.586949590348306183e+00
1.187199999999999989e+02,1.633410427486151799e-03,1.011106273672613964e-01,-1.586949590348306183e+00
1.187399999999999949e+02,1.633410427486151799e-03,1.011106273672613964e-01,-1.586949590348306183e+00
1.187600000000000051e+02,1.633410427486151799e-03,1.011106273672613964e-01,-1.586949590348306183e+00
1.187800000000000011e+02,1.633410427486151799e-03,1.011106273672613964e-01,-1.586949590348306183e+00
1.187999999999999972e+02,1.633410427486151799e-03,1.011106273672613964e-01,-1.586949590348306183e+00
1.188199999999999932e+02,1.633410427486151799e-03,1.011106273672613964e-01,-1.586949590348306183e+00
1.188400000000000034e+02,1.633410427486151799e-03,1.011106273672613964e-01,-1.586949590348306183e+00
1.188599999999999994e+02,1.633410427486151799e-03,1.011106273672613964e-01,-1.586949590348306183e+00
1.188799999999999955e+02,1.633410427486151799e-03,1.011106273672613964e-01,-1.586949590348306183e+00
1.189000000000000057e+02,1.633410427486151799e-03,1.011106273672613964e-01,-1.586949590348306183e+00
1.189200000000000017e+02,1.633410427486151799e-03,1.011106273672613964e-01,-1.586949590348306183e+00
1.189399999999999977e+02,1.633410427486151799e-03,1.011106273672613964e-01,-1.586949590348306183e+00
1.189599999999999937e+02,1.633410427486151799e-03,1.011106273672613964e-01,-1.586949590348306183e+00
1.189800000000000040e+02,1.633410427486151799e-03,1.011106273672613964e-01,-1.586949590348306183e+00
1.190000000000000000e+02,1.633410427486151799e-03,1.011106273672613964e-01,-1.586949590348306183e+00
1.190199999999999960e+02,1.633410427486151799e-03,1.011106273672613964e-01,-1.586949590348306183e+00
1.190400000000000063e+02,1.633410427486151799e-03,1.011106273672613964e-01,-1.586949590348306183e+00
1.190600000000000023e+02,1.633410427486151799e-03,1.011106273672613964e-01,-1.586949590348306183e+00
1.190799999999999983e+02,1.633410427486151799e-03,1.011106273672613964e-01,-1.586949590348306183e+00
1.190999999999999943e+02,1.633410427486151799e-03,1.011106273672613964e-01,-1.586949590348306183e+00
1.191200000000000045e+02,1.633410427486151799e-03,1.011106273672613964e-01,-1.586949590348306183e+00
1.191400000000000006e+02,1.633410427486151799e-03,1.011106273672613964e-01,-1.586949590348306183e+00
1.191599999999999966e+02,1.633410427486151799e-03,1.011106273672613964e-01,-1.586949590348306183e+00
1.191800000000000068e+02,1.633410427486151799e-03,1.011106273672613964e-01,-1.586949590348306183e+00
1.192000000000000028e+02,1.633410427486151799e-03,1.011106273672613964e-01,-1.586949590348306183e+00
1.192199999999999989e+02,1.633410427486151799e-03,1.011106273672613964e-01,-1.586949590348306183e+00
1.192399999999999949e+02,1.633410427486151799e-03,1.011106273672613964e-01,-1.586949590348306183e+00
1.192600000000000051e+02,1.633410427486151799e-03,1.011106273672613964e-01,-1.586949590348306183e+00
1.192800000000000011e+02,1.633410427486151799e-03,1.011106273672613964e-01,-1.586949590348306183e+00
1.192999999999999972e+02,1.633410427486151799e-03,1.011106273672613964e-01,-1.586949590348306183e+00
1.193199999999999932e+02,1.633410427486151799e-03,1.011106273672613964e-01,-1.586949590348306183e+00
1.193400000000000034e+02,1.633410427486151799e-03,1.011106273672613964e-01,-1.586949590348306183e+00
1.193599999999999994e+02,1.633410427486151799e-03,1.011106273672613964e-01,-1.586949590348306183e+00
