# time,x,y,yaw,truth_x,truth_y,truth_yaw
3.000000000000000444e-01,3.618000000000000382e-02,0.000000000000000000e+00,0.000000000000000000e+00,3.600000000000000422e-02,0.000000000000000000e+00,0.000000000000000000e+00
4.800000000000000377e-01,7.236000000000000765e-02,0.000000000000000000e+00,0.000000000000000000e+00,7.200000000000003619e-02,0.000000000000000000e+00,0.000000000000000000e+00
6.800000000000000488e-01,1.125599999999999656e-01,0.000000000000000000e+00,0.000000000000000000e+00,1.120000000000000717e-01,0.000000000000000000e+00,0.000000000000000000e+00
8.800000000000000044e-01,1.527599999999999236e-01,0.000000000000000000e+00,0.000000000000000000e+00,1.520000000000001072e-01,0.000000000000000000e+00,0.000000000000000000e+00
1.080000000000000071e+00,1.929599999999998816e-01,0.000000000000000000e+00,0.000000000000000000e+00,1.920000000000001428e-01,0.000000000000000000e+00,0.000000000000000000e+00
1.280000000000000027e+00,2.331599999999998396e-01,0.000000000000000000e+00,0.000000000000000000e+00,2.320000000000001783e-01,0.000000000000000000e+00,0.000000000000000000e+00
1.479999999999999982e+00,2.733613618555986169e-01,7.804322157073407271e-04,-3.489999999999979230e-03,2.720000000000001861e-01,0.000000000000000000e+00,0.000000000000000000e+00
1.680000000000000160e+00,3.135611170358373334e-01,6.401345005144455300e-04,-3.489999999999979230e-03,3.120000000000002216e-01,0.000000000000000000e+00,0.000000000000000000e+00
1.879999999999999893e+00,3.537608722160760499e-01,4.998367853215510918e-04,-3.489999999999979230e-03,3.520000000000002571e-01,0.000000000000000000e+00,0.000000000000000000e+00
2.080000000000000071e+00,3.939606273963148220e-01,3.595390701286586051e-04,-3.489999999999972291e-03,3.920000000000002927e-01,0.000000000000000000e+00,0.000000000000000000e+00
2.280000000000000249e+00,4.341603825765534275e-01,2.192413549357639501e-04,-3.489999999999972291e-03,4.320000000000003282e-01,0.000000000000000000e+00,0.000000000000000000e+00
2.479999999999999982e+00,4.743601377567921440e-01,7.894363974287449924e-05,-3.489999999999972291e-03,4.720000000000003637e-01,0.000000000000000000e+00,0.000000000000000000e+00
2.680000000000000160e+00,5.145598929370308605e-01,-6.135407545002058947e-05,-3.489999999999972291e-03,5.120000000000003437e-01,0.000000000000000000e+00,0.000000000000000000e+00
2.879999999999999893e+00,5.547596481172696326e-01,-2.016517906429067877e-04,-3.489999999999972291e-03,5.520000000000003793e-01,0.000000000000000000e+00,0.000000000000000000e+00
3.080000000000000071e+00,5.949594032975081825e-01,-3.419495058357997080e-04,-3.489999999999972291e-03,5.920000000000004148e-01,0.000000000000000000e+00,0.000000000000000000e+00
3.280000000000000249e+00,6.351591584777469546e-01,-4.822472210286943631e-04,-3.489999999999972291e-03,6.320000000000004503e-01,0.000000000000000000e+00,0.000000000000000000e+00
3.479999999999999982e+00,6.753589136579857266e-01,-6.225449362215829466e-04,-3.489999999999972291e-03,6.720000000000004858e-01,0.000000000000000000e+00,0.000000000000000000e+00
3.680000000000000160e+00,7.155586688382243876e-01,-7.628426514144776016e-04,-3.489999999999972291e-03,7.120000000000005214e-01,0.000000000000000000e+00,0.000000000000000000e+00
3.879999999999999893e+00,7.557584240184631597e-01,-9.031403666073622820e-04,-3.489999999999972291e-03,7.520000000000005569e-01,0.000000000000000000e+00,0.000000000000000000e+00
4.080000000000000071e+00,7.959581791987019317e-01,-1.043438081800254335e-03,-3.489999999999972291e-03,7.920000000000005924e-01,0.000000000000000000e+00,0.000000000000000000e+00
4.280000000000000249e+00,8.361579343789405927e-01,-1.183735796993148990e-03,-3.489999999999972291e-03,8.320000000000006279e-01,0.000000000000000000e+00,0.000000000000000000e+00
4.480000000000000426e+00,8.763576895591791427e-01,-1.324033512186039091e-03,-3.489999999999972291e-03,8.720000000000006635e-01,0.000000000000000000e+00,0.000000000000000000e+00
4.679999999999999716e+00,9.165574447394179147e-01,-1.464331227378934180e-03,-3.489999999999972291e-03,9.120000000000006990e-01,0.000000000000000000e+00,0.000000000000000000e+00
4.879999999999999893e+00,9.567571999196566868e-01,-1.604628942571828401e-03,-3.489999999999972291e-03,9.520000000000007345e-01,0.000000000000000000e+00,0.000000000000000000e+00
5.080000000000000071e+00,9.969569550998953478e-01,-1.744926657764723056e-03,-3.489999999999972291e-03,9.920000000000007701e-01,0.000000000000000000e+00,0.000000000000000000e+00
5.280000000000000249e+00,1.037156710280133121e+00,-1.885224372957614242e-03,-3.489999999999972291e-03,1.032000000000000695e+00,0.000000000000000000e+00,0.000000000000000000e+00
5.480000000000000426e+00,1.077356465460370449e+00,-2.025522088150483093e-03,-3.489999999999972291e-03,1.072000000000000730e+00,0.000000000000000000e+00,0.000000000000000000e+00
5.679999999999999716e+00,1.117556220640608444e+00,-2.165819803343373845e-03,-3.489999999999972291e-03,1.112000000000000766e+00,0.000000000000000000e+00,0.000000000000000000e+00
5.879999999999999893e+00,1.157755975820845995e+00,-2.306117518536276306e-03,-3.489999999999972291e-03,1.152000000000000801e+00,0.000000000000000000e+00,0.000000000000000000e+00
6.080000000000000071e+00,1.197955731001083546e+00,-2.446415233729167492e-03,-3.489999999999972291e-03,1.192000000000000837e+00,0.000000000000000000e+00,0.000000000000000000e+00
6.280000000000000249e+00,1.238155486181321097e+00,-2.586712948922057810e-03,-3.489999999999972291e-03,1.232000000000000872e+00,0.000000000000000000e+00,0.000000000000000000e+00
6.480000000000000426e+00,1.278355241361558869e+00,-2.727010664114957669e-03,-3.489999999999972291e-03,1.272000000000000908e+00,0.000000000000000000e+00,0.000000000000000000e+00
6.679999999999999716e+00,1.318554996541796198e+00,-2.867308379307849722e-03,-3.489999999999972291e-03,1.312000000000000943e+00,0.000000000000000000e+00,0.000000000000000000e+00
6.879999999999999893e+00,1.358754751722034193e+00,-3.007606094500722693e-03,-3.489999999999972291e-03,1.352000000000000979e+00,0.000000000000000000e+00,0.000000000000000000e+00
7.080000000000000071e+00,1.398954506902271744e+00,-3.147903809693613879e-03,-3.489999999999972291e-03,1.392000000000001014e+00,0.000000000000000000e+00,0.000000000000000000e+00
7.280000000000000249e+00,1.439154262082509295e+00,-3.288201524886504197e-03,-3.489999999999972291e-03,1.432000000000001050e+00,0.000000000000000000e+00,0.000000000000000000e+00
7.480000000000000426e+00,1.479354017262746845e+00,-3.428499240079380637e-03,-3.489999999999972291e-03,1.472000000000001085e+00,0.000000000000000000e+00,0.000000000000000000e+00
7.679999999999999716e+00,1.519553772442984618e+00,-3.568796955272271823e-03,-3.489999999999972291e-03,1.512000000000001121e+00,0.000000000000000000e+00,0.000000000000000000e+00
7.879999999999999893e+00,1.559753527623221725e+00,-3.709094670465156070e-03,-3.489999999999972291e-03,1.552000000000001156e+00,0.000000000000000000e+00,0.000000000000000000e+00
8.080000000000000071e+00,1.599953282803459498e+00,-3.849392385658045521e-03,-3.489999999999972291e-03,1.592000000000001192e+00,0.000000000000000000e+00,0.000000000000000000e+00
8.279999999999999361e+00,1.640153037782698275e+00,-3.989690100149448360e-03,-3.489999999999972291e-03,1.632000000000001227e+00,0.000000000000000000e+00,0.000000000000000000e+00
8.480000000000000426e+00,1.670352793163934813e+00,-4.129987816043820953e-03,-3.489999999999972291e-03,1.672000000000001263e+00,0.000000000000000000e+00,0.000000000000000000e+00
8.679999999999999716e+00,1.710552548344172363e+00,-4.270285531236713006e-03,-3.489999999999972291e-03,1.712000000000001299e+00,0.000000000000000000e+00,0.000000000000000000e+00
8.880000000000000782e+00,1.758752303524409921e+00,-4.410583246429588579e-03,-3.489999999999972291e-03,1.752000000000001334e+00,0.000000000000000000e+00,0.000000000000000000e+00
9.080000000000000071e+00,1.800952058704647474e+00,-4.550880961622476295e-03,-3.489999999999972291e-03,1.792000000000001370e+00,0.000000000000000000e+00,0.000000000000000000e+00
9.279999999999999361e+00,1.841151813884885025e+00,-4.691178676815366613e-03,-3.489999999999972291e-03,1.832000000000001405e+00,0.000000000000000000e+00,0.000000000000000000e+00
9.480000000000000426e+00,1.881351569065122575e+00,-4.831476392008245656e-03,-3.489999999999972291e-03,1.872000000000001441e+00,0.000000000000000000e+00,0.000000000000000000e+00
9.679999999999999716e+00,1.921551324245360126e+00,-4.971774107201136841e-03,-3.489999999999972291e-03,1.912000000000001476e+00,0.000000000000000000e+00,0.000000000000000000e+00
9.880000000000000782e+00,1.953751079425598114e+00,-5.112071822394022823e-03,-3.489999999999972291e-03,1.952000000000001512e+00,0.000000000000000000e+00,0.000000000000000000e+00
1.008000000000000007e+01,1.991950834605835885e+00,-5.252369537586913141e-03,-3.489999999999972291e-03,1.992000000000001547e+00,0.000000000000000000e+00,0.000000000000000000e+00
1.027999999999999936e+01,2.032150589786075212e+00,-5.392667252779811266e-03,-3.489999999999972291e-03,2.032000000000001361e+00,0.000000000000000000e+00,0.000000000000000000e+00
1.048000000000000043e+01,2.082350344966314104e+00,-5.532964967972694645e-03,-3.489999999999972291e-03,2.072000000000001396e+00,0.000000000000000000e+00,0.000000000000000000e+00
1.067999999999999972e+01,2.122550100146554097e+00,-5.673262683165593637e-03,-3.489999999999972291e-03,2.112000000000001432e+00,0.000000000000000000e+00,0.000000000000000000e+00
1.088000000000000078e+01,2.154749855326794084e+00,-5.813560398358496965e-03,-3.489999999999972291e-03,2.152000000000001467e+00,0.000000000000000000e+00,0.000000000000000000e+00
1.108000000000000007e+01,2.192949610507033409e+00,-5.953858113551395957e-03,-3.489999999999972291e-03,2.192000000000001503e+00,0.000000000000000000e+00,0.000000000000000000e+00
1.130000000000000071e+01,2.237169341205297535e+00,-6.108185600263584848e-03,-3.489999999999972291e-03,2.236000000000001542e+00,0.000000000000000000e+00,0.000000000000000000e+00
1.148000000000000043e+01,2.273349120867513840e+00,-6.234453543937205217e-03,-3.489999999999972291e-03,2.272000000000001574e+00,0.000000000000000000e+00,0.000000000000000000e+00
1.167999999999999972e+01,2.313548876047753389e+00,-6.374751259130102474e-03,-3.489999999999972291e-03,2.312000000000001609e+00,0.000000000000000000e+00,0.000000000000000000e+00
1.188000000000000078e+01,2.361748631227993389e+00,-6.515048974322985853e-03,-3.489999999999972291e-03,2.352000000000001645e+00,0.000000000000000000e+00,0.000000000000000000e+00
1.208000000000000007e+01,2.403948386408232718e+00,-6.655346689515881375e-03,-3.489999999999972291e-03,2.392000000000001680e+00,0.000000000000000000e+00,0.000000000000000000e+00
1.227999999999999936e+01,2.444148141588472711e+00,-6.795644404708780367e-03,-3.489999999999972291e-03,2.432000000000001716e+00,0.000000000000000000e+00,0.000000000000000000e+00
1.248000000000000043e+01,2.474347896768712918e+00,-6.935942119901677624e-03,-3.489999999999972291e-03,2.472000000000001751e+00,0.000000000000000000e+00,0.000000000000000000e+00
1.267999999999999972e+01,2.514547651948952467e+00,-7.076239835094576616e-03,-3.489999999999972291e-03,2.512000000000001787e+00,0.000000000000000000e+00,0.000000000000000000e+00
1.288000000000000078e+01,2.562747407129191579e+00,-7.216537550287466934e-03,-3.489999999999972291e-03,2.552000000000001823e+00,0.000000000000000000e+00,0.000000000000000000e+00
1.308000000000000007e+01,2.604947162309431352e+00,-7.356835265480363324e-03,-3.489999999999972291e-03,2.592000000000001858e+00,0.000000000000000000e+00,0.000000000000000000e+00
1.327999999999999936e+01,2.645146917489671345e+00,-7.497132980673262316e-03,-3.489999999999972291e-03,2.632000000000001894e+00,0.000000000000000000e+00,0.000000000000000000e+00
1.348000000000000043e+01,2.685346672669910895e+00,-7.637430695866150032e-03,-3.489999999999972291e-03,2.672000000000001929e+00,0.000000000000000000e+00,0.000000000000000000e+00
1.367999999999999972e+01,2.725546427850151332e+00,-7.777728411059047289e-03,-3.489999999999972291e-03,2.712000000000001965e+00,0.000000000000000000e+00,0.000000000000000000e+00
1.388000000000000078e+01,2.765746183030390881e+00,-7.918026126251948016e-03,-3.489999999999972291e-03,2.752000000000002000e+00,0.000000000000000000e+00,0.000000000000000000e+00
1.408000000000000007e+01,2.805945938210630430e+00,-8.058323841444845273e-03,-3.489999999999972291e-03,2.792000000000002036e+00,0.000000000000000000e+00,0.000000000000000000e+00
1.427999999999999936e+01,2.846145693390870424e+00,-8.198621556637744265e-03,-3.489999999999972291e-03,2.832000000000002071e+00,0.000000000000000000e+00,0.000000000000000000e+00
1.448000000000000043e+01,2.886345448571109973e+00,-8.338919271830650196e-03,-3.489999999999972291e-03,2.872000000000002107e+00,0.000000000000000000e+00,0.000000000000000000e+00
1.467999999999999972e+01,2.926545203751349966e+00,-8.479216987023549187e-03,-3.489999999999972291e-03,2.912000000000002142e+00,0.000000000000000000e+00,0.000000000000000000e+00
1.488000000000000078e+01,2.958751411943065346e+00,-7.939074274027475148e-03,-6.281999999999965563e-03,2.952000000000002178e+00,0.000000000000000000e+00,0.000000000000000000e+00
1.508000000000000007e+01,2.996948432433887977e+00,-8.049537710611988361e-03,-6.979999999999963664e-03,2.992000000000002213e+00,0.000000000000000000e+00,0.000000000000000000e+00
1.527999999999999936e+01,3.037147453157825083e+00,-8.330131432159319782e-03,-6.979999999999963664e-03,3.032000000000002249e+00,0.000000000000000000e+00,0.000000000000000000e+00
1.548000000000000043e+01,3.077342388331553380e+00,-9.391147863681236635e-03,-3.489999999999965352e-03,3.072000000000002284e+00,0.000000000000000000e+00,0.000000000000000000e+00
1.569999999999999929e+01,3.121562119029817062e+00,-9.545475350393423791e-03,-3.489999999999965352e-03,3.116000000000002323e+00,0.000000000000000000e+00,0.000000000000000000e+00
1.588000000000000078e+01,3.157741898692032922e+00,-9.671743294067164723e-03,-3.489999999999965352e-03,3.152000000000002355e+00,0.000000000000000000e+00,0.000000000000000000e+00
1.607999999999999829e+01,3.197941653671274143e+00,-9.812041008558451335e-03,-3.489999999999916780e-03,3.192000000000002391e+00,0.000000000000000000e+00,0.000000000000000000e+00
1.628000000000000114e+01,3.238141409052512909e+00,-9.952338724452836072e-03,-3.489999999999916780e-03,3.232000000000002427e+00,0.000000000000000000e+00,0.000000000000000000e+00
1.648000000000000043e+01,3.278341164232752458e+00,-1.009263643964575588e-02,-3.489999999999861269e-03,3.272000000000002462e+00,0.000000000000000000e+00,0.000000000000000000e+00
1.667999999999999972e+01,3.318540919412992451e+00,-1.023293415483864793e-02,-3.489999999999861269e-03,3.312000000000002498e+00,0.000000000000000000e+00,0.000000000000000000e+00
1.687999999999999901e+01,3.358740674392233228e+00,-1.037323186933001781e-02,-3.489999999999861269e-03,3.352000000000002533e+00,0.000000000000000000e+00,0.000000000000000000e+00
1.707999999999999829e+01,3.398940429572472777e+00,-1.051352958452290293e-02,-3.489999999999861269e-03,3.392000000000002569e+00,0.000000000000000000e+00,0.000000000000000000e+00
1.728000000000000114e+01,3.439140184953711099e+00,-1.065382730041728766e-02,-3.489999999999861269e-03,3.432000000000002604e+00,0.000000000000000000e+00,0.000000000000000000e+00
1.748000000000000043e+01,3.479339940133951981e+00,-1.079412501561020227e-02,-3.489999999999861269e-03,3.472000000000002640e+00,0.000000000000000000e+00,0.000000000000000000e+00
1.767999999999999972e+01,3.519539695314191530e+00,-1.093442273080309605e-02,-3.489999999999861269e-03,3.512000000000002675e+00,0.000000000000000000e+00,0.000000000000000000e+00
1.787999999999999901e+01,3.559739450494431967e+00,-1.107472044599596382e-02,-3.489999999999861269e-03,3.552000000000002711e+00,0.000000000000000000e+00,0.000000000000000000e+00
1.807999999999999829e+01,3.599939205674671960e+00,-1.121501816118885067e-02,-3.489999999999861269e-03,3.592000000000002746e+00,0.000000000000000000e+00,0.000000000000000000e+00
1.828000000000000114e+01,3.640138960854911510e+00,-1.135531587638174272e-02,-3.489999999999861269e-03,3.632000000000002782e+00,0.000000000000000000e+00,0.000000000000000000e+00
1.848000000000000043e+01,3.680338716035151947e+00,-1.149561359157465386e-02,-3.489999999999861269e-03,3.672000000000002817e+00,0.000000000000000000e+00,0.000000000000000000e+00
1.867999999999999972e+01,3.720538471215391940e+00,-1.163591130676754765e-02,-3.489999999999861269e-03,3.712000000000002853e+00,0.000000000000000000e+00,0.000000000000000000e+00
1.887999999999999901e+01,3.760738226395631045e+00,-1.177620902196045011e-02,-3.489999999999861269e-03,3.752000000000002888e+00,0.000000000000000000e+00,0.000000000000000000e+00
1.907999999999999829e+01,3.800937981575870594e+00,-1.191650673715334390e-02,-3.489999999999861269e-03,3.792000000000002924e+00,0.000000000000000000e+00,0.000000000000000000e+00
1.928000000000000114e+01,3.841137736756111032e+00,-1.205680445234623942e-02,-3.489999999999861269e-03,3.832000000000002959e+00,0.000000000000000000e+00,0.000000000000000000e+00
1.948000000000000043e+01,3.881341577486558059e+00,-1.141667945756454430e-02,-6.979999999999852642e-03,3.872000000000002995e+00,0.000000000000000000e+00,0.000000000000000000e+00
1.967999999999999972e+01,3.889381381631344947e+00,-1.147279820187400989e-02,1.111000000000014754e-02,3.880000000000003002e+00,0.000000000000000000e+00,1.800000000000000558e-02
1.987999999999999901e+01,3.889381381631344947e+00,-1.147279820187400989e-02,7.141000000000011227e-02,3.880000000000003002e+00,0.000000000000000000e+00,7.799999999999999989e-02
2.007999999999999829e+01,3.889381381631344947e+00,-1.147279820187400989e-02,1.317100000000001048e-01,3.880000000000003002e+00,0.000000000000000000e+00,1.380000000000000393e-01
2.028000000000000114e+01,3.889381381631344947e+00,-1.147279820187400989e-02,1.920100000000001805e-01,3.880000000000003002e+00,0.000000000000000000e+00,1.980000000000000648e-01
2.048000000000000043e+01,3.889381381631344947e+00,-1.147279820187400989e-02,2.523100000000002008e-01,3.880000000000003002e+00,0.000000000000000000e+00,2.580000000000001181e-01
2.067999999999999972e+01,3.889381381631344947e+00,-1.147279820187400989e-02,3.126100000000000545e-01,3.880000000000003002e+00,0.000000000000000000e+00,3.180000000000003935e-01
2.087999999999999901e+01,3.889381381631344947e+00,-1.147279820187400989e-02,3.729099999999999082e-01,3.880000000000003002e+00,0.000000000000000000e+00,3.780000000000003357e-01
2.107999999999999829e+01,3.889381381631344947e+00,-1.147279820187400989e-02,4.332099999999993734e-01,3.880000000000003002e+00,0.000000000000000000e+00,4.380000000000004445e-01
2.128000000000000114e+01,3.889381381631344947e+00,-1.147279820187400989e-02,4.935099999999994491e-01,3.880000000000003002e+00,0.000000000000000000e+00,4.980000000000003868e-01
2.148000000000000043e+01,3.889381381631344947e+00,-1.147279820187400989e-02,5.538099999999991363e-01,3.880000000000003002e+00,0.000000000000000000e+00,5.580000000000002736e-01
2.167999999999999972e+01,3.889381381631344947e+00,-1.147279820187400989e-02,6.141099999999988235e-01,3.880000000000003002e+00,0.000000000000000000e+00,6.180000000000003268e-01
2.187999999999999901e+01,3.889381381631344947e+00,-1.147279820187400989e-02,6.744099999999987327e-01,3.880000000000003002e+00,0.000000000000000000e+00,6.780000000000003801e-01
2.207999999999999829e+01,3.889381381631344947e+00,-1.147279820187400989e-02,7.347099999999986419e-01,3.880000000000003002e+00,0.000000000000000000e+00,7.380000000000003224e-01
2.228000000000000114e+01,3.889381381631344947e+00,-1.147279820187400989e-02,7.950099999999984401e-01,3.880000000000003002e+00,0.000000000000000000e+00,7.980000000000003757e-01
2.248000000000000043e+01,3.889381381631344947e+00,-1.147279820187400989e-02,8.553099999999987935e-01,3.880000000000003002e+00,0.000000000000000000e+00,8.580000000000003180e-01
2.267999999999999972e+01,3.889381381631344947e+00,-1.147279820187400989e-02,9.156099999999982586e-01,3.880000000000003002e+00,0.000000000000000000e+00,9.180000000000005933e-01
2.287999999999999901e+01,3.889381381631344947e+00,-1.147279820187400989e-02,9.759099999999979458e-01,3.880000000000003002e+00,0.000000000000000000e+00,9.780000000000006466e-01
2.307999999999999829e+01,3.889381381631344947e+00,-1.147279820187400989e-02,1.036209999999998077e+00,3.880000000000003002e+00,0.000000000000000000e+00,1.038000000000000700e+00
2.330000000000000071e+01,3.889381381631344947e+00,-1.147279820187400989e-02,1.102539999999997633e+00,3.880000000000003002e+00,0.000000000000000000e+00,1.104000000000000759e+00
2.348000000000000043e+01,3.889381381631344947e+00,-1.147279820187400989e-02,1.156809999999997451e+00,3.880000000000003002e+00,0.000000000000000000e+00,1.158000000000000806e+00
2.367999999999999972e+01,3.889381381631344947e+00,-1.147279820187400989e-02,1.217109999999997694e+00,3.880000000000003002e+00,0.000000000000000000e+00,1.218000000000000860e+00
2.387999999999999901e+01,3.889381381631344947e+00,-1.147279820187400989e-02,1.276528512134047721e+00,3.880000000000003002e+00,0.000000000000000000e+00,1.277122897645821542e+00
2.407999999999999829e+01,3.889381381631344947e+00,-1.147279820187400989e-02,1.327642107515932812e+00,3.880000000000003002e+00,0.000000000000000000e+00,1.327982196533269210e+00
2.428000000000000114e+01,3.891866830442698433e+00,3.282455172357555406e-04,1.368800820877290825e+00,3.882471168346959711e+00,1.174273586128748298e-02,1.368936140176412630e+00
2.448000000000000043e+01,3.899249750813476467e+00,3.984259534788005264e-02,1.402088846843611680e+00,3.889815421557620390e+00,5.106087717743836712e-02,1.402058554073249974e+00
2.467999999999999972e+01,3.904776951941111296e+00,7.968864160689693998e-02,1.426379080566086088e+00,3.895980534066429524e+00,9.058169343485406033e-02,1.429006050314516774e+00
2.487999999999999901e+01,3.909963558335114886e+00,1.195609018238794896e-01,1.447723791761141632e+00,3.901181863311285802e+00,1.302412731802036205e-01,1.450939096279745932e+00
2.507999999999999829e+01,3.914526738892660784e+00,1.595005335460033813e-01,1.465666961984449124e+00,3.905596381794452565e+00,1.699963945960157041e-01,1.468792996999456202e+00
2.530000000000000071e+01,3.918042518265082652e+00,1.936114880158240625e-01,1.478113086012478483e+00,3.909715871209372473e+00,2.138026674350320677e-01,1.484649836828341618e+00
2.548000000000000043e+01,3.921194330147173446e+00,2.296537732402421650e-01,1.488678822875979524e+00,3.912618484215564241e+00,2.496852944322048018e-01,1.495163007836800562e+00
2.567999999999999972e+01,3.925137688760626631e+00,2.796607161844713585e-01,1.501854347075345375e+00,3.915441370660623477e+00,2.895854068751849697e-01,1.504800345348607848e+00
2.587999999999999901e+01,3.927742737557986530e+00,3.197761168608879156e-01,1.509742464378219795e+00,3.917916669255828044e+00,3.295086421204710958e-01,1.512649218286791442e+00
2.607999999999999829e+01,3.930061754432395471e+00,3.599091035588629084e-01,1.516167558004549276e+00,3.920108725481618706e+00,3.694484650980953133e-01,1.519042346273188349e+00
2.630000000000000071e+01,3.932345217104552315e+00,4.040700469815234341e-01,1.521877734088675549e+00,3.922255145430221024e+00,4.133960214731484117e-01,1.524724113521075841e+00
2.648000000000000043e+01,3.934042297056725701e+00,4.402102009085909207e-01,1.525709661134343254e+00,3.923841775623835293e+00,4.493610189338185790e-01,1.528536976253083379e+00
2.667999999999999972e+01,3.935106114633352359e+00,4.724063073852441952e-01,1.526384033584436750e+00,3.925460105262855048e+00,4.893282483685494344e-01,1.531986103069096883e+00
2.687999999999999901e+01,3.936686297122335532e+00,5.105759203798733159e-01,1.528510978309850499e+00,3.926953816048867285e+00,5.293003358594638996e-01,1.534796993343140459e+00
2.707999999999999829e+01,3.938337440648648879e+00,5.507419881253535765e-01,1.530836085763383370e+00,3.928345724537972483e+00,5.692761019958935131e-01,1.537110533097898468e+00
2.728000000000000114e+01,3.940684123300184361e+00,6.008794431415428461e-01,1.536199613932705876e+00,3.929654210483372712e+00,6.092546888023758767e-01,1.538974740231553229e+00
2.748000000000000043e+01,3.942042805156185103e+00,6.410564722858967945e-01,1.537726260496750763e+00,3.930895343622785365e+00,6.492354251883029059e-01,1.540493791539060409e+00
2.767999999999999972e+01,3.942669843406940267e+00,6.732601901472382577e-01,1.536179164970069344e+00,3.932081559801421822e+00,6.892178299098902228e-01,1.541732502457785037e+00
2.787999999999999901e+01,3.943894189235761072e+00,7.114412941963377257e-01,1.536496482116780360e+00,3.933222988842260293e+00,7.292015391443396055e-01,1.542742768275408238e+00
2.807999999999999829e+01,3.945255507126577577e+00,7.516182368569921390e-01,1.537324685670169666e+00,3.934327886554335407e+00,7.691862751171830714e-01,1.543566851413108898e+00
2.828000000000000114e+01,3.946586729959748130e+00,8.017961883292077374e-01,1.538000370017250429e+00,3.935402982262879323e+00,8.091718238711913536e-01,1.544239174146520899e+00
2.850000000000000000e+01,3.948022897430645273e+00,8.459928597475093737e-01,1.538601903272412974e+00,3.936557684404369706e+00,8.531566690520431262e-01,1.544837714698922060e+00
2.867999999999999972e+01,3.949179982037945180e+00,8.821543522132910820e-01,1.539006058086999085e+00,3.937484654241490301e+00,8.891447324816946773e-01,1.545239858793038046e+00
2.887999999999999901e+01,3.950450090290296146e+00,9.123342826138769457e-01,1.539372662083277943e+00,3.938499230919126237e+00,9.291318631177006848e-01,1.545604638888838478e+00
2.907999999999999829e+01,3.951706878246525001e+00,9.525146319405730644e-01,1.539671790112984606e+00,3.939500617182457365e+00,9.691193263253409240e-01,1.545902278719393674e+00
2.928000000000000114e+01,3.952952791057158688e+00,9.926953200040768976e-01,1.539916048231670720e+00,3.940491234360861128e+00,1.009107057815795683e+00,1.546145321623558999e+00
2.950000000000000000e+01,3.954313103602151269e+00,1.036894391737819276e+00,1.540133706940163716e+00,3.941570821120425006e+00,1.053093811332146412e+00,1.546361897452904977e+00
2.967999999999999972e+01,3.956269823862897272e+00,1.083032770986531945e+00,1.543768501226050027e+00,3.942447696166474280e+00,1.089083130413099676e+00,1.546505971369209309e+00
2.987999999999999901e+01,3.957353434678438475e+00,1.123218163671396264e+00,1.543901648957742179e+00,3.943416466703297818e+00,1.129071397208524230e+00,1.546638456674374273e+00
3.007999999999999829e+01,3.958432202283085566e+00,1.163403686672574988e+00,1.544010459943786939e+00,3.944380441765396039e+00,1.169059779903151686e+00,1.546746726312229425e+00
3.028000000000000114e+01,3.959507011497354956e+00,1.193589315746902413e+00,1.544099401471747512e+00,3.945340497453378781e+00,1.209048256894008855e+00,1.546835225345025266e+00
3.048000000000000043e+01,3.960578584791582646e+00,1.233775031243403930e+00,1.544172117802867561e+00,3.946297349117350528e+00,1.249036810684245324e+00,1.546907579903355590e+00
3.067999999999999972e+01,3.961647512184525155e+00,1.273960817210092689e+00,1.544231582285638726e+00,3.947251580960886574e+00,1.289025427078615671e+00,1.546966748542928372e+00
3.087999999999999901e+01,3.962714275618421045e+00,1.324146660681111198e+00,1.544280221276187914e+00,3.948203670176010593e+00,1.329014094546040692e+00,1.547015145548450210e+00
3.107999999999999829e+01,3.963779268833299341e+00,1.364332551106087088e+00,1.544320015104054367e+00,3.949154006621732549e+00,1.369002803707232374e+00,1.547054741397073663e+00
3.128000000000000114e+01,3.964062691986008247e+00,1.394540539040110216e+00,1.540862580346280764e+00,3.950102908871948593e+00,1.408991546927968574e+00,1.547087144623169541e+00
3.148000000000000043e+01,3.965265293468590801e+00,1.434722546823691491e+00,1.540889236879247948e+00,3.951050637303767044e+00,1.448980317985107513e+00,1.547113668536568731e+00
3.167999999999999972e+01,3.966466924518319281e+00,1.474904583639615296e+00,1.540911062532254627e+00,3.951997404774116873e+00,1.488969111806110579e+00,1.547135385604238023e+00
3.187999999999999901e+01,3.967667760898489604e+00,1.515086644212623623e+00,1.540928937641660612e+00,3.952943385331472381e+00,1.528957924251465039e+00,1.547153171782751135e+00
3.207999999999999829e+01,3.968867946359238452e+00,1.555268724235214117e+00,1.540943581377053118e+00,3.953888721322946331e+00,1.568946751941059148e+00,1.547167742663738910e+00
3.228000000000000114e+01,3.970067598496142658e+00,1.595450820182428009e+00,1.540955581363369520e+00,3.954833529195535657e+00,1.608935592108966750e+00,1.547179682948629731e+00
3.247999999999999687e+01,3.971266813523995243e+00,1.635632928975780276e+00,1.540965417839758933e+00,3.955777904231844389e+00,1.648924442501731091e+00,1.547189470487370988e+00
3.267999999999999972e+01,3.972465670214482714e+00,1.675815048867606460e+00,1.540973483366236740e+00,3.956721924416368719e+00,1.688913301276966816e+00,1.547197495886807994e+00
3.288000000000000256e+01,3.973664233019771785e+00,1.715997177321130662e+00,1.540980098900091244e+00,3.957665653590909827e+00,1.728902166919838779e+00,1.547204078507558478e+00
3.310000000000000142e+01,3.974982375411606927e+00,1.760197526873538809e+00,1.540986022334551953e+00,3.958703481689322068e+00,1.772889925595221516e+00,1.547209972472196826e+00
3.328000000000000114e+01,3.976060678620005007e+00,1.796361454507237942e+00,1.540989982104196576e+00,3.959552438566094068e+00,1.808879914095633090e+00,1.547213912541496095e+00
3.347999999999999687e+01,3.977258640080935770e+00,1.836543600694984457e+00,1.540993640123013986e+00,3.960495572272801468e+00,1.848868793795447107e+00,1.547217552361231707e+00
3.370000000000000284e+01,3.978576244620275038e+00,1.880743966487673502e+00,1.540996919092633588e+00,3.961532867761413446e+00,1.892856565036750371e+00,1.547220815017553930e+00
3.388000000000000256e+01,3.979654186699730367e+00,1.916907904882459768e+00,1.540999113555435285e+00,3.962381467035436700e+00,1.928846561965478212e+00,1.547222998562630458e+00
3.407999999999999829e+01,3.980851815170592278e+00,1.957090061201355535e+00,1.541001142974356419e+00,3.963324270992623521e+00,1.968835449430502704e+00,1.547225017884939380e+00
3.428000000000000114e+01,3.982049369601528888e+00,1.997272219721483388e+00,1.541002811875680223e+00,3.964267001637637566e+00,2.008824338634778162e+00,1.547226678483272444e+00
3.447999999999999687e+01,3.983246863135902593e+00,2.037454380076573646e+00,1.541004184894447127e+00,3.965209671978761730e+00,2.048813229256462698e+00,1.547228044671099312e+00
3.467999999999999972e+01,3.984444306559167703e+00,2.077636541907216916e+00,1.541005314994571718e+00,3.966152292696606629e+00,2.088802121029575076e+00,1.547229169148834682e+00
3.488000000000000256e+01,3.985641708726327614e+00,2.117818704941623498e+00,1.541006245588105728e+00,3.967094872558801555e+00,2.128791013766900608e+00,1.547230095112551274e+00
3.507999999999999829e+01,3.986839076915135394e+00,2.158000869010314737e+00,1.541007012268917453e+00,3.968037418775688163e+00,2.168779907315824929e+00,1.547230857979030594e+00
3.528000000000000114e+01,3.988036417102748032e+00,2.198183033949527854e+00,1.541007644229373419e+00,3.968979937260985746e+00,2.208768801500962997e+00,1.547231486795403343e+00
3.547999999999999687e+01,3.989233734197247472e+00,2.238365199583391085e+00,1.541008165419107012e+00,3.969922432892518671e+00,2.248757696233295800e+00,1.547232005392152665e+00
3.567999999999999972e+01,3.990431032249839305e+00,2.278547365804468594e+00,1.541008595492423527e+00,3.970864909656368180e+00,2.288746591474335901e+00,1.547232433325801848e+00
3.588000000000000256e+01,3.991628314590759175e+00,2.318729532455714448e+00,1.541008950585497583e+00,3.971807370857978192e+00,2.328735487048005037e+00,1.547232786652242842e+00
3.607999999999999829e+01,3.992825583926552291e+00,2.358911699438762888e+00,1.541009243949029717e+00,3.972749819196832011e+00,2.368724382915559090e+00,1.547233078556255803e+00
3.628000000000000114e+01,3.994022842559923347e+00,2.399093866799493657e+00,1.541009486469210321e+00,3.973692256923465838e+00,2.408713278951069015e+00,1.547233319869868229e+00
3.647999999999999687e+01,3.995220092303937598e+00,2.439276034324652898e+00,1.541009687092781189e+00,3.974634685851475613e+00,2.448702175427988070e+00,1.547233519495312182e+00
3.667999999999999972e+01,3.996417334689658762e+00,2.479458202065018657e+00,1.541009853174260646e+00,3.975577107522456632e+00,2.488691071778875052e+00,1.547233684750516591e+00
3.688000000000000256e+01,3.997614571028638597e+00,2.519640370158293674e+00,1.541009990762993942e+00,3.976519523136340606e+00,2.528679968280233226e+00,1.547233821654727004e+00
3.707999999999999829e+01,3.998811802292957740e+00,2.559822538410378545e+00,1.541010104835840666e+00,3.977461933816856199e+00,2.568668865098577836e+00,1.547233935160046370e+00
3.728000000000000114e+01,4.000009029392101567e+00,2.600004706850087555e+00,1.541010199490900900e+00,3.978404340309983578e+00,2.608657762220827347e+00,1.547234029344186856e+00
3.747999999999999687e+01,4.001206253043662286e+00,2.640186875464166416e+00,1.541010278102977527e+00,3.979346743365276495e+00,2.648646659448172347e+00,1.547234107565158778e+00
3.767999999999999972e+01,4.002403473781795284e+00,2.680369043865711731e+00,1.541010343453033338e+00,3.980289143618302994e+00,2.688635556413471850e+00,1.547234172590090218e+00
3.788000000000000256e+01,4.003600692170460107e+00,2.720551212718264278e+00,1.541010397829980949e+00,3.981231541486234704e+00,2.728624453306292441e+00,1.547234226696505566e+00
3.807999999999999829e+01,4.004797908563238806e+00,2.760733381140549447e+00,1.541010443121855644e+00,3.982173937342324610e+00,2.768613350299245379e+00,1.547234271763048508e+00
3.828000000000000114e+01,4.005995123212374054e+00,2.800915549413614869e+00,1.541010481232899743e+00,3.983116331541423083e+00,2.808602247212091285e+00,1.547234309684484499e+00
3.847999999999999687e+01,4.007192336501622876e+00,2.841097718728101018e+00,1.541010512700957902e+00,3.984058724404036855e+00,2.848591144450526969e+00,1.547234340995984114e+00
3.867999999999999972e+01,4.008389548735904029e+00,2.881279888132452172e+00,1.541010538996962165e+00,3.985001115999454058e+00,2.888580041850253188e+00,1.547234367161162583e+00
3.888000000000000256e+01,4.009586759795776167e+00,2.921462056640786287e+00,1.541010561020576874e+00,3.985943506887987375e+00,2.928568939875046961e+00,1.547234389075207606e+00
3.907999999999999829e+01,4.010783970162969503e+00,2.961644224912288070e+00,1.541010579473850450e+00,3.986885896737118351e+00,2.968557837818097678e+00,1.547234407436675063e+00
3.928000000000000114e+01,4.011981179831620281e+00,3.001826391775348046e+00,1.541010594965126046e+00,3.987828285881777290e+00,3.008546735370813519e+00,1.547234422850880753e+00
3.947999999999999687e+01,4.013178388716804434e+00,3.042008560217841051e+00,1.541010607993069437e+00,3.988770674805134586e+00,3.048535631477444330e+00,1.547234435814007769e+00
3.967999999999999972e+01,4.014375597578722754e+00,3.082190728940636060e+00,1.541010618969791413e+00,3.989713063019720618e+00,3.088524530230272180e+00,1.547234446736119207e+00
3.988000000000000256e+01,4.015572805554029401e+00,3.122372896292983313e+00,1.541010628260135906e+00,3.990655450930705950e+00,3.128513428186029621e+00,1.547234455980244450e+00
4.007999999999999829e+01,4.016770013499500358e+00,3.162555064535069516e+00,1.541010636058030236e+00,3.991597838154484101e+00,3.168502327681471442e+00,1.547234463739343369e+00
4.028000000000000114e+01,4.017967221058970750e+00,3.192737231962146982e+00,1.541010642711471812e+00,3.992540225640093698e+00,3.208491224435632283e+00,1.547234470359682756e+00
4.047999999999999687e+01,4.019164428688380752e+00,3.232919403587947382e+00,1.541010648409850026e+00,3.993482612033411705e+00,3.248480120598680632e+00,1.547234476029710315e+00
4.067999999999999972e+01,4.020361635628601604e+00,3.273101576145871938e+00,1.541010653236626782e+00,3.994424999517180108e+00,3.288469022910590844e+00,1.547234480832473835e+00
4.088000000000000256e+01,4.021558842681217882e+00,3.313283744836554412e+00,1.541010657422138719e+00,3.995367385759992285e+00,3.328457914808077511e+00,1.547234484997162207e+00
4.107999999999999829e+01,4.022756049625396457e+00,3.353465910117408466e+00,1.541010660837560886e+00,3.996309771990691484e+00,3.368446805435825642e+00,1.547234488395591523e+00
4.128000000000000114e+01,4.023953256158688596e+00,3.393648072956625406e+00,1.541010663759786015e+00,3.997252157939186645e+00,3.408435700997573203e+00,1.547234491303278947e+00
4.147999999999999687e+01,4.025150462730653800e+00,3.433830241162859842e+00,1.541010666439461163e+00,3.998194543564710379e+00,3.448424596639633855e+00,1.547234493969621871e+00
4.167999999999999972e+01,4.026347668134479640e+00,3.484012408925174054e+00,1.541010668906301007e+00,3.999136929656730288e+00,3.488413499376189275e+00,1.547234496424188421e+00
4.188000000000000256e+01,4.027544876025464404e+00,3.524194579582221376e+00,1.541010670837298591e+00,4.000079316460221968e+00,3.528402400837473252e+00,1.547234498345579912e+00
4.207999999999999829e+01,4.028742082080148279e+00,3.564376759311339793e+00,1.541010672798833969e+00,4.001021700784606949e+00,3.568391289141763512e+00,1.547234500297355320e+00
4.228000000000000114e+01,4.029939286618284378e+00,3.594558927705934881e+00,1.541010674131856550e+00,4.001964087355418087e+00,3.608380194033943944e+00,1.547234501623746761e+00
4.247999999999999687e+01,4.031136493003379506e+00,3.634741063154427909e+00,1.541010675634537197e+00,4.002906472142669259e+00,3.648369076907763464e+00,1.547234503118951165e+00
4.267999999999999972e+01,4.032333698939832622e+00,3.674923212234856518e+00,1.541010676894623899e+00,4.003848859368955182e+00,3.688357976106016345e+00,1.547234504372769770e+00
4.288000000000000256e+01,4.033530903192802164e+00,3.725105403941473714e+00,1.541010678035223735e+00,4.004791247900611140e+00,3.728346900526609886e+00,1.547234505507694369e+00
4.307999999999999829e+01,4.034728111609438450e+00,3.765287570558868424e+00,1.541010679091146862e+00,4.005733639693724868e+00,3.768335770901128257e+00,1.547234506558365252e+00
4.328000000000000114e+01,4.035925318249057092e+00,3.795469754183230293e+00,1.541010681101258939e+00,4.006676024128568159e+00,3.808324679363142895e+00,1.547234508558476884e+00
4.347999999999999687e+01,4.037122526089973462e+00,3.835651908967614876e+00,1.541010682760638018e+00,4.007618406320775151e+00,3.848313574696632156e+00,1.547234510209600788e+00
4.367999999999999972e+01,4.037960563170060801e+00,3.863779417131459670e+00,1.541010679905559622e+00,4.008278075483275416e+00,3.876305796923623870e+00,1.547234507368726364e+00
4.388000000000000256e+01,4.037960563170060801e+00,3.863779417131461003e+00,1.589250679905559016e+00,4.008278075483275416e+00,3.876305796923623870e+00,1.595234507368726184e+00
4.407999999999999829e+01,4.037960563170060801e+00,3.863779417131461003e+00,1.649550679905558370e+00,4.008278075483275416e+00,3.876305796923623870e+00,1.655234507368726238e+00
4.428000000000000114e+01,4.037960563170060801e+00,3.863779417131461003e+00,1.709850679905558168e+00,4.008278075483275416e+00,3.876305796923623870e+00,1.715234507368726291e+00
4.447999999999999687e+01,4.037960563170060801e+00,3.863779417131461003e+00,1.770150679905558411e+00,4.008278075483275416e+00,3.876305796923623870e+00,1.775234507368726566e+00
4.467999999999999972e+01,4.037960563170060801e+00,3.863779417131461003e+00,1.830450679905557987e+00,4.008278075483275416e+00,3.876305796923623870e+00,1.835234507368726620e+00
4.488000000000000256e+01,4.037960563170060801e+00,3.863779417131461003e+00,1.890750679905557563e+00,4.008278075483275416e+00,3.876305796923623870e+00,1.895234507368726673e+00
4.507999999999999829e+01,4.037960563170060801e+00,3.863779417131461003e+00,1.951050679905558249e+00,4.008278075483275416e+00,3.876305796923623870e+00,1.955234507368726726e+00
4.528000000000000114e+01,4.037960563170060801e+00,3.863779417131461003e+00,2.011350679905558714e+00,4.008278075483275416e+00,3.876305796923623870e+00,2.015234507368726113e+00
4.547999999999999687e+01,4.037960563170060801e+00,3.863779417131461003e+00,2.071650679905558068e+00,4.008278075483275416e+00,3.876305796923623870e+00,2.075234507368723946e+00
4.567999999999999972e+01,4.037960563170060801e+00,3.863779417131461003e+00,2.131950679905556978e+00,4.008278075483275416e+00,3.876305796923623870e+00,2.135234507368721779e+00
4.588000000000000256e+01,4.037960563170060801e+00,3.863779417131461003e+00,2.192250679905556332e+00,4.008278075483275416e+00,3.876305796923623870e+00,2.195234507368719612e+00
4.607999999999999829e+01,4.037960563170060801e+00,3.863779417131461003e+00,2.252550679905556574e+00,4.008278075483275416e+00,3.876305796923623870e+00,2.255234507368717445e+00
4.628000000000000114e+01,4.037960563170060801e+00,3.863779417131461003e+00,2.312850679905556373e+00,4.008278075483275416e+00,3.876305796923623870e+00,2.315234507368715278e+00
4.647999999999999687e+01,4.037960563170060801e+00,3.863779417131461003e+00,2.373150679905556171e+00,4.008278075483275416e+00,3.876305796923623870e+00,2.375234507368713111e+00
4.670000000000000284e+01,4.037960563170060801e+00,3.863779417131461003e+00,2.439480679905555949e+00,4.008278075483275416e+00,3.876305796923623870e+00,2.441234507368710727e+00
4.688000000000000256e+01,4.037960563170060801e+00,3.863779417131461003e+00,2.493750679905555767e+00,4.008278075483275416e+00,3.876305796923623870e+00,2.495234507368708776e+00
4.707999999999999829e+01,4.037960563170060801e+00,3.863779417131461003e+00,2.554050679905555565e+00,4.008278075483275416e+00,3.876305796923623870e+00,2.555234507368706609e+00
4.728000000000000114e+01,4.037960563170060801e+00,3.863779417131461003e+00,2.614350679905555364e+00,4.008278075483275416e+00,3.876305796923623870e+00,2.615234507368704442e+00
4.747999999999999687e+01,4.037960563170060801e+00,3.863779417131461003e+00,2.674650679905555162e+00,4.008278075483275416e+00,3.876305796923623870e+00,2.675234507368702275e+00
4.767999999999999972e+01,4.037960563170060801e+00,3.863779417131461003e+00,2.734950679905554960e+00,4.008278075483275416e+00,3.876305796923623870e+00,2.735234507368700108e+00
4.788000000000000256e+01,4.037960563170060801e+00,3.863779417131461003e+00,2.795250679905554758e+00,4.008278075483275416e+00,3.876305796923623870e+00,2.795234507368697940e+00
4.807999999999999829e+01,4.037960563170060801e+00,3.863779417131461003e+00,2.853761822547579818e+00,4.008278075483275416e+00,3.876305796923623870e+00,2.853454549798573048e+00
4.829999999999999716e+01,4.037960563170060801e+00,3.863779417131461003e+00,2.905991935155949779e+00,4.008278075483275416e+00,3.876305796923623870e+00,2.905424811100433491e+00
4.847999999999999687e+01,4.006546990507402484e+00,3.870662212165523641e+00,2.940688668530551553e+00,3.977025346405172801e+00,3.883175172725958912e+00,2.939948923910981282e+00
4.867999999999999972e+01,3.967030391617099916e+00,3.878034000698967532e+00,2.972425329423765916e+00,3.937711371791334791e+00,3.890542595852474417e+00,2.971527690968907010e+00
4.888000000000000256e+01,3.927317780592613161e+00,3.884267542702845688e+00,2.998509160793387807e+00,3.898202326566302833e+00,3.896783242664565883e+00,2.997481752033205993e+00
4.907999999999999829e+01,3.887193062510970964e+00,3.898029392110665903e+00,3.012513446593457545e+00,3.858557726118647668e+00,3.902098105346709644e+00,3.018361638401434899e+00
4.928000000000000114e+01,3.847283685034960321e+00,3.902850437480993584e+00,3.029586092979708933e+00,3.818819724392738646e+00,3.906664600759268247e+00,3.035349346248451319e+00
4.947999999999999687e+01,3.807304527648331494e+00,3.907055321405760395e+00,3.043486140424845665e+00,3.779016154634746272e+00,3.910620662030873440e+00,3.049180239228689082e+00
4.967999999999999972e+01,3.767275603861267363e+00,3.910757762562118600e+00,3.054804563414054819e+00,3.739166147308422783e+00,3.914078994823201540e+00,3.060442351655765059e+00
4.989999999999999858e+01,3.723202793199614558e+00,3.914360456601397864e+00,3.064860248939916598e+00,3.695293176182754991e+00,3.917417613045937941e+00,3.070448008895429570e+00
5.007999999999999829e+01,3.687119979601431563e+00,3.917009629856391228e+00,3.071529409544760281e+00,3.659375751434308377e+00,3.919853562802145142e+00,3.077083989596766322e+00
5.028000000000000114e+01,3.647009939276750767e+00,3.919696569902825889e+00,3.077644829690334483e+00,3.619451066845943643e+00,3.922306039367690733e+00,3.083168984766491594e+00
5.047999999999999687e+01,3.606885610286276744e+00,3.922161284821062299e+00,3.082675893751563923e+00,3.579513451331538310e+00,3.924538421685476841e+00,3.088175018658259940e+00
5.067999999999999972e+01,3.566750583563636390e+00,3.924445461673717439e+00,3.086685369773058074e+00,3.539566227606679494e+00,3.926592002310516971e+00,3.092164547037857147e+00
5.088000000000000256e+01,3.526607455668661295e+00,3.926582706192821792e+00,3.089993662336474767e+00,3.499611780436349573e+00,3.928500067207305158e+00,3.095456380434292054e+00
5.107999999999999829e+01,3.486458096241892068e+00,3.928599619865887682e+00,3.092716461034442865e+00,3.459651814567039185e+00,3.930288963671245916e+00,3.098165632870081065e+00
5.128000000000000114e+01,3.446303900358970385e+00,3.930517928361908719e+00,3.094910283063589951e+00,3.419687592362436135e+00,3.931980209016670891e+00,3.100348540361767657e+00
5.150000000000000000e+01,3.402130013598236413e+00,3.932536718408913057e+00,3.096860440735289988e+00,3.375723210971382837e+00,3.933750114623805416e+00,3.102288995756494305e+00
5.167999999999999972e+01,3.365985133871561175e+00,3.934130420683415785e+00,3.098155319308458999e+00,3.339750082631930184e+00,3.935140747024667540e+00,3.103577432147706539e+00
5.189999999999999858e+01,3.321805563986382825e+00,3.936020852571382012e+00,3.099452126131196916e+00,3.295780764179964351e+00,3.936783539830356560e+00,3.104867787195205953e+00
5.207999999999999829e+01,3.295621576931107022e+00,3.926749338586601024e+00,3.096823466132928804e+00,3.259804457968667357e+00,3.938089415853777364e+00,3.105724841923297230e+00
5.229999999999999716e+01,3.251444990216340702e+00,3.928708283037671389e+00,3.097694208678088312e+00,3.215832049895152256e+00,3.939647365717338090e+00,3.106591252415994209e+00
5.247999999999999687e+01,3.205335634907485964e+00,3.941135241843911174e+00,3.101749863403987284e+00,3.179853734271541388e+00,3.940896673940275541e+00,3.107154092939275358e+00
5.267999999999999972e+01,3.165167103272313653e+00,3.942725533980626196e+00,3.102276168177872773e+00,3.139877080079299443e+00,3.942263086443333897e+00,3.107677779281448949e+00
5.288000000000000256e+01,3.124997818510821812e+00,3.944296691821771894e+00,3.102705985461791993e+00,3.099899782578626528e+00,3.943610550816792681e+00,3.108105458170919988e+00
5.307999999999999829e+01,3.094795822432015342e+00,3.935072456590180234e+00,3.099566864938072097e+00,3.059921966605659627e+00,3.944942547000353628e+00,3.108454591978164760e+00
5.328000000000000114e+01,3.054631066717201193e+00,3.936755426394422219e+00,3.099853356606241395e+00,3.019943731795576181e+00,3.946261914521008496e+00,3.108739658314649379e+00
5.347999999999999687e+01,3.006496161108104470e+00,3.947111772208084624e+00,3.102876960599446843e+00,2.979965160693943016e+00,3.947571053773039296e+00,3.108970110049181113e+00
5.367999999999999972e+01,2.964328911127116939e+00,3.950801917063794022e+00,3.103766528707874617e+00,2.939986314661201305e+00,3.948871770915656221e+00,3.109160725082444010e+00
5.388000000000000256e+01,2.924157543843922902e+00,3.952318903330093836e+00,3.103923036813297287e+00,2.900007244808781692e+00,3.950165591047106073e+00,3.109316454540576036e+00
5.407999999999999829e+01,2.883985962054202545e+00,3.953830198908675708e+00,3.104050925887343659e+00,2.860027992969749633e+00,3.951453775910199528e+00,3.109443707350571628e+00
5.428000000000000114e+01,2.843814205565458053e+00,3.955336843899103005e+00,3.104155451256714215e+00,2.820048592998763315e+00,3.952737355478767256e+00,3.109547712693228938e+00
5.447999999999999687e+01,2.813642306678675098e+00,3.946839687489868354e+00,3.104240899719792779e+00,2.780069072340679348e+00,3.954017170672890380e+00,3.109632736039574130e+00
5.467999999999999972e+01,2.773470291638607144e+00,3.948339423127382286e+00,3.104310768603468773e+00,2.740089453274926257e+00,3.955293908186404472e+00,3.109702257316862450e+00
5.485999999999999943e+01,2.737315396503571030e+00,3.949686997821441281e+00,3.104362704238623039e+00,2.704107727004587680e+00,3.956440805875611755e+00,3.109753934565770539e+00
5.507999999999999829e+01,2.683125993966898104e+00,3.961331717541412001e+00,3.104415124949244209e+00,2.660129988519876143e+00,3.957840276261330725e+00,3.109806094476837313e+00
5.528000000000000114e+01,2.642953742797893746e+00,3.962825114981547880e+00,3.104453283159679167e+00,2.620150169505331750e+00,3.959110737318090045e+00,3.109844062845427359e+00
5.547999999999999687e+01,2.602781440032154947e+00,3.964317123880655824e+00,3.104484513680112023e+00,2.580170306817263448e+00,3.960379823360244522e+00,3.109875137990135485e+00
5.567999999999999972e+01,2.562609094924320541e+00,3.965807992235895085e+00,3.104510571242601547e+00,2.540190408291201241e+00,3.961647779969484251e+00,3.109901065913012186e+00
5.588000000000000256e+01,2.522436714752635201e+00,3.967297915472619341e+00,3.104531431266479569e+00,2.500210480096770826e+00,3.962914800667614035e+00,3.109921822155676807e+00
5.607999999999999829e+01,2.492264306452448341e+00,3.968787080074974938e+00,3.104548498670363532e+00,2.460230528103631187e+00,3.964181070121779005e+00,3.109938804647102817e+00
5.628000000000000114e+01,2.452091875120610887e+00,3.970275623274270860e+00,3.104562482849748228e+00,2.420250556619895743e+00,3.965446724226524555e+00,3.109952719253456621e+00
5.647999999999999687e+01,2.411919424576469684e+00,3.971763647927521124e+00,3.104574284439402643e+00,2.380270568884392368e+00,3.966711864837662027e+00,3.109964462128734564e+00
5.667999999999999972e+01,2.371727273806092384e+00,3.964687260308503269e+00,3.101791613931278668e+00,2.340290567986117676e+00,3.967976589174518232e+00,3.109973745205226070e+00
5.689999999999999858e+01,2.327535666893449040e+00,3.964331687559133677e+00,3.101102035548297664e+00,2.296312554754007973e+00,3.969367398731619367e+00,3.109982124923652336e+00
5.707999999999999829e+01,2.291415555586228781e+00,3.976575981380568336e+00,3.104597602436318660e+00,2.260330536060332296e+00,3.970505085403118972e+00,3.109987664115712924e+00
5.729999999999999716e+01,2.247225807874317471e+00,3.978211400827527111e+00,3.104603209941213304e+00,2.216352505470721823e+00,3.971895346117207737e+00,3.109993243722573020e+00
5.747999999999999687e+01,2.211070553501788716e+00,3.979549302503970765e+00,3.104607000613881507e+00,2.180370475163789568e+00,3.973032665020322707e+00,3.109997015536172693e+00
5.767999999999999972e+01,2.160898043259125600e+00,3.981035714843819129e+00,3.104610456663092766e+00,2.140390436929425544e+00,3.974296209025171667e+00,3.110000454391109059e+00
5.788000000000000256e+01,2.120725528362606749e+00,3.982522000922414485e+00,3.104613322643619444e+00,2.100410394745831688e+00,3.975559627999518675e+00,3.110003306113027222e+00
5.807999999999999829e+01,2.080553009593133051e+00,3.984008182738206560e+00,3.104615651888212202e+00,2.060430349292336150e+00,3.976822943727051918e+00,3.110005623769338534e+00
5.828000000000000114e+01,2.050380487707448740e+00,3.985494279646212057e+00,3.104617565916863775e+00,2.020450301180041208e+00,3.978086175373710898e+00,3.110007528275460675e+00
5.847999999999999687e+01,2.010207963202270687e+00,3.986980306253435469e+00,3.104619155562433619e+00,1.980470250879905469e+00,3.979349337402337650e+00,3.110009110012346145e+00
5.867999999999999972e+01,1.970035436576470067e+00,3.988466275348392376e+00,3.104620448092236806e+00,1.940490198804198485e+00,3.980612442484055880e+00,3.110010396111652309e+00
5.888000000000000256e+01,1.929862908177604863e+00,3.989952197279057255e+00,3.104621512192182298e+00,1.900510145228908820e+00,3.981875500856300487e+00,3.110011454917567697e+00
5.907999999999999829e+01,1.889690378364288437e+00,3.991438080366934482e+00,3.104622388662896526e+00,1.860530090387451096e+00,3.983138520768251922e+00,3.110012327027732226e+00
5.928000000000000114e+01,1.849517847415685257e+00,3.992923931451156427e+00,3.104623110948047326e+00,1.820550034649428328e+00,3.984401508986173290e+00,3.110013045719424607e+00
5.947999999999999687e+01,1.809345315416663658e+00,3.994409755827032615e+00,3.104623717888887136e+00,1.780569978047640056e+00,3.985664470749363808e+00,3.110013649640657629e+00
5.967999999999999972e+01,1.769172782616680761e+00,3.995895558369430223e+00,3.104624206920960194e+00,1.740589920713007999e+00,3.986927410908919445e+00,3.110014136239735549e+00
5.988000000000000256e+01,1.729000249250795651e+00,3.997381343002004428e+00,3.104624614283528761e+00,1.700609862733900135e+00,3.988190333320515535e+00,3.110014541575626623e+00
6.007999999999999829e+01,1.688827715215008185e+00,3.998867112795239098e+00,3.104624947081831454e+00,1.660629804472801396e+00,3.989453241037265396e+00,3.110014872718215528e+00
6.028000000000000114e+01,1.648655180815151278e+00,4.000352870410559980e+00,3.104625221971551330e+00,1.620649745862493551e+00,3.990716136698967187e+00,3.110015146240324491e+00
6.050000000000000000e+01,1.604465392800044743e+00,4.001987192043090502e+00,3.104625476414210716e+00,1.576671680826241317e+00,3.992105310292805687e+00,3.110015399417102255e+00
6.070000000000000284e+01,1.564292857973619943e+00,4.003472930307804489e+00,3.104625659700640750e+00,1.536691621470709590e+00,3.993368186794857166e+00,3.110015581791660821e+00
6.088000000000000256e+01,1.528137576348567617e+00,4.004810088950393698e+00,3.104625800108519851e+00,1.500709567768851560e+00,3.994504769942015532e+00,3.110015721500994701e+00
6.107999999999999829e+01,1.487965040908288072e+00,4.006295815356621937e+00,3.104625927908393646e+00,1.460729508249775987e+00,3.995767634690470693e+00,3.110015848665047766e+00
6.129999999999999716e+01,1.443775251499813006e+00,4.007930109054574253e+00,3.104626043519144840e+00,1.416751442511605008e+00,3.997156780600600978e+00,3.110015963700620834e+00
6.147999999999999687e+01,1.407619969072849475e+00,4.009267254926243140e+00,3.104626122521803477e+00,1.380769388499265338e+00,3.998293351090827397e+00,3.110016042310231210e+00
6.167999999999999972e+01,1.367447432978923239e+00,4.010752969548799562e+00,3.104626195404547317e+00,1.340789328091469335e+00,3.999556204160697348e+00,3.110016114830374434e+00
6.188000000000000256e+01,1.327274896463739529e+00,4.012238681468180523e+00,3.104626256020357911e+00,1.300809267882583331e+00,4.000819054559905830e+00,3.110016175144613371e+00
6.207999999999999829e+01,1.287102359549982644e+00,4.013724391201943575e+00,3.104626306487958232e+00,1.260829207863009671e+00,4.002081902792939516e+00,3.110016225361130093e+00
6.228000000000000114e+01,1.246929822820254774e+00,4.015210099031309099e+00,3.104626348553500836e+00,1.220849147628472409e+00,4.003344749211707132e+00,3.110016267217390329e+00
6.247999999999999687e+01,1.206757286624570824e+00,4.016695805323442947e+00,3.104626384598044631e+00,1.180869087425077568e+00,4.004607594039285345e+00,3.110016303082608236e+00
6.267999999999999972e+01,1.174563934959627742e+00,4.017617562607502357e+00,3.101834413730717888e+00,1.140889028270959615e+00,4.005870437466781731e+00,3.110016332070342227e+00
6.288000000000000256e+01,1.136390155504681809e+00,4.019097654610920500e+00,3.101136438528309114e+00,1.100908966993783489e+00,4.007133280068711834e+00,3.110016356744563115e+00
6.310000000000000142e+01,1.082235996865154704e+00,4.021651969498097223e+00,3.104626460727222259e+00,1.056930900142060814e+00,4.008522405801997479e+00,3.110016378833033279e+00
6.328000000000000114e+01,1.046080715905691516e+00,4.022989101399773837e+00,3.104626476199404461e+00,1.020948843688232133e+00,4.009658962634762069e+00,3.110016394228241055e+00
6.347999999999999687e+01,1.005908180212034653e+00,4.024474802948244445e+00,3.104626490877876233e+00,9.809687809903379074e-01,4.010921802890104360e+00,3.110016408833686796e+00
6.367999999999999972e+01,9.657356466262239092e-01,4.025960504096162573e+00,3.104626502929171750e+00,9.409887196164742340e-01,4.012184642281203750e+00,3.110016420825026273e+00
6.388000000000000256e+01,9.255631169170723815e-01,4.027446204546730080e+00,3.104626513002993526e+00,9.010086628095118622e-01,4.013447481456752008e+00,3.110016430848730362e+00
6.409999999999999432e+01,8.913733346177841188e-01,4.029080474206058859e+00,3.104626521498298430e+00,8.570306006415754352e-01,4.014836604210866966e+00,3.110016440079807154e+00
6.429999999999999716e+01,8.512007925328308744e-01,4.030566174581812433e+00,3.104626529283337266e+00,8.170505404519159409e-01,4.016099442303696421e+00,3.110016447048076671e+00
6.450000000000000000e+01,8.110282600502378703e-01,4.032051874279662051e+00,3.104626535413137933e+00,7.770704899638946062e-01,4.017362280362823945e+00,3.110016453147379956e+00
6.468000000000000682e+01,7.648729689661304398e-01,4.033389004059052318e+00,3.104626540148845315e+00,7.410884373351452892e-01,4.018498834325903601e+00,3.110016457859525296e+00
6.490000000000000568e+01,7.206831668701871862e-01,4.035023272929849192e+00,3.104626545071376142e+00,6.971103699951983756e-01,4.019887955985729455e+00,3.110016462757564604e+00
6.507999999999999829e+01,6.845278865458823692e-01,4.036360402580574380e+00,3.104626548422578569e+00,6.611283110189323242e-01,4.021024510811264108e+00,3.110016466092095033e+00
6.528000000000000114e+01,6.443553579559566646e-01,4.037846100806394389e+00,3.104626551792700528e+00,6.211482478174793487e-01,4.022287347766403620e+00,3.110016469445450848e+00
6.548000000000000398e+01,6.041828016428285597e-01,4.039331800480355561e+00,3.104626554589502430e+00,5.811681895824465371e-01,4.023550184548096098e+00,3.110016472228336770e+00
6.568000000000000682e+01,5.719888516910522913e-01,4.040253575704626954e+00,3.101834557074394816e+00,5.411881310643815723e-01,4.024813022623106029e+00,3.110016474700866063e+00
6.587999999999999545e+01,5.338156777646678730e-01,4.041733637429010706e+00,3.101136559148033101e+00,5.012080797849202130e-01,4.026075860016837815e+00,3.110016476981995126e+00
6.607999999999999829e+01,4.936485875027390446e-01,4.043359527608347825e+00,3.101136561366388378e+00,4.612280470443677616e-01,4.027338694422849308e+00,3.110016478971506348e+00
6.628000000000000114e+01,4.435062395312129868e-01,4.045625077624802834e+00,3.104626563242223636e+00,4.212479813577907906e-01,4.028601534256810446e+00,3.110016480838009301e+00
6.648000000000000398e+01,4.033337173932014519e-01,4.047110773712151222e+00,3.104626564678081291e+00,3.812679082272351083e-01,4.029864370124701445e+00,3.110016482266724225e+00
6.668000000000000682e+01,3.731336683975704505e-01,4.047886719204411676e+00,3.101136566062157485e+00,3.412878320844324187e-01,4.031127206494901749e+00,3.110016483643913698e+00
6.687999999999999545e+01,3.329665271718967867e-01,4.049512613867257471e+00,3.101136567209868744e+00,3.013077353707379613e-01,4.032390044302789356e+00,3.110016484785914859e+00
6.707999999999999829e+01,2.928238807224284312e-01,4.051766263716941374e+00,3.103928566756848362e+00,2.613277092363666121e-01,4.033652880766283921e+00,3.110016484335146547e+00
6.728000000000000114e+01,2.526570807445586708e-01,4.053404043301822135e+00,3.104626560598060081e+00,2.213476409759881358e-01,4.034915717857754380e+00,3.110016478206997004e+00
6.748000000000000398e+01,2.124845423029928793e-01,4.054889741907545364e+00,3.104626554242820191e+00,1.813675739816018317e-01,4.036178555239488652e+00,3.110016471883374489e+00
6.768000000000000682e+01,1.722845190616577038e-01,4.055665688947470038e+00,3.101136547715410252e+00,1.413875143087325870e-01,4.037441392732720402e+00,3.110016465388439233e+00
6.787999999999999545e+01,1.642510962616633430e-01,4.055990867230867103e+00,3.113196546057365843e+00,1.333915024933495785e-01,4.037693959948328803e+00,3.122016464038643857e+00
6.809999999999999432e+01,1.642510962616633430e-01,4.055990867230867103e+00,-3.103658761122221055e+00,1.333915024933495785e-01,4.037693959948328803e+00,-3.095168843140945203e+00
6.828000000000000114e+01,1.642910736734304045e-01,4.057023063022589859e+00,-3.045898760820720863e+00,1.333915024933495785e-01,4.037693959948328803e+00,-3.041168843140947153e+00
6.848000000000000398e+01,1.642910736734304045e-01,4.057023063022589859e+00,-2.985598760820721065e+00,1.333915024933495785e-01,4.037693959948328803e+00,-2.981168843140949321e+00
6.868000000000000682e+01,1.642910736734304045e-01,4.057023063022589859e+00,-2.925298760820721267e+00,1.333915024933495785e-01,4.037693959948328803e+00,-2.921168843140951488e+00
6.887999999999999545e+01,1.642910736734304045e-01,4.057023063022589859e+00,-2.864998760820721468e+00,1.333915024933495785e-01,4.037693959948328803e+00,-2.861168843140953655e+00
6.907999999999999829e+01,1.642910736734304045e-01,4.057023063022589859e+00,-2.804698760820721670e+00,1.333915024933495785e-01,4.037693959948328803e+00,-2.801168843140955822e+00
6.928000000000000114e+01,1.642910736734304045e-01,4.057023063022589859e+00,-2.744398760820721872e+00,1.333915024933495785e-01,4.037693959948328803e+00,-2.741168843140957989e+00
6.948000000000000398e+01,1.642910736734304045e-01,4.057023063022589859e+00,-2.684098760820722074e+00,1.333915024933495785e-01,4.037693959948328803e+00,-2.681168843140960156e+00
6.968000000000000682e+01,1.642910736734304045e-01,4.057023063022589859e+00,-2.623798760820722276e+00,1.333915024933495785e-01,4.037693959948328803e+00,-2.621168843140962323e+00
6.987999999999999545e+01,1.642910736734304045e-01,4.057023063022589859e+00,-2.563498760820722477e+00,1.333915024933495785e-01,4.037693959948328803e+00,-2.561168843140964491e+00
7.007999999999999829e+01,1.642910736734304045e-01,4.057023063022589859e+00,-2.503198760820722679e+00,1.333915024933495785e-01,4.037693959948328803e+00,-2.501168843140966658e+00
7.028000000000000114e+01,1.642910736734304045e-01,4.057023063022589859e+00,-2.442898760820722881e+00,1.333915024933495785e-01,4.037693959948328803e+00,-2.441168843140968825e+00
7.048000000000000398e+01,1.642910736734304045e-01,4.057023063022589859e+00,-2.382598760820723083e+00,1.333915024933495785e-01,4.037693959948328803e+00,-2.381168843140970992e+00
7.068000000000000682e+01,1.642910736734304045e-01,4.057023063022589859e+00,-2.322298760820723285e+00,1.333915024933495785e-01,4.037693959948328803e+00,-2.321168843140973159e+00
7.087999999999999545e+01,1.642910736734304045e-01,4.057023063022589859e+00,-2.261998760820723486e+00,1.333915024933495785e-01,4.037693959948328803e+00,-2.261168843140975326e+00
7.107999999999999829e+01,1.642910736734304045e-01,4.057023063022589859e+00,-2.201698760820723688e+00,1.333915024933495785e-01,4.037693959948328803e+00,-2.201168843140977494e+00
7.128000000000000114e+01,1.642910736734304045e-01,4.057023063022589859e+00,-2.141398760820723890e+00,1.333915024933495785e-01,4.037693959948328803e+00,-2.141168843140979661e+00
7.148000000000000398e+01,1.642910736734304045e-01,4.057023063022589859e+00,-2.081098760820725424e+00,1.333915024933495785e-01,4.037693959948328803e+00,-2.081168843140981828e+00
7.168000000000000682e+01,1.642910736734304045e-01,4.057023063022589859e+00,-2.020798760820723849e+00,1.333915024933495785e-01,4.037693959948328803e+00,-2.021168843140983995e+00
7.187999999999999545e+01,1.642910736734304045e-01,4.057023063022589859e+00,-1.960498760820725606e+00,1.333915024933495785e-01,4.037693959948328803e+00,-1.961168843140984608e+00
7.207999999999999829e+01,1.642910736734304045e-01,4.057023063022589859e+00,-1.900198760820724697e+00,1.333915024933495785e-01,4.037693959948328803e+00,-1.901168843140984777e+00
7.228000000000000114e+01,1.642910736734304045e-01,4.057023063022589859e+00,-1.845317850069948751e+00,1.333915024933495785e-01,4.037693959948328803e+00,-1.846560971747177815e+00
7.248000000000000398e+01,1.642910736734304045e-01,4.057023063022589859e+00,-1.800838017158847615e+00,1.333915024933495785e-01,4.037693959948328803e+00,-1.802302431537125438e+00
7.268000000000000682e+01,1.576576535897192821e-01,4.025555684889338792e+00,-1.764992505487439800e+00,1.267417677897147155e-01,4.006393562039120226e+00,-1.766635255744679833e+00
7.287999999999999545e+01,1.504970665572435140e-01,3.985999998728535942e+00,-1.735884570573229979e+00,1.195491979775944735e-01,3.967046954823982396e+00,-1.737672136427059533e+00
7.307999999999999829e+01,1.443788829926288542e-01,3.946269248352307191e+00,-1.712194594900505962e+00,1.133883755086914358e-01,3.927525182981994600e+00,-1.714100021329822088e+00
7.328000000000000114e+01,1.391204743784963949e-01,3.906415303580693443e+00,-1.692519530620099744e+00,1.080785612402574702e-01,3.887879821601208707e+00,-1.694522842941359020e+00
7.348000000000000398e+01,1.259649070316854746e-01,3.866241337855794047e+00,-1.683870991634426550e+00,1.034628686687550092e-01,3.848147425855501957e+00,-1.678972057880986579e+00
7.368000000000000682e+01,1.216927610226830048e-01,3.826269259229586162e+00,-1.671154497996754529e+00,9.940556664014076060e-02,3.808353996371805827e+00,-1.666318830380814964e+00
7.387999999999999545e+01,1.178835234204707871e-01,3.786250326531624744e+00,-1.660693748571413941e+00,9.580679754907875378e-02,3.768516395823234166e+00,-1.655910124484954560e+00
7.409999999999999432e+01,1.247450363657782446e-01,3.742112621266781680e+00,-1.655006938753045054e+00,9.227438477431883224e-02,3.724658572036700033e+00,-1.646778970436827194e+00
7.428000000000000114e+01,1.218181494287694511e-01,3.706051263695586684e+00,-1.648781870236760927e+00,8.965681428768691730e-02,3.688753917948665251e+00,-1.640584872410674189e+00
7.448000000000000398e+01,1.108019498460284386e-01,3.665964627524545882e+00,-1.643225535746590582e+00,8.698210024627160697e-02,3.648843495174465712e+00,-1.635056181375678541e+00
7.468000000000000682e+01,1.059877016195793636e-01,3.625863291389965326e+00,-1.638612844351144959e+00,8.450744533669155012e-02,3.608920152476543297e+00,-1.630466438693642051e+00
7.487999999999999545e+01,1.033400733141040945e-01,3.585750596932734346e+00,-1.634940647029208050e+00,8.219784271332805647e-02,3.568986908635186861e+00,-1.626812511010121254e+00
7.509999999999999432e+01,1.105803291275691269e-01,3.551616817444474883e+00,-1.631679698811755896e+00,7.980848568204582105e-02,3.525051851029132433e+00,-1.623567786415641701e+00
7.528000000000000114e+01,1.084192952613856897e-01,3.515501421523710146e+00,-1.629515457074357965e+00,7.794957824433709770e-02,3.489099883585084605e+00,-1.621414312050072581e+00
7.548000000000000398e+01,9.610150032391173713e-02,3.465368301816256213e+00,-1.627529626284018871e+00,7.596668862069674844e-02,3.449149068449234079e+00,-1.619438361014908789e+00
7.568000000000000682e+01,9.385592428302713675e-02,3.425231074347538485e+00,-1.625894809166624322e+00,7.405533165305293319e-02,3.409194765023043860e+00,-1.617811677316008057e+00
7.590000000000000568e+01,9.145417689653287385e-02,3.381076350155220567e+00,-1.624443924091270697e+00,7.202057447071255614e-02,3.365241842151506457e+00,-1.616368010574363190e+00
7.607999999999999829e+01,8.889276537621443319e-02,3.344983384267933069e+00,-1.620002226678886492e+00,7.039814813903527702e-02,3.329278421344986416e+00,-1.615421047974976432e+00
7.628000000000000114e+01,8.693369005492312951e-02,3.304831149941032553e+00,-1.619128490621932759e+00,6.863177855444951847e-02,3.289317442402097225e+00,-1.614551658863579320e+00
7.648000000000000398e+01,8.571567367655000269e-02,3.274640560237182196e+00,-1.621905712889742057e+00,6.689682979131418572e-02,3.249355086541087623e+00,-1.613842427289259973e+00
7.668000000000000682e+01,8.367414224087652008e-02,3.234492433219535723e+00,-1.621318480498534553e+00,6.518757273560903120e-02,3.209391623291975026e+00,-1.613258116452237045e+00
7.687999999999999545e+01,8.165404279869659110e-02,3.194343221927000265e+00,-1.620839864973907973e+00,6.349954291385644101e-02,3.169427257600841763e+00,-1.612781882099375563e+00
7.707999999999999829e+01,8.965116139961146202e-02,3.154193147877636605e+00,-1.620454417514812784e+00,6.182856656718725696e-02,3.129462175109903654e+00,-1.612398352289329484e+00
7.728000000000000114e+01,8.766250073583412017e-02,3.114042366883148283e+00,-1.620130209843303470e+00,6.017167498974615447e-02,3.089496506139044030e+00,-1.612075757591310721e+00
7.748000000000000398e+01,7.768540044449043225e-02,3.065891014904633671e+00,-1.619875046256705975e+00,5.852623322434948733e-02,3.049530364058086196e+00,-1.611821863475292327e+00
7.768000000000000682e+01,7.371756559747527637e-02,3.023739207719996269e+00,-1.619666798665670537e+00,5.688996827111169469e-02,3.009563845179204833e+00,-1.611614651941924548e+00
7.787999999999999545e+01,7.175729754875798116e-02,2.983587030378082705e+00,-1.619496699886996183e+00,5.526119772003169894e-02,2.969597020152889844e+00,-1.611445399425831093e+00
7.809999999999999432e+01,7.960809606472260547e-02,2.949419289556721058e+00,-1.619345076414370643e+00,5.347657560659919984e-02,2.925633226865086201e+00,-1.611294530298840622e+00
7.829999999999999716e+01,7.765955179844338807e-02,2.909266541536725814e+00,-1.619232717608153793e+00,5.185941664630940029e-02,2.885665930293292991e+00,-1.611182730491659498e+00
7.848000000000000398e+01,6.519984075854362571e-02,2.863162224482430407e+00,-1.615660451172132417e+00,5.040742131365127943e-02,2.849695224033164997e+00,-1.611100873341388739e+00
7.868000000000000682e+01,6.339848446501077095e-02,2.823002604031441543e+00,-1.615584764251672967e+00,4.879723710158073019e-02,2.809727645847299282e+00,-1.611025562972773439e+00
7.887999999999999545e+01,6.159989987732983341e-02,2.782842859348613640e+00,-1.615522256923814126e+00,4.718979761713428672e-02,2.769759957175288445e+00,-1.610963366626645188e+00
7.909999999999999432e+01,6.024946626897130508e-02,2.748637815298379472e+00,-1.618957162360944446e+00,4.542417447638043976e-02,2.725795396738213139e+00,-1.610908546166078592e+00
7.928000000000000114e+01,5.850838253543803880e-02,2.712499732514944917e+00,-1.618919638999359867e+00,4.398121684985006885e-02,2.689824326791634856e+00,-1.610871209487884759e+00
7.948000000000000398e+01,5.657527305299298037e-02,2.672346238425315601e+00,-1.618885985508663472e+00,4.237934492608591563e-02,2.649856414584027320e+00,-1.610837723427490875e+00
7.968000000000000682e+01,5.464339123992696667e-02,2.632192685250860809e+00,-1.618857929655526551e+00,4.077868891786270988e-02,2.609888453662605468e+00,-1.610809807155712647e+00
7.990000000000000568e+01,6.251948740778398572e-02,2.588023720667633754e+00,-1.618833431753146535e+00,3.901912230595063619e-02,2.565923650408409529e+00,-1.610785431133444634e+00
8.009999999999999432e+01,6.058951166541807348e-02,2.547870075832098014e+00,-1.618815436083479442e+00,3.742035411897616515e-02,2.525955613925404464e+00,-1.610767524994471733e+00
8.029999999999999716e+01,5.866019099116948771e-02,2.507716399517653016e+00,-1.618800695066017648e+00,3.582223472822124166e-02,2.485987551496262160e+00,-1.610752857315404629e+00
8.048000000000000398e+01,5.692426419519238528e-02,2.471578068648407456e+00,-1.618789740871204197e+00,3.438438466554114004e-02,2.450016277023346234e+00,-1.610741957619072462e+00
8.070000000000000284e+01,4.480306277651721625e-02,2.427408974200491620e+00,-1.618778716875889367e+00,3.262749459168921840e-02,2.406051366725489693e+00,-1.610730988469503799e+00
8.087999999999999545e+01,4.306786321430804143e-02,2.391270608404526765e+00,-1.618771356030704434e+00,3.119036479969533246e-02,2.370080063468419596e+00,-1.610723664245439446e+00
8.109999999999999432e+01,4.033237355948777331e-02,2.327234933670146333e+00,-1.615293011670549728e+00,2.943419933385378606e-02,2.326115124226661557e+00,-1.610716223672546743e+00
8.128000000000000114e+01,3.872310683094497968e-02,2.291090741040380685e+00,-1.615288070953227351e+00,2.799755594766509259e-02,2.290143801537598556e+00,-1.610711307535907189e+00
8.148000000000000398e+01,4.492735804548995265e-02,2.250919358536417558e+00,-1.615280964658595719e+00,2.640147467178410173e-02,2.250175657667201179e+00,-1.610706768252567977e+00
8.170000000000000284e+01,4.495905143772559176e-02,2.206740309007160672e+00,-1.615276241589093775e+00,2.464597416462945348e-02,2.206210691867510398e+00,-1.610702701595073449e+00
8.187999999999999545e+01,4.335034968646593601e-02,2.170596091229040958e+00,-1.615273507911068274e+00,2.320977642260821372e-02,2.170239351383397075e+00,-1.610699981517436097e+00
8.209999999999999432e+01,3.138428032290471043e-02,2.126419819637498154e+00,-1.615270750432651115e+00,2.145454410759238192e-02,2.126274374875925410e+00,-1.610697237757816369e+00
8.229999999999999716e+01,2.959704167604767372e-02,2.086259568422964339e+00,-1.615268654878504906e+00,1.985897455964805505e-02,2.086306210572804076e+00,-1.610695152629312288e+00
8.248000000000000398e+01,2.798859127761241933e-02,2.050115339448762786e+00,-1.615267147516356916e+00,1.842302572703606242e-02,2.050334860156215910e+00,-1.610693652766479689e+00
8.270000000000000284e+01,2.602277456689117835e-02,2.005939056643932350e+00,-1.615265625766882485e+00,1.666804360197168475e-02,2.006369873633503609e+00,-1.610692138587896505e+00
8.287999999999999545e+01,2.441442455871840195e-02,1.969794823199705114e+00,-1.615264605777809503e+00,1.523219417640483617e-02,1.970398519226730594e+00,-1.610691123673396730e+00
8.307999999999999829e+01,2.358528344870123444e-02,1.929576622247455076e+00,-1.612421636965358340e+00,1.363684503864617467e-02,1.930430346090975746e+00,-1.610690183733742398e+00
8.329999999999999716e+01,2.216306182894169086e-02,1.885377154434070057e+00,-1.614165794971274881e+00,1.188200003802840701e-02,1.886465354101932501e+00,-1.610689345928683736e+00
8.348000000000000398e+01,2.059445695644000762e-02,1.849231174337315764e+00,-1.614165223773433411e+00,1.044624278290636095e-02,1.850493996034833444e+00,-1.610688777572622632e+00
8.368000000000000682e+01,1.885158484548730973e-02,1.809068973307417227e+00,-1.614164688959271565e+00,8.850978915707356093e-03,1.810525819573093331e+00,-1.610688245419226838e+00
8.387999999999999545e+01,1.710873221863917076e-02,1.768906771338593753e+00,-1.614164252572695135e+00,7.255734338488288408e-03,1.770557642276744836e+00,-1.610687811203727504e+00
8.407999999999999829e+01,1.536589553352645660e-02,1.728744568734619680e+00,-1.614163892559650870e+00,5.660505550473459921e-03,1.730589464327836557e+00,-1.610687452981793166e+00
8.428000000000000114e+01,1.362307199339741343e-02,1.688582365501120064e+00,-1.614163595215084790e+00,4.065289785363608924e-03,1.690621285964477805e+00,-1.610687157116553525e+00
8.448000000000000398e+01,1.188025931814704755e-02,1.648420161774840409e+00,-1.614163349476543274e+00,2.470084779498034257e-03,1.650653107093418726e+00,-1.610686912600592047e+00
8.468000000000000682e+01,1.013745562529815708e-02,1.608257957586138653e+00,-1.614163146254325998e+00,8.748886774383983359e-04,1.610684927865875471e+00,-1.610686710389431342e+00
8.487999999999999545e+01,8.394659369419237016e-03,1.568095753269813208e+00,-1.614162978075980748e+00,-7.203000734164117288e-04,1.570716748282901642e+00,-1.610686543047793462e+00
8.507999999999999829e+01,6.651869288674956693e-03,1.527933548620856952e+00,-1.614162838800066391e+00,-2.315482735103807903e-03,1.530748568496388629e+00,-1.610686404464794386e+00
8.528000000000000114e+01,4.909084310549413632e-03,1.487771343600338136e+00,-1.614162722295043872e+00,-3.910660316708607954e-03,1.490780388664280531e+00,-1.610686288539399103e+00
8.548000000000000398e+01,3.166303581312507331e-03,1.447609138589756483e+00,-1.614162626762263075e+00,-5.505833667596770307e-03,1.450812208626445221e+00,-1.610686193481906114e+00
8.568000000000000682e+01,1.423526315443172929e-03,1.407446933484155061e+00,-1.614162547455378016e+00,-7.101003587961786725e-03,1.410844028410298101e+00,-1.610686114569582772e+00
8.587999999999999545e+01,-7.091126019036428363e-04,1.367301304663536277e+00,-1.612417481559383248e+00,-8.696170666977502337e-03,1.370875848074074144e+00,-1.610686049001430087e+00
8.607999999999999829e+01,-2.381798831892482926e-03,1.327136119728076435e+00,-1.612417426754320759e+00,-1.029133526600454172e-02,1.330907667507640779e+00,-1.610685994469028381e+00
8.628000000000000114e+01,-4.054483025866487123e-03,1.286970934225792451e+00,-1.612417380707628300e+00,-1.188649789545425176e-02,1.290939486897716648e+00,-1.610685948651423560e+00
8.648000000000000398e+01,-5.108253715501769043e-03,1.251836575746068991e+00,-1.614162342752607948e+00,-1.348165895322750267e-02,1.250971306489528700e+00,-1.610685910885233385e+00
8.668000000000000682e+01,-6.851020541606051006e-03,1.211674370368487796e+00,-1.614162311086381418e+00,-1.507681850076092109e-02,1.211003125174761497e+00,-1.610685879376549945e+00
8.687999999999999545e+01,-8.593786127566060973e-03,1.171512164519963761e+00,-1.614162284399465852e+00,-1.667197709075826303e-02,1.171034944209671469e+00,-1.610685852822404840e+00
8.707999999999999829e+01,-1.033655078828985691e-02,1.131349958127814359e+00,-1.614162262302014206e+00,-1.826713443002671994e-02,1.131066763003892195e+00,-1.610685830834891030e+00
8.728000000000000114e+01,-1.207931480266168783e-02,1.091187752554251045e+00,-1.614162243792882201e+00,-1.986229119497215714e-02,1.091098582784787885e+00,-1.610685812417844032e+00
8.748000000000000398e+01,-1.399948563328666518e-02,1.051033166890261938e+00,-1.613289728280016933e+00,-2.145744712312034480e-02,1.051130400960989197e+00,-1.610685796982157525e+00
8.768000000000000682e+01,-1.570720597163723781e-02,1.010869455158251551e+00,-1.613289715260886270e+00,-2.305260264393420647e-02,1.011162220165539249e+00,-1.610685784027798828e+00
8.787999999999999545e+01,-1.741492586560806910e-02,9.707057407635014679e-01,-1.613289704271871461e+00,-2.464775746461963027e-02,9.711940412459685312e-01,-1.610685773093457618e+00
8.807999999999999829e+01,-1.912264594916681520e-02,9.305420268869707412e-01,-1.613289695014071157e+00,-2.624291220637519836e-02,9.312258587899021611e-01,-1.610685763881716248e+00
8.828000000000000114e+01,-2.083036511279589414e-02,8.903783152408025758e-01,-1.613289687161617580e+00,-2.783806669816223447e-02,8.912576762772506100e-01,-1.610685756068328978e+00
8.848000000000000398e+01,-2.253808351567607865e-02,8.502146045027059174e-01,-1.613289680516791336e+00,-2.943322045366571910e-02,8.512894949434200997e-01,-1.610685749456561400e+00
8.868000000000000682e+01,-2.424580245186892108e-02,8.100508938614038312e-01,-1.613289674863051859e+00,-3.102837407595994412e-02,8.113213139180803779e-01,-1.610685743830949646e+00
8.887999999999999545e+01,-2.595352127984950144e-02,7.698871826750319780e-01,-1.613289670061236247e+00,-3.262352777654608377e-02,7.713531359709313584e-01,-1.610685739053024035e+00
8.907999999999999829e+01,-2.766123941144429249e-02,7.297234749086765060e-01,-1.613289665938791861e+00,-3.421867998494733387e-02,7.313849598805013397e-01,-1.610685734951089687e+00
8.928000000000000114e+01,-2.936895663851827459e-02,6.895597660423945507e-01,-1.613289662494918675e+00,-3.581383407058594953e-02,6.914167834229335563e-01,-1.610685731524350128e+00
8.948000000000000398e+01,-3.107667532195690710e-02,6.493960537976998237e-01,-1.613289659403684961e+00,-3.740898718853269411e-02,6.514486039160862774e-01,-1.610685728448496556e+00
8.968000000000000682e+01,-3.278439373023497166e-02,6.092323448819478848e-01,-1.613289656966826913e+00,-3.900414035893078057e-02,6.114804105113650357e-01,-1.610685726023761477e+00
8.987999999999999545e+01,-3.449211102588441852e-02,5.690686375846324419e-01,-1.613289654931097328e+00,-4.059929301268071222e-02,5.715122264718915934e-01,-1.610685723998159347e+00
9.007999999999999829e+01,-3.619982761783898523e-02,5.289049337151768837e-01,-1.613289653104718724e+00,-4.219444583406604943e-02,5.315440383535183777e-01,-1.610685722180866364e+00
9.028000000000000114e+01,-3.790754409023759652e-02,4.887412268074430299e-01,-1.613289651536250480e+00,-4.378960016606990580e-02,4.915758616515014667e-01,-1.610685720620201433e+00
9.048000000000000398e+01,-3.961526203990183015e-02,4.485775227029554224e-01,-1.613289650421060539e+00,-4.538475039545504519e-02,4.516076868833262536e-01,-1.610685719510559721e+00
9.068000000000000682e+01,-4.132297841748253098e-02,4.084138143606833027e-01,-1.613289649555978977e+00,-4.697990214871234499e-02,4.116394836949064939e-01,-1.610685718649782050e+00
9.087999999999999545e+01,-4.303069656452888914e-02,3.682501489671544670e-01,-1.613289648346693861e+00,-4.857505573021208417e-02,3.716712745855236810e-01,-1.610685717446512788e+00
9.107999999999999829e+01,-4.473841364401179299e-02,3.280864383683574914e-01,-1.613289646180533943e+00,-5.017020851998441749e-02,3.317030844472375617e-01,-1.610685715291129361e+00
9.128000000000000114e+01,-4.584261195339449368e-02,2.920591764838369464e-01,-1.614685644051720104e+00,-5.176536138460736264e-02,2.917348960185901507e-01,-1.610685713172906208e+00
9.148000000000000398e+01,-4.746953606822294780e-02,2.529325452880582525e-01,-1.615034641299612161e+00,-5.336051413709873292e-02,2.517667165723579403e-01,-1.610685710434491158e+00
9.168000000000000682e+01,-4.924733769335690181e-02,2.127718730880771014e-01,-1.615034639466753852e+00,-5.495566706682346314e-02,2.117985407114593710e-01,-1.610685708610751554e+00
9.187999999999999545e+01,-5.141498821007302322e-02,1.726281175931591860e-01,-1.613289636197504873e+00,-5.655081749224893234e-02,1.718303677780763372e-01,-1.610685705357767672e+00
9.207999999999999829e+01,-5.175653340974363525e-02,1.645953755798980900e-01,-1.613289636010613259e+00,-5.686984850379030176e-02,1.638367366370923339e-01,-1.610685705171805981e+00
9.228000000000000114e+01,-5.175653340974363525e-02,1.645953755798980900e-01,-1.613289636010613259e+00,-5.686984850379030176e-02,1.638367366370923339e-01,-1.610685705171805981e+00
9.248000000000000398e+01,-5.175653340974363525e-02,1.645953755798980900e-01,-1.613289636010613259e+00,-5.686984850379030176e-02,1.638367366370923339e-01,-1.610685705171805981e+00
9.268000000000000682e+01,-5.175653340974363525e-02,1.645953755798980900e-01,-1.613289636010613259e+00,-5.686984850379030176e-02,1.638367366370923339e-01,-1.610685705171805981e+00
9.287999999999999545e+01,-5.175653340974363525e-02,1.645953755798980900e-01,-1.613289636010613259e+00,-5.686984850379030176e-02,1.638367366370923339e-01,-1.610685705171805981e+00
9.307999999999999829e+01,-5.175653340974363525e-02,1.645953755798980900e-01,-1.613289636010613259e+00,-5.686984850379030176e-02,1.638367366370923339e-01,-1.610685705171805981e+00
9.328000000000000114e+01,-5.175653340974363525e-02,1.645953755798980900e-01,-1.613289636010613259e+00,-5.686984850379030176e-02,1.638367366370923339e-01,-1.610685705171805981e+00
9.348000000000000398e+01,-5.175653340974363525e-02,1.645953755798980900e-01,-1.613289636010613259e+00,-5.686984850379030176e-02,1.638367366370923339e-01,-1.610685705171805981e+00
9.368000000000000682e+01,-5.175653340974363525e-02,1.645953755798980900e-01,-1.613289636010613259e+00,-5.686984850379030176e-02,1.638367366370923339e-01,-1.610685705171805981e+00
9.387999999999999545e+01,-5.175653340974363525e-02,1.645953755798980900e-01,-1.613289636010613259e+00,-5.686984850379030176e-02,1.638367366370923339e-01,-1.610685705171805981e+00
9.407999999999999829e+01,-5.175653340974363525e-02,1.645953755798980900e-01,-1.613289636010613259e+00,-5.686984850379030176e-02,1.638367366370923339e-01,-1.610685705171805981e+00
9.428000000000000114e+01,-5.175653340974363525e-02,1.645953755798980900e-01,-1.613289636010613259e+00,-5.686984850379030176e-02,1.638367366370923339e-01,-1.610685705171805981e+00
9.448000000000000398e+01,-5.175653340974363525e-02,1.645953755798980900e-01,-1.613289636010613259e+00,-5.686984850379030176e-02,1.638367366370923339e-01,-1.610685705171805981e+00
9.468000000000000682e+01,-5.175653340974363525e-02,1.645953755798980900e-01,-1.613289636010613259e+00,-5.686984850379030176e-02,1.638367366370923339e-01,-1.610685705171805981e+00
9.487999999999999545e+01,-5.175653340974363525e-02,1.645953755798980900e-01,-1.613289636010613259e+00,-5.686984850379030176e-02,1.638367366370923339e-01,-1.610685705171805981e+00
9.507999999999999829e+01,-5.175653340974363525e-02,1.645953755798980900e-01,-1.613289636010613259e+00,-5.686984850379030176e-02,1.638367366370923339e-01,-1.610685705171805981e+00
9.528000000000000114e+01,-5.175653340974363525e-02,1.645953755798980900e-01,-1.613289636010613259e+00,-5.686984850379030176e-02,1.638367366370923339e-01,-1.610685705171805981e+00
9.548000000000000398e+01,-5.175653340974363525e-02,1.645953755798980900e-01,-1.613289636010613259e+00,-5.686984850379030176e-02,1.638367366370923339e-01,-1.610685705171805981e+00
9.568000000000000682e+01,-5.175653340974363525e-02,1.645953755798980900e-01,-1.613289636010613259e+00,-5.686984850379030176e-02,1.638367366370923339e-01,-1.610685705171805981e+00
9.587999999999999545e+01,-5.175653340974363525e-02,1.645953755798980900e-01,-1.613289636010613259e+00,-5.686984850379030176e-02,1.638367366370923339e-01,-1.610685705171805981e+00
9.607999999999999829e+01,-5.175653340974363525e-02,1.645953755798980900e-01,-1.613289636010613259e+00,-5.686984850379030176e-02,1.638367366370923339e-01,-1.610685705171805981e+00
9.628000000000000114e+01,-5.175653340974363525e-02,1.645953755798980900e-01,-1.613289636010613259e+00,-5.686984850379030176e-02,1.638367366370923339e-01,-1.610685705171805981e+00
9.648000000000000398e+01,-5.175653340974363525e-02,1.645953755798980900e-01,-1.613289636010613259e+00,-5.686984850379030176e-02,1.638367366370923339e-01,-1.610685705171805981e+00
9.668000000000000682e+01,-5.175653340974363525e-02,1.645953755798980900e-01,-1.613289636010613259e+00,-5.686984850379030176e-02,1.638367366370923339e-01,-1.610685705171805981e+00
9.687999999999999545e+01,-5.175653340974363525e-02,1.645953755798980900e-01,-1.613289636010613259e+00,-5.686984850379030176e-02,1.638367366370923339e-01,-1.610685705171805981e+00
9.707999999999999829e+01,-5.175653340974363525e-02,1.645953755798980900e-01,-1.613289636010613259e+00,-5.686984850379030176e-02,1.638367366370923339e-01,-1.610685705171805981e+00
9.728000000000000114e+01,-5.175653340974363525e-02,1.645953755798980900e-01,-1.613289636010613259e+00,-5.686984850379030176e-02,1.638367366370923339e-01,-1.610685705171805981e+00
9.748000000000000398e+01,-5.175653340974363525e-02,1.645953755798980900e-01,-1.613289636010613259e+00,-5.686984850379030176e-02,1.638367366370923339e-01,-1.610685705171805981e+00
9.768000000000000682e+01,-5.175653340974363525e-02,1.645953755798980900e-01,-1.613289636010613259e+00,-5.686984850379030176e-02,1.638367366370923339e-01,-1.610685705171805981e+00
9.787999999999999545e+01,-5.175653340974363525e-02,1.645953755798980900e-01,-1.613289636010613259e+00,-5.686984850379030176e-02,1.638367366370923339e-01,-1.610685705171805981e+00
9.807999999999999829e+01,-5.175653340974363525e-02,1.645953755798980900e-01,-1.613289636010613259e+00,-5.686984850379030176e-02,1.638367366370923339e-01,-1.610685705171805981e+00
9.828000000000000114e+01,-5.175653340974363525e-02,1.645953755798980900e-01,-1.613289636010613259e+00,-5.686984850379030176e-02,1.638367366370923339e-01,-1.610685705171805981e+00
9.848000000000000398e+01,-5.175653340974363525e-02,1.645953755798980900e-01,-1.613289636010613259e+00,-5.686984850379030176e-02,1.638367366370923339e-01,-1.610685705171805981e+00
9.868000000000000682e+01,-5.175653340974363525e-02,1.645953755798980900e-01,-1.613289636010613259e+00,-5.686984850379030176e-02,1.638367366370923339e-01,-1.610685705171805981e+00
9.887999999999999545e+01,-5.175653340974363525e-02,1.645953755798980900e-01,-1.613289636010613259e+00,-5.686984850379030176e-02,1.638367366370923339e-01,-1.610685705171805981e+00
9.907999999999999829e+01,-5.175653340974363525e-02,1.645953755798980900e-01,-1.613289636010613259e+00,-5.686984850379030176e-02,1.638367366370923339e-01,-1.610685705171805981e+00
9.928000000000000114e+01,-5.175653340974363525e-02,1.645953755798980900e-01,-1.613289636010613259e+00,-5.686984850379030176e-02,1.638367366370923339e-01,-1.610685705171805981e+00
9.948000000000000398e+01,-5.175653340974363525e-02,1.645953755798980900e-01,-1.613289636010613259e+00,-5.686984850379030176e-02,1.638367366370923339e-01,-1.610685705171805981e+00
9.968000000000000682e+01,-5.175653340974363525e-02,1.645953755798980900e-01,-1.613289636010613259e+00,-5.686984850379030176e-02,1.638367366370923339e-01,-1.610685705171805981e+00
9.987999999999999545e+01,-5.175653340974363525e-02,1.645953755798980900e-01,-1.613289636010613259e+00,-5.686984850379030176e-02,1.638367366370923339e-01,-1.610685705171805981e+00
1.000799999999999983e+02,-5.175653340974363525e-02,1.645953755798980900e-01,-1.613289636010613259e+00,-5.686984850379030176e-02,1.638367366370923339e-01,-1.610685705171805981e+00
1.002800000000000011e+02,-5.175653340974363525e-02,1.645953755798980900e-01,-1.613289636010613259e+00,-5.686984850379030176e-02,1.638367366370923339e-01,-1.610685705171805981e+00
1.004800000000000040e+02,-5.175653340974363525e-02,1.645953755798980900e-01,-1.613289636010613259e+00,-5.686984850379030176e-02,1.638367366370923339e-01,-1.610685705171805981e+00
1.006800000000000068e+02,-5.175653340974363525e-02,1.645953755798980900e-01,-1.613289636010613259e+00,-5.686984850379030176e-02,1.638367366370923339e-01,-1.610685705171805981e+00
1.008799999999999955e+02,-5.175653340974363525e-02,1.645953755798980900e-01,-1.613289636010613259e+00,-5.686984850379030176e-02,1.638367366370923339e-01,-1.610685705171805981e+00
1.010799999999999983e+02,-5.175653340974363525e-02,1.645953755798980900e-01,-1.613289636010613259e+00,-5.686984850379030176e-02,1.638367366370923339e-01,-1.610685705171805981e+00
1.012800000000000011e+02,-5.175653340974363525e-02,1.645953755798980900e-01,-1.613289636010613259e+00,-5.686984850379030176e-02,1.638367366370923339e-01,-1.610685705171805981e+00
1.014800000000000040e+02,-5.175653340974363525e-02,1.645953755798980900e-01,-1.613289636010613259e+00,-5.686984850379030176e-02,1.638367366370923339e-01,-1.610685705171805981e+00
1.016800000000000068e+02,-5.175653340974363525e-02,1.645953755798980900e-01,-1.613289636010613259e+00,-5.686984850379030176e-02,1.638367366370923339e-01,-1.610685705171805981e+00
1.018799999999999955e+02,-5.175653340974363525e-02,1.645953755798980900e-01,-1.613289636010613259e+00,-5.686984850379030176e-02,1.638367366370923339e-01,-1.610685705171805981e+00
1.020799999999999983e+02,-5.175653340974363525e-02,1.645953755798980900e-01,-1.613289636010613259e+00,-5.686984850379030176e-02,1.638367366370923339e-01,-1.610685705171805981e+00
1.022800000000000011e+02,-5.175653340974363525e-02,1.645953755798980900e-01,-1.613289636010613259e+00,-5.686984850379030176e-02,1.638367366370923339e-01,-1.610685705171805981e+00
1.024800000000000040e+02,-5.175653340974363525e-02,1.645953755798980900e-01,-1.613289636010613259e+00,-5.686984850379030176e-02,1.638367366370923339e-01,-1.610685705171805981e+00
1.026800000000000068e+02,-5.175653340974363525e-02,1.645953755798980900e-01,-1.613289636010613259e+00,-5.686984850379030176e-02,1.638367366370923339e-01,-1.610685705171805981e+00
1.028799999999999955e+02,-5.175653340974363525e-02,1.645953755798980900e-01,-1.613289636010613259e+00,-5.686984850379030176e-02,1.638367366370923339e-01,-1.610685705171805981e+00
1.030799999999999983e+02,-5.175653340974363525e-02,1.645953755798980900e-01,-1.613289636010613259e+00,-5.686984850379030176e-02,1.638367366370923339e-01,-1.610685705171805981e+00
1.032800000000000011e+02,-5.175653340974363525e-02,1.645953755798980900e-01,-1.613289636010613259e+00,-5.686984850379030176e-02,1.638367366370923339e-01,-1.610685705171805981e+00
1.034800000000000040e+02,-5.175653340974363525e-02,1.645953755798980900e-01,-1.613289636010613259e+00,-5.686984850379030176e-02,1.638367366370923339e-01,-1.610685705171805981e+00
1.036800000000000068e+02,-5.175653340974363525e-02,1.645953755798980900e-01,-1.613289636010613259e+00,-5.686984850379030176e-02,1.638367366370923339e-01,-1.610685705171805981e+00
1.038799999999999955e+02,-5.175653340974363525e-02,1.645953755798980900e-01,-1.613289636010613259e+00,-5.686984850379030176e-02,1.638367366370923339e-01,-1.610685705171805981e+00
1.040799999999999983e+02,-5.175653340974363525e-02,1.645953755798980900e-01,-1.613289636010613259e+00,-5.686984850379030176e-02,1.638367366370923339e-01,-1.610685705171805981e+00
1.042800000000000011e+02,-5.175653340974363525e-02,1.645953755798980900e-01,-1.613289636010613259e+00,-5.686984850379030176e-02,1.638367366370923339e-01,-1.610685705171805981e+00
1.044800000000000040e+02,-5.175653340974363525e-02,1.645953755798980900e-01,-1.613289636010613259e+00,-5.686984850379030176e-02,1.638367366370923339e-01,-1.610685705171805981e+00
1.046800000000000068e+02,-5.175653340974363525e-02,1.645953755798980900e-01,-1.613289636010613259e+00,-5.686984850379030176e-02,1.638367366370923339e-01,-1.610685705171805981e+00
1.048799999999999955e+02,-5.175653340974363525e-02,1.645953755798980900e-01,-1.613289636010613259e+00,-5.686984850379030176e-02,1.638367366370923339e-01,-1.610685705171805981e+00
1.050799999999999983e+02,-5.175653340974363525e-02,1.645953755798980900e-01,-1.613289636010613259e+00,-5.686984850379030176e-02,1.638367366370923339e-01,-1.610685705171805981e+00
1.052800000000000011e+02,-5.175653340974363525e-02,1.645953755798980900e-01,-1.613289636010613259e+00,-5.686984850379030176e-02,1.638367366370923339e-01,-1.610685705171805981e+00
1.054800000000000040e+02,-5.175653340974363525e-02,1.645953755798980900e-01,-1.613289636010613259e+00,-5.686984850379030176e-02,1.638367366370923339e-01,-1.610685705171805981e+00
1.056800000000000068e+02,-5.175653340974363525e-02,1.645953755798980900e-01,-1.613289636010613259e+00,-5.686984850379030176e-02,1.638367366370923339e-01,-1.610685705171805981e+00
1.058799999999999955e+02,-5.175653340974363525e-02,1.645953755798980900e-01,-1.613289636010613259e+00,-5.686984850379030176e-02,1.638367366370923339e-01,-1.610685705171805981e+00
1.060799999999999983e+02,-5.175653340974363525e-02,1.645953755798980900e-01,-1.613289636010613259e+00,-5.686984850379030176e-02,1.638367366370923339e-01,-1.610685705171805981e+00
1.062800000000000011e+02,-5.175653340974363525e-02,1.645953755798980900e-01,-1.613289636010613259e+00,-5.686984850379030176e-02,1.638367366370923339e-01,-1.610685705171805981e+00
1.064800000000000040e+02,-5.175653340974363525e-02,1.645953755798980900e-01,-1.613289636010613259e+00,-5.686984850379030176e-02,1.638367366370923339e-01,-1.610685705171805981e+00
1.066800000000000068e+02,-5.175653340974363525e-02,1.645953755798980900e-01,-1.613289636010613259e+00,-5.686984850379030176e-02,1.638367366370923339e-01,-1.610685705171805981e+00
1.068799999999999955e+02,-5.175653340974363525e-02,1.645953755798980900e-01,-1.613289636010613259e+00,-5.686984850379030176e-02,1.638367366370923339e-01,-1.610685705171805981e+00
1.070799999999999983e+02,-5.175653340974363525e-02,1.645953755798980900e-01,-1.613289636010613259e+00,-5.686984850379030176e-02,1.638367366370923339e-01,-1.610685705171805981e+00
1.072800000000000011e+02,-5.175653340974363525e-02,1.645953755798980900e-01,-1.613289636010613259e+00,-5.686984850379030176e-02,1.638367366370923339e-01,-1.610685705171805981e+00
1.075000000000000000e+02,-5.175653340974363525e-02,1.645953755798980900e-01,-1.613289636010613259e+00,-5.686984850379030176e-02,1.638367366370923339e-01,-1.610685705171805981e+00
1.076800000000000068e+02,-5.175653340974363525e-02,1.645953755798980900e-01,-1.613289636010613259e+00,-5.686984850379030176e-02,1.638367366370923339e-01,-1.610685705171805981e+00
1.078799999999999955e+02,-5.175653340974363525e-02,1.645953755798980900e-01,-1.613289636010613259e+00,-5.686984850379030176e-02,1.638367366370923339e-01,-1.610685705171805981e+00
1.080799999999999983e+02,-5.175653340974363525e-02,1.645953755798980900e-01,-1.613289636010613259e+00,-5.686984850379030176e-02,1.638367366370923339e-01,-1.610685705171805981e+00
1.082999999999999972e+02,-5.175653340974363525e-02,1.645953755798980900e-01,-1.613289636010613259e+00,-5.686984850379030176e-02,1.638367366370923339e-01,-1.610685705171805981e+00
1.084800000000000040e+02,-5.175653340974363525e-02,1.645953755798980900e-01,-1.613289636010613259e+00,-5.686984850379030176e-02,1.638367366370923339e-01,-1.610685705171805981e+00
1.086800000000000068e+02,-5.175653340974363525e-02,1.645953755798980900e-01,-1.613289636010613259e+00,-5.686984850379030176e-02,1.638367366370923339e-01,-1.610685705171805981e+00
1.088799999999999955e+02,-5.175653340974363525e-02,1.645953755798980900e-01,-1.613289636010613259e+00,-5.686984850379030176e-02,1.638367366370923339e-01,-1.610685705171805981e+00
1.090799999999999983e+02,-5.175653340974363525e-02,1.645953755798980900e-01,-1.613289636010613259e+00,-5.686984850379030176e-02,1.638367366370923339e-01,-1.610685705171805981e+00
1.092800000000000011e+02,-5.175653340974363525e-02,1.645953755798980900e-01,-1.613289636010613259e+00,-5.686984850379030176e-02,1.638367366370923339e-01,-1.610685705171805981e+00
1.094800000000000040e+02,-5.175653340974363525e-02,1.645953755798980900e-01,-1.613289636010613259e+00,-5.686984850379030176e-02,1.638367366370923339e-01,-1.610685705171805981e+00
1.096800000000000068e+02,-5.175653340974363525e-02,1.645953755798980900e-01,-1.613289636010613259e+00,-5.686984850379030176e-02,1.638367366370923339e-01,-1.610685705171805981e+00
1.098799999999999955e+02,-5.175653340974363525e-02,1.645953755798980900e-01,-1.613289636010613259e+00,-5.686984850379030176e-02,1.638367366370923339e-01,-1.610685705171805981e+00
1.100799999999999983e+02,-5.175653340974363525e-02,1.645953755798980900e-01,-1.613289636010613259e+00,-5.686984850379030176e-02,1.638367366370923339e-01,-1.610685705171805981e+00
1.102800000000000011e+02,-5.175653340974363525e-02,1.645953755798980900e-01,-1.613289636010613259e+00,-5.686984850379030176e-02,1.638367366370923339e-01,-1.610685705171805981e+00
1.104800000000000040e+02,-5.175653340974363525e-02,1.645953755798980900e-01,-1.613289636010613259e+00,-5.686984850379030176e-02,1.638367366370923339e-01,-1.610685705171805981e+00
1.107000000000000028e+02,-5.175653340974363525e-02,1.645953755798980900e-01,-1.613289636010613259e+00,-5.686984850379030176e-02,1.638367366370923339e-01,-1.610685705171805981e+00
1.108799999999999955e+02,-5.175653340974363525e-02,1.645953755798980900e-01,-1.613289636010613259e+00,-5.686984850379030176e-02,1.638367366370923339e-01,-1.610685705171805981e+00
1.110799999999999983e+02,-5.175653340974363525e-02,1.645953755798980900e-01,-1.613289636010613259e+00,-5.686984850379030176e-02,1.638367366370923339e-01,-1.610685705171805981e+00
1.112800000000000011e+02,-5.175653340974363525e-02,1.645953755798980900e-01,-1.613289636010613259e+00,-5.686984850379030176e-02,1.638367366370923339e-01,-1.610685705171805981e+00
1.114800000000000040e+02,-5.175653340974363525e-02,1.645953755798980900e-01,-1.613289636010613259e+00,-5.686984850379030176e-02,1.638367366370923339e-01,-1.610685705171805981e+00
1.116800000000000068e+02,-5.175653340974363525e-02,1.645953755798980900e-01,-1.613289636010613259e+00,-5.686984850379030176e-02,1.638367366370923339e-01,-1.610685705171805981e+00
1.118799999999999955e+02,-5.175653340974363525e-02,1.645953755798980900e-01,-1.613289636010613259e+00,-5.686984850379030176e-02,1.638367366370923339e-01,-1.610685705171805981e+00
1.120799999999999983e+02,-5.175653340974363525e-02,1.645953755798980900e-01,-1.613289636010613259e+00,-5.686984850379030176e-02,1.638367366370923339e-01,-1.610685705171805981e+00
1.122800000000000011e+02,-5.175653340974363525e-02,1.645953755798980900e-01,-1.613289636010613259e+00,-5.686984850379030176e-02,1.638367366370923339e-01,-1.610685705171805981e+00
1.124800000000000040e+02,-5.175653340974363525e-02,1.645953755798980900e-01,-1.613289636010613259e+00,-5.686984850379030176e-02,1.638367366370923339e-01,-1.610685705171805981e+00
1.126800000000000068e+02,-5.175653340974363525e-02,1.645953755798980900e-01,-1.613289636010613259e+00,-5.686984850379030176e-02,1.638367366370923339e-01,-1.610685705171805981e+00
1.128799999999999955e+02,-5.175653340974363525e-02,1.645953755798980900e-01,-1.613289636010613259e+00,-5.686984850379030176e-02,1.638367366370923339e-01,-1.610685705171805981e+00
1.130799999999999983e+02,-5.175653340974363525e-02,1.645953755798980900e-01,-1.613289636010613259e+00,-5.686984850379030176e-02,1.638367366370923339e-01,-1.610685705171805981e+00
1.132800000000000011e+02,-5.175653340974363525e-02,1.645953755798980900e-01,-1.613289636010613259e+00,-5.686984850379030176e-02,1.638367366370923339e-01,-1.610685705171805981e+00
1.134800000000000040e+02,-5.175653340974363525e-02,1.645953755798980900e-01,-1.613289636010613259e+00,-5.686984850379030176e-02,1.638367366370923339e-01,-1.610685705171805981e+00
1.136800000000000068e+02,-5.175653340974363525e-02,1.645953755798980900e-01,-1.613289636010613259e+00,-5.686984850379030176e-02,1.638367366370923339e-01,-1.610685705171805981e+00
1.138799999999999955e+02,-5.175653340974363525e-02,1.645953755798980900e-01,-1.613289636010613259e+00,-5.686984850379030176e-02,1.638367366370923339e-01,-1.610685705171805981e+00
1.140799999999999983e+02,-5.175653340974363525e-02,1.645953755798980900e-01,-1.613289636010613259e+00,-5.686984850379030176e-02,1.638367366370923339e-01,-1.610685705171805981e+00
1.142800000000000011e+02,-5.175653340974363525e-02,1.645953755798980900e-01,-1.613289636010613259e+00,-5.686984850379030176e-02,1.638367366370923339e-01,-1.610685705171805981e+00
1.144800000000000040e+02,-5.175653340974363525e-02,1.645953755798980900e-01,-1.613289636010613259e+00,-5.686984850379030176e-02,1.638367366370923339e-01,-1.610685705171805981e+00
1.146800000000000068e+02,-5.175653340974363525e-02,1.645953755798980900e-01,-1.613289636010613259e+00,-5.686984850379030176e-02,1.638367366370923339e-01,-1.610685705171805981e+00
1.149000000000000057e+02,-5.175653340974363525e-02,1.645953755798980900e-01,-1.613289636010613259e+00,-5.686984850379030176e-02,1.638367366370923339e-01,-1.610685705171805981e+00
1.150999999999999943e+02,-5.175653340974363525e-02,1.645953755798980900e-01,-1.613289636010613259e+00,-5.686984850379030176e-02,1.638367366370923339e-01,-1.610685705171805981e+00
1.152800000000000011e+02,-5.175653340974363525e-02,1.645953755798980900e-01,-1.613289636010613259e+00,-5.686984850379030176e-02,1.638367366370923339e-01,-1.610685705171805981e+00
1.154800000000000040e+02,-5.175653340974363525e-02,1.645953755798980900e-01,-1.613289636010613259e+00,-5.686984850379030176e-02,1.638367366370923339e-01,-1.610685705171805981e+00
1.156800000000000068e+02,-5.175653340974363525e-02,1.645953755798980900e-01,-1.613289636010613259e+00,-5.686984850379030176e-02,1.638367366370923339e-01,-1.610685705171805981e+00
1.158799999999999955e+02,-5.175653340974363525e-02,1.645953755798980900e-01,-1.613289636010613259e+00,-5.686984850379030176e-02,1.638367366370923339e-01,-1.610685705171805981e+00
1.160799999999999983e+02,-5.175653340974363525e-02,1.645953755798980900e-01,-1.613289636010613259e+00,-5.686984850379030176e-02,1.638367366370923339e-01,-1.610685705171805981e+00
1.162800000000000011e+02,-5.175653340974363525e-02,1.645953755798980900e-01,-1.613289636010613259e+00,-5.686984850379030176e-02,1.638367366370923339e-01,-1.610685705171805981e+00
1.164800000000000040e+02,-5.175653340974363525e-02,1.645953755798980900e-01,-1.613289636010613259e+00,-5.686984850379030176e-02,1.638367366370923339e-01,-1.610685705171805981e+00
1.167000000000000028e+02,-5.175653340974363525e-02,1.645953755798980900e-01,-1.613289636010613259e+00,-5.686984850379030176e-02,1.638367366370923339e-01,-1.610685705171805981e+00
1.168799999999999955e+02,-5.175653340974363525e-02,1.645953755798980900e-01,-1.613289636010613259e+00,-5.686984850379030176e-02,1.638367366370923339e-01,-1.610685705171805981e+00
1.170799999999999983e+02,-5.175653340974363525e-02,1.645953755798980900e-01,-1.613289636010613259e+00,-5.686984850379030176e-02,1.638367366370923339e-01,-1.610685705171805981e+00
1.172800000000000011e+02,-5.175653340974363525e-02,1.645953755798980900e-01,-1.613289636010613259e+00,-5.686984850379030176e-02,1.638367366370923339e-01,-1.610685705171805981e+00
1.174800000000000040e+02,-5.175653340974363525e-02,1.645953755798980900e-01,-1.613289636010613259e+00,-5.686984850379030176e-02,1.638367366370923339e-01,-1.610685705171805981e+00
1.176800000000000068e+02,-5.175653340974363525e-02,1.645953755798980900e-01,-1.613289636010613259e+00,-5.686984850379030176e-02,1.638367366370923339e-01,-1.610685705171805981e+00
1.178799999999999955e+02,-5.175653340974363525e-02,1.645953755798980900e-01,-1.613289636010613259e+00,-5.686984850379030176e-02,1.638367366370923339e-01,-1.610685705171805981e+00
1.180799999999999983e+02,-5.175653340974363525e-02,1.645953755798980900e-01,-1.613289636010613259e+00,-5.686984850379030176e-02,1.638367366370923339e-01,-1.610685705171805981e+00
1.182800000000000011e+02,-5.175653340974363525e-02,1.645953755798980900e-01,-1.613289636010613259e+00,-5.686984850379030176e-02,1.638367366370923339e-01,-1.610685705171805981e+00
1.184800000000000040e+02,-5.175653340974363525e-02,1.645953755798980900e-01,-1.613289636010613259e+00,-5.686984850379030176e-02,1.638367366370923339e-01,-1.610685705171805981e+00
