# time,x,y,yaw
2.000000000000000042e-02,0.000000000000000000e+00,0.000000000000000000e+00,0.000000000000000000e+00
4.000000000000000083e-02,0.000000000000000000e+00,0.000000000000000000e+00,0.000000000000000000e+00
6.000000000000000472e-02,0.000000000000000000e+00,0.000000000000000000e+00,0.000000000000000000e+00
8.000000000000000167e-02,0.000000000000000000e+00,0.000000000000000000e+00,0.000000000000000000e+00
1.000000000000000056e-01,0.000000000000000000e+00,0.000000000000000000e+00,0.000000000000000000e+00
1.200000000000000094e-01,0.000000000000000000e+00,0.000000000000000000e+00,0.000000000000000000e+00
1.400000000000000133e-01,0.000000000000000000e+00,0.000000000000000000e+00,0.000000000000000000e+00
1.600000000000000033e-01,0.000000000000000000e+00,0.000000000000000000e+00,0.000000000000000000e+00
1.800000000000000211e-01,0.000000000000000000e+00,0.000000000000000000e+00,0.000000000000000000e+00
2.000000000000000111e-01,0.000000000000000000e+00,0.000000000000000000e+00,0.000000000000000000e+00
2.200000000000000011e-01,0.000000000000000000e+00,0.000000000000000000e+00,0.000000000000000000e+00
2.400000000000000189e-01,0.000000000000000000e+00,0.000000000000000000e+00,0.000000000000000000e+00
2.600000000000000089e-01,0.000000000000000000e+00,0.000000000000000000e+00,0.000000000000000000e+00
2.800000000000000266e-01,0.000000000000000000e+00,0.000000000000000000e+00,0.000000000000000000e+00
3.000000000000000444e-01,0.000000000000000000e+00,0.000000000000000000e+00,0.000000000000000000e+00
3.200000000000000067e-01,0.000000000000000000e+00,0.000000000000000000e+00,0.000000000000000000e+00
3.400000000000000244e-01,0.000000000000000000e+00,0.000000000000000000e+00,0.000000000000000000e+00
3.600000000000000422e-01,0.000000000000000000e+00,0.000000000000000000e+00,0.000000000000000000e+00
3.800000000000000044e-01,0.000000000000000000e+00,0.000000000000000000e+00,0.000000000000000000e+00
4.000000000000000222e-01,0.000000000000000000e+00,0.000000000000000000e+00,0.000000000000000000e+00
4.200000000000000400e-01,0.000000000000000000e+00,0.000000000000000000e+00,0.000000000000000000e+00
4.400000000000000022e-01,0.000000000000000000e+00,0.000000000000000000e+00,0.000000000000000000e+00
4.600000000000000200e-01,0.000000000000000000e+00,0.000000000000000000e+00,0.000000000000000000e+00
4.800000000000000377e-01,0.000000000000000000e+00,0.000000000000000000e+00,0.000000000000000000e+00
5.000000000000000000e-01,0.000000000000000000e+00,0.000000000000000000e+00,0.000000000000000000e+00
5.200000000000000178e-01,0.000000000000000000e+00,0.000000000000000000e+00,0.000000000000000000e+00
5.400000000000000355e-01,0.000000000000000000e+00,0.000000000000000000e+00,0.000000000000000000e+00
5.600000000000000533e-01,0.000000000000000000e+00,0.000000000000000000e+00,0.000000000000000000e+00
5.800000000000000711e-01,0.000000000000000000e+00,0.000000000000000000e+00,0.000000000000000000e+00
6.000000000000000888e-01,0.000000000000000000e+00,0.000000000000000000e+00,0.000000000000000000e+00
6.199999999999999956e-01,0.000000000000000000e+00,0.000000000000000000e+00,0.000000000000000000e+00
6.400000000000000133e-01,0.000000000000000000e+00,0.000000000000000000e+00,0.000000000000000000e+00
6.600000000000000311e-01,0.000000000000000000e+00,0.000000000000000000e+00,0.000000000000000000e+00
6.800000000000000488e-01,0.000000000000000000e+00,0.000000000000000000e+00,0.000000000000000000e+00
7.000000000000000666e-01,0.000000000000000000e+00,0.000000000000000000e+00,0.000000000000000000e+00
7.200000000000000844e-01,0.000000000000000000e+00,0.000000000000000000e+00,0.000000000000000000e+00
7.399999999999999911e-01,0.000000000000000000e+00,0.000000000000000000e+00,0.000000000000000000e+00
7.600000000000000089e-01,0.000000000000000000e+00,0.000000000000000000e+00,0.000000000000000000e+00
7.800000000000000266e-01,0.000000000000000000e+00,0.000000000000000000e+00,0.000000000000000000e+00
8.000000000000000444e-01,0.000000000000000000e+00,0.000000000000000000e+00,0.000000000000000000e+00
8.200000000000000622e-01,0.000000000000000000e+00,0.000000000000000000e+00,0.000000000000000000e+00
8.400000000000000799e-01,0.000000000000000000e+00,0.000000000000000000e+00,0.000000000000000000e+00
8.600000000000000977e-01,0.000000000000000000e+00,0.000000000000000000e+00,0.000000000000000000e+00
8.800000000000000044e-01,0.000000000000000000e+00,0.000000000000000000e+00,0.000000000000000000e+00
9.000000000000000222e-01,0.000000000000000000e+00,0.000000000000000000e+00,0.000000000000000000e+00
9.200000000000000400e-01,0.000000000000000000e+00,0.000000000000000000e+00,0.000000000000000000e+00
9.400000000000000577e-01,0.000000000000000000e+00,0.000000000000000000e+00,0.000000000000000000e+00
9.600000000000000755e-01,0.000000000000000000e+00,0.000000000000000000e+00,0.000000000000000000e+00
9.800000000000000933e-01,0.000000000000000000e+00,0.000000000000000000e+00,0.000000000000000000e+00
1.000000000000000000e+00,0.000000000000000000e+00,0.000000000000000000e+00,0.000000000000000000e+00
1.020000000000000018e+00,0.000000000000000000e+00,0.000000000000000000e+00,0.000000000000000000e+00
1.040000000000000036e+00,0.000000000000000000e+00,0.000000000000000000e+00,0.000000000000000000e+00
1.060000000000000053e+00,0.000000000000000000e+00,0.000000000000000000e+00,0.000000000000000000e+00
1.080000000000000071e+00,0.000000000000000000e+00,0.000000000000000000e+00,0.000000000000000000e+00
1.100000000000000089e+00,0.000000000000000000e+00,0.000000000000000000e+00,0.000000000000000000e+00
1.120000000000000107e+00,0.000000000000000000e+00,0.000000000000000000e+00,0.000000000000000000e+00
1.140000000000000124e+00,0.000000000000000000e+00,0.000000000000000000e+00,0.000000000000000000e+00
1.159999999999999920e+00,0.000000000000000000e+00,0.000000000000000000e+00,0.000000000000000000e+00
1.179999999999999938e+00,0.000000000000000000e+00,0.000000000000000000e+00,0.000000000000000000e+00
1.199999999999999956e+00,0.000000000000000000e+00,0.000000000000000000e+00,0.000000000000000000e+00
1.219999999999999973e+00,0.000000000000000000e+00,0.000000000000000000e+00,0.000000000000000000e+00
1.239999999999999991e+00,0.000000000000000000e+00,0.000000000000000000e+00,0.000000000000000000e+00
1.260000000000000009e+00,0.000000000000000000e+00,0.000000000000000000e+00,0.000000000000000000e+00
1.280000000000000027e+00,0.000000000000000000e+00,0.000000000000000000e+00,0.000000000000000000e+00
1.300000000000000044e+00,0.000000000000000000e+00,0.000000000000000000e+00,0.000000000000000000e+00
1.320000000000000062e+00,0.000000000000000000e+00,0.000000000000000000e+00,0.000000000000000000e+00
1.340000000000000080e+00,0.000000000000000000e+00,0.000000000000000000e+00,0.000000000000000000e+00
1.360000000000000098e+00,0.000000000000000000e+00,0.000000000000000000e+00,0.000000000000000000e+00
1.379999999999999893e+00,0.000000000000000000e+00,0.000000000000000000e+00,0.000000000000000000e+00
1.399999999999999911e+00,0.000000000000000000e+00,0.000000000000000000e+00,0.000000000000000000e+00
1.419999999999999929e+00,0.000000000000000000e+00,0.000000000000000000e+00,0.000000000000000000e+00
1.439999999999999947e+00,0.000000000000000000e+00,0.000000000000000000e+00,0.000000000000000000e+00
1.459999999999999964e+00,0.000000000000000000e+00,0.000000000000000000e+00,0.000000000000000000e+00
1.479999999999999982e+00,0.000000000000000000e+00,0.000000000000000000e+00,0.000000000000000000e+00
1.500000000000000000e+00,0.000000000000000000e+00,0.000000000000000000e+00,0.000000000000000000e+00
1.520000000000000018e+00,0.000000000000000000e+00,0.000000000000000000e+00,0.000000000000000000e+00
1.540000000000000036e+00,0.000000000000000000e+00,0.000000000000000000e+00,0.000000000000000000e+00
1.560000000000000053e+00,0.000000000000000000e+00,0.000000000000000000e+00,0.000000000000000000e+00
1.580000000000000071e+00,0.000000000000000000e+00,0.000000000000000000e+00,0.000000000000000000e+00
1.600000000000000089e+00,0.000000000000000000e+00,0.000000000000000000e+00,0.000000000000000000e+00
1.620000000000000107e+00,0.000000000000000000e+00,0.000000000000000000e+00,0.000000000000000000e+00
1.640000000000000124e+00,0.000000000000000000e+00,0.000000000000000000e+00,0.000000000000000000e+00
1.660000000000000142e+00,0.000000000000000000e+00,0.000000000000000000e+00,0.000000000000000000e+00
1.680000000000000160e+00,0.000000000000000000e+00,0.000000000000000000e+00,0.000000000000000000e+00
1.700000000000000178e+00,0.000000000000000000e+00,0.000000000000000000e+00,0.000000000000000000e+00
1.720000000000000195e+00,0.000000000000000000e+00,0.000000000000000000e+00,0.000000000000000000e+00
1.739999999999999991e+00,0.000000000000000000e+00,0.000000000000000000e+00,0.000000000000000000e+00
1.760000000000000009e+00,0.000000000000000000e+00,0.000000000000000000e+00,0.000000000000000000e+00
1.780000000000000027e+00,0.000000000000000000e+00,0.000000000000000000e+00,0.000000000000000000e+00
1.800000000000000044e+00,0.000000000000000000e+00,0.000000000000000000e+00,0.000000000000000000e+00
1.820000000000000062e+00,0.000000000000000000e+00,0.000000000000000000e+00,0.000000000000000000e+00
1.840000000000000080e+00,0.000000000000000000e+00,0.000000000000000000e+00,0.000000000000000000e+00
1.860000000000000098e+00,0.000000000000000000e+00,0.000000000000000000e+00,0.000000000000000000e+00
1.879999999999999893e+00,0.000000000000000000e+00,0.000000000000000000e+00,0.000000000000000000e+00
1.899999999999999911e+00,0.000000000000000000e+00,0.000000000000000000e+00,0.000000000000000000e+00
1.919999999999999929e+00,0.000000000000000000e+00,0.000000000000000000e+00,0.000000000000000000e+00
1.939999999999999947e+00,0.000000000000000000e+00,0.000000000000000000e+00,0.000000000000000000e+00
1.959999999999999964e+00,0.000000000000000000e+00,0.000000000000000000e+00,0.000000000000000000e+00
1.979999999999999982e+00,0.000000000000000000e+00,0.000000000000000000e+00,0.000000000000000000e+00
2.000000000000000000e+00,0.000000000000000000e+00,0.000000000000000000e+00,0.000000000000000000e+00
2.020000000000000018e+00,0.000000000000000000e+00,0.000000000000000000e+00,0.000000000000000000e+00
2.040000000000000036e+00,0.000000000000000000e+00,0.000000000000000000e+00,0.000000000000000000e+00
2.060000000000000053e+00,0.000000000000000000e+00,0.000000000000000000e+00,0.000000000000000000e+00
2.080000000000000071e+00,0.000000000000000000e+00,0.000000000000000000e+00,0.000000000000000000e+00
2.100000000000000089e+00,0.000000000000000000e+00,0.000000000000000000e+00,0.000000000000000000e+00
2.120000000000000107e+00,0.000000000000000000e+00,0.000000000000000000e+00,0.000000000000000000e+00
2.140000000000000124e+00,0.000000000000000000e+00,0.000000000000000000e+00,0.000000000000000000e+00
2.160000000000000142e+00,0.000000000000000000e+00,0.000000000000000000e+00,0.000000000000000000e+00
2.180000000000000160e+00,0.000000000000000000e+00,0.000000000000000000e+00,0.000000000000000000e+00
2.200000000000000178e+00,0.000000000000000000e+00,0.000000000000000000e+00,0.000000000000000000e+00
2.220000000000000195e+00,0.000000000000000000e+00,0.000000000000000000e+00,0.000000000000000000e+00
2.240000000000000213e+00,0.000000000000000000e+00,0.000000000000000000e+00,0.000000000000000000e+00
2.259999999999999787e+00,0.000000000000000000e+00,0.000000000000000000e+00,0.000000000000000000e+00
2.280000000000000249e+00,0.000000000000000000e+00,0.000000000000000000e+00,0.000000000000000000e+00
2.299999999999999822e+00,0.000000000000000000e+00,0.000000000000000000e+00,0.000000000000000000e+00
2.319999999999999840e+00,0.000000000000000000e+00,0.000000000000000000e+00,0.000000000000000000e+00
2.339999999999999858e+00,0.000000000000000000e+00,0.000000000000000000e+00,0.000000000000000000e+00
2.359999999999999876e+00,0.000000000000000000e+00,0.000000000000000000e+00,0.000000000000000000e+00
2.379999999999999893e+00,0.000000000000000000e+00,0.000000000000000000e+00,0.000000000000000000e+00
2.399999999999999911e+00,0.000000000000000000e+00,0.000000000000000000e+00,0.000000000000000000e+00
2.419999999999999929e+00,0.000000000000000000e+00,0.000000000000000000e+00,0.000000000000000000e+00
2.439999999999999947e+00,0.000000000000000000e+00,0.000000000000000000e+00,0.000000000000000000e+00
2.459999999999999964e+00,0.000000000000000000e+00,0.000000000000000000e+00,0.000000000000000000e+00
2.479999999999999982e+00,0.000000000000000000e+00,0.000000000000000000e+00,0.000000000000000000e+00
2.500000000000000000e+00,0.000000000000000000e+00,0.000000000000000000e+00,0.000000000000000000e+00
2.520000000000000018e+00,0.000000000000000000e+00,0.000000000000000000e+00,0.000000000000000000e+00
2.540000000000000036e+00,0.000000000000000000e+00,0.000000000000000000e+00,0.000000000000000000e+00
2.560000000000000053e+00,0.000000000000000000e+00,0.000000000000000000e+00,0.000000000000000000e+00
2.580000000000000071e+00,0.000000000000000000e+00,0.000000000000000000e+00,0.000000000000000000e+00
2.600000000000000089e+00,0.000000000000000000e+00,0.000000000000000000e+00,0.000000000000000000e+00
2.620000000000000107e+00,0.000000000000000000e+00,0.000000000000000000e+00,0.000000000000000000e+00
2.640000000000000124e+00,0.000000000000000000e+00,0.000000000000000000e+00,0.000000000000000000e+00
2.660000000000000142e+00,0.000000000000000000e+00,0.000000000000000000e+00,0.000000000000000000e+00
2.680000000000000160e+00,0.000000000000000000e+00,0.000000000000000000e+00,0.000000000000000000e+00
2.700000000000000178e+00,0.000000000000000000e+00,0.000000000000000000e+00,0.000000000000000000e+00
2.720000000000000195e+00,0.000000000000000000e+00,0.000000000000000000e+00,0.000000000000000000e+00
2.740000000000000213e+00,0.000000000000000000e+00,0.000000000000000000e+00,0.000000000000000000e+00
2.759999999999999787e+00,0.000000000000000000e+00,0.000000000000000000e+00,0.000000000000000000e+00
2.780000000000000249e+00,0.000000000000000000e+00,0.000000000000000000e+00,0.000000000000000000e+00
2.799999999999999822e+00,0.000000000000000000e+00,0.000000000000000000e+00,0.000000000000000000e+00
2.820000000000000284e+00,0.000000000000000000e+00,0.000000000000000000e+00,0.000000000000000000e+00
2.839999999999999858e+00,0.000000000000000000e+00,0.000000000000000000e+00,0.000000000000000000e+00
2.860000000000000320e+00,0.000000000000000000e+00,0.000000000000000000e+00,0.000000000000000000e+00
2.879999999999999893e+00,0.000000000000000000e+00,0.000000000000000000e+00,0.000000000000000000e+00
2.899999999999999911e+00,0.000000000000000000e+00,0.000000000000000000e+00,0.000000000000000000e+00
2.919999999999999929e+00,0.000000000000000000e+00,0.000000000000000000e+00,0.000000000000000000e+00
2.939999999999999947e+00,0.000000000000000000e+00,0.000000000000000000e+00,0.000000000000000000e+00
2.959999999999999964e+00,0.000000000000000000e+00,0.000000000000000000e+00,0.000000000000000000e+00
2.979999999999999982e+00,0.000000000000000000e+00,0.000000000000000000e+00,0.000000000000000000e+00
3.000000000000000000e+00,0.000000000000000000e+00,0.000000000000000000e+00,0.000000000000000000e+00
3.020000000000000018e+00,0.000000000000000000e+00,0.000000000000000000e+00,0.000000000000000000e+00
3.040000000000000036e+00,0.000000000000000000e+00,0.000000000000000000e+00,0.000000000000000000e+00
3.060000000000000053e+00,0.000000000000000000e+00,0.000000000000000000e+00,0.000000000000000000e+00
3.080000000000000071e+00,0.000000000000000000e+00,0.000000000000000000e+00,0.000000000000000000e+00
3.100000000000000089e+00,0.000000000000000000e+00,0.000000000000000000e+00,0.000000000000000000e+00
3.120000000000000107e+00,0.000000000000000000e+00,0.000000000000000000e+00,0.000000000000000000e+00
3.140000000000000124e+00,0.000000000000000000e+00,0.000000000000000000e+00,0.000000000000000000e+00
3.160000000000000142e+00,0.000000000000000000e+00,0.000000000000000000e+00,0.000000000000000000e+00
3.180000000000000160e+00,0.000000000000000000e+00,0.000000000000000000e+00,0.000000000000000000e+00
3.200000000000000178e+00,0.000000000000000000e+00,0.000000000000000000e+00,0.000000000000000000e+00
3.220000000000000195e+00,0.000000000000000000e+00,0.000000000000000000e+00,0.000000000000000000e+00
3.240000000000000213e+00,0.000000000000000000e+00,0.000000000000000000e+00,0.000000000000000000e+00
3.259999999999999787e+00,0.000000000000000000e+00,0.000000000000000000e+00,0.000000000000000000e+00
3.280000000000000249e+00,0.000000000000000000e+00,0.000000000000000000e+00,0.000000000000000000e+00
3.299999999999999822e+00,0.000000000000000000e+00,0.000000000000000000e+00,0.000000000000000000e+00
3.319999999999999840e+00,0.000000000000000000e+00,0.000000000000000000e+00,0.000000000000000000e+00
3.339999999999999858e+00,0.000000000000000000e+00,0.000000000000000000e+00,0.000000000000000000e+00
3.359999999999999876e+00,0.000000000000000000e+00,0.000000000000000000e+00,0.000000000000000000e+00
3.379999999999999893e+00,0.000000000000000000e+00,0.000000000000000000e+00,0.000000000000000000e+00
3.399999999999999911e+00,0.000000000000000000e+00,0.000000000000000000e+00,0.000000000000000000e+00
3.419999999999999929e+00,0.000000000000000000e+00,0.000000000000000000e+00,0.000000000000000000e+00
3.439999999999999947e+00,0.000000000000000000e+00,0.000000000000000000e+00,0.000000000000000000e+00
3.459999999999999964e+00,0.000000000000000000e+00,0.000000000000000000e+00,0.000000000000000000e+00
3.479999999999999982e+00,0.000000000000000000e+00,0.000000000000000000e+00,0.000000000000000000e+00
3.500000000000000000e+00,0.000000000000000000e+00,0.000000000000000000e+00,0.000000000000000000e+00
3.520000000000000018e+00,0.000000000000000000e+00,0.000000000000000000e+00,0.000000000000000000e+00
3.540000000000000036e+00,0.000000000000000000e+00,0.000000000000000000e+00,0.000000000000000000e+00
3.560000000000000053e+00,0.000000000000000000e+00,0.000000000000000000e+00,0.000000000000000000e+00
3.580000000000000071e+00,0.000000000000000000e+00,0.000000000000000000e+00,0.000000000000000000e+00
3.600000000000000089e+00,0.000000000000000000e+00,0.000000000000000000e+00,0.000000000000000000e+00
3.620000000000000107e+00,0.000000000000000000e+00,0.000000000000000000e+00,0.000000000000000000e+00
3.640000000000000124e+00,0.000000000000000000e+00,0.000000000000000000e+00,0.000000000000000000e+00
3.660000000000000142e+00,0.000000000000000000e+00,0.000000000000000000e+00,0.000000000000000000e+00
3.680000000000000160e+00,0.000000000000000000e+00,0.000000000000000000e+00,0.000000000000000000e+00
3.700000000000000178e+00,0.000000000000000000e+00,0.000000000000000000e+00,0.000000000000000000e+00
3.720000000000000195e+00,0.000000000000000000e+00,0.000000000000000000e+00,0.000000000000000000e+00
3.740000000000000213e+00,0.000000000000000000e+00,0.000000000000000000e+00,0.000000000000000000e+00
3.759999999999999787e+00,0.000000000000000000e+00,0.000000000000000000e+00,0.000000000000000000e+00
3.780000000000000249e+00,0.000000000000000000e+00,0.000000000000000000e+00,0.000000000000000000e+00
3.799999999999999822e+00,0.000000000000000000e+00,0.000000000000000000e+00,0.000000000000000000e+00
3.820000000000000284e+00,0.000000000000000000e+00,0.000000000000000000e+00,0.000000000000000000e+00
3.839999999999999858e+00,0.000000000000000000e+00,0.000000000000000000e+00,0.000000000000000000e+00
3.860000000000000320e+00,0.000000000000000000e+00,0.000000000000000000e+00,0.000000000000000000e+00
3.879999999999999893e+00,0.000000000000000000e+00,0.000000000000000000e+00,0.000000000000000000e+00
3.899999999999999911e+00,0.000000000000000000e+00,0.000000000000000000e+00,0.000000000000000000e+00
3.919999999999999929e+00,0.000000000000000000e+00,0.000000000000000000e+00,0.000000000000000000e+00
3.939999999999999947e+00,0.000000000000000000e+00,0.000000000000000000e+00,0.000000000000000000e+00
3.959999999999999964e+00,0.000000000000000000e+00,0.000000000000000000e+00,0.000000000000000000e+00
3.979999999999999982e+00,0.000000000000000000e+00,0.000000000000000000e+00,0.000000000000000000e+00
4.000000000000000000e+00,0.000000000000000000e+00,0.000000000000000000e+00,0.000000000000000000e+00
4.019999999999999574e+00,0.000000000000000000e+00,0.000000000000000000e+00,0.000000000000000000e+00
4.040000000000000036e+00,0.000000000000000000e+00,0.000000000000000000e+00,0.000000000000000000e+00
4.059999999999999609e+00,0.000000000000000000e+00,0.000000000000000000e+00,0.000000000000000000e+00
4.080000000000000071e+00,0.000000000000000000e+00,0.000000000000000000e+00,0.000000000000000000e+00
4.099999999999999645e+00,0.000000000000000000e+00,0.000000000000000000e+00,0.000000000000000000e+00
4.120000000000000107e+00,0.000000000000000000e+00,0.000000000000000000e+00,0.000000000000000000e+00
4.139999999999999680e+00,0.000000000000000000e+00,0.000000000000000000e+00,0.000000000000000000e+00
4.160000000000000142e+00,0.000000000000000000e+00,0.000000000000000000e+00,0.000000000000000000e+00
4.179999999999999716e+00,0.000000000000000000e+00,0.000000000000000000e+00,0.000000000000000000e+00
4.200000000000000178e+00,0.000000000000000000e+00,0.000000000000000000e+00,0.000000000000000000e+00
4.219999999999999751e+00,0.000000000000000000e+00,0.000000000000000000e+00,0.000000000000000000e+00
4.240000000000000213e+00,0.000000000000000000e+00,0.000000000000000000e+00,0.000000000000000000e+00
4.259999999999999787e+00,0.000000000000000000e+00,0.000000000000000000e+00,0.000000000000000000e+00
4.280000000000000249e+00,0.000000000000000000e+00,0.000000000000000000e+00,0.000000000000000000e+00
4.299999999999999822e+00,0.000000000000000000e+00,0.000000000000000000e+00,0.000000000000000000e+00
4.320000000000000284e+00,0.000000000000000000e+00,0.000000000000000000e+00,0.000000000000000000e+00
4.339999999999999858e+00,0.000000000000000000e+00,0.000000000000000000e+00,0.000000000000000000e+00
4.360000000000000320e+00,0.000000000000000000e+00,0.000000000000000000e+00,0.000000000000000000e+00
4.379999999999999893e+00,0.000000000000000000e+00,0.000000000000000000e+00,0.000000000000000000e+00
4.400000000000000355e+00,0.000000000000000000e+00,0.000000000000000000e+00,0.000000000000000000e+00
4.419999999999999929e+00,0.000000000000000000e+00,0.000000000000000000e+00,0.000000000000000000e+00
4.440000000000000391e+00,0.000000000000000000e+00,0.000000000000000000e+00,0.000000000000000000e+00
4.459999999999999964e+00,0.000000000000000000e+00,0.000000000000000000e+00,0.000000000000000000e+00
4.480000000000000426e+00,0.000000000000000000e+00,0.000000000000000000e+00,0.000000000000000000e+00
4.500000000000000000e+00,0.000000000000000000e+00,0.000000000000000000e+00,0.000000000000000000e+00
4.519999999999999574e+00,0.000000000000000000e+00,0.000000000000000000e+00,0.000000000000000000e+00
4.540000000000000036e+00,0.000000000000000000e+00,0.000000000000000000e+00,0.000000000000000000e+00
4.560000000000000497e+00,0.000000000000000000e+00,0.000000000000000000e+00,0.000000000000000000e+00
4.580000000000000071e+00,0.000000000000000000e+00,0.000000000000000000e+00,0.000000000000000000e+00
4.599999999999999645e+00,0.000000000000000000e+00,0.000000000000000000e+00,0.000000000000000000e+00
4.620000000000000107e+00,0.000000000000000000e+00,0.000000000000000000e+00,0.000000000000000000e+00
4.639999999999999680e+00,0.000000000000000000e+00,0.000000000000000000e+00,0.000000000000000000e+00
4.660000000000000142e+00,0.000000000000000000e+00,0.000000000000000000e+00,0.000000000000000000e+00
4.679999999999999716e+00,0.000000000000000000e+00,0.000000000000000000e+00,0.000000000000000000e+00
4.700000000000000178e+00,0.000000000000000000e+00,0.000000000000000000e+00,0.000000000000000000e+00
4.719999999999999751e+00,0.000000000000000000e+00,0.000000000000000000e+00,3.999999999999999216e-03
4.740000000000000213e+00,0.000000000000000000e+00,0.000000000000000000e+00,8.000000000000000167e-03
4.759999999999999787e+00,0.000000000000000000e+00,0.000000000000000000e+00,1.200000000000000198e-02
4.780000000000000249e+00,0.000000000000000000e+00,0.000000000000000000e+00,1.600000000000000033e-02
4.799999999999999822e+00,0.000000000000000000e+00,0.000000000000000000e+00,2.000000000000000042e-02
4.820000000000000284e+00,0.000000000000000000e+00,0.000000000000000000e+00,2.400000000000000397e-02
4.839999999999999858e+00,0.000000000000000000e+00,0.000000000000000000e+00,2.800000000000000058e-02
4.860000000000000320e+00,0.000000000000000000e+00,0.000000000000000000e+00,3.200000000000000067e-02
4.879999999999999893e+00,0.000000000000000000e+00,0.000000000000000000e+00,3.600000000000000422e-02
4.900000000000000355e+00,0.000000000000000000e+00,0.000000000000000000e+00,4.000000000000000777e-02
4.919999999999999929e+00,0.000000000000000000e+00,0.000000000000000000e+00,4.400000000000001132e-02
4.940000000000000391e+00,0.000000000000000000e+00,0.000000000000000000e+00,4.800000000000000794e-02
4.959999999999999964e+00,0.000000000000000000e+00,0.000000000000000000e+00,5.200000000000002537e-02
4.980000000000000426e+00,0.000000000000000000e+00,0.000000000000000000e+00,5.600000000000002198e-02
5.000000000000000000e+00,0.000000000000000000e+00,0.000000000000000000e+00,6.000000000000003247e-02
5.019999999999999574e+00,0.000000000000000000e+00,0.000000000000000000e+00,6.400000000000004297e-02
5.040000000000000036e+00,0.000000000000000000e+00,0.000000000000000000e+00,6.800000000000003264e-02
5.059999999999999609e+00,0.000000000000000000e+00,0.000000000000000000e+00,7.200000000000003619e-02
5.080000000000000071e+00,0.000000000000000000e+00,0.000000000000000000e+00,7.600000000000001199e-02
5.099999999999999645e+00,0.000000000000000000e+00,0.000000000000000000e+00,8.000000000000004330e-02
5.120000000000000107e+00,0.000000000000000000e+00,0.000000000000000000e+00,8.400000000000003297e-02
5.139999999999999680e+00,0.000000000000000000e+00,0.000000000000000000e+00,8.800000000000007816e-02
5.160000000000000142e+00,0.000000000000000000e+00,0.000000000000000000e+00,9.200000000000006783e-02
5.179999999999999716e+00,0.000000000000000000e+00,0.000000000000000000e+00,9.600000000000008527e-02
5.200000000000000178e+00,0.000000000000000000e+00,0.000000000000000000e+00,1.000000000000000749e-01
5.219999999999999751e+00,0.000000000000000000e+00,0.000000000000000000e+00,1.040000000000000924e-01
5.240000000000000213e+00,0.000000000000000000e+00,0.000000000000000000e+00,1.080000000000000820e-01
5.259999999999999787e+00,0.000000000000000000e+00,0.000000000000000000e+00,1.120000000000000856e-01
5.280000000000000249e+00,0.000000000000000000e+00,0.000000000000000000e+00,1.160000000000000753e-01
5.299999999999999822e+00,0.000000000000000000e+00,0.000000000000000000e+00,1.200000000000000927e-01
5.320000000000000284e+00,0.000000000000000000e+00,0.000000000000000000e+00,1.240000000000000963e-01
5.339999999999999858e+00,0.000000000000000000e+00,0.000000000000000000e+00,1.280000000000000859e-01
5.360000000000000320e+00,0.000000000000000000e+00,0.000000000000000000e+00,1.320000000000000895e-01
5.379999999999999893e+00,0.000000000000000000e+00,0.000000000000000000e+00,1.360000000000000930e-01
5.400000000000000355e+00,0.000000000000000000e+00,0.000000000000000000e+00,1.400000000000000966e-01
5.419999999999999929e+00,0.000000000000000000e+00,0.000000000000000000e+00,1.440000000000001001e-01
5.440000000000000391e+00,0.000000000000000000e+00,0.000000000000000000e+00,1.480000000000001037e-01
5.459999999999999964e+00,0.000000000000000000e+00,0.000000000000000000e+00,1.520000000000000517e-01
5.480000000000000426e+00,0.000000000000000000e+00,0.000000000000000000e+00,1.560000000000000830e-01
5.500000000000000000e+00,0.000000000000000000e+00,0.000000000000000000e+00,1.600000000000000866e-01
5.519999999999999574e+00,0.000000000000000000e+00,0.000000000000000000e+00,1.640000000000000902e-01
5.540000000000000036e+00,0.000000000000000000e+00,0.000000000000000000e+00,1.680000000000000937e-01
5.560000000000000497e+00,0.000000000000000000e+00,0.000000000000000000e+00,1.720000000000001250e-01
5.580000000000000071e+00,0.000000000000000000e+00,0.000000000000000000e+00,1.760000000000000731e-01
5.599999999999999645e+00,0.000000000000000000e+00,0.000000000000000000e+00,1.800000000000000488e-01
5.620000000000000107e+00,0.000000000000000000e+00,0.000000000000000000e+00,1.840000000000000802e-01
5.639999999999999680e+00,0.000000000000000000e+00,0.000000000000000000e+00,1.880000000000001115e-01
5.660000000000000142e+00,0.000000000000000000e+00,0.000000000000000000e+00,1.920000000000000873e-01
5.679999999999999716e+00,0.000000000000000000e+00,0.000000000000000000e+00,1.960000000000000908e-01
5.700000000000000178e+00,0.000000000000000000e+00,0.000000000000000000e+00,2.000000000000000944e-01
5.719999999999999751e+00,0.000000000000000000e+00,0.000000000000000000e+00,2.040000000000001257e-01
5.740000000000000213e+00,0.000000000000000000e+00,0.000000000000000000e+00,2.080000000000001015e-01
5.759999999999999787e+00,0.000000000000000000e+00,0.000000000000000000e+00,2.120000000000001328e-01
5.780000000000000249e+00,0.000000000000000000e+00,0.000000000000000000e+00,2.160000000000001918e-01
5.799999999999999822e+00,0.000000000000000000e+00,0.000000000000000000e+00,2.200000000000002232e-01
5.820000000000000284e+00,0.000000000000000000e+00,0.000000000000000000e+00,2.240000000000002267e-01
5.839999999999999858e+00,0.000000000000000000e+00,0.000000000000000000e+00,2.280000000000001470e-01
5.860000000000000320e+00,0.000000000000000000e+00,0.000000000000000000e+00,2.320000000000002061e-01
5.879999999999999893e+00,0.000000000000000000e+00,0.000000000000000000e+00,2.360000000000002096e-01
5.900000000000000355e+00,0.000000000000000000e+00,0.000000000000000000e+00,2.400000000000001854e-01
5.919999999999999929e+00,0.000000000000000000e+00,0.000000000000000000e+00,2.440000000000001890e-01
5.940000000000000391e+00,0.000000000000000000e+00,0.000000000000000000e+00,2.480000000000001925e-01
5.959999999999999964e+00,0.000000000000000000e+00,0.000000000000000000e+00,2.520000000000001683e-01
5.980000000000000426e+00,0.000000000000000000e+00,0.000000000000000000e+00,2.560000000000002829e-01
6.000000000000000000e+00,0.000000000000000000e+00,0.000000000000000000e+00,2.600000000000001754e-01
6.019999999999999574e+00,0.000000000000000000e+00,0.000000000000000000e+00,2.640000000000001235e-01
6.040000000000000036e+00,0.000000000000000000e+00,0.000000000000000000e+00,2.680000000000001825e-01
6.059999999999999609e+00,0.000000000000000000e+00,0.000000000000000000e+00,2.720000000000002416e-01
6.080000000000000071e+00,0.000000000000000000e+00,0.000000000000000000e+00,2.760000000000001896e-01
6.099999999999999645e+00,0.000000000000000000e+00,0.000000000000000000e+00,2.800000000000001932e-01
6.120000000000000107e+00,0.000000000000000000e+00,0.000000000000000000e+00,2.840000000000001967e-01
6.139999999999999680e+00,0.000000000000000000e+00,0.000000000000000000e+00,2.880000000000002558e-01
6.160000000000000142e+00,0.000000000000000000e+00,0.000000000000000000e+00,2.920000000000002593e-01
6.179999999999999716e+00,0.000000000000000000e+00,0.000000000000000000e+00,2.960000000000002629e-01
6.200000000000000178e+00,0.000000000000000000e+00,0.000000000000000000e+00,3.000000000000002665e-01
6.219999999999999751e+00,0.000000000000000000e+00,0.000000000000000000e+00,3.040000000000002700e-01
6.240000000000000213e+00,0.000000000000000000e+00,0.000000000000000000e+00,3.080000000000002736e-01
6.259999999999999787e+00,0.000000000000000000e+00,0.000000000000000000e+00,3.120000000000002771e-01
6.280000000000000249e+00,0.000000000000000000e+00,0.000000000000000000e+00,3.160000000000002807e-01
6.299999999999999822e+00,0.000000000000000000e+00,0.000000000000000000e+00,3.200000000000002842e-01
6.320000000000000284e+00,0.000000000000000000e+00,0.000000000000000000e+00,3.240000000000002878e-01
6.339999999999999858e+00,0.000000000000000000e+00,0.000000000000000000e+00,3.280000000000002913e-01
6.360000000000000320e+00,0.000000000000000000e+00,0.000000000000000000e+00,3.320000000000003504e-01
6.379999999999999893e+00,0.000000000000000000e+00,0.000000000000000000e+00,3.360000000000002984e-01
6.400000000000000355e+00,0.000000000000000000e+00,0.000000000000000000e+00,3.400000000000003020e-01
6.419999999999999929e+00,0.000000000000000000e+00,0.000000000000000000e+00,3.440000000000003055e-01
6.440000000000000391e+00,0.000000000000000000e+00,0.000000000000000000e+00,3.440000000000003055e-01
6.459999999999999964e+00,0.000000000000000000e+00,0.000000000000000000e+00,3.440000000000003055e-01
6.480000000000000426e+00,0.000000000000000000e+00,0.000000000000000000e+00,3.440000000000003055e-01
6.500000000000000000e+00,0.000000000000000000e+00,0.000000000000000000e+00,3.440000000000003055e-01
6.519999999999999574e+00,0.000000000000000000e+00,0.000000000000000000e+00,3.440000000000003055e-01
6.540000000000000036e+00,0.000000000000000000e+00,0.000000000000000000e+00,3.440000000000003055e-01
6.560000000000000497e+00,0.000000000000000000e+00,0.000000000000000000e+00,3.440000000000003055e-01
6.580000000000000071e+00,0.000000000000000000e+00,0.000000000000000000e+00,3.440000000000003055e-01
6.599999999999999645e+00,0.000000000000000000e+00,0.000000000000000000e+00,3.440000000000003055e-01
6.620000000000000107e+00,0.000000000000000000e+00,0.000000000000000000e+00,3.440000000000003055e-01
6.639999999999999680e+00,0.000000000000000000e+00,0.000000000000000000e+00,3.440000000000003055e-01
6.660000000000000142e+00,0.000000000000000000e+00,0.000000000000000000e+00,3.440000000000003055e-01
6.679999999999999716e+00,0.000000000000000000e+00,0.000000000000000000e+00,3.440000000000003055e-01
6.700000000000000178e+00,0.000000000000000000e+00,0.000000000000000000e+00,3.440000000000003055e-01
6.719999999999999751e+00,0.000000000000000000e+00,0.000000000000000000e+00,3.440000000000003055e-01
6.740000000000000213e+00,0.000000000000000000e+00,0.000000000000000000e+00,3.440000000000003055e-01
6.759999999999999787e+00,0.000000000000000000e+00,0.000000000000000000e+00,3.440000000000003055e-01
6.780000000000000249e+00,0.000000000000000000e+00,0.000000000000000000e+00,3.440000000000003055e-01
6.799999999999999822e+00,0.000000000000000000e+00,0.000000000000000000e+00,3.440000000000003055e-01
6.820000000000000284e+00,0.000000000000000000e+00,0.000000000000000000e+00,3.440000000000003055e-01
6.839999999999999858e+00,0.000000000000000000e+00,0.000000000000000000e+00,3.440000000000003055e-01
6.860000000000000320e+00,0.000000000000000000e+00,0.000000000000000000e+00,3.440000000000003055e-01
6.879999999999999893e+00,0.000000000000000000e+00,0.000000000000000000e+00,3.440000000000003055e-01
6.900000000000000355e+00,0.000000000000000000e+00,0.000000000000000000e+00,3.440000000000003055e-01
6.919999999999999929e+00,0.000000000000000000e+00,0.000000000000000000e+00,3.440000000000003055e-01
6.940000000000000391e+00,0.000000000000000000e+00,0.000000000000000000e+00,3.440000000000003055e-01
6.959999999999999964e+00,0.000000000000000000e+00,0.000000000000000000e+00,3.440000000000003055e-01
6.980000000000000426e+00,0.000000000000000000e+00,0.000000000000000000e+00,3.440000000000003055e-01
7.000000000000000000e+00,0.000000000000000000e+00,0.000000000000000000e+00,3.440000000000003055e-01
7.019999999999999574e+00,0.000000000000000000e+00,0.000000000000000000e+00,3.440000000000003055e-01
7.040000000000000036e+00,0.000000000000000000e+00,0.000000000000000000e+00,3.440000000000003055e-01
7.059999999999999609e+00,0.000000000000000000e+00,0.000000000000000000e+00,3.440000000000003055e-01
7.080000000000000071e+00,0.000000000000000000e+00,0.000000000000000000e+00,3.440000000000003055e-01
7.099999999999999645e+00,0.000000000000000000e+00,0.000000000000000000e+00,3.440000000000003055e-01
7.120000000000000107e+00,0.000000000000000000e+00,0.000000000000000000e+00,3.440000000000003055e-01
7.139999999999999680e+00,0.000000000000000000e+00,0.000000000000000000e+00,3.440000000000003055e-01
7.160000000000000142e+00,0.000000000000000000e+00,0.000000000000000000e+00,3.440000000000003055e-01
7.179999999999999716e+00,0.000000000000000000e+00,0.000000000000000000e+00,3.440000000000003055e-01
7.200000000000000178e+00,0.000000000000000000e+00,0.000000000000000000e+00,3.440000000000003055e-01
7.219999999999999751e+00,0.000000000000000000e+00,0.000000000000000000e+00,3.440000000000003055e-01
7.240000000000000213e+00,0.000000000000000000e+00,0.000000000000000000e+00,3.440000000000003055e-01
7.259999999999999787e+00,0.000000000000000000e+00,0.000000000000000000e+00,3.440000000000003055e-01
7.280000000000000249e+00,0.000000000000000000e+00,0.000000000000000000e+00,3.440000000000003055e-01
7.299999999999999822e+00,0.000000000000000000e+00,0.000000000000000000e+00,3.440000000000003055e-01
7.320000000000000284e+00,0.000000000000000000e+00,0.000000000000000000e+00,3.440000000000003055e-01
7.339999999999999858e+00,0.000000000000000000e+00,0.000000000000000000e+00,3.440000000000003055e-01
7.360000000000000320e+00,0.000000000000000000e+00,0.000000000000000000e+00,3.440000000000003055e-01
7.379999999999999893e+00,0.000000000000000000e+00,0.000000000000000000e+00,3.440000000000003055e-01
7.400000000000000355e+00,0.000000000000000000e+00,0.000000000000000000e+00,3.440000000000003055e-01
7.419999999999999929e+00,0.000000000000000000e+00,0.000000000000000000e+00,3.440000000000003055e-01
7.440000000000000391e+00,0.000000000000000000e+00,0.000000000000000000e+00,3.440000000000003055e-01
7.459999999999999964e+00,0.000000000000000000e+00,0.000000000000000000e+00,3.440000000000003055e-01
7.480000000000000426e+00,0.000000000000000000e+00,0.000000000000000000e+00,3.440000000000003055e-01
7.500000000000000000e+00,0.000000000000000000e+00,0.000000000000000000e+00,3.440000000000003055e-01
7.519999999999999574e+00,0.000000000000000000e+00,0.000000000000000000e+00,3.440000000000003055e-01
7.540000000000000036e+00,0.000000000000000000e+00,0.000000000000000000e+00,3.440000000000003055e-01
7.560000000000000497e+00,0.000000000000000000e+00,0.000000000000000000e+00,3.440000000000003055e-01
7.580000000000000071e+00,0.000000000000000000e+00,0.000000000000000000e+00,3.440000000000003055e-01
7.599999999999999645e+00,0.000000000000000000e+00,0.000000000000000000e+00,3.430000000000003046e-01
7.620000000000000107e+00,0.000000000000000000e+00,0.000000000000000000e+00,3.420000000000004148e-01
7.639999999999999680e+00,0.000000000000000000e+00,0.000000000000000000e+00,3.410000000000003584e-01
7.660000000000000142e+00,0.000000000000000000e+00,0.000000000000000000e+00,3.400000000000003575e-01
7.679999999999999716e+00,0.000000000000000000e+00,0.000000000000000000e+00,3.390000000000004121e-01
7.700000000000000178e+00,0.000000000000000000e+00,0.000000000000000000e+00,3.369950000000004331e-01
7.719999999999999751e+00,0.000000000000000000e+00,0.000000000000000000e+00,3.349900000000004541e-01
7.740000000000000213e+00,0.000000000000000000e+00,0.000000000000000000e+00,3.329850000000004751e-01
7.759999999999999787e+00,0.000000000000000000e+00,0.000000000000000000e+00,3.309800000000005515e-01
7.780000000000000249e+00,0.000000000000000000e+00,0.000000000000000000e+00,3.289750000000005725e-01
7.799999999999999822e+00,0.000000000000000000e+00,0.000000000000000000e+00,3.259599750000006235e-01
7.820000000000000284e+00,0.000000000000000000e+00,0.000000000000000000e+00,3.229449500000005635e-01
7.839999999999999858e+00,0.000000000000000000e+00,0.000000000000000000e+00,3.199299250000005590e-01
7.860000000000000320e+00,0.000000000000000000e+00,0.000000000000000000e+00,3.169149000000006100e-01
7.879999999999999893e+00,0.000000000000000000e+00,0.000000000000000000e+00,3.138998750000005500e-01
7.900000000000000355e+00,0.000000000000000000e+00,0.000000000000000000e+00,3.098697748750005587e-01
7.919999999999999929e+00,0.000000000000000000e+00,0.000000000000000000e+00,3.058396747500006230e-01
7.940000000000000391e+00,0.000000000000000000e+00,0.000000000000000000e+00,3.018095746250006317e-01
7.959999999999999964e+00,0.000000000000000000e+00,0.000000000000000000e+00,2.977794745000006404e-01
7.980000000000000426e+00,0.000000000000000000e+00,0.000000000000000000e+00,2.937493743750005937e-01
8.000000000000000000e+00,0.000000000000000000e+00,0.000000000000000000e+00,2.886991237493756191e-01
8.019999999999999574e+00,0.000000000000000000e+00,0.000000000000000000e+00,2.836488731237506444e-01
8.039999999999999147e+00,0.000000000000000000e+00,0.000000000000000000e+00,2.785986224981256698e-01
8.060000000000000497e+00,0.000000000000000000e+00,0.000000000000000000e+00,2.735483718725007507e-01
8.080000000000000071e+00,0.000000000000000000e+00,0.000000000000000000e+00,2.684981212468757206e-01
8.099999999999999645e+00,0.000000000000000000e+00,0.000000000000000000e+00,2.624981212468757152e-01
8.119999999999999218e+00,0.000000000000000000e+00,0.000000000000000000e+00,2.564981212468756544e-01
8.140000000000000568e+00,0.000000000000000000e+00,0.000000000000000000e+00,2.504981212468757046e-01
8.160000000000000142e+00,0.000000000000000000e+00,0.000000000000000000e+00,2.444981212468756993e-01
8.179999999999999716e+00,0.000000000000000000e+00,0.000000000000000000e+00,2.384981212468756384e-01
8.199999999999999289e+00,0.000000000000000000e+00,0.000000000000000000e+00,2.324981212468756608e-01
8.220000000000000639e+00,0.000000000000000000e+00,0.000000000000000000e+00,2.264981212468756555e-01
8.240000000000000213e+00,0.000000000000000000e+00,0.000000000000000000e+00,2.204981212468756502e-01
8.259999999999999787e+00,0.000000000000000000e+00,0.000000000000000000e+00,2.144981212468756449e-01
8.279999999999999361e+00,0.000000000000000000e+00,0.000000000000000000e+00,2.084981212468756673e-01
8.300000000000000711e+00,0.000000000000000000e+00,0.000000000000000000e+00,2.024981212468756342e-01
8.320000000000000284e+00,0.000000000000000000e+00,0.000000000000000000e+00,1.964981212468756289e-01
8.339999999999999858e+00,0.000000000000000000e+00,0.000000000000000000e+00,1.904981212468756790e-01
8.359999999999999432e+00,0.000000000000000000e+00,0.000000000000000000e+00,1.844981212468756460e-01
8.380000000000000782e+00,0.000000000000000000e+00,0.000000000000000000e+00,1.784981212468756406e-01
8.400000000000000355e+00,0.000000000000000000e+00,0.000000000000000000e+00,1.724981212468756353e-01
8.419999999999999929e+00,0.000000000000000000e+00,0.000000000000000000e+00,1.664981212468756300e-01
8.439999999999999503e+00,0.000000000000000000e+00,0.000000000000000000e+00,1.604981212468756246e-01
8.460000000000000853e+00,0.000000000000000000e+00,0.000000000000000000e+00,1.544981212468756193e-01
8.480000000000000426e+00,0.000000000000000000e+00,0.000000000000000000e+00,1.484981212468756695e-01
8.500000000000000000e+00,0.000000000000000000e+00,0.000000000000000000e+00,1.424981212468756364e-01
8.519999999999999574e+00,0.000000000000000000e+00,0.000000000000000000e+00,1.364981212468756311e-01
8.539999999999999147e+00,0.000000000000000000e+00,0.000000000000000000e+00,1.304981212468755980e-01
8.560000000000000497e+00,0.000000000000000000e+00,0.000000000000000000e+00,1.244981212468756065e-01
8.580000000000000071e+00,0.000000000000000000e+00,0.000000000000000000e+00,1.184981212468756290e-01
8.599999999999999645e+00,0.000000000000000000e+00,0.000000000000000000e+00,1.124981212468756098e-01
8.619999999999999218e+00,0.000000000000000000e+00,0.000000000000000000e+00,1.064981212468756044e-01
8.640000000000000568e+00,0.000000000000000000e+00,0.000000000000000000e+00,1.004981212468755714e-01
8.660000000000000142e+00,0.000000000000000000e+00,0.000000000000000000e+00,9.449812124687557990e-02
8.679999999999999716e+00,0.000000000000000000e+00,0.000000000000000000e+00,8.849812124687557457e-02
8.699999999999999289e+00,0.000000000000000000e+00,0.000000000000000000e+00,8.249812124687556925e-02
8.720000000000000639e+00,0.000000000000000000e+00,0.000000000000000000e+00,7.649812124687556392e-02
8.740000000000000213e+00,0.000000000000000000e+00,0.000000000000000000e+00,7.049812124687555859e-02
8.759999999999999787e+00,0.000000000000000000e+00,0.000000000000000000e+00,6.449812124687555326e-02
8.779999999999999361e+00,0.000000000000000000e+00,0.000000000000000000e+00,5.849812124687556181e-02
8.800000000000000711e+00,0.000000000000000000e+00,0.000000000000000000e+00,5.249812124687555648e-02
8.820000000000000284e+00,0.000000000000000000e+00,0.000000000000000000e+00,4.649812124687555809e-02
8.839999999999999858e+00,0.000000000000000000e+00,0.000000000000000000e+00,4.049812124687556664e-02
8.859999999999999432e+00,0.000000000000000000e+00,0.000000000000000000e+00,3.449812124687556131e-02
8.880000000000000782e+00,0.000000000000000000e+00,0.000000000000000000e+00,2.849812124687556292e-02
8.900000000000000355e+00,0.000000000000000000e+00,0.000000000000000000e+00,2.249812124687556453e-02
8.919999999999999929e+00,3.635475013676872126e-03,8.038187540711126341e-05,2.171551255122338223e-02
8.939999999999999503e+00,7.271011821580767795e-03,1.579185721297412625e-04,2.093290385557121033e-02
8.960000000000000853e+00,1.090660819703141368e-02,2.326100426787393240e-04,2.015029515991903150e-02
8.980000000000000426e+00,1.454226191331207257e-02,3.044562413080498090e-04,1.936768646426685614e-02
9.000000000000000000e+00,1.817797074367082794e-02,3.734571240126486192e-04,1.858507776861467731e-02
9.019999999999999574e+00,2.217732729931756394e-02,4.451848897282424146e-04,1.728072994252773109e-02
9.039999999999999147e+00,2.617677401079439303e-02,5.116960438782449652e-04,1.597638211644077100e-02
9.060000000000000497e+00,3.017630407375057958e-02,5.729904733052617379e-04,1.467203429035381437e-02
9.080000000000000071e+00,3.417591068369360552e-02,6.290680737275687433e-04,1.336768646426686122e-02
9.099999999999999645e+00,3.817558703600072711e-02,6.799287497394529206e-04,1.206333863817989939e-02
9.119999999999999218e+00,4.217532632593051778e-02,7.255724148098505969e-04,1.075899081209294623e-02
9.140000000000000568e+00,4.617512174863448726e-02,7.659989912847303467e-04,9.454642986005989611e-03
9.160000000000000142e+00,5.017496649916865226e-02,8.012084103853909026e-04,8.150295159919031251e-03
9.179999999999999716e+00,5.417485377250510353e-02,8.312006122088015951e-04,6.845947333832074627e-03
9.199999999999999289e+00,5.817477676354358002e-02,8.559755457289642188e-04,5.541599507745118003e-03
9.220000000000000639e+00,6.217471819093711022e-02,8.776200989388553350e-04,5.280729942527726505e-03
9.240000000000000213e+00,6.617466512863190431e-02,8.982211884444153910e-04,5.019860377310335006e-03
9.259999999999999787e+00,7.017461730441984513e-02,9.177788128412122607e-04,4.758990812092944375e-03
9.279999999999999361e+00,7.417457444609246164e-02,9.362929708014192066e-04,4.498121246875552877e-03
9.300000000000000711e+00,7.817453628144097055e-02,9.537636610618985223e-04,4.237251681658158776e-03
9.320000000000000284e+00,8.217451362497846246e-02,9.670604675387321769e-04,2.411164725136420023e-03
9.339999999999999858e+00,8.617450858047981388e-02,9.730529494521272370e-04,5.850777686146802934e-04
9.359999999999999432e+00,9.017450780959125611e-02,9.717410868192640503e-04,-1.241009187907059436e-03
9.380000000000000782e+00,9.417449797394478184e-02,9.631248840149183319e-04,-3.067096144428798840e-03
9.400000000000000355e+00,9.817446573520260955e-02,9.472043697704883103e-04,-4.893183100950538461e-03
9.419999999999999929e+00,1.018107675714744614e-01,9.260909401375333255e-04,-6.719270057472278082e-03
9.439999999999999503e+00,1.054470247900166080e-01,8.983373460441715364e-04,-8.545357013994021173e-03
9.460000000000000853e+00,1.090832252653924500e-01,8.639436800374503339e-04,-1.037144397051575906e-02
9.480000000000000426e+00,1.127193568723546396e-01,8.229100568059170059e-04,-1.219753092703749868e-02
9.500000000000000000e+00,1.163554074858854509e-01,7.752366131802818344e-04,-1.402361788355923657e-02
9.519999999999999574e+00,1.203549764523636906e-01,7.165355573692391107e-04,-1.532796570964619493e-02
9.539999999999999147e+00,1.243544654499897373e-01,6.526177238855659403e-04,-1.663231353573315155e-02
9.560000000000000497e+00,1.283538676743409546e-01,5.834832214741865215e-04,-1.793666136182011164e-02
9.580000000000000071e+00,1.323531763211422962e-01,5.091321677546741149e-04,-1.924100918790706827e-02
9.599999999999999645e+00,1.363523845862779360e-01,4.295646892229535666e-04,-2.054535701399402142e-02
9.619999999999999218e+00,1.403514856658028276e-01,3.447809212485775207e-04,-2.184970484008097805e-02
9.640000000000000568e+00,1.443504727559543066e-01,2.547810080760882319e-04,-2.315405266616793467e-02
9.660000000000000142e+00,1.483493390531635814e-01,1.595651028246770713e-04,-2.445840049225488783e-02
9.679999999999999716e+00,1.523480777540674458e-01,5.913336748682271500e-05,-2.576274831834185139e-02
9.699999999999999289e+00,1.563466820555196868e-01,-4.651402707000649658e-05,-2.706709614442880454e-02
9.720000000000000639e+00,1.603451451546028250e-01,-1.573769011057359057e-04,-2.837144397051576117e-02
9.740000000000000213e+00,1.639799770582726079e-01,-2.629025055614337249e-04,-2.967579179660271779e-02
9.759999999999999787e+00,1.676146682278771005e-01,-3.731691039976301871e-04,-3.098013962268967789e-02
9.779999999999999361e+00,1.712492124796325399e-01,-4.881765088159305743e-04,-3.228448744877664145e-02
9.800000000000000711e+00,1.748836036300051855e-01,-6.079245243510057869e-04,-3.358883527486359460e-02
9.820000000000000284e+00,1.788812944504013513e-01,-7.438189241076044976e-04,-3.437144397051578038e-02
9.839999999999999858e+00,1.828788776944238748e-01,-8.828419095272092842e-04,-3.515405266616795921e-02
9.859999999999999432e+00,1.868763509136476264e-01,-1.024993395461512146e-03,-3.593666136182013110e-02
9.880000000000000782e+00,1.908737116597148953e-01,-1.170273294846502568e-03,-3.671927005747228911e-02
9.900000000000000355e+00,1.948709574843367764e-01,-1.318681518701333337e-03,-3.750187875312446101e-02
9.919999999999999929e+00,1.988680859392947531e-01,-1.470217976130022306e-03,-3.828448744877663984e-02
9.939999999999999503e+00,2.028650945764422509e-01,-1.624882574319182725e-03,-3.906709614442881173e-02
9.960000000000000853e+00,2.068619809477060534e-01,-1.782675218540860813e-03,-3.984970484008099750e-02
9.980000000000000426e+00,2.108587426050878011e-01,-1.943595812150833132e-03,-4.063231353573316246e-02
1.000000000000000000e+01,2.148553771006655455e-01,-2.107644256589174050e-03,-4.141492223138533435e-02
1.001999999999999957e+01,2.188518819865952758e-01,-2.274820451379688281e-03,-4.219753092703751318e-02
1.003999999999999915e+01,2.228482548151122511e-01,-2.445124294131045817e-03,-4.298013962268967814e-02
1.006000000000000050e+01,2.268444931385326935e-01,-2.618555680536214462e-03,-4.376274831834185003e-02
1.008000000000000007e+01,2.308405945092551481e-01,-2.795114504373027303e-03,-4.454535701399401498e-02
1.009999999999999964e+01,2.348365564797621485e-01,-2.974800657503048201e-03,-4.532796570964619381e-02
1.011999999999999922e+01,2.388323766026214934e-01,-3.157614029872138177e-03,-4.611057440529836571e-02
1.014000000000000057e+01,2.428280524304879118e-01,-3.343554509512726165e-03,-4.689318310095053760e-02
1.016000000000000014e+01,2.468235815161044788e-01,-3.532621982539269241e-03,-4.767579179660270949e-02
1.017999999999999972e+01,2.508189614123041977e-01,-3.724816333153359652e-03,-4.845840049225487445e-02
1.019999999999999929e+01,2.548141896720113597e-01,-3.920137443640320414e-03,-4.924100918790704634e-02
1.022000000000000064e+01,2.584460752867676070e-01,-4.100544489758518700e-03,-5.002361788355922517e-02
1.024000000000000021e+01,2.620778186011932243e-01,-4.283793825602787674e-03,-5.080622657921139707e-02
1.025999999999999979e+01,2.657094173909314017e-01,-4.469885338937205389e-03,-5.158883527486358284e-02
1.027999999999999936e+01,2.693408694317137031e-01,-4.658818915784818972e-03,-5.237144397051574779e-02
1.030000000000000071e+01,2.729721724993617316e-01,-4.850594440429190253e-03,-5.315405266616791968e-02
1.032000000000000028e+01,2.769664953582471889e-01,-5.063631545758980404e-03,-5.341492223138531031e-02
1.033999999999999986e+01,2.809607625063235692e-01,-5.277710641096085634e-03,-5.367579179660270094e-02
1.035999999999999943e+01,2.849549736717693071e-01,-5.492831711870160144e-03,-5.393666136182009158e-02
1.038000000000000078e+01,2.889491285827665568e-01,-5.708994743444468535e-03,-5.419753092703748221e-02
1.040000000000000036e+01,2.929432269675014133e-01,-5.926199721105669151e-03,-5.445840049225487284e-02
1.041999999999999993e+01,2.969372685541637469e-01,-6.144446630074028130e-03,-5.471927005747226347e-02
1.043999999999999950e+01,3.009312530709474798e-01,-6.363735455494909724e-03,-5.498013962268965410e-02
1.046000000000000085e+01,3.049251802460499761e-01,-6.584066182448989474e-03,-5.524100918790705167e-02
1.048000000000000043e+01,3.089190498076731517e-01,-6.805438795938634905e-03,-5.550187875312443536e-02
1.050000000000000000e+01,3.129128614840220868e-01,-7.027853280899821337e-03,-5.576274831834181211e-02
1.051999999999999957e+01,3.169066150033065243e-01,-7.251309622197025725e-03,-5.602361788355920968e-02
1.053999999999999915e+01,3.209003100937397046e-01,-7.475807804623228400e-03,-5.628448744877660032e-02
1.056000000000000050e+01,3.248939464835389757e-01,-7.701347812901611356e-03,-5.654535701399400482e-02
1.058000000000000007e+01,3.288875239009256823e-01,-7.927929631680454697e-03,-5.680622657921138852e-02
1.059999999999999964e+01,3.328810420741251108e-01,-8.155553245543350691e-03,-5.706709614442876527e-02
1.061999999999999922e+01,3.368745007313668216e-01,-8.384218638998986242e-03,-5.732796570964616978e-02
1.064000000000000057e+01,3.408678996008841500e-01,-8.613925796484551631e-03,-5.758883527486355347e-02
1.066000000000000014e+01,3.448612384109145390e-01,-8.844674702370845798e-03,-5.784970484008094410e-02
1.067999999999999972e+01,3.488545168896997617e-01,-9.076465340952060562e-03,-5.811057440529833473e-02
1.069999999999999929e+01,3.528477347654853657e-01,-9.309297696454296375e-03,-5.837144397051572536e-02
1.072000000000000064e+01,3.564778774936996908e-01,-9.521910475162986831e-03,-5.863231353573310906e-02
1.074000000000000021e+01,3.601079646341907026e-01,-9.735470240382702867e-03,-5.889318310095050663e-02
1.075999999999999979e+01,3.637379959399201779e-01,-9.949976977576992579e-03,-5.915405266616789726e-02
1.077999999999999936e+01,3.673679711638538903e-01,-1.016543067215214258e-02,-5.941492223138529483e-02
1.080000000000000071e+01,3.709978900589613326e-01,-1.038183130944170252e-02,-5.967579179660268546e-02
1.082000000000000028e+01,3.749907386101414275e-01,-1.062091363124998723e-02,-5.993666136182006221e-02
1.083999999999999986e+01,3.789835246561584770e-01,-1.086103755757875967e-02,-6.019753092703746672e-02
1.085999999999999943e+01,3.829762479252914464e-01,-1.110220307208213165e-02,-6.045840049225485041e-02
1.088000000000000078e+01,3.869689081458240754e-01,-1.134441015835293068e-02,-6.071927005747224798e-02
1.090000000000000036e+01,3.909615050460439334e-01,-1.158765879990567710e-02,-6.098013962268964555e-02
1.091999999999999993e+01,3.949540383542432531e-01,-1.183194898018679816e-02,-6.124100918790702230e-02
1.093999999999999950e+01,3.989465077987182640e-01,-1.207728068257122277e-02,-6.150187875312440600e-02
1.096000000000000085e+01,4.029389131077699693e-01,-1.232365389036578496e-02,-6.176274831834180357e-02
1.098000000000000043e+01,4.069312540097033137e-01,-1.257106858680241690e-02,-6.202361788355918726e-02
1.100000000000000000e+01,4.109235302328278494e-01,-1.281952475504325242e-02,-6.228448744877657789e-02
1.101999999999999957e+01,4.149157740259856175e-01,-1.306850165355641184e-02,-6.228448744877657789e-02
1.103999999999999915e+01,4.189080178191433856e-01,-1.331747855206957126e-02,-6.228448744877657789e-02
1.106000000000000050e+01,4.229002616123011538e-01,-1.356645545058273068e-02,-6.228448744877657789e-02
1.108000000000000007e+01,4.268925054054589219e-01,-1.381543234909589010e-02,-6.228448744877657789e-02
1.109999999999999964e+01,4.308847491986166900e-01,-1.406440924760904952e-02,-6.228448744877657789e-02
1.111999999999999922e+01,4.348769929917744581e-01,-1.431338614612220894e-02,-6.228448744877657789e-02
1.114000000000000057e+01,4.388692367849322262e-01,-1.456236304463536836e-02,-6.228448744877657789e-02
1.116000000000000014e+01,4.428614805780899943e-01,-1.481133994314852778e-02,-6.228448744877657789e-02
1.117999999999999972e+01,4.468537243712477625e-01,-1.506031684166168720e-02,-6.228448744877657789e-02
1.119999999999999929e+01,4.508459681644055306e-01,-1.530929374017484662e-02,-6.228448744877657789e-02
1.122000000000000064e+01,4.548382119575632987e-01,-1.555827063868800604e-02,-6.228448744877657789e-02
1.124000000000000021e+01,4.588304557507210668e-01,-1.580724753720116546e-02,-6.228448744877657789e-02
1.125999999999999979e+01,4.628226995438788349e-01,-1.605622443571432661e-02,-6.228448744877657789e-02
1.127999999999999936e+01,4.668149433370366030e-01,-1.630520133422748777e-02,-6.228448744877657789e-02
1.130000000000000071e+01,4.708071871301943712e-01,-1.655417823274064892e-02,-6.228448744877657789e-02
1.132000000000000028e+01,4.747994309233521393e-01,-1.680315513125381008e-02,-6.228448744877657789e-02
1.133999999999999986e+01,4.787916747165099074e-01,-1.705213202976697123e-02,-6.228448744877657789e-02
1.135999999999999943e+01,4.827839185096676755e-01,-1.730110892828013239e-02,-6.228448744877657789e-02
1.138000000000000078e+01,4.867761623028254436e-01,-1.755008582679329354e-02,-6.228448744877657789e-02
1.140000000000000036e+01,4.907684060959832117e-01,-1.779906272530645470e-02,-6.228448744877657789e-02
1.141999999999999993e+01,4.947606498891409799e-01,-1.804803962381961585e-02,-6.228448744877657789e-02
1.143999999999999950e+01,4.987528936822987480e-01,-1.829701652233277701e-02,-6.228448744877657789e-02
1.146000000000000085e+01,5.027451374754565716e-01,-1.854599342084593816e-02,-6.228448744877657789e-02
1.148000000000000043e+01,5.067373812686143397e-01,-1.879497031935909931e-02,-6.228448744877657789e-02
1.150000000000000000e+01,5.107296250617721078e-01,-1.904394721787226047e-02,-6.228448744877657789e-02
1.151999999999999957e+01,5.147219012848966990e-01,-1.929240338611309599e-02,-6.202361788355918726e-02
1.153999999999999915e+01,5.187142421868300435e-01,-1.953981808254972793e-02,-6.176274831834180357e-02
1.156000000000000050e+01,5.227066474958818043e-01,-1.978619129034429186e-02,-6.150187875312439906e-02
1.158000000000000007e+01,5.266991169403568707e-01,-2.003152299272871820e-02,-6.124100918790702230e-02
1.159999999999999964e+01,5.306916502485562459e-01,-2.027581317300983926e-02,-6.098013962268963861e-02
1.161999999999999922e+01,5.346842471487761594e-01,-2.051906181456258568e-02,-6.071927005747224798e-02
1.164000000000000057e+01,5.386769073693088439e-01,-2.076126890083338644e-02,-6.045840049225485041e-02
1.166000000000000014e+01,5.426696306384418689e-01,-2.100243441533675842e-02,-6.019753092703746672e-02
1.167999999999999972e+01,5.466624166844589183e-01,-2.124255834166553086e-02,-5.993666136182006221e-02
1.169999999999999929e+01,5.506552652356390132e-01,-2.148164066347381732e-02,-5.967579179660267852e-02
1.172000000000000064e+01,5.542851558839908543e-01,-2.169851476721925201e-02,-5.967579179660267852e-02
1.174000000000000021e+01,5.579150465323426955e-01,-2.191538887096468671e-02,-5.967579179660267852e-02
1.175999999999999979e+01,5.615449371806945367e-01,-2.213226297471012141e-02,-5.967579179660267852e-02
1.177999999999999936e+01,5.651748278290463778e-01,-2.234913707845555611e-02,-5.967579179660267852e-02
1.180000000000000071e+01,5.688047184773982190e-01,-2.256601118220099081e-02,-5.967579179660267852e-02
1.182000000000000028e+01,5.724346091257500602e-01,-2.278288528594642551e-02,-5.967579179660267852e-02
1.183999999999999986e+01,5.764275199103682246e-01,-2.302092598696494144e-02,-5.941492223138529483e-02
1.185999999999999943e+01,5.804204926566953748e-01,-2.325792505099760765e-02,-5.915405266616790420e-02
1.188000000000000078e+01,5.844135270929977644e-01,-2.349388246191132582e-02,-5.889318310095052050e-02
1.190000000000000036e+01,5.884066229475378718e-01,-2.372879820365301345e-02,-5.863231353573312293e-02
1.191999999999999993e+01,5.923997799485736238e-01,-2.396267226023257244e-02,-5.837144397051573230e-02
1.193999999999999950e+01,5.963929978243592833e-01,-2.419550461573480998e-02,-5.811057440529834167e-02
1.196000000000000085e+01,6.003862763031445615e-01,-2.442729525431602475e-02,-5.784970484008095104e-02
1.198000000000000043e+01,6.043796151131749506e-01,-2.465804416020232065e-02,-5.758883527486356041e-02
1.200000000000000000e+01,6.083730139826922789e-01,-2.488775131768788604e-02,-5.732796570964617672e-02
1.201999999999999957e+01,6.123664726399340452e-01,-2.511641671114352159e-02,-5.706709614442876527e-02
1.203999999999999915e+01,6.163599908131334182e-01,-2.534404032500641932e-02,-5.680622657921138158e-02
1.206000000000000050e+01,6.203535682305201249e-01,-2.557062214378526266e-02,-5.654535701399400482e-02
1.208000000000000007e+01,6.243472046203194514e-01,-2.579616215206364735e-02,-5.628448744877660725e-02
1.209999999999999964e+01,6.283408997107526872e-01,-2.602066033448985002e-02,-5.602361788355921662e-02
1.211999999999999922e+01,6.323346532300371248e-01,-2.624411667578705615e-02,-5.576274831834181211e-02
1.214000000000000057e+01,6.363284649063860599e-01,-2.646653116074824258e-02,-5.550187875312442842e-02
1.216000000000000014e+01,6.403223344680092355e-01,-2.668790377423788801e-02,-5.524100918790704473e-02
1.217999999999999972e+01,6.443162616431117318e-01,-2.690823450119196950e-02,-5.498013962268964716e-02
1.219999999999999929e+01,6.483102461598955202e-01,-2.712752332661285196e-02,-5.471927005747225653e-02
1.222000000000000064e+01,6.519411930568612679e-01,-2.732592960749317956e-02,-5.445840049225486590e-02
1.224000000000000021e+01,6.555721915884384909e-01,-2.752338867809427103e-02,-5.419753092703747527e-02
1.225999999999999979e+01,6.592032415075269602e-01,-2.771990052498000609e-02,-5.393666136182008464e-02
1.227999999999999936e+01,6.628343425670231159e-01,-2.791546513477461897e-02,-5.367579179660269401e-02
1.230000000000000071e+01,6.664654945198198455e-01,-2.811008249417198609e-02,-5.341492223138530338e-02
1.232000000000000028e+01,6.704598173787053028e-01,-2.832311959950177538e-02,-5.315405266616791274e-02
1.233999999999999986e+01,6.744541956765746082e-01,-2.853511470032710565e-02,-5.289318310095052211e-02
1.235999999999999943e+01,6.784486291415984249e-01,-2.874606778222062869e-02,-5.263231353573313842e-02
1.238000000000000078e+01,6.824431175019439744e-01,-2.895597883082819818e-02,-5.237144397051574779e-02
1.240000000000000036e+01,6.864376604857745923e-01,-2.916484783186205562e-02,-5.211057440529835022e-02
1.241999999999999993e+01,6.904322578212498396e-01,-2.937267477110764788e-02,-5.184970484008096653e-02
1.243999999999999950e+01,6.944269092365256135e-01,-2.957945963442532022e-02,-5.158883527486358977e-02
1.246000000000000085e+01,6.984216144597544806e-01,-2.978520240774011271e-02,-5.132796570964619221e-02
1.248000000000000043e+01,7.024163732190846776e-01,-2.998990307705196035e-02,-5.106709614442880157e-02
1.250000000000000000e+01,7.064111852426615545e-01,-3.019356162842889990e-02,-5.080622657921141094e-02
1.251999999999999957e+01,7.104060502586261316e-01,-3.039617804801216308e-02,-5.054535701399402031e-02
1.253999999999999915e+01,7.144009679951163205e-01,-3.059775232201448342e-02,-5.028448744877663662e-02
1.256000000000000050e+01,7.183959381802661470e-01,-3.079828443671498578e-02,-5.002361788355923905e-02
1.258000000000000007e+01,7.223909605422063063e-01,-3.099777437846939696e-02,-4.976274831834184842e-02
1.259999999999999964e+01,7.263860348090637187e-01,-3.119622213370154204e-02,-4.950187875312445779e-02
1.261999999999999922e+01,7.303811607089618629e-01,-3.139362768890503752e-02,-4.924100918790706022e-02
1.264000000000000057e+01,7.343763379700208871e-01,-3.158999103064840525e-02,-4.898013962268967653e-02
1.266000000000000014e+01,7.383715663203570534e-01,-3.178531214556486184e-02,-4.871927005747229977e-02
1.267999999999999972e+01,7.423668454880835155e-01,-3.197959102036591894e-02,-4.845840049225489526e-02
1.269999999999999929e+01,7.463621752013098742e-01,-3.217282764182778643e-02,-4.819753092703750463e-02
1.272000000000000064e+01,7.503575551881420669e-01,-3.236502199680157260e-02,-4.793666136182012788e-02
1.274000000000000021e+01,7.539897642686336221e-01,-3.253879661080758684e-02,-4.767579179660273031e-02
1.275999999999999979e+01,7.576220185580414546e-01,-3.271162368610772142e-02,-4.741492223138532580e-02
1.277999999999999936e+01,7.612543178091799589e-01,-3.288350321093878870e-02,-4.715405266616794905e-02
1.280000000000000071e+01,7.648866617748606433e-01,-3.305443517360725364e-02,-4.689318310095055842e-02
1.282000000000000028e+01,7.688822890511948227e-01,-3.324141800136719282e-02,-4.663231353573316085e-02
1.283999999999999986e+01,7.728779649697004039e-01,-3.342735848522505188e-02,-4.637144397051577716e-02
1.285999999999999943e+01,7.768736892584597875e-01,-3.361225661252902064e-02,-4.611057440529838652e-02
1.288000000000000078e+01,7.808694616455523763e-01,-3.379611237069369417e-02,-4.584970484008100977e-02
1.290000000000000036e+01,7.848652818590541314e-01,-3.397892574721025905e-02,-4.558883527486361914e-02
1.291999999999999993e+01,7.888611496270379053e-01,-3.416069672963629317e-02,-4.532796570964622851e-02
1.293999999999999950e+01,7.928570646775728870e-01,-3.434142530560258672e-02,-4.506709614442883094e-02
1.296000000000000085e+01,7.968530267387256005e-01,-3.452111146280801429e-02,-4.480622657921144725e-02
1.298000000000000043e+01,8.008490355385590176e-01,-3.469975518902635586e-02,-4.454535701399404274e-02
1.300000000000000000e+01,8.048450908051330011e-01,-3.487735647209948275e-02,-4.428448744877665211e-02
1.301999999999999957e+01,8.088412380987053396e-01,-3.505287282871315940e-02,-4.350187875312446634e-02
1.303999999999999915e+01,8.128375215291178124e-01,-3.522526171227482322e-02,-4.271927005747230138e-02
1.306000000000000050e+01,8.168339386487413201e-01,-3.539452301720124455e-02,-4.193666136182012949e-02
1.308000000000000007e+01,8.208304870098648287e-01,-3.556065663982321129e-02,-4.115405266616795760e-02
1.309999999999999964e+01,8.248271641646971464e-01,-3.572366247838833914e-02,-4.037144397051577183e-02
1.311999999999999922e+01,8.288239259127426761e-01,-3.588458307564870026e-02,-4.011057440529838813e-02
1.314000000000000057e+01,8.328207295040782610e-01,-3.604446103394515211e-02,-3.984970484008101138e-02
1.316000000000000014e+01,8.368175746667098069e-01,-3.620329634239973643e-02,-3.958883527486361381e-02
1.317999999999999972e+01,8.408144611286403336e-01,-3.636108899020087243e-02,-3.932796570964622318e-02
1.319999999999999929e+01,8.448113886178697518e-01,-3.651783896661019158e-02,-3.906709614442883255e-02
1.322000000000000064e+01,8.484449961128932571e-01,-3.665939105238503332e-02,-3.880622657921144886e-02
1.324000000000000021e+01,8.520786404109086387e-01,-3.679999523574708359e-02,-3.854535701399405823e-02
1.325999999999999979e+01,8.557123212646357002e-01,-3.693965150712608808e-02,-3.828448744877666760e-02
1.327999999999999936e+01,8.593460384267918029e-01,-3.707835985702142428e-02,-3.802361788355927696e-02
1.330000000000000071e+01,8.629797916500918653e-01,-3.721612027598974332e-02,-3.776274831834189327e-02
1.332000000000000028e+01,8.669769595909639914e-01,-3.736661400252579146e-02,-3.750187875312448876e-02
1.333999999999999986e+01,8.709741666550593342e-01,-3.751606498448974147e-02,-3.724100918790709813e-02
1.335999999999999943e+01,8.749714125703559331e-01,-3.766447321171010471e-02,-3.698013962268971444e-02
1.338000000000000078e+01,8.789686970648297182e-01,-3.781183867409028398e-02,-3.671927005747231687e-02
1.340000000000000036e+01,8.829660198664536219e-01,-3.795816136159838733e-02,-3.645840049225494706e-02
1.341999999999999993e+01,8.869633807031983563e-01,-3.810344126427911426e-02,-3.619753092703754949e-02
1.343999999999999950e+01,8.909607793030316358e-01,-3.824767837224526262e-02,-3.593666136182016579e-02
1.346000000000000085e+01,8.949582153939186213e-01,-3.839087267567942163e-02,-3.567579179660276822e-02
1.348000000000000043e+01,8.989556887038223643e-01,-3.853302416483909282e-02,-3.541492223138537759e-02
1.350000000000000000e+01,9.029531989607029185e-01,-3.867413283004816904e-02,-3.515405266616800084e-02
1.351999999999999957e+01,9.065873325350803924e-01,-3.880146540428204560e-02,-3.489318310095061021e-02
1.353999999999999915e+01,9.102214992029939999e-01,-3.892784993934935572e-02,-3.463231353573321958e-02
1.356000000000000050e+01,9.138556987171280177e-01,-3.905328642664708527e-02,-3.437144397051584283e-02
1.358000000000000007e+01,9.174899308301647238e-01,-3.917777485764185885e-02,-3.411057440529844526e-02
1.359999999999999964e+01,9.211241952947838429e-01,-3.930131522385910819e-02,-3.384970484008105462e-02
1.361999999999999922e+01,9.251219215205509494e-01,-3.943616674619568330e-02,-3.358883527486366399e-02
1.364000000000000057e+01,9.291196827889471876e-01,-3.956997537885423299e-02,-3.332796570964628030e-02
1.366000000000000014e+01,9.331174788279130716e-01,-3.970274111272723006e-02,-3.306709614442887579e-02
1.367999999999999972e+01,9.371153093653871169e-01,-3.983446393878034564e-02,-3.280622657921149904e-02
1.369999999999999929e+01,9.411131741293050634e-01,-3.996514384804904924e-02,-3.254535701399409453e-02
1.372000000000000064e+01,9.447476275095736398e-01,-4.008299565131227815e-02,-3.228448744877671084e-02
1.374000000000000021e+01,9.483821115101228605e-01,-4.019989933230525003e-02,-3.202361788355930633e-02
1.375999999999999979e+01,9.520166258836156858e-01,-4.031585488306874132e-02,-3.176274831834192264e-02
1.377999999999999936e+01,9.556511703827125226e-01,-4.043086229571317414e-02,-3.150187875312453201e-02
1.380000000000000071e+01,9.592857447600720011e-01,-4.054492156241241291e-02,-3.124100918790714485e-02
1.382000000000000028e+01,9.629203487683507534e-01,-4.065803267540378518e-02,-3.098013962268975421e-02
1.383999999999999986e+01,9.669184454993886568e-01,-4.078141192214818772e-02,-3.071927005747235317e-02
1.385999999999999943e+01,9.709165742802754462e-01,-4.090374818294882642e-02,-3.045840049225496601e-02
1.388000000000000078e+01,9.749147348389268775e-01,-4.102504144948466297e-02,-3.019753092703757191e-02
1.390000000000000036e+01,9.789129269032563752e-01,-4.114529171349592951e-02,-2.993666136182018128e-02
1.391999999999999993e+01,9.829111502011752544e-01,-4.126449896680287055e-02,-2.967579179660279065e-02
1.393999999999999950e+01,9.869094044605927207e-01,-4.138266320129212889e-02,-2.941492223138540696e-02
1.396000000000000085e+01,9.909076894094158705e-01,-4.149978440892353876e-02,-2.915405266616800939e-02
1.398000000000000043e+01,9.949060047755496905e-01,-4.161586258172333269e-02,-2.889318310095062223e-02
1.400000000000000000e+01,9.989043502868971691e-01,-4.173089771179434859e-02,-2.863231353573323507e-02
1.401999999999999957e+01,1.002539237000044325e+00,-4.183452687498968176e-02,-2.837144397051584097e-02
1.403999999999999915e+01,1.006174150623203589e+00,-4.193720780335281201e-02,-2.811057440529844340e-02
1.406000000000000050e+01,1.009809090909008500e+00,-4.203894048989485072e-02,-2.784970484008105623e-02
1.408000000000000007e+01,1.013444057610090709e+00,-4.213972492769500755e-02,-2.758883527486366560e-02
1.409999999999999964e+01,1.017079050479079871e+00,-4.223956110989438711e-02,-2.732796570964628191e-02
1.411999999999999922e+01,1.021077571147556595e+00,-4.234833782167786442e-02,-2.706709614442888781e-02
1.414000000000000057e+01,1.025076120056511053e+00,-4.245607143742372719e-02,-2.680622657921149371e-02
1.416000000000000014e+01,1.029074696933830246e+00,-4.256276194979997929e-02,-2.654535701399410655e-02
1.417999999999999972e+01,1.033073301507399178e+00,-4.266840935154613684e-02,-2.628448744877671939e-02
1.419999999999999929e+01,1.037071933505101295e+00,-4.277301363547321433e-02,-2.602361788355932876e-02
1.422000000000000064e+01,1.041070592654817828e+00,-4.287657479446201070e-02,-2.576274831834194506e-02
1.424000000000000021e+01,1.045069278684428449e+00,-4.297909282146483018e-02,-2.550187875312455096e-02
1.425999999999999979e+01,1.049067991321810611e+00,-4.308056770950548231e-02,-2.524100918790716033e-02
1.427999999999999936e+01,1.053066730294840436e+00,-4.318099945167756110e-02,-2.498013962268976970e-02
1.430000000000000071e+01,1.057065495331391825e+00,-4.328038804114786586e-02,-2.471927005747237213e-02
1.432000000000000028e+01,1.061064286159337122e+00,-4.337873347115128730e-02,-2.445840049225498150e-02
1.433999999999999986e+01,1.065063102506547121e+00,-4.347603573499422142e-02,-2.419753092703759434e-02
1.435999999999999943e+01,1.069061944100890393e+00,-4.357229482605795567e-02,-2.393666136182020024e-02
1.438000000000000078e+01,1.073060810670234178e+00,-4.366751073778848274e-02,-2.367579179660280614e-02
1.440000000000000036e+01,1.077059701942443937e+00,-4.376168346370838680e-02,-2.341492223138541898e-02
1.441999999999999993e+01,1.081058617645383357e+00,-4.385481299740835032e-02,-2.315405266616802835e-02
1.443999999999999950e+01,1.085057557506914572e+00,-4.394689933255055414e-02,-2.289318310095063772e-02
1.446000000000000085e+01,1.089056521254897936e+00,-4.403794246286697051e-02,-2.263231353573324708e-02
1.448000000000000043e+01,1.093055508617192251e+00,-4.412794238216448395e-02,-2.237144397051585645e-02
1.450000000000000000e+01,1.097054519321654764e+00,-4.421689908431637034e-02,-2.211057440529846582e-02
1.451999999999999957e+01,1.100690004571187597e+00,-4.429682042882039650e-02,-2.184970484008107519e-02
1.453999999999999915e+01,1.104325510546063871e+00,-4.437579338315815469e-02,-2.158883527486368456e-02
1.456000000000000050e+01,1.107961036998876825e+00,-4.445381794195643610e-02,-2.132796570964629393e-02
1.458000000000000007e+01,1.111596583682218142e+00,-4.453089409990548808e-02,-2.106709614442890330e-02
1.459999999999999964e+01,1.115232150348678175e+00,-4.460702185176054074e-02,-2.080622657921151267e-02
1.461999999999999922e+01,1.119231295391062808e+00,-4.468971912639826266e-02,-2.054535701399412204e-02
1.464000000000000057e+01,1.123230461870572627e+00,-4.477137314300520810e-02,-2.028448744877673141e-02
1.466000000000000014e+01,1.127229649515052445e+00,-4.485198389602492591e-02,-2.002361788355934077e-02
1.467999999999999972e+01,1.131228858052345965e+00,-4.493155137997077719e-02,-1.976274831834195014e-02
1.469999999999999929e+01,1.135228087210295111e+00,-4.501007558943100756e-02,-1.950187875312455604e-02
1.472000000000000064e+01,1.139227336716740924e+00,-4.508755651905686779e-02,-1.924100918790717235e-02
1.474000000000000021e+01,1.143226606299522441e+00,-4.516399416357960023e-02,-1.898013962268978519e-02
1.475999999999999979e+01,1.147225895686478037e+00,-4.523938851779515241e-02,-1.871927005747239109e-02
1.477999999999999936e+01,1.151225204605444086e+00,-4.531373957657436335e-02,-1.845840049225500046e-02
1.480000000000000071e+01,1.155224532784255853e+00,-4.538704733485787735e-02,-1.819753092703760983e-02
1.482000000000000028e+01,1.159223879950747493e+00,-4.545931178765442310e-02,-1.793666136182022267e-02
1.483999999999999986e+01,1.163223245832751607e+00,-4.553053293004594160e-02,-1.767579179660282857e-02
1.485999999999999943e+01,1.167222630158099683e+00,-4.560071075718926531e-02,-1.741492223138543446e-02
1.488000000000000078e+01,1.171222032654621881e+00,-4.566984526430591801e-02,-1.715405266616804730e-02
1.490000000000000036e+01,1.175221453050147247e+00,-4.573793644669062880e-02,-1.689318310095065667e-02
1.491999999999999993e+01,1.179220891072503496e+00,-4.580498429971132518e-02,-1.663231353573326604e-02
1.493999999999999950e+01,1.183220346449517013e+00,-4.587098881880402601e-02,-1.637144397051587888e-02
1.496000000000000085e+01,1.187219818909013069e+00,-4.593594999947795549e-02,-1.611057440529848478e-02
1.498000000000000043e+01,1.191219308178816050e+00,-4.599986783731213613e-02,-1.584970484008109415e-02
1.500000000000000000e+01,1.195218813986749007e+00,-4.606274232795537493e-02,-1.558883527486370352e-02
1.501999999999999957e+01,1.198854743144825985e+00,-4.611895245447748121e-02,-1.532796570964631289e-02
1.503999999999999915e+01,1.202490686842696332e+00,-4.617421407584011706e-02,-1.506709614442892399e-02
1.506000000000000050e+01,1.206126644832923311e+00,-4.622852718827956398e-02,-1.480622657921153162e-02
1.508000000000000007e+01,1.209762616868069296e+00,-4.628189178810328958e-02,-1.454535701399414446e-02
1.509999999999999964e+01,1.213398602700695772e+00,-4.633430787167756859e-02,-1.428448744877675210e-02
1.511999999999999922e+01,1.217398202021630071e+00,-4.639092219181268489e-02,-1.402361788355935973e-02
1.514000000000000057e+01,1.221397815975425072e+00,-4.644649313629540394e-02,-1.376274831834197084e-02
1.516000000000000014e+01,1.225397444289895388e+00,-4.650102070134823351e-02,-1.350187875312457847e-02
1.517999999999999972e+01,1.229397086692854524e+00,-4.655450488325665881e-02,-1.324100918790718784e-02
1.519999999999999929e+01,1.233396742912115096e+00,-4.660694567838107732e-02,-1.298013962268979721e-02
1.522000000000000064e+01,1.237396412675488611e+00,-4.665834308315677803e-02,-1.271927005747240658e-02
1.524000000000000021e+01,1.241396095710786129e+00,-4.670869709408204812e-02,-1.245840049225501248e-02
1.525999999999999979e+01,1.245395791745817382e+00,-4.675800770773007320e-02,-1.219753092703762358e-02
1.527999999999999936e+01,1.249395500508391210e+00,-4.680627492074724422e-02,-1.193666136182023642e-02
1.530000000000000071e+01,1.253395221726315789e+00,-4.685349872984803654e-02,-1.167579179660284579e-02
1.532000000000000028e+01,1.257394955127398406e+00,-4.689967913182013087e-02,-1.141492223138545516e-02
1.533999999999999986e+01,1.261394700439445460e+00,-4.694481612351759925e-02,-1.115405266616806453e-02
1.535999999999999943e+01,1.265394457390262684e+00,-4.698890970187111910e-02,-1.089318310095067216e-02
1.538000000000000078e+01,1.269394225707654700e+00,-4.703195986387945920e-02,-1.063231353573328326e-02
1.540000000000000036e+01,1.273394005119425687e+00,-4.707396660661289367e-02,-1.037144397051589263e-02
1.541999999999999993e+01,1.277393795353378936e+00,-4.711492992721318801e-02,-1.011057440529850200e-02
1.543999999999999950e+01,1.281393596137317070e+00,-4.715484982289019911e-02,-9.849704840081113105e-03
1.546000000000000085e+01,1.285393407199041826e+00,-4.719372629093210314e-02,-9.588835274863722474e-03
1.548000000000000043e+01,1.289393228266354274e+00,-4.723155932868835366e-02,-9.327965709646331843e-03
1.550000000000000000e+01,1.293393059067055040e+00,-4.726834893358670964e-02,-9.067096144428941212e-03
1.551999999999999957e+01,1.297029277486953847e+00,-4.730084545134699558e-02,-8.806226579211550581e-03
1.553999999999999915e+01,1.300665504260477334e+00,-4.733239338929393081e-02,-8.545357013994163420e-03
1.556000000000000050e+01,1.304301739140169669e+00,-4.736299274528256442e-02,-8.284487448776769319e-03
1.558000000000000007e+01,1.307937981878574352e+00,-4.739264351722675267e-02,-8.023617883559378688e-03
1.559999999999999964e+01,1.311574232228234438e+00,-4.742134570311154484e-02,-7.762748318341986323e-03
1.561999999999999922e+01,1.315574115713038283e+00,-4.745187466076941640e-02,-7.501878753124595692e-03
1.564000000000000057e+01,1.319574007025816176e+00,-4.748136016953333205e-02,-7.241009187907204193e-03
1.566000000000000014e+01,1.323573905894363634e+00,-4.750980222739963760e-02,-6.980139622689813562e-03
1.567999999999999972e+01,1.327573812046475954e+00,-4.753720083243106326e-02,-6.719270057472423799e-03
1.569999999999999929e+01,1.331573725209947545e+00,-4.756355598276354457e-02,-6.458400492255034035e-03
1.572000000000000064e+01,1.335573645112572816e+00,-4.758886767660281542e-02,-6.197530927037641670e-03
1.574000000000000021e+01,1.339573571482145509e+00,-4.761313591222780806e-02,-5.936661361820250171e-03
1.575999999999999979e+01,1.343573504046458700e+00,-4.763636068798384610e-02,-5.675791796602861275e-03
1.577999999999999936e+01,1.347573442533305466e+00,-4.765854200229456550e-02,-5.414922231385468909e-03
1.580000000000000071e+01,1.351573386670478216e+00,-4.767967985364657962e-02,-5.154052666168078278e-03
1.582000000000000028e+01,1.355573336185769140e+00,-4.769977424060481419e-02,-4.893183100950687647e-03
1.583999999999999986e+01,1.359573290806969759e+00,-4.771882516179887929e-02,-4.632313535733297016e-03
1.585999999999999943e+01,1.363573250261871594e+00,-4.773683261593500426e-02,-4.371443970515904651e-03
1.588000000000000078e+01,1.367573214278265503e+00,-4.775379660178579594e-02,-4.110574405298513152e-03
1.590000000000000036e+01,1.371573182583942341e+00,-4.776971711819706645e-02,-3.849704840081123389e-03
1.591999999999999993e+01,1.375573154906692741e+00,-4.778459416408441934e-02,-3.588835274863733191e-03
1.593999999999999950e+01,1.379573118650877506e+00,-4.780155814878034315e-02,-4.893183100950689382e-03
1.596000000000000085e+01,1.383573056865516682e+00,-4.782373946158074290e-02,-6.197530927037645139e-03
1.598000000000000043e+01,1.387572962745423633e+00,-4.785113806474742409e-02,-7.501878753124601763e-03
1.600000000000000000e+01,1.391572829485466123e+00,-4.788375391166720119e-02,-8.806226579211559255e-03
1.601999999999999957e+01,1.395209030208296008e+00,-4.791814758001444047e-02,-1.011057440529851588e-02
1.603999999999999915e+01,1.398845182976656165e+00,-4.795728408826772232e-02,-1.141492223138547250e-02
1.605999999999999872e+01,1.402481281604276209e+00,-4.800116336984287801e-02,-1.271927005747242913e-02
1.607999999999999829e+01,1.406117319904977681e+00,-4.804978535008725543e-02,-1.402361788355938402e-02
1.610000000000000142e+01,1.409753291692685151e+00,-4.810314994627911539e-02,-1.532796570964634238e-02
1.612000000000000099e+01,1.413752780690311184e+00,-4.816706777976278997e-02,-1.663231353573330074e-02
1.614000000000000057e+01,1.417752182914662429e+00,-4.823620228217451178e-02,-1.793666136182026083e-02
1.616000000000000014e+01,1.421751491561463743e+00,-4.831055333589368700e-02,-1.924100918790721745e-02
1.617999999999999972e+01,1.425750699826599410e+00,-4.839012081442541080e-02,-2.054535701399417061e-02
1.619999999999999929e+01,1.429749800906124246e+00,-4.847490458239978733e-02,-2.184970484008112723e-02
1.621999999999999886e+01,1.433748787996275809e+00,-4.856490449557227668e-02,-2.315405266616808386e-02
1.623999999999999844e+01,1.437747654293485056e+00,-4.866012040082368789e-02,-2.445840049225503701e-02
1.626000000000000156e+01,1.441746392994389003e+00,-4.876055213616153905e-02,-2.576274831834200058e-02
1.628000000000000114e+01,1.445744997295841161e+00,-4.886619953071837108e-02,-2.706709614442895373e-02
1.630000000000000071e+01,1.449743460394924410e+00,-4.897706240475410006e-02,-2.837144397051591035e-02
1.632000000000000028e+01,1.453378292298594276e+00,-4.908258800920979603e-02,-2.967579179660286698e-02
1.633999999999999986e+01,1.457012983468198852e+00,-4.919285460764599022e-02,-3.098013962268982707e-02
1.635999999999999943e+01,1.460647527719954208e+00,-4.930786201246428746e-02,-3.228448744877678717e-02
1.637999999999999901e+01,1.464281918870326882e+00,-4.942761002799936354e-02,-3.358883527486374032e-02
1.639999999999999858e+01,1.467916150736043424e+00,-4.955209845052142847e-02,-3.489318310095070735e-02
1.642000000000000171e+01,1.471913660902243182e+00,-4.969320711253009948e-02,-3.567579179660287925e-02
1.644000000000000128e+01,1.475911059411398218e+00,-4.983744421722377527e-02,-3.645840049225506502e-02
1.646000000000000085e+01,1.479908343815196314e+00,-4.998480967625999055e-02,-3.724100918790722303e-02
1.648000000000000043e+01,1.483905511665395416e+00,-5.013530339938170738e-02,-3.802361788355939493e-02
1.650000000000000000e+01,1.487902560513824968e+00,-5.028892529441505305e-02,-3.880622657921157376e-02
1.651999999999999957e+01,1.491536168008848362e+00,-5.043047738018989479e-02,-3.906709614442896439e-02
1.653999999999999915e+01,1.495169738453602459e+00,-5.057297735874381750e-02,-3.932796570964635502e-02
1.655999999999999872e+01,1.498803271600811948e+00,-5.071642522038121575e-02,-3.958883527486374565e-02
1.657999999999999829e+01,1.502436767203204182e+00,-5.086082095533992625e-02,-3.984970484008115016e-02
1.660000000000000142e+01,1.506070225013509178e+00,-5.100616455379124864e-02,-4.011057440529853385e-02
1.662000000000000099e+01,1.510066944555610524e+00,-5.116812777539012785e-02,-4.089318310095071268e-02
1.664000000000000057e+01,1.514063536119951037e+00,-5.133321881453772884e-02,-4.167579179660288458e-02
1.666000000000000014e+01,1.518059997258712990e+00,-5.150143757012003859e-02,-4.245840049225507035e-02
1.667999999999999972e+01,1.522056325524158593e+00,-5.167278393910678530e-02,-4.324100918790722836e-02
1.669999999999999929e+01,1.526052518468631325e+00,-5.184725781655312449e-02,-4.402361788355940025e-02
1.671999999999999886e+01,1.530048573644557486e+00,-5.202485909559737692e-02,-4.480622657921157909e-02
1.673999999999999844e+01,1.534044488604447976e+00,-5.220558766746329765e-02,-4.558883527486375792e-02
1.676000000000000156e+01,1.538040260900899181e+00,-5.238944342145836902e-02,-4.637144397051592981e-02
1.678000000000000114e+01,1.542035888086595419e+00,-5.257642624497606970e-02,-4.715405266616810864e-02
1.680000000000000071e+01,1.546031367714309379e+00,-5.276653602349305056e-02,-4.793666136182028747e-02
1.682000000000000028e+01,1.549663485553032016e+00,-5.294220567538296396e-02,-4.871927005747245243e-02
1.683999999999999986e+01,1.553295464798878367e+00,-5.312071780019003014e-02,-4.950187875312462432e-02
1.685999999999999943e+01,1.556927303227347181e+00,-5.330207228858004770e-02,-5.028448744877678928e-02
1.687999999999999901e+01,1.560558998614023363e+00,-5.348626902947778428e-02,-5.106709614442896117e-02
1.689999999999999858e+01,1.564190548734579300e+00,-5.367330791006696966e-02,-5.184970484008113306e-02
1.692000000000000171e+01,1.568185146070054659e+00,-5.388113484931426195e-02,-5.211057440529851675e-02
1.694000000000000128e+01,1.572179689053885276e+00,-5.409000385034812286e-02,-5.237144397051592820e-02
1.696000000000000085e+01,1.576174177414230604e+00,-5.429991489895399231e-02,-5.263231353573331189e-02
1.698000000000000043e+01,1.580168610879254532e+00,-5.451086798084751883e-02,-5.289318310095070252e-02
1.700000000000000000e+01,1.584162989177123615e+00,-5.472286308167285257e-02,-5.315405266616808622e-02
1.701999999999999957e+01,1.588157312036009294e+00,-5.493590018700264532e-02,-5.341492223138547685e-02
1.703999999999999915e+01,1.592151579184085675e+00,-5.514997928233975055e-02,-5.367579179660286748e-02
1.705999999999999872e+01,1.596145790349531524e+00,-5.536510035311553030e-02,-5.393666136182027199e-02
1.707999999999999829e+01,1.600139945260528718e+00,-5.558126338468813432e-02,-5.419753092703765568e-02
1.710000000000000142e+01,1.604134043645263574e+00,-5.579846836234933494e-02,-5.445840049225504631e-02
1.712000000000000099e+01,1.608128142029998431e+00,-5.601567334001053555e-02,-5.419753092703765568e-02
1.714000000000000057e+01,1.612122296940995625e+00,-5.623183637158313958e-02,-5.393666136182027893e-02
1.716000000000000014e+01,1.616116508106441474e+00,-5.644695744235891932e-02,-5.367579179660288136e-02
1.717999999999999972e+01,1.620110775254517854e+00,-5.666103653769602455e-02,-5.341492223138549073e-02
1.719999999999999929e+01,1.624105098113403534e+00,-5.687407364302581730e-02,-5.315405266616809316e-02
1.721999999999999886e+01,1.628099476411272617e+00,-5.708606874385115104e-02,-5.289318310095070252e-02
1.723999999999999844e+01,1.632093909876296545e+00,-5.729702182574467756e-02,-5.263231353573331189e-02
1.726000000000000156e+01,1.636088398236641872e+00,-5.750693287435054701e-02,-5.237144397051593514e-02
1.728000000000000114e+01,1.640082941220472490e+00,-5.771580187538440793e-02,-5.211057440529853063e-02
1.730000000000000071e+01,1.644077538555947848e+00,-5.792362881463170021e-02,-5.184970484008114694e-02
1.732000000000000028e+01,1.647709039842562229e+00,-5.811161505401140487e-02,-5.158883527486377019e-02
1.733999999999999986e+01,1.651340590045497603e+00,-5.829865393884303693e-02,-5.132796570964637262e-02
1.735999999999999943e+01,1.654972188917616105e+00,-5.848474545639926331e-02,-5.106709614442898199e-02
1.737999999999999901e+01,1.658603836211776983e+00,-5.866988959401466669e-02,-5.080622657921159135e-02
1.739999999999999858e+01,1.662235531680835710e+00,-5.885408633909035986e-02,-5.054535701399420072e-02
1.742000000000000171e+01,1.665867275077644871e+00,-5.903733567909247304e-02,-5.028448744877680315e-02
1.744000000000000128e+01,1.669862245262794698e+00,-5.923786779379297540e-02,-5.002361788355941252e-02
1.746000000000000085e+01,1.673857267624734746e+00,-5.943735773554739005e-02,-4.976274831834202189e-02
1.748000000000000043e+01,1.677852341891592047e+00,-5.963580549077953513e-02,-4.950187875312463126e-02
1.750000000000000000e+01,1.681847467791490081e+00,-5.983321104598303408e-02,-4.924100918790723369e-02
1.751999999999999957e+01,1.685842645052548994e+00,-6.002957438772640181e-02,-4.898013962268985000e-02
1.753999999999999915e+01,1.689837873402885160e+00,-6.022489550264285840e-02,-4.871927005747245937e-02
1.755999999999999872e+01,1.693833152570611622e+00,-6.041917437744391550e-02,-4.845840049225506180e-02
1.757999999999999829e+01,1.697828482283837870e+00,-6.061241099890578299e-02,-4.819753092703767117e-02
1.760000000000000142e+01,1.701460645908230651e+00,-6.078713313979104693e-02,-4.793666136182029441e-02
1.762000000000000099e+01,1.705092854988722317e+00,-6.096090775379706117e-02,-4.767579179660289684e-02
1.764000000000000057e+01,1.708725109278130150e+00,-6.113373482909719575e-02,-4.741492223138549233e-02
1.766000000000000014e+01,1.712357408529268765e+00,-6.130561435392826303e-02,-4.715405266616811558e-02
1.767999999999999972e+01,1.715989752494949450e+00,-6.147654631659672797e-02,-4.689318310095072495e-02
1.769999999999999929e+01,1.719985379771283629e+00,-6.166352914435666716e-02,-4.663231353573332738e-02
1.771999999999999886e+01,1.723981055689789210e+00,-6.184946962821452621e-02,-4.637144397051594369e-02
1.773999999999999844e+01,1.727976779978548594e+00,-6.203436775551849497e-02,-4.611057440529855306e-02
1.776000000000000156e+01,1.731972552365641294e+00,-6.221822351368316850e-02,-4.584970484008117630e-02
1.778000000000000114e+01,1.735968372579143049e+00,-6.240103689019973338e-02,-4.558883527486378567e-02
1.780000000000000071e+01,1.739964216615207171e+00,-6.258332907173849713e-02,-4.558883527486379261e-02
1.782000000000000028e+01,1.743960060651271293e+00,-6.276562125327726782e-02,-4.558883527486379955e-02
1.783999999999999986e+01,1.747955904687335416e+00,-6.294791343481603851e-02,-4.558883527486380649e-02
1.785999999999999943e+01,1.751951748723399538e+00,-6.313020561635480921e-02,-4.558883527486381343e-02
1.787999999999999901e+01,1.755947592759463660e+00,-6.331249779789357990e-02,-4.558883527486381343e-02
1.789999999999999858e+01,1.759943436795527782e+00,-6.349478997943235059e-02,-4.558883527486381343e-02
1.792000000000000171e+01,1.763939280831591905e+00,-6.367708216097112128e-02,-4.558883527486381343e-02
1.794000000000000128e+01,1.767935124867656027e+00,-6.385937434250989198e-02,-4.558883527486381343e-02
1.796000000000000085e+01,1.771930968903720149e+00,-6.404166652404866267e-02,-4.558883527486381343e-02
1.798000000000000043e+01,1.775926812939784272e+00,-6.422395870558743336e-02,-4.558883527486381343e-02
1.800000000000000000e+01,1.779922656975848394e+00,-6.440625088712620405e-02,-4.558883527486381343e-02
1.801999999999999957e+01,1.783918501011912516e+00,-6.458854306866497474e-02,-4.558883527486381343e-02
1.803999999999999915e+01,1.787914345047976639e+00,-6.477083525020374544e-02,-4.558883527486381343e-02
1.805999999999999872e+01,1.791910189084040761e+00,-6.495312743174251613e-02,-4.558883527486381343e-02
1.807999999999999829e+01,1.795906033120104883e+00,-6.513541961328128682e-02,-4.558883527486381343e-02
1.810000000000000142e+01,1.799538618607436025e+00,-6.530113977831653038e-02,-4.558883527486381343e-02
1.812000000000000099e+01,1.803171204094767166e+00,-6.546685994335177394e-02,-4.558883527486381343e-02
1.814000000000000057e+01,1.806803789582098307e+00,-6.563258010838701750e-02,-4.558883527486381343e-02
1.816000000000000014e+01,1.810436375069429449e+00,-6.579830027342226106e-02,-4.558883527486381343e-02
1.817999999999999972e+01,1.814068960556760590e+00,-6.596402043845750462e-02,-4.558883527486381343e-02
1.819999999999999929e+01,1.818064804592824713e+00,-6.614631261999627532e-02,-4.558883527486381343e-02
1.821999999999999886e+01,1.822060648628888835e+00,-6.632860480153504601e-02,-4.558883527486381343e-02
1.823999999999999844e+01,1.826056492664952957e+00,-6.651089698307381670e-02,-4.558883527486381343e-02
1.826000000000000156e+01,1.830052336701017079e+00,-6.669318916461258739e-02,-4.558883527486381343e-02
1.828000000000000114e+01,1.834048180737081202e+00,-6.687548134615135809e-02,-4.558883527486381343e-02
1.830000000000000071e+01,1.838044024773145324e+00,-6.705777352769012878e-02,-4.558883527486381343e-02
1.832000000000000028e+01,1.842039868809209446e+00,-6.724006570922889947e-02,-4.558883527486381343e-02
1.833999999999999986e+01,1.846035712845273569e+00,-6.742235789076767016e-02,-4.558883527486381343e-02
1.835999999999999943e+01,1.850031556881337691e+00,-6.760465007230644086e-02,-4.558883527486381343e-02
1.837999999999999901e+01,1.854027400917401813e+00,-6.778694225384521155e-02,-4.558883527486381343e-02
1.839999999999999858e+01,1.858023244953465936e+00,-6.796923443538398224e-02,-4.558883527486381343e-02
1.842000000000000171e+01,1.862019088989530058e+00,-6.815152661692275293e-02,-4.558883527486381343e-02
1.844000000000000128e+01,1.866014933025594180e+00,-6.833381879846152362e-02,-4.558883527486381343e-02
1.846000000000000085e+01,1.870010777061658303e+00,-6.851611098000029432e-02,-4.558883527486381343e-02
1.848000000000000043e+01,1.874006621097722425e+00,-6.869840316153906501e-02,-4.558883527486381343e-02
1.850000000000000000e+01,1.878002465133786547e+00,-6.888069534307783570e-02,-4.558883527486381343e-02
1.851999999999999957e+01,1.881998309169850669e+00,-6.906298752461660639e-02,-4.558883527486381343e-02
1.853999999999999915e+01,1.885994153205914792e+00,-6.924527970615537709e-02,-4.558883527486381343e-02
1.855999999999999872e+01,1.889989997241978914e+00,-6.942757188769414778e-02,-4.558883527486381343e-02
1.857999999999999829e+01,1.893985841278043036e+00,-6.960986406923291847e-02,-4.558883527486381343e-02
1.860000000000000142e+01,1.897618426765374178e+00,-6.977558423426816203e-02,-4.558883527486381343e-02
1.862000000000000099e+01,1.901251012252705319e+00,-6.994130439930340559e-02,-4.558883527486381343e-02
1.864000000000000057e+01,1.904883597740036461e+00,-7.010702456433864915e-02,-4.558883527486381343e-02
1.866000000000000014e+01,1.908516183227367602e+00,-7.027274472937389271e-02,-4.558883527486381343e-02
1.867999999999999972e+01,1.912148768714698743e+00,-7.043846489440913627e-02,-4.558883527486381343e-02
1.869999999999999929e+01,1.916144612750762866e+00,-7.062075707594790697e-02,-4.558883527486381343e-02
1.871999999999999886e+01,1.920140456786826988e+00,-7.080304925748667766e-02,-4.558883527486381343e-02
1.873999999999999844e+01,1.924136300822891110e+00,-7.098534143902544835e-02,-4.558883527486381343e-02
1.876000000000000156e+01,1.928132144858955233e+00,-7.116763362056421904e-02,-4.558883527486381343e-02
1.878000000000000114e+01,1.932127988895019355e+00,-7.134992580210298974e-02,-4.558883527486381343e-02
1.880000000000000071e+01,1.936123832931083477e+00,-7.153221798364176043e-02,-4.558883527486381343e-02
1.882000000000000028e+01,1.940119676967147599e+00,-7.171451016518053112e-02,-4.558883527486381343e-02
1.883999999999999986e+01,1.944115521003211722e+00,-7.189680234671930181e-02,-4.558883527486381343e-02
1.885999999999999943e+01,1.948111365039275844e+00,-7.207909452825807251e-02,-4.558883527486381343e-02
1.887999999999999901e+01,1.952107209075339966e+00,-7.226138670979684320e-02,-4.558883527486381343e-02
1.889999999999999858e+01,1.956103053111404089e+00,-7.244367889133561389e-02,-4.558883527486381343e-02
1.892000000000000171e+01,1.960098897147468211e+00,-7.262597107287438458e-02,-4.558883527486381343e-02
1.894000000000000128e+01,1.964094741183532333e+00,-7.280826325441315527e-02,-4.558883527486381343e-02
1.896000000000000085e+01,1.968090585219596456e+00,-7.299055543595192597e-02,-4.558883527486381343e-02
1.898000000000000043e+01,1.972086429255660578e+00,-7.317284761749069666e-02,-4.558883527486381343e-02
1.900000000000000000e+01,1.976082273291724700e+00,-7.335513979902946735e-02,-4.558883527486381343e-02
1.901999999999999957e+01,1.980078117327788823e+00,-7.353743198056823804e-02,-4.558883527486381343e-02
1.903999999999999915e+01,1.984073961363852945e+00,-7.371972416210700874e-02,-4.558883527486381343e-02
1.905999999999999872e+01,1.988069805399917067e+00,-7.390201634364577943e-02,-4.558883527486381343e-02
1.907999999999999829e+01,1.992065649435981189e+00,-7.408430852518455012e-02,-4.558883527486381343e-02
1.910000000000000142e+01,1.995698234923312331e+00,-7.425002869021979368e-02,-4.558883527486381343e-02
1.912000000000000099e+01,1.999330820410643472e+00,-7.441574885525503724e-02,-4.558883527486381343e-02
1.914000000000000057e+01,2.002963405897974614e+00,-7.458146902029028080e-02,-4.558883527486381343e-02
1.916000000000000014e+01,2.006595991385305755e+00,-7.474718918532552436e-02,-4.558883527486381343e-02
1.917999999999999972e+01,2.010228576872636896e+00,-7.491290935036076792e-02,-4.558883527486381343e-02
1.919999999999999929e+01,2.014224631232733209e+00,-7.509051059314626742e-02,-4.324100918790728387e-02
1.921999999999999886e+01,2.018221091555582714e+00,-7.525872931438515323e-02,-4.089318310095077513e-02
1.923999999999999844e+01,2.022217935811557510e+00,-7.541756458680834441e-02,-3.854535701399425252e-02
1.926000000000000156e+01,2.026215141968914057e+00,-7.556701553487014944e-02,-3.619753092703772990e-02
1.928000000000000114e+01,2.030212687993913523e+00,-7.570708133475471946e-02,-3.384970484008120728e-02
1.930000000000000071e+01,2.034210517987259159e+00,-7.583880414287925975e-02,-3.202361788355945899e-02
1.932000000000000028e+01,2.038208581852205992e+00,-7.596322635023486369e-02,-3.019753092703772457e-02
1.933999999999999986e+01,2.042206866256839337e+00,-7.608034754192408156e-02,-2.837144397051598668e-02
1.935999999999999943e+01,2.046205357868509100e+00,-7.619016732739561371e-02,-2.654535701399424533e-02
1.937999999999999901e+01,2.050204043353875072e+00,-7.629268534044530981e-02,-2.471927005747250397e-02
1.939999999999999858e+01,2.054202909378949560e+00,-7.638790123921712638e-02,-2.289318310095076955e-02
1.942000000000000171e+01,2.058201942609144020e+00,-7.647581470620481991e-02,-2.106709614442903167e-02
1.944000000000000128e+01,2.062201129709311243e+00,-7.655642544825294604e-02,-1.924100918790729725e-02
1.946000000000000085e+01,2.066200457343791097e+00,-7.662973319655758120e-02,-1.741492223138555243e-02
1.948000000000000043e+01,2.070199912176455381e+00,-7.669573770666703039e-02,-1.558883527486381801e-02
1.950000000000000000e+01,2.074199417984388116e+00,-7.675861219731026919e-02,-1.584970484008120864e-02
1.951999999999999957e+01,2.078198907254191319e+00,-7.682253003514444289e-02,-1.611057440529859927e-02
1.953999999999999915e+01,2.082198379713687597e+00,-7.688749121581837931e-02,-1.637144397051599337e-02
1.955999999999999872e+01,2.086197835090700892e+00,-7.695349573491108708e-02,-1.663231353573338053e-02
1.957999999999999829e+01,2.090197273113056919e+00,-7.702054358793178346e-02,-1.689318310095077116e-02
1.960000000000000142e+01,2.093833109836261919e+00,-7.708244466282697382e-02,-1.715405266616816179e-02
1.962000000000000099e+01,2.097468930287645694e+00,-7.714529421475120607e-02,-1.741492223138554896e-02
1.964000000000000057e+01,2.101104734219780390e+00,-7.720909223942695743e-02,-1.767579179660294306e-02
1.966000000000000014e+01,2.104740521385238594e+00,-7.727383873251170154e-02,-1.793666136182033716e-02
1.967999999999999972e+01,2.108376291536594671e+00,-7.733953368959792241e-02,-1.819753092703772432e-02
1.969999999999999929e+01,2.112375619715406661e+00,-7.741284144788143640e-02,-1.845840049225511495e-02
1.971999999999999886e+01,2.116374928634372488e+00,-7.748719250666065428e-02,-1.871927005747250558e-02
1.973999999999999844e+01,2.120374218021328083e+00,-7.756258686087620646e-02,-1.898013962268990315e-02
1.976000000000000156e+01,2.124373487604109823e+00,-7.763902450539894584e-02,-1.924100918790729378e-02
1.978000000000000114e+01,2.128372737110555413e+00,-7.771650543502479913e-02,-1.950187875312467747e-02
1.980000000000000071e+01,2.132372064382147325e+00,-7.778981317667756079e-02,-1.715405266616815833e-02
1.982000000000000028e+01,2.136371552744694036e+00,-7.785373100001156954e-02,-1.480622657921163744e-02
1.983999999999999986e+01,2.140371180151876107e+00,-7.790825855269385702e-02,-1.245840049225511656e-02
1.985999999999999943e+01,2.144370924556608493e+00,-7.795339553415306377e-02,-1.011057440529859568e-02
1.987999999999999901e+01,2.148370763911161330e+00,-7.798914169558093801e-02,-7.762748318342073059e-03
1.989999999999999858e+01,2.152007047780360338e+00,-7.801310091772063748e-02,-5.414922231385551309e-03
1.992000000000000171e+01,2.155643377879478351e+00,-7.802852271954097141e-02,-3.067096144429029992e-03
1.994000000000000128e+01,2.159279734164027964e+00,-7.803540701603264851e-02,-7.192700574725085670e-04
1.996000000000000085e+01,2.162916096589377890e+00,-7.803375376924753803e-02,1.628556029484012641e-03
1.998000000000000043e+01,2.166552445110863090e+00,-7.802356298829868364e-02,3.976382116440533958e-03
2.000000000000000000e+01,2.170188759683894464e+00,-7.800483472936044216e-02,6.324208203397056575e-03
2.001999999999999957e+01,2.174188689183326861e+00,-7.798110325376607366e-02,5.541599507744882080e-03
2.003999999999999915e+01,2.178188636030285785e+00,-7.796050216472866223e-02,4.758990812092708453e-03
2.005999999999999872e+01,2.182188597774898042e+00,-7.794303147486425498e-02,3.976382116440533090e-03
2.007999999999999829e+01,2.186188571967281558e+00,-7.792869119487493001e-02,3.193773420788359463e-03
2.010000000000000142e+01,2.189824918531450226e+00,-7.791755179909795603e-02,2.932903855570967097e-03
2.012000000000000099e+01,2.193461267877816034e+00,-7.790736101583786710e-02,2.672034290353574731e-03
2.014000000000000057e+01,2.197097619758914711e+00,-7.789811884578644319e-02,2.411164725136183233e-03
2.016000000000000014e+01,2.200733973927282427e+00,-7.788982528957198725e-02,2.150295159918790434e-03
2.017999999999999972e+01,2.204370330135454026e+00,-7.788248034776093509e-02,1.889425594701398719e-03
2.019999999999999929e+01,2.208370323936016177e+00,-7.787544438816065839e-02,1.628556029484007003e-03
2.021999999999999886e+01,2.212370319435940313e+00,-7.786945190543233253e-02,1.367686464266615071e-03
2.023999999999999844e+01,2.216370316363015291e+00,-7.786450289998281260e-02,1.106816899049223573e-03
2.026000000000000156e+01,2.220370314445029081e+00,-7.786059737214745535e-02,8.459473338318315326e-04
2.028000000000000114e+01,2.224370313409770539e+00,-7.785773532219524007e-02,5.850777686144396006e-04
2.030000000000000071e+01,2.228370312985028079e+00,-7.785591675031852676e-02,3.242082033970478312e-04
2.032000000000000028e+01,2.232370312898589670e+00,-7.785514165664328412e-02,6.333863817965606179e-05
2.033999999999999986e+01,2.236370312878243727e+00,-7.785541004121888931e-02,-1.975309270377357618e-04
2.035999999999999943e+01,2.240370312651778661e+00,-7.785672190403171433e-02,-4.584004922551276938e-04
2.037999999999999901e+01,2.244370311946982444e+00,-7.785907724498813964e-02,-7.192700574725194090e-04
2.039999999999999858e+01,2.248006674260310866e+00,-7.786216708038967704e-02,-9.801396226899114494e-04
2.042000000000000171e+01,2.251643035643862589e+00,-7.786620553193100702e-02,-1.241009187907303598e-03
2.044000000000000128e+01,2.255279395850172897e+00,-7.787119259933664162e-02,-1.501878753124695313e-03
2.046000000000000085e+01,2.258915754631776629e+00,-7.787712828226921180e-02,-1.762748318342087462e-03
2.048000000000000043e+01,2.262552111741209071e+00,-7.788401258032170982e-02,-2.023617883559478744e-03
2.050000000000000000e+01,2.266552102449984840e+00,-7.789262878429896453e-02,-2.284487448776871543e-03
2.051999999999999957e+01,2.270552090774949683e+00,-7.790228846380842231e-02,-2.545357013994263042e-03
2.053999999999999915e+01,2.274552076443892457e+00,-7.791299161819298380e-02,-2.806226579211654974e-03
2.055999999999999872e+01,2.278552059184602907e+00,-7.792473824672234428e-02,-3.067096144429046906e-03
2.057999999999999829e+01,2.282552038724870336e+00,-7.793752834859979384e-02,-3.327965709646438838e-03
2.060000000000000142e+01,2.286552014792484044e+00,-7.795136192295375188e-02,-3.588835274863831203e-03
2.062000000000000099e+01,2.290551987115234223e+00,-7.796623896884111171e-02,-3.849704840081222702e-03
2.064000000000000057e+01,2.294551955420911060e+00,-7.798215948525237529e-02,-4.110574405298612899e-03
2.066000000000000014e+01,2.298551919437305191e+00,-7.799912347110316002e-02,-4.371443970516003530e-03
2.067999999999999972e+01,2.302551878892206805e+00,-7.801713092523927806e-02,-4.632313535733395896e-03
2.069999999999999929e+01,2.306551833513407423e+00,-7.803618184643335010e-02,-4.893183100950787394e-03
2.071999999999999886e+01,2.310551783028698125e+00,-7.805627623339157772e-02,-5.154052666168178892e-03
2.073999999999999844e+01,2.314551727165870876e+00,-7.807741408474358491e-02,-5.414922231385569523e-03
2.076000000000000156e+01,2.318551665652717642e+00,-7.809959539905429737e-02,-5.675791796602961889e-03
2.078000000000000114e+01,2.322551598217030833e+00,-7.812282017481034235e-02,-5.936661361820350785e-03
2.080000000000000071e+01,2.326551524586603303e+00,-7.814708841043534193e-02,-6.197530927037742284e-03
2.082000000000000028e+01,2.330551444489228352e+00,-7.817240010427461971e-02,-6.458400492255135517e-03
2.083999999999999986e+01,2.334551357652700165e+00,-7.819875525460710797e-02,-6.719270057472526148e-03
2.085999999999999943e+01,2.338551263804812486e+00,-7.822615385963853363e-02,-6.980139622689916779e-03
2.087999999999999901e+01,2.342551162673359944e+00,-7.825459591750483224e-02,-7.241009187907308277e-03
2.089999999999999858e+01,2.346187427503157785e+00,-7.828140092547203333e-02,-7.501878753124699775e-03
2.092000000000000171e+01,2.349823685216615665e+00,-7.830915452334281934e-02,-7.762748318342089539e-03
2.094000000000000128e+01,2.353459935566275973e+00,-7.833785670922760458e-02,-8.023617883559482772e-03
2.096000000000000085e+01,2.357096178304680656e+00,-7.836750748117178589e-02,-8.284487448776873403e-03
2.098000000000000043e+01,2.360732413184372991e+00,-7.839810683716041950e-02,-8.545357013994269238e-03
2.100000000000000000e+01,2.364732262635248716e+00,-7.843280956890204270e-02,-8.806226579211659869e-03
2.101999999999999957e+01,2.368732102897137537e+00,-7.846855573843836140e-02,-9.067096144429052235e-03
2.103999999999999915e+01,2.372731933697838080e+00,-7.850534534333671044e-02,-9.327965709646444600e-03
2.105999999999999872e+01,2.376731754765150750e+00,-7.854317838109295402e-02,-9.588835274863836966e-03
2.107999999999999829e+01,2.380731565826875507e+00,-7.858205484913485805e-02,-9.849704840081231066e-03
2.110000000000000142e+01,2.384731366610813641e+00,-7.862197474481187609e-02,-1.011057440529862343e-02
2.112000000000000099e+01,2.388731156844766890e+00,-7.866293806541216349e-02,-1.037144397051601580e-02
2.114000000000000057e+01,2.392730936256537877e+00,-7.870494480814559102e-02,-1.063231353573340816e-02
2.116000000000000014e+01,2.396730704573930115e+00,-7.874799497015393113e-02,-1.089318310095079879e-02
2.117999999999999972e+01,2.400730461524747561e+00,-7.879208854850744403e-02,-1.115405266616819289e-02
2.119999999999999929e+01,2.404730240664322061e+00,-7.883409528838196401e-02,-9.849704840081238005e-03
2.121999999999999886e+01,2.408730071192822564e+00,-7.887088489077685727e-02,-8.545357013994284850e-03
2.123999999999999844e+01,2.412729946305245399e+00,-7.890245729310109424e-02,-7.241009187907326491e-03
2.126000000000000156e+01,2.416729859196511399e+00,-7.892881244163998944e-02,-5.936661361820369867e-03
2.128000000000000114e+01,2.420729803061476115e+00,-7.894995029155420230e-02,-4.632313535733414978e-03
2.130000000000000071e+01,2.424729771094943587e+00,-7.896587080688209637e-02,-3.327965709646459221e-03
2.132000000000000028e+01,2.428729756491675662e+00,-7.897657396053771317e-02,-2.023617883559503030e-03
2.133999999999999986e+01,2.432729752446405325e+00,-7.898205973431110527e-02,-7.192700574725473814e-04
2.135999999999999943e+01,2.436729752153847794e+00,-7.898232811886968241e-02,5.850777686144083755e-04
2.137999999999999901e+01,2.440729748808711186e+00,-7.897737911375654618e-02,1.889425594701364241e-03
2.139999999999999858e+01,2.444366100442345591e+00,-7.896813694433374442e-02,3.193773420788321299e-03
2.142000000000000171e+01,2.448002436927675607e+00,-7.895415171676993527e-02,4.498121246875277923e-03
2.144000000000000128e+01,2.451638752078117989e+00,-7.893542345485796141e-02,5.802469072962232813e-03
2.146000000000000085e+01,2.455275039707126350e+00,-7.891195219046072407e-02,7.106816899049189437e-03
2.148000000000000043e+01,2.458911293628200934e+00,-7.888373796351082212e-02,8.411164725136144327e-03
2.150000000000000000e+01,2.462911098372075447e+00,-7.884435482401301598e-02,1.128072994252744821e-02
2.151999999999999957e+01,2.466910773635623944e+00,-7.879349416184622257e-02,1.415029515991875382e-02
2.153999999999999915e+01,2.470910286483924967e+00,-7.873115639581720893e-02,1.701986037731005943e-02
2.155999999999999872e+01,2.474909603983394213e+00,-7.865734203924011625e-02,1.988942559470136331e-02
2.157999999999999829e+01,2.478908693202055868e+00,-7.857205169993164429e-02,2.275899081209266719e-02
2.160000000000000142e+01,2.482907521209814838e+00,-7.847528608020661045e-02,2.562855602948397107e-02
2.162000000000000099e+01,2.486906055078725863e+00,-7.836704597687170482e-02,2.849812124687527495e-02
2.164000000000000057e+01,2.490904261883265747e+00,-7.824733228121916184e-02,3.136768646426658230e-02
2.166000000000000014e+01,2.494902108700605137e+00,-7.811614597901921087e-02,3.423725168165787924e-02
2.167999999999999972e+01,2.498899562610878977e+00,-7.797348815051212412e-02,3.710681689904918312e-02
2.169999999999999929e+01,2.502896671384181815e+00,-7.782144536620001773e-02,3.893290385557093142e-02
2.171999999999999886e+01,2.506893495849928932e+00,-7.766210377125024045e-02,4.075899081209265890e-02
2.173999999999999844e+01,2.510890022680338785e+00,-7.749546389700190385e-02,4.258507776861440719e-02
2.176000000000000156e+01,2.514886238548622366e+00,-7.732152629913105479e-02,4.441116472513614855e-02
2.178000000000000114e+01,2.518882130129028063e+00,-7.714029155764917656e-02,4.623725168165789684e-02
2.180000000000000071e+01,2.522877634416316184e+00,-7.695071798210166569e-02,4.858507776861439864e-02
2.182000000000000028e+01,2.526872682606048581e+00,-7.675176418846783866e-02,5.093290385557092126e-02
2.183999999999999986e+01,2.530867252676381352e+00,-7.654343127343780917e-02,5.328072994252744388e-02
2.185999999999999943e+01,2.534861322608107148e+00,-7.632572038540182124e-02,5.562855602948398037e-02
2.187999999999999901e+01,2.538854870384774642e+00,-7.609863272444457316e-02,5.797638211644049605e-02
2.189999999999999858e+01,2.542484873664808021e+00,-7.588366619525629964e-02,6.032420820339701867e-02
2.192000000000000171e+01,2.546114362236473916e+00,-7.566017764997960693e-02,6.267203429035353435e-02
2.194000000000000128e+01,2.549743316092997869e+00,-7.542816832054710652e-02,6.501986037731005696e-02
2.196000000000000085e+01,2.553371715230552397e+00,-7.518763948586040802e-02,6.736768646426657958e-02
2.198000000000000043e+01,2.556999539648368458e+00,-7.493859247178252803e-02,6.971551255122310220e-02
2.200000000000000000e+01,2.560989417820972669e+00,-7.465423145375334191e-02,7.258507776861440608e-02
2.201999999999999957e+01,2.564978463575085854e+00,-7.435842240658233071e-02,7.545464298600569608e-02
2.203999999999999915e+01,2.568966644063314320e+00,-7.405116776607913176e-02,7.832420820339701384e-02
2.205999999999999872e+01,2.572953926445388895e+00,-7.373247006230104761e-02,8.119377342078830384e-02
2.207999999999999829e+01,2.576940277888436270e+00,-7.340233191953234038e-02,8.406333863817959384e-02
2.210000000000000142e+01,2.580925665567248561e+00,-7.306075605626179137e-02,8.693290385557091160e-02
2.212000000000000099e+01,2.584910056664553757e+00,-7.270774528516149582e-02,8.980246907296221548e-02
2.214000000000000057e+01,2.588893418371286170e+00,-7.234330251306299309e-02,9.267203429035350548e-02
2.216000000000000014e+01,2.592875717886856890e+00,-7.196743074093332748e-02,9.554159950774482324e-02
2.217999999999999972e+01,2.596856922419422897e+00,-7.158013306385073438e-02,9.841116472513612712e-02
2.219999999999999929e+01,2.600475457577065441e+00,-7.122049166740702930e-02,9.971551255122308721e-02
2.221999999999999886e+01,2.604093520559219055e+00,-7.085613074976825077e-02,1.010198603773100473e-01
2.223999999999999844e+01,2.607711105210389402e+00,-7.048705093082983930e-02,1.023242082033970074e-01
2.226000000000000156e+01,2.611328205375897049e+00,-7.011325283851611856e-02,1.036285560294839675e-01
2.228000000000000114e+01,2.614944814901885906e+00,-6.973473710877808873e-02,1.049329038555709415e-01
2.230000000000000071e+01,2.618922428531515578e+00,-6.931214348925766877e-02,1.067589908120926689e-01
2.232000000000000028e+01,2.622899263837016992e+00,-6.888228710999530491e-02,1.085850777686144242e-01
2.233999999999999986e+01,2.626875307557264616e+00,-6.844516940438750974e-02,1.104111647251361655e-01
2.235999999999999943e+01,2.630850546433772141e+00,-6.800079183004342775e-02,1.122372516816578791e-01
2.237999999999999901e+01,2.634824967210737334e+00,-6.754915586878146305e-02,1.140633386381796205e-01
2.239999999999999858e+01,2.638798556635085557e+00,-6.709026302662320085e-02,1.158894255947013757e-01
2.242000000000000171e+01,2.642771301456515065e+00,-6.662411483378996579e-02,1.177155125512231171e-01
2.244000000000000128e+01,2.646743188427540083e+00,-6.615071284469556390e-02,1.195415995077448584e-01
2.246000000000000085e+01,2.650714204303535215e+00,-6.567005863794286857e-02,1.213676864642665998e-01
2.248000000000000043e+01,2.654684335842780740e+00,-6.518215381631820016e-02,1.231937734207883550e-01
2.250000000000000000e+01,2.657932102200361246e+00,-6.477872235801372669e-02,1.239763821164405200e-01
2.251999999999999957e+01,2.661179551834416124e+00,-6.437274929332204021e-02,1.247589908120926849e-01
2.253999999999999915e+01,2.664426682755959952e+00,-6.396423487089170079e-02,1.255415995077448499e-01
2.255999999999999872e+01,2.667673492976201821e+00,-6.355317934092845344e-02,1.263242082033970148e-01
2.257999999999999829e+01,2.670919980506547109e+00,-6.313958295519379871e-02,1.271068168990492075e-01
2.260000000000000142e+01,2.673805458597259932e+00,-6.276968341013795805e-02,1.278894255947013447e-01
2.262000000000000099e+01,2.676690646317758215e+00,-6.239752577834551533e-02,1.286720342903535097e-01
2.264000000000000057e+01,2.679575541900932834e+00,-6.202311028775325114e-02,1.294546429860057024e-01
2.266000000000000014e+01,2.682460143579853629e+00,-6.164643716768251902e-02,1.302372516816578396e-01
2.267999999999999972e+01,2.685344449587770299e+00,-6.126750664883676145e-02,1.310198603773100046e-01
2.269999999999999929e+01,2.688228458158113288e+00,-6.088631896330152365e-02,1.318024690729621695e-01
2.271999999999999886e+01,2.691112167524496002e+00,-6.050287434454527241e-02,1.325850777686143345e-01
2.273999999999999844e+01,2.693995575920714369e+00,-6.011717302741897279e-02,1.333676864642664994e-01
2.276000000000000156e+01,2.696878681580749060e+00,-5.972921524815569955e-02,1.341502951599186089e-01
2.278000000000000114e+01,2.699761482738766372e+00,-5.933900124436978368e-02,1.349329038555708571e-01
2.280000000000000071e+01,2.702283395723969139e+00,-5.899361629723252898e-02,1.372807299425273519e-01
2.282000000000000028e+01,2.704804490855376997e+00,-5.864231129436953821e-02,1.396285560294838468e-01
2.283999999999999986e+01,2.707324754235995279e+00,-5.828508817227375655e-02,1.419763821164403694e-01
2.285999999999999943e+01,2.709844171973414095e+00,-5.792194890006089475e-02,1.443242082033969198e-01
2.287999999999999901e+01,2.712362730179885606e+00,-5.755289547945809797e-02,1.466720342903533869e-01
2.289999999999999858e+01,2.715240196182626242e+00,-5.712511402969762397e-02,1.484981212468751421e-01
2.292000000000000171e+01,2.718116876222086642e+00,-5.669207879296035008e-02,1.503242082033968419e-01
2.294000000000000128e+01,2.720992760705711166e+00,-5.625379121324242115e-02,1.521502951599186249e-01
2.296000000000000085e+01,2.723867840043596278e+00,-5.581025275205456215e-02,1.539763821164403246e-01
2.298000000000000043e+01,2.726742104648523402e+00,-5.536146488841659635e-02,1.558024690729620521e-01
2.300000000000000000e+01,2.729256675388110231e+00,-5.496615133964273536e-02,1.560633386381794496e-01
2.301999999999999957e+01,2.731771142916862516e+00,-5.457018182935074319e-02,1.563242082033968472e-01
2.303999999999999915e+01,2.734285507063663800e+00,-5.417355638448900085e-02,1.565850777686142448e-01
2.305999999999999872e+01,2.736799767657403848e+00,-5.377627503204922277e-02,1.568459473338316146e-01
2.307999999999999829e+01,2.739313924526979971e+00,-5.337833779906645676e-02,1.571068168990490677e-01
2.310000000000000142e+01,2.741468737827786661e+00,-5.303612445301757183e-02,1.578894255947012049e-01
2.312000000000000099e+01,2.743623282649593875e+00,-5.269222483631291754e-02,1.586720342903533976e-01
2.314000000000000057e+01,2.745777557672794522e+00,-5.234663915958295832e-02,1.594546429860055348e-01
2.316000000000000014e+01,2.747931561577945825e+00,-5.199936763449070076e-02,1.602372516816576997e-01
2.317999999999999972e+01,2.750085293045771095e+00,-5.165041047373139516e-02,1.610198603773098647e-01
2.319999999999999929e+01,2.752238842204715485e+00,-5.130032966659373722e-02,1.612807299425272622e-01
2.321999999999999886e+01,2.754392299964955271e+00,-5.094968707594214885e-02,1.615415995077446598e-01
2.323999999999999844e+01,2.756545666179941456e+00,-5.059848272563757798e-02,1.618024690729621129e-01
2.326000000000000156e+01,2.758698940703131264e+00,-5.024671663958184264e-02,1.620633386381794827e-01
2.328000000000000114e+01,2.760852123387987689e+00,-4.989438884171296107e-02,1.623242082033969080e-01
2.330000000000000071e+01,2.763005260104833383e+00,-4.954178019592692106e-02,1.623242082033969080e-01
2.332000000000000028e+01,2.765158396821679077e+00,-4.918917155014088105e-02,1.623242082033969080e-01
2.333999999999999986e+01,2.767311533538524770e+00,-4.883656290435484104e-02,1.623242082033969080e-01
2.335999999999999943e+01,2.769464670255370464e+00,-4.848395425856880103e-02,1.623242082033969080e-01
2.337999999999999901e+01,2.771617806972216158e+00,-4.813134561278276102e-02,1.623242082033969080e-01
2.339999999999999858e+01,2.773411740978074302e+00,-4.783539901615387058e-02,1.646720342903534307e-01
2.342000000000000171e+01,2.775204975209093483e+00,-4.753524139400820692e-02,1.670198603773099810e-01
2.344000000000000128e+01,2.776997499780455847e+00,-4.723087440090008998e-02,1.693676864642665036e-01
2.346000000000000085e+01,2.778789304811255079e+00,-4.692229971458700133e-02,1.717155125512230263e-01
2.348000000000000043e+01,2.780580380424551912e+00,-4.660951903602049418e-02,1.740633386381795489e-01
2.350000000000000000e+01,2.782728982520900285e+00,-4.623025799771811328e-02,1.753676864642665090e-01
2.351999999999999957e+01,2.784877088101345155e+00,-4.584819475835956448e-02,1.766720342903534691e-01
2.353999999999999915e+01,2.787024693511265028e+00,-4.546332996795800913e-02,1.779763821164404292e-01
2.355999999999999872e+01,2.789171795096889284e+00,-4.507566428129248376e-02,1.792807299425274170e-01
2.357999999999999829e+01,2.791318389205304396e+00,-4.468519835790808054e-02,1.805850777686143216e-01
2.360000000000000142e+01,2.793107005165627932e+00,-4.435864350732066086e-02,1.805850777686143216e-01
2.362000000000000099e+01,2.794895621125951468e+00,-4.403208865673324118e-02,1.805850777686143216e-01
2.364000000000000057e+01,2.796684237086275004e+00,-4.370553380614582151e-02,1.805850777686143216e-01
2.366000000000000014e+01,2.798472853046598541e+00,-4.337897895555840183e-02,1.805850777686143216e-01
2.367999999999999972e+01,2.800261469006922077e+00,-4.305242410497098215e-02,1.805850777686143216e-01
2.369999999999999929e+01,2.801692259403255392e+00,-4.279062033663564441e-02,1.813676864642664865e-01
2.371999999999999886e+01,2.803122844471541253e+00,-4.252769689958314780e-02,1.821502951599187070e-01
2.373999999999999844e+01,2.804553223335580103e+00,-4.226365395484802528e-02,1.829329038555708442e-01
2.376000000000000156e+01,2.805983395119298951e+00,-4.199849166414987983e-02,1.837155125512230092e-01
2.378000000000000114e+01,2.807413358946751369e+00,-4.173221018989460573e-02,1.844981212468751741e-01
2.380000000000000071e+01,2.808842903942487368e+00,-4.146369089330436547e-02,1.868459473338317522e-01
2.382000000000000028e+01,2.810271814562163684e+00,-4.119181601684163835e-02,1.891937734207882471e-01
2.383999999999999986e+01,2.811700082929218247e+00,-4.091658705915805772e-02,1.915415995077447697e-01
2.385999999999999943e+01,2.813127701170628381e+00,-4.063800553739406463e-02,1.938894255947012646e-01
2.387999999999999901e+01,2.814554661416956094e+00,-4.035607298717037994e-02,1.962372516816578150e-01
2.389999999999999858e+01,2.816337715492707172e+00,-4.000040064043855481e-02,1.975415995077447751e-01
2.392000000000000171e+01,2.818120304131362275e+00,-3.964240287421529757e-02,1.988459473338317351e-01
2.394000000000000128e+01,2.819902424300162025e+00,-3.928208029757085384e-02,2.001502951599186952e-01
2.396000000000000085e+01,2.821684072967144630e+00,-3.891943352352986857e-02,2.014546429860056831e-01
2.398000000000000043e+01,2.823465247101149878e+00,-3.855446316907198967e-02,2.027589908120926154e-01
2.400000000000000000e+01,2.824890033975927306e+00,-3.826174345876363209e-02,2.024981212468752179e-01
2.401999999999999957e+01,2.826314897163886730e+00,-3.796939544194381094e-02,2.022372516816578203e-01
2.403999999999999915e+01,2.827739836568062159e+00,-3.767741913850764651e-02,2.019763821164403950e-01
2.405999999999999872e+01,2.829164852091482718e+00,-3.738581456832487659e-02,2.017155125512229974e-01
2.407999999999999829e+01,2.830589943637171757e+00,-3.709458175124046714e-02,2.014546429860056553e-01
2.410000000000000142e+01,2.831658819240403524e+00,-3.687643596811517044e-02,2.011937734207882300e-01
2.412000000000000099e+01,2.832727751714859910e+00,-3.665856902952307345e-02,2.009329038555708324e-01
2.414000000000000057e+01,2.833796740987797325e+00,-3.644098095029080220e-02,2.006720342903534071e-01
2.416000000000000014e+01,2.834865786986467739e+00,-3.622367174522640731e-02,2.004111647251360095e-01
2.417999999999999972e+01,2.835934889638119571e+00,-3.600664142911751825e-02,2.001502951599186120e-01
2.419999999999999929e+01,2.837003878838308957e+00,-3.578905336469292986e-02,2.014546429860055998e-01
2.421999999999999886e+01,2.838072583318712372e+00,-3.557007115201819836e-02,2.027589908120925599e-01
2.423999999999999844e+01,2.839141001261117569e+00,-3.534969516365273068e-02,2.040633386381794923e-01
2.426000000000000156e+01,2.840209130847801244e+00,-3.512792577452725218e-02,2.053676864642663968e-01
2.428000000000000114e+01,2.841276970261529478e+00,-3.490476336194307805e-02,2.066720342903533847e-01
2.430000000000000071e+01,2.842344400211611166e+00,-3.467965139064102531e-02,2.090198603773099073e-01
2.432000000000000028e+01,2.843411298696430833e+00,-3.445203390219928052e-02,2.113676864642664299e-01
2.433999999999999986e+01,2.844477659834939942e+00,-3.422191215131021452e-02,2.137155125512229803e-01
2.435999999999999943e+01,2.845543477749052474e+00,-3.398928740647048918e-02,2.160633386381794752e-01
2.437999999999999901e+01,2.846608746563676462e+00,-3.375416094997394506e-02,2.184111647251359700e-01
2.439999999999999858e+01,2.847673769690635126e+00,-3.351792298324868941e-02,2.181502951599186002e-01
2.442000000000000171e+01,2.848738854408649601e+00,-3.328196285667827520e-02,2.178894255947011194e-01
2.444000000000000128e+01,2.849804000645237867e+00,-3.304628058632105153e-02,2.176285560294837218e-01
2.446000000000000085e+01,2.850869208327913906e+00,-3.281087618821586227e-02,2.173676864642663242e-01
2.448000000000000043e+01,2.851934477384186817e+00,-3.257574967838251789e-02,2.171068168990489267e-01
2.450000000000000000e+01,2.853354672269656334e+00,-3.226150667262480537e-02,2.184111647251359145e-01
2.451999999999999957e+01,2.854774456064955501e+00,-3.194541150659532813e-02,2.197155125512227913e-01
2.453999999999999915e+01,2.856193826354573417e+00,-3.162746471807394155e-02,2.210198603773097792e-01
2.455999999999999872e+01,2.857612780723702617e+00,-3.130766684799101557e-02,2.223242082033967393e-01
2.457999999999999829e+01,2.859031316758243957e+00,-3.098601844042581446e-02,2.236285560294836994e-01
2.460000000000000142e+01,2.860095155865004291e+00,-3.074450459234742000e-02,2.228459473338315622e-01
2.462000000000000099e+01,2.861159183656794891e+00,-3.050382338788057424e-02,2.220633386381793972e-01
2.464000000000000057e+01,2.862223399481923725e+00,-3.026397497443679419e-02,2.212807299425271768e-01
2.466000000000000014e+01,2.863287802688584183e+00,-3.002495949891751184e-02,2.204981212468750673e-01
2.467999999999999972e+01,2.864352392624854193e+00,-2.978677710771407763e-02,2.197155125512228746e-01
2.469999999999999929e+01,2.865417168638697554e+00,-2.954942794670744818e-02,2.189329038555707097e-01
2.471999999999999886e+01,2.866482130077964374e+00,-2.931291216126865468e-02,2.181502951599185725e-01
2.473999999999999844e+01,2.867547276290390634e+00,-2.907722989625770998e-02,2.173676864642663797e-01
2.476000000000000156e+01,2.868612606623599515e+00,-2.884238129602470502e-02,2.165850777686142703e-01
2.478000000000000114e+01,2.869678120425101842e+00,-2.860836650440855625e-02,2.158024690729621053e-01
2.480000000000000071e+01,2.870388503649604850e+00,-2.845254195185078355e-02,2.160633386381794752e-01
2.482000000000000028e+01,2.871098846200053067e+00,-2.829653208723454522e-02,2.163242082033968727e-01
2.483999999999999986e+01,2.871809148028106051e+00,-2.814033692117626217e-02,2.165850777686143258e-01
2.485999999999999943e+01,2.872519409085425135e+00,-2.798395646430597988e-02,2.168459473338316956e-01
2.487999999999999901e+01,2.873229629323675205e+00,-2.782739072726581053e-02,2.171068168990490932e-01
2.489999999999999858e+01,2.873939685705708680e+00,-2.767008399762937651e-02,2.189329038555708207e-01
2.492000000000000171e+01,2.874649453648260078e+00,-2.751148090629283380e-02,2.207589908120925759e-01
2.494000000000000128e+01,2.875358930784542633e+00,-2.735158198213293382e-02,2.225850777686143034e-01
2.496000000000000085e+01,2.876068114748739024e+00,-2.719038775834745764e-02,2.244111647251360309e-01
2.498000000000000043e+01,2.876777003176009817e+00,-2.702789877245344655e-02,2.262372516816577583e-01
2.500000000000000000e+01,2.877485550888045029e+00,-2.686393073703600629e-02,2.285850777686142532e-01
2.501999999999999957e+01,2.878193711679144506e+00,-2.669829960826396176e-02,2.309329038555707758e-01
2.503999999999999915e+01,2.878901481645724125e+00,-2.653100629914327199e-02,2.332807299425273262e-01
2.505999999999999872e+01,2.879608856886354484e+00,-2.636205173184234807e-02,2.356285560294838488e-01
2.507999999999999829e+01,2.880315833501781775e+00,-2.619143683768682812e-02,2.379763821164404269e-01
2.510000000000000142e+01,2.881022362549655824e+00,-2.601897825890261973e-02,2.408459473338316892e-01
2.512000000000000099e+01,2.881728393808148603e+00,-2.584449296176636809e-02,2.437155125512230069e-01
2.514000000000000057e+01,2.882433921463517734e+00,-2.566798238305962113e-02,2.465850777686142969e-01
2.516000000000000014e+01,2.883138939706166415e+00,-2.548944797624088515e-02,2.494546429860055869e-01
2.517999999999999972e+01,2.883843442730693596e+00,-2.530889121143366574e-02,2.523242082033969047e-01
2.519999999999999929e+01,2.884899807952780115e+00,-2.503654003703899983e-02,2.523242082033969047e-01
2.521999999999999886e+01,2.885956173174866635e+00,-2.476418886264433392e-02,2.523242082033969047e-01
2.523999999999999844e+01,2.887012538396953154e+00,-2.449183768824966800e-02,2.523242082033969047e-01
2.526000000000000156e+01,2.888068903619039673e+00,-2.421948651385500209e-02,2.523242082033969047e-01
2.528000000000000114e+01,2.889125268841126193e+00,-2.394713533946033618e-02,2.523242082033969047e-01
2.530000000000000071e+01,2.890181456143370298e+00,-2.367409530854907782e-02,2.536285560294838648e-01
2.532000000000000028e+01,2.891237286408086860e+00,-2.339967787468151886e-02,2.549329038555708249e-01
2.533999999999999986e+01,2.892292757838967443e+00,-2.312388350473026585e-02,2.562372516816577850e-01
2.535999999999999943e+01,2.893347868640314235e+00,-2.284671266791065899e-02,2.575415995077447451e-01
2.537999999999999901e+01,2.894402617017042711e+00,-2.256816583577984578e-02,2.588459473338317052e-01
2.539999999999999858e+01,2.895809238029977362e+00,-2.219787088102911227e-02,2.559763821164404152e-01
2.542000000000000171e+01,2.897216915835636897e+00,-2.183161383604976385e-02,2.531068168990491252e-01
2.544000000000000128e+01,2.898625638842640573e+00,-2.146939771674843261e-02,2.502372516816578352e-01
2.546000000000000085e+01,2.900035395451001197e+00,-2.111122550575712103e-02,2.473676864642665174e-01
2.548000000000000043e+01,2.901446174052221050e+00,-2.075710015240867304e-02,2.444981212468751997e-01
2.550000000000000000e+01,2.902504741572673463e+00,-2.049343864871542090e-02,2.437155125512230347e-01
2.551999999999999957e+01,2.903563515112716598e+00,-2.023060566982722019e-02,2.429329038555708697e-01
2.553999999999999915e+01,2.904622494023876733e+00,-1.996860137672309965e-02,2.421502951599187048e-01
2.555999999999999872e+01,2.905681677657554030e+00,-1.970742592987448361e-02,2.413676864642665398e-01
2.557999999999999829e+01,2.906741065365023857e+00,-1.944707948924518162e-02,2.405850777686143749e-01
2.560000000000000142e+01,2.907800724113464685e+00,-1.918783864995790914e-02,2.392807299425274148e-01
2.562000000000000099e+01,2.908860720100624242e+00,-1.892998019438989904e-02,2.379763821164405102e-01
2.564000000000000057e+01,2.909921051523106428e+00,-1.867350456124155025e-02,2.366720342903535224e-01
2.566000000000000014e+01,2.910981716576944933e+00,-1.841841218686087259e-02,2.353676864642665623e-01
2.567999999999999972e+01,2.912042713457606347e+00,-1.816470350524227936e-02,2.340633386381795744e-01
2.569999999999999929e+01,2.913104040359991931e+00,-1.791237894802630293e-02,2.327589908120926421e-01
2.571999999999999886e+01,2.914165695478442064e+00,-1.766143894449849483e-02,2.314546429860056265e-01
2.573999999999999844e+01,2.915227677006738460e+00,-1.741188392158886031e-02,2.301502951599186941e-01
2.576000000000000156e+01,2.916289983138107278e+00,-1.716371430387101521e-02,2.288459473338317340e-01
2.578000000000000114e+01,2.917352612065222672e+00,-1.691693051356173844e-02,2.275415995077447739e-01
2.580000000000000071e+01,2.917352612065222672e+00,-1.691693051356173844e-02,2.252307299425273801e-01
2.582000000000000028e+01,2.917352612065222672e+00,-1.691693051356173844e-02,2.229198603773099863e-01
2.583999999999999986e+01,2.917352612065222672e+00,-1.691693051356173844e-02,2.206089908120925924e-01
2.585999999999999943e+01,2.917352612065222672e+00,-1.691693051356173844e-02,2.182981212468751986e-01
2.587999999999999901e+01,2.917352612065222672e+00,-1.691693051356173844e-02,2.159872516816578047e-01
2.589999999999999858e+01,2.917352612065222672e+00,-1.691693051356173844e-02,2.126648277686143118e-01
2.592000000000000171e+01,2.917352612065222672e+00,-1.691693051356173844e-02,2.093424038555708744e-01
2.594000000000000128e+01,2.917352612065222672e+00,-1.691693051356173844e-02,2.060199799425273814e-01
2.596000000000000085e+01,2.917352612065222672e+00,-1.691693051356173844e-02,2.026975560294839163e-01
2.598000000000000043e+01,2.917352612065222672e+00,-1.691693051356173844e-02,1.993751321164404788e-01
2.600000000000000000e+01,2.917352612065222672e+00,-1.691693051356173844e-02,1.950360960838317947e-01
2.601999999999999957e+01,2.917352612065222672e+00,-1.691693051356173844e-02,1.906970600512231107e-01
2.603999999999999915e+01,2.917352612065222672e+00,-1.691693051356173844e-02,1.863580240186144266e-01
2.605999999999999872e+01,2.917352612065222672e+00,-1.691693051356173844e-02,1.820189879860057425e-01
2.607999999999999829e+01,2.917352612065222672e+00,-1.691693051356173844e-02,1.776799519533970584e-01
2.610000000000000142e+01,2.917352612065222672e+00,-1.691693051356173844e-02,1.723192207406253340e-01
2.612000000000000099e+01,2.917352612065222672e+00,-1.691693051356173844e-02,1.669584895278535541e-01
2.614000000000000057e+01,2.917352612065222672e+00,-1.691693051356173844e-02,1.615977583150818297e-01
2.616000000000000014e+01,2.917352612065222672e+00,-1.691693051356173844e-02,1.562370271023100776e-01
2.617999999999999972e+01,2.917352612065222672e+00,-1.691693051356173844e-02,1.508762958895383810e-01
2.619999999999999929e+01,2.917352612065222672e+00,-1.691693051356173844e-02,1.448762958895383479e-01
2.621999999999999886e+01,2.917352612065222672e+00,-1.691693051356173844e-02,1.388762958895383426e-01
2.623999999999999844e+01,2.917352612065222672e+00,-1.691693051356173844e-02,1.328762958895383373e-01
2.626000000000000156e+01,2.917352612065222672e+00,-1.691693051356173844e-02,1.268762958895383319e-01
2.628000000000000114e+01,2.917352612065222672e+00,-1.691693051356173844e-02,1.208762958895383266e-01
2.630000000000000071e+01,2.917352612065222672e+00,-1.691693051356173844e-02,1.148762958895383074e-01
2.632000000000000028e+01,2.917352612065222672e+00,-1.691693051356173844e-02,1.088762958895383159e-01
2.633999999999999986e+01,2.917352612065222672e+00,-1.691693051356173844e-02,1.028762958895383106e-01
2.635999999999999943e+01,2.917352612065222672e+00,-1.691693051356173844e-02,9.687629588953833304e-02
2.637999999999999901e+01,2.917352612065222672e+00,-1.691693051356173844e-02,9.087629588953829995e-02
2.639999999999999858e+01,2.917352612065222672e+00,-1.691693051356173844e-02,8.487629588953826687e-02
2.642000000000000171e+01,2.917352612065222672e+00,-1.691693051356173844e-02,7.887629588953827542e-02
2.644000000000000128e+01,2.917352612065222672e+00,-1.691693051356173844e-02,7.287629588953829785e-02
2.646000000000000085e+01,2.917352612065222672e+00,-1.691693051356173844e-02,6.687629588953829252e-02
2.648000000000000043e+01,2.917352612065222672e+00,-1.691693051356173844e-02,6.087629588953829413e-02
2.650000000000000000e+01,2.917352612065222672e+00,-1.691693051356173844e-02,6.087629588953829413e-02
2.651999999999999957e+01,2.917352612065222672e+00,-1.691693051356173844e-02,6.087629588953829413e-02
2.653999999999999915e+01,2.917352612065222672e+00,-1.691693051356173844e-02,6.087629588953829413e-02
2.655999999999999872e+01,2.917352612065222672e+00,-1.691693051356173844e-02,6.087629588953829413e-02
2.657999999999999829e+01,2.917352612065222672e+00,-1.691693051356173844e-02,6.087629588953829413e-02
2.660000000000000142e+01,2.917352612065222672e+00,-1.691693051356173844e-02,6.087629588953829413e-02
2.662000000000000099e+01,2.917352612065222672e+00,-1.691693051356173844e-02,6.087629588953829413e-02
2.664000000000000057e+01,2.917352612065222672e+00,-1.691693051356173844e-02,6.087629588953829413e-02
2.666000000000000014e+01,2.917352612065222672e+00,-1.691693051356173844e-02,6.187629588953828114e-02
2.667999999999999972e+01,2.917352612065222672e+00,-1.691693051356173844e-02,6.287629588953827509e-02
2.669999999999999929e+01,2.917352612065222672e+00,-1.691693051356173844e-02,6.387629588953828985e-02
2.671999999999999886e+01,2.917352612065222672e+00,-1.691693051356173844e-02,6.487629588953829074e-02
2.673999999999999844e+01,2.917352612065222672e+00,-1.691693051356173844e-02,6.587629588953829163e-02
2.676000000000000156e+01,2.917352612065222672e+00,-1.691693051356173844e-02,6.788129588953832616e-02
2.678000000000000114e+01,2.917352612065222672e+00,-1.691693051356173844e-02,6.988629588953829130e-02
2.680000000000000071e+01,2.917352612065222672e+00,-1.691693051356173844e-02,7.189129588953831196e-02
2.682000000000000028e+01,2.917352612065222672e+00,-1.691693051356173844e-02,7.389629588953830486e-02
2.683999999999999986e+01,2.917352612065222672e+00,-1.691693051356173844e-02,7.590129588953832551e-02
2.685999999999999943e+01,2.917352612065222672e+00,-1.691693051356173844e-02,7.891632088953833002e-02
2.687999999999999901e+01,2.917352612065222672e+00,-1.691693051356173844e-02,8.193134588953830677e-02
2.689999999999999858e+01,2.917352612065222672e+00,-1.691693051356173844e-02,8.494637088953833903e-02
2.692000000000000171e+01,2.917352612065222672e+00,-1.691693051356173844e-02,8.796139588953834354e-02
2.694000000000000128e+01,2.917352612065222672e+00,-1.691693051356173844e-02,9.097642088953834805e-02
2.696000000000000085e+01,2.917352612065222672e+00,-1.691693051356173844e-02,9.500652101453833931e-02
2.698000000000000043e+01,2.917352612065222672e+00,-1.691693051356173844e-02,9.903662113953835833e-02
2.700000000000000000e+01,2.917352612065222672e+00,-1.691693051356173844e-02,1.030667212645383496e-01
2.701999999999999957e+01,2.917352612065222672e+00,-1.691693051356173844e-02,1.070968213895383686e-01
2.703999999999999915e+01,2.917352612065222672e+00,-1.691693051356173844e-02,1.111269215145383876e-01
2.705999999999999872e+01,2.917352612065222672e+00,-1.691693051356173844e-02,1.161771721401633900e-01
2.707999999999999829e+01,2.917352612065222672e+00,-1.691693051356173844e-02,1.212274227657883924e-01
2.710000000000000142e+01,2.917352612065222672e+00,-1.691693051356173844e-02,1.262776733914133809e-01
2.712000000000000099e+01,2.917352612065222672e+00,-1.691693051356173844e-02,1.313279240170383833e-01
2.714000000000000057e+01,2.917352612065222672e+00,-1.691693051356173844e-02,1.363781746426633579e-01
2.716000000000000014e+01,2.917352612065222672e+00,-1.691693051356173844e-02,1.423781746426633910e-01
2.717999999999999972e+01,2.917352612065222672e+00,-1.691693051356173844e-02,1.483781746426633685e-01
2.719999999999999929e+01,2.917352612065222672e+00,-1.691693051356173844e-02,1.543781746426633739e-01
2.721999999999999886e+01,2.917352612065222672e+00,-1.691693051356173844e-02,1.603781746426633514e-01
2.723999999999999844e+01,2.917352612065222672e+00,-1.691693051356173844e-02,1.663781746426633845e-01
2.726000000000000156e+01,2.917352612065222672e+00,-1.691693051356173844e-02,1.723781746426633898e-01
2.728000000000000114e+01,2.917352612065222672e+00,-1.691693051356173844e-02,1.783781746426633952e-01
2.730000000000000071e+01,2.917352612065222672e+00,-1.691693051356173844e-02,1.843781746426634005e-01
2.732000000000000028e+01,2.917352612065222672e+00,-1.691693051356173844e-02,1.903781746426633781e-01
2.733999999999999986e+01,2.917352612065222672e+00,-1.691693051356173844e-02,1.963781746426633834e-01
2.735999999999999943e+01,2.917352612065222672e+00,-1.691693051356173844e-02,2.023781746426634720e-01
2.737999999999999901e+01,2.917352612065222672e+00,-1.691693051356173844e-02,2.083781746426634218e-01
2.739999999999999858e+01,2.917352612065222672e+00,-1.691693051356173844e-02,2.143781746426635104e-01
2.742000000000000171e+01,2.917352612065222672e+00,-1.691693051356173844e-02,2.203781746426634602e-01
2.744000000000000128e+01,2.917352612065222672e+00,-1.691693051356173844e-02,2.263781746426635211e-01
2.746000000000000085e+01,2.917352612065222672e+00,-1.691693051356173844e-02,2.323781746426635264e-01
2.748000000000000043e+01,2.917352612065222672e+00,-1.691693051356173844e-02,2.383781746426635040e-01
2.750000000000000000e+01,2.917352612065222672e+00,-1.691693051356173844e-02,2.443781746426635371e-01
2.751999999999999957e+01,2.917352612065222672e+00,-1.691693051356173844e-02,2.503781746426635424e-01
2.753999999999999915e+01,2.917352612065222672e+00,-1.691693051356173844e-02,2.563781746426635477e-01
2.755999999999999872e+01,2.917352612065222672e+00,-1.691693051356173844e-02,2.623781746426635531e-01
2.757999999999999829e+01,2.917352612065222672e+00,-1.691693051356173844e-02,2.683781746426636139e-01
2.760000000000000142e+01,2.917352612065222672e+00,-1.691693051356173844e-02,2.743781746426635637e-01
2.762000000000000099e+01,2.917352612065222672e+00,-1.691693051356173844e-02,2.803781746426635690e-01
2.764000000000000057e+01,2.917352612065222672e+00,-1.691693051356173844e-02,2.863781746426635744e-01
2.766000000000000014e+01,2.917352612065222672e+00,-1.691693051356173844e-02,2.923781746426635797e-01
2.767999999999999972e+01,2.917352612065222672e+00,-1.691693051356173844e-02,2.983781746426635850e-01
2.769999999999999929e+01,2.917352612065222672e+00,-1.691693051356173844e-02,3.043781746426635348e-01
2.771999999999999886e+01,2.917352612065222672e+00,-1.691693051356173844e-02,3.103781746426635957e-01
2.773999999999999844e+01,2.917352612065222672e+00,-1.691693051356173844e-02,3.163781746426636010e-01
2.776000000000000156e+01,2.917352612065222672e+00,-1.691693051356173844e-02,3.223781746426636063e-01
2.778000000000000114e+01,2.917352612065222672e+00,-1.691693051356173844e-02,3.283781746426636672e-01
2.780000000000000071e+01,2.917352612065222672e+00,-1.691693051356173844e-02,3.343781746426636725e-01
2.782000000000000028e+01,2.917352612065222672e+00,-1.691693051356173844e-02,3.403781746426636778e-01
2.783999999999999986e+01,2.917352612065222672e+00,-1.691693051356173844e-02,3.463781746426636277e-01
2.785999999999999943e+01,2.917352612065222672e+00,-1.691693051356173844e-02,3.523781746426635775e-01
2.787999999999999901e+01,2.917352612065222672e+00,-1.691693051356173844e-02,3.583781746426636383e-01
2.789999999999999858e+01,2.917352612065222672e+00,-1.691693051356173844e-02,3.643781746426636436e-01
2.792000000000000171e+01,2.917352612065222672e+00,-1.691693051356173844e-02,3.703781746426636490e-01
2.794000000000000128e+01,2.917352612065222672e+00,-1.691693051356173844e-02,3.763781746426635988e-01
2.796000000000000085e+01,2.917352612065222672e+00,-1.691693051356173844e-02,3.823781746426636596e-01
2.798000000000000043e+01,2.917352612065222672e+00,-1.691693051356173844e-02,3.883781746426636095e-01
2.800000000000000000e+01,2.917352612065222672e+00,-1.691693051356173844e-02,3.943781746426636148e-01
2.801999999999999957e+01,2.917352612065222672e+00,-1.691693051356173844e-02,4.003781746426636756e-01
2.803999999999999915e+01,2.917352612065222672e+00,-1.691693051356173844e-02,4.063781746426636809e-01
2.805999999999999872e+01,2.917352612065222672e+00,-1.691693051356173844e-02,4.123781746426636308e-01
2.807999999999999829e+01,2.917352612065222672e+00,-1.691693051356173844e-02,4.183781746426636361e-01
2.810000000000000142e+01,2.917352612065222672e+00,-1.691693051356173844e-02,4.243781746426636969e-01
2.812000000000000099e+01,2.917352612065222672e+00,-1.691693051356173844e-02,4.303781746426637578e-01
2.814000000000000057e+01,2.917352612065222672e+00,-1.691693051356173844e-02,4.363781746426637631e-01
2.816000000000000014e+01,2.917352612065222672e+00,-1.691693051356173844e-02,4.423781746426637684e-01
2.817999999999999972e+01,2.917352612065222672e+00,-1.691693051356173844e-02,4.483781746426637738e-01
2.819999999999999929e+01,2.917352612065222672e+00,-1.691693051356173844e-02,4.543781746426637791e-01
2.821999999999999886e+01,2.917352612065222672e+00,-1.691693051356173844e-02,4.603781746426637844e-01
2.823999999999999844e+01,2.917352612065222672e+00,-1.691693051356173844e-02,4.663781746426637342e-01
2.826000000000000156e+01,2.917352612065222672e+00,-1.691693051356173844e-02,4.723781746426637951e-01
2.828000000000000114e+01,2.917352612065222672e+00,-1.691693051356173844e-02,4.783781746426638004e-01
2.830000000000000071e+01,2.917352612065222672e+00,-1.691693051356173844e-02,4.843781746426638057e-01
2.832000000000000028e+01,2.917352612065222672e+00,-1.691693051356173844e-02,4.903781746426639221e-01
2.833999999999999986e+01,2.917352612065222672e+00,-1.691693051356173844e-02,4.963781746426639274e-01
2.835999999999999943e+01,2.917352612065222672e+00,-1.691693051356173844e-02,5.023781746426638772e-01
2.837999999999999901e+01,2.917352612065222672e+00,-1.691693051356173844e-02,5.083781746426637715e-01
2.839999999999999858e+01,2.917352612065222672e+00,-1.691693051356173844e-02,5.143781746426638879e-01
2.842000000000000171e+01,2.917352612065222672e+00,-1.691693051356173844e-02,5.203781746426638932e-01
2.844000000000000128e+01,2.917352612065222672e+00,-1.691693051356173844e-02,5.263781746426637875e-01
2.846000000000000085e+01,2.917352612065222672e+00,-1.691693051356173844e-02,5.323781746426639039e-01
2.848000000000000043e+01,2.917352612065222672e+00,-1.691693051356173844e-02,5.383781746426639092e-01
2.850000000000000000e+01,2.917352612065222672e+00,-1.691693051356173844e-02,5.443781746426640256e-01
2.851999999999999957e+01,2.917352612065222672e+00,-1.691693051356173844e-02,5.503781746426639199e-01
2.853999999999999915e+01,2.917352612065222672e+00,-1.691693051356173844e-02,5.563781746426639252e-01
2.855999999999999872e+01,2.917352612065222672e+00,-1.691693051356173844e-02,5.623781746426639305e-01
2.857999999999999829e+01,2.917352612065222672e+00,-1.691693051356173844e-02,5.683781746426640469e-01
2.860000000000000142e+01,2.917352612065222672e+00,-1.691693051356173844e-02,5.743781746426640522e-01
2.862000000000000099e+01,2.917352612065222672e+00,-1.691693051356173844e-02,5.803781746426641686e-01
2.864000000000000057e+01,2.917352612065222672e+00,-1.691693051356173844e-02,5.863781746426639518e-01
2.866000000000000014e+01,2.917352612065222672e+00,-1.691693051356173844e-02,5.923781746426640682e-01
2.867999999999999972e+01,2.917352612065222672e+00,-1.691693051356173844e-02,5.983781746426640735e-01
2.869999999999999929e+01,2.917352612065222672e+00,-1.691693051356173844e-02,6.043781746426639678e-01
2.871999999999999886e+01,2.917352612065222672e+00,-1.691693051356173844e-02,6.103781746426639732e-01
2.873999999999999844e+01,2.917352612065222672e+00,-1.691693051356173844e-02,6.163781746426639785e-01
2.876000000000000156e+01,2.917352612065222672e+00,-1.691693051356173844e-02,6.223781746426639838e-01
2.878000000000000114e+01,2.917352612065222672e+00,-1.691693051356173844e-02,6.283781746426639891e-01
2.880000000000000071e+01,2.917352612065222672e+00,-1.691693051356173844e-02,6.343781746426639945e-01
2.882000000000000028e+01,2.917352612065222672e+00,-1.691693051356173844e-02,6.403781746426641108e-01
2.883999999999999986e+01,2.917352612065222672e+00,-1.691693051356173844e-02,6.463781746426641162e-01
2.885999999999999943e+01,2.917352612065222672e+00,-1.691693051356173844e-02,6.523781746426642325e-01
2.887999999999999901e+01,2.917352612065222672e+00,-1.691693051356173844e-02,6.583781746426641268e-01
2.889999999999999858e+01,2.917352612065222672e+00,-1.691693051356173844e-02,6.643781746426641321e-01
2.892000000000000171e+01,2.917352612065222672e+00,-1.691693051356173844e-02,6.703781746426641375e-01
2.894000000000000128e+01,2.917352612065222672e+00,-1.691693051356173844e-02,6.763781746426641428e-01
2.896000000000000085e+01,2.917352612065222672e+00,-1.691693051356173844e-02,6.823781746426641481e-01
2.898000000000000043e+01,2.917352612065222672e+00,-1.691693051356173844e-02,6.883781746426641535e-01
2.900000000000000000e+01,2.917352612065222672e+00,-1.691693051356173844e-02,6.943781746426640478e-01
2.901999999999999957e+01,2.917352612065222672e+00,-1.691693051356173844e-02,7.003781746426641641e-01
2.903999999999999915e+01,2.917352612065222672e+00,-1.691693051356173844e-02,7.063781746426641694e-01
2.905999999999999872e+01,2.917352612065222672e+00,-1.691693051356173844e-02,7.123781746426641748e-01
2.907999999999999829e+01,2.917352612065222672e+00,-1.691693051356173844e-02,7.183781746426641801e-01
2.910000000000000142e+01,2.917352612065222672e+00,-1.691693051356173844e-02,7.243781746426641854e-01
2.912000000000000099e+01,2.917352612065222672e+00,-1.691693051356173844e-02,7.303781746426641908e-01
2.914000000000000057e+01,2.917352612065222672e+00,-1.691693051356173844e-02,7.363781746426641961e-01
2.916000000000000014e+01,2.917352612065222672e+00,-1.691693051356173844e-02,7.423781746426642014e-01
2.917999999999999972e+01,2.917352612065222672e+00,-1.691693051356173844e-02,7.483781746426642068e-01
2.919999999999999929e+01,2.917352612065222672e+00,-1.691693051356173844e-02,7.543781746426642121e-01
2.921999999999999886e+01,2.917352612065222672e+00,-1.691693051356173844e-02,7.603781746426642174e-01
2.923999999999999844e+01,2.917352612065222672e+00,-1.691693051356173844e-02,7.663781746426642227e-01
2.926000000000000156e+01,2.917352612065222672e+00,-1.691693051356173844e-02,7.723781746426642281e-01
2.928000000000000114e+01,2.917352612065222672e+00,-1.691693051356173844e-02,7.783781746426642334e-01
2.930000000000000071e+01,2.917352612065222672e+00,-1.691693051356173844e-02,7.843781746426642387e-01
2.932000000000000028e+01,2.917352612065222672e+00,-1.691693051356173844e-02,7.903781746426643551e-01
2.933999999999999986e+01,2.917352612065222672e+00,-1.691693051356173844e-02,7.963781746426642494e-01
2.935999999999999943e+01,2.917352612065222672e+00,-1.691693051356173844e-02,8.023781746426641437e-01
2.937999999999999901e+01,2.917352612065222672e+00,-1.691693051356173844e-02,8.083781746426641490e-01
2.939999999999999858e+01,2.917352612065222672e+00,-1.691693051356173844e-02,8.143781746426642654e-01
2.942000000000000171e+01,2.917352612065222672e+00,-1.691693051356173844e-02,8.203781746426642707e-01
2.944000000000000128e+01,2.917352612065222672e+00,-1.691693051356173844e-02,8.263781746426641650e-01
2.946000000000000085e+01,2.917352612065222672e+00,-1.691693051356173844e-02,8.323781746426641703e-01
2.948000000000000043e+01,2.917352612065222672e+00,-1.691693051356173844e-02,8.383781746426641757e-01
2.950000000000000000e+01,2.917352612065222672e+00,-1.691693051356173844e-02,8.443781746426640700e-01
2.951999999999999957e+01,2.917352612065222672e+00,-1.691693051356173844e-02,8.503781746426641863e-01
2.953999999999999915e+01,2.917352612065222672e+00,-1.691693051356173844e-02,8.563781746426641917e-01
2.955999999999999872e+01,2.917352612065222672e+00,-1.691693051356173844e-02,8.623781746426641970e-01
2.957999999999999829e+01,2.917352612065222672e+00,-1.691693051356173844e-02,8.683781746426642023e-01
2.960000000000000142e+01,2.917352612065222672e+00,-1.691693051356173844e-02,8.743781746426642076e-01
2.962000000000000099e+01,2.917352612065222672e+00,-1.691693051356173844e-02,8.803781746426642130e-01
2.964000000000000057e+01,2.917352612065222672e+00,-1.691693051356173844e-02,8.863781746426643293e-01
2.966000000000000014e+01,2.917352612065222672e+00,-1.691693051356173844e-02,8.923781746426642236e-01
2.967999999999999972e+01,2.917352612065222672e+00,-1.691693051356173844e-02,8.983781746426642290e-01
2.969999999999999929e+01,2.917352612065222672e+00,-1.691693051356173844e-02,9.043781746426641233e-01
2.971999999999999886e+01,2.917352612065222672e+00,-1.691693051356173844e-02,9.103781746426641286e-01
2.973999999999999844e+01,2.917352612065222672e+00,-1.691693051356173844e-02,9.163781746426642449e-01
2.976000000000000156e+01,2.917352612065222672e+00,-1.691693051356173844e-02,9.223781746426643613e-01
2.978000000000000114e+01,2.917352612065222672e+00,-1.691693051356173844e-02,9.283781746426643666e-01
2.980000000000000071e+01,2.917352612065222672e+00,-1.691693051356173844e-02,9.343781746426643720e-01
2.982000000000000028e+01,2.917352612065222672e+00,-1.691693051356173844e-02,9.403781746426642663e-01
2.983999999999999986e+01,2.917352612065222672e+00,-1.691693051356173844e-02,9.463781746426643826e-01
2.985999999999999943e+01,2.917352612065222672e+00,-1.691693051356173844e-02,9.523781746426642769e-01
2.987999999999999901e+01,2.917352612065222672e+00,-1.691693051356173844e-02,9.583781746426642822e-01
2.989999999999999858e+01,2.917352612065222672e+00,-1.691693051356173844e-02,9.643781746426643986e-01
2.992000000000000171e+01,2.917352612065222672e+00,-1.691693051356173844e-02,9.703781746426644039e-01
2.994000000000000128e+01,2.917352612065222672e+00,-1.691693051356173844e-02,9.763781746426644093e-01
2.996000000000000085e+01,2.917352612065222672e+00,-1.691693051356173844e-02,9.823781746426644146e-01
2.998000000000000043e+01,2.917352612065222672e+00,-1.691693051356173844e-02,9.883781746426643089e-01
3.000000000000000000e+01,2.917352612065222672e+00,-1.691693051356173844e-02,9.943781746426645363e-01
3.001999999999999957e+01,2.917352612065222672e+00,-1.691693051356173844e-02,1.000378174642664320e+00
3.003999999999999915e+01,2.917352612065222672e+00,-1.691693051356173844e-02,1.006378174642664325e+00
3.005999999999999872e+01,2.917352612065222672e+00,-1.691693051356173844e-02,1.012378174642664330e+00
3.007999999999999829e+01,2.917352612065222672e+00,-1.691693051356173844e-02,1.018378174642664336e+00
3.010000000000000142e+01,2.917352612065222672e+00,-1.691693051356173844e-02,1.024378174642664341e+00
3.012000000000000099e+01,2.917352612065222672e+00,-1.691693051356173844e-02,1.030378174642664124e+00
3.014000000000000057e+01,2.917352612065222672e+00,-1.691693051356173844e-02,1.036378174642664352e+00
3.016000000000000014e+01,2.917352612065222672e+00,-1.691693051356173844e-02,1.042378174642664357e+00
3.017999999999999972e+01,2.917352612065222672e+00,-1.691693051356173844e-02,1.048378174642664140e+00
3.019999999999999929e+01,2.917352612065222672e+00,-1.691693051356173844e-02,1.054378174642664368e+00
3.021999999999999886e+01,2.917352612065222672e+00,-1.691693051356173844e-02,1.060378174642664373e+00
3.023999999999999844e+01,2.917352612065222672e+00,-1.691693051356173844e-02,1.066378174642664378e+00
3.026000000000000156e+01,2.917352612065222672e+00,-1.691693051356173844e-02,1.072378174642664383e+00
3.028000000000000114e+01,2.917352612065222672e+00,-1.691693051356173844e-02,1.078378174642664389e+00
3.030000000000000071e+01,2.917352612065222672e+00,-1.691693051356173844e-02,1.084378174642664394e+00
3.032000000000000028e+01,2.917352612065222672e+00,-1.691693051356173844e-02,1.090378174642664177e+00
3.033999999999999986e+01,2.917352612065222672e+00,-1.691693051356173844e-02,1.096378174642664405e+00
3.035999999999999943e+01,2.917352612065222672e+00,-1.691693051356173844e-02,1.102378174642664410e+00
3.037999999999999901e+01,2.917352612065222672e+00,-1.691693051356173844e-02,1.108378174642664415e+00
3.039999999999999858e+01,2.917352612065222672e+00,-1.691693051356173844e-02,1.114378174642664421e+00
3.042000000000000171e+01,2.917352612065222672e+00,-1.691693051356173844e-02,1.120378174642664426e+00
3.044000000000000128e+01,2.917352612065222672e+00,-1.691693051356173844e-02,1.126378174642664431e+00
3.046000000000000085e+01,2.917352612065222672e+00,-1.691693051356173844e-02,1.132378174642664437e+00
3.048000000000000043e+01,2.917352612065222672e+00,-1.691693051356173844e-02,1.138378174642664442e+00
3.050000000000000000e+01,2.917352612065222672e+00,-1.691693051356173844e-02,1.144378174642664447e+00
3.051999999999999957e+01,2.917352612065222672e+00,-1.691693051356173844e-02,1.150378174642664453e+00
3.053999999999999915e+01,2.917352612065222672e+00,-1.691693051356173844e-02,1.156378174642664236e+00
3.055999999999999872e+01,2.917352612065222672e+00,-1.691693051356173844e-02,1.162378174642664241e+00
3.057999999999999829e+01,2.917352612065222672e+00,-1.691693051356173844e-02,1.168378174642664469e+00
3.060000000000000142e+01,2.917352612065222672e+00,-1.691693051356173844e-02,1.174378174642664474e+00
3.062000000000000099e+01,2.917352612065222672e+00,-1.691693051356173844e-02,1.180378174642664479e+00
3.064000000000000057e+01,2.917352612065222672e+00,-1.691693051356173844e-02,1.186378174642664707e+00
3.066000000000000014e+01,2.917352612065222672e+00,-1.691693051356173844e-02,1.192378174642664490e+00
3.067999999999999972e+01,2.917352612065222672e+00,-1.691693051356173844e-02,1.198378174642664495e+00
3.069999999999999929e+01,2.917352612065222672e+00,-1.691693051356173844e-02,1.204378174642664279e+00
3.071999999999999886e+01,2.917352612065222672e+00,-1.691693051356173844e-02,1.210378174642664284e+00
3.073999999999999844e+01,2.917352612065222672e+00,-1.691693051356173844e-02,1.216378174642664511e+00
3.076000000000000156e+01,2.917352612065222672e+00,-1.691693051356173844e-02,1.222378174642664517e+00
3.078000000000000114e+01,2.917352612065222672e+00,-1.691693051356173844e-02,1.228378174642664522e+00
3.080000000000000071e+01,2.917352612065222672e+00,-1.691693051356173844e-02,1.234378174642664527e+00
3.082000000000000028e+01,2.917352612065222672e+00,-1.691693051356173844e-02,1.240378174642664533e+00
3.083999999999999986e+01,2.917352612065222672e+00,-1.691693051356173844e-02,1.246378174642664538e+00
3.085999999999999943e+01,2.917352612065222672e+00,-1.691693051356173844e-02,1.252378174642664543e+00
3.087999999999999901e+01,2.917352612065222672e+00,-1.691693051356173844e-02,1.258378174642664771e+00
3.089999999999999858e+01,2.917352612065222672e+00,-1.691693051356173844e-02,1.264378174642664554e+00
3.092000000000000171e+01,2.917352612065222672e+00,-1.691693051356173844e-02,1.270378174642664781e+00
3.094000000000000128e+01,2.917352612065222672e+00,-1.691693051356173844e-02,1.276378174642664565e+00
3.096000000000000085e+01,2.917352612065222672e+00,-1.691693051356173844e-02,1.282378174642664570e+00
3.098000000000000043e+01,2.917352612065222672e+00,-1.691693051356173844e-02,1.288378174642664575e+00
3.100000000000000000e+01,2.917352612065222672e+00,-1.691693051356173844e-02,1.294378174642664581e+00
3.101999999999999957e+01,2.917352612065222672e+00,-1.691693051356173844e-02,1.300378174642664586e+00
3.103999999999999915e+01,2.917352612065222672e+00,-1.691693051356173844e-02,1.306378174642664591e+00
3.105999999999999872e+01,2.917352612065222672e+00,-1.691693051356173844e-02,1.312378174642664597e+00
3.107999999999999829e+01,2.917352612065222672e+00,-1.691693051356173844e-02,1.318378174642664602e+00
3.110000000000000142e+01,2.917352612065222672e+00,-1.691693051356173844e-02,1.324378174642664607e+00
3.112000000000000099e+01,2.917352612065222672e+00,-1.691693051356173844e-02,1.330378174642664391e+00
3.114000000000000057e+01,2.917352612065222672e+00,-1.691693051356173844e-02,1.336378174642664618e+00
3.116000000000000014e+01,2.917352612065222672e+00,-1.691693051356173844e-02,1.342378174642664401e+00
3.117999999999999972e+01,2.917352612065222672e+00,-1.691693051356173844e-02,1.348378174642664629e+00
3.119999999999999929e+01,2.917352612065222672e+00,-1.691693051356173844e-02,1.354378174642664634e+00
3.121999999999999886e+01,2.917352612065222672e+00,-1.691693051356173844e-02,1.360378174642664639e+00
3.123999999999999844e+01,2.917352612065222672e+00,-1.691693051356173844e-02,1.366378174642664645e+00
3.126000000000000156e+01,2.917352612065222672e+00,-1.691693051356173844e-02,1.372378174642664650e+00
3.128000000000000114e+01,2.917352612065222672e+00,-1.691693051356173844e-02,1.378378174642664655e+00
3.130000000000000071e+01,2.917352612065222672e+00,-1.691693051356173844e-02,1.384378174642664883e+00
3.132000000000000028e+01,2.917352612065222672e+00,-1.691693051356173844e-02,1.390378174642664444e+00
3.133999999999999986e+01,2.917352612065222672e+00,-1.691693051356173844e-02,1.396378174642664671e+00
3.135999999999999943e+01,2.917352612065222672e+00,-1.691693051356173844e-02,1.402378174642664899e+00
3.137999999999999901e+01,2.917352612065222672e+00,-1.691693051356173844e-02,1.408378174642664682e+00
3.139999999999999858e+01,2.917352612065222672e+00,-1.691693051356173844e-02,1.414378174642664687e+00
3.142000000000000171e+01,2.917352612065222672e+00,-1.691693051356173844e-02,1.420378174642664693e+00
3.144000000000000128e+01,2.917352612065222672e+00,-1.691693051356173844e-02,1.426378174642664920e+00
3.146000000000000085e+01,2.917352612065222672e+00,-1.691693051356173844e-02,1.432378174642664703e+00
3.148000000000000043e+01,2.917352612065222672e+00,-1.691693051356173844e-02,1.438378174642664931e+00
3.150000000000000000e+01,2.917352612065222672e+00,-1.691693051356173844e-02,1.444378174642664714e+00
3.151999999999999957e+01,2.917352612065222672e+00,-1.691693051356173844e-02,1.450378174642664941e+00
3.153999999999999915e+01,2.917352612065222672e+00,-1.691693051356173844e-02,1.456378174642664725e+00
3.155999999999999872e+01,2.917352612065222672e+00,-1.691693051356173844e-02,1.462378174642664952e+00
3.157999999999999829e+01,2.917352612065222672e+00,-1.691693051356173844e-02,1.468378174642664957e+00
3.160000000000000142e+01,2.917352612065222672e+00,-1.691693051356173844e-02,1.474378174642664963e+00
3.162000000000000099e+01,2.917352612065222672e+00,-1.691693051356173844e-02,1.480378174642664746e+00
3.164000000000000057e+01,2.917352612065222672e+00,-1.691693051356173844e-02,1.486378174642664973e+00
3.166000000000000014e+01,2.917352612065222672e+00,-1.691693051356173844e-02,1.492378174642664757e+00
3.167999999999999972e+01,2.917352612065222672e+00,-1.691693051356173844e-02,1.498378174642664762e+00
3.169999999999999929e+01,2.917352612065222672e+00,-1.691693051356173844e-02,1.504378174642664767e+00
3.171999999999999886e+01,2.917352612065222672e+00,-1.691693051356173844e-02,1.510378174642664773e+00
3.173999999999999844e+01,2.917352612065222672e+00,-1.691693051356173844e-02,1.516378174642664778e+00
3.176000000000000156e+01,2.917352612065222672e+00,-1.691693051356173844e-02,1.522378174642664783e+00
3.178000000000000114e+01,2.917352612065222672e+00,-1.691693051356173844e-02,1.528378174642664789e+00
3.180000000000000071e+01,2.917352612065222672e+00,-1.691693051356173844e-02,1.534378174642664794e+00
3.182000000000000028e+01,2.917352612065222672e+00,-1.691693051356173844e-02,1.540378174642664577e+00
3.183999999999999986e+01,2.917352612065222672e+00,-1.691693051356173844e-02,1.546378174642664804e+00
3.185999999999999943e+01,2.917352612065222672e+00,-1.691693051356173844e-02,1.552378174642664810e+00
3.187999999999999901e+01,2.917352612065222672e+00,-1.691693051356173844e-02,1.558378174642664815e+00
3.189999999999999858e+01,2.917352612065222672e+00,-1.691693051356173844e-02,1.564378174642664820e+00
3.192000000000000171e+01,2.917352612065222672e+00,-1.691693051356173844e-02,1.570378174642665048e+00
3.194000000000000128e+01,2.917352612065222672e+00,-1.691693051356173844e-02,1.576378174642664831e+00
3.196000000000000085e+01,2.917352612065222672e+00,-1.691693051356173844e-02,1.582378174642664614e+00
3.198000000000000043e+01,2.917352612065222672e+00,-1.691693051356173844e-02,1.588378174642664842e+00
3.200000000000000000e+01,2.917352612065222672e+00,-1.691693051356173844e-02,1.594378174642664625e+00
3.202000000000000313e+01,2.917352612065222672e+00,-1.691693051356173844e-02,1.600378174642664852e+00
3.203999999999999915e+01,2.917352612065222672e+00,-1.691693051356173844e-02,1.606378174642665080e+00
3.206000000000000227e+01,2.917352612065222672e+00,-1.691693051356173844e-02,1.612378174642664863e+00
3.207999999999999829e+01,2.917352612065222672e+00,-1.691693051356173844e-02,1.618378174642664646e+00
3.210000000000000142e+01,2.917352612065222672e+00,-1.691693051356173844e-02,1.624378174642665096e+00
3.211999999999999744e+01,2.917352612065222672e+00,-1.691693051356173844e-02,1.630378174642664657e+00
3.214000000000000057e+01,2.917352612065222672e+00,-1.691693051356173844e-02,1.636378174642664884e+00
3.215999999999999659e+01,2.917352612065222672e+00,-1.691693051356173844e-02,1.642378174642664890e+00
3.217999999999999972e+01,2.917352612065222672e+00,-1.691693051356173844e-02,1.648378174642665117e+00
3.220000000000000284e+01,2.917352612065222672e+00,-1.691693051356173844e-02,1.654378174642665122e+00
3.221999999999999886e+01,2.917352612065222672e+00,-1.691693051356173844e-02,1.660378174642665128e+00
3.224000000000000199e+01,2.917352612065222672e+00,-1.691693051356173844e-02,1.666378174642664911e+00
3.225999999999999801e+01,2.917352612065222672e+00,-1.691693051356173844e-02,1.672378174642664916e+00
3.228000000000000114e+01,2.917352612065222672e+00,-1.691693051356173844e-02,1.678378174642664922e+00
3.229999999999999716e+01,2.917352612065222672e+00,-1.691693051356173844e-02,1.684378174642664705e+00
3.232000000000000028e+01,2.917352612065222672e+00,-1.691693051356173844e-02,1.690378174642664710e+00
3.234000000000000341e+01,2.917352612065222672e+00,-1.691693051356173844e-02,1.696378174642664938e+00
3.235999999999999943e+01,2.917352612065222672e+00,-1.691693051356173844e-02,1.702378174642664943e+00
3.238000000000000256e+01,2.917352612065222672e+00,-1.691693051356173844e-02,1.708378174642665170e+00
3.239999999999999858e+01,2.917352612065222672e+00,-1.691693051356173844e-02,1.714378174642664954e+00
3.242000000000000171e+01,2.917352612065222672e+00,-1.691693051356173844e-02,1.720378174642664959e+00
3.243999999999999773e+01,2.917352612065222672e+00,-1.691693051356173844e-02,1.726378174642664964e+00
3.246000000000000085e+01,2.917352612065222672e+00,-1.691693051356173844e-02,1.732378174642665192e+00
3.247999999999999687e+01,2.917352612065222672e+00,-1.691693051356173844e-02,1.738378174642664753e+00
3.250000000000000000e+01,2.917352612065222672e+00,-1.691693051356173844e-02,1.744378174642665202e+00
3.252000000000000313e+01,2.917352612065222672e+00,-1.691693051356173844e-02,1.750378174642664986e+00
3.253999999999999915e+01,2.917352612065222672e+00,-1.691693051356173844e-02,1.756378174642664991e+00
3.256000000000000227e+01,2.917352612065222672e+00,-1.691693051356173844e-02,1.762378174642665218e+00
3.257999999999999829e+01,2.917352612065222672e+00,-1.691693051356173844e-02,1.768378174642665002e+00
3.260000000000000142e+01,2.917352612065222672e+00,-1.691693051356173844e-02,1.774378174642665007e+00
3.261999999999999744e+01,2.917352612065222672e+00,-1.691693051356173844e-02,1.780378174642664790e+00
3.264000000000000057e+01,2.917352612065222672e+00,-1.691693051356173844e-02,1.786378174642665018e+00
3.265999999999999659e+01,2.917352612065222672e+00,-1.691693051356173844e-02,1.792378174642665023e+00
3.267999999999999972e+01,2.917352612065222672e+00,-1.691693051356173844e-02,1.798378174642665250e+00
3.270000000000000284e+01,2.917352612065222672e+00,-1.691693051356173844e-02,1.804378174642665034e+00
3.271999999999999886e+01,2.917352612065222672e+00,-1.691693051356173844e-02,1.810378174642665039e+00
3.274000000000000199e+01,2.917352612065222672e+00,-1.691693051356173844e-02,1.816378174642665044e+00
3.275999999999999801e+01,2.917352612065222672e+00,-1.691693051356173844e-02,1.822378174642665050e+00
3.278000000000000114e+01,2.917352612065222672e+00,-1.691693051356173844e-02,1.828378174642665055e+00
3.279999999999999716e+01,2.917352612065222672e+00,-1.691693051356173844e-02,1.834378174642664838e+00
3.282000000000000028e+01,2.917352612065222672e+00,-1.691693051356173844e-02,1.840378174642665066e+00
3.284000000000000341e+01,2.917352612065222672e+00,-1.691693051356173844e-02,1.846378174642665071e+00
3.285999999999999943e+01,2.917352612065222672e+00,-1.691693051356173844e-02,1.852378174642665076e+00
3.288000000000000256e+01,2.917352612065222672e+00,-1.691693051356173844e-02,1.858378174642664860e+00
3.289999999999999858e+01,2.917352612065222672e+00,-1.691693051356173844e-02,1.864378174642665087e+00
3.292000000000000171e+01,2.917352612065222672e+00,-1.691693051356173844e-02,1.870378174642664870e+00
3.293999999999999773e+01,2.917352612065222672e+00,-1.691693051356173844e-02,1.876378174642665098e+00
3.296000000000000085e+01,2.917352612065222672e+00,-1.691693051356173844e-02,1.882378174642665325e+00
3.297999999999999687e+01,2.917352612065222672e+00,-1.691693051356173844e-02,1.888378174642665108e+00
3.300000000000000000e+01,2.917352612065222672e+00,-1.691693051356173844e-02,1.894378174642665336e+00
3.302000000000000313e+01,2.917352612065222672e+00,-1.691693051356173844e-02,1.900378174642665119e+00
3.303999999999999915e+01,2.917352612065222672e+00,-1.691693051356173844e-02,1.906378174642665124e+00
3.306000000000000227e+01,2.917352612065222672e+00,-1.691693051356173844e-02,1.912378174642665130e+00
3.307999999999999829e+01,2.917352612065222672e+00,-1.691693051356173844e-02,1.918378174642665135e+00
3.310000000000000142e+01,2.917352612065222672e+00,-1.691693051356173844e-02,1.924378174642664918e+00
3.311999999999999744e+01,2.917352612065222672e+00,-1.691693051356173844e-02,1.930378174642664924e+00
3.314000000000000057e+01,2.917352612065222672e+00,-1.691693051356173844e-02,1.936378174642665151e+00
3.315999999999999659e+01,2.917352612065222672e+00,-1.691693051356173844e-02,1.942378174642665156e+00
3.317999999999999972e+01,2.917352612065222672e+00,-1.691693051356173844e-02,1.948378174642664939e+00
3.320000000000000284e+01,2.917352612065222672e+00,-1.691693051356173844e-02,1.954378174642665389e+00
3.321999999999999886e+01,2.917352612065222672e+00,-1.691693051356173844e-02,1.960378174642664950e+00
3.324000000000000199e+01,2.917352612065222672e+00,-1.691693051356173844e-02,1.966378174642665178e+00
3.325999999999999801e+01,2.917352612065222672e+00,-1.691693051356173844e-02,1.972378174642665183e+00
3.328000000000000114e+01,2.917352612065222672e+00,-1.691693051356173844e-02,1.978378174642665410e+00
3.329999999999999716e+01,2.917352612065222672e+00,-1.691693051356173844e-02,1.984378174642665194e+00
3.332000000000000028e+01,2.917352612065222672e+00,-1.691693051356173844e-02,1.990378174642664977e+00
3.334000000000000341e+01,2.917352612065222672e+00,-1.691693051356173844e-02,1.996378174642665204e+00
3.335999999999999943e+01,2.917352612065222672e+00,-1.691693051356173844e-02,2.002378174642664987e+00
3.338000000000000256e+01,2.917352612065222672e+00,-1.691693051356173844e-02,2.008378174642664771e+00
3.339999999999999858e+01,2.917352612065222672e+00,-1.691693051356173844e-02,2.014378174642664554e+00
3.342000000000000171e+01,2.917352612065222672e+00,-1.691693051356173844e-02,2.020378174642664337e+00
3.343999999999999773e+01,2.917352612065222672e+00,-1.691693051356173844e-02,2.026378174642664121e+00
3.346000000000000085e+01,2.917352612065222672e+00,-1.691693051356173844e-02,2.032378174642663904e+00
3.347999999999999687e+01,2.917352612065222672e+00,-1.691693051356173844e-02,2.038378174642663687e+00
3.350000000000000000e+01,2.917352612065222672e+00,-1.691693051356173844e-02,2.044378174642663470e+00
3.352000000000000313e+01,2.917352612065222672e+00,-1.691693051356173844e-02,2.050378174642663254e+00
3.353999999999999915e+01,2.917352612065222672e+00,-1.691693051356173844e-02,2.056378174642663037e+00
3.356000000000000227e+01,2.917352612065222672e+00,-1.691693051356173844e-02,2.062378174642662820e+00
3.357999999999999829e+01,2.917352612065222672e+00,-1.691693051356173844e-02,2.068378174642662604e+00
3.360000000000000142e+01,2.917352612065222672e+00,-1.691693051356173844e-02,2.074378174642662387e+00
3.361999999999999744e+01,2.917352612065222672e+00,-1.691693051356173844e-02,2.080378174642662170e+00
3.364000000000000057e+01,2.917352612065222672e+00,-1.691693051356173844e-02,2.086378174642661953e+00
3.365999999999999659e+01,2.917352612065222672e+00,-1.691693051356173844e-02,2.092378174642661737e+00
3.367999999999999972e+01,2.917352612065222672e+00,-1.691693051356173844e-02,2.098378174642661520e+00
3.370000000000000284e+01,2.917352612065222672e+00,-1.691693051356173844e-02,2.104378174642661303e+00
3.371999999999999886e+01,2.917352612065222672e+00,-1.691693051356173844e-02,2.110378174642661087e+00
3.374000000000000199e+01,2.917352612065222672e+00,-1.691693051356173844e-02,2.116378174642660870e+00
3.375999999999999801e+01,2.917352612065222672e+00,-1.691693051356173844e-02,2.122378174642660653e+00
3.378000000000000114e+01,2.917352612065222672e+00,-1.691693051356173844e-02,2.128378174642660436e+00
3.379999999999999716e+01,2.917352612065222672e+00,-1.691693051356173844e-02,2.134378174642660220e+00
3.382000000000000028e+01,2.917352612065222672e+00,-1.691693051356173844e-02,2.140378174642660003e+00
3.384000000000000341e+01,2.917352612065222672e+00,-1.691693051356173844e-02,2.146378174642659786e+00
3.385999999999999943e+01,2.917352612065222672e+00,-1.691693051356173844e-02,2.152378174642659570e+00
3.388000000000000256e+01,2.917352612065222672e+00,-1.691693051356173844e-02,2.158378174642659353e+00
3.389999999999999858e+01,2.917352612065222672e+00,-1.691693051356173844e-02,2.164378174642659136e+00
3.392000000000000171e+01,2.917352612065222672e+00,-1.691693051356173844e-02,2.170378174642658919e+00
3.393999999999999773e+01,2.917352612065222672e+00,-1.691693051356173844e-02,2.176378174642658703e+00
3.396000000000000085e+01,2.917352612065222672e+00,-1.691693051356173844e-02,2.182378174642658486e+00
3.397999999999999687e+01,2.917352612065222672e+00,-1.691693051356173844e-02,2.188378174642658269e+00
3.400000000000000000e+01,2.917352612065222672e+00,-1.691693051356173844e-02,2.194378174642658053e+00
3.402000000000000313e+01,2.917352612065222672e+00,-1.691693051356173844e-02,2.200378174642657836e+00
3.403999999999999915e+01,2.917352612065222672e+00,-1.691693051356173844e-02,2.206378174642657619e+00
3.406000000000000227e+01,2.917352612065222672e+00,-1.691693051356173844e-02,2.212378174642657402e+00
3.407999999999999829e+01,2.917352612065222672e+00,-1.691693051356173844e-02,2.218378174642657186e+00
3.410000000000000142e+01,2.917352612065222672e+00,-1.691693051356173844e-02,2.224378174642656969e+00
3.411999999999999744e+01,2.917352612065222672e+00,-1.691693051356173844e-02,2.230378174642656752e+00
3.414000000000000057e+01,2.917352612065222672e+00,-1.691693051356173844e-02,2.236378174642656536e+00
3.415999999999999659e+01,2.917352612065222672e+00,-1.691693051356173844e-02,2.242378174642656319e+00
3.417999999999999972e+01,2.917352612065222672e+00,-1.691693051356173844e-02,2.248378174642656102e+00
3.420000000000000284e+01,2.917352612065222672e+00,-1.691693051356173844e-02,2.254378174642655885e+00
3.421999999999999886e+01,2.917352612065222672e+00,-1.691693051356173844e-02,2.260378174642655669e+00
3.424000000000000199e+01,2.917352612065222672e+00,-1.691693051356173844e-02,2.266378174642655452e+00
3.425999999999999801e+01,2.917352612065222672e+00,-1.691693051356173844e-02,2.272378174642655235e+00
3.428000000000000114e+01,2.917352612065222672e+00,-1.691693051356173844e-02,2.278378174642655019e+00
3.429999999999999716e+01,2.917352612065222672e+00,-1.691693051356173844e-02,2.284378174642654802e+00
3.432000000000000028e+01,2.917352612065222672e+00,-1.691693051356173844e-02,2.290378174642654585e+00
3.434000000000000341e+01,2.917352612065222672e+00,-1.691693051356173844e-02,2.296378174642654368e+00
3.435999999999999943e+01,2.917352612065222672e+00,-1.691693051356173844e-02,2.302378174642654152e+00
3.438000000000000256e+01,2.917352612065222672e+00,-1.691693051356173844e-02,2.308378174642653935e+00
3.439999999999999858e+01,2.917352612065222672e+00,-1.691693051356173844e-02,2.314378174642653718e+00
3.442000000000000171e+01,2.917352612065222672e+00,-1.691693051356173844e-02,2.320378174642653502e+00
3.443999999999999773e+01,2.917352612065222672e+00,-1.691693051356173844e-02,2.326378174642653285e+00
3.446000000000000085e+01,2.917352612065222672e+00,-1.691693051356173844e-02,2.332378174642653068e+00
3.447999999999999687e+01,2.917352612065222672e+00,-1.691693051356173844e-02,2.338378174642652851e+00
3.450000000000000000e+01,2.917352612065222672e+00,-1.691693051356173844e-02,2.344378174642652635e+00
3.452000000000000313e+01,2.917352612065222672e+00,-1.691693051356173844e-02,2.350378174642652418e+00
3.453999999999999915e+01,2.917352612065222672e+00,-1.691693051356173844e-02,2.356378174642652201e+00
3.456000000000000227e+01,2.917352612065222672e+00,-1.691693051356173844e-02,2.362378174642651985e+00
3.457999999999999829e+01,2.917352612065222672e+00,-1.691693051356173844e-02,2.368378174642651768e+00
3.460000000000000142e+01,2.917352612065222672e+00,-1.691693051356173844e-02,2.374378174642651551e+00
3.461999999999999744e+01,2.917352612065222672e+00,-1.691693051356173844e-02,2.380378174642651334e+00
3.464000000000000057e+01,2.917352612065222672e+00,-1.691693051356173844e-02,2.386378174642651118e+00
3.465999999999999659e+01,2.917352612065222672e+00,-1.691693051356173844e-02,2.392378174642650901e+00
3.467999999999999972e+01,2.917352612065222672e+00,-1.691693051356173844e-02,2.398378174642650684e+00
3.470000000000000284e+01,2.917352612065222672e+00,-1.691693051356173844e-02,2.404378174642650468e+00
3.471999999999999886e+01,2.917352612065222672e+00,-1.691693051356173844e-02,2.410378174642650251e+00
3.474000000000000199e+01,2.917352612065222672e+00,-1.691693051356173844e-02,2.416378174642650034e+00
3.475999999999999801e+01,2.917352612065222672e+00,-1.691693051356173844e-02,2.422378174642649817e+00
3.478000000000000114e+01,2.917352612065222672e+00,-1.691693051356173844e-02,2.428378174642649601e+00
3.479999999999999716e+01,2.917352612065222672e+00,-1.691693051356173844e-02,2.434378174642649384e+00
3.482000000000000028e+01,2.917352612065222672e+00,-1.691693051356173844e-02,2.440378174642649167e+00
3.484000000000000341e+01,2.917352612065222672e+00,-1.691693051356173844e-02,2.446378174642648951e+00
3.485999999999999943e+01,2.917352612065222672e+00,-1.691693051356173844e-02,2.452378174642648734e+00
3.488000000000000256e+01,2.917352612065222672e+00,-1.691693051356173844e-02,2.458378174642648517e+00
3.489999999999999858e+01,2.917352612065222672e+00,-1.691693051356173844e-02,2.464378174642648300e+00
3.492000000000000171e+01,2.917352612065222672e+00,-1.691693051356173844e-02,2.470378174642648084e+00
3.493999999999999773e+01,2.917352612065222672e+00,-1.691693051356173844e-02,2.476378174642647867e+00
3.496000000000000085e+01,2.917352612065222672e+00,-1.691693051356173844e-02,2.482378174642647650e+00
3.497999999999999687e+01,2.917352612065222672e+00,-1.691693051356173844e-02,2.488378174642647434e+00
3.500000000000000000e+01,2.917352612065222672e+00,-1.691693051356173844e-02,2.494378174642647217e+00
3.502000000000000313e+01,2.917352612065222672e+00,-1.691693051356173844e-02,2.500378174642647000e+00
3.503999999999999915e+01,2.917352612065222672e+00,-1.691693051356173844e-02,2.506378174642646783e+00
3.506000000000000227e+01,2.917352612065222672e+00,-1.691693051356173844e-02,2.512378174642646567e+00
3.507999999999999829e+01,2.917352612065222672e+00,-1.691693051356173844e-02,2.518378174642646350e+00
3.510000000000000142e+01,2.917352612065222672e+00,-1.691693051356173844e-02,2.524378174642646133e+00
3.511999999999999744e+01,2.917352612065222672e+00,-1.691693051356173844e-02,2.530378174642645916e+00
3.514000000000000057e+01,2.917352612065222672e+00,-1.691693051356173844e-02,2.536378174642645700e+00
3.515999999999999659e+01,2.917352612065222672e+00,-1.691693051356173844e-02,2.542378174642645483e+00
3.517999999999999972e+01,2.917352612065222672e+00,-1.691693051356173844e-02,2.548378174642645266e+00
3.520000000000000284e+01,2.917352612065222672e+00,-1.691693051356173844e-02,2.554378174642645050e+00
3.521999999999999886e+01,2.917352612065222672e+00,-1.691693051356173844e-02,2.560378174642644833e+00
3.524000000000000199e+01,2.917352612065222672e+00,-1.691693051356173844e-02,2.566378174642644616e+00
3.525999999999999801e+01,2.917352612065222672e+00,-1.691693051356173844e-02,2.572378174642644399e+00
3.528000000000000114e+01,2.917352612065222672e+00,-1.691693051356173844e-02,2.578378174642644183e+00
3.529999999999999716e+01,2.917352612065222672e+00,-1.691693051356173844e-02,2.584378174642643966e+00
3.532000000000000028e+01,2.917352612065222672e+00,-1.691693051356173844e-02,2.590378174642643749e+00
3.534000000000000341e+01,2.917352612065222672e+00,-1.691693051356173844e-02,2.596378174642643533e+00
3.535999999999999943e+01,2.917352612065222672e+00,-1.691693051356173844e-02,2.602378174642643316e+00
3.538000000000000256e+01,2.917352612065222672e+00,-1.691693051356173844e-02,2.608378174642643099e+00
3.539999999999999858e+01,2.917352612065222672e+00,-1.691693051356173844e-02,2.614378174642642882e+00
3.542000000000000171e+01,2.917352612065222672e+00,-1.691693051356173844e-02,2.620378174642642666e+00
3.543999999999999773e+01,2.917352612065222672e+00,-1.691693051356173844e-02,2.626378174642642449e+00
3.546000000000000085e+01,2.917352612065222672e+00,-1.691693051356173844e-02,2.632378174642642232e+00
3.547999999999999687e+01,2.917352612065222672e+00,-1.691693051356173844e-02,2.638378174642642016e+00
3.550000000000000000e+01,2.917352612065222672e+00,-1.691693051356173844e-02,2.644378174642641799e+00
3.552000000000000313e+01,2.917352612065222672e+00,-1.691693051356173844e-02,2.650378174642641582e+00
3.553999999999999915e+01,2.917352612065222672e+00,-1.691693051356173844e-02,2.656378174642641365e+00
3.556000000000000227e+01,2.917352612065222672e+00,-1.691693051356173844e-02,2.662378174642641149e+00
3.557999999999999829e+01,2.917352612065222672e+00,-1.691693051356173844e-02,2.668378174642640932e+00
3.560000000000000142e+01,2.917352612065222672e+00,-1.691693051356173844e-02,2.674378174642640715e+00
3.561999999999999744e+01,2.917352612065222672e+00,-1.691693051356173844e-02,2.680378174642640499e+00
3.564000000000000057e+01,2.917352612065222672e+00,-1.691693051356173844e-02,2.686378174642640282e+00
3.565999999999999659e+01,2.917352612065222672e+00,-1.691693051356173844e-02,2.692378174642640065e+00
3.567999999999999972e+01,2.917352612065222672e+00,-1.691693051356173844e-02,2.698378174642639848e+00
3.570000000000000284e+01,2.917352612065222672e+00,-1.691693051356173844e-02,2.704378174642639632e+00
3.571999999999999886e+01,2.917352612065222672e+00,-1.691693051356173844e-02,2.710378174642639415e+00
3.574000000000000199e+01,2.917352612065222672e+00,-1.691693051356173844e-02,2.716378174642639198e+00
3.575999999999999801e+01,2.917352612065222672e+00,-1.691693051356173844e-02,2.722378174642638982e+00
3.578000000000000114e+01,2.917352612065222672e+00,-1.691693051356173844e-02,2.728378174642638765e+00
3.579999999999999716e+01,2.917352612065222672e+00,-1.691693051356173844e-02,2.734378174642638548e+00
3.582000000000000028e+01,2.917352612065222672e+00,-1.691693051356173844e-02,2.740378174642638331e+00
3.584000000000000341e+01,2.917352612065222672e+00,-1.691693051356173844e-02,2.746378174642638115e+00
3.585999999999999943e+01,2.917352612065222672e+00,-1.691693051356173844e-02,2.752378174642637898e+00
3.588000000000000256e+01,2.917352612065222672e+00,-1.691693051356173844e-02,2.758378174642637681e+00
3.589999999999999858e+01,2.917352612065222672e+00,-1.691693051356173844e-02,2.764378174642637465e+00
3.592000000000000171e+01,2.917352612065222672e+00,-1.691693051356173844e-02,2.770378174642637248e+00
3.593999999999999773e+01,2.917352612065222672e+00,-1.691693051356173844e-02,2.776378174642637031e+00
3.596000000000000085e+01,2.917352612065222672e+00,-1.691693051356173844e-02,2.782378174642636814e+00
3.597999999999999687e+01,2.917352612065222672e+00,-1.691693051356173844e-02,2.788378174642636598e+00
3.600000000000000000e+01,2.917352612065222672e+00,-1.691693051356173844e-02,2.794378174642636381e+00
3.602000000000000313e+01,2.917352612065222672e+00,-1.691693051356173844e-02,2.800378174642636164e+00
3.603999999999999915e+01,2.917352612065222672e+00,-1.691693051356173844e-02,2.806378174642635948e+00
3.606000000000000227e+01,2.917352612065222672e+00,-1.691693051356173844e-02,2.812378174642635731e+00
3.607999999999999829e+01,2.917352612065222672e+00,-1.691693051356173844e-02,2.818378174642635514e+00
3.610000000000000142e+01,2.917352612065222672e+00,-1.691693051356173844e-02,2.824378174642635297e+00
3.611999999999999744e+01,2.917352612065222672e+00,-1.691693051356173844e-02,2.830378174642635081e+00
3.614000000000000057e+01,2.917352612065222672e+00,-1.691693051356173844e-02,2.836378174642634864e+00
3.615999999999999659e+01,2.917352612065222672e+00,-1.691693051356173844e-02,2.842378174642634647e+00
3.617999999999999972e+01,2.917352612065222672e+00,-1.691693051356173844e-02,2.848378174642634431e+00
3.620000000000000284e+01,2.917352612065222672e+00,-1.691693051356173844e-02,2.854378174642634214e+00
3.621999999999999886e+01,2.917352612065222672e+00,-1.691693051356173844e-02,2.860378174642633997e+00
3.624000000000000199e+01,2.917352612065222672e+00,-1.691693051356173844e-02,2.866378174642633780e+00
3.625999999999999801e+01,2.917352612065222672e+00,-1.691693051356173844e-02,2.872378174642633564e+00
3.628000000000000114e+01,2.917352612065222672e+00,-1.691693051356173844e-02,2.878378174642633347e+00
3.629999999999999716e+01,2.917352612065222672e+00,-1.691693051356173844e-02,2.884378174642633130e+00
3.632000000000000028e+01,2.917352612065222672e+00,-1.691693051356173844e-02,2.890378174642632914e+00
3.634000000000000341e+01,2.917352612065222672e+00,-1.691693051356173844e-02,2.896378174642632697e+00
3.635999999999999943e+01,2.917352612065222672e+00,-1.691693051356173844e-02,2.902378174642632480e+00
3.638000000000000256e+01,2.917352612065222672e+00,-1.691693051356173844e-02,2.908378174642632263e+00
3.639999999999999858e+01,2.917352612065222672e+00,-1.691693051356173844e-02,2.914378174642632047e+00
3.642000000000000171e+01,2.917352612065222672e+00,-1.691693051356173844e-02,2.920378174642631830e+00
3.643999999999999773e+01,2.917352612065222672e+00,-1.691693051356173844e-02,2.926378174642631613e+00
3.646000000000000085e+01,2.917352612065222672e+00,-1.691693051356173844e-02,2.932378174642631397e+00
3.647999999999999687e+01,2.917352612065222672e+00,-1.691693051356173844e-02,2.938378174642631180e+00
3.650000000000000000e+01,2.917352612065222672e+00,-1.691693051356173844e-02,2.944378174642630963e+00
3.652000000000000313e+01,2.917352612065222672e+00,-1.691693051356173844e-02,2.950378174642630746e+00
3.653999999999999915e+01,2.917352612065222672e+00,-1.691693051356173844e-02,2.956378174642630530e+00
3.656000000000000227e+01,2.917352612065222672e+00,-1.691693051356173844e-02,2.962378174642630313e+00
3.657999999999999829e+01,2.917352612065222672e+00,-1.691693051356173844e-02,2.968378174642630096e+00
3.660000000000000142e+01,2.917352612065222672e+00,-1.691693051356173844e-02,2.974378174642629880e+00
3.661999999999999744e+01,2.917352612065222672e+00,-1.691693051356173844e-02,2.980378174642629663e+00
3.664000000000000057e+01,2.917352612065222672e+00,-1.691693051356173844e-02,2.986378174642629446e+00
3.665999999999999659e+01,2.917352612065222672e+00,-1.691693051356173844e-02,2.992378174642629229e+00
3.667999999999999972e+01,2.917352612065222672e+00,-1.691693051356173844e-02,2.998378174642629013e+00
3.670000000000000284e+01,2.917352612065222672e+00,-1.691693051356173844e-02,3.004378174642628796e+00
3.671999999999999886e+01,2.917352612065222672e+00,-1.691693051356173844e-02,3.010378174642628579e+00
3.674000000000000199e+01,2.917352612065222672e+00,-1.691693051356173844e-02,3.016378174642628363e+00
3.675999999999999801e+01,2.914105774766573287e+00,-1.650609010754874179e-02,3.015073826816541569e+00
3.678000000000000114e+01,2.910859476108521804e+00,-1.609101504705038460e-02,3.013769478990454775e+00
3.679999999999999716e+01,2.907613721614071167e+00,-1.567170603824355468e-02,3.012465131164367982e+00
3.682000000000000028e+01,2.904368516805297951e+00,-1.524816379450855304e-02,3.011160783338281188e+00
3.684000000000000341e+01,2.901123867203343476e+00,-1.482038903642714234e-02,3.009856435512194395e+00
3.685999999999999943e+01,2.897158320703487000e+00,-1.429651868906905467e-02,3.010639044207846560e+00
3.688000000000000256e+01,2.893192365432585067e+00,-1.377575197299723588e-02,3.011421652903498725e+00
3.689999999999999858e+01,2.889226003819691080e+00,-1.325808920716815137e-02,3.012204261599150890e+00
3.692000000000000171e+01,2.885259238294108020e+00,-1.274353070863958916e-02,3.012986870294803055e+00
3.693999999999999773e+01,2.881292071285385337e+00,-1.223207679256498211e-02,3.013769478990455220e+00
3.696000000000000085e+01,2.877685193047143652e+00,-1.176994131950404553e-02,3.014552087686107384e+00
3.697999999999999687e+01,2.874077954242262756e+00,-1.131062876195242616e-02,3.015334696381759549e+00
3.700000000000000000e+01,2.870470357080091350e+00,-1.085413940122729320e-02,3.016117305077411714e+00
3.702000000000000313e+01,2.866862403770197076e+00,-1.040047351691819610e-02,3.016899913773063879e+00
3.703999999999999915e+01,2.863254096522366066e+00,-9.949631386884488435e-03,3.017682522468716044e+00
3.706000000000000227e+01,2.859284571649024720e+00,-9.456811477293540491e-03,3.018465131164368209e+00
3.707999999999999829e+01,2.855314662306196016e+00,-8.967098302989275765e-03,3.019247739860020374e+00
3.710000000000000142e+01,2.851344370925355864e+00,-8.480492163909027908e-03,3.020030348555672539e+00
3.711999999999999744e+01,2.847373699938213321e+00,-7.996993358088047912e-03,3.020812957251324704e+00
3.714000000000000057e+01,2.843402651776711032e+00,-7.516602181657800613e-03,3.021595565946976869e+00
3.715999999999999659e+01,2.839431228873021240e+00,-7.039318928846533679e-03,3.022378174642629034e+00
3.717999999999999972e+01,2.835459433659547113e+00,-6.565143891978706889e-03,3.023160783338281199e+00
3.720000000000000284e+01,2.831487268568919191e+00,-6.094077361475563719e-03,3.023943392033933364e+00
3.721999999999999886e+01,2.827514736033994502e+00,-5.626119625854560623e-03,3.024726000729585529e+00
3.724000000000000199e+01,2.823541838487855227e+00,-5.161270971727666135e-03,3.025508609425237694e+00
3.725999999999999801e+01,2.819568219030675227e+00,-4.702641426445938050e-03,3.027856435512194189e+00
3.728000000000000114e+01,2.815593533743935062e+00,-4.253342504062586175e-03,3.030204261599150684e+00
3.729999999999999716e+01,2.811617804537231535e+00,-3.813376681241364367e-03,3.032552087686107178e+00
3.732000000000000028e+01,2.807641053325916847e+00,-3.382746383199172757e-03,3.034899913773063673e+00
3.734000000000000341e+01,2.803663302030976023e+00,-2.961453983693004832e-03,3.037247739860020168e+00
3.735999999999999943e+01,2.799684679819064215e+00,-2.548463852139639177e-03,3.039073826816542034e+00
3.738000000000000256e+01,2.795705310085221384e+00,-2.142739715251208363e-03,3.040899913773063901e+00
3.739999999999999858e+01,2.791725206099024525e+00,-1.744282925953050123e-03,3.042726000729585767e+00
3.742000000000000171e+01,2.787744381132499338e+00,-1.353094812935719173e-03,3.044552087686107633e+00
3.743999999999999773e+01,2.783762848460074935e+00,-9.691766806523109679e-04,3.046378174642629499e+00
3.746000000000000085e+01,2.780142642004135300e+00,-6.267704339809757400e-04,3.048204261599151366e+00
3.747999999999999687e+01,2.776521816320919100e+00,-2.909755663171707417e-04,3.050030348555673232e+00
3.750000000000000000e+01,2.772900383484405040e+00,3.820680259979542795e-05,3.051856435512195098e+00
3.752000000000000313e+01,2.769278355570596872e+00,3.607755750808066793e-04,3.053682522468716964e+00
3.753999999999999915e+01,2.765655744657481652e+00,6.767296754904765337e-04,3.055508609425238831e+00
3.756000000000000227e+01,2.761670244641742489e+00,1.017001887726706397e-03,3.057334696381760697e+00
3.757999999999999829e+01,2.757684129904709458e+00,1.349995667078996526e-03,3.059160783338282563e+00
3.760000000000000142e+01,2.753697413738451782e+00,1.675709903148833117e-03,3.060986870294804429e+00
3.761999999999999744e+01,2.749710109437043748e+00,1.994143509812125979e-03,3.062812957251326296e+00
3.764000000000000057e+01,2.745722230296521182e+00,2.305295425222126781e-03,3.064639044207848162e+00
3.765999999999999659e+01,2.741733789614836603e+00,2.609164611814293426e-03,3.066465131164370028e+00
3.767999999999999972e+01,2.737744800691814806e+00,2.905750056308721487e-03,3.068291218120891894e+00
3.770000000000000284e+01,2.733755276829108904e+00,3.195050769713549035e-03,3.070117305077413761e+00
3.771999999999999886e+01,2.729765231330155473e+00,3.477065787328847621e-03,3.071943392033935627e+00
3.774000000000000199e+01,2.725774677500131471e+00,3.751794168749297657e-03,3.073769478990457493e+00
3.775999999999999801e+01,2.721783698277284280e+00,4.020276150206022678e-03,3.075073826816544287e+00
3.778000000000000114e+01,2.717792372255619870e+00,4.283552279678427485e-03,3.076378174642631080e+00
3.779999999999999716e+01,2.713800706225673043e+00,4.541622109248674710e-03,3.077682522468717874e+00
3.782000000000000028e+01,2.709808706978557247e+00,4.794485199856555156e-03,3.078986870294804667e+00
3.784000000000000341e+01,2.705816381305952589e+00,5.042141121300164341e-03,3.080291218120891461e+00
3.785999999999999943e+01,2.701823736000094289e+00,5.284589452236926853e-03,3.081595565946978255e+00
3.788000000000000256e+01,2.697830777853762019e+00,5.521829780183935485e-03,3.082899913773065048e+00
3.789999999999999858e+01,2.693837513660267469e+00,5.753861701518632119e-03,3.084204261599151842e+00
3.792000000000000171e+01,2.689843950213442358e+00,5.980684821479830340e-03,3.085508609425238635e+00
3.793999999999999773e+01,2.685850094307628666e+00,6.202298754168395455e-03,3.086812957251325429e+00
3.796000000000000085e+01,2.682219056516752520e+00,6.399029998148858360e-03,3.088117305077412222e+00
3.797999999999999687e+01,2.678587765208762850e+00,6.591024939871697845e-03,3.089421652903499016e+00
3.800000000000000000e+01,2.674956226561659101e+00,6.778283252691537364e-03,3.090726000729585810e+00
3.802000000000000313e+01,2.671324446753861270e+00,6.960804618021266231e-03,3.092030348555672603e+00
3.803999999999999915e+01,2.667692431964200583e+00,7.138588725333281683e-03,3.093334696381759397e+00
3.806000000000000227e+01,2.663696964012677526e+00,7.328939926841765255e-03,3.094639044207846190e+00
3.807999999999999829e+01,2.659701251175839776e+00,7.514079487966745900e-03,3.095943392033932984e+00
3.810000000000000142e+01,2.655705300251685497e+00,7.694007093726271639e-03,3.097247739860019777e+00
3.811999999999999744e+01,2.651709118038617863e+00,7.868722438004870090e-03,3.098552087686106571e+00
3.814000000000000057e+01,2.647712711335433511e+00,8.038225223555586774e-03,3.099856435512193364e+00
3.815999999999999659e+01,2.643716086941311438e+00,8.202515161999648571e-03,3.101160783338280158e+00
3.817999999999999972e+01,2.639719251655800569e+00,8.361591973826463728e-03,3.102465131164366952e+00
3.820000000000000284e+01,2.635722212278808652e+00,8.515455388395322747e-03,3.103769478990453745e+00
3.821999999999999886e+01,2.631724975610591155e+00,8.664105143934376640e-03,3.105073826816540539e+00
3.824000000000000199e+01,2.627727548451738393e+00,8.807540987543022171e-03,3.106378174642627332e+00
3.825999999999999801e+01,2.623729973615656075e+00,8.946805531796822239e-03,3.107160783338279497e+00
3.828000000000000114e+01,2.619732291014151837e+00,9.082941496893967570e-03,3.107943392033931662e+00
3.829999999999999716e+01,2.615734503095711094e+00,9.215948799454315096e-03,3.108726000729583827e+00
3.832000000000000028e+01,2.611736612308884542e+00,9.345827358013425457e-03,3.109508609425235992e+00
3.834000000000000341e+01,2.607738621102285936e+00,9.472577093024261291e-03,3.110291218120888157e+00
3.835999999999999943e+01,2.603740531924590318e+00,9.596197926855490681e-03,3.111073826816540322e+00
3.838000000000000256e+01,2.599742347224532679e+00,9.716689783792049201e-03,3.111856435512192487e+00
3.839999999999999858e+01,2.595744069450906188e+00,9.834052590035710639e-03,3.112639044207844652e+00
3.842000000000000171e+01,2.591745701052561746e+00,9.948286273704518012e-03,3.113421652903496817e+00
3.843999999999999773e+01,2.587747244478405317e+00,1.005939076483335082e-02,3.114204261599148982e+00
3.846000000000000085e+01,2.584112206022942893e+00,1.015755006532375118e-02,3.114986870294801147e+00
3.847999999999999687e+01,2.580477091860353678e+00,1.025286452334014595e-02,3.115769478990453312e+00
3.850000000000000000e+01,2.576841904217059387e+00,1.034533408050510202e-02,3.116552087686105477e+00
3.852000000000000313e+01,2.573206645319526142e+00,1.043495868018221896e-02,3.117334696381757642e+00
3.853999999999999915e+01,2.569571317394264032e+00,1.052173826747922029e-02,3.118117305077409807e+00
3.856000000000000227e+01,2.565572383195181327e+00,1.061406624142256262e-02,3.118899913773061972e+00
3.857999999999999829e+01,2.561573377964057041e+00,1.070326458673358412e-02,3.119682522468714136e+00
3.860000000000000142e+01,2.557574304150187494e+00,1.078933324877958885e-02,3.120465131164366301e+00
3.861999999999999744e+01,2.553575164202910308e+00,1.087227217484699159e-02,3.121247739860018466e+00
3.864000000000000057e+01,2.549575960571604405e+00,1.095208131413677281e-02,3.122030348555670631e+00
3.865999999999999659e+01,2.545576695705687342e+00,1.102876061776731850e-02,3.122812957251322796e+00
3.867999999999999972e+01,2.541577372054613981e+00,1.110231003877555286e-02,3.123595565946974961e+00
3.870000000000000284e+01,2.537577992067875599e+00,1.117272953211353483e-02,3.124378174642627126e+00
3.871999999999999886e+01,2.533578558194998109e+00,1.124001905465072879e-02,3.125160783338279291e+00
3.874000000000000199e+01,2.529579072885539848e+00,1.130417856517457013e-02,3.125943392033931456e+00
3.875999999999999801e+01,2.525943132616040643e+00,1.135965989173241299e-02,3.126726000729583621e+00
3.878000000000000114e+01,2.522307150039841073e+00,1.141229568311885774e-02,3.127508609425235786e+00
3.879999999999999716e+01,2.518671127383894426e+00,1.146208590709515973e-02,3.128291218120887951e+00
3.882000000000000028e+01,2.515035066875178416e+00,1.150903053316566609e-02,3.129073826816540116e+00
3.884000000000000341e+01,2.511398970740693848e+00,1.155312953257885480e-02,3.129856435512192281e+00
3.885999999999999943e+01,2.507399240137420993e+00,1.159955162347981773e-02,3.130117305077409817e+00
3.888000000000000256e+01,2.503399497560134357e+00,1.164493030482964889e-02,3.130378174642627354e+00
3.889999999999999858e+01,2.499399743281028208e+00,1.168926557354030109e-02,3.130639044207844890e+00
3.892000000000000171e+01,2.495399977572297257e+00,1.173255742659352202e-02,3.130899913773062426e+00
3.893999999999999773e+01,2.491400200706137547e+00,1.177480586104426123e-02,3.131160783338279963e+00
3.896000000000000085e+01,2.487764030023053685e+00,1.181226496374853698e-02,3.131421652903497499e+00
3.897999999999999687e+01,2.484127849691756040e+00,1.184877549892263127e-02,3.131682522468715035e+00
3.900000000000000000e+01,2.480491659959697781e+00,1.188433746408267509e-02,3.131943392033932572e+00
3.902000000000000313e+01,2.476855461074331632e+00,1.191895085680979433e-02,3.132204261599150108e+00
3.903999999999999915e+01,2.473219253283112096e+00,1.195261567474701844e-02,3.132465131164367644e+00
3.906000000000000227e+01,2.469219415188531386e+00,1.198860353968961463e-02,3.132726000729585181e+00
3.907999999999999829e+01,2.465219567841912429e+00,1.202354796739418981e-02,3.132986870294802717e+00
3.910000000000000142e+01,2.461219711515456599e+00,1.205744895548427516e-02,3.133247739860020253e+00
3.911999999999999744e+01,2.457219846481366154e+00,1.209030650165149497e-02,3.133508609425237790e+00
3.914000000000000057e+01,2.453219973011843358e+00,1.212212060366067365e-02,3.133769478990455326e+00
3.915999999999999659e+01,2.449220091379090913e+00,1.215289125934643395e-02,3.134030348555672862e+00
3.917999999999999972e+01,2.445220201855312858e+00,1.218261846661489352e-02,3.134291218120890399e+00
3.920000000000000284e+01,2.441220304712713229e+00,1.221130222344196832e-02,3.134552087686107935e+00
3.921999999999999886e+01,2.437220400223496952e+00,1.223894252787507270e-02,3.134812957251325471e+00
3.924000000000000199e+01,2.433220488659869396e+00,1.226553937803652287e-02,3.135073826816543008e+00
3.925999999999999801e+01,2.429584199236384467e+00,1.228876973628816038e-02,3.135334696381760544e+00
3.928000000000000114e+01,2.425947903876536138e+00,1.231105149651912610e-02,3.135595565946978081e+00
3.929999999999999716e+01,2.422311602827785126e+00,1.233238465721433509e-02,3.135856435512195617e+00
3.932000000000000028e+01,2.418675296337592151e+00,1.235276921691905866e-02,3.136117305077413153e+00
3.934000000000000341e+01,2.415038984653418819e+00,1.237220517424820858e-02,3.136378174642630690e+00
3.935999999999999943e+01,2.411039036359657217e+00,1.239254126324334376e-02,3.136639044207848226e+00
3.938000000000000256e+01,2.407039082896933468e+00,1.241183388678414150e-02,3.136899913773065762e+00
3.939999999999999858e+01,2.403039124537455606e+00,1.243008304356149965e-02,3.137160783338283299e+00
3.942000000000000171e+01,2.399039161553432553e+00,1.244728873233100566e-02,3.137421652903500835e+00
3.943999999999999773e+01,2.395039194217073675e+00,1.246345095192144883e-02,3.137682522468718371e+00
3.946000000000000085e+01,2.391039224795285634e+00,1.247909143655078802e-02,3.137682522468718371e+00
3.947999999999999687e+01,2.387039255373497593e+00,1.249473192118012721e-02,3.137682522468718371e+00
3.950000000000000000e+01,2.383039285951709552e+00,1.251037240580946640e-02,3.137682522468718371e+00
3.952000000000000313e+01,2.379039316529921511e+00,1.252601289043880559e-02,3.137682522468718371e+00
3.953999999999999915e+01,2.375039347108133470e+00,1.254165337506814477e-02,3.137682522468718371e+00
3.956000000000000227e+01,2.371039377686345428e+00,1.255729385969748396e-02,3.137682522468718371e+00
3.957999999999999829e+01,2.367039408264557387e+00,1.257293434432682315e-02,3.137682522468718371e+00
3.960000000000000142e+01,2.363039438842769346e+00,1.258857482895616234e-02,3.137682522468718371e+00
3.961999999999999744e+01,2.359039469420981305e+00,1.260421531358550153e-02,3.137682522468718371e+00
3.964000000000000057e+01,2.355039499999193264e+00,1.261985579821484071e-02,3.137682522468718371e+00
3.965999999999999659e+01,2.351039530577405223e+00,1.263549628284417990e-02,3.137682522468718371e+00
3.967999999999999972e+01,2.347039561155617182e+00,1.265113676747351909e-02,3.137682522468718371e+00
3.970000000000000284e+01,2.343039591733829141e+00,1.266677725210285828e-02,3.137682522468718371e+00
3.971999999999999886e+01,2.339039622312041100e+00,1.268241773673219747e-02,3.137682522468718371e+00
3.974000000000000199e+01,2.335039652890253059e+00,1.269805822136153665e-02,3.137682522468718371e+00
3.975999999999999801e+01,2.331403317052263890e+00,1.271227684375184595e-02,3.137682522468718371e+00
3.978000000000000114e+01,2.327766981214274722e+00,1.272649546614215525e-02,3.137682522468718371e+00
3.979999999999999716e+01,2.324130645376285553e+00,1.274071408853246455e-02,3.137682522468718371e+00
3.982000000000000028e+01,2.320494309538296385e+00,1.275493271092277385e-02,3.137682522468718371e+00
3.984000000000000341e+01,2.316857973700307216e+00,1.276915133331308315e-02,3.137682522468718371e+00
3.985999999999999943e+01,2.312858004278519175e+00,1.278479181794242234e-02,3.137682522468718371e+00
3.988000000000000256e+01,2.308858034856731134e+00,1.280043230257176153e-02,3.137682522468718371e+00
3.989999999999999858e+01,2.304858065434943093e+00,1.281607278720110071e-02,3.137682522468718371e+00
3.992000000000000171e+01,2.300858096013155052e+00,1.283171327183043990e-02,3.137682522468718371e+00
3.993999999999999773e+01,2.296858126591367011e+00,1.284735375645977909e-02,3.137682522468718371e+00
3.996000000000000085e+01,2.292858157169578970e+00,1.286299424108911828e-02,3.137682522468718371e+00
3.997999999999999687e+01,2.288858187747790929e+00,1.287863472571845747e-02,3.137682522468718371e+00
4.000000000000000000e+01,2.284858218326002888e+00,1.289427521034779665e-02,3.137682522468718371e+00
4.002000000000000313e+01,2.280858248904214847e+00,1.290991569497713584e-02,3.137682522468718371e+00
4.003999999999999915e+01,2.276858279482426806e+00,1.292555617960647503e-02,3.137682522468718371e+00
4.006000000000000227e+01,2.272858310060638765e+00,1.294119666423581422e-02,3.137682522468718371e+00
4.007999999999999829e+01,2.268858340638850724e+00,1.295683714886515341e-02,3.137682522468718371e+00
4.010000000000000142e+01,2.264858371217062682e+00,1.297247763349449259e-02,3.137682522468718371e+00
4.011999999999999744e+01,2.260858401795274641e+00,1.298811811812383178e-02,3.137682522468718371e+00
4.014000000000000057e+01,2.256858432373486600e+00,1.300375860275317097e-02,3.137682522468718371e+00
4.015999999999999659e+01,2.252858462951698559e+00,1.301939908738251016e-02,3.137682522468718371e+00
4.017999999999999972e+01,2.248858493529910518e+00,1.303503957201184935e-02,3.137682522468718371e+00
4.020000000000000284e+01,2.244858524108122477e+00,1.305068005664118853e-02,3.137682522468718371e+00
4.021999999999999886e+01,2.240858554686334436e+00,1.306632054127052772e-02,3.137682522468718371e+00
4.024000000000000199e+01,2.236858585264546395e+00,1.308196102589986691e-02,3.137682522468718371e+00
4.025999999999999801e+01,2.233222249426557227e+00,1.309617964829017621e-02,3.137682522468718371e+00
4.028000000000000114e+01,2.229585913588568058e+00,1.311039827068048551e-02,3.137682522468718371e+00
4.029999999999999716e+01,2.225949577750578889e+00,1.312461689307079481e-02,3.137682522468718371e+00
4.032000000000000028e+01,2.222313241912589721e+00,1.313883551546110411e-02,3.137682522468718371e+00
4.034000000000000341e+01,2.218676906074600552e+00,1.315305413785141340e-02,3.137682522468718371e+00
4.035999999999999943e+01,2.214676936652812511e+00,1.316869462248075259e-02,3.137682522468718371e+00
4.038000000000000256e+01,2.210676967231024470e+00,1.318433510711009178e-02,3.137682522468718371e+00
4.039999999999999858e+01,2.206676997809236429e+00,1.319997559173943097e-02,3.137682522468718371e+00
4.042000000000000171e+01,2.202677028387448388e+00,1.321561607636877016e-02,3.137682522468718371e+00
4.043999999999999773e+01,2.198677058965660347e+00,1.323125656099810935e-02,3.137682522468718371e+00
4.046000000000000085e+01,2.194677089543872306e+00,1.324689704562744853e-02,3.137682522468718371e+00
4.047999999999999687e+01,2.190677120122084265e+00,1.326253753025678772e-02,3.137682522468718371e+00
4.050000000000000000e+01,2.186677150700296224e+00,1.327817801488612691e-02,3.137682522468718371e+00
4.052000000000000313e+01,2.182677181278508183e+00,1.329381849951546610e-02,3.137682522468718371e+00
4.053999999999999915e+01,2.178677211856720142e+00,1.330945898414480529e-02,3.137682522468718371e+00
4.056000000000000227e+01,2.174677242434932101e+00,1.332509946877414447e-02,3.137682522468718371e+00
4.057999999999999829e+01,2.170677273013144060e+00,1.334073995340348366e-02,3.137682522468718371e+00
4.060000000000000142e+01,2.166677303591356019e+00,1.335638043803282285e-02,3.137682522468718371e+00
4.061999999999999744e+01,2.162677334169567978e+00,1.337202092266216204e-02,3.137682522468718371e+00
4.064000000000000057e+01,2.158677364747779936e+00,1.338766140729150123e-02,3.137682522468718371e+00
4.065999999999999659e+01,2.154677395325991895e+00,1.340330189192084041e-02,3.137682522468718371e+00
4.067999999999999972e+01,2.150677425904203854e+00,1.341894237655017960e-02,3.137682522468718371e+00
4.070000000000000284e+01,2.146677456482415813e+00,1.343458286117951879e-02,3.137682522468718371e+00
4.071999999999999886e+01,2.142677487060627772e+00,1.345022334580885798e-02,3.137682522468718371e+00
4.074000000000000199e+01,2.138677517638839731e+00,1.346586383043819717e-02,3.137682522468718371e+00
4.075999999999999801e+01,2.135041181800850563e+00,1.348008245282850646e-02,3.137682522468718371e+00
4.078000000000000114e+01,2.131404845962861394e+00,1.349430107521881576e-02,3.137682522468718371e+00
4.079999999999999716e+01,2.127768510124872225e+00,1.350851969760912506e-02,3.137682522468718371e+00
4.082000000000000028e+01,2.124132174286883057e+00,1.352273831999943436e-02,3.137682522468718371e+00
4.084000000000000341e+01,2.120495838448893888e+00,1.353695694238974366e-02,3.137682522468718371e+00
4.085999999999999943e+01,2.116495869027105847e+00,1.355259742701908285e-02,3.137682522468718371e+00
4.088000000000000256e+01,2.112495899605317806e+00,1.356823791164842204e-02,3.137682522468718371e+00
4.089999999999999858e+01,2.108495930183529765e+00,1.358387839627776122e-02,3.137682522468718371e+00
4.092000000000000171e+01,2.104495960761741724e+00,1.359951888090710041e-02,3.137682522468718371e+00
4.093999999999999773e+01,2.100495991339953683e+00,1.361515936553643960e-02,3.137682522468718371e+00
4.096000000000000085e+01,2.096496021918165642e+00,1.363079985016577879e-02,3.137682522468718371e+00
4.097999999999999687e+01,2.092496052496377601e+00,1.364644033479511798e-02,3.137682522468718371e+00
4.100000000000000000e+01,2.088496083074589560e+00,1.366208081942445716e-02,3.137682522468718371e+00
4.102000000000000313e+01,2.084496113652801519e+00,1.367772130405379635e-02,3.137682522468718371e+00
4.103999999999999915e+01,2.080496144231013478e+00,1.369336178868313554e-02,3.137682522468718371e+00
4.106000000000000227e+01,2.076496174809225437e+00,1.370900227331247473e-02,3.137682522468718371e+00
4.107999999999999829e+01,2.072496205387437396e+00,1.372464275794181392e-02,3.137682522468718371e+00
4.110000000000000142e+01,2.068496235965649355e+00,1.374028324257115311e-02,3.137682522468718371e+00
4.111999999999999744e+01,2.064496266543861314e+00,1.375592372720049229e-02,3.137682522468718371e+00
4.114000000000000057e+01,2.060496297122073273e+00,1.377156421182983148e-02,3.137682522468718371e+00
4.115999999999999659e+01,2.056496325705587935e+00,1.378668296114320124e-02,3.137943392033935908e+00
4.117999999999999972e+01,2.052496350481185949e+00,1.380075823914787836e-02,3.138204261599153444e+00
4.120000000000000284e+01,2.048496371721077569e+00,1.381379004489055075e-02,3.138465131164370980e+00
4.121999999999999886e+01,2.044496389697472605e+00,1.382577837747919237e-02,3.138726000729588517e+00
4.124000000000000199e+01,2.040496404682581755e+00,1.383672323610178612e-02,3.138986870294806053e+00
4.125999999999999801e+01,2.036860053391859271e+00,1.384619880099656301e-02,3.138986870294806053e+00
4.128000000000000114e+01,2.033223702101136787e+00,1.385567436589133991e-02,3.138986870294806053e+00
4.129999999999999716e+01,2.029587350810414303e+00,1.386514993078611681e-02,3.138986870294806053e+00
4.132000000000000028e+01,2.025950999519691820e+00,1.387462549568089371e-02,3.138986870294806053e+00
4.134000000000000341e+01,2.022314648228969336e+00,1.388410106057567060e-02,3.138986870294806053e+00
4.135999999999999943e+01,2.018314661809174737e+00,1.389452418195992640e-02,3.138986870294806053e+00
4.138000000000000256e+01,2.014314675389380138e+00,1.390494730334418221e-02,3.138986870294806053e+00
4.139999999999999858e+01,2.010314688969585539e+00,1.391537042472843801e-02,3.138986870294806053e+00
4.142000000000000171e+01,2.006314702549790940e+00,1.392579354611269381e-02,3.138986870294806053e+00
4.143999999999999773e+01,2.002314716129996341e+00,1.393621666749694961e-02,3.138986870294806053e+00
4.146000000000000085e+01,1.998314729710201743e+00,1.394663978888120541e-02,3.138986870294806053e+00
4.147999999999999687e+01,1.994314743290407144e+00,1.395706291026546121e-02,3.138986870294806053e+00
4.150000000000000000e+01,1.990314756870612545e+00,1.396748603164971701e-02,3.138986870294806053e+00
4.152000000000000313e+01,1.986314770450817946e+00,1.397790915303397281e-02,3.138986870294806053e+00
4.153999999999999915e+01,1.982314784031023347e+00,1.398833227441822862e-02,3.138986870294806053e+00
4.156000000000000227e+01,1.978314797611228748e+00,1.399875539580248442e-02,3.138986870294806053e+00
4.157999999999999829e+01,1.974314811191434149e+00,1.400917851718674022e-02,3.138986870294806053e+00
4.160000000000000142e+01,1.970314824771639550e+00,1.401960163857099602e-02,3.138986870294806053e+00
4.161999999999999744e+01,1.966314838351844951e+00,1.403002475995525182e-02,3.138986870294806053e+00
4.164000000000000057e+01,1.962314851932050352e+00,1.404044788133950762e-02,3.138986870294806053e+00
4.165999999999999659e+01,1.958314866917159724e+00,1.405139273996210136e-02,3.138726000729588517e+00
4.167999999999999972e+01,1.954314884893554760e+00,1.406338107255074299e-02,3.138465131164370980e+00
4.170000000000000284e+01,1.950314906133446158e+00,1.407641287829341538e-02,3.138204261599153444e+00
4.171999999999999886e+01,1.946314930909044172e+00,1.409048815629809250e-02,3.137943392033935908e+00
4.174000000000000199e+01,1.942314959492558835e+00,1.410560690561146226e-02,3.137682522468718371e+00
4.175999999999999801e+01,1.938678625550414258e+00,1.412029983251186435e-02,3.137421652903500835e+00
4.178000000000000114e+01,1.935042295564938675e+00,1.413594136775686919e-02,3.137160783338283299e+00
4.179999999999999716e+01,1.931405969783595022e+00,1.415253151028173992e-02,3.136899913773065762e+00
4.182000000000000028e+01,1.927769648453846019e+00,1.417007025895519225e-02,3.136639044207848226e+00
4.184000000000000341e+01,1.924133331823153714e+00,1.418855761258713301e-02,3.136378174642630690e+00
4.185999999999999943e+01,1.920133386204611936e+00,1.420941543385204064e-02,3.136378174642630690e+00
4.188000000000000256e+01,1.916133440586070158e+00,1.423027325511694828e-02,3.136378174642630690e+00
4.189999999999999858e+01,1.912133494967528380e+00,1.425113107638185592e-02,3.136378174642630690e+00
4.192000000000000171e+01,1.908133549348986602e+00,1.427198889764676355e-02,3.136378174642630690e+00
4.193999999999999773e+01,1.904133603730444824e+00,1.429284671891167119e-02,3.136378174642630690e+00
4.196000000000000085e+01,1.900133658111903046e+00,1.431370454017657882e-02,3.136378174642630690e+00
4.197999999999999687e+01,1.896133712493361267e+00,1.433456236144148646e-02,3.136378174642630690e+00
4.200000000000000000e+01,1.892133766874819489e+00,1.435542018270639410e-02,3.136378174642630690e+00
4.202000000000000313e+01,1.888133821256277711e+00,1.437627800397130173e-02,3.136378174642630690e+00
4.203999999999999915e+01,1.884133875637735933e+00,1.439713582523620937e-02,3.136378174642630690e+00
4.206000000000000227e+01,1.880497561439061549e+00,1.441609748093158026e-02,3.136378174642630690e+00
4.207999999999999829e+01,1.876861247240387165e+00,1.443505913662695116e-02,3.136378174642630690e+00
4.210000000000000142e+01,1.873224933041712781e+00,1.445402079232232205e-02,3.136378174642630690e+00
4.211999999999999744e+01,1.869588618843038397e+00,1.447298244801769294e-02,3.136378174642630690e+00
4.214000000000000057e+01,1.865952304644364013e+00,1.449194410371306384e-02,3.136378174642630690e+00
4.215999999999999659e+01,1.861952359025822235e+00,1.451280192497797147e-02,3.136378174642630690e+00
4.217999999999999972e+01,1.857952413407280456e+00,1.453365974624287911e-02,3.136378174642630690e+00
4.220000000000000284e+01,1.853952467788738678e+00,1.455451756750778675e-02,3.136378174642630690e+00
4.221999999999999886e+01,1.849952522170196900e+00,1.457537538877269438e-02,3.136378174642630690e+00
4.224000000000000199e+01,1.845952576551655122e+00,1.459623321003760202e-02,3.136378174642630690e+00
4.225999999999999801e+01,1.842316264867481790e+00,1.461566916736675194e-02,3.136117305077413153e+00
4.228000000000000114e+01,1.838679958377289037e+00,1.463605372707147551e-02,3.135856435512195617e+00
4.229999999999999716e+01,1.835043657328538025e+00,1.465738688776668450e-02,3.135595565946978081e+00
4.232000000000000028e+01,1.831407361968689695e+00,1.467966864799765021e-02,3.135334696381760544e+00
4.234000000000000341e+01,1.827771072545204767e+00,1.470289900624928772e-02,3.135073826816543008e+00
4.235999999999999943e+01,1.823771157535108767e+00,1.472897412866387354e-02,3.135073826816543008e+00
4.238000000000000256e+01,1.819771242525012767e+00,1.475504925107845935e-02,3.135073826816543008e+00
4.239999999999999858e+01,1.815771327514916766e+00,1.478112437349304517e-02,3.135073826816543008e+00
4.242000000000000171e+01,1.811771412504820766e+00,1.480719949590763099e-02,3.135073826816543008e+00
4.243999999999999773e+01,1.807771497494724766e+00,1.483327461832221680e-02,3.135073826816543008e+00
4.246000000000000085e+01,1.803771582484628766e+00,1.485934974073680262e-02,3.135073826816543008e+00
4.247999999999999687e+01,1.799771667474532766e+00,1.488542486315138844e-02,3.135073826816543008e+00
4.250000000000000000e+01,1.795771752464436766e+00,1.491149998556597425e-02,3.135073826816543008e+00
4.252000000000000313e+01,1.791771837454340766e+00,1.493757510798056007e-02,3.135073826816543008e+00
4.253999999999999915e+01,1.788135554214679290e+00,1.496175406267278608e-02,3.134812957251325471e+00
4.256000000000000227e+01,1.784499277406301099e+00,1.498688161215742595e-02,3.134552087686107935e+00
4.257999999999999829e+01,1.780863007276665355e+00,1.501295775472749443e-02,3.134291218120890399e+00
4.260000000000000142e+01,1.777226744073230780e+00,1.503998248860791143e-02,3.134030348555672862e+00
4.261999999999999744e+01,1.773590488043455871e+00,1.506795581195860198e-02,3.133769478990455326e+00
4.264000000000000057e+01,1.769954239434798682e+00,1.509687772287603841e-02,3.133508609425237790e+00
4.265999999999999659e+01,1.766317998494716379e+00,1.512674821939169294e-02,3.133247739860020253e+00
4.267999999999999972e+01,1.762318137769078419e+00,1.516012748689904086e-02,3.133247739860020253e+00
4.270000000000000284e+01,1.758318277043440458e+00,1.519350675440638877e-02,3.133247739860020253e+00
4.271999999999999886e+01,1.754318416317802498e+00,1.522688602191373669e-02,3.133247739860020253e+00
4.274000000000000199e+01,1.750318555592164538e+00,1.526026528942108461e-02,3.133247739860020253e+00
4.275999999999999801e+01,1.746318682213378271e+00,1.529207939070847087e-02,3.134030348555672418e+00
4.278000000000000114e+01,1.742318785161516059e+00,1.532076314688468437e-02,3.134812957251324583e+00
4.279999999999999716e+01,1.738318866886420233e+00,1.534631654038212147e-02,3.135595565946976748e+00
4.282000000000000028e+01,1.734318929837946222e+00,1.536873955554945125e-02,3.136378174642628913e+00
4.284000000000000341e+01,1.730318976465960779e+00,1.538803217865388102e-02,3.137160783338281078e+00
4.285999999999999943e+01,1.726319009220340650e+00,1.540419439787832009e-02,3.137943392033933243e+00
4.288000000000000256e+01,1.722319030550971020e+00,1.541722620332365047e-02,3.138726000729585408e+00
4.289999999999999858e+01,1.718319042907744398e+00,1.542712758700929242e-02,3.139508609425237573e+00
4.292000000000000171e+01,1.714319048740558404e+00,1.543389854286980264e-02,3.140291218120889738e+00
4.293999999999999773e+01,1.710319050499315097e+00,1.543753906675827438e-02,3.141073826816541903e+00
4.296000000000000085e+01,1.706319051037677559e+00,1.543961437375817453e-02,3.141073826816541903e+00
4.297999999999999687e+01,1.702319051576040021e+00,1.544168968075807467e-02,3.141073826816541903e+00
4.300000000000000000e+01,1.698319052114402483e+00,1.544376498775797482e-02,3.141073826816541903e+00
4.302000000000000313e+01,1.694319052652764945e+00,1.544584029475787497e-02,3.141073826816541903e+00
4.303999999999999915e+01,1.690319053191127407e+00,1.544791560175777512e-02,3.141073826816541903e+00
4.306000000000000227e+01,1.686682690044184252e+00,1.544980224448495691e-02,3.141073826816541903e+00
4.307999999999999829e+01,1.683046326897241096e+00,1.545168888721213871e-02,3.141073826816541903e+00
4.310000000000000142e+01,1.679409963750297941e+00,1.545357552993932050e-02,3.141073826816541903e+00
4.311999999999999744e+01,1.675773600603354785e+00,1.545546217266650230e-02,3.141073826816541903e+00
4.314000000000000057e+01,1.672137237456411629e+00,1.545734881539368409e-02,3.141073826816541903e+00
4.315999999999999659e+01,1.668137238310832604e+00,1.545994586142739047e-02,3.140812957251324367e+00
4.317999999999999972e+01,1.664137239978849658e+00,1.546358638539870912e-02,3.140552087686106830e+00
4.320000000000000284e+01,1.660137242732674601e+00,1.546827038705909929e-02,3.140291218120889294e+00
4.321999999999999886e+01,1.656137246844518573e+00,1.547399786609192363e-02,3.140030348555671758e+00
4.324000000000000199e+01,1.652137252586593386e+00,1.548076882210734639e-02,3.139769478990454221e+00
4.325999999999999801e+01,1.648137260231110179e+00,1.548858325464233000e-02,3.139508609425236685e+00
4.328000000000000114e+01,1.644137270050280097e+00,1.549744116316574549e-02,3.139247739860019148e+00
4.329999999999999716e+01,1.640137282316314282e+00,1.550734254707496207e-02,3.138986870294801612e+00
4.332000000000000028e+01,1.636137297301423654e+00,1.551828740569755581e-02,3.138726000729584076e+00
4.334000000000000341e+01,1.632137315277818690e+00,1.553027573828789920e-02,3.138465131164366539e+00
4.335999999999999943e+01,1.628137336517710088e+00,1.554330754402886983e-02,3.138204261599149003e+00
4.338000000000000256e+01,1.624137361293308102e+00,1.555738282203524871e-02,3.137943392033931467e+00
4.339999999999999858e+01,1.620137389876822764e+00,1.557250157134691670e-02,3.137682522468713930e+00
4.342000000000000171e+01,1.616137422540463886e+00,1.558866379093906164e-02,3.137421652903496394e+00
4.343999999999999773e+01,1.612137459556440833e+00,1.560586947970686589e-02,3.137160783338278858e+00
4.346000000000000085e+01,1.608137501196962971e+00,1.562411863648422404e-02,3.136899913773061321e+00
4.347999999999999687e+01,1.604137547734239000e+00,1.564341126002502178e-02,3.136639044207843785e+00
4.350000000000000000e+01,1.600137599440477620e+00,1.566374734902015869e-02,3.136378174642626249e+00
4.352000000000000313e+01,1.596137656587886866e+00,1.568512690208222551e-02,3.136117305077408712e+00
4.353999999999999915e+01,1.592137719448674771e+00,1.570754991775912338e-02,3.135856435512191176e+00
4.356000000000000227e+01,1.588501407846990787e+00,1.572698587464824507e-02,3.136639044207843341e+00
4.357999999999999829e+01,1.584865082148136706e+00,1.574357601679550467e-02,3.137421652903495506e+00
4.360000000000000142e+01,1.581228744579276313e+00,1.575732033404101881e-02,3.138204261599147671e+00
4.361999999999999744e+01,1.577592397367580057e+00,1.576821881796644509e-02,3.138986870294799836e+00
4.364000000000000057e+01,1.573956042740224825e+00,1.577627146189602633e-02,3.139769478990452001e+00
4.365999999999999659e+01,1.569956046942808214e+00,1.578199894079890600e-02,3.140552087686104166e+00
4.367999999999999972e+01,1.565956047887968827e+00,1.578459598677359882e-02,3.141334696381756331e+00
4.370000000000000284e+01,1.561956048025611166e+00,1.578406259822955071e-02,-3.141068002102178180e+00
4.371999999999999886e+01,1.557956049805640619e+00,1.578039877549361134e-02,-3.140285393406526016e+00
4.374000000000000199e+01,1.553956055677961468e+00,1.577360452081003409e-02,-3.139502784710873851e+00
4.375999999999999801e+01,1.549956063368062908e+00,1.576576678946276303e-02,-3.139763654276091387e+00
4.378000000000000114e+01,1.545956069149644341e+00,1.575897253462484049e-02,-3.140024523841308923e+00
4.379999999999999716e+01,1.541956073294917129e+00,1.575322175675930234e-02,-3.140285393406526460e+00
4.382000000000000028e+01,1.537956076076092859e+00,1.574851445625598256e-02,-3.140546262971743996e+00
4.384000000000000341e+01,1.533956077765382897e+00,1.574485063343662727e-02,-3.140807132536961532e+00
4.385999999999999943e+01,1.529956078634998828e+00,1.574223028855148074e-02,-3.141068002102179069e+00
4.388000000000000256e+01,1.525956078957152462e+00,1.574065342177588187e-02,-3.141328871667396605e+00
4.389999999999999858e+01,1.521956079004055384e+00,1.574012003322048520e-02,-3.141589741232614141e+00
4.392000000000000171e+01,1.517956079047919182e+00,1.574063012291933641e-02,3.141334696381754998e+00
4.393999999999999773e+01,1.513956079360955886e+00,1.574218369083838637e-02,3.141073826816537462e+00
4.396000000000000085e+01,1.509956080215376861e+00,1.574478073687209448e-02,3.140812957251319926e+00
4.397999999999999687e+01,1.505956081883393916e+00,1.574842126084341487e-02,3.140552087686102389e+00
4.400000000000000000e+01,1.501956084637218858e+00,1.575310526250380330e-02,3.140291218120884853e+00
4.402000000000000313e+01,1.497956088749062831e+00,1.575883274153662764e-02,3.140030348555667317e+00
4.403999999999999915e+01,1.493956094491137643e+00,1.576560369755205041e-02,3.139769478990449780e+00
4.406000000000000227e+01,1.490319734675304320e+00,1.577081049655466860e-02,3.140552087686101945e+00
4.407999999999999829e+01,1.486683371898177564e+00,1.577317144744075361e-02,3.141334696381754110e+00
4.410000000000000142e+01,1.483047008386943366e+00,1.577268654876434403e-02,-3.141068002102180401e+00
4.411999999999999744e+01,1.479410646368788385e+00,1.576935580082258065e-02,-3.140285393406528236e+00
4.414000000000000057e+01,1.475774288070898166e+00,1.576317920565569256e-02,-3.139502784710876071e+00
4.415999999999999659e+01,1.471774295760999607e+00,1.575534147430842150e-02,-3.139763654276093607e+00
4.417999999999999972e+01,1.467774301542581039e+00,1.574854721947049896e-02,-3.140024523841311144e+00
4.420000000000000284e+01,1.463774305687853827e+00,1.574279644160496081e-02,-3.140285393406528680e+00
4.421999999999999886e+01,1.459774308469029558e+00,1.573808914110164103e-02,-3.140546262971746216e+00
4.424000000000000199e+01,1.455774310158319595e+00,1.573442531828228574e-02,-3.140807132536963753e+00
4.425999999999999801e+01,1.451774311027935527e+00,1.573180497339713921e-02,-3.141068002102181289e+00
4.428000000000000114e+01,1.447774311350089160e+00,1.573022810662154033e-02,-3.141328871667398825e+00
4.429999999999999716e+01,1.443774311396992083e+00,1.572969471806614367e-02,-3.141589741232616362e+00
4.432000000000000028e+01,1.439774311440855881e+00,1.573020480776499488e-02,3.141334696381752778e+00
4.434000000000000341e+01,1.435774311753892585e+00,1.573175837568404484e-02,3.141073826816535242e+00
4.435999999999999943e+01,1.432137948894275370e+00,1.573411932662377791e-02,3.140812957251317705e+00
4.438000000000000256e+01,1.428501586774290955e+00,1.573742889387043029e-02,3.140552087686100169e+00
4.439999999999999858e+01,1.424865225641404498e+00,1.574168707719805771e-02,3.140291218120882633e+00
4.442000000000000171e+01,1.421228865743080938e+00,1.574689387631880710e-02,3.140030348555665096e+00
4.443999999999999773e+01,1.417592507326785212e+00,1.575304929087828140e-02,3.139769478990447560e+00
4.446000000000000085e+01,1.413592514971302005e+00,1.576086372341326675e-02,3.139508609425230024e+00
4.447999999999999687e+01,1.409592524790471924e+00,1.576972163193668050e-02,3.139247739860012487e+00
4.450000000000000000e+01,1.405592537056506108e+00,1.577962301584589708e-02,3.138986870294794951e+00
4.452000000000000313e+01,1.401592552041615480e+00,1.579056787446848908e-02,3.138726000729577414e+00
4.453999999999999915e+01,1.397956199638682229e+00,1.579956913236401153e-02,3.139508609425229579e+00
4.456000000000000227e+01,1.394319841304876961e+00,1.580572454678317099e-02,3.140291218120881744e+00
4.457999999999999829e+01,1.390683479267383005e+00,1.580903411395450861e-02,3.141073826816533909e+00
4.460000000000000142e+01,1.387047115753386128e+00,1.580949783185223861e-02,-3.141328871667400602e+00
4.461999999999999744e+01,1.383410752990072989e+00,1.580711570019160267e-02,-3.140546262971748437e+00
4.464000000000000057e+01,1.379774393204629579e+00,1.580188772043197160e-02,-3.139763654276096272e+00
4.465999999999999659e+01,1.375774398986211011e+00,1.579509346559404906e-02,-3.140024523841313808e+00
4.467999999999999972e+01,1.371774403131483799e+00,1.578934268772851091e-02,-3.140285393406531345e+00
4.470000000000000284e+01,1.367774405912659530e+00,1.578463538722519113e-02,-3.140546262971748881e+00
4.471999999999999886e+01,1.363774407601949568e+00,1.578097156440583584e-02,-3.140807132536966417e+00
4.474000000000000199e+01,1.359774408471565499e+00,1.577835121952068931e-02,-3.141068002102183954e+00
4.475999999999999801e+01,1.355774408793719132e+00,1.577677435274509044e-02,-3.141328871667401490e+00
4.478000000000000114e+01,1.351774408840622055e+00,1.577624096418969377e-02,-3.141589741232619026e+00
4.479999999999999716e+01,1.347774408884485853e+00,1.577675105388854498e-02,3.141334696381750113e+00
4.482000000000000028e+01,1.343774409197522557e+00,1.577830462180759494e-02,3.141073826816532577e+00
4.484000000000000341e+01,1.339774410051943532e+00,1.578090166784130305e-02,3.140812957251315041e+00
4.485999999999999943e+01,1.335774411719960586e+00,1.578454219181262344e-02,3.140552087686097504e+00
4.488000000000000256e+01,1.331774414473785306e+00,1.578922619347301187e-02,3.140291218120879968e+00
4.489999999999999858e+01,1.327774418585629279e+00,1.579495367250583621e-02,3.140030348555662432e+00
4.492000000000000171e+01,1.323774424327704091e+00,1.580172462852125898e-02,3.139769478990444895e+00
4.493999999999999773e+01,1.319774431972220885e+00,1.580953906105624432e-02,3.139508609425227359e+00
4.496000000000000085e+01,1.315774441791390803e+00,1.581839696957965807e-02,3.139247739860009823e+00
4.497999999999999687e+01,1.311774454057424988e+00,1.582829835348887465e-02,3.138986870294792286e+00
4.500000000000000000e+01,1.307774469042534360e+00,1.583924321211146666e-02,3.138726000729574750e+00
4.502000000000000313e+01,1.303774487018929396e+00,1.585123154470181178e-02,3.138465131164357214e+00
4.503999999999999915e+01,1.299774508258820793e+00,1.586426335044278241e-02,3.138204261599139677e+00
4.506000000000000227e+01,1.295774533034418807e+00,1.587833862844916302e-02,3.137943392033922141e+00
4.507999999999999829e+01,1.291774561617933470e+00,1.589345737776253278e-02,3.137682522468704605e+00
4.510000000000000142e+01,1.287774594281574592e+00,1.590961959735297596e-02,3.137421652903487068e+00
4.511999999999999744e+01,1.283774631297551538e+00,1.592682528612248197e-02,3.137160783338269532e+00
4.514000000000000057e+01,1.279774672938073676e+00,1.594507444289813836e-02,3.136899913773051995e+00
4.515999999999999659e+01,1.275774719475349706e+00,1.596436706644063785e-02,3.136639044207834459e+00
4.517999999999999972e+01,1.271774771181588326e+00,1.598470315543407128e-02,3.136378174642616923e+00
4.520000000000000284e+01,1.267774828328997572e+00,1.600608270849613810e-02,3.136117305077399386e+00
4.521999999999999886e+01,1.263774891189785476e+00,1.602850572417303596e-02,3.135856435512181850e+00
4.524000000000000199e+01,1.259774960036159408e+00,1.605197220093776411e-02,3.135595565946964314e+00
4.525999999999999801e+01,1.255775035140326290e+00,1.607648213719182692e-02,3.135334696381746777e+00
4.528000000000000114e+01,1.251775116774492824e+00,1.610203553126862697e-02,3.135073826816529241e+00
4.529999999999999716e+01,1.247775205210865268e+00,1.612863238142837538e-02,3.134812957251311705e+00
4.532000000000000028e+01,1.243775300721649213e+00,1.615627268586318152e-02,3.134552087686094168e+00
4.534000000000000341e+01,1.239775403579049806e+00,1.618495644269025632e-02,3.134291218120876632e+00
4.535999999999999943e+01,1.235775514055271973e+00,1.621468364995871589e-02,3.134030348555659096e+00
4.538000000000000256e+01,1.231775632422519751e+00,1.624545430564447446e-02,3.133769478990441559e+00
4.539999999999999858e+01,1.227775758952996732e+00,1.627726840765365487e-02,3.133508609425224023e+00
4.542000000000000171e+01,1.223775893918906066e+00,1.631012595382087468e-02,3.133247739860006487e+00
4.543999999999999773e+01,1.219776037592450457e+00,1.634402694191096003e-02,3.132986870294788950e+00
4.546000000000000085e+01,1.215776190245831723e+00,1.637897136961553521e-02,3.132726000729571414e+00
4.547999999999999687e+01,1.211776352151251235e+00,1.641495923455983316e-02,3.132465131164353878e+00
4.550000000000000000e+01,1.207776523580909700e+00,1.645199053429077796e-02,3.132204261599136341e+00
4.552000000000000313e+01,1.203776704807007158e+00,1.649006526628890579e-02,3.131943392033918805e+00
4.553999999999999915e+01,1.199776896101742985e+00,1.652918342796665455e-02,3.131682522468701269e+00
4.556000000000000227e+01,1.196140715770445562e+00,1.656569396314075057e-02,3.131421652903483732e+00
4.557999999999999829e+01,1.192504545087361922e+00,1.660315306584347894e-02,3.131160783338266196e+00
4.560000000000000142e+01,1.188868384299943903e+00,1.664156073352596882e-02,3.130899913773048659e+00
4.561999999999999744e+01,1.185232233655643119e+00,1.668091696357590012e-02,3.130639044207831123e+00
4.564000000000000057e+01,1.181596093401910075e+00,1.672122175331131055e-02,3.130378174642613587e+00
4.565999999999999659e+01,1.177596350824623439e+00,1.676660043466114344e-02,3.130117305077396050e+00
4.567999999999999972e+01,1.173596620221350584e+00,1.681302252556210464e-02,3.129856435512178514e+00
4.570000000000000284e+01,1.169596901864285110e+00,1.686048802285635209e-02,3.129595565946960978e+00
4.571999999999999886e+01,1.165597196025619287e+00,1.690899692331113841e-02,3.129334696381743441e+00
4.574000000000000199e+01,1.161597502977544938e+00,1.695854922362562481e-02,3.129073826816525905e+00
4.575999999999999801e+01,1.157597822992253001e+00,1.700914492043087423e-02,3.128812957251308369e+00
4.578000000000000114e+01,1.153598156341933301e+00,1.706078401027964417e-02,3.128552087686090832e+00
4.579999999999999716e+01,1.149598503298774776e+00,1.711346648966000084e-02,3.128291218120873296e+00
4.582000000000000028e+01,1.145598864134965700e+00,1.716719235498681551e-02,3.128030348555655760e+00
4.584000000000000341e+01,1.141599239122693232e+00,1.722196160260345763e-02,3.127769478990438223e+00
4.585999999999999943e+01,1.137963222899263105e+00,1.727222609126224939e-02,3.127769478990438223e+00
4.588000000000000256e+01,1.134327206675832977e+00,1.732249057992104116e-02,3.127769478990438223e+00
4.589999999999999858e+01,1.130691190452402850e+00,1.737275506857983293e-02,3.127769478990438223e+00
4.592000000000000171e+01,1.127055174228972723e+00,1.742301955723862469e-02,3.127769478990438223e+00
4.593999999999999773e+01,1.123419158005542595e+00,1.747328404589741646e-02,3.127769478990438223e+00
4.596000000000000085e+01,1.119419547416992788e+00,1.752909667207575364e-02,3.127508609425220687e+00
4.597999999999999687e+01,1.115419951524351028e+00,1.758595267301956561e-02,3.127247739860003151e+00
4.600000000000000000e+01,1.111420370599801366e+00,1.764385204485772671e-02,3.126986870294785614e+00
4.602000000000000313e+01,1.107420804915527190e+00,1.770279478365101994e-02,3.126726000729568078e+00
4.603999999999999915e+01,1.103421254743710556e+00,1.776278088538702296e-02,3.126465131164350542e+00
4.606000000000000227e+01,1.099421720356532406e+00,1.782381034598522207e-02,3.126204261599133005e+00
4.607999999999999829e+01,1.095422202026173020e+00,1.788588316129190170e-02,3.125943392033915469e+00
4.610000000000000142e+01,1.091422700024811343e+00,1.794899932708355142e-02,3.125682522468697933e+00
4.611999999999999744e+01,1.087423214624624990e+00,1.801315883906175891e-02,3.125421652903480396e+00
4.614000000000000057e+01,1.083423746097790907e+00,1.807836169286342401e-02,3.125160783338262860e+00
4.615999999999999659e+01,1.079424294716484489e+00,1.814460788405053773e-02,3.124899913773045323e+00
4.617999999999999972e+01,1.075424860752880241e+00,1.821189740811529970e-02,3.124639044207827787e+00
4.620000000000000284e+01,1.071425444479151112e+00,1.828023026047670765e-02,3.124378174642610251e+00
4.621999999999999886e+01,1.067426046167469389e+00,1.834960643648566453e-02,3.124117305077392714e+00
4.624000000000000199e+01,1.063426666090005801e+00,1.842002593142157835e-02,3.123856435512175178e+00
4.625999999999999801e+01,1.059427304518929747e+00,1.849148874049065180e-02,3.123595565946957642e+00
4.628000000000000114e+01,1.055427961726409514e+00,1.856399485883099970e-02,3.123334696381740105e+00
4.629999999999999716e+01,1.051428637984612058e+00,1.863754428150752804e-02,3.123073826816522569e+00
4.632000000000000028e+01,1.047429333565703224e+00,1.871213700351535489e-02,3.122812957251305033e+00
4.634000000000000341e+01,1.043430048741847305e+00,1.878777301977809649e-02,3.122552087686087496e+00
4.635999999999999943e+01,1.039794353326719989e+00,1.885748147920516052e-02,3.122291218120869960e+00
4.638000000000000256e+01,1.036158676220117814e+00,1.892813837853318457e-02,3.122030348555652424e+00
4.639999999999999858e+01,1.032523017669459309e+00,1.899974371295073267e-02,3.121769478990434887e+00
4.642000000000000171e+01,1.028887377922161672e+00,1.907229747758755825e-02,3.121508609425217351e+00
4.643999999999999773e+01,1.025251757225640992e+00,1.914579966750531992e-02,3.121247739859999815e+00
4.646000000000000085e+01,1.021252595687478726e+00,1.922769533872021805e-02,3.120986870294782278e+00
4.647999999999999687e+01,1.017253455649481664e+00,1.931063426666870808e-02,3.120726000729564742e+00
4.650000000000000000e+01,1.013254337383802994e+00,1.939461644570582635e-02,3.120465131164347206e+00
4.652000000000000313e+01,1.009255241162594574e+00,1.947964187011851436e-02,3.120204261599129669e+00
4.653999999999999915e+01,1.005256167258006483e+00,1.956571053411710476e-02,3.119943392033912133e+00
4.656000000000000227e+01,1.001257115942187470e+00,1.965282243184554231e-02,3.119682522468694597e+00
4.657999999999999829e+01,9.972580874872846168e-01,1.974097755737797694e-02,3.119421652903477060e+00
4.660000000000000142e+01,9.932590821654435631e-01,1.983017590471194622e-02,3.119160783338259524e+00
4.661999999999999744e+01,9.892601002488082829e-01,1.992041746777860334e-02,3.118899913773041987e+00
4.664000000000000057e+01,9.852611420095213068e-01,2.001170224043760312e-02,3.118639044207824451e+00
4.665999999999999659e+01,9.812621956996244732e-01,2.010350861582687471e-02,3.118639044207824451e+00
4.667999999999999972e+01,9.772632493897276396e-01,2.019531499121614629e-02,3.118639044207824451e+00
4.670000000000000284e+01,9.732643030798308059e-01,2.028712136660541787e-02,3.118639044207824451e+00
4.671999999999999886e+01,9.692653567699339723e-01,2.037892774199468945e-02,3.118639044207824451e+00
4.674000000000000199e+01,9.652664104600371386e-01,2.047073411738396104e-02,3.118639044207824451e+00
4.675999999999999801e+01,9.612674641501403050e-01,2.056254049277323262e-02,3.118639044207824451e+00
4.678000000000000114e+01,9.572685178402434714e-01,2.065434686816250420e-02,3.118639044207824451e+00
4.679999999999999716e+01,9.532695715303466377e-01,2.074615324355177579e-02,3.118639044207824451e+00
4.682000000000000028e+01,9.492706252204498041e-01,2.083795961894104737e-02,3.118639044207824451e+00
4.684000000000000341e+01,9.452716789105529704e-01,2.092976599433031895e-02,3.118639044207824451e+00
4.685999999999999943e+01,9.412727326006561368e-01,2.102157236971959053e-02,3.118639044207824451e+00
4.688000000000000256e+01,9.372737862907593032e-01,2.111337874510886212e-02,3.118639044207824451e+00
4.689999999999999858e+01,9.332748399808624695e-01,2.120518512049813370e-02,3.118639044207824451e+00
4.692000000000000171e+01,9.292758936709656359e-01,2.129699149588740528e-02,3.118639044207824451e+00
4.693999999999999773e+01,9.252769473610688022e-01,2.138879787127667687e-02,3.118639044207824451e+00
4.696000000000000085e+01,9.212780010511719686e-01,2.148060424666594845e-02,3.118639044207824451e+00
4.697999999999999687e+01,9.172790547412751350e-01,2.157241062205522003e-02,3.118639044207824451e+00
4.700000000000000000e+01,9.132801084313783013e-01,2.166421699744449161e-02,3.118639044207824451e+00
4.702000000000000313e+01,9.092811621214814677e-01,2.175602337283376320e-02,3.118639044207824451e+00
4.703999999999999915e+01,9.052822158115846340e-01,2.184782974822303478e-02,3.118639044207824451e+00
4.706000000000000227e+01,9.012832695016878004e-01,2.193963612361230636e-02,3.118639044207824451e+00
4.707999999999999829e+01,8.972843231917909668e-01,2.203144249900157794e-02,3.118639044207824451e+00
4.710000000000000142e+01,8.932853768818941331e-01,2.212324887439084953e-02,3.118639044207824451e+00
4.711999999999999744e+01,8.892864305719972995e-01,2.221505524978012111e-02,3.118639044207824451e+00
4.714000000000000057e+01,8.852874842621004658e-01,2.230686162516939269e-02,3.118639044207824451e+00
4.715999999999999659e+01,8.812885379522036322e-01,2.239866800055866428e-02,3.118639044207824451e+00
4.717999999999999972e+01,8.772895916423067986e-01,2.249047437594793586e-02,3.118639044207824451e+00
4.720000000000000284e+01,8.732906453324099649e-01,2.258228075133720744e-02,3.118639044207824451e+00
4.721999999999999886e+01,8.692916990225131313e-01,2.267408712672647902e-02,3.118639044207824451e+00
4.724000000000000199e+01,8.652927527126162977e-01,2.276589350211575061e-02,3.118639044207824451e+00
4.725999999999999801e+01,8.612937476629219935e-01,2.285509184337984959e-02,3.119943392033911245e+00
4.728000000000000114e+01,8.572946296693977342e-01,2.293907401670220586e-02,3.121247739859998038e+00
4.729999999999999716e+01,8.532954055358350498e-01,2.301783987920219543e-02,3.122552087686084832e+00
4.732000000000000028e+01,8.492960820662061039e-01,2.309138929687349837e-02,3.123856435512171625e+00
4.734000000000000341e+01,8.452966660646518138e-01,2.315972214458478923e-02,3.125160783338258419e+00
4.735999999999999943e+01,8.412972146833453957e-01,2.322596833577190295e-02,3.124899913773040883e+00
4.738000000000000256e+01,8.372977807197410360e-01,2.329325785983496142e-02,3.124639044207823346e+00
4.739999999999999858e+01,8.332983644460120187e-01,2.336159071219636937e-02,3.124378174642605810e+00
4.742000000000000171e+01,8.292989661343302954e-01,2.343096688820702975e-02,3.124117305077388274e+00
4.743999999999999773e+01,8.252995860568665965e-01,2.350138638314124007e-02,3.123856435512170737e+00
4.746000000000000085e+01,8.213002244857905421e-01,2.357284919221031352e-02,3.123595565946953201e+00
4.747999999999999687e+01,8.173008816932703091e-01,2.364535531055066142e-02,3.123334696381735665e+00
4.750000000000000000e+01,8.133015579514728532e-01,2.371890473322718976e-02,3.123073826816518128e+00
4.752000000000000313e+01,8.093022535325639089e-01,2.379349745523501661e-02,3.122812957251300592e+00
4.753999999999999915e+01,8.053029687087079891e-01,2.386913347149775821e-02,3.122552087686083055e+00
4.756000000000000227e+01,8.013037037520680528e-01,2.394581277686923249e-02,3.122291218120865519e+00
4.757999999999999829e+01,7.973044589348057265e-01,2.402353536612835891e-02,3.122030348555647983e+00
4.760000000000000142e+01,7.933052345290814156e-01,2.410230123398936219e-02,3.121769478990430446e+00
4.761999999999999744e+01,7.893060308070540820e-01,2.418211037508986860e-02,3.121508609425212910e+00
4.764000000000000057e+01,7.853068480408812446e-01,2.426296278399770259e-02,3.121247739859995374e+00
4.765999999999999659e+01,7.813076652747084072e-01,2.434381519290553658e-02,3.121508609425212910e+00
4.767999999999999972e+01,7.773084615526809626e-01,2.442362433400604299e-02,3.121769478990430446e+00
4.770000000000000284e+01,7.733092371469566517e-01,2.450239020186704628e-02,3.122030348555647983e+00
4.771999999999999886e+01,7.693099923296943254e-01,2.458011279112617270e-02,3.122291218120865519e+00
4.774000000000000199e+01,7.653107273730543891e-01,2.465679209649764697e-02,3.122552087686083055e+00
4.775999999999999801e+01,7.613114039034254432e-01,2.473034151416894991e-02,3.123856435512169849e+00
4.778000000000000114e+01,7.573119879018711531e-01,2.479867436188024077e-02,3.125160783338256643e+00
4.779999999999999716e+01,7.533124861726899768e-01,2.486179052337552167e-02,3.126465131164343436e+00
4.782000000000000028e+01,7.493129055203262556e-01,2.491968989127344228e-02,3.127769478990430230e+00
4.784000000000000341e+01,7.453132527493585568e-01,2.497237236706900676e-02,3.129073826816517023e+00
4.785999999999999943e+01,7.413135727640665085e-01,2.502296806387425618e-02,3.128812957251299487e+00
4.788000000000000256e+01,7.373139061137468087e-01,2.507460715372302612e-02,3.128552087686081951e+00
4.789999999999999858e+01,7.333142530705883955e-01,2.512728963310338279e-02,3.128291218120864414e+00
4.792000000000000171e+01,7.293146139067793188e-01,2.518101549843019746e-02,3.128030348555646878e+00
4.793999999999999773e+01,7.253149888945067403e-01,2.523578474604683958e-02,3.127769478990429342e+00
4.796000000000000085e+01,7.213153783059569335e-01,2.529159737222517676e-02,3.127508609425211805e+00
4.797999999999999687e+01,7.173157824133151728e-01,2.534845337316898872e-02,3.127247739859994269e+00
4.800000000000000000e+01,7.133162014887655111e-01,2.540635274500714982e-02,3.126986870294776732e+00
4.802000000000000313e+01,7.093166358044913355e-01,2.546529548380044305e-02,3.126726000729559196e+00
4.803999999999999915e+01,7.053170856326745897e-01,2.552528158553814611e-02,3.126465131164341660e+00
4.806000000000000227e+01,7.013175512454965510e-01,2.558631104613634522e-02,3.126204261599124123e+00
4.807999999999999829e+01,6.973180329151371648e-01,2.564838386144302484e-02,3.125943392033906587e+00
4.810000000000000142e+01,6.933185309137754881e-01,2.571150002723297454e-02,3.125682522468689051e+00
4.811999999999999744e+01,6.893190455135892458e-01,2.577565953921118203e-02,3.125421652903471514e+00
4.814000000000000057e+01,6.853195769867551634e-01,2.584086239301454715e-02,3.125160783338253978e+00
4.815999999999999659e+01,6.813201256054487454e-01,2.590710858419995738e-02,3.124899913773036442e+00
4.817999999999999972e+01,6.773206916418443857e-01,2.597439810826471934e-02,3.124639044207818905e+00
4.820000000000000284e+01,6.733212753681153684e-01,2.604273096062612730e-02,3.124378174642601369e+00
4.821999999999999886e+01,6.693218770564336451e-01,2.611210713663508418e-02,3.124117305077383833e+00
4.824000000000000199e+01,6.653224969789699461e-01,2.618252663157099799e-02,3.123856435512166296e+00
4.825999999999999801e+01,6.613231354078938917e-01,2.625398944064007145e-02,3.123595565946948760e+00
4.828000000000000114e+01,6.573237926153736588e-01,2.632649555898041935e-02,3.123334696381731224e+00
4.829999999999999716e+01,6.533244688735762029e-01,2.640004498165694768e-02,3.123073826816513687e+00
4.832000000000000028e+01,6.493251644546672585e-01,2.647463770366477454e-02,3.122812957251296151e+00
4.834000000000000341e+01,6.453258796308113387e-01,2.655027371992751614e-02,3.122552087686078615e+00
4.835999999999999943e+01,6.413266146741714024e-01,2.662695302529899041e-02,3.122291218120861078e+00
4.838000000000000256e+01,6.373273698569090762e-01,2.670467561455811684e-02,3.122030348555643542e+00
4.839999999999999858e+01,6.333281454511847652e-01,2.678344148241912012e-02,3.121769478990426006e+00
4.842000000000000171e+01,6.293289417291574317e-01,2.686325062351962653e-02,3.121508609425208469e+00
4.843999999999999773e+01,6.253297589629845943e-01,2.694410303242746052e-02,3.121247739859990933e+00
4.846000000000000085e+01,6.213305348294220209e-01,2.702286889492745009e-02,3.122552087686077726e+00
4.847999999999999687e+01,6.173312113597930750e-01,2.709641831259875303e-02,3.123856435512164520e+00
4.850000000000000000e+01,6.133317953582387849e-01,2.716475116031004389e-02,3.125160783338251314e+00
4.852000000000000313e+01,6.093322936290576086e-01,2.722786732180532479e-02,3.126465131164338107e+00
4.853999999999999915e+01,6.053327129766938874e-01,2.728576668970358540e-02,3.127769478990424901e+00
4.856000000000000227e+01,6.013331023881440807e-01,2.734157931588362608e-02,3.127508609425207364e+00
4.857999999999999829e+01,5.973335064955023199e-01,2.739843531682573802e-02,3.127247739859989828e+00
4.860000000000000142e+01,5.933339255709526583e-01,2.745633468866560262e-02,3.126986870294772292e+00
4.861999999999999744e+01,5.893343598866784827e-01,2.751527742745889585e-02,3.126726000729554755e+00
4.864000000000000057e+01,5.853348097148618479e-01,2.757526352919489887e-02,3.126465131164337219e+00
4.865999999999999659e+01,5.813352753276838092e-01,2.763629298979309798e-02,3.126204261599119683e+00
4.867999999999999972e+01,5.773357569973245340e-01,2.769836580509977761e-02,3.125943392033902146e+00
4.870000000000000284e+01,5.733362549959627463e-01,2.776148197088972730e-02,3.125682522468684610e+00
4.871999999999999886e+01,5.693367695957765040e-01,2.782564148286963829e-02,3.125421652903467074e+00
4.874000000000000199e+01,5.653373010689424216e-01,2.789084433667130339e-02,3.125160783338249537e+00
4.875999999999999801e+01,5.613378496876360035e-01,2.795709052785841711e-02,3.124899913773032001e+00
4.878000000000000114e+01,5.573384157240316439e-01,2.802438005192317907e-02,3.124639044207814464e+00
4.879999999999999716e+01,5.533389994503026266e-01,2.809271290428458703e-02,3.124378174642596928e+00
4.882000000000000028e+01,5.493396011386209032e-01,2.816208908029354391e-02,3.124117305077379392e+00
4.884000000000000341e+01,5.457038010681993789e-01,2.822610680296255489e-02,3.123856435512161855e+00
4.885999999999999943e+01,5.420680178217666123e-01,2.829107299302534989e-02,3.123595565946944319e+00
4.888000000000000256e+01,5.384322516467482389e-01,2.835698764606202696e-02,3.123334696381726783e+00
4.889999999999999858e+01,5.347965027905687840e-01,2.842385075758614363e-02,3.123073826816509246e+00
4.892000000000000171e+01,5.311607715006516628e-01,2.849166232304780472e-02,3.122812957251291710e+00
4.893999999999999773e+01,5.271614866767957430e-01,2.856729833931054632e-02,3.122552087686074174e+00
4.896000000000000085e+01,5.231622217201558067e-01,2.864397764468031710e-02,3.122291218120856637e+00
4.897999999999999687e+01,5.191629769028934804e-01,2.872170023394114355e-02,3.122030348555639101e+00
4.900000000000000000e+01,5.151637524971691695e-01,2.880046610180214683e-02,3.121769478990421565e+00
4.902000000000000313e+01,5.111645487751418360e-01,2.888027524290094974e-02,3.121508609425204028e+00
4.903999999999999915e+01,5.071653554856844215e-01,2.896060601881663560e-02,3.121508609425204028e+00
4.906000000000000227e+01,5.031661621962270070e-01,2.904093679473232145e-02,3.121508609425204028e+00
4.907999999999999829e+01,4.991669689067696480e-01,2.912126757064800731e-02,3.121508609425204028e+00
4.910000000000000142e+01,4.951677756173122891e-01,2.920159834656369316e-02,3.121508609425204028e+00
4.911999999999999744e+01,4.911685823278549301e-01,2.928192912247937901e-02,3.121508609425204028e+00
4.914000000000000057e+01,4.875329520647118664e-01,2.935495710058454860e-02,3.121508609425204028e+00
4.915999999999999659e+01,4.838973218015688027e-01,2.942798507868971819e-02,3.121508609425204028e+00
4.917999999999999972e+01,4.802616915384257390e-01,2.950101305679488778e-02,3.121508609425204028e+00
4.920000000000000284e+01,4.766260612752826753e-01,2.957404103490005737e-02,3.121508609425204028e+00
4.921999999999999886e+01,4.729904310121396116e-01,2.964706901300522696e-02,3.121508609425204028e+00
4.924000000000000199e+01,4.689912377226822526e-01,2.972739978892091281e-02,3.121508609425204028e+00
4.925999999999999801e+01,4.649920444332248937e-01,2.980773056483659866e-02,3.121508609425204028e+00
4.928000000000000114e+01,4.609928511437675347e-01,2.988806134075228452e-02,3.121508609425204028e+00
4.929999999999999716e+01,4.569936578543101757e-01,2.996839211666797037e-02,3.121508609425204028e+00
4.932000000000000028e+01,4.529944645648528168e-01,3.004872289258365622e-02,3.121508609425204028e+00
4.934000000000000341e+01,4.493587877056716695e-01,3.011937978710240923e-02,3.122812957251290822e+00
4.935999999999999943e+01,4.457230217780802639e-01,3.018529443565326140e-02,3.124117305077377615e+00
4.938000000000000256e+01,4.420871729676907891e-01,3.024646672609397277e-02,3.125421652903464409e+00
4.939999999999999858e+01,4.384512474602565435e-01,3.030289655435047108e-02,3.126726000729551203e+00
4.942000000000000171e+01,4.348152514416612213e-01,3.035458382441778846e-02,3.128030348555637996e+00
4.943999999999999773e+01,4.308156264293886983e-01,3.040935307203443058e-02,3.127769478990420460e+00
4.946000000000000085e+01,4.268160158408389471e-01,3.046516569821276776e-02,3.127508609425202923e+00
4.947999999999999687e+01,4.228164199481971308e-01,3.052202169915657973e-02,3.127247739859985387e+00
4.950000000000000000e+01,4.188168390236475247e-01,3.057992107099474083e-02,3.126986870294767851e+00
4.952000000000000313e+01,4.148172733393732936e-01,3.063886380978803406e-02,3.126726000729550314e+00
4.953999999999999915e+01,4.108177231675566032e-01,3.069884991152573711e-02,3.126465131164332778e+00
4.956000000000000227e+01,4.068181887803785646e-01,3.075987937212393622e-02,3.126204261599115242e+00
4.957999999999999829e+01,4.028186704500192339e-01,3.082195218743061585e-02,3.125943392033897705e+00
4.960000000000000142e+01,3.988191684486575017e-01,3.088506835322056554e-02,3.125682522468680169e+00
4.961999999999999744e+01,3.948196830484712594e-01,3.094922786520047653e-02,3.125421652903462633e+00
4.964000000000000057e+01,3.911838025695311694e-01,3.100850318683835358e-02,3.125160783338245096e+00
4.965999999999999659e+01,3.875479376774343954e-01,3.106872699700845633e-02,3.124899913773027560e+00
4.967999999999999972e+01,3.839120886196122906e-01,3.112989929161123770e-02,3.124639044207810024e+00
4.970000000000000284e+01,3.802762556434949870e-01,3.119202006648679262e-02,3.124378174642592487e+00
4.971999999999999886e+01,3.766404389965115618e-01,3.125508931740402646e-02,3.124117305077374951e+00
4.974000000000000199e+01,3.730046389260900375e-01,3.131910704007149354e-02,3.123856435512157415e+00
4.975999999999999801e+01,3.693688556796571598e-01,3.138407323013583938e-02,3.123595565946939878e+00
4.978000000000000114e+01,3.657330895046387309e-01,3.144998788317251992e-02,3.123334696381722342e+00
4.979999999999999716e+01,3.620973406484592760e-01,3.151685099469663659e-02,3.123073826816504805e+00
4.982000000000000028e+01,3.584616093585421548e-01,3.158466256015829421e-02,3.122812957251287269e+00
4.984000000000000341e+01,3.551894672299327760e-01,3.164654657346416960e-02,3.122552087686069733e+00
4.985999999999999943e+01,3.519173413563182473e-01,3.170928418694853035e-02,3.122291218120852196e+00
4.988000000000000256e+01,3.486452319603763894e-01,3.177287539634375546e-02,3.122030348555634660e+00
4.989999999999999858e+01,3.453731392647837461e-01,3.183732019731954493e-02,3.121769478990417124e+00
4.992000000000000171e+01,3.421010634922159177e-01,3.190261858549268970e-02,3.121508609425199587e+00
4.993999999999999773e+01,3.388290048653472275e-01,3.196877055641867554e-02,3.121247739859982051e+00
4.996000000000000085e+01,3.355569636068508332e-01,3.203577610559450034e-02,3.120986870294764515e+00
4.997999999999999687e+01,3.322849399393986713e-01,3.210363522846144957e-02,3.120726000729546978e+00
5.000000000000000000e+01,3.290129340856615681e-01,3.217234792040230690e-02,3.120465131164329442e+00
5.002000000000000313e+01,3.257409462683091839e-01,3.224191417673856475e-02,3.120204261599111906e+00
5.003999999999999915e+01,3.228325288831541684e-01,3.230450956873753832e-02,3.119943392033894369e+00
5.006000000000000227e+01,3.199241279261948456e-01,3.236786367617763838e-02,3.119682522468676833e+00
5.007999999999999829e+01,3.170157435953563918e-01,3.243197649474544031e-02,3.119421652903459297e+00
5.010000000000000142e+01,3.141073760885628730e-01,3.249684802007923867e-02,3.119160783338241760e+00
5.011999999999999744e+01,3.111990256037372449e-01,3.256247824776532102e-02,3.118899913773024224e+00
5.014000000000000057e+01,3.082906836958712038e-01,3.262848782514142509e-02,3.118899913773024224e+00
5.015999999999999659e+01,3.053823417880051627e-01,3.269449740251752917e-02,3.118899913773024224e+00
5.017999999999999972e+01,3.024739998801391216e-01,3.276050697989363325e-02,3.118899913773024224e+00
5.020000000000000284e+01,2.995656579722730806e-01,3.282651655726973733e-02,3.118899913773024224e+00
5.021999999999999886e+01,2.966573160644070395e-01,3.289252613464584141e-02,3.118899913773024224e+00
5.024000000000000199e+01,2.941124799481086849e-01,3.294862484707552358e-02,3.120204261599111017e+00
5.025999999999999801e+01,2.915675728243915521e-01,3.300140416126910725e-02,3.121508609425197811e+00
5.028000000000000114e+01,2.890225990229647879e-01,3.305086398743245502e-02,3.122812957251284605e+00
5.029999999999999716e+01,2.864775628736507818e-01,3.309700424141805153e-02,3.124117305077371398e+00
5.032000000000000028e+01,2.839324687063781716e-01,3.313982484472655088e-02,3.125421652903458192e+00
5.034000000000000341e+01,2.813873523711201141e-01,3.318131756987306724e-02,3.125160783338240655e+00
5.035999999999999943e+01,2.788422469466524389e-01,3.322347423699213709e-02,3.124899913773023119e+00
5.038000000000000256e+01,2.762971526061769878e-01,3.326629484321516617e-02,3.124639044207805583e+00
5.039999999999999858e+01,2.737520695228948808e-01,3.330977938562697249e-02,3.124378174642588046e+00
5.042000000000000171e+01,2.712069978700064610e-01,3.335392786126903375e-02,3.124117305077370510e+00
5.043999999999999773e+01,2.686619378207114051e-01,3.339874026713734317e-02,3.123856435512152974e+00
5.046000000000000085e+01,2.661168895482083907e-01,3.344421660018129933e-02,3.123595565946935437e+00
5.047999999999999687e+01,2.635718532256954849e-01,3.349035685730697431e-02,3.123334696381717901e+00
5.050000000000000000e+01,2.610268290263698665e-01,3.353716103537385945e-02,3.123073826816500365e+00
5.052000000000000313e+01,2.584818171234278816e-01,3.358462913119702326e-02,3.122812957251282828e+00
5.053999999999999915e+01,2.563003890376883143e-01,3.362588514006853435e-02,3.122552087686065292e+00
5.056000000000000227e+01,2.541189717886119803e-01,3.366771021572477485e-02,3.122291218120847756e+00
5.057999999999999829e+01,2.519375655246507417e-01,3.371010435532158928e-02,3.122030348555630219e+00
5.060000000000000142e+01,2.497561703942556832e-01,3.375306755597212022e-02,3.121769478990412683e+00
5.061999999999999744e+01,2.475747865458771124e-01,3.379659981475421210e-02,3.121508609425195147e+00
5.064000000000000057e+01,2.453934141279646430e-01,3.384070112870486702e-02,3.121247739859977610e+00
5.065999999999999659e+01,2.432120532889670284e-01,3.388537149482208355e-02,3.120986870294760074e+00
5.067999999999999972e+01,2.410307041773322445e-01,3.393061091006671637e-02,3.120726000729542537e+00
5.070000000000000284e+01,2.388493669415075460e-01,3.397641937136061663e-02,3.120465131164325001e+00
5.071999999999999886e+01,2.366680417299392714e-01,3.402279687558479315e-02,3.120204261599107465e+00
5.074000000000000199e+01,2.344867286910730098e-01,3.406974341958402680e-02,3.119943392033889928e+00
5.075999999999999801e+01,2.323054279733534899e-01,3.411725900016410185e-02,3.119682522468672392e+00
5.078000000000000114e+01,2.301241397252246357e-01,3.416534361408995329e-02,3.119421652903454856e+00
5.079999999999999716e+01,2.279428640951294827e-01,3.421399725809030207e-02,3.119160783338237319e+00
5.082000000000000028e+01,2.257616012315102616e-01,3.426321992885486556e-02,3.118899913773019783e+00
5.084000000000000341e+01,2.239438611484400043e-01,3.430329043773321096e-02,3.120204261599106577e+00
5.085999999999999943e+01,2.221260703457849373e-01,3.434098994787164461e-02,3.121508609425193370e+00
5.088000000000000256e+01,2.203082319161943636e-01,3.437631839513102111e-02,3.122812957251280164e+00
5.089999999999999858e+01,2.184903489523986608e-01,3.440927571940644719e-02,3.124117305077366957e+00
5.092000000000000171e+01,2.166724245472039234e-01,3.443986186462680288e-02,3.125421652903453751e+00
5.093999999999999773e+01,2.148544843077338784e-01,3.446949952544574314e-02,3.125160783338236214e+00
5.096000000000000085e+01,2.130365518616855192e-01,3.449961143053079798e-02,3.124899913773018678e+00
5.097999999999999687e+01,2.112186273327744668e-01,3.453019757783296062e-02,3.124639044207801142e+00
5.100000000000000000e+01,2.094007108447158150e-01,3.456125796526996613e-02,3.124378174642583605e+00
5.102000000000000313e+01,2.075828025212241301e-01,3.459279259072858131e-02,3.124117305077366069e+00
5.103999999999999915e+01,2.057649024860133402e-01,3.462480145206308507e-02,3.123856435512148533e+00
5.106000000000000227e+01,2.039470108627969291e-01,3.465728454709448431e-02,3.123595565946930996e+00
5.107999999999999829e+01,2.021291277752877147e-01,3.469024187361282457e-02,3.123334696381713460e+00
5.110000000000000142e+01,2.003112533471979873e-01,3.472367342937488638e-02,3.123073826816495924e+00
5.111999999999999744e+01,1.984933877022393989e-01,3.475757921210571866e-02,3.122812957251278387e+00
5.114000000000000057e+01,1.966755309641230742e-01,3.479195921949787551e-02,3.122552087686060851e+00
5.115999999999999659e+01,1.948576832565594719e-01,3.482681344921217947e-02,3.122291218120843315e+00
5.117999999999999972e+01,1.930398447032584397e-01,3.486214189887541781e-02,3.122030348555625778e+00
5.120000000000000284e+01,1.912220154279292150e-01,3.489794456608496381e-02,3.121769478990408242e+00
5.121999999999999886e+01,1.894041955542804245e-01,3.493422144840337834e-02,3.121508609425190706e+00
5.124000000000000199e+01,1.879499175861659988e-01,3.496210482837944222e-02,3.123334696381712572e+00
5.125999999999999801e+01,1.864955911253157184e-01,3.498733252531282395e-02,3.125160783338234438e+00
5.128000000000000114e+01,1.850412210213158715e-01,3.500990445507935062e-02,3.126986870294756304e+00
5.129999999999999716e+01,1.835868121238983519e-01,3.502982054241101512e-02,3.128812957251278171e+00
5.132000000000000028e+01,1.821323692829243390e-01,3.504708072089561532e-02,3.130639044207800037e+00
5.134000000000000341e+01,1.806779131814311434e-01,3.506320263679039984e-02,3.130378174642582501e+00
5.135999999999999943e+01,1.792234613351451067e-01,3.507970397546306823e-02,3.130117305077364964e+00
5.138000000000000256e+01,1.777690138430459144e-01,3.509658473579069238e-02,3.129856435512147428e+00
5.139999999999999858e+01,1.763145708041129744e-01,3.511384491662434409e-02,3.129595565946929892e+00
5.142000000000000171e+01,1.748601323173254174e-01,3.513148451678971967e-02,3.129334696381712355e+00
5.143999999999999773e+01,1.734056984816620406e-01,3.514950353508651537e-02,3.129073826816494819e+00
5.146000000000000085e+01,1.719512693961013083e-01,3.516790197028780290e-02,3.128812957251277282e+00
5.147999999999999687e+01,1.704968451596214074e-01,3.518667982114252052e-02,3.128552087686059746e+00
5.150000000000000000e+01,1.690424258712001360e-01,3.520583708637173986e-02,3.128291218120842210e+00
5.152000000000000313e+01,1.675880116298150146e-01,3.522537376467239911e-02,3.128030348555624673e+00
5.153999999999999915e+01,1.661336025344431755e-01,3.524528985471481191e-02,3.127769478990407137e+00
5.156000000000000227e+01,1.646791986840614175e-01,3.526558535514329878e-02,3.127508609425189601e+00
5.157999999999999829e+01,1.632248001776462065e-01,3.528626026457741538e-02,3.127247739859972064e+00
5.160000000000000142e+01,1.617704071141736200e-01,3.530731458160947522e-02,3.126986870294754528e+00
5.161999999999999744e+01,1.603160195926193465e-01,3.532874830480703388e-02,3.126726000729536992e+00
5.164000000000000057e+01,1.588616377119587419e-01,3.535056143271165380e-02,3.126465131164319455e+00
5.165999999999999659e+01,1.574072615711667178e-01,3.537275396383827292e-02,3.126204261599101919e+00
5.167999999999999972e+01,1.559528912692178526e-01,3.539532589667706425e-02,3.125943392033884383e+00
5.170000000000000284e+01,1.544985269050863363e-01,3.541827722969159015e-02,3.125682522468666846e+00
5.171999999999999886e+01,1.530441685777458871e-01,3.544160796132064806e-02,3.125421652903449310e+00
5.174000000000000199e+01,1.519533824146883927e-01,3.545796780353779876e-02,3.127769478990405805e+00
5.175999999999999801e+01,1.508625608479638447e-01,3.547176662680878029e-02,3.130117305077362300e+00
5.178000000000000114e+01,1.497717098904914057e-01,3.548300435507057565e-02,3.132465131164318795e+00
5.179999999999999716e+01,1.486808355553521921e-01,3.549168092637753485e-02,3.134812957251275289e+00
5.182000000000000028e+01,1.475899438557562449e-01,3.549779629290206184e-02,3.137160783338231784e+00
5.184000000000000341e+01,1.464990461213531714e-01,3.550277333565952237e-02,3.136899913773014248e+00
5.185999999999999943e+01,1.454081497224284647e-01,3.550803496026155859e-02,3.136639044207796712e+00
5.188000000000000256e+01,1.443172547332207956e-01,3.551358116635114359e-02,3.136378174642579175e+00
5.189999999999999858e+01,1.432263612279687792e-01,3.551941195354988562e-02,3.136117305077361639e+00
5.192000000000000171e+01,1.421354692809109199e-01,3.552552732146176812e-02,3.135856435512144103e+00
5.193999999999999773e+01,1.410445789662856109e-01,3.553192726967033255e-02,3.135595565946926566e+00
5.196000000000000085e+01,1.399536903583311342e-01,3.553861179773962209e-02,3.135334696381709030e+00
5.197999999999999687e+01,1.388628035312856612e-01,3.554558090521511143e-02,3.135073826816491493e+00
5.200000000000000000e+01,1.377719185593872242e-01,3.555283459162277698e-02,3.134812957251273957e+00
5.202000000000000313e+01,1.366810355168737445e-01,3.556037285646863194e-02,3.134552087686056421e+00
5.203999999999999915e+01,1.355901544779830048e-01,3.556819569923964919e-02,3.134291218120838884e+00
5.206000000000000227e+01,1.344992755169526488e-01,3.557630311940331025e-02,3.134030348555621348e+00
5.207999999999999829e+01,1.334083987080202094e-01,3.558469511640851429e-02,3.133769478990403812e+00
5.210000000000000142e+01,1.323175241254230250e-01,3.559337168968374626e-02,3.133508609425186275e+00
5.211999999999999744e+01,1.312266518433983231e-01,3.560233283863890874e-02,3.133247739859968739e+00
5.214000000000000057e+01,1.301357819361831647e-01,3.561157856266347621e-02,3.132986870294751203e+00
5.215999999999999659e+01,1.290449144780144164e-01,3.562110886112836161e-02,3.132726000729533666e+00
5.217999999999999972e+01,1.279540495431288338e-01,3.563092373338589552e-02,3.132465131164316130e+00
5.220000000000000284e+01,1.268631872057629506e-01,3.564102317876706449e-02,3.132204261599098594e+00
5.221999999999999886e+01,1.257723275401531615e-01,3.565140719658520252e-02,3.131943392033881057e+00
5.224000000000000199e+01,1.246814706205356393e-01,3.566207578613321549e-02,3.131682522468663521e+00
5.225999999999999801e+01,1.235906165211464180e-01,3.567302894668544083e-02,3.131421652903445985e+00
5.228000000000000114e+01,1.224997653162212957e-01,3.568426667749672460e-02,3.131160783338228448e+00
5.229999999999999716e+01,1.214089170799959039e-01,3.569578897780147086e-02,3.130899913773010912e+00
5.232000000000000028e+01,1.203180718867056520e-01,3.570759584681598708e-02,3.130639044207793376e+00
5.234000000000000341e+01,1.195908397457192268e-01,3.571527738017832992e-02,3.131421652903445541e+00
5.235999999999999943e+01,1.188636018158048535e-01,3.572238977304908331e-02,3.132204261599097705e+00
5.238000000000000256e+01,1.181363585423785556e-01,3.572893302107209984e-02,3.132986870294749870e+00
5.239999999999999858e+01,1.174091103708596179e-01,3.573490712023986993e-02,3.133769478990402035e+00
5.242000000000000171e+01,1.166818577466703505e-01,3.574031206689318174e-02,3.134552087686054200e+00
5.243999999999999773e+01,1.159545966960935232e-01,3.574438897744709742e-02,3.137421652903445324e+00
5.246000000000000085e+01,1.152273269408508188e-01,3.574637895106497903e-02,3.140291218120836447e+00
5.247999999999999687e+01,1.145000544695715106e-01,3.574628197136055230e-02,-3.140024523841359105e+00
5.250000000000000000e+01,1.137727852709072146e-01,3.574409803913237982e-02,-3.137154958623967982e+00
5.252000000000000313e+01,1.130455253334826105e-01,3.573982717236388884e-02,-3.134285393406576858e+00
5.253999999999999915e+01,1.123182687632221927e-01,3.573498714569287721e-02,-3.135589741232663652e+00
5.256000000000000227e+01,1.115910064985344563e-01,3.573109571839649251e-02,-3.136894089058750446e+00
5.257999999999999829e+01,1.108637397767274491e-01,3.572815289709534853e-02,-3.138198436884837239e+00
5.260000000000000142e+01,1.101364698351167681e-01,3.572615868679613477e-02,-3.139502784710924033e+00
5.261999999999999744e+01,1.094091979110234925e-01,3.572511309089170667e-02,-3.140807132537010826e+00
5.264000000000000057e+01,1.086819252588222262e-01,3.572482638784830328e-02,-3.141589741232662991e+00
5.265999999999999659e+01,1.079546526049633415e-01,3.572510885473628023e-02,3.140812957251271520e+00
5.267999999999999972e+01,1.072273803948841225e-01,3.572596049138272029e-02,3.140030348555619355e+00
5.270000000000000284e+01,1.065001090740215900e-01,3.572738129726598516e-02,3.139247739859967190e+00
5.271999999999999886e+01,1.057728390878122232e-01,3.572937127151581266e-02,3.138465131164315025e+00
5.274000000000000199e+01,1.050455708816916689e-01,3.573193041291343464e-02,3.137682522468662860e+00
5.275999999999999801e+01,1.043183049010945052e-01,3.573505871989145211e-02,3.136899913773010695e+00
5.278000000000000114e+01,1.035910415914539501e-01,3.573875619053385605e-02,3.136117305077358530e+00
5.279999999999999716e+01,1.028637813982015564e-01,3.574302282257591640e-02,3.135334696381706365e+00
5.282000000000000028e+01,1.021365247667669895e-01,3.574785861340458448e-02,3.134552087686054200e+00
5.284000000000000341e+01,1.014092721425777222e-01,3.575326356005789630e-02,3.133769478990402035e+00
5.285999999999999943e+01,1.006820239710587844e-01,3.575923765922566638e-02,3.132986870294749870e+00
5.288000000000000256e+01,9.995478069763248652e-02,3.576578090724868292e-02,3.132204261599097705e+00
5.289999999999999858e+01,9.922754276771811321e-02,3.577289330011943630e-02,3.131421652903445541e+00
5.292000000000000171e+01,9.850031062673168802e-02,3.578057483348177914e-02,3.130639044207793376e+00
5.293999999999999773e+01,9.777308257598509023e-02,3.578863579142917140e-02,3.130378174642575839e+00
5.296000000000000085e+01,9.704585665284207185e-02,3.579688646076550212e-02,3.130117305077358303e+00
5.297999999999999687e+01,9.631863290679247569e-02,3.580532684092931073e-02,3.129856435512140767e+00
5.300000000000000000e+01,9.559141138732600573e-02,3.581395693134644537e-02,3.129595565946923230e+00
5.302000000000000313e+01,9.486419214393222721e-02,3.582277673142913316e-02,3.129334696381705694e+00
5.303999999999999915e+01,9.413697522610053880e-02,3.583178624057752754e-02,3.129073826816488157e+00
5.306000000000000227e+01,9.340976068332017268e-02,3.584098545817817477e-02,3.128812957251270621e+00
5.307999999999999829e+01,9.268254856508022221e-02,3.585037438360522133e-02,3.128552087686053085e+00
5.310000000000000142e+01,9.195533892086958649e-02,3.585995301622014325e-02,3.128291218120835548e+00
5.311999999999999744e+01,9.122813180017702583e-02,3.586972135537047635e-02,3.128030348555618012e+00
5.314000000000000057e+01,9.050092725249110626e-02,3.587967940039168274e-02,3.127769478990400476e+00
5.315999999999999659e+01,8.977372532730024113e-02,3.588982715060592271e-02,3.127508609425182939e+00
5.317999999999999972e+01,8.904652607409263565e-02,3.590016460532297754e-02,3.127247739859965403e+00
5.320000000000000284e+01,8.831932954235634237e-02,3.591069176383900746e-02,3.126986870294747867e+00
5.321999999999999886e+01,8.759213578157920566e-02,3.592140862543778679e-02,3.126726000729530330e+00
5.324000000000000199e+01,8.686494484124890336e-02,3.593231518938978797e-02,3.126465131164312794e+00
5.325999999999999801e+01,8.613775677085289129e-02,3.594341145495340284e-02,3.126204261599095258e+00
5.328000000000000114e+01,8.541057161987845869e-02,3.595469742137279850e-02,3.125943392033877721e+00
5.329999999999999716e+01,8.468338943781270056e-02,3.596617308788006145e-02,3.125682522468660185e+00
5.332000000000000028e+01,8.395621027414247595e-02,3.597783845369459388e-02,3.125421652903442649e+00
5.334000000000000341e+01,8.359262222624846972e-02,3.598376598585838193e-02,3.125160783338225112e+00
5.335999999999999943e+01,8.322903573703879787e-02,3.598978836687539290e-02,3.124899913773007576e+00
5.338000000000000256e+01,8.286545083125658462e-02,3.599590559633567000e-02,3.124639044207790040e+00
5.339999999999999858e+01,8.250186753364485703e-02,3.600211767382322653e-02,3.124378174642572503e+00
5.342000000000000171e+01,8.213828586894651729e-02,3.600842459891494957e-02,3.124117305077354967e+00
5.343999999999999773e+01,8.141110117985182748e-02,3.601971055816594047e-02,3.128030348555615792e+00
5.346000000000000085e+01,8.068387789570648227e-02,3.602815093296878046e-02,3.131943392033876616e+00
5.347999999999999687e+01,7.995662715167321799e-02,3.603374559408537708e-02,3.135856435512137441e+00
5.350000000000000000e+01,7.922936008333522628e-02,3.603649445585089400e-02,3.139769478990398266e+00
5.352000000000000313e+01,7.850208782652565165e-02,3.603639747617506245e-02,-3.139502784710927585e+00
5.353999999999999915e+01,7.777482065872839967e-02,3.603364437784956076e-02,-3.136111480363101389e+00
5.356000000000000227e+01,7.704756700963347194e-02,3.602842491577511186e-02,-3.132720176015275193e+00
5.357999999999999829e+01,7.632033524333721453e-02,3.602073914998040610e-02,-3.129328871667448997e+00
5.360000000000000142e+01,7.559313372368428596e-02,3.601058716885890271e-02,-3.125937567319622801e+00
5.361999999999999744e+01,7.559313372368428596e-02,3.601058716885890271e-02,-3.123529306450057774e+00
5.364000000000000057e+01,7.559313372368428596e-02,3.601058716885890271e-02,-3.121121045580492748e+00
5.365999999999999659e+01,7.559313372368428596e-02,3.601058716885890271e-02,-3.118712784710927721e+00
5.367999999999999972e+01,7.559313372368428596e-02,3.601058716885890271e-02,-3.116304523841362695e+00
5.370000000000000284e+01,7.559313372368428596e-02,3.601058716885890271e-02,-3.113896262971797668e+00
5.371999999999999886e+01,7.559313372368428596e-02,3.601058716885890271e-02,-3.112475960797884689e+00
5.374000000000000199e+01,7.559313372368428596e-02,3.601058716885890271e-02,-3.111055658623971709e+00
5.375999999999999801e+01,7.559313372368428596e-02,3.601058716885890271e-02,-3.109635356450058730e+00
5.378000000000000114e+01,7.559313372368428596e-02,3.601058716885890271e-02,-3.108215054276145750e+00
5.379999999999999716e+01,7.559313372368428596e-02,3.601058716885890271e-02,-3.106794752102232771e+00
5.382000000000000028e+01,7.559313372368428596e-02,3.601058716885890271e-02,-3.106367348417450103e+00
5.384000000000000341e+01,7.559313372368428596e-02,3.601058716885890271e-02,-3.105939944732667435e+00
5.385999999999999943e+01,7.559313372368428596e-02,3.601058716885890271e-02,-3.105512541047884767e+00
5.388000000000000256e+01,7.559313372368428596e-02,3.601058716885890271e-02,-3.105085137363102099e+00
5.389999999999999858e+01,7.559313372368428596e-02,3.601058716885890271e-02,-3.104657733678319431e+00
5.392000000000000171e+01,7.559313372368428596e-02,3.601058716885890271e-02,-3.105228192975113100e+00
5.393999999999999773e+01,7.559313372368428596e-02,3.601058716885890271e-02,-3.105798652271906768e+00
5.396000000000000085e+01,7.559313372368428596e-02,3.601058716885890271e-02,-3.106369111568700436e+00
5.397999999999999687e+01,7.559313372368428596e-02,3.601058716885890271e-02,-3.106939570865494105e+00
5.400000000000000000e+01,7.559313372368428596e-02,3.601058716885890271e-02,-3.107510030162287773e+00
5.402000000000000313e+01,7.559313372368428596e-02,3.601058716885890271e-02,-3.109083341755565222e+00
5.403999999999999915e+01,7.559313372368428596e-02,3.601058716885890271e-02,-3.110656653348842671e+00
5.406000000000000227e+01,7.559313372368428596e-02,3.601058716885890271e-02,-3.112229964942120120e+00
5.407999999999999829e+01,7.559313372368428596e-02,3.601058716885890271e-02,-3.113803276535397568e+00
5.410000000000000142e+01,7.559313372368428596e-02,3.601058716885890271e-02,-3.115376588128675017e+00
5.411999999999999744e+01,7.559313372368428596e-02,3.601058716885890271e-02,-3.117957766279918719e+00
5.414000000000000057e+01,7.559313372368428596e-02,3.601058716885890271e-02,-3.120538944431162420e+00
5.415999999999999659e+01,7.559313372368428596e-02,3.601058716885890271e-02,-3.123120122582406122e+00
5.417999999999999972e+01,7.559313372368428596e-02,3.601058716885890271e-02,-3.125701300733649823e+00
5.420000000000000284e+01,7.559313372368428596e-02,3.601058716885890271e-02,-3.128282478884893525e+00
5.421999999999999886e+01,7.559313372368428596e-02,3.601058716885890271e-02,-3.131876562926893648e+00
5.424000000000000199e+01,7.559313372368428596e-02,3.601058716885890271e-02,-3.135470646968893771e+00
5.425999999999999801e+01,7.559313372368428596e-02,3.601058716885890271e-02,-3.139064731010893894e+00
5.428000000000000114e+01,7.559313372368428596e-02,3.601058716885890271e-02,3.140526492126692659e+00
5.429999999999999716e+01,7.559313372368428596e-02,3.601058716885890271e-02,3.136932408084692536e+00
5.432000000000000028e+01,7.559313372368428596e-02,3.601058716885890271e-02,3.132320353622482401e+00
5.434000000000000341e+01,7.559313372368428596e-02,3.601058716885890271e-02,3.127708299160272265e+00
5.435999999999999943e+01,7.559313372368428596e-02,3.601058716885890271e-02,3.123096244698062129e+00
5.438000000000000256e+01,7.559313372368428596e-02,3.601058716885890271e-02,3.118484190235851994e+00
5.439999999999999858e+01,7.559313372368428596e-02,3.601058716885890271e-02,3.113872135773641858e+00
5.442000000000000171e+01,7.559313372368428596e-02,3.601058716885890271e-02,3.108237021039120584e+00
5.443999999999999773e+01,7.559313372368428596e-02,3.601058716885890271e-02,3.102601906304599311e+00
5.446000000000000085e+01,7.559313372368428596e-02,3.601058716885890271e-02,3.096966791570078037e+00
5.447999999999999687e+01,7.559313372368428596e-02,3.601058716885890271e-02,3.091331676835556763e+00
5.450000000000000000e+01,7.559313372368428596e-02,3.601058716885890271e-02,3.085696562101035489e+00
5.452000000000000313e+01,7.559313372368428596e-02,3.601058716885890271e-02,3.079696562101035706e+00
5.453999999999999915e+01,7.559313372368428596e-02,3.601058716885890271e-02,3.073696562101035923e+00
5.456000000000000227e+01,7.559313372368428596e-02,3.601058716885890271e-02,3.067696562101036140e+00
5.457999999999999829e+01,7.559313372368428596e-02,3.601058716885890271e-02,3.061696562101036356e+00
5.460000000000000142e+01,7.559313372368428596e-02,3.601058716885890271e-02,3.055696562101036573e+00
5.461999999999999744e+01,7.559313372368428596e-02,3.601058716885890271e-02,3.049696562101036790e+00
5.464000000000000057e+01,7.559313372368428596e-02,3.601058716885890271e-02,3.043696562101037006e+00
5.465999999999999659e+01,7.559313372368428596e-02,3.601058716885890271e-02,3.037696562101037223e+00
5.467999999999999972e+01,7.559313372368428596e-02,3.601058716885890271e-02,3.031696562101037440e+00
5.470000000000000284e+01,7.559313372368428596e-02,3.601058716885890271e-02,3.025696562101037657e+00
5.471999999999999886e+01,7.559313372368428596e-02,3.601058716885890271e-02,3.019696562101037873e+00
5.474000000000000199e+01,7.559313372368428596e-02,3.601058716885890271e-02,3.013696562101038090e+00
5.475999999999999801e+01,7.559313372368428596e-02,3.601058716885890271e-02,3.007696562101038307e+00
5.478000000000000114e+01,7.559313372368428596e-02,3.601058716885890271e-02,3.001696562101038523e+00
5.479999999999999716e+01,7.559313372368428596e-02,3.601058716885890271e-02,2.995696562101038740e+00
5.482000000000000028e+01,7.559313372368428596e-02,3.601058716885890271e-02,2.989696562101038957e+00
5.484000000000000341e+01,7.559313372368428596e-02,3.601058716885890271e-02,2.983696562101039174e+00
5.485999999999999943e+01,7.559313372368428596e-02,3.601058716885890271e-02,2.977696562101039390e+00
5.488000000000000256e+01,7.559313372368428596e-02,3.601058716885890271e-02,2.971696562101039607e+00
5.489999999999999858e+01,7.559313372368428596e-02,3.601058716885890271e-02,2.965696562101039824e+00
5.492000000000000171e+01,7.559313372368428596e-02,3.601058716885890271e-02,2.959696562101040040e+00
5.493999999999999773e+01,7.559313372368428596e-02,3.601058716885890271e-02,2.953696562101040257e+00
5.496000000000000085e+01,7.559313372368428596e-02,3.601058716885890271e-02,2.947696562101040474e+00
5.497999999999999687e+01,7.559313372368428596e-02,3.601058716885890271e-02,2.941696562101040691e+00
5.500000000000000000e+01,7.559313372368428596e-02,3.601058716885890271e-02,2.935696562101040907e+00
5.502000000000000313e+01,7.559313372368428596e-02,3.601058716885890271e-02,2.929696562101041124e+00
5.503999999999999915e+01,7.559313372368428596e-02,3.601058716885890271e-02,2.923696562101041341e+00
5.506000000000000227e+01,7.559313372368428596e-02,3.601058716885890271e-02,2.917696562101041557e+00
5.507999999999999829e+01,7.559313372368428596e-02,3.601058716885890271e-02,2.911696562101041774e+00
5.510000000000000142e+01,7.559313372368428596e-02,3.601058716885890271e-02,2.905696562101041991e+00
5.511999999999999744e+01,7.559313372368428596e-02,3.601058716885890271e-02,2.899696562101042208e+00
5.514000000000000057e+01,7.559313372368428596e-02,3.601058716885890271e-02,2.893696562101042424e+00
5.515999999999999659e+01,7.559313372368428596e-02,3.601058716885890271e-02,2.887696562101042641e+00
5.517999999999999972e+01,7.559313372368428596e-02,3.601058716885890271e-02,2.881696562101042858e+00
5.520000000000000284e+01,7.559313372368428596e-02,3.601058716885890271e-02,2.875696562101043074e+00
5.521999999999999886e+01,7.559313372368428596e-02,3.601058716885890271e-02,2.869696562101043291e+00
5.524000000000000199e+01,7.559313372368428596e-02,3.601058716885890271e-02,2.863696562101043508e+00
5.525999999999999801e+01,7.559313372368428596e-02,3.601058716885890271e-02,2.857696562101043725e+00
5.528000000000000114e+01,7.559313372368428596e-02,3.601058716885890271e-02,2.851696562101043941e+00
5.529999999999999716e+01,7.559313372368428596e-02,3.601058716885890271e-02,2.845696562101044158e+00
5.532000000000000028e+01,7.559313372368428596e-02,3.601058716885890271e-02,2.839696562101044375e+00
5.534000000000000341e+01,7.559313372368428596e-02,3.601058716885890271e-02,2.833696562101044591e+00
5.535999999999999943e+01,7.559313372368428596e-02,3.601058716885890271e-02,2.827696562101044808e+00
5.538000000000000256e+01,7.559313372368428596e-02,3.601058716885890271e-02,2.821696562101045025e+00
5.539999999999999858e+01,7.559313372368428596e-02,3.601058716885890271e-02,2.815696562101045242e+00
5.542000000000000171e+01,7.559313372368428596e-02,3.601058716885890271e-02,2.809696562101045458e+00
5.543999999999999773e+01,7.524935782660037431e-02,3.612911791083357055e-02,2.809435692535827922e+00
5.546000000000000085e+01,7.490561286227664928e-02,3.624773832944281488e-02,2.809174822970610386e+00
5.547999999999999687e+01,7.456189885410607898e-02,3.636644841661428040e-02,2.808913953405392849e+00
5.550000000000000000e+01,7.421821582547938334e-02,3.648524816426927664e-02,2.808653083840175313e+00
5.552000000000000313e+01,7.387456379978511734e-02,3.660413756432322890e-02,2.808392214274957777e+00
5.553999999999999915e+01,7.318676557315738351e-02,3.684048128098368902e-02,2.812826996883653230e+00
5.556000000000000227e+01,7.249792598051582604e-02,3.707377244791152521e-02,2.817261779492348683e+00
5.557999999999999829e+01,7.180805856945093879e-02,3.730400647690761129e-02,2.821696562101044137e+00
5.560000000000000142e+01,7.111717690776761525e-02,3.753117883989840614e-02,2.826131344709739590e+00
5.561999999999999744e+01,7.111717690776761525e-02,3.753117883989840614e-02,2.829588301231478642e+00
5.564000000000000057e+01,7.111717690776761525e-02,3.753117883989840614e-02,2.833045257753217694e+00
5.565999999999999659e+01,7.111717690776761525e-02,3.753117883989840614e-02,2.836502214274956746e+00
5.567999999999999972e+01,7.111717690776761525e-02,3.753117883989840614e-02,2.839959170796695798e+00
5.570000000000000284e+01,7.111717690776761525e-02,3.753117883989840614e-02,2.843416127318434850e+00
5.571999999999999886e+01,7.111717690776761525e-02,3.753117883989840614e-02,2.845890368622782773e+00
5.574000000000000199e+01,7.111717690776761525e-02,3.753117883989840614e-02,2.848364609927130697e+00
5.575999999999999801e+01,7.111717690776761525e-02,3.753117883989840614e-02,2.850838851231478621e+00
5.578000000000000114e+01,7.111717690776761525e-02,3.753117883989840614e-02,2.853313092535826545e+00
5.579999999999999716e+01,7.111717690776761525e-02,3.753117883989840614e-02,2.855787333840174469e+00
5.582000000000000028e+01,7.111717690776761525e-02,3.753117883989840614e-02,2.857273946351043925e+00
5.584000000000000341e+01,7.111717690776761525e-02,3.753117883989840614e-02,2.858760558861913381e+00
5.585999999999999943e+01,7.111717690776761525e-02,3.753117883989840614e-02,2.860247171372782837e+00
5.588000000000000256e+01,7.111717690776761525e-02,3.753117883989840614e-02,2.861733783883652293e+00
5.589999999999999858e+01,7.111717690776761525e-02,3.753117883989840614e-02,2.863220396394521750e+00
5.592000000000000171e+01,7.111717690776761525e-02,3.753117883989840614e-02,2.863714441967945667e+00
5.593999999999999773e+01,7.111717690776761525e-02,3.753117883989840614e-02,2.864208487541369585e+00
5.596000000000000085e+01,7.111717690776761525e-02,3.753117883989840614e-02,2.864702533114793503e+00
5.597999999999999687e+01,7.111717690776761525e-02,3.753117883989840614e-02,2.865196578688217421e+00
5.600000000000000000e+01,7.111717690776761525e-02,3.753117883989840614e-02,2.865690624261641339e+00
5.602000000000000313e+01,7.111717690776761525e-02,3.753117883989840614e-02,2.865187140062932514e+00
5.603999999999999915e+01,7.111717690776761525e-02,3.753117883989840614e-02,2.864683655864223688e+00
5.606000000000000227e+01,7.111717690776761525e-02,3.753117883989840614e-02,2.864180171665514862e+00
5.607999999999999829e+01,7.111717690776761525e-02,3.753117883989840614e-02,2.863676687466806037e+00
5.610000000000000142e+01,7.111717690776761525e-02,3.753117883989840614e-02,2.863173203268097211e+00
5.611999999999999744e+01,7.111717690776761525e-02,3.753117883989840614e-02,2.861667201648394609e+00
5.614000000000000057e+01,7.111717690776761525e-02,3.753117883989840614e-02,2.860161200028692008e+00
5.615999999999999659e+01,7.111717690776761525e-02,3.753117883989840614e-02,2.858655198408989406e+00
5.617999999999999972e+01,7.111717690776761525e-02,3.753117883989840614e-02,2.857149196789286805e+00
5.620000000000000284e+01,7.111717690776761525e-02,3.753117883989840614e-02,2.855643195169584203e+00
5.621999999999999886e+01,7.111717690776761525e-02,3.753117883989840614e-02,2.853129663541783323e+00
5.624000000000000199e+01,7.111717690776761525e-02,3.753117883989840614e-02,2.850616131913982443e+00
5.625999999999999801e+01,7.111717690776761525e-02,3.753117883989840614e-02,2.848102600286181563e+00
5.628000000000000114e+01,7.111717690776761525e-02,3.753117883989840614e-02,2.845589068658380683e+00
5.629999999999999716e+01,7.111717690776761525e-02,3.753117883989840614e-02,2.843075537030579802e+00
5.632000000000000028e+01,7.111717690776761525e-02,3.753117883989840614e-02,2.839549437744639970e+00
5.634000000000000341e+01,7.111717690776761525e-02,3.753117883989840614e-02,2.836023338458700138e+00
5.635999999999999943e+01,7.111717690776761525e-02,3.753117883989840614e-02,2.832497239172760306e+00
5.638000000000000256e+01,7.111717690776761525e-02,3.753117883989840614e-02,2.828971139886820474e+00
5.639999999999999858e+01,7.111717690776761525e-02,3.753117883989840614e-02,2.825445040600880642e+00
5.642000000000000171e+01,7.111717690776761525e-02,3.753117883989840614e-02,2.820901310818511032e+00
5.643999999999999773e+01,7.111717690776761525e-02,3.753117883989840614e-02,2.816357581036141422e+00
5.646000000000000085e+01,7.111717690776761525e-02,3.753117883989840614e-02,2.811813851253771812e+00
5.647999999999999687e+01,7.111717690776761525e-02,3.753117883989840614e-02,2.807270121471402202e+00
5.650000000000000000e+01,7.111717690776761525e-02,3.753117883989840614e-02,2.802726391689032592e+00
5.652000000000000313e+01,7.111717690776761525e-02,3.753117883989840614e-02,2.797159943257751191e+00
5.653999999999999915e+01,7.111717690776761525e-02,3.753117883989840614e-02,2.791593494826469790e+00
5.656000000000000227e+01,7.111717690776761525e-02,3.753117883989840614e-02,2.786027046395188389e+00
5.657999999999999829e+01,7.111717690776761525e-02,3.753117883989840614e-02,2.780460597963906988e+00
5.660000000000000142e+01,7.111717690776761525e-02,3.753117883989840614e-02,2.774894149532625587e+00
5.661999999999999744e+01,7.111717690776761525e-02,3.753117883989840614e-02,2.768894149532625804e+00
5.664000000000000057e+01,7.111717690776761525e-02,3.753117883989840614e-02,2.762894149532626020e+00
5.665999999999999659e+01,7.111717690776761525e-02,3.753117883989840614e-02,2.756894149532626237e+00
5.667999999999999972e+01,7.111717690776761525e-02,3.753117883989840614e-02,2.750894149532626454e+00
5.670000000000000284e+01,7.111717690776761525e-02,3.753117883989840614e-02,2.744894149532626670e+00
5.671999999999999886e+01,7.111717690776761525e-02,3.753117883989840614e-02,2.738894149532626887e+00
5.674000000000000199e+01,7.111717690776761525e-02,3.753117883989840614e-02,2.732894149532627104e+00
5.675999999999999801e+01,7.111717690776761525e-02,3.753117883989840614e-02,2.726894149532627321e+00
5.678000000000000114e+01,7.111717690776761525e-02,3.753117883989840614e-02,2.720894149532627537e+00
5.679999999999999716e+01,7.111717690776761525e-02,3.753117883989840614e-02,2.714894149532627754e+00
5.682000000000000028e+01,7.111717690776761525e-02,3.753117883989840614e-02,2.708894149532627971e+00
5.684000000000000341e+01,7.111717690776761525e-02,3.753117883989840614e-02,2.702894149532628187e+00
5.685999999999999943e+01,7.111717690776761525e-02,3.753117883989840614e-02,2.696894149532628404e+00
5.688000000000000256e+01,7.111717690776761525e-02,3.753117883989840614e-02,2.690894149532628621e+00
5.689999999999999858e+01,7.111717690776761525e-02,3.753117883989840614e-02,2.684894149532628838e+00
5.692000000000000171e+01,7.111717690776761525e-02,3.753117883989840614e-02,2.678894149532629054e+00
5.693999999999999773e+01,7.111717690776761525e-02,3.753117883989840614e-02,2.672894149532629271e+00
5.696000000000000085e+01,7.111717690776761525e-02,3.753117883989840614e-02,2.666894149532629488e+00
5.697999999999999687e+01,7.111717690776761525e-02,3.753117883989840614e-02,2.660894149532629704e+00
5.700000000000000000e+01,7.111717690776761525e-02,3.753117883989840614e-02,2.654894149532629921e+00
5.702000000000000313e+01,7.111717690776761525e-02,3.753117883989840614e-02,2.648894149532630138e+00
5.703999999999999915e+01,7.111717690776761525e-02,3.753117883989840614e-02,2.642894149532630355e+00
5.706000000000000227e+01,7.111717690776761525e-02,3.753117883989840614e-02,2.636894149532630571e+00
5.707999999999999829e+01,7.111717690776761525e-02,3.753117883989840614e-02,2.630894149532630788e+00
5.710000000000000142e+01,7.111717690776761525e-02,3.753117883989840614e-02,2.624894149532631005e+00
5.711999999999999744e+01,7.111717690776761525e-02,3.753117883989840614e-02,2.618894149532631221e+00
5.714000000000000057e+01,7.111717690776761525e-02,3.753117883989840614e-02,2.612894149532631438e+00
5.715999999999999659e+01,7.111717690776761525e-02,3.753117883989840614e-02,2.606894149532631655e+00
5.717999999999999972e+01,7.111717690776761525e-02,3.753117883989840614e-02,2.600894149532631872e+00
5.720000000000000284e+01,7.111717690776761525e-02,3.753117883989840614e-02,2.594894149532632088e+00
5.721999999999999886e+01,7.111717690776761525e-02,3.753117883989840614e-02,2.588894149532632305e+00
5.724000000000000199e+01,7.111717690776761525e-02,3.753117883989840614e-02,2.582894149532632522e+00
5.725999999999999801e+01,7.111717690776761525e-02,3.753117883989840614e-02,2.576894149532632738e+00
5.728000000000000114e+01,7.111717690776761525e-02,3.753117883989840614e-02,2.570894149532632955e+00
5.729999999999999716e+01,7.111717690776761525e-02,3.753117883989840614e-02,2.564894149532633172e+00
5.732000000000000028e+01,7.111717690776761525e-02,3.753117883989840614e-02,2.558894149532633389e+00
5.734000000000000341e+01,7.111717690776761525e-02,3.753117883989840614e-02,2.552894149532633605e+00
5.735999999999999943e+01,7.111717690776761525e-02,3.753117883989840614e-02,2.546894149532633822e+00
5.738000000000000256e+01,7.111717690776761525e-02,3.753117883989840614e-02,2.540894149532634039e+00
5.739999999999999858e+01,7.111717690776761525e-02,3.753117883989840614e-02,2.534894149532634255e+00
5.742000000000000171e+01,7.111717690776761525e-02,3.753117883989840614e-02,2.528894149532634472e+00
5.743999999999999773e+01,7.111717690776761525e-02,3.753117883989840614e-02,2.522894149532634689e+00
5.746000000000000085e+01,7.111717690776761525e-02,3.753117883989840614e-02,2.516894149532634906e+00
5.747999999999999687e+01,7.111717690776761525e-02,3.753117883989840614e-02,2.510894149532635122e+00
5.750000000000000000e+01,7.111717690776761525e-02,3.753117883989840614e-02,2.504894149532635339e+00
5.752000000000000313e+01,7.111717690776761525e-02,3.753117883989840614e-02,2.498894149532635556e+00
5.753999999999999915e+01,7.053506554853301858e-02,3.796715129577821896e-02,2.498633279967418019e+00
5.756000000000000227e+01,6.995306794104927395e-02,3.840327559195852447e-02,2.498372410402200483e+00
5.757999999999999829e+01,6.937118412492307429e-02,3.883955169876038283e-02,2.498111540836982947e+00
5.760000000000000142e+01,6.878941413975338259e-02,3.927597958649371723e-02,2.497850671271765410e+00
5.761999999999999744e+01,6.878941413975338259e-02,3.927597958649371723e-02,2.496588497358721792e+00
5.764000000000000057e+01,6.878941413975338259e-02,3.927597958649371723e-02,2.495326323445678174e+00
5.765999999999999659e+01,6.878941413975338259e-02,3.927597958649371723e-02,2.494064149532634556e+00
5.767999999999999972e+01,6.878941413975338259e-02,3.927597958649371723e-02,2.492801975619590937e+00
5.770000000000000284e+01,6.878941413975338259e-02,3.927597958649371723e-02,2.491539801706547319e+00
5.771999999999999886e+01,6.878941413975338259e-02,3.927597958649371723e-02,2.489271316923938659e+00
5.774000000000000199e+01,6.878941413975338259e-02,3.927597958649371723e-02,2.487002832141330000e+00
5.775999999999999801e+01,6.878941413975338259e-02,3.927597958649371723e-02,2.484734347358721340e+00
5.778000000000000114e+01,6.878941413975338259e-02,3.927597958649371723e-02,2.482465862576112681e+00
5.779999999999999716e+01,6.878941413975338259e-02,3.927597958649371723e-02,2.480197377793504021e+00
5.782000000000000028e+01,6.878941413975338259e-02,3.927597958649371723e-02,2.476917550586982486e+00
5.784000000000000341e+01,6.878941413975338259e-02,3.927597958649371723e-02,2.473637723380460951e+00
5.785999999999999943e+01,6.878941413975338259e-02,3.927597958649371723e-02,2.470357896173939416e+00
5.788000000000000256e+01,6.878941413975338259e-02,3.927597958649371723e-02,2.467078068967417881e+00
5.789999999999999858e+01,6.878941413975338259e-02,3.927597958649371723e-02,2.463798241760896346e+00
5.792000000000000171e+01,6.878941413975338259e-02,3.927597958649371723e-02,2.459502015418341792e+00
5.793999999999999773e+01,6.878941413975338259e-02,3.927597958649371723e-02,2.455205789075787237e+00
5.796000000000000085e+01,6.878941413975338259e-02,3.927597958649371723e-02,2.450909562733232683e+00
5.797999999999999687e+01,6.878941413975338259e-02,3.927597958649371723e-02,2.446613336390678128e+00
5.800000000000000000e+01,6.878941413975338259e-02,3.927597958649371723e-02,2.442317110048123574e+00
5.802000000000000313e+01,6.878941413975338259e-02,3.927597958649371723e-02,2.436999402573856610e+00
5.803999999999999915e+01,6.878941413975338259e-02,3.927597958649371723e-02,2.431681695099589646e+00
5.806000000000000227e+01,6.878941413975338259e-02,3.927597958649371723e-02,2.426363987625322682e+00
5.807999999999999829e+01,6.878941413975338259e-02,3.927597958649371723e-02,2.421046280151055718e+00
5.810000000000000142e+01,6.878941413975338259e-02,3.927597958649371723e-02,2.415728572676788755e+00
5.811999999999999744e+01,6.878941413975338259e-02,3.927597958649371723e-02,2.409728572676788971e+00
5.814000000000000057e+01,6.878941413975338259e-02,3.927597958649371723e-02,2.403728572676789188e+00
5.815999999999999659e+01,6.878941413975338259e-02,3.927597958649371723e-02,2.397728572676789405e+00
5.817999999999999972e+01,6.878941413975338259e-02,3.927597958649371723e-02,2.391728572676789621e+00
5.820000000000000284e+01,6.878941413975338259e-02,3.927597958649371723e-02,2.385728572676789838e+00
5.821999999999999886e+01,6.878941413975338259e-02,3.927597958649371723e-02,2.379728572676790055e+00
5.824000000000000199e+01,6.878941413975338259e-02,3.927597958649371723e-02,2.373728572676790272e+00
5.825999999999999801e+01,6.878941413975338259e-02,3.927597958649371723e-02,2.367728572676790488e+00
5.828000000000000114e+01,6.878941413975338259e-02,3.927597958649371723e-02,2.361728572676790705e+00
5.829999999999999716e+01,6.878941413975338259e-02,3.927597958649371723e-02,2.355728572676790922e+00
5.832000000000000028e+01,6.878941413975338259e-02,3.927597958649371723e-02,2.349728572676791138e+00
5.834000000000000341e+01,6.878941413975338259e-02,3.927597958649371723e-02,2.343728572676791355e+00
5.835999999999999943e+01,6.878941413975338259e-02,3.927597958649371723e-02,2.337728572676791572e+00
5.838000000000000256e+01,6.878941413975338259e-02,3.927597958649371723e-02,2.331728572676791789e+00
5.839999999999999858e+01,6.878941413975338259e-02,3.927597958649371723e-02,2.325728572676792005e+00
5.842000000000000171e+01,6.878941413975338259e-02,3.927597958649371723e-02,2.319728572676792222e+00
5.843999999999999773e+01,6.878941413975338259e-02,3.927597958649371723e-02,2.313728572676792439e+00
5.846000000000000085e+01,6.878941413975338259e-02,3.927597958649371723e-02,2.307728572676792655e+00
5.847999999999999687e+01,6.878941413975338259e-02,3.927597958649371723e-02,2.301728572676792872e+00
5.850000000000000000e+01,6.878941413975338259e-02,3.927597958649371723e-02,2.295728572676793089e+00
5.852000000000000313e+01,6.878941413975338259e-02,3.927597958649371723e-02,2.289728572676793306e+00
5.853999999999999915e+01,6.878941413975338259e-02,3.927597958649371723e-02,2.283728572676793522e+00
5.856000000000000227e+01,6.878941413975338259e-02,3.927597958649371723e-02,2.277728572676793739e+00
5.857999999999999829e+01,6.878941413975338259e-02,3.927597958649371723e-02,2.271728572676793956e+00
5.860000000000000142e+01,6.878941413975338259e-02,3.927597958649371723e-02,2.265728572676794172e+00
5.861999999999999744e+01,6.878941413975338259e-02,3.927597958649371723e-02,2.259728572676794389e+00
5.864000000000000057e+01,6.878941413975338259e-02,3.927597958649371723e-02,2.253728572676794606e+00
5.865999999999999659e+01,6.878941413975338259e-02,3.927597958649371723e-02,2.247728572676794823e+00
5.867999999999999972e+01,6.878941413975338259e-02,3.927597958649371723e-02,2.241728572676795039e+00
5.870000000000000284e+01,6.878941413975338259e-02,3.927597958649371723e-02,2.235728572676795256e+00
5.871999999999999886e+01,6.878941413975338259e-02,3.927597958649371723e-02,2.229728572676795473e+00
5.874000000000000199e+01,6.878941413975338259e-02,3.927597958649371723e-02,2.223728572676795689e+00
5.875999999999999801e+01,6.878941413975338259e-02,3.927597958649371723e-02,2.217728572676795906e+00
5.878000000000000114e+01,6.878941413975338259e-02,3.927597958649371723e-02,2.211728572676796123e+00
5.879999999999999716e+01,6.878941413975338259e-02,3.927597958649371723e-02,2.205728572676796340e+00
5.882000000000000028e+01,6.878941413975338259e-02,3.927597958649371723e-02,2.199728572676796556e+00
5.884000000000000341e+01,6.878941413975338259e-02,3.927597958649371723e-02,2.193728572676796773e+00
5.885999999999999943e+01,6.878941413975338259e-02,3.927597958649371723e-02,2.187728572676796990e+00
5.888000000000000256e+01,6.878941413975338259e-02,3.927597958649371723e-02,2.181728572676797206e+00
5.889999999999999858e+01,6.878941413975338259e-02,3.927597958649371723e-02,2.175728572676797423e+00
5.892000000000000171e+01,6.878941413975338259e-02,3.927597958649371723e-02,2.169728572676797640e+00
5.893999999999999773e+01,6.878941413975338259e-02,3.927597958649371723e-02,2.163728572676797857e+00
5.896000000000000085e+01,6.878941413975338259e-02,3.927597958649371723e-02,2.157728572676798073e+00
5.897999999999999687e+01,6.878941413975338259e-02,3.927597958649371723e-02,2.151728572676798290e+00
5.900000000000000000e+01,6.878941413975338259e-02,3.927597958649371723e-02,2.145728572676798507e+00
5.902000000000000313e+01,6.878941413975338259e-02,3.927597958649371723e-02,2.139728572676798724e+00
5.903999999999999915e+01,6.878941413975338259e-02,3.927597958649371723e-02,2.133728572676798940e+00
5.906000000000000227e+01,6.878941413975338259e-02,3.927597958649371723e-02,2.127728572676799157e+00
5.907999999999999829e+01,6.878941413975338259e-02,3.927597958649371723e-02,2.121728572676799374e+00
5.910000000000000142e+01,6.878941413975338259e-02,3.927597958649371723e-02,2.115728572676799590e+00
5.911999999999999744e+01,6.878941413975338259e-02,3.927597958649371723e-02,2.109728572676799807e+00
5.914000000000000057e+01,6.878941413975338259e-02,3.927597958649371723e-02,2.103728572676800024e+00
5.915999999999999659e+01,6.878941413975338259e-02,3.927597958649371723e-02,2.097728572676800241e+00
5.917999999999999972e+01,6.878941413975338259e-02,3.927597958649371723e-02,2.091728572676800457e+00
5.920000000000000284e+01,6.878941413975338259e-02,3.927597958649371723e-02,2.085728572676800674e+00
5.921999999999999886e+01,6.878941413975338259e-02,3.927597958649371723e-02,2.079728572676800891e+00
5.924000000000000199e+01,6.878941413975338259e-02,3.927597958649371723e-02,2.073728572676801107e+00
5.925999999999999801e+01,6.878941413975338259e-02,3.927597958649371723e-02,2.067728572676801768e+00
5.928000000000000114e+01,6.878941413975338259e-02,3.927597958649371723e-02,2.061728572676801541e+00
5.929999999999999716e+01,6.878941413975338259e-02,3.927597958649371723e-02,2.055728572676801313e+00
5.932000000000000028e+01,6.878941413975338259e-02,3.927597958649371723e-02,2.049728572676801974e+00
5.934000000000000341e+01,6.878941413975338259e-02,3.927597958649371723e-02,2.043728572676802191e+00
5.935999999999999943e+01,6.878941413975338259e-02,3.927597958649371723e-02,2.037728572676802408e+00
5.938000000000000256e+01,6.878941413975338259e-02,3.927597958649371723e-02,2.031728572676802624e+00
5.939999999999999858e+01,6.878941413975338259e-02,3.927597958649371723e-02,2.025728572676802841e+00
5.942000000000000171e+01,6.878941413975338259e-02,3.927597958649371723e-02,2.019728572676803058e+00
5.943999999999999773e+01,6.878941413975338259e-02,3.927597958649371723e-02,2.013728572676803275e+00
5.946000000000000085e+01,6.878941413975338259e-02,3.927597958649371723e-02,2.007728572676803491e+00
5.947999999999999687e+01,6.878941413975338259e-02,3.927597958649371723e-02,2.001728572676803708e+00
5.950000000000000000e+01,6.878941413975338259e-02,3.927597958649371723e-02,1.995728572676803703e+00
5.952000000000000313e+01,6.878941413975338259e-02,3.927597958649371723e-02,1.989728572676803919e+00
5.953999999999999915e+01,6.878941413975338259e-02,3.927597958649371723e-02,1.983728572676803470e+00
5.956000000000000227e+01,6.878941413975338259e-02,3.927597958649371723e-02,1.977728572676803687e+00
5.957999999999999829e+01,6.878941413975338259e-02,3.927597958649371723e-02,1.971728572676803681e+00
5.960000000000000142e+01,6.878941413975338259e-02,3.927597958649371723e-02,1.965728572676803676e+00
5.961999999999999744e+01,6.878941413975338259e-02,3.927597958649371723e-02,1.959728572676803671e+00
5.964000000000000057e+01,6.878941413975338259e-02,3.927597958649371723e-02,1.953728572676803887e+00
5.965999999999999659e+01,6.878941413975338259e-02,3.927597958649371723e-02,1.947728572676803660e+00
5.967999999999999972e+01,6.878941413975338259e-02,3.927597958649371723e-02,1.941728572676803655e+00
5.970000000000000284e+01,6.878941413975338259e-02,3.927597958649371723e-02,1.935728572676803649e+00
5.971999999999999886e+01,6.878941413975338259e-02,3.927597958649371723e-02,1.929728572676803644e+00
5.974000000000000199e+01,6.878941413975338259e-02,3.927597958649371723e-02,1.923728572676803639e+00
5.975999999999999801e+01,6.878941413975338259e-02,3.927597958649371723e-02,1.917728572676803633e+00
5.978000000000000114e+01,6.878941413975338259e-02,3.927597958649371723e-02,1.911728572676803628e+00
5.979999999999999716e+01,6.878941413975338259e-02,3.927597958649371723e-02,1.905728572676803401e+00
5.982000000000000028e+01,6.878941413975338259e-02,3.927597958649371723e-02,1.899728572676803617e+00
5.984000000000000341e+01,6.878941413975338259e-02,3.927597958649371723e-02,1.893728572676803612e+00
5.985999999999999943e+01,6.878941413975338259e-02,3.927597958649371723e-02,1.887728572676803385e+00
5.988000000000000256e+01,6.878941413975338259e-02,3.927597958649371723e-02,1.881728572676803823e+00
5.989999999999999858e+01,6.878941413975338259e-02,3.927597958649371723e-02,1.875728572676803596e+00
5.992000000000000171e+01,6.878941413975338259e-02,3.927597958649371723e-02,1.869728572676803369e+00
5.993999999999999773e+01,6.878941413975338259e-02,3.927597958649371723e-02,1.863728572676803363e+00
5.996000000000000085e+01,6.878941413975338259e-02,3.927597958649371723e-02,1.857728572676803580e+00
5.997999999999999687e+01,6.878941413975338259e-02,3.927597958649371723e-02,1.851728572676803575e+00
6.000000000000000000e+01,6.878941413975338259e-02,3.927597958649371723e-02,1.845728572676803569e+00
6.002000000000000313e+01,6.878941413975338259e-02,3.927597958649371723e-02,1.839728572676803564e+00
6.003999999999999915e+01,6.878941413975338259e-02,3.927597958649371723e-02,1.833728572676803559e+00
6.006000000000000227e+01,6.878941413975338259e-02,3.927597958649371723e-02,1.827728572676803553e+00
6.007999999999999829e+01,6.878941413975338259e-02,3.927597958649371723e-02,1.821728572676803548e+00
6.010000000000000142e+01,6.878941413975338259e-02,3.927597958649371723e-02,1.815728572676803321e+00
6.011999999999999744e+01,6.878941413975338259e-02,3.927597958649371723e-02,1.809728572676803537e+00
6.014000000000000057e+01,6.878941413975338259e-02,3.927597958649371723e-02,1.803728572676803532e+00
6.015999999999999659e+01,6.878941413975338259e-02,3.927597958649371723e-02,1.797728572676803305e+00
6.017999999999999972e+01,6.878941413975338259e-02,3.927597958649371723e-02,1.791728572676803521e+00
6.020000000000000284e+01,6.878941413975338259e-02,3.927597958649371723e-02,1.785728572676803294e+00
6.021999999999999886e+01,6.878941413975338259e-02,3.927597958649371723e-02,1.779728572676803511e+00
6.024000000000000199e+01,6.878941413975338259e-02,3.927597958649371723e-02,1.773728572676803505e+00
6.025999999999999801e+01,6.878941413975338259e-02,3.927597958649371723e-02,1.767728572676803500e+00
6.028000000000000114e+01,6.878941413975338259e-02,3.927597958649371723e-02,1.761728572676803717e+00
6.029999999999999716e+01,6.878941413975338259e-02,3.927597958649371723e-02,1.755728572676803489e+00
6.032000000000000028e+01,6.878941413975338259e-02,3.927597958649371723e-02,1.749728572676803484e+00
6.034000000000000341e+01,6.878941413975338259e-02,3.927597958649371723e-02,1.743728572676803257e+00
6.035999999999999943e+01,6.878941413975338259e-02,3.927597958649371723e-02,1.737728572676803473e+00
6.038000000000000256e+01,6.878941413975338259e-02,3.927597958649371723e-02,1.731728572676803690e+00
6.039999999999999858e+01,6.878941413975338259e-02,3.927597958649371723e-02,1.725728572676803463e+00
6.042000000000000171e+01,6.878941413975338259e-02,3.927597958649371723e-02,1.719728572676803680e+00
6.043999999999999773e+01,6.878941413975338259e-02,3.927597958649371723e-02,1.713728572676803452e+00
6.046000000000000085e+01,6.878941413975338259e-02,3.927597958649371723e-02,1.707728572676803447e+00
6.047999999999999687e+01,6.878941413975338259e-02,3.927597958649371723e-02,1.701728572676803442e+00
6.050000000000000000e+01,6.878941413975338259e-02,3.927597958649371723e-02,1.695728572676803214e+00
6.052000000000000313e+01,6.878941413975338259e-02,3.927597958649371723e-02,1.689728572676803653e+00
6.053999999999999915e+01,6.878941413975338259e-02,3.927597958649371723e-02,1.683728572676803426e+00
6.056000000000000227e+01,6.878941413975338259e-02,3.927597958649371723e-02,1.677728572676803420e+00
6.057999999999999829e+01,6.878941413975338259e-02,3.927597958649371723e-02,1.671728572676803415e+00
6.060000000000000142e+01,6.878941413975338259e-02,3.927597958649371723e-02,1.665728572676803187e+00
6.061999999999999744e+01,6.878941413975338259e-02,3.927597958649371723e-02,1.659728572676803626e+00
6.064000000000000057e+01,6.878941413975338259e-02,3.927597958649371723e-02,1.653728572676803399e+00
6.065999999999999659e+01,6.878941413975338259e-02,3.927597958649371723e-02,1.647728572676803394e+00
6.067999999999999972e+01,6.878941413975338259e-02,3.927597958649371723e-02,1.641728572676803388e+00
6.070000000000000284e+01,6.878941413975338259e-02,3.927597958649371723e-02,1.635728572676803605e+00
6.071999999999999886e+01,6.878941413975338259e-02,3.927597958649371723e-02,1.629728572676803378e+00
6.074000000000000199e+01,6.878941413975338259e-02,3.927597958649371723e-02,1.629728572676803378e+00
6.075999999999999801e+01,6.878941413975338259e-02,3.927597958649371723e-02,1.629728572676803378e+00
6.078000000000000114e+01,6.878941413975338259e-02,3.927597958649371723e-02,1.629728572676803378e+00
6.079999999999999716e+01,6.878941413975338259e-02,3.927597958649371723e-02,1.629728572676803378e+00
6.082000000000000028e+01,6.878941413975338259e-02,3.927597958649371723e-02,1.629728572676803378e+00
6.084000000000000341e+01,6.878941413975338259e-02,3.927597958649371723e-02,1.629728572676803378e+00
6.085999999999999943e+01,6.878941413975338259e-02,3.927597958649371723e-02,1.629728572676803378e+00
6.088000000000000256e+01,6.878941413975338259e-02,3.927597958649371723e-02,1.629728572676803378e+00
6.089999999999999858e+01,6.878941413975338259e-02,3.927597958649371723e-02,1.629728572676803378e+00
6.092000000000000171e+01,6.878941413975338259e-02,3.927597958649371723e-02,1.629728572676803378e+00
6.093999999999999773e+01,6.855121748092568579e-02,4.326888079780537993e-02,1.631032920502890393e+00
6.096000000000000085e+01,6.830781289418491609e-02,4.726146792130363206e-02,1.632337268328977409e+00
6.097999999999999687e+01,6.805920079364073672e-02,5.125373416430818729e-02,1.633641616155064202e+00
6.100000000000000000e+01,6.780538160226283473e-02,5.524567273468460049e-02,1.634945963981151440e+00
6.102000000000000313e+01,6.754635575187918628e-02,5.923727684085591111e-02,1.636250311807238456e+00
6.103999999999999915e+01,6.728420609921509365e-02,6.322867728040851287e-02,1.636511181372455992e+00
6.106000000000000227e+01,6.702101522058540040e-02,6.722000919728272905e-02,1.636772050937672862e+00
6.107999999999999829e+01,6.675678313390215335e-02,7.121127231985692474e-02,1.637032920502890621e+00
6.110000000000000142e+01,6.649150985714548379e-02,7.520246637651370469e-02,1.637293790068107935e+00
6.111999999999999744e+01,6.622519540836703522e-02,7.919359109564058641e-02,1.637554659633325249e+00
6.114000000000000057e+01,6.595783980569333571e-02,8.318464620562997236e-02,1.637815529198542563e+00
6.115999999999999659e+01,6.568944306731731853e-02,8.717563143487871979e-02,1.638076398763759656e+00
6.117999999999999972e+01,6.542000521150512227e-02,9.116654651178882074e-02,1.638337268328976748e+00
6.120000000000000284e+01,6.514952625659095609e-02,9.515739116476672199e-02,1.638598137894194062e+00
6.121999999999999886e+01,6.487800622098224834e-02,9.914816512222375533e-02,1.638859007459411599e+00
6.124000000000000199e+01,6.463022340477830863e-02,1.027760769316348327e-01,1.639119877024628913e+00
6.125999999999999801e+01,6.438149418523927969e-02,1.064039239786059854e-01,1.639380746589846227e+00
6.128000000000000114e+01,6.413181857929262097e-02,1.100317060162517707e-01,1.639641616155063764e+00
6.129999999999999716e+01,6.388119660392926891e-02,1.136594227976910204e-01,1.639902485720280634e+00
6.132000000000000028e+01,6.362962827620512185e-02,1.172870740760467989e-01,1.640163355285498170e+00
6.134000000000000341e+01,6.335186214694300821e-02,1.212774181572870563e-01,1.640424224850715706e+00
6.135999999999999943e+01,6.307305506781814286e-02,1.252676896420213959e-01,1.640685094415932799e+00
6.138000000000000256e+01,6.279320705780652712e-02,1.292578882587000766e-01,1.640945963981150113e+00
6.139999999999999858e+01,6.251231813594886055e-02,1.332480137357787142e-01,1.641206833546367427e+00
6.142000000000000171e+01,6.223038832136244813e-02,1.372380658017171851e-01,1.641467703111584742e+00
6.143999999999999773e+01,6.194637678539071518e-02,1.412279701402696097e-01,1.642250311807236907e+00
6.146000000000000085e+01,6.165924280288231918e-02,1.452176509870859722e-01,1.643032920502889072e+00
6.147999999999999687e+01,6.136898654970110445e-02,1.492071058985812715e-01,1.643815529198541459e+00
6.150000000000000000e+01,6.107560820362093607e-02,1.531963324313085906e-01,1.644598137894193179e+00
6.152000000000000313e+01,6.077910794432968278e-02,1.571853281419611781e-01,1.645380746589845566e+00
6.153999999999999915e+01,6.048104678880678042e-02,1.611742076271760749e-01,1.645380746589845566e+00
6.156000000000000227e+01,6.018298563328387807e-02,1.651630871123909716e-01,1.645380746589845566e+00
6.157999999999999829e+01,5.988492447776097571e-02,1.691519665976058684e-01,1.645380746589845566e+00
6.160000000000000142e+01,5.958686332223807336e-02,1.731408460828207652e-01,1.645380746589845566e+00
6.161999999999999744e+01,5.928880216671517100e-02,1.771297255680356619e-01,1.645380746589845566e+00
6.164000000000000057e+01,5.899074101119226865e-02,1.811186050532505587e-01,1.645380746589845566e+00
6.165999999999999659e+01,5.869267985566936630e-02,1.851074845384654555e-01,1.645380746589845566e+00
6.167999999999999972e+01,5.839461870014646394e-02,1.890963640236803522e-01,1.645380746589845566e+00
6.170000000000000284e+01,5.809655754462356159e-02,1.930852435088952490e-01,1.645380746589845566e+00
6.171999999999999886e+01,5.779849638910065923e-02,1.970741229941101458e-01,1.645380746589845566e+00
6.174000000000000199e+01,5.752753170226165141e-02,2.007003770715782565e-01,1.645380746589845566e+00
6.175999999999999801e+01,5.725656701542264360e-02,2.043266311490463671e-01,1.645380746589845566e+00
6.178000000000000114e+01,5.698560232858363578e-02,2.079528852265144778e-01,1.645380746589845566e+00
6.179999999999999716e+01,5.671463764174462796e-02,2.115791393039825885e-01,1.645380746589845566e+00
6.182000000000000028e+01,5.644367295490562014e-02,2.152053933814506992e-01,1.645380746589845566e+00
6.184000000000000341e+01,5.614561179938271779e-02,2.191942728666655960e-01,1.645380746589845566e+00
6.185999999999999943e+01,5.584755064385981543e-02,2.231831523518804927e-01,1.645380746589845566e+00
6.188000000000000256e+01,5.554948948833691308e-02,2.271720318370953895e-01,1.645380746589845566e+00
6.189999999999999858e+01,5.525142833281401072e-02,2.311609113223102863e-01,1.645380746589845566e+00
6.192000000000000171e+01,5.495336717729110837e-02,2.351497908075251830e-01,1.645380746589845566e+00
6.193999999999999773e+01,5.465530602176820602e-02,2.391386702927400798e-01,1.645380746589845566e+00
6.196000000000000085e+01,5.435724486624530366e-02,2.431275497779549766e-01,1.645380746589845566e+00
6.197999999999999687e+01,5.405918371072240131e-02,2.471164292631698733e-01,1.645380746589845566e+00
6.200000000000000000e+01,5.376112255519949895e-02,2.511053087483847701e-01,1.645380746589845566e+00
6.202000000000000313e+01,5.346306139967659660e-02,2.550941882335996946e-01,1.645380746589845566e+00
6.203999999999999915e+01,5.316500024415369424e-02,2.590830677188146192e-01,1.645380746589845566e+00
6.206000000000000227e+01,5.286693908863079189e-02,2.630719472040295437e-01,1.645380746589845566e+00
6.207999999999999829e+01,5.256887793310788953e-02,2.670608266892444682e-01,1.645380746589845566e+00
6.210000000000000142e+01,5.227081677758498718e-02,2.710497061744593927e-01,1.645380746589845566e+00
6.211999999999999744e+01,5.197275562206208482e-02,2.750385856596743173e-01,1.645380746589845566e+00
6.214000000000000057e+01,5.167469446653918247e-02,2.790274651448892418e-01,1.645380746589845566e+00
6.215999999999999659e+01,5.137663331101628011e-02,2.830163446301041663e-01,1.645380746589845566e+00
6.217999999999999972e+01,5.107857215549337776e-02,2.870052241153190908e-01,1.645380746589845566e+00
6.220000000000000284e+01,5.078051099997047541e-02,2.909941036005340154e-01,1.645380746589845566e+00
6.221999999999999886e+01,5.048244984444757305e-02,2.949829830857489399e-01,1.645380746589845566e+00
6.224000000000000199e+01,5.021148515760856523e-02,2.986092371632170228e-01,1.645380746589845566e+00
6.225999999999999801e+01,4.994052047076955742e-02,3.022354912406851057e-01,1.645380746589845566e+00
6.228000000000000114e+01,4.966955578393054960e-02,3.058617453181531887e-01,1.645380746589845566e+00
6.229999999999999716e+01,4.939859109709154178e-02,3.094879993956212716e-01,1.645380746589845566e+00
6.232000000000000028e+01,4.912762641025253396e-02,3.131142534730893545e-01,1.645380746589845566e+00
6.234000000000000341e+01,4.882956525472963161e-02,3.171031329583042790e-01,1.645380746589845566e+00
6.235999999999999943e+01,4.853150409920672925e-02,3.210920124435192036e-01,1.645380746589845566e+00
6.238000000000000256e+01,4.823344294368382690e-02,3.250808919287341281e-01,1.645380746589845566e+00
6.239999999999999858e+01,4.793538178816092454e-02,3.290697714139490526e-01,1.645380746589845566e+00
6.242000000000000171e+01,4.763732063263802219e-02,3.330586508991639771e-01,1.645380746589845566e+00
6.243999999999999773e+01,4.733925947711511983e-02,3.370475303843789017e-01,1.645380746589845566e+00
6.246000000000000085e+01,4.704119832159221748e-02,3.410364098695938262e-01,1.645380746589845566e+00
6.247999999999999687e+01,4.674313716606931512e-02,3.450252893548087507e-01,1.645380746589845566e+00
6.250000000000000000e+01,4.644507601054641277e-02,3.490141688400236752e-01,1.645380746589845566e+00
6.252000000000000313e+01,4.614701485502351042e-02,3.530030483252385998e-01,1.645380746589845566e+00
6.253999999999999915e+01,4.584947399150621217e-02,3.569919666427516791e-01,1.645119877024628030e+00
6.256000000000000227e+01,4.555297372549071272e-02,3.609809624438906073e-01,1.644859007459410938e+00
6.257999999999999829e+01,4.525751407714975749e-02,3.649700354571929206e-01,1.644598137894193624e+00
6.260000000000000142e+01,4.496309506659482147e-02,3.689591854111902158e-01,1.644337268328976309e+00
6.261999999999999744e+01,4.466971671385906034e-02,3.729484120344093157e-01,1.644076398763758773e+00
6.264000000000000057e+01,4.437737903891095237e-02,3.769377150553716582e-01,1.643815529198541681e+00
6.265999999999999659e+01,4.408608206164065652e-02,3.809270942025931861e-01,1.643554659633324366e+00
6.267999999999999972e+01,4.379582580187534741e-02,3.849165492045853454e-01,1.643293790068107052e+00
6.270000000000000284e+01,4.350661027936560121e-02,3.889060797898538646e-01,1.643032920502889738e+00
6.271999999999999886e+01,4.321843551379388887e-02,3.928956856868995318e-01,1.642772050937672423e+00
6.274000000000000199e+01,4.295740461468389865e-02,3.965226683571889676e-01,1.642511181372455331e+00
6.275999999999999801e+01,4.269731989383773046e-02,4.001497189990813608e-01,1.642250311807237795e+00
6.278000000000000114e+01,4.243818136895354670e-02,4.037768373657453780e-01,1.641989442242020258e+00
6.279999999999999716e+01,4.217998905766760787e-02,4.074040232103449677e-01,1.641728572676803166e+00
6.282000000000000028e+01,4.192274297754963741e-02,4.110312762860394153e-01,1.641467703111585630e+00
6.284000000000000341e+01,4.164081316296492502e-02,4.150213283519780805e-01,1.641206833546368538e+00
6.285999999999999943e+01,4.135992424110726540e-02,4.190114538290565238e-01,1.640945963981151223e+00
6.288000000000000256e+01,4.108007623109394962e-02,4.230016524457353988e-01,1.640685094415933909e+00
6.289999999999999858e+01,4.080126915197078430e-02,4.269919239304695302e-01,1.640424224850716595e+00
6.292000000000000171e+01,4.052350302270867066e-02,4.309822680117098015e-01,1.640163355285499058e+00
6.293999999999999773e+01,4.024677786221211168e-02,4.349726844179011565e-01,1.639902485720281966e+00
6.296000000000000085e+01,3.997109368931241885e-02,4.389631728774843200e-01,1.639641616155064652e+00
6.297999999999999687e+01,3.969645052277109842e-02,4.429537331188946880e-01,1.639380746589847115e+00
6.300000000000000000e+01,3.942284838127816521e-02,4.469443648705631600e-01,1.639119877024630023e+00
6.302000000000000313e+01,3.915028728345383568e-02,4.509350678609153618e-01,1.638859007459412487e+00
6.303999999999999915e+01,3.890345088744592145e-02,4.545630441858761195e-01,1.638598137894195395e+00
6.306000000000000227e+01,3.865756092843304625e-02,4.581910847794923858e-01,1.638337268328978080e+00
6.307999999999999829e+01,3.841261742314767968e-02,4.618191893948652149e-01,1.638076398763760988e+00
6.310000000000000142e+01,3.816862038826039638e-02,4.654473577850913313e-01,1.637815529198543452e+00
6.311999999999999744e+01,3.792556984037522005e-02,4.690755897032634625e-01,1.637554659633326137e+00
6.314000000000000057e+01,3.765925539159847152e-02,4.730667144223903442e-01,1.637293790068108823e+00
6.315999999999999659e+01,3.739398211484180889e-02,4.770579084790471103e-01,1.637032920502891509e+00
6.317999999999999972e+01,3.712975002815686182e-02,4.810491716016213060e-01,1.636772050937674194e+00
6.320000000000000284e+01,3.686655914952886859e-02,4.850405035184955360e-01,1.636511181372456880e+00
6.321999999999999886e+01,3.660440949686306900e-02,4.890319039580483529e-01,1.636250311807239344e+00
6.324000000000000199e+01,3.636703821608310711e-02,4.926605118585978271e-01,1.635989442242022252e+00
6.325999999999999801e+01,3.613061353673358705e-02,4.962891815586210065e-01,1.635728572676804937e+00
6.328000000000000114e+01,3.589513547490627565e-02,4.999179128111757575e-01,1.635467703111587623e+00
6.329999999999999716e+01,3.566060404662331484e-02,5.035467053693166717e-01,1.635206833546370531e+00
6.332000000000000028e+01,3.542701926784802557e-02,5.071755589860935665e-01,1.634945963981152994e+00
6.334000000000000341e+01,3.517111734313669441e-02,5.111673648573981099e-01,1.634685094415935680e+00
6.335999999999999943e+01,3.491625676778521703e-02,5.151592373498988797e-01,1.634424224850718366e+00
6.338000000000000256e+01,3.466243755913365338e-02,5.191511761919370693e-01,1.634163355285501051e+00
6.339999999999999858e+01,3.440965973445736514e-02,5.231431811118496533e-01,1.633902485720283737e+00
6.342000000000000171e+01,3.415792331095851564e-02,5.271352518379686103e-01,1.633641616155066423e+00
6.343999999999999773e+01,3.390722830576777674e-02,5.311273880986223661e-01,1.633380746589849108e+00
6.346000000000000085e+01,3.365757473594601507e-02,5.351195896221340176e-01,1.633119877024631794e+00
6.347999999999999687e+01,3.340896261848260579e-02,5.391118561368227757e-01,1.632859007459414480e+00
6.350000000000000000e+01,3.316139197029712576e-02,5.431041873710028556e-01,1.632598137894197166e+00
6.352000000000000313e+01,3.291486280823765348e-02,5.470965830529846974e-01,1.632337268328979629e+00
6.353999999999999915e+01,3.269169220900412093e-02,5.507260920148839833e-01,1.632076398763762537e+00
6.356000000000000227e+01,3.246946844577756203e-02,5.543556590717005905e-01,1.631815529198545445e+00
6.357999999999999829e+01,3.224819153368096297e-02,5.579852839764316563e-01,1.631554659633327686e+00
6.360000000000000142e+01,3.202786148777540809e-02,5.616149664820706544e-01,1.631293790068110372e+00
6.361999999999999744e+01,3.180847832305233602e-02,5.652447063416069506e-01,1.631032920502893280e+00
6.364000000000000057e+01,3.156819842758188527e-02,5.692374830046681433e-01,1.630772050937675743e+00
6.365999999999999659e+01,3.132896013418735859e-02,5.732303222135803900e-01,1.630511181372458651e+00
6.367999999999999972e+01,3.109076345914995806e-02,5.772232236966192698e-01,1.630250311807241337e+00
6.370000000000000284e+01,3.085360841867938048e-02,5.812161871820561432e-01,1.629989442242024023e+00
6.371999999999999886e+01,3.061749502891552774e-02,5.852092123981582628e-01,1.629728572676806486e+00
6.374000000000000199e+01,3.038346499400618531e-02,5.892023601697946589e-01,1.628945963981154321e+00
6.375999999999999801e+01,3.015256010261530353e-02,5.931956898724984883e-01,1.628163355285502156e+00
6.378000000000000114e+01,2.992478049616777852e-02,5.971891990604497602e-01,1.627380746589850213e+00
6.379999999999999716e+01,2.970012631417224061e-02,6.011828852877185714e-01,1.626598137894197826e+00
6.382000000000000028e+01,2.947859769422501650e-02,6.051767461082666610e-01,1.625815529198545883e+00
6.384000000000000341e+01,2.926019477200616711e-02,6.091707790759486318e-01,1.625032920502893719e+00
6.385999999999999943e+01,2.904491768128288423e-02,6.131649817445139483e-01,1.624250311807241554e+00
6.388000000000000256e+01,2.883276655390723184e-02,6.171593516676079361e-01,1.623467703111589611e+00
6.389999999999999858e+01,2.862374151981670126e-02,6.211538863987734471e-01,1.622685094415937224e+00
6.392000000000000171e+01,2.841784270703421808e-02,6.251485834914526363e-01,1.621902485720285059e+00
6.393999999999999773e+01,2.821507024166813871e-02,6.291434404989878493e-01,1.621119877024632894e+00
6.396000000000000085e+01,2.801542424791168828e-02,6.331384549746238433e-01,1.620337268328980729e+00
6.397999999999999687e+01,2.781890484804239172e-02,6.371336244715087860e-01,1.619554659633328564e+00
6.400000000000000000e+01,2.762551216242546681e-02,6.411289465426958101e-01,1.618772050937676399e+00
6.401999999999999602e+01,2.743524630950760351e-02,6.451244187411446784e-01,1.617989442242024456e+00
6.404000000000000625e+01,2.726512003343137605e-02,6.487568004489433493e-01,1.617206833546372069e+00
6.406000000000000227e+01,2.709783654267372208e-02,6.523893141866575762e-01,1.616424224850719682e+00
6.407999999999999829e+01,2.693339593969344345e-02,6.560219577294585935e-01,1.615641616155067739e+00
6.409999999999999432e+01,2.677179832520521982e-02,6.596547288524381436e-01,1.614859007459415796e+00
6.412000000000000455e+01,2.661304379818475729e-02,6.632876253306099201e-01,1.614076398763763187e+00
6.414000000000000057e+01,2.644154132163266738e-02,6.672839468997407986e-01,1.613293790068111244e+00
6.415999999999999659e+01,2.627316645329286909e-02,6.712804014643612982e-01,1.612511181372459079e+00
6.418000000000000682e+01,2.610791929629040567e-02,6.752769865767375146e-01,1.611728572676806914e+00
6.420000000000000284e+01,2.594579995183517868e-02,6.792736997890556072e-01,1.610945963981154749e+00
6.421999999999999886e+01,2.578680851922252742e-02,6.832705386534233538e-01,1.610163355285502584e+00
6.423999999999999488e+01,2.563094509582981503e-02,6.872675007218714827e-01,1.609380746589850641e+00
6.426000000000000512e+01,2.547820977711983889e-02,6.912645835463552269e-01,1.608598137894198254e+00
6.428000000000000114e+01,2.532860265663969962e-02,6.952617846787559897e-01,1.607815529198546090e+00
6.429999999999999716e+01,2.518212382602021820e-02,6.992591016708826768e-01,1.607032920502893925e+00
6.431999999999999318e+01,2.505180523416231445e-02,7.028931293105104006e-01,1.606250311807241538e+00
6.434000000000000341e+01,2.492433070355305064e-02,7.065272578257130176e-01,1.605467703111589595e+00
6.435999999999999943e+01,2.479970031226853486e-02,7.101614849906726645e-01,1.604685094415937208e+00
6.437999999999999545e+01,2.467791413664126646e-02,7.137958085795111929e-01,1.603902485720285265e+00
6.440000000000000568e+01,2.455897225126323080e-02,7.174302263662915013e-01,1.603119877024633322e+00
6.442000000000000171e+01,2.443126497675418562e-02,7.214281871008912939e-01,1.602337268328980935e+00
6.443999999999999773e+01,2.430668657987057613e-02,7.254262465559762063e-01,1.601554659633328770e+00
6.445999999999999375e+01,2.418523713691363847e-02,7.294244022828295648e-01,1.600772050937676827e+00
6.448000000000000398e+01,2.406691672226833958e-02,7.334226518326754096e-01,1.599989442242024440e+00
6.450000000000000000e+01,2.395172540840281167e-02,7.374209927566806044e-01,1.599206833546372497e+00
6.451999999999999602e+01,2.384985073337199737e-02,7.410559289832944208e-01,1.598424224850720110e+00
6.454000000000000625e+01,2.375082082194774832e-02,7.446909438247504287e-01,1.597641616155067945e+00
6.456000000000000227e+01,2.365463573478399084e-02,7.483260350546880879e-01,1.596859007459415780e+00
6.457999999999999829e+01,2.356129553079104599e-02,7.519612004467000066e-01,1.596076398763763615e+00
6.459999999999999432e+01,2.347080026713820045e-02,7.555964377743333849e-01,1.595293790068111672e+00
6.462000000000000455e+01,2.337438497246241767e-02,7.595952755147671320e-01,1.594511181372459285e+00
6.464000000000000057e+01,2.328109923218209601e-02,7.635941874860444623e-01,1.593728572676807120e+00
6.465999999999999659e+01,2.319094310343123092e-02,7.675931712389263417e-01,1.592945963981154955e+00
6.468000000000000682e+01,2.310391664142869353e-02,7.715922243241298828e-01,1.592163355285502790e+00
6.470000000000000284e+01,2.302001989947707883e-02,7.755913442923296763e-01,1.591380746589850625e+00
6.471999999999999886e+01,2.293820966436770428e-02,7.795905075791541572e-01,1.591119877024633089e+00
6.473999999999999488e+01,2.285744269201821569e-02,7.835896920717014824e-01,1.590859007459416219e+00
6.476000000000000512e+01,2.277771898792547295e-02,7.875888974978153545e-01,1.590598137894198905e+00
6.478000000000000114e+01,2.269903855751484109e-02,7.915881235853382547e-01,1.590337268328981590e+00
6.479999999999999716e+01,2.262140140613848327e-02,7.955873700621109990e-01,1.590076398763763832e+00
6.481999999999999318e+01,2.255177061790547208e-02,7.992230669656221753e-01,1.589815529198546962e+00
6.484000000000000341e+01,2.248308827470211352e-02,8.028587819099767264e-01,1.589554659633329425e+00
6.485999999999999943e+01,2.241535438120210999e-02,8.064945146477534577e-01,1.589293790068112111e+00
6.487999999999999545e+01,2.234856894201416380e-02,8.101302649315302862e-01,1.589032920502895019e+00
6.490000000000000568e+01,2.228273196168353149e-02,8.137660325138835749e-01,1.588772050937677482e+00
6.492000000000000171e+01,2.221135459299115530e-02,8.177653956107393540e-01,1.588511181372460390e+00
6.493999999999999773e+01,2.214102053882858676e-02,8.217647771916939403e-01,1.588250311807242854e+00
6.495999999999999375e+01,2.207172980398110912e-02,8.257641769845776025e-01,1.587989442242025317e+00
6.498000000000000398e+01,2.200348239316591084e-02,8.297635947172194992e-01,1.587728572676808225e+00
6.500000000000000000e+01,2.193627831102527848e-02,8.337630301174474567e-01,1.587467703111590689e+00
6.501999999999999602e+01,2.186803090175750905e-02,8.377624477593664798e-01,1.588250311807243298e+00
6.504000000000000625e+01,2.179665353468462907e-02,8.417618107655006066e-01,1.589032920502895241e+00
6.506000000000000227e+01,2.172214625352391487e-02,8.457611166863346908e-01,1.589815529198547628e+00
6.507999999999999829e+01,2.164450910391004998e-02,8.497603630723884471e-01,1.590598137894199349e+00
6.509999999999999432e+01,2.156374213339284918e-02,8.537595474742181167e-01,1.591380746589851736e+00
6.512000000000000455e+01,2.148088864109195043e-02,8.577586892831650101e-01,1.591641616155069050e+00
6.514000000000000057e+01,2.139699189723598405e-02,8.617578093420810159e-01,1.591902485720286586e+00
6.515999999999999659e+01,2.131205190753630505e-02,8.657569073788141667e-01,1.592163355285503679e+00
6.518000000000000682e+01,2.122606867777406675e-02,8.697559831212142711e-01,1.592424224850721215e+00
6.520000000000000284e+01,2.113904221379681383e-02,8.737550362971324702e-01,1.592685094415938085e+00
6.521999999999999886e+01,2.105097252153039639e-02,8.777540666344213482e-01,1.592945963981155622e+00
6.523999999999999488e+01,2.096185960696706277e-02,8.817530738609353769e-01,1.593206833546373158e+00
6.526000000000000512e+01,2.087170347617055277e-02,8.857520577045303600e-01,1.593467703111590250e+00
6.528000000000000114e+01,2.078050413527780804e-02,8.897510178930636560e-01,1.593728572676807564e+00
6.529999999999999716e+01,2.068826159049556856e-02,8.937499541543942883e-01,1.593989442242025101e+00
6.531999999999999318e+01,2.060345637013474840e-02,8.973853287562022496e-01,1.594250311807242415e+00
6.534000000000000341e+01,2.051770279407854128e-02,9.010206811112105862e-01,1.594511181372459507e+00
6.535999999999999943e+01,2.043100086816133573e-02,9.046560109720228615e-01,1.594772050937676822e+00
6.537999999999999545e+01,2.034335059828716250e-02,9.082913180912441931e-01,1.595032920502893914e+00
6.540000000000000568e+01,2.025475199041731553e-02,9.119266022214813638e-01,1.595293790068111672e+00
6.542000000000000171e+01,2.015625035659927150e-02,9.159253892047287682e-01,1.595554659633328765e+00
6.543999999999999773e+01,2.005670556432213175e-02,9.199241503558334143e-01,1.595815529198545857e+00
6.545999999999999375e+01,1.995611762036291967e-02,9.239228854026679816e-01,1.596076398763763171e+00
6.548000000000000398e+01,1.985448653156334994e-02,9.279215940731069256e-01,1.596337268328980707e+00
6.550000000000000000e+01,1.975181230484344269e-02,9.319202760950262565e-01,1.596598137894197800e+00
6.551999999999999602e+01,1.964861651148431393e-02,9.359189447019794494e-01,1.596598137894197800e+00
6.554000000000000625e+01,1.954542071812518517e-02,9.399176133089326424e-01,1.596598137894197800e+00
6.556000000000000227e+01,1.944222492476605640e-02,9.439162819158858353e-01,1.596598137894197800e+00
6.557999999999999829e+01,1.933902913140692764e-02,9.479149505228390282e-01,1.596598137894197800e+00
6.559999999999999432e+01,1.923583333804779888e-02,9.519136191297922212e-01,1.596598137894197800e+00
6.562000000000000455e+01,1.913263754468867012e-02,9.559122877367454141e-01,1.596598137894197800e+00
6.564000000000000057e+01,1.902944175132954135e-02,9.599109563436986070e-01,1.596598137894197800e+00
6.565999999999999659e+01,1.892624595797041259e-02,9.639096249506517999e-01,1.596598137894197800e+00
6.568000000000000682e+01,1.882305016461128383e-02,9.679082935576049929e-01,1.596598137894197800e+00
6.570000000000000284e+01,1.871985437125215507e-02,9.719069621645581858e-01,1.596598137894197800e+00
6.571999999999999886e+01,1.861665857789302631e-02,9.759056307715113787e-01,1.596598137894197800e+00
6.573999999999999488e+01,1.851346278453389754e-02,9.799042993784645716e-01,1.596598137894197800e+00
6.576000000000000512e+01,1.841026699117476878e-02,9.839029679854177646e-01,1.596598137894197800e+00
6.578000000000000114e+01,1.830707119781564002e-02,9.879016365923709575e-01,1.596598137894197800e+00
6.579999999999999716e+01,1.820387540445651126e-02,9.919003051993241504e-01,1.596598137894197800e+00
6.581999999999999318e+01,1.811006104685730297e-02,9.955354584783725480e-01,1.596598137894197800e+00
6.584000000000000341e+01,1.801624668925809469e-02,9.991706117574209456e-01,1.596598137894197800e+00
6.585999999999999943e+01,1.792243233165888641e-02,1.002805765036469232e+00,1.596598137894197800e+00
6.587999999999999545e+01,1.782861797405967813e-02,1.006440918315517630e+00,1.596598137894197800e+00
6.590000000000000568e+01,1.773480361646046985e-02,1.010076071594566027e+00,1.596598137894197800e+00
6.592000000000000171e+01,1.763160782310134109e-02,1.014074740201519109e+00,1.596598137894197800e+00
6.593999999999999773e+01,1.752841202974221232e-02,1.018073408808472191e+00,1.596598137894197800e+00
6.595999999999999375e+01,1.742521623638308356e-02,1.022072077415425273e+00,1.596598137894197800e+00
6.598000000000000398e+01,1.732202044302395480e-02,1.026070746022378355e+00,1.596598137894197800e+00
6.600000000000000000e+01,1.721882464966482604e-02,1.030069414629331437e+00,1.596598137894197800e+00
6.601999999999999602e+01,1.711562885630569728e-02,1.034068083236284519e+00,1.596598137894197800e+00
6.604000000000000625e+01,1.701243306294656851e-02,1.038066751843237601e+00,1.596598137894197800e+00
6.606000000000000227e+01,1.690923726958743975e-02,1.042065420450190683e+00,1.596598137894197800e+00
6.607999999999999829e+01,1.680604147622831099e-02,1.046064089057143764e+00,1.596598137894197800e+00
6.609999999999999432e+01,1.670284568286918223e-02,1.050062757664096846e+00,1.596598137894197800e+00
6.612000000000000455e+01,1.660017145614927497e-02,1.054061439686016177e+00,1.596337268328980707e+00
6.614000000000000057e+01,1.649854036734970525e-02,1.058060148356455121e+00,1.596076398763763171e+00
6.615999999999999659e+01,1.639795242339049317e-02,1.062058883403289800e+00,1.595815529198545857e+00
6.618000000000000682e+01,1.629840763111335342e-02,1.066057644554394335e+00,1.595554659633328765e+00
6.620000000000000284e+01,1.619990599729530939e-02,1.070056431537641739e+00,1.595293790068111672e+00
6.621999999999999886e+01,1.610244752863847911e-02,1.074055244080902582e+00,1.595032920502893914e+00
6.623999999999999488e+01,1.600603223177688925e-02,1.078054081912046103e+00,1.594772050937676822e+00
6.626000000000000512e+01,1.591066011326796453e-02,1.082052944758939539e+00,1.594511181372459507e+00
6.628000000000000114e+01,1.581633117960613497e-02,1.086051832349448576e+00,1.594250311807242415e+00
6.629999999999999716e+01,1.572304543720923209e-02,1.090050744411437345e+00,1.593989442242025101e+00
6.631999999999999318e+01,1.563918857831628553e-02,1.093686141012647051e+00,1.593728572676807564e+00
6.634000000000000341e+01,1.555628008659560788e-02,1.097321559365859178e+00,1.593467703111590250e+00
6.635999999999999943e+01,1.547431996768968906e-02,1.100956999223672739e+00,1.593206833546373158e+00
6.637999999999999545e+01,1.539330822717756633e-02,1.104592460338685411e+00,1.592945963981155622e+00
6.640000000000000568e+01,1.531324487057173292e-02,1.108227942463493543e+00,1.592685094415938085e+00
6.642000000000000171e+01,1.522621840659447827e-02,1.112226995639411742e+00,1.592424224850721215e+00
6.643999999999999773e+01,1.514023517683223824e-02,1.116226071381811735e+00,1.592163355285503679e+00
6.645999999999999375e+01,1.505529518713255750e-02,1.120225169418544997e+00,1.591902485720286586e+00
6.648000000000000398e+01,1.497139844327658939e-02,1.124224289477461003e+00,1.591641616155069050e+00
6.650000000000000000e+01,1.488854495097569237e-02,1.128223431286407896e+00,1.591380746589851736e+00
6.651999999999999602e+01,1.480673471586631956e-02,1.132222594573232488e+00,1.591119877024634421e+00
6.654000000000000625e+01,1.472596774351683097e-02,1.136221779065779813e+00,1.590859007459417107e+00
6.656000000000000227e+01,1.464624403942408996e-02,1.140220984491893796e+00,1.590598137894199793e+00
6.657999999999999829e+01,1.456756360901345984e-02,1.144220210579416586e+00,1.590337268328982478e+00
6.659999999999999432e+01,1.448992645763710375e-02,1.148219457056189441e+00,1.590076398763765164e+00
6.662000000000000455e+01,1.441333259058249529e-02,1.152218723650051624e+00,1.589815529198547850e+00
6.664000000000000057e+01,1.433778201305880087e-02,1.156218010088841508e+00,1.589554659633330758e+00
6.665999999999999659e+01,1.426327473020709384e-02,1.160217316100395912e+00,1.589293790068113221e+00
6.668000000000000682e+01,1.418981074710035442e-02,1.164216641412550324e+00,1.589032920502895907e+00
6.670000000000000284e+01,1.411739006873665749e-02,1.168215985753138897e+00,1.588772050937678593e+00
6.671999999999999886e+01,1.404601270004598480e-02,1.172215348849994676e+00,1.588511181372461278e+00
6.673999999999999488e+01,1.397567864588171449e-02,1.176214730430949151e+00,1.588250311807243964e+00
6.676000000000000512e+01,1.390638791103593862e-02,1.180214130223832703e+00,1.587989442242026650e+00
6.678000000000000114e+01,1.383814050021903684e-02,1.184213547956474599e+00,1.587728572676809335e+00
6.679999999999999716e+01,1.377093641807840274e-02,1.188212983356702557e+00,1.587467703111592021e+00
6.681999999999999318e+01,1.371079028272215346e-02,1.191848849534557830e+00,1.587206833546374707e+00
6.684000000000000341e+01,1.365159263623086199e-02,1.195484731278993351e+00,1.586945963981157393e+00
6.685999999999999943e+01,1.359334348263134019e-02,1.199120628342577044e+00,1.586685094415940300e+00
6.687999999999999545e+01,1.353604282589159283e-02,1.202756540477875058e+00,1.586424224850722764e+00
6.690000000000000568e+01,1.347969066990688768e-02,1.206392467437453098e+00,1.586163355285505228e+00
6.692000000000000171e+01,1.341874665337606728e-02,1.210392003127517935e+00,1.585902485720288135e+00
6.693999999999999773e+01,1.335884599604280319e-02,1.214391554579931531e+00,1.585641616155070821e+00
6.695999999999999375e+01,1.329998870198590907e-02,1.218391121522512943e+00,1.585380746589853729e+00
6.698000000000000398e+01,1.324217477520758975e-02,1.222390703683079671e+00,1.585119877024636414e+00
6.700000000000000000e+01,1.318540421964536219e-02,1.226390300789448551e+00,1.584859007459418656e+00
6.701999999999999602e+01,1.312967703916013799e-02,1.230389912569435307e+00,1.584598137894201564e+00
6.704000000000000625e+01,1.307499323754473392e-02,1.234389538750854554e+00,1.584337268328984472e+00
6.706000000000000227e+01,1.302135281852217358e-02,1.238389179061520018e+00,1.584076398763767157e+00
6.707999999999999829e+01,1.296875578574227701e-02,1.242388833229244538e+00,1.583815529198549621e+00
6.709999999999999432e+01,1.291720214278336762e-02,1.246388500981839842e+00,1.583554659633332307e+00
6.712000000000000455e+01,1.287128373402937273e-02,1.250024574677546241e+00,1.583293790068114770e+00
6.714000000000000057e+01,1.282631386779196393e-02,1.253660660228245183e+00,1.583032920502897678e+00
6.715999999999999659e+01,1.278229254712916554e-02,1.257296757386490160e+00,1.582772050937680586e+00
6.718000000000000682e+01,1.273921977504019649e-02,1.260932865904834221e+00,1.582511181372463049e+00
6.720000000000000284e+01,1.269709555445308440e-02,1.264568985535829748e+00,1.582250311807245735e+00
6.721999999999999886e+01,1.265180232161374277e-02,1.268568729081647639e+00,1.581989442242028421e+00
6.723999999999999488e+01,1.260755250166552613e-02,1.272568484306994208e+00,1.581728572676811106e+00
6.726000000000000512e+01,1.256434609761647274e-02,1.276568250939674520e+00,1.581467703111593792e+00
6.728000000000000114e+01,1.252218311240823126e-02,1.280568028707492534e+00,1.581206833546376478e+00
6.729999999999999716e+01,1.248106354890924675e-02,1.284567817338251761e+00,1.580945963981159386e+00
6.731999999999999318e+01,1.244415641099608574e-02,1.288203993675977710e+00,1.580945963981159386e+00
6.734000000000000341e+01,1.240724927308292473e-02,1.291840170013703659e+00,1.580945963981159386e+00
6.735999999999999943e+01,1.237034213516976372e-02,1.295476346351429608e+00,1.580945963981159386e+00
6.737999999999999545e+01,1.233343499725660271e-02,1.299112522689155558e+00,1.580945963981159386e+00
6.740000000000000568e+01,1.229652785934344170e-02,1.302748699026881507e+00,1.580945963981159386e+00
6.742000000000000171e+01,1.225645172035406613e-02,1.306748498248384571e+00,1.580685094415941849e+00
6.743999999999999773e+01,1.221741900859974958e-02,1.310748307788433431e+00,1.580424224850724757e+00
6.745999999999999375e+01,1.217942972673784728e-02,1.314748127374829378e+00,1.580163355285507221e+00
6.748000000000000398e+01,1.214248387735251608e-02,1.318747956735373039e+00,1.579902485720289906e+00
6.750000000000000000e+01,1.210658146295981626e-02,1.322747795597864151e+00,1.579641616155072370e+00
6.751999999999999602e+01,1.207172248600090619e-02,1.326747643690102008e+00,1.579380746589855278e+00
6.754000000000000625e+01,1.203790694884884944e-02,1.330747500739885236e+00,1.579119877024638186e+00
6.756000000000000227e+01,1.200513485380521467e-02,1.334747366475011798e+00,1.578859007459420871e+00
6.757999999999999829e+01,1.197340620310177045e-02,1.338747240623279211e+00,1.578598137894203557e+00
6.759999999999999432e+01,1.194272099889368173e-02,1.342747122912484325e+00,1.578337268328986021e+00
6.762000000000000455e+01,1.191529965320635605e-02,1.346383383156975810e+00,1.578337268328986021e+00
6.764000000000000057e+01,1.188787830751903037e-02,1.350019643401467295e+00,1.578337268328986021e+00
6.765999999999999659e+01,1.186045696183170468e-02,1.353655903645958780e+00,1.578337268328986021e+00
6.768000000000000682e+01,1.183303561614437900e-02,1.357292163890450265e+00,1.578337268328986021e+00
6.770000000000000284e+01,1.180561427045705332e-02,1.360928424134941750e+00,1.578337268328986021e+00
6.771999999999999886e+01,1.177545079020099472e-02,1.364928310403882294e+00,1.578337268328986021e+00
6.773999999999999488e+01,1.174528730994493612e-02,1.368928196672822839e+00,1.578337268328986021e+00
6.776000000000000512e+01,1.171512382968887753e-02,1.372928082941763384e+00,1.578337268328986021e+00
6.778000000000000114e+01,1.168496034943281893e-02,1.376927969210703928e+00,1.578337268328986021e+00
6.779999999999999716e+01,1.165479686917676033e-02,1.380927855479644473e+00,1.578337268328986021e+00
6.781999999999999318e+01,1.162515511355620597e-02,1.384927745637583474e+00,1.578076398763768706e+00
6.784000000000000341e+01,1.159655680853875943e-02,1.388927643392052103e+00,1.577815529198551170e+00
6.785999999999999943e+01,1.156900195607019760e-02,1.392927548470845656e+00,1.577554659633334300e+00
6.787999999999999545e+01,1.154249055802650074e-02,1.396927460601758986e+00,1.577293790068116541e+00
6.790000000000000568e+01,1.151702261621215077e-02,1.400927379512586057e+00,1.577032920502899449e+00
6.792000000000000171e+01,1.149259813235842947e-02,1.404927304931121057e+00,1.576772050937682135e+00
6.793999999999999773e+01,1.146921710813022903e-02,1.408927236585157061e+00,1.576511181372465042e+00
6.795999999999999375e+01,1.144687954511583276e-02,1.412927174202487146e+00,1.576250311807247284e+00
6.798000000000000398e+01,1.142558544483713440e-02,1.416927117510903722e+00,1.575989442242030192e+00
6.800000000000000000e+01,1.140533480874282753e-02,1.420927066238198977e+00,1.575728572676813100e+00
6.801999999999999602e+01,1.138560590520639078e-02,1.424927017584198818e+00,1.575728572676813100e+00
6.804000000000000625e+01,1.136587700166995403e-02,1.428926968930198660e+00,1.575728572676813100e+00
6.806000000000000227e+01,1.134614809813351728e-02,1.432926920276198501e+00,1.575728572676813100e+00
6.807999999999999829e+01,1.132641919459708053e-02,1.436926871622198343e+00,1.575728572676813100e+00
6.809999999999999432e+01,1.130669029106064379e-02,1.440926822968198184e+00,1.575728572676813100e+00
6.812000000000000455e+01,1.128875492420933907e-02,1.444563142373652465e+00,1.575728572676813100e+00
6.814000000000000057e+01,1.127081955735803435e-02,1.448199461779106745e+00,1.575728572676813100e+00
6.815999999999999659e+01,1.125288419050672964e-02,1.451835781184561025e+00,1.575728572676813100e+00
6.818000000000000682e+01,1.123494882365542492e-02,1.455472100590015305e+00,1.575728572676813100e+00
6.820000000000000284e+01,1.121701345680412021e-02,1.459108419995469585e+00,1.575728572676813100e+00
6.821999999999999886e+01,1.119728455326768346e-02,1.463108371341469427e+00,1.575728572676813100e+00
6.823999999999999488e+01,1.117755564973124671e-02,1.467108322687469268e+00,1.575728572676813100e+00
6.826000000000000512e+01,1.115782674619480996e-02,1.471108274033469110e+00,1.575728572676813100e+00
6.828000000000000114e+01,1.113809784265837322e-02,1.475108225379468951e+00,1.575728572676813100e+00
6.829999999999999716e+01,1.111836893912193647e-02,1.479108176725468793e+00,1.575728572676813100e+00
6.831999999999999318e+01,1.109916176859091809e-02,1.483108130599434471e+00,1.575467703111595563e+00
6.834000000000000341e+01,1.108099806492888507e-02,1.487108089347862094e+00,1.575206833546378249e+00
6.835999999999999943e+01,1.106387782937343946e-02,1.491108052698542741e+00,1.574945963981160935e+00
6.837999999999999545e+01,1.104780106308898315e-02,1.495108020379267044e+00,1.574685094415943620e+00
6.840000000000000568e+01,1.103276776716841968e-02,1.499107992117825638e+00,1.574424224850726306e+00
6.842000000000000171e+01,1.101825620677781593e-02,1.503107965794565848e+00,1.574424224850726306e+00
6.843999999999999773e+01,1.100374464638721218e-02,1.507107939471306057e+00,1.574424224850726306e+00
6.845999999999999375e+01,1.098923308599660843e-02,1.511107913148046267e+00,1.574424224850726306e+00
6.848000000000000398e+01,1.097472152560600468e-02,1.515107886824786476e+00,1.574424224850726306e+00
6.850000000000000000e+01,1.096020996521540093e-02,1.519107860501526686e+00,1.574424224850726306e+00
6.851999999999999602e+01,1.094569840482479718e-02,1.523107834178266895e+00,1.574424224850726306e+00
6.854000000000000625e+01,1.093118684443419343e-02,1.527107807855007104e+00,1.574424224850726306e+00
6.856000000000000227e+01,1.091667528404358968e-02,1.531107781531747314e+00,1.574424224850726306e+00
6.857999999999999829e+01,1.090216372365298593e-02,1.535107755208487523e+00,1.574424224850726306e+00
6.859999999999999432e+01,1.088765216326238218e-02,1.539107728885227733e+00,1.574424224850726306e+00
6.862000000000000455e+01,1.087493414096069033e-02,1.542744070270848589e+00,1.574163355285508770e+00
6.864000000000000057e+01,1.086316472987746383e-02,1.546380414850482499e+00,1.573902485720291677e+00
6.865999999999999659e+01,1.085234393081280398e-02,1.550016762376665636e+00,1.573641616155074363e+00
6.868000000000000682e+01,1.084247174450335936e-02,1.553653112601933728e+00,1.573380746589857049e+00
6.870000000000000284e+01,1.083354817162232933e-02,1.557289465278822727e+00,1.573119877024639734e+00
6.871999999999999886e+01,1.082477571689177166e-02,1.561289455647972613e+00,1.572859007459422198e+00
6.873999999999999488e+01,1.081704673819390561e-02,1.565289448169483233e+00,1.572598137894205328e+00
6.876000000000000512e+01,1.081036123605986186e-02,1.569289442571143667e+00,1.572337268328987570e+00
6.878000000000000114e+01,1.080471921094076047e-02,1.573289438580742328e+00,1.572076398763770699e+00
6.879999999999999716e+01,1.080012066322133188e-02,1.577289435926068073e+00,1.571815529198553163e+00
6.881999999999999318e+01,1.079604385431251999e-02,1.581289433848521275e+00,1.571815529198553163e+00
6.884000000000000341e+01,1.079196704540370810e-02,1.585289431770974478e+00,1.571815529198553163e+00
6.885999999999999943e+01,1.078789023649489622e-02,1.589289429693427680e+00,1.571815529198553163e+00
6.887999999999999545e+01,1.078381342758608433e-02,1.593289427615880882e+00,1.571815529198553163e+00
6.890000000000000568e+01,1.077973661867727244e-02,1.597289425538334084e+00,1.571815529198553163e+00
6.892000000000000171e+01,1.077565980976846055e-02,1.601289423460787287e+00,1.571815529198553163e+00
6.893999999999999773e+01,1.077158300085964866e-02,1.605289421383240489e+00,1.571815529198553163e+00
6.895999999999999375e+01,1.076750619195083677e-02,1.609289419305693691e+00,1.571815529198553163e+00
6.898000000000000398e+01,1.076342938304202489e-02,1.613289417228146894e+00,1.571815529198553163e+00
6.900000000000000000e+01,1.075935257413321300e-02,1.617289415150600096e+00,1.571815529198553163e+00
6.901999999999999602e+01,1.075527576522440111e-02,1.621289413073053298e+00,1.571815529198553163e+00
6.904000000000000625e+01,1.075119895631558922e-02,1.625289410995506501e+00,1.571815529198553163e+00
6.906000000000000227e+01,1.074712214740677733e-02,1.629289408917959703e+00,1.571815529198553163e+00
6.907999999999999829e+01,1.074304533849796545e-02,1.633289406840412905e+00,1.571815529198553163e+00
6.909999999999999432e+01,1.073896852958915356e-02,1.637289404762866107e+00,1.571815529198553163e+00
6.912000000000000455e+01,1.073526233967205153e-02,1.640925766510550776e+00,1.571815529198553163e+00
6.914000000000000057e+01,1.073155614975494949e-02,1.644562128258235445e+00,1.571815529198553163e+00
6.915999999999999659e+01,1.072784995983784746e-02,1.648198490005920114e+00,1.571815529198553163e+00
6.918000000000000682e+01,1.072414376992074543e-02,1.651834851753604783e+00,1.571815529198553163e+00
6.920000000000000284e+01,1.072043758000364340e-02,1.655471213501289451e+00,1.571815529198553163e+00
6.921999999999999886e+01,1.071636077109483151e-02,1.659471211423742654e+00,1.571815529198553163e+00
6.923999999999999488e+01,1.071228396218601962e-02,1.663471209346195856e+00,1.571815529198553163e+00
6.926000000000000512e+01,1.070820715327720773e-02,1.667471207268649058e+00,1.571815529198553163e+00
6.928000000000000114e+01,1.070413034436839585e-02,1.671471205191102261e+00,1.571815529198553163e+00
6.929999999999999716e+01,1.070005353545958396e-02,1.675471203113555463e+00,1.571815529198553163e+00
6.931999999999999318e+01,1.069649846545305850e-02,1.679471201522396484e+00,1.571554659633335627e+00
6.934000000000000341e+01,1.069398687340286994e-02,1.683471200722541194e+00,1.571293790068118534e+00
6.935999999999999943e+01,1.069251875947755184e-02,1.687471200441778008e+00,1.571032920502901220e+00
6.937999999999999545e+01,1.069209412377754125e-02,1.691471200407895337e+00,1.570772050937683906e+00
6.940000000000000568e+01,1.069271296633177853e-02,1.695471200348681151e+00,1.570511181372466591e+00
6.942000000000000171e+01,1.069385354800604301e-02,1.699471200186065234e+00,1.570511181372466591e+00
6.943999999999999773e+01,1.069499412968030749e-02,1.703471200023449317e+00,1.570511181372466591e+00
6.945999999999999375e+01,1.069613471135457197e-02,1.707471199860833400e+00,1.570511181372466591e+00
6.948000000000000398e+01,1.069727529302883645e-02,1.711471199698217482e+00,1.570511181372466591e+00
6.950000000000000000e+01,1.069841587470310093e-02,1.715471199535601565e+00,1.570511181372466591e+00
6.951999999999999602e+01,1.069955645637736541e-02,1.719471199372985648e+00,1.570511181372466591e+00
6.954000000000000625e+01,1.070069703805162989e-02,1.723471199210369731e+00,1.570511181372466591e+00
6.956000000000000227e+01,1.070183761972589437e-02,1.727471199047753814e+00,1.570511181372466591e+00
6.957999999999999829e+01,1.070297820140015885e-02,1.731471198885137897e+00,1.570511181372466591e+00
6.959999999999999432e+01,1.070411878307442333e-02,1.735471198722521979e+00,1.570511181372466591e+00
6.962000000000000455e+01,1.070562998377226800e-02,1.739107562034560850e+00,1.570250311807249277e+00
6.964000000000000057e+01,1.070808980092405327e-02,1.742743924828640933e+00,1.569989442242032185e+00
6.965999999999999659e+01,1.071149823436264026e-02,1.746380286857297071e+00,1.569728572676814871e+00
6.968000000000000682e+01,1.071585528385589174e-02,1.750016647873064102e+00,1.569467703111597334e+00
6.970000000000000284e+01,1.072116094910667214e-02,1.753653007628477090e+00,1.569206833546380020e+00
6.971999999999999886e+01,1.072751891942351488e-02,1.757653002575500611e+00,1.569206833546380020e+00
6.973999999999999488e+01,1.073387688974035761e-02,1.761652997522524133e+00,1.569206833546380020e+00
6.976000000000000512e+01,1.074023486005720035e-02,1.765652992469547655e+00,1.569206833546380020e+00
6.978000000000000114e+01,1.074659283037404309e-02,1.769652987416571177e+00,1.569206833546380020e+00
6.979999999999999716e+01,1.075295080069088582e-02,1.773652982363594699e+00,1.569206833546380020e+00
6.981999999999999318e+01,1.075930877100772856e-02,1.777652977310618221e+00,1.569206833546380020e+00
6.984000000000000341e+01,1.076566674132457130e-02,1.781652972257641743e+00,1.569206833546380020e+00
6.985999999999999943e+01,1.077202471164141404e-02,1.785652967204665265e+00,1.569206833546380020e+00
6.987999999999999545e+01,1.077838268195825677e-02,1.789652962151688786e+00,1.569206833546380020e+00
6.990000000000000568e+01,1.078474065227509951e-02,1.793652957098712308e+00,1.569206833546380020e+00
6.992000000000000171e+01,1.079052062529041109e-02,1.797289316141460924e+00,1.569206833546380020e+00
6.993999999999999773e+01,1.079630059830572267e-02,1.800925675184209540e+00,1.569206833546380020e+00
6.995999999999999375e+01,1.080208057132103425e-02,1.804562034226958156e+00,1.569206833546380020e+00
6.998000000000000398e+01,1.080786054433634583e-02,1.808198393269706772e+00,1.569206833546380020e+00
7.000000000000000000e+01,1.081364051735165741e-02,1.811834752312455388e+00,1.569206833546380020e+00
7.001999999999999602e+01,1.081999848766850014e-02,1.815834747259478910e+00,1.569206833546380020e+00
7.004000000000000625e+01,1.082635645798534288e-02,1.819834742206502431e+00,1.569206833546380020e+00
7.006000000000000227e+01,1.083271442830218562e-02,1.823834737153525953e+00,1.569206833546380020e+00
7.007999999999999829e+01,1.083907239861902835e-02,1.827834732100549475e+00,1.569206833546380020e+00
7.009999999999999432e+01,1.084543036893587109e-02,1.831834727047572997e+00,1.569206833546380020e+00
7.012000000000000455e+01,1.085168464958513948e-02,1.835471085295166782e+00,1.568945963981162706e+00
7.014000000000000057e+01,1.085888754520421620e-02,1.839107441787476871e+00,1.568685094415945391e+00
7.015999999999999659e+01,1.086703905530561100e-02,1.842743796277038326e+00,1.568424224850728299e+00
7.018000000000000682e+01,1.087613917933374398e-02,1.846380148516386654e+00,1.568163355285510985e+00
7.020000000000000284e+01,1.088618791666803171e-02,1.850016498258057362e+00,1.567902485720293448e+00
7.021999999999999886e+01,1.089776326481049079e-02,1.854016481509436653e+00,1.567902485720293448e+00
7.023999999999999488e+01,1.090933861295294988e-02,1.858016464760815945e+00,1.567902485720293448e+00
7.026000000000000512e+01,1.092091396109540896e-02,1.862016448012195236e+00,1.567902485720293448e+00
7.028000000000000114e+01,1.093248930923786805e-02,1.866016431263574527e+00,1.567902485720293448e+00
7.029999999999999716e+01,1.094406465738032713e-02,1.870016414514953818e+00,1.567902485720293448e+00
7.031999999999999318e+01,1.095564000552278622e-02,1.874016397766333109e+00,1.567902485720293448e+00
7.034000000000000341e+01,1.096721535366524530e-02,1.878016381017712400e+00,1.567902485720293448e+00
7.035999999999999943e+01,1.097879070180770439e-02,1.882016364269091691e+00,1.567902485720293448e+00
7.037999999999999545e+01,1.099036604995016347e-02,1.886016347520470982e+00,1.567902485720293448e+00
7.040000000000000568e+01,1.100194139809262256e-02,1.890016330771850273e+00,1.567902485720293448e+00
7.042000000000000171e+01,1.101246444185849556e-02,1.893652679182195042e+00,1.567902485720293448e+00
7.043999999999999773e+01,1.102298748562436856e-02,1.897289027592539812e+00,1.567902485720293448e+00
7.045999999999999375e+01,1.103351052939024156e-02,1.900925376002884581e+00,1.567902485720293448e+00
7.048000000000000398e+01,1.104403357315611456e-02,1.904561724413229351e+00,1.567902485720293448e+00
7.050000000000000000e+01,1.105455661692198756e-02,1.908198072823574121e+00,1.567902485720293448e+00
7.051999999999999602e+01,1.106613196506444664e-02,1.912198056074953412e+00,1.567902485720293448e+00
7.054000000000000625e+01,1.107770731320690573e-02,1.916198039326332703e+00,1.567902485720293448e+00
7.056000000000000227e+01,1.108928266134936481e-02,1.920198022577711994e+00,1.567902485720293448e+00
7.057999999999999829e+01,1.110085800949182390e-02,1.924198005829091285e+00,1.567902485720293448e+00
7.059999999999999432e+01,1.111243335763428298e-02,1.928197989080470576e+00,1.567902485720293448e+00
7.062000000000000455e+01,1.112400870577674207e-02,1.932197972331849867e+00,1.567902485720293448e+00
7.064000000000000057e+01,1.113558405391920116e-02,1.936197955583229158e+00,1.567902485720293448e+00
7.065999999999999659e+01,1.114715940206166024e-02,1.940197938834608449e+00,1.567902485720293448e+00
7.068000000000000682e+01,1.115873475020411933e-02,1.944197922085987740e+00,1.567902485720293448e+00
7.070000000000000284e+01,1.117031009834657841e-02,1.948197905337367031e+00,1.567902485720293448e+00
7.071999999999999886e+01,1.118188544648903750e-02,1.952197888588746322e+00,1.567902485720293448e+00
7.073999999999999488e+01,1.119346079463149658e-02,1.956197871840125613e+00,1.567902485720293448e+00
7.076000000000000512e+01,1.120503614277395567e-02,1.960197855091504904e+00,1.567902485720293448e+00
7.078000000000000114e+01,1.121661149091641475e-02,1.964197838342884195e+00,1.567902485720293448e+00
7.079999999999999716e+01,1.122818683905887384e-02,1.968197821594263486e+00,1.567902485720293448e+00
7.081999999999999318e+01,1.124028392401262878e-02,1.972197803290445250e+00,1.567641616155076134e+00
7.084000000000000341e+01,1.125342448203019152e-02,1.976197781694760458e+00,1.567380746589858820e+00
7.085999999999999943e+01,1.126760851221442726e-02,1.980197756534998854e+00,1.567119877024641728e+00
7.087999999999999545e+01,1.128283601360180986e-02,1.984197727538950629e+00,1.566859007459424191e+00
7.090000000000000568e+01,1.129910698515731657e-02,1.988197694434405971e+00,1.566598137894206877e+00
7.092000000000000171e+01,1.131200155717521430e-02,1.991834034950796806e+00,1.567902485720293893e+00
7.093999999999999773e+01,1.132015306672164677e-02,1.995470389192894878e+00,1.569206833546380908e+00
7.095999999999999375e+01,1.132356149992809653e-02,1.999106750974087188e+00,1.570511181372467924e+00
7.098000000000000398e+01,1.132222685099576812e-02,2.002743114107747857e+00,1.571815529198555161e+00
7.100000000000000000e+01,1.131614912219558629e-02,2.006379472407248343e+00,1.573119877024641955e+00
7.101999999999999602e+01,1.130528971750203657e-02,2.010379457564307693e+00,1.573902485720294120e+00
7.104000000000000625e+01,1.129129989328737926e-02,2.014379432997754904e+00,1.574685094415946285e+00
7.106000000000000227e+01,1.127417965812006762e-02,2.018379396257700353e+00,1.575467703111598450e+00
7.107999999999999829e+01,1.125392902248539308e-02,2.022379344894260633e+00,1.576250311807250615e+00
7.109999999999999432e+01,1.123054799878661983e-02,2.026379276457562106e+00,1.577032920502902558e+00
7.112000000000000455e+01,1.120612351493289853e-02,2.030379201876097106e+00,1.576772050937685465e+00
7.114000000000000057e+01,1.118274249070469809e-02,2.034379133530133110e+00,1.576511181372468151e+00
7.115999999999999659e+01,1.116040492769030182e-02,2.038379071147462973e+00,1.576250311807250837e+00
7.118000000000000682e+01,1.113911082741160345e-02,2.042379014455879549e+00,1.575989442242033300e+00
7.120000000000000284e+01,1.111886019131729658e-02,2.046378963183174804e+00,1.575728572676816208e+00
7.121999999999999886e+01,1.109965302078627820e-02,2.050378917057140704e+00,1.575467703111599116e+00
7.123999999999999488e+01,1.108148931712424519e-02,2.054378875805568327e+00,1.575206833546381802e+00
7.126000000000000512e+01,1.106436908156879957e-02,2.058378839156248752e+00,1.574945963981164265e+00
7.128000000000000114e+01,1.104829231528434326e-02,2.062378806836973055e+00,1.574685094415946951e+00
7.129999999999999716e+01,1.103325901936377980e-02,2.066378778575531427e+00,1.574424224850729637e+00
7.131999999999999318e+01,1.101926919483191963e-02,2.070378754099714502e+00,1.574163355285512322e+00
7.134000000000000341e+01,1.100632284264037135e-02,2.074378733137312025e+00,1.573902485720295008e+00
7.135999999999999943e+01,1.099441996366924516e-02,2.078378715416113298e+00,1.573641616155077694e+00
7.137999999999999545e+01,1.098356055872885643e-02,2.082378700663908511e+00,1.573380746589860379e+00
7.140000000000000568e+01,1.097374462855972392e-02,2.086378688608486520e+00,1.573119877024643065e+00
7.142000000000000171e+01,1.096576966971376209e-02,2.090015043489531710e+00,1.572859007459425529e+00
7.143999999999999773e+01,1.095874332544297461e-02,2.093651400327268597e+00,1.572598137894208437e+00
7.145999999999999375e+01,1.095266559623020788e-02,2.097287758874232466e+00,1.572337268328991122e+00
7.148000000000000398e+01,1.094753648248556963e-02,2.100924118882958602e+00,1.572076398763773808e+00
7.150000000000000000e+01,1.094335598455881652e-02,2.104560480105981846e+00,1.571815529198556716e+00
7.151999999999999602e+01,1.093980091455229106e-02,2.108560478514822645e+00,1.571554659633339179e+00
7.154000000000000625e+01,1.093728932250210249e-02,2.112560477714967355e+00,1.571293790068121865e+00
7.156000000000000227e+01,1.093582120857678440e-02,2.116560477434204390e+00,1.571032920502904329e+00
7.157999999999999829e+01,1.093539657287677380e-02,2.120560477400321719e+00,1.570772050937687458e+00
7.159999999999999432e+01,1.093601541543101109e-02,2.124560477341107756e+00,1.570511181372469922e+00
7.162000000000000455e+01,1.093767773619864006e-02,2.128560476984350469e+00,1.570250311807252608e+00
7.164000000000000057e+01,1.094038353506560438e-02,2.132560476057838716e+00,1.569989442242035294e+00
7.165999999999999659e+01,1.094413281184805110e-02,2.136560474289360467e+00,1.569728572676817979e+00
7.168000000000000682e+01,1.094892556629062721e-02,2.140560471406704135e+00,1.569467703111600887e+00
7.170000000000000284e+01,1.095476179806648478e-02,2.144560467137658133e+00,1.569206833546383351e+00
7.171999999999999886e+01,1.096164150678067932e-02,2.148560461210011319e+00,1.568945963981166258e+00
7.173999999999999488e+01,1.096956469196166267e-02,2.152560453351552106e+00,1.568685094415948722e+00
7.176000000000000512e+01,1.097853135307319712e-02,2.156560443290069795e+00,1.568424224850731408e+00
7.178000000000000114e+01,1.098854148950414306e-02,2.160560430753352801e+00,1.568163355285514093e+00
7.179999999999999716e+01,1.099959510057185903e-02,2.164560415469190424e+00,1.567902485720296557e+00
7.181999999999999318e+01,1.101169218552561398e-02,2.168560397165371967e+00,1.567641616155079243e+00
7.184000000000000341e+01,1.102483274354147322e-02,2.172560375569687174e+00,1.567380746589862150e+00
7.185999999999999943e+01,1.103901677372741072e-02,2.176560350409925793e+00,1.567119877024644614e+00
7.187999999999999545e+01,1.105424427511479332e-02,2.180560321413877567e+00,1.566859007459427522e+00
7.190000000000000568e+01,1.107051524666859653e-02,2.184560288309332687e+00,1.566598137894210208e+00
7.192000000000000171e+01,1.108625564722805559e-02,2.188196617868195748e+00,1.566337268328992671e+00
7.193999999999999773e+01,1.110294465494976283e-02,2.191832943197135730e+00,1.566076398763775801e+00
7.195999999999999375e+01,1.112058226870243569e-02,2.195469264048690583e+00,1.565815529198558265e+00
7.198000000000000398e+01,1.113916848728205289e-02,2.199105580175397368e+00,1.565554659633340950e+00
7.200000000000000000e+01,1.115870330942578779e-02,2.202741891329794477e+00,1.565293790068123636e+00
7.201999999999999602e+01,1.118123507624211276e-02,2.206741827857883198e+00,1.565032920502906322e+00
7.204000000000000625e+01,1.120481030398284492e-02,2.210741758372015919e+00,1.564772050937689229e+00
7.206000000000000227e+01,1.122942899104437640e-02,2.214741682599985939e+00,1.564511181372471471e+00
7.207999999999999829e+01,1.125509113574990269e-02,2.218741600269586556e+00,1.564250311807254379e+00
7.209999999999999432e+01,1.128179673635452095e-02,2.222741511108611512e+00,1.563989442242037065e+00
7.212000000000000455e+01,1.130954579103842991e-02,2.226741414844855438e+00,1.563728572676819750e+00
7.214000000000000057e+01,1.133833829791543353e-02,2.230741311206112965e+00,1.563467703111602436e+00
7.215999999999999659e+01,1.136817425502613561e-02,2.234741199920179611e+00,1.563206833546385122e+00
7.218000000000000682e+01,1.139905366033964335e-02,2.238741080714850895e+00,1.562945963981167585e+00
7.220000000000000284e+01,1.143097651175526558e-02,2.242740953317923669e+00,1.562685094415950271e+00
7.221999999999999886e+01,1.146342108550226294e-02,2.246740821734463545e+00,1.562685094415950271e+00
7.223999999999999488e+01,1.149586565924926029e-02,2.250740690151003420e+00,1.562685094415950271e+00
7.226000000000000512e+01,1.152831023299625765e-02,2.254740558567543296e+00,1.562685094415950271e+00
7.228000000000000114e+01,1.156075480674325501e-02,2.258740426984083172e+00,1.562685094415950271e+00
7.229999999999999716e+01,1.159319938049025236e-02,2.262740295400623047e+00,1.562685094415950271e+00
7.231999999999999318e+01,1.162564395423724972e-02,2.266740163817162923e+00,1.562685094415950271e+00
7.234000000000000341e+01,1.165808852798424708e-02,2.270740032233702799e+00,1.562685094415950271e+00
7.235999999999999943e+01,1.169053310173124444e-02,2.274739900650242674e+00,1.562685094415950271e+00
7.237999999999999545e+01,1.172297767547824179e-02,2.278739769066782550e+00,1.562685094415950271e+00
7.240000000000000568e+01,1.175542224922523915e-02,2.282739637483322426e+00,1.562685094415950271e+00
7.242000000000000171e+01,1.178491731626796386e-02,2.286375881498358797e+00,1.562685094415950271e+00
7.243999999999999773e+01,1.181441238331068858e-02,2.290012125513395169e+00,1.562685094415950271e+00
7.245999999999999375e+01,1.184390745035341329e-02,2.293648369528431541e+00,1.562685094415950271e+00
7.248000000000000398e+01,1.187340251739613800e-02,2.297284613543467913e+00,1.562685094415950271e+00
7.250000000000000000e+01,1.190289758443886271e-02,2.300920857558504284e+00,1.562685094415950271e+00
7.251999999999999602e+01,1.193534215818586007e-02,2.304920725975044160e+00,1.562685094415950271e+00
7.254000000000000625e+01,1.196778673193285743e-02,2.308920594391584036e+00,1.562685094415950271e+00
7.256000000000000227e+01,1.200023130567985478e-02,2.312920462808123911e+00,1.562685094415950271e+00
7.257999999999999829e+01,1.203267587942685214e-02,2.316920331224663787e+00,1.562685094415950271e+00
7.259999999999999432e+01,1.206512045317384950e-02,2.320920199641203663e+00,1.562685094415950271e+00
7.262000000000000455e+01,1.209756502692084686e-02,2.324920068057743539e+00,1.562685094415950271e+00
7.264000000000000057e+01,1.213000960066784421e-02,2.328919936474283414e+00,1.562685094415950271e+00
7.265999999999999659e+01,1.216245417441484157e-02,2.332919804890823290e+00,1.562685094415950271e+00
7.268000000000000682e+01,1.219489874816183893e-02,2.336919673307363166e+00,1.562685094415950271e+00
7.270000000000000284e+01,1.222734332190883628e-02,2.340919541723903041e+00,1.562685094415950271e+00
7.271999999999999886e+01,1.225683838895156100e-02,2.344555785738939413e+00,1.562685094415950271e+00
7.273999999999999488e+01,1.228633345599428571e-02,2.348192029753975785e+00,1.562685094415950271e+00
7.276000000000000512e+01,1.231582852303701042e-02,2.351828273769012156e+00,1.562685094415950271e+00
7.278000000000000114e+01,1.234532359007973513e-02,2.355464517784048528e+00,1.562685094415950271e+00
7.279999999999999716e+01,1.237481865712245985e-02,2.359100761799084900e+00,1.562685094415950271e+00
7.281999999999999318e+01,1.240726323086945720e-02,2.363100630215624776e+00,1.562685094415950271e+00
7.284000000000000341e+01,1.243970780461645456e-02,2.367100498632164651e+00,1.562685094415950271e+00
7.285999999999999943e+01,1.247215237836345192e-02,2.371100367048704527e+00,1.562685094415950271e+00
7.287999999999999545e+01,1.250459695211044928e-02,2.375100235465244403e+00,1.562685094415950271e+00
7.290000000000000568e+01,1.253704152585744663e-02,2.379100103881784278e+00,1.562685094415950271e+00
7.292000000000000171e+01,1.256653659290017135e-02,2.382736347896820650e+00,1.562685094415950271e+00
7.293999999999999773e+01,1.259603165994289606e-02,2.386372591911857022e+00,1.562685094415950271e+00
7.295999999999999375e+01,1.262552672698562077e-02,2.390008835926893394e+00,1.562685094415950271e+00
7.298000000000000398e+01,1.265502179402834548e-02,2.393645079941929765e+00,1.562685094415950271e+00
7.300000000000000000e+01,1.268451686107107020e-02,2.397281323956966137e+00,1.562685094415950271e+00
7.301999999999999602e+01,1.271696143481806755e-02,2.401281192373506013e+00,1.562685094415950271e+00
7.304000000000000625e+01,1.274940600856506491e-02,2.405281060790045888e+00,1.562685094415950271e+00
7.306000000000000227e+01,1.278185058231206227e-02,2.409280929206585764e+00,1.562685094415950271e+00
7.307999999999999829e+01,1.281429515605905962e-02,2.413280797623125640e+00,1.562685094415950271e+00
7.309999999999999432e+01,1.284673972980605698e-02,2.417280666039665515e+00,1.562685094415950271e+00
7.312000000000000455e+01,1.287657568488654626e-02,2.421280554481529457e+00,1.563989442242037509e+00
7.314000000000000057e+01,1.290119437027195323e-02,2.425280478437294107e+00,1.565293790068124746e+00
7.315999999999999659e+01,1.292059574407853489e-02,2.429280431101797255e+00,1.566598137894211540e+00
7.318000000000000682e+01,1.293477977329788274e-02,2.433280405669826951e+00,1.567902485720298555e+00
7.320000000000000284e+01,1.294374643379895759e-02,2.437280395336134831e+00,1.569206833546385571e+00
7.321999999999999886e+01,1.294715486700540735e-02,2.440916757117327140e+00,1.570511181372472587e+00
7.323999999999999488e+01,1.294582021807307894e-02,2.444553120250987810e+00,1.571815529198559824e+00
7.326000000000000512e+01,1.293974248927289711e-02,2.448189478550488296e+00,1.573119877024646618e+00
7.328000000000000114e+01,1.292892169094488758e-02,2.451825825829208494e+00,1.574424224850733633e+00
7.329999999999999716e+01,1.291335784149848405e-02,2.455462155900547394e+00,1.575728572676820649e+00
7.331999999999999318e+01,1.289362893796201608e-02,2.459462107246547014e+00,1.575728572676820649e+00
7.334000000000000341e+01,1.287390003442554810e-02,2.463462058592546633e+00,1.575728572676820649e+00
7.335999999999999943e+01,1.285417113088908013e-02,2.467462009938546252e+00,1.575728572676820649e+00
7.337999999999999545e+01,1.283444222735261216e-02,2.471461961284545872e+00,1.575728572676820649e+00
7.340000000000000568e+01,1.281471332381614418e-02,2.475461912630545491e+00,1.575728572676820649e+00
7.342000000000000171e+01,1.279498442027967621e-02,2.479461863976545111e+00,1.575728572676820649e+00
7.343999999999999773e+01,1.277525551674320824e-02,2.483461815322544730e+00,1.575728572676820649e+00
7.345999999999999375e+01,1.275552661320674026e-02,2.487461766668544350e+00,1.575728572676820649e+00
7.348000000000000398e+01,1.273579770967027229e-02,2.491461718014543969e+00,1.575728572676820649e+00
7.350000000000000000e+01,1.271606880613380432e-02,2.495461669360543588e+00,1.575728572676820649e+00
7.351999999999999602e+01,1.269686163560108418e-02,2.499461623234509489e+00,1.575467703111603335e+00
7.354000000000000625e+01,1.267869793194075292e-02,2.503461581982937112e+00,1.575206833546386020e+00
7.356000000000000227e+01,1.266157769638360554e-02,2.507461545333617536e+00,1.574945963981168706e+00
7.357999999999999829e+01,1.264550093009914923e-02,2.511461513014341840e+00,1.574685094415951392e+00
7.359999999999999432e+01,1.263046763417858577e-02,2.515461484752900212e+00,1.574424224850733856e+00
7.362000000000000455e+01,1.261647780964672561e-02,2.519461460277083287e+00,1.574163355285516763e+00
7.364000000000000057e+01,1.260353145745517732e-02,2.523461439314680810e+00,1.573902485720299449e+00
7.365999999999999659e+01,1.259162857848405113e-02,2.527461421593482083e+00,1.573641616155082135e+00
7.368000000000000682e+01,1.258076917354366241e-02,2.531461406841277295e+00,1.573380746589864820e+00
7.370000000000000284e+01,1.257095324337452989e-02,2.535461394785855305e+00,1.573119877024647506e+00
7.371999999999999886e+01,1.256297828452856806e-02,2.539097749666900494e+00,1.572859007459429970e+00
7.373999999999999488e+01,1.255595194025932795e-02,2.542734106504637381e+00,1.572598137894212655e+00
7.376000000000000512e+01,1.254987421104501212e-02,2.546370465051601251e+00,1.572337268328995563e+00
7.378000000000000114e+01,1.254474509730037386e-02,2.550006825060327387e+00,1.572076398763778249e+00
7.379999999999999716e+01,1.254056459937362075e-02,2.553643186283350630e+00,1.571815529198560935e+00
7.381999999999999318e+01,1.253700952936709530e-02,2.557643184692191429e+00,1.571554659633343620e+00
7.384000000000000341e+01,1.253449793731690673e-02,2.561643183892336140e+00,1.571293790068126306e+00
7.385999999999999943e+01,1.253302982339158864e-02,2.565643183611573175e+00,1.571032920502909214e+00
7.387999999999999545e+01,1.253260518769157804e-02,2.569643183577690504e+00,1.570772050937691677e+00
7.390000000000000568e+01,1.253322403024581533e-02,2.573643183518476540e+00,1.570511181372474363e+00
7.392000000000000171e+01,1.253488635101344430e-02,2.577643183161719254e+00,1.570250311807257271e+00
7.393999999999999773e+01,1.253759214988040861e-02,2.581643182235207501e+00,1.569989442242039512e+00
7.395999999999999375e+01,1.254134142666285534e-02,2.585643180466729252e+00,1.569728572676822420e+00
7.398000000000000398e+01,1.254613418110543145e-02,2.589643177584072919e+00,1.569467703111605106e+00
7.400000000000000000e+01,1.255197041288128902e-02,2.593643173315026917e+00,1.569206833546387792e+00
7.401999999999999602e+01,1.255832838319810053e-02,2.597643168262050217e+00,1.569206833546387792e+00
7.404000000000000625e+01,1.256468635351491205e-02,2.601643163209073517e+00,1.569206833546387792e+00
7.406000000000000227e+01,1.257104432383172356e-02,2.605643158156096817e+00,1.569206833546387792e+00
7.407999999999999829e+01,1.257740229414853507e-02,2.609643153103120117e+00,1.569206833546387792e+00
7.409999999999999432e+01,1.258376026446534658e-02,2.613643148050143417e+00,1.569206833546387792e+00
7.412000000000000455e+01,1.259063997317954112e-02,2.617643142122496602e+00,1.568945963981170699e+00
7.414000000000000057e+01,1.259856315836052447e-02,2.621643134264037833e+00,1.568685094415953163e+00
7.415999999999999659e+01,1.260752981947205892e-02,2.625643124202555523e+00,1.568424224850735627e+00
7.418000000000000682e+01,1.261753995590130135e-02,2.629643111665838529e+00,1.568163355285518534e+00
7.420000000000000284e+01,1.262859356697072083e-02,2.633643096381676152e+00,1.567902485720300998e+00
7.421999999999999886e+01,1.263959091692867971e-02,2.637279443378205190e+00,1.567641616155084128e+00
7.423999999999999488e+01,1.265153687876127871e-02,2.640915787382128066e+00,1.567380746589866591e+00
7.426000000000000512e+01,1.266443145165758490e-02,2.644552128145981396e+00,1.567119877024649499e+00
7.428000000000000114e+01,1.267827463473702315e-02,2.648188465422301352e+00,1.566859007459431963e+00
7.429999999999999716e+01,1.269306642705866212e-02,2.651824798963624108e+00,1.566598137894214648e+00
7.431999999999999318e+01,1.270690960982445716e-02,2.655461136157457158e+00,1.567380746589866813e+00
7.434000000000000341e+01,1.271790695953325598e-02,2.659097483071498846e+00,1.568163355285518978e+00
7.435999999999999943e+01,1.272605846944894169e-02,2.662733837478572951e+00,1.568945963981171143e+00
7.437999999999999545e+01,1.273136413458004178e-02,2.666370197151498811e+00,1.569728572676823308e+00
7.440000000000000568e+01,1.273382395167611467e-02,2.670006559863091766e+00,1.570511181372475473e+00
7.442000000000000171e+01,1.273347652247490761e-02,2.673279287033857976e+00,1.571293790068127638e+00
7.443999999999999773e+01,1.273056782889959646e-02,2.676552012930489166e+00,1.572076398763779803e+00
7.445999999999999375e+01,1.272509787273113854e-02,2.679824735548518078e+00,1.572859007459431968e+00
7.448000000000000398e+01,1.271706665732020777e-02,2.683097452883479672e+00,1.573641616155084133e+00
7.450000000000000000e+01,1.270647418758533501e-02,2.686370162930912020e+00,1.574424224850736076e+00
7.451999999999999602e+01,1.269502796751381321e-02,2.689642870177970657e+00,1.574163355285518984e+00
7.454000000000000625e+01,1.268443549753891023e-02,2.692915580299641398e+00,1.573902485720301669e+00
7.456000000000000227e+01,1.267469677838071671e-02,2.696188293073206399e+00,1.573641616155084355e+00
7.457999999999999829e+01,1.266581181070360919e-02,2.699461008275947815e+00,1.573380746589867041e+00
7.459999999999999432e+01,1.265778059510929039e-02,2.702733725685147803e+00,1.573119877024649726e+00
7.462000000000000455e+01,1.265140062803252023e-02,2.705642809589984044e+00,1.572859007459432190e+00
7.464000000000000057e+01,1.264577955261712849e-02,2.708551895060173464e+00,1.572598137894214876e+00
7.465999999999999659e+01,1.264091736924567722e-02,2.711460981897744649e+00,1.572337268328997784e+00
7.468000000000000682e+01,1.263681407824996696e-02,2.714370069904725735e+00,1.572076398763780469e+00
7.470000000000000284e+01,1.263346967990856308e-02,2.717279158883144419e+00,1.571815529198563155e+00
7.471999999999999886e+01,1.263088417444927121e-02,2.720188248635028838e+00,1.571554659633345841e+00
7.473999999999999488e+01,1.262905756204913375e-02,2.723097338962406688e+00,1.571293790068128526e+00
7.476000000000000512e+01,1.262798984283072107e-02,2.726006429667306108e+00,1.571032920502911434e+00
7.478000000000000114e+01,1.262768101686707715e-02,2.728915520551754792e+00,1.570772050937693898e+00
7.479999999999999716e+01,1.262813108417924941e-02,2.731824611417780879e+00,1.570511181372476583e+00
7.481999999999999318e+01,1.262934004473752550e-02,2.734733702067412064e+00,1.570250311807259491e+00
7.484000000000000341e+01,1.263130789845895441e-02,2.737642792302676042e+00,1.569989442242041733e+00
7.485999999999999943e+01,1.263403464520982365e-02,2.740551881925600952e+00,1.569728572676824641e+00
7.487999999999999545e+01,1.263752028480442414e-02,2.743460970738214488e+00,1.569467703111607326e+00
7.490000000000000568e+01,1.264176481700504846e-02,2.746370058542544790e+00,1.569206833546390012e+00
7.492000000000000171e+01,1.264614281345953668e-02,2.748915509315860373e+00,1.568945963981172698e+00
7.493999999999999773e+01,1.265118484039289004e-02,2.751460958860477479e+00,1.568685094415955383e+00
7.495999999999999375e+01,1.265689089746386761e-02,2.754006407003170676e+00,1.568424224850738291e+00
7.498000000000000398e+01,1.266326098428247754e-02,2.756551853570714528e+00,1.568163355285520977e+00
7.500000000000000000e+01,1.267029510041756298e-02,2.759097298389884045e+00,1.567902485720303440e+00
7.501999999999999602e+01,1.267799324538813367e-02,2.761642741287454239e+00,1.567641616155086348e+00
7.504000000000000625e+01,1.268635541867095366e-02,2.764188182090200119e+00,1.567380746589868812e+00
7.506000000000000227e+01,1.269538161969836765e-02,2.766733620624897139e+00,1.567119877024651720e+00
7.507999999999999829e+01,1.270507184785397460e-02,2.769279056718321197e+00,1.566859007459434183e+00
7.509999999999999432e+01,1.271542610247912257e-02,2.771824490197247304e+00,1.566598137894216869e+00
7.512000000000000455e+01,1.272487034281387028e-02,2.774006287932565318e+00,1.566337268328999777e+00
7.514000000000000057e+01,1.273488374744782305e-02,2.776188083129929485e+00,1.566076398763782240e+00
7.515999999999999659e+01,1.274546631569849903e-02,2.778369875640862130e+00,1.565815529198564926e+00
7.518000000000000682e+01,1.275661804684719881e-02,2.780551665316886467e+00,1.565554659633347612e+00
7.520000000000000284e+01,1.276833894013344045e-02,2.782733452009524822e+00,1.565293790068130297e+00
7.521999999999999886e+01,1.278062899476052616e-02,2.784915235570300407e+00,1.565032920502912983e+00
7.523999999999999488e+01,1.279348820989183351e-02,2.787097015850736437e+00,1.564772050937695669e+00
7.526000000000000512e+01,1.280691658465174000e-02,2.789278792702356569e+00,1.564511181372478354e+00
7.528000000000000114e+01,1.282091411812748098e-02,2.791460565976684016e+00,1.564250311807261040e+00
7.529999999999999716e+01,1.283548080936636367e-02,2.793642335525243325e+00,1.563989442242043726e+00
7.531999999999999318e+01,1.285033207915903773e-02,2.795824103161427043e+00,1.563989442242043726e+00
7.534000000000000341e+01,1.286518334895171180e-02,2.798005870797610761e+00,1.563989442242043726e+00
7.535999999999999943e+01,1.288003461874438586e-02,2.800187638433794479e+00,1.563989442242043726e+00
7.537999999999999545e+01,1.289488588853705993e-02,2.802369406069978197e+00,1.563989442242043726e+00
7.540000000000000568e+01,1.290973715832973399e-02,2.804551173706161915e+00,1.563989442242043726e+00
7.542000000000000171e+01,1.292092746986855424e-02,2.806369320958782332e+00,1.565293790068130964e+00
7.543999999999999773e+01,1.292974627614427302e-02,2.808187481260829177e+00,1.566598137894217757e+00
7.545999999999999375e+01,1.293619356215306750e-02,2.810005651519024372e+00,1.567902485720304773e+00
7.548000000000000398e+01,1.294026931692628286e-02,2.811823828640073408e+00,1.569206833546391788e+00
7.550000000000000000e+01,1.294197353352950774e-02,2.813642009530669341e+00,1.570511181372478804e+00
7.551999999999999602e+01,1.294272913387843095e-02,2.815460191186688998e+00,1.570250311807261712e+00
7.554000000000000625e+01,1.294395904245432445e-02,2.817278372583729151e+00,1.569989442242043953e+00
7.556000000000000227e+01,1.294566325917361795e-02,2.819096553598057220e+00,1.569728572676826861e+00
7.557999999999999829e+01,1.294784178392024455e-02,2.820914734105940624e+00,1.569467703111609547e+00
7.559999999999999432e+01,1.295049461654563389e-02,2.822732913983647229e+00,1.569206833546392232e+00
7.562000000000000455e+01,1.295362175687026808e-02,2.824551093107444011e+00,1.568945963981174918e+00
7.564000000000000057e+01,1.295722320467980644e-02,2.826369271353598833e+00,1.568685094415957604e+00
7.565999999999999659e+01,1.296129895973050471e-02,2.828187448598379561e+00,1.568424224850740512e+00
7.568000000000000682e+01,1.296584902174379751e-02,2.830005624718053614e+00,1.568163355285523197e+00
7.570000000000000284e+01,1.297087339041171593e-02,2.831823799588888857e+00,1.567902485720305661e+00
7.571999999999999886e+01,1.297637206539069624e-02,2.833641973087153154e+00,1.567641616155088347e+00
7.573999999999999488e+01,1.298234504630699573e-02,2.835460145089114814e+00,1.567380746589871032e+00
7.576000000000000512e+01,1.298879233275437514e-02,2.837278315471041257e+00,1.567119877024653940e+00
7.578000000000000114e+01,1.299571392429486882e-02,2.839096484109201235e+00,1.566859007459436404e+00
7.579999999999999716e+01,1.300310982045568831e-02,2.840914650879862613e+00,1.566598137894219089e+00
7.581999999999999318e+01,1.300788820453856708e-02,2.842369188283460968e+00,1.568424224850740734e+00
7.584000000000000341e+01,1.301001047035023166e-02,2.843823731987654480e+00,1.570250311807262600e+00
7.585999999999999943e+01,1.300947661081362956e-02,2.845278277142132328e+00,1.572076398763784244e+00
7.587999999999999545e+01,1.300628662770909882e-02,2.846732818896579253e+00,1.573902485720305666e+00
7.590000000000000568e+01,1.300044053167384583e-02,2.848187352400690653e+00,1.575728572676827532e+00
7.592000000000000171e+01,1.299383554867402854e-02,2.849641882821669636e+00,1.574945963981175145e+00
7.593999999999999773e+01,1.298836889573601848e-02,2.851096417966332730e+00,1.574163355285522981e+00
7.595999999999999375e+01,1.298404057620858136e-02,2.852550956943811222e+00,1.573380746589870816e+00
7.598000000000000398e+01,1.298085059274221159e-02,2.854005498863234624e+00,1.572598137894218651e+00
7.600000000000000000e+01,1.297879894729078373e-02,2.855460042833730228e+00,1.571815529198566708e+00
7.601999999999999602e+01,1.297788564111114311e-02,2.856914587964424435e+00,1.571032920502914099e+00
7.604000000000000625e+01,1.297811067476227660e-02,2.858369133364442760e+00,1.570250311807262156e+00
7.606000000000000227e+01,1.297947404810675942e-02,2.859823678142910275e+00,1.569467703111609769e+00
7.607999999999999829e+01,1.298197576030931007e-02,2.861278221408952938e+00,1.568685094415957826e+00
7.609999999999999432e+01,1.298561580983781903e-02,2.862732762271697595e+00,1.567902485720305661e+00
7.612000000000000455e+01,1.299001474982100328e-02,2.864187301070308944e+00,1.567641616155088347e+00
7.614000000000000057e+01,1.299479313455404253e-02,2.865641838671878272e+00,1.567380746589871032e+00
7.615999999999999659e+01,1.299995096371194675e-02,2.867096374977419426e+00,1.567119877024653940e+00
7.618000000000000682e+01,1.300548823694434170e-02,2.868550909887947142e+00,1.566859007459436404e+00
7.620000000000000284e+01,1.301140495387299693e-02,2.870005443304476156e+00,1.566598137894219089e+00
7.621999999999999886e+01,1.301770111409616092e-02,2.871459975128021203e+00,1.566337268329001775e+00
7.623999999999999488e+01,1.302437671718546276e-02,2.872914505259597462e+00,1.566076398763784461e+00
7.626000000000000512e+01,1.303143176268591226e-02,2.874369033600219225e+00,1.565815529198567146e+00
7.628000000000000114e+01,1.303886625011837878e-02,2.875823560050902117e+00,1.565554659633349832e+00
7.629999999999999716e+01,1.304668017897587205e-02,2.877278084512660872e+00,1.565293790068132518e+00
7.631999999999999318e+01,1.305140229807211054e-02,2.878368983132857384e+00,1.567641616155089013e+00
7.634000000000000341e+01,1.305356316626786820e-02,2.879459889833086095e+00,1.569989442242045508e+00
7.635999999999999943e+01,1.305316277165175474e-02,2.880550798599958551e+00,1.572337268329002002e+00
7.637999999999999545e+01,1.305020111643093346e-02,2.881641703420075196e+00,1.574685094415958719e+00
7.640000000000000568e+01,1.304467821693081238e-02,2.882732598280057790e+00,1.577032920502914992e+00
7.642000000000000171e+01,1.303617602649489483e-02,2.884187118848530851e+00,1.576250311807262827e+00
7.643999999999999773e+01,1.302881215899137635e-02,2.885641645625461660e+00,1.575467703111610662e+00
7.645999999999999375e+01,1.302258661893032979e-02,2.887096177719987278e+00,1.574685094415958719e+00
7.648000000000000398e+01,1.301749941012500002e-02,2.888550714241240769e+00,1.573902485720306332e+00
7.650000000000000000e+01,1.301355053569098162e-02,2.890005254298353421e+00,1.573119877024654167e+00
7.651999999999999602e+01,1.301101575590298855e-02,2.891096160444416974e+00,1.573119877024654167e+00
7.654000000000000625e+01,1.300848097611499547e-02,2.892187066590480526e+00,1.573119877024654167e+00
7.656000000000000227e+01,1.300594619632700240e-02,2.893277972736544079e+00,1.573119877024654167e+00
7.657999999999999829e+01,1.300341141653900932e-02,2.894368878882607632e+00,1.573119877024654167e+00
7.659999999999999432e+01,1.300087663675101625e-02,2.895459785028671185e+00,1.573119877024654167e+00
7.662000000000000455e+01,1.299834185696302317e-02,2.896550691174734737e+00,1.573119877024654167e+00
7.664000000000000057e+01,1.299580707717503010e-02,2.897641597320798290e+00,1.573119877024654167e+00
7.665999999999999659e+01,1.299327229738703703e-02,2.898732503466861843e+00,1.573119877024654167e+00
7.668000000000000682e+01,1.299073751759904395e-02,2.899823409612925396e+00,1.573119877024654167e+00
7.670000000000000284e+01,1.298820273781105088e-02,2.900914315758988948e+00,1.573119877024654167e+00
7.671999999999999886e+01,1.298566795802305780e-02,2.902005221905052501e+00,1.573119877024654167e+00
7.673999999999999488e+01,1.298313317823506473e-02,2.903096128051116054e+00,1.573119877024654167e+00
7.676000000000000512e+01,1.298059839844707165e-02,2.904187034197179607e+00,1.573119877024654167e+00
7.678000000000000114e+01,1.297806361865907858e-02,2.905277940343243159e+00,1.573119877024654167e+00
7.679999999999999716e+01,1.297552883887108550e-02,2.906368846489306712e+00,1.573119877024654167e+00
7.681999999999999318e+01,1.297299405908309243e-02,2.907459752635370265e+00,1.573119877024654167e+00
7.684000000000000341e+01,1.297045927929509936e-02,2.908550658781433818e+00,1.573119877024654167e+00
7.685999999999999943e+01,1.296792449950710628e-02,2.909641564927497370e+00,1.573119877024654167e+00
7.687999999999999545e+01,1.296538971971911321e-02,2.910732471073560923e+00,1.573119877024654167e+00
7.690000000000000568e+01,1.296538971971911321e-02,2.910732471073560923e+00,1.573119877024654167e+00
7.692000000000000171e+01,1.296538971971911321e-02,2.910732471073560923e+00,1.573119877024654167e+00
7.693999999999999773e+01,1.296538971971911321e-02,2.910732471073560923e+00,1.573119877024654167e+00
7.695999999999999375e+01,1.296538971971911321e-02,2.910732471073560923e+00,1.573119877024654167e+00
7.698000000000000398e+01,1.296538971971911321e-02,2.910732471073560923e+00,1.573119877024654167e+00
