# time,x,y,yaw
8.339999999999999858e+00,0.000000000000000000e+00,0.000000000000000000e+00,0.000000000000000000e+00
8.359999999999999432e+00,0.000000000000000000e+00,0.000000000000000000e+00,0.000000000000000000e+00
8.380000000000000782e+00,0.000000000000000000e+00,0.000000000000000000e+00,0.000000000000000000e+00
8.400000000000000355e+00,0.000000000000000000e+00,0.000000000000000000e+00,0.000000000000000000e+00
8.419999999999999929e+00,0.000000000000000000e+00,0.000000000000000000e+00,0.000000000000000000e+00
8.439999999999999503e+00,0.000000000000000000e+00,0.000000000000000000e+00,0.000000000000000000e+00
8.460000000000000853e+00,0.000000000000000000e+00,0.000000000000000000e+00,0.000000000000000000e+00
8.480000000000000426e+00,0.000000000000000000e+00,0.000000000000000000e+00,0.000000000000000000e+00
8.500000000000000000e+00,0.000000000000000000e+00,0.000000000000000000e+00,0.000000000000000000e+00
8.519999999999999574e+00,0.000000000000000000e+00,0.000000000000000000e+00,0.000000000000000000e+00
8.539999999999999147e+00,0.000000000000000000e+00,0.000000000000000000e+00,0.000000000000000000e+00
8.560000000000000497e+00,0.000000000000000000e+00,0.000000000000000000e+00,0.000000000000000000e+00
8.580000000000000071e+00,0.000000000000000000e+00,0.000000000000000000e+00,0.000000000000000000e+00
8.599999999999999645e+00,0.000000000000000000e+00,0.000000000000000000e+00,0.000000000000000000e+00
8.619999999999999218e+00,0.000000000000000000e+00,0.000000000000000000e+00,0.000000000000000000e+00
8.640000000000000568e+00,0.000000000000000000e+00,0.000000000000000000e+00,0.000000000000000000e+00
8.660000000000000142e+00,0.000000000000000000e+00,0.000000000000000000e+00,0.000000000000000000e+00
8.679999999999999716e+00,0.000000000000000000e+00,0.000000000000000000e+00,0.000000000000000000e+00
8.699999999999999289e+00,0.000000000000000000e+00,0.000000000000000000e+00,0.000000000000000000e+00
8.720000000000000639e+00,0.000000000000000000e+00,0.000000000000000000e+00,0.000000000000000000e+00
8.740000000000000213e+00,0.000000000000000000e+00,0.000000000000000000e+00,0.000000000000000000e+00
8.759999999999999787e+00,0.000000000000000000e+00,0.000000000000000000e+00,0.000000000000000000e+00
8.779999999999999361e+00,0.000000000000000000e+00,0.000000000000000000e+00,0.000000000000000000e+00
8.800000000000000711e+00,0.000000000000000000e+00,0.000000000000000000e+00,0.000000000000000000e+00
8.820000000000000284e+00,0.000000000000000000e+00,0.000000000000000000e+00,0.000000000000000000e+00
8.839999999999999858e+00,0.000000000000000000e+00,0.000000000000000000e+00,0.000000000000000000e+00
8.859999999999999432e+00,0.000000000000000000e+00,0.000000000000000000e+00,0.000000000000000000e+00
8.880000000000000782e+00,0.000000000000000000e+00,0.000000000000000000e+00,0.000000000000000000e+00
8.900000000000000355e+00,0.000000000000000000e+00,0.000000000000000000e+00,0.000000000000000000e+00
8.919999999999999929e+00,0.000000000000000000e+00,0.000000000000000000e+00,0.000000000000000000e+00
8.939999999999999503e+00,0.000000000000000000e+00,0.000000000000000000e+00,0.000000000000000000e+00
8.960000000000000853e+00,0.000000000000000000e+00,0.000000000000000000e+00,0.000000000000000000e+00
8.980000000000000426e+00,0.000000000000000000e+00,0.000000000000000000e+00,0.000000000000000000e+00
9.000000000000000000e+00,0.000000000000000000e+00,0.000000000000000000e+00,0.000000000000000000e+00
9.019999999999999574e+00,0.000000000000000000e+00,0.000000000000000000e+00,0.000000000000000000e+00
9.039999999999999147e+00,0.000000000000000000e+00,0.000000000000000000e+00,0.000000000000000000e+00
9.060000000000000497e+00,0.000000000000000000e+00,0.000000000000000000e+00,0.000000000000000000e+00
9.080000000000000071e+00,0.000000000000000000e+00,0.000000000000000000e+00,0.000000000000000000e+00
9.099999999999999645e+00,0.000000000000000000e+00,0.000000000000000000e+00,0.000000000000000000e+00
9.119999999999999218e+00,0.000000000000000000e+00,0.000000000000000000e+00,0.000000000000000000e+00
9.140000000000000568e+00,0.000000000000000000e+00,0.000000000000000000e+00,0.000000000000000000e+00
9.160000000000000142e+00,0.000000000000000000e+00,0.000000000000000000e+00,0.000000000000000000e+00
9.179999999999999716e+00,0.000000000000000000e+00,0.000000000000000000e+00,0.000000000000000000e+00
9.199999999999999289e+00,0.000000000000000000e+00,0.000000000000000000e+00,0.000000000000000000e+00
9.220000000000000639e+00,0.000000000000000000e+00,0.000000000000000000e+00,0.000000000000000000e+00
9.240000000000000213e+00,0.000000000000000000e+00,0.000000000000000000e+00,0.000000000000000000e+00
9.259999999999999787e+00,0.000000000000000000e+00,0.000000000000000000e+00,0.000000000000000000e+00
9.279999999999999361e+00,0.000000000000000000e+00,0.000000000000000000e+00,0.000000000000000000e+00
9.300000000000000711e+00,0.000000000000000000e+00,0.000000000000000000e+00,0.000000000000000000e+00
9.320000000000000284e+00,0.000000000000000000e+00,0.000000000000000000e+00,0.000000000000000000e+00
9.339999999999999858e+00,0.000000000000000000e+00,0.000000000000000000e+00,0.000000000000000000e+00
9.359999999999999432e+00,0.000000000000000000e+00,0.000000000000000000e+00,0.000000000000000000e+00
9.380000000000000782e+00,0.000000000000000000e+00,0.000000000000000000e+00,0.000000000000000000e+00
9.400000000000000355e+00,0.000000000000000000e+00,0.000000000000000000e+00,0.000000000000000000e+00
9.419999999999999929e+00,0.000000000000000000e+00,0.000000000000000000e+00,0.000000000000000000e+00
9.439999999999999503e+00,0.000000000000000000e+00,0.000000000000000000e+00,0.000000000000000000e+00
9.460000000000000853e+00,4.000000000000000083e-03,0.000000000000000000e+00,0.000000000000000000e+00
9.480000000000000426e+00,8.000000000000000167e-03,0.000000000000000000e+00,0.000000000000000000e+00
9.500000000000000000e+00,1.200000000000000025e-02,0.000000000000000000e+00,0.000000000000000000e+00
9.519999999999999574e+00,1.600000000000000033e-02,0.000000000000000000e+00,0.000000000000000000e+00
9.539999999999999147e+00,2.000000000000000042e-02,0.000000000000000000e+00,0.000000000000000000e+00
9.560000000000000497e+00,2.400000000000000050e-02,0.000000000000000000e+00,0.000000000000000000e+00
9.580000000000000071e+00,2.800000000000000058e-02,0.000000000000000000e+00,0.000000000000000000e+00
9.599999999999999645e+00,3.200000000000000067e-02,0.000000000000000000e+00,0.000000000000000000e+00
9.619999999999999218e+00,3.600000000000000422e-02,0.000000000000000000e+00,0.000000000000000000e+00
9.640000000000000568e+00,4.000000000000000777e-02,0.000000000000000000e+00,0.000000000000000000e+00
9.660000000000000142e+00,4.400000000000001132e-02,0.000000000000000000e+00,0.000000000000000000e+00
9.679999999999999716e+00,4.800000000000001488e-02,0.000000000000000000e+00,0.000000000000000000e+00
9.699999999999999289e+00,5.200000000000001843e-02,0.000000000000000000e+00,0.000000000000000000e+00
9.720000000000000639e+00,5.600000000000002198e-02,0.000000000000000000e+00,0.000000000000000000e+00
9.740000000000000213e+00,6.000000000000002554e-02,0.000000000000000000e+00,0.000000000000000000e+00
9.759999999999999787e+00,6.400000000000002909e-02,0.000000000000000000e+00,0.000000000000000000e+00
9.779999999999999361e+00,6.800000000000003264e-02,0.000000000000000000e+00,0.000000000000000000e+00
9.800000000000000711e+00,7.200000000000003619e-02,0.000000000000000000e+00,0.000000000000000000e+00
9.820000000000000284e+00,7.600000000000003975e-02,0.000000000000000000e+00,0.000000000000000000e+00
9.839999999999999858e+00,8.000000000000004330e-02,0.000000000000000000e+00,0.000000000000000000e+00
9.859999999999999432e+00,8.400000000000004685e-02,0.000000000000000000e+00,0.000000000000000000e+00
9.880000000000000782e+00,8.800000000000005040e-02,0.000000000000000000e+00,0.000000000000000000e+00
9.900000000000000355e+00,9.200000000000005396e-02,0.000000000000000000e+00,0.000000000000000000e+00
9.919999999999999929e+00,9.600000000000005751e-02,0.000000000000000000e+00,0.000000000000000000e+00
9.939999999999999503e+00,1.000000000000000611e-01,0.000000000000000000e+00,0.000000000000000000e+00
9.960000000000000853e+00,1.040000000000000646e-01,0.000000000000000000e+00,0.000000000000000000e+00
9.980000000000000426e+00,1.080000000000000682e-01,0.000000000000000000e+00,0.000000000000000000e+00
1.000000000000000000e+01,1.120000000000000717e-01,0.000000000000000000e+00,0.000000000000000000e+00
1.001999999999999957e+01,1.160000000000000753e-01,0.000000000000000000e+00,0.000000000000000000e+00
1.003999999999999915e+01,1.200000000000000788e-01,0.000000000000000000e+00,0.000000000000000000e+00
1.006000000000000050e+01,1.240000000000000824e-01,0.000000000000000000e+00,0.000000000000000000e+00
1.008000000000000007e+01,1.280000000000000859e-01,0.000000000000000000e+00,0.000000000000000000e+00
1.009999999999999964e+01,1.320000000000000895e-01,0.000000000000000000e+00,0.000000000000000000e+00
1.011999999999999922e+01,1.360000000000000930e-01,0.000000000000000000e+00,0.000000000000000000e+00
1.014000000000000057e+01,1.400000000000000966e-01,0.000000000000000000e+00,0.000000000000000000e+00
1.016000000000000014e+01,1.440000000000001001e-01,0.000000000000000000e+00,0.000000000000000000e+00
1.017999999999999972e+01,1.480000000000001037e-01,0.000000000000000000e+00,0.000000000000000000e+00
1.019999999999999929e+01,1.520000000000001072e-01,0.000000000000000000e+00,0.000000000000000000e+00
1.022000000000000064e+01,1.560000000000001108e-01,0.000000000000000000e+00,0.000000000000000000e+00
1.024000000000000021e+01,1.600000000000001144e-01,0.000000000000000000e+00,0.000000000000000000e+00
1.025999999999999979e+01,1.640000000000001179e-01,0.000000000000000000e+00,0.000000000000000000e+00
1.027999999999999936e+01,1.680000000000001215e-01,0.000000000000000000e+00,0.000000000000000000e+00
1.030000000000000071e+01,1.720000000000001250e-01,0.000000000000000000e+00,0.000000000000000000e+00
1.032000000000000028e+01,1.760000000000001286e-01,0.000000000000000000e+00,0.000000000000000000e+00
1.033999999999999986e+01,1.800000000000001321e-01,0.000000000000000000e+00,0.000000000000000000e+00
1.035999999999999943e+01,1.840000000000001357e-01,0.000000000000000000e+00,0.000000000000000000e+00
1.038000000000000078e+01,1.880000000000001392e-01,0.000000000000000000e+00,0.000000000000000000e+00
1.040000000000000036e+01,1.920000000000001428e-01,0.000000000000000000e+00,0.000000000000000000e+00
1.041999999999999993e+01,1.960000000000001463e-01,0.000000000000000000e+00,0.000000000000000000e+00
1.043999999999999950e+01,2.000000000000001499e-01,0.000000000000000000e+00,0.000000000000000000e+00
1.046000000000000085e+01,2.040000000000001534e-01,0.000000000000000000e+00,0.000000000000000000e+00
1.048000000000000043e+01,2.080000000000001570e-01,0.000000000000000000e+00,0.000000000000000000e+00
1.050000000000000000e+01,2.120000000000001605e-01,0.000000000000000000e+00,0.000000000000000000e+00
1.051999999999999957e+01,2.160000000000001641e-01,0.000000000000000000e+00,0.000000000000000000e+00
1.053999999999999915e+01,2.200000000000001676e-01,0.000000000000000000e+00,0.000000000000000000e+00
1.056000000000000050e+01,2.240000000000001712e-01,0.000000000000000000e+00,0.000000000000000000e+00
1.058000000000000007e+01,2.280000000000001747e-01,0.000000000000000000e+00,0.000000000000000000e+00
1.059999999999999964e+01,2.320000000000001783e-01,0.000000000000000000e+00,0.000000000000000000e+00
1.061999999999999922e+01,2.360000000000001819e-01,0.000000000000000000e+00,0.000000000000000000e+00
1.064000000000000057e+01,2.400000000000001854e-01,0.000000000000000000e+00,0.000000000000000000e+00
1.066000000000000014e+01,2.440000000000001890e-01,0.000000000000000000e+00,0.000000000000000000e+00
1.067999999999999972e+01,2.480000000000001925e-01,0.000000000000000000e+00,0.000000000000000000e+00
1.069999999999999929e+01,2.520000000000001683e-01,0.000000000000000000e+00,0.000000000000000000e+00
1.072000000000000064e+01,2.560000000000001719e-01,0.000000000000000000e+00,0.000000000000000000e+00
1.074000000000000021e+01,2.600000000000001754e-01,0.000000000000000000e+00,0.000000000000000000e+00
1.075999999999999979e+01,2.640000000000001790e-01,0.000000000000000000e+00,0.000000000000000000e+00
1.077999999999999936e+01,2.680000000000001825e-01,0.000000000000000000e+00,0.000000000000000000e+00
1.080000000000000071e+01,2.720000000000001861e-01,0.000000000000000000e+00,0.000000000000000000e+00
1.082000000000000028e+01,2.760000000000001896e-01,0.000000000000000000e+00,0.000000000000000000e+00
1.083999999999999986e+01,2.800000000000001932e-01,0.000000000000000000e+00,0.000000000000000000e+00
1.085999999999999943e+01,2.840000000000001967e-01,0.000000000000000000e+00,0.000000000000000000e+00
1.088000000000000078e+01,2.880000000000002003e-01,0.000000000000000000e+00,0.000000000000000000e+00
1.090000000000000036e+01,2.920000000000002038e-01,0.000000000000000000e+00,0.000000000000000000e+00
1.091999999999999993e+01,2.960000000000002074e-01,0.000000000000000000e+00,0.000000000000000000e+00
1.093999999999999950e+01,3.000000000000002109e-01,0.000000000000000000e+00,0.000000000000000000e+00
1.096000000000000085e+01,3.040000000000002145e-01,0.000000000000000000e+00,0.000000000000000000e+00
1.098000000000000043e+01,3.080000000000002180e-01,0.000000000000000000e+00,0.000000000000000000e+00
1.100000000000000000e+01,3.120000000000002216e-01,0.000000000000000000e+00,0.000000000000000000e+00
1.101999999999999957e+01,3.160000000000002252e-01,0.000000000000000000e+00,0.000000000000000000e+00
1.103999999999999915e+01,3.200000000000002287e-01,0.000000000000000000e+00,0.000000000000000000e+00
1.106000000000000050e+01,3.240000000000002323e-01,0.000000000000000000e+00,0.000000000000000000e+00
1.108000000000000007e+01,3.280000000000002358e-01,0.000000000000000000e+00,0.000000000000000000e+00
1.109999999999999964e+01,3.320000000000002394e-01,0.000000000000000000e+00,0.000000000000000000e+00
1.111999999999999922e+01,3.360000000000002429e-01,0.000000000000000000e+00,0.000000000000000000e+00
1.114000000000000057e+01,3.400000000000002465e-01,0.000000000000000000e+00,0.000000000000000000e+00
1.116000000000000014e+01,3.440000000000002500e-01,0.000000000000000000e+00,0.000000000000000000e+00
1.117999999999999972e+01,3.480000000000002536e-01,0.000000000000000000e+00,0.000000000000000000e+00
1.119999999999999929e+01,3.520000000000002571e-01,0.000000000000000000e+00,0.000000000000000000e+00
1.122000000000000064e+01,3.560000000000002607e-01,0.000000000000000000e+00,0.000000000000000000e+00
1.124000000000000021e+01,3.600000000000002642e-01,0.000000000000000000e+00,0.000000000000000000e+00
1.125999999999999979e+01,3.640000000000002678e-01,0.000000000000000000e+00,0.000000000000000000e+00
1.127999999999999936e+01,3.680000000000002713e-01,0.000000000000000000e+00,0.000000000000000000e+00
1.130000000000000071e+01,3.720000000000002749e-01,0.000000000000000000e+00,0.000000000000000000e+00
1.132000000000000028e+01,3.760000000000002784e-01,0.000000000000000000e+00,0.000000000000000000e+00
1.133999999999999986e+01,3.800000000000002820e-01,0.000000000000000000e+00,0.000000000000000000e+00
1.135999999999999943e+01,3.840000000000002855e-01,0.000000000000000000e+00,0.000000000000000000e+00
1.138000000000000078e+01,3.880000000000002891e-01,0.000000000000000000e+00,0.000000000000000000e+00
1.140000000000000036e+01,3.920000000000002927e-01,0.000000000000000000e+00,0.000000000000000000e+00
1.141999999999999993e+01,3.960000000000002962e-01,0.000000000000000000e+00,0.000000000000000000e+00
1.143999999999999950e+01,4.000000000000002998e-01,0.000000000000000000e+00,0.000000000000000000e+00
1.146000000000000085e+01,4.040000000000003033e-01,0.000000000000000000e+00,0.000000000000000000e+00
1.148000000000000043e+01,4.080000000000003069e-01,0.000000000000000000e+00,0.000000000000000000e+00
1.150000000000000000e+01,4.120000000000003104e-01,0.000000000000000000e+00,0.000000000000000000e+00
1.151999999999999957e+01,4.160000000000003140e-01,0.000000000000000000e+00,0.000000000000000000e+00
1.153999999999999915e+01,4.200000000000003175e-01,0.000000000000000000e+00,0.000000000000000000e+00
1.156000000000000050e+01,4.240000000000003211e-01,0.000000000000000000e+00,0.000000000000000000e+00
1.158000000000000007e+01,4.280000000000003246e-01,0.000000000000000000e+00,0.000000000000000000e+00
1.159999999999999964e+01,4.320000000000003282e-01,0.000000000000000000e+00,0.000000000000000000e+00
1.161999999999999922e+01,4.360000000000003317e-01,0.000000000000000000e+00,0.000000000000000000e+00
1.164000000000000057e+01,4.400000000000003353e-01,0.000000000000000000e+00,0.000000000000000000e+00
1.166000000000000014e+01,4.440000000000003388e-01,0.000000000000000000e+00,0.000000000000000000e+00
1.167999999999999972e+01,4.480000000000003424e-01,0.000000000000000000e+00,0.000000000000000000e+00
1.169999999999999929e+01,4.520000000000003459e-01,0.000000000000000000e+00,0.000000000000000000e+00
1.172000000000000064e+01,4.560000000000003495e-01,0.000000000000000000e+00,0.000000000000000000e+00
1.174000000000000021e+01,4.600000000000003531e-01,0.000000000000000000e+00,0.000000000000000000e+00
1.175999999999999979e+01,4.640000000000003566e-01,0.000000000000000000e+00,0.000000000000000000e+00
1.177999999999999936e+01,4.680000000000003602e-01,0.000000000000000000e+00,0.000000000000000000e+00
1.180000000000000071e+01,4.720000000000003637e-01,0.000000000000000000e+00,0.000000000000000000e+00
1.182000000000000028e+01,4.760000000000003673e-01,0.000000000000000000e+00,0.000000000000000000e+00
1.183999999999999986e+01,4.800000000000003708e-01,0.000000000000000000e+00,0.000000000000000000e+00
1.185999999999999943e+01,4.840000000000003744e-01,0.000000000000000000e+00,0.000000000000000000e+00
1.188000000000000078e+01,4.880000000000003779e-01,0.000000000000000000e+00,0.000000000000000000e+00
1.190000000000000036e+01,4.920000000000003815e-01,0.000000000000000000e+00,0.000000000000000000e+00
1.191999999999999993e+01,4.960000000000003850e-01,0.000000000000000000e+00,0.000000000000000000e+00
1.193999999999999950e+01,5.000000000000003331e-01,0.000000000000000000e+00,0.000000000000000000e+00
1.196000000000000085e+01,5.040000000000003366e-01,0.000000000000000000e+00,0.000000000000000000e+00
1.198000000000000043e+01,5.080000000000003402e-01,0.000000000000000000e+00,0.000000000000000000e+00
1.200000000000000000e+01,5.120000000000003437e-01,0.000000000000000000e+00,0.000000000000000000e+00
1.201999999999999957e+01,5.160000000000003473e-01,0.000000000000000000e+00,0.000000000000000000e+00
1.203999999999999915e+01,5.200000000000003508e-01,0.000000000000000000e+00,0.000000000000000000e+00
1.206000000000000050e+01,5.240000000000003544e-01,0.000000000000000000e+00,0.000000000000000000e+00
1.208000000000000007e+01,5.280000000000003579e-01,0.000000000000000000e+00,0.000000000000000000e+00
1.209999999999999964e+01,5.320000000000003615e-01,0.000000000000000000e+00,0.000000000000000000e+00
1.211999999999999922e+01,5.360000000000003650e-01,0.000000000000000000e+00,0.000000000000000000e+00
1.214000000000000057e+01,5.400000000000003686e-01,0.000000000000000000e+00,0.000000000000000000e+00
1.216000000000000014e+01,5.440000000000003721e-01,0.000000000000000000e+00,0.000000000000000000e+00
1.217999999999999972e+01,5.480000000000003757e-01,0.000000000000000000e+00,0.000000000000000000e+00
1.219999999999999929e+01,5.520000000000003793e-01,0.000000000000000000e+00,0.000000000000000000e+00
1.222000000000000064e+01,5.560000000000003828e-01,0.000000000000000000e+00,0.000000000000000000e+00
1.224000000000000021e+01,5.600000000000003864e-01,0.000000000000000000e+00,0.000000000000000000e+00
1.225999999999999979e+01,5.640000000000003899e-01,0.000000000000000000e+00,0.000000000000000000e+00
1.227999999999999936e+01,5.680000000000003935e-01,0.000000000000000000e+00,0.000000000000000000e+00
1.230000000000000071e+01,5.720000000000003970e-01,0.000000000000000000e+00,0.000000000000000000e+00
1.232000000000000028e+01,5.760000000000004006e-01,0.000000000000000000e+00,0.000000000000000000e+00
1.233999999999999986e+01,5.800000000000004041e-01,0.000000000000000000e+00,0.000000000000000000e+00
1.235999999999999943e+01,5.840000000000004077e-01,0.000000000000000000e+00,0.000000000000000000e+00
1.238000000000000078e+01,5.880000000000004112e-01,0.000000000000000000e+00,0.000000000000000000e+00
1.240000000000000036e+01,5.920000000000004148e-01,0.000000000000000000e+00,0.000000000000000000e+00
1.241999999999999993e+01,5.960000000000004183e-01,0.000000000000000000e+00,0.000000000000000000e+00
1.243999999999999950e+01,6.000000000000004219e-01,0.000000000000000000e+00,0.000000000000000000e+00
1.246000000000000085e+01,6.040000000000004254e-01,0.000000000000000000e+00,0.000000000000000000e+00
1.248000000000000043e+01,6.080000000000004290e-01,0.000000000000000000e+00,0.000000000000000000e+00
1.250000000000000000e+01,6.120000000000004325e-01,0.000000000000000000e+00,0.000000000000000000e+00
1.251999999999999957e+01,6.160000000000004361e-01,0.000000000000000000e+00,0.000000000000000000e+00
1.253999999999999915e+01,6.200000000000004396e-01,0.000000000000000000e+00,0.000000000000000000e+00
1.256000000000000050e+01,6.240000000000004432e-01,0.000000000000000000e+00,0.000000000000000000e+00
1.258000000000000007e+01,6.280000000000004468e-01,0.000000000000000000e+00,0.000000000000000000e+00
1.259999999999999964e+01,6.320000000000004503e-01,0.000000000000000000e+00,0.000000000000000000e+00
1.261999999999999922e+01,6.360000000000004539e-01,0.000000000000000000e+00,0.000000000000000000e+00
1.264000000000000057e+01,6.400000000000004574e-01,0.000000000000000000e+00,0.000000000000000000e+00
1.266000000000000014e+01,6.440000000000004610e-01,0.000000000000000000e+00,0.000000000000000000e+00
1.267999999999999972e+01,6.480000000000004645e-01,0.000000000000000000e+00,0.000000000000000000e+00
1.269999999999999929e+01,6.520000000000004681e-01,0.000000000000000000e+00,0.000000000000000000e+00
1.272000000000000064e+01,6.560000000000004716e-01,0.000000000000000000e+00,0.000000000000000000e+00
1.274000000000000021e+01,6.600000000000004752e-01,0.000000000000000000e+00,0.000000000000000000e+00
1.275999999999999979e+01,6.640000000000004787e-01,0.000000000000000000e+00,0.000000000000000000e+00
1.277999999999999936e+01,6.680000000000004823e-01,0.000000000000000000e+00,0.000000000000000000e+00
1.280000000000000071e+01,6.720000000000004858e-01,0.000000000000000000e+00,0.000000000000000000e+00
1.282000000000000028e+01,6.760000000000004894e-01,0.000000000000000000e+00,0.000000000000000000e+00
1.283999999999999986e+01,6.800000000000004929e-01,0.000000000000000000e+00,0.000000000000000000e+00
1.285999999999999943e+01,6.840000000000004965e-01,0.000000000000000000e+00,0.000000000000000000e+00
1.288000000000000078e+01,6.880000000000005000e-01,0.000000000000000000e+00,0.000000000000000000e+00
1.290000000000000036e+01,6.920000000000005036e-01,0.000000000000000000e+00,0.000000000000000000e+00
1.291999999999999993e+01,6.960000000000005071e-01,0.000000000000000000e+00,0.000000000000000000e+00
1.293999999999999950e+01,7.000000000000005107e-01,0.000000000000000000e+00,0.000000000000000000e+00
1.296000000000000085e+01,7.040000000000005143e-01,0.000000000000000000e+00,0.000000000000000000e+00
1.298000000000000043e+01,7.080000000000005178e-01,0.000000000000000000e+00,0.000000000000000000e+00
1.300000000000000000e+01,7.120000000000005214e-01,0.000000000000000000e+00,0.000000000000000000e+00
1.301999999999999957e+01,7.160000000000005249e-01,0.000000000000000000e+00,0.000000000000000000e+00
1.303999999999999915e+01,7.200000000000005285e-01,0.000000000000000000e+00,0.000000000000000000e+00
1.306000000000000050e+01,7.240000000000005320e-01,0.000000000000000000e+00,0.000000000000000000e+00
1.308000000000000007e+01,7.280000000000005356e-01,0.000000000000000000e+00,0.000000000000000000e+00
1.309999999999999964e+01,7.320000000000005391e-01,0.000000000000000000e+00,0.000000000000000000e+00
1.311999999999999922e+01,7.360000000000005427e-01,0.000000000000000000e+00,0.000000000000000000e+00
1.314000000000000057e+01,7.400000000000005462e-01,0.000000000000000000e+00,0.000000000000000000e+00
1.316000000000000014e+01,7.440000000000005498e-01,0.000000000000000000e+00,0.000000000000000000e+00
1.317999999999999972e+01,7.480000000000005533e-01,0.000000000000000000e+00,0.000000000000000000e+00
1.319999999999999929e+01,7.520000000000005569e-01,0.000000000000000000e+00,0.000000000000000000e+00
1.322000000000000064e+01,7.560000000000005604e-01,0.000000000000000000e+00,0.000000000000000000e+00
1.324000000000000021e+01,7.600000000000005640e-01,0.000000000000000000e+00,0.000000000000000000e+00
1.325999999999999979e+01,7.640000000000005675e-01,0.000000000000000000e+00,0.000000000000000000e+00
1.327999999999999936e+01,7.680000000000005711e-01,0.000000000000000000e+00,0.000000000000000000e+00
1.330000000000000071e+01,7.720000000000005747e-01,0.000000000000000000e+00,0.000000000000000000e+00
1.332000000000000028e+01,7.760000000000005782e-01,0.000000000000000000e+00,0.000000000000000000e+00
1.333999999999999986e+01,7.800000000000005818e-01,0.000000000000000000e+00,0.000000000000000000e+00
1.335999999999999943e+01,7.840000000000005853e-01,0.000000000000000000e+00,0.000000000000000000e+00
1.338000000000000078e+01,7.880000000000005889e-01,0.000000000000000000e+00,0.000000000000000000e+00
1.340000000000000036e+01,7.920000000000005924e-01,0.000000000000000000e+00,0.000000000000000000e+00
1.341999999999999993e+01,7.960000000000005960e-01,0.000000000000000000e+00,0.000000000000000000e+00
1.343999999999999950e+01,8.000000000000005995e-01,0.000000000000000000e+00,0.000000000000000000e+00
1.346000000000000085e+01,8.040000000000006031e-01,0.000000000000000000e+00,0.000000000000000000e+00
1.348000000000000043e+01,8.080000000000006066e-01,0.000000000000000000e+00,0.000000000000000000e+00
1.350000000000000000e+01,8.120000000000006102e-01,0.000000000000000000e+00,0.000000000000000000e+00
1.351999999999999957e+01,8.160000000000006137e-01,0.000000000000000000e+00,0.000000000000000000e+00
1.353999999999999915e+01,8.200000000000006173e-01,0.000000000000000000e+00,0.000000000000000000e+00
1.356000000000000050e+01,8.240000000000006208e-01,0.000000000000000000e+00,0.000000000000000000e+00
1.358000000000000007e+01,8.280000000000006244e-01,0.000000000000000000e+00,0.000000000000000000e+00
1.359999999999999964e+01,8.320000000000006279e-01,0.000000000000000000e+00,0.000000000000000000e+00
1.361999999999999922e+01,8.360000000000006315e-01,0.000000000000000000e+00,0.000000000000000000e+00
1.364000000000000057e+01,8.400000000000006350e-01,0.000000000000000000e+00,0.000000000000000000e+00
1.366000000000000014e+01,8.440000000000006386e-01,0.000000000000000000e+00,0.000000000000000000e+00
1.367999999999999972e+01,8.480000000000006422e-01,0.000000000000000000e+00,0.000000000000000000e+00
1.369999999999999929e+01,8.520000000000006457e-01,0.000000000000000000e+00,0.000000000000000000e+00
1.372000000000000064e+01,8.560000000000006493e-01,0.000000000000000000e+00,0.000000000000000000e+00
1.374000000000000021e+01,8.600000000000006528e-01,0.000000000000000000e+00,0.000000000000000000e+00
1.375999999999999979e+01,8.640000000000006564e-01,0.000000000000000000e+00,0.000000000000000000e+00
1.377999999999999936e+01,8.680000000000006599e-01,0.000000000000000000e+00,0.000000000000000000e+00
1.380000000000000071e+01,8.720000000000006635e-01,0.000000000000000000e+00,0.000000000000000000e+00
1.382000000000000028e+01,8.760000000000006670e-01,0.000000000000000000e+00,0.000000000000000000e+00
1.383999999999999986e+01,8.800000000000006706e-01,0.000000000000000000e+00,0.000000000000000000e+00
1.385999999999999943e+01,8.840000000000006741e-01,0.000000000000000000e+00,0.000000000000000000e+00
1.388000000000000078e+01,8.880000000000006777e-01,0.000000000000000000e+00,0.000000000000000000e+00
1.390000000000000036e+01,8.920000000000006812e-01,0.000000000000000000e+00,0.000000000000000000e+00
1.391999999999999993e+01,8.960000000000006848e-01,0.000000000000000000e+00,0.000000000000000000e+00
1.393999999999999950e+01,9.000000000000006883e-01,0.000000000000000000e+00,0.000000000000000000e+00
1.396000000000000085e+01,9.040000000000006919e-01,0.000000000000000000e+00,0.000000000000000000e+00
1.398000000000000043e+01,9.080000000000006954e-01,0.000000000000000000e+00,0.000000000000000000e+00
1.400000000000000000e+01,9.120000000000006990e-01,0.000000000000000000e+00,0.000000000000000000e+00
1.401999999999999957e+01,9.160000000000007025e-01,0.000000000000000000e+00,0.000000000000000000e+00
1.403999999999999915e+01,9.200000000000007061e-01,0.000000000000000000e+00,0.000000000000000000e+00
1.406000000000000050e+01,9.240000000000007097e-01,0.000000000000000000e+00,0.000000000000000000e+00
1.408000000000000007e+01,9.280000000000007132e-01,0.000000000000000000e+00,0.000000000000000000e+00
1.409999999999999964e+01,9.320000000000007168e-01,0.000000000000000000e+00,0.000000000000000000e+00
1.411999999999999922e+01,9.360000000000007203e-01,0.000000000000000000e+00,0.000000000000000000e+00
1.414000000000000057e+01,9.400000000000007239e-01,0.000000000000000000e+00,0.000000000000000000e+00
1.416000000000000014e+01,9.440000000000007274e-01,0.000000000000000000e+00,0.000000000000000000e+00
1.417999999999999972e+01,9.480000000000007310e-01,0.000000000000000000e+00,0.000000000000000000e+00
1.419999999999999929e+01,9.520000000000007345e-01,0.000000000000000000e+00,0.000000000000000000e+00
1.422000000000000064e+01,9.560000000000007381e-01,0.000000000000000000e+00,0.000000000000000000e+00
1.424000000000000021e+01,9.600000000000007416e-01,0.000000000000000000e+00,0.000000000000000000e+00
1.425999999999999979e+01,9.640000000000007452e-01,0.000000000000000000e+00,0.000000000000000000e+00
1.427999999999999936e+01,9.680000000000007487e-01,0.000000000000000000e+00,0.000000000000000000e+00
1.430000000000000071e+01,9.720000000000007523e-01,0.000000000000000000e+00,0.000000000000000000e+00
1.432000000000000028e+01,9.760000000000007558e-01,0.000000000000000000e+00,0.000000000000000000e+00
1.433999999999999986e+01,9.800000000000007594e-01,0.000000000000000000e+00,0.000000000000000000e+00
1.435999999999999943e+01,9.840000000000007629e-01,0.000000000000000000e+00,0.000000000000000000e+00
1.438000000000000078e+01,9.880000000000007665e-01,0.000000000000000000e+00,0.000000000000000000e+00
1.440000000000000036e+01,9.920000000000007701e-01,0.000000000000000000e+00,0.000000000000000000e+00
1.441999999999999993e+01,9.960000000000007736e-01,0.000000000000000000e+00,0.000000000000000000e+00
1.443999999999999950e+01,1.000000000000000666e+00,0.000000000000000000e+00,0.000000000000000000e+00
1.446000000000000085e+01,1.004000000000000670e+00,0.000000000000000000e+00,0.000000000000000000e+00
1.448000000000000043e+01,1.008000000000000673e+00,0.000000000000000000e+00,0.000000000000000000e+00
1.450000000000000000e+01,1.012000000000000677e+00,0.000000000000000000e+00,0.000000000000000000e+00
1.451999999999999957e+01,1.016000000000000680e+00,0.000000000000000000e+00,0.000000000000000000e+00
1.453999999999999915e+01,1.020000000000000684e+00,0.000000000000000000e+00,0.000000000000000000e+00
1.456000000000000050e+01,1.024000000000000687e+00,0.000000000000000000e+00,0.000000000000000000e+00
1.458000000000000007e+01,1.028000000000000691e+00,0.000000000000000000e+00,0.000000000000000000e+00
1.459999999999999964e+01,1.032000000000000695e+00,0.000000000000000000e+00,0.000000000000000000e+00
1.461999999999999922e+01,1.036000000000000698e+00,0.000000000000000000e+00,0.000000000000000000e+00
1.464000000000000057e+01,1.040000000000000702e+00,0.000000000000000000e+00,0.000000000000000000e+00
1.466000000000000014e+01,1.044000000000000705e+00,0.000000000000000000e+00,0.000000000000000000e+00
1.467999999999999972e+01,1.048000000000000709e+00,0.000000000000000000e+00,0.000000000000000000e+00
1.469999999999999929e+01,1.052000000000000712e+00,0.000000000000000000e+00,0.000000000000000000e+00
1.472000000000000064e+01,1.056000000000000716e+00,0.000000000000000000e+00,0.000000000000000000e+00
1.474000000000000021e+01,1.060000000000000719e+00,0.000000000000000000e+00,0.000000000000000000e+00
1.475999999999999979e+01,1.064000000000000723e+00,0.000000000000000000e+00,0.000000000000000000e+00
1.477999999999999936e+01,1.068000000000000727e+00,0.000000000000000000e+00,0.000000000000000000e+00
1.480000000000000071e+01,1.072000000000000730e+00,0.000000000000000000e+00,0.000000000000000000e+00
1.482000000000000028e+01,1.076000000000000734e+00,0.000000000000000000e+00,0.000000000000000000e+00
1.483999999999999986e+01,1.080000000000000737e+00,0.000000000000000000e+00,0.000000000000000000e+00
1.485999999999999943e+01,1.084000000000000741e+00,0.000000000000000000e+00,0.000000000000000000e+00
1.488000000000000078e+01,1.088000000000000744e+00,0.000000000000000000e+00,0.000000000000000000e+00
1.490000000000000036e+01,1.092000000000000748e+00,0.000000000000000000e+00,0.000000000000000000e+00
1.491999999999999993e+01,1.096000000000000751e+00,0.000000000000000000e+00,0.000000000000000000e+00
1.493999999999999950e+01,1.100000000000000755e+00,0.000000000000000000e+00,0.000000000000000000e+00
1.496000000000000085e+01,1.104000000000000759e+00,0.000000000000000000e+00,0.000000000000000000e+00
1.498000000000000043e+01,1.108000000000000762e+00,0.000000000000000000e+00,0.000000000000000000e+00
1.500000000000000000e+01,1.112000000000000766e+00,0.000000000000000000e+00,0.000000000000000000e+00
1.501999999999999957e+01,1.116000000000000769e+00,0.000000000000000000e+00,0.000000000000000000e+00
1.503999999999999915e+01,1.120000000000000773e+00,0.000000000000000000e+00,0.000000000000000000e+00
1.506000000000000050e+01,1.124000000000000776e+00,0.000000000000000000e+00,0.000000000000000000e+00
1.508000000000000007e+01,1.128000000000000780e+00,0.000000000000000000e+00,0.000000000000000000e+00
1.509999999999999964e+01,1.132000000000000783e+00,0.000000000000000000e+00,0.000000000000000000e+00
1.511999999999999922e+01,1.136000000000000787e+00,0.000000000000000000e+00,0.000000000000000000e+00
1.514000000000000057e+01,1.140000000000000790e+00,0.000000000000000000e+00,0.000000000000000000e+00
1.516000000000000014e+01,1.144000000000000794e+00,0.000000000000000000e+00,0.000000000000000000e+00
1.517999999999999972e+01,1.148000000000000798e+00,0.000000000000000000e+00,0.000000000000000000e+00
1.519999999999999929e+01,1.152000000000000801e+00,0.000000000000000000e+00,0.000000000000000000e+00
1.522000000000000064e+01,1.156000000000000805e+00,0.000000000000000000e+00,0.000000000000000000e+00
1.524000000000000021e+01,1.160000000000000808e+00,0.000000000000000000e+00,0.000000000000000000e+00
1.525999999999999979e+01,1.164000000000000812e+00,0.000000000000000000e+00,0.000000000000000000e+00
1.527999999999999936e+01,1.168000000000000815e+00,0.000000000000000000e+00,0.000000000000000000e+00
1.530000000000000071e+01,1.172000000000000819e+00,0.000000000000000000e+00,0.000000000000000000e+00
1.532000000000000028e+01,1.176000000000000822e+00,0.000000000000000000e+00,0.000000000000000000e+00
1.533999999999999986e+01,1.180000000000000826e+00,0.000000000000000000e+00,0.000000000000000000e+00
1.535999999999999943e+01,1.184000000000000830e+00,0.000000000000000000e+00,0.000000000000000000e+00
1.538000000000000078e+01,1.188000000000000833e+00,0.000000000000000000e+00,0.000000000000000000e+00
1.540000000000000036e+01,1.192000000000000837e+00,0.000000000000000000e+00,0.000000000000000000e+00
1.541999999999999993e+01,1.196000000000000840e+00,0.000000000000000000e+00,0.000000000000000000e+00
1.543999999999999950e+01,1.200000000000000844e+00,0.000000000000000000e+00,0.000000000000000000e+00
1.546000000000000085e+01,1.204000000000000847e+00,0.000000000000000000e+00,0.000000000000000000e+00
1.548000000000000043e+01,1.208000000000000851e+00,0.000000000000000000e+00,0.000000000000000000e+00
1.550000000000000000e+01,1.212000000000000854e+00,0.000000000000000000e+00,0.000000000000000000e+00
1.551999999999999957e+01,1.216000000000000858e+00,0.000000000000000000e+00,0.000000000000000000e+00
1.553999999999999915e+01,1.220000000000000862e+00,0.000000000000000000e+00,0.000000000000000000e+00
1.556000000000000050e+01,1.224000000000000865e+00,0.000000000000000000e+00,0.000000000000000000e+00
1.558000000000000007e+01,1.228000000000000869e+00,0.000000000000000000e+00,0.000000000000000000e+00
1.559999999999999964e+01,1.232000000000000872e+00,0.000000000000000000e+00,0.000000000000000000e+00
1.561999999999999922e+01,1.236000000000000876e+00,0.000000000000000000e+00,0.000000000000000000e+00
1.564000000000000057e+01,1.240000000000000879e+00,0.000000000000000000e+00,0.000000000000000000e+00
1.566000000000000014e+01,1.244000000000000883e+00,0.000000000000000000e+00,0.000000000000000000e+00
1.567999999999999972e+01,1.248000000000000886e+00,0.000000000000000000e+00,0.000000000000000000e+00
1.569999999999999929e+01,1.252000000000000890e+00,0.000000000000000000e+00,0.000000000000000000e+00
1.572000000000000064e+01,1.256000000000000894e+00,0.000000000000000000e+00,0.000000000000000000e+00
1.574000000000000021e+01,1.260000000000000897e+00,0.000000000000000000e+00,0.000000000000000000e+00
1.575999999999999979e+01,1.264000000000000901e+00,0.000000000000000000e+00,0.000000000000000000e+00
1.577999999999999936e+01,1.268000000000000904e+00,0.000000000000000000e+00,0.000000000000000000e+00
1.580000000000000071e+01,1.272000000000000908e+00,0.000000000000000000e+00,0.000000000000000000e+00
1.582000000000000028e+01,1.276000000000000911e+00,0.000000000000000000e+00,0.000000000000000000e+00
1.583999999999999986e+01,1.280000000000000915e+00,0.000000000000000000e+00,0.000000000000000000e+00
1.585999999999999943e+01,1.284000000000000918e+00,0.000000000000000000e+00,0.000000000000000000e+00
1.588000000000000078e+01,1.288000000000000922e+00,0.000000000000000000e+00,0.000000000000000000e+00
1.590000000000000036e+01,1.292000000000000925e+00,0.000000000000000000e+00,0.000000000000000000e+00
1.591999999999999993e+01,1.296000000000000929e+00,0.000000000000000000e+00,0.000000000000000000e+00
1.593999999999999950e+01,1.300000000000000933e+00,0.000000000000000000e+00,0.000000000000000000e+00
1.596000000000000085e+01,1.304000000000000936e+00,0.000000000000000000e+00,0.000000000000000000e+00
1.598000000000000043e+01,1.308000000000000940e+00,0.000000000000000000e+00,0.000000000000000000e+00
1.600000000000000000e+01,1.312000000000000943e+00,0.000000000000000000e+00,0.000000000000000000e+00
1.601999999999999957e+01,1.316000000000000947e+00,0.000000000000000000e+00,0.000000000000000000e+00
1.603999999999999915e+01,1.320000000000000950e+00,0.000000000000000000e+00,0.000000000000000000e+00
1.605999999999999872e+01,1.324000000000000954e+00,0.000000000000000000e+00,0.000000000000000000e+00
1.607999999999999829e+01,1.328000000000000957e+00,0.000000000000000000e+00,0.000000000000000000e+00
1.610000000000000142e+01,1.332000000000000961e+00,0.000000000000000000e+00,0.000000000000000000e+00
1.612000000000000099e+01,1.336000000000000965e+00,0.000000000000000000e+00,0.000000000000000000e+00
1.614000000000000057e+01,1.340000000000000968e+00,0.000000000000000000e+00,0.000000000000000000e+00
1.616000000000000014e+01,1.344000000000000972e+00,0.000000000000000000e+00,0.000000000000000000e+00
1.617999999999999972e+01,1.348000000000000975e+00,0.000000000000000000e+00,0.000000000000000000e+00
1.619999999999999929e+01,1.352000000000000979e+00,0.000000000000000000e+00,0.000000000000000000e+00
1.621999999999999886e+01,1.356000000000000982e+00,0.000000000000000000e+00,0.000000000000000000e+00
1.623999999999999844e+01,1.360000000000000986e+00,0.000000000000000000e+00,0.000000000000000000e+00
1.626000000000000156e+01,1.364000000000000989e+00,0.000000000000000000e+00,0.000000000000000000e+00
1.628000000000000114e+01,1.368000000000000993e+00,0.000000000000000000e+00,0.000000000000000000e+00
1.630000000000000071e+01,1.372000000000000997e+00,0.000000000000000000e+00,0.000000000000000000e+00
1.632000000000000028e+01,1.376000000000001000e+00,0.000000000000000000e+00,0.000000000000000000e+00
1.633999999999999986e+01,1.380000000000001004e+00,0.000000000000000000e+00,0.000000000000000000e+00
1.635999999999999943e+01,1.384000000000001007e+00,0.000000000000000000e+00,0.000000000000000000e+00
1.637999999999999901e+01,1.388000000000001011e+00,0.000000000000000000e+00,0.000000000000000000e+00
1.639999999999999858e+01,1.392000000000001014e+00,0.000000000000000000e+00,0.000000000000000000e+00
1.642000000000000171e+01,1.396000000000001018e+00,0.000000000000000000e+00,0.000000000000000000e+00
1.644000000000000128e+01,1.400000000000001021e+00,0.000000000000000000e+00,0.000000000000000000e+00
1.646000000000000085e+01,1.404000000000001025e+00,0.000000000000000000e+00,0.000000000000000000e+00
1.648000000000000043e+01,1.408000000000001029e+00,0.000000000000000000e+00,0.000000000000000000e+00
1.650000000000000000e+01,1.412000000000001032e+00,0.000000000000000000e+00,0.000000000000000000e+00
1.651999999999999957e+01,1.416000000000001036e+00,0.000000000000000000e+00,0.000000000000000000e+00
1.653999999999999915e+01,1.420000000000001039e+00,0.000000000000000000e+00,0.000000000000000000e+00
1.655999999999999872e+01,1.424000000000001043e+00,0.000000000000000000e+00,0.000000000000000000e+00
1.657999999999999829e+01,1.428000000000001046e+00,0.000000000000000000e+00,0.000000000000000000e+00
1.660000000000000142e+01,1.432000000000001050e+00,0.000000000000000000e+00,0.000000000000000000e+00
1.662000000000000099e+01,1.436000000000001053e+00,0.000000000000000000e+00,0.000000000000000000e+00
1.664000000000000057e+01,1.440000000000001057e+00,0.000000000000000000e+00,0.000000000000000000e+00
1.666000000000000014e+01,1.444000000000001060e+00,0.000000000000000000e+00,0.000000000000000000e+00
1.667999999999999972e+01,1.448000000000001064e+00,0.000000000000000000e+00,0.000000000000000000e+00
1.669999999999999929e+01,1.452000000000001068e+00,0.000000000000000000e+00,0.000000000000000000e+00
1.671999999999999886e+01,1.456000000000001071e+00,0.000000000000000000e+00,0.000000000000000000e+00
1.673999999999999844e+01,1.460000000000001075e+00,0.000000000000000000e+00,0.000000000000000000e+00
1.676000000000000156e+01,1.464000000000001078e+00,0.000000000000000000e+00,0.000000000000000000e+00
1.678000000000000114e+01,1.468000000000001082e+00,0.000000000000000000e+00,0.000000000000000000e+00
1.680000000000000071e+01,1.472000000000001085e+00,0.000000000000000000e+00,0.000000000000000000e+00
1.682000000000000028e+01,1.476000000000001089e+00,0.000000000000000000e+00,0.000000000000000000e+00
1.683999999999999986e+01,1.480000000000001092e+00,0.000000000000000000e+00,0.000000000000000000e+00
1.685999999999999943e+01,1.484000000000001096e+00,0.000000000000000000e+00,0.000000000000000000e+00
1.687999999999999901e+01,1.488000000000001100e+00,0.000000000000000000e+00,0.000000000000000000e+00
1.689999999999999858e+01,1.492000000000001103e+00,0.000000000000000000e+00,0.000000000000000000e+00
1.692000000000000171e+01,1.496000000000001107e+00,0.000000000000000000e+00,0.000000000000000000e+00
1.694000000000000128e+01,1.500000000000001110e+00,0.000000000000000000e+00,0.000000000000000000e+00
1.696000000000000085e+01,1.504000000000001114e+00,0.000000000000000000e+00,0.000000000000000000e+00
1.698000000000000043e+01,1.508000000000001117e+00,0.000000000000000000e+00,0.000000000000000000e+00
1.700000000000000000e+01,1.512000000000001121e+00,0.000000000000000000e+00,0.000000000000000000e+00
1.701999999999999957e+01,1.516000000000001124e+00,0.000000000000000000e+00,0.000000000000000000e+00
1.703999999999999915e+01,1.520000000000001128e+00,0.000000000000000000e+00,0.000000000000000000e+00
1.705999999999999872e+01,1.524000000000001132e+00,0.000000000000000000e+00,0.000000000000000000e+00
1.707999999999999829e+01,1.528000000000001135e+00,0.000000000000000000e+00,0.000000000000000000e+00
1.710000000000000142e+01,1.532000000000001139e+00,0.000000000000000000e+00,0.000000000000000000e+00
1.712000000000000099e+01,1.536000000000001142e+00,0.000000000000000000e+00,0.000000000000000000e+00
1.714000000000000057e+01,1.540000000000001146e+00,0.000000000000000000e+00,0.000000000000000000e+00
1.716000000000000014e+01,1.544000000000001149e+00,0.000000000000000000e+00,0.000000000000000000e+00
1.717999999999999972e+01,1.548000000000001153e+00,0.000000000000000000e+00,0.000000000000000000e+00
1.719999999999999929e+01,1.552000000000001156e+00,0.000000000000000000e+00,0.000000000000000000e+00
1.721999999999999886e+01,1.556000000000001160e+00,0.000000000000000000e+00,0.000000000000000000e+00
1.723999999999999844e+01,1.560000000000001164e+00,0.000000000000000000e+00,0.000000000000000000e+00
1.726000000000000156e+01,1.564000000000001167e+00,0.000000000000000000e+00,0.000000000000000000e+00
1.728000000000000114e+01,1.568000000000001171e+00,0.000000000000000000e+00,0.000000000000000000e+00
1.730000000000000071e+01,1.572000000000001174e+00,0.000000000000000000e+00,0.000000000000000000e+00
1.732000000000000028e+01,1.576000000000001178e+00,0.000000000000000000e+00,0.000000000000000000e+00
1.733999999999999986e+01,1.580000000000001181e+00,0.000000000000000000e+00,0.000000000000000000e+00
1.735999999999999943e+01,1.584000000000001185e+00,0.000000000000000000e+00,0.000000000000000000e+00
1.737999999999999901e+01,1.588000000000001188e+00,0.000000000000000000e+00,0.000000000000000000e+00
1.739999999999999858e+01,1.592000000000001192e+00,0.000000000000000000e+00,0.000000000000000000e+00
1.742000000000000171e+01,1.596000000000001195e+00,0.000000000000000000e+00,0.000000000000000000e+00
1.744000000000000128e+01,1.600000000000001199e+00,0.000000000000000000e+00,0.000000000000000000e+00
1.746000000000000085e+01,1.604000000000001203e+00,0.000000000000000000e+00,0.000000000000000000e+00
1.748000000000000043e+01,1.608000000000001206e+00,0.000000000000000000e+00,0.000000000000000000e+00
1.750000000000000000e+01,1.612000000000001210e+00,0.000000000000000000e+00,0.000000000000000000e+00
1.751999999999999957e+01,1.616000000000001213e+00,0.000000000000000000e+00,0.000000000000000000e+00
1.753999999999999915e+01,1.620000000000001217e+00,0.000000000000000000e+00,0.000000000000000000e+00
1.755999999999999872e+01,1.624000000000001220e+00,0.000000000000000000e+00,0.000000000000000000e+00
1.757999999999999829e+01,1.628000000000001224e+00,0.000000000000000000e+00,0.000000000000000000e+00
1.760000000000000142e+01,1.632000000000001227e+00,0.000000000000000000e+00,0.000000000000000000e+00
1.762000000000000099e+01,1.636000000000001231e+00,0.000000000000000000e+00,0.000000000000000000e+00
1.764000000000000057e+01,1.640000000000001235e+00,0.000000000000000000e+00,0.000000000000000000e+00
1.766000000000000014e+01,1.644000000000001238e+00,0.000000000000000000e+00,0.000000000000000000e+00
1.767999999999999972e+01,1.648000000000001242e+00,0.000000000000000000e+00,0.000000000000000000e+00
1.769999999999999929e+01,1.652000000000001245e+00,0.000000000000000000e+00,0.000000000000000000e+00
1.771999999999999886e+01,1.656000000000001249e+00,0.000000000000000000e+00,0.000000000000000000e+00
1.773999999999999844e+01,1.660000000000001252e+00,0.000000000000000000e+00,0.000000000000000000e+00
1.776000000000000156e+01,1.664000000000001256e+00,0.000000000000000000e+00,0.000000000000000000e+00
1.778000000000000114e+01,1.668000000000001259e+00,0.000000000000000000e+00,0.000000000000000000e+00
1.780000000000000071e+01,1.672000000000001263e+00,0.000000000000000000e+00,0.000000000000000000e+00
1.782000000000000028e+01,1.676000000000001267e+00,0.000000000000000000e+00,0.000000000000000000e+00
1.783999999999999986e+01,1.680000000000001270e+00,0.000000000000000000e+00,0.000000000000000000e+00
1.785999999999999943e+01,1.684000000000001274e+00,0.000000000000000000e+00,0.000000000000000000e+00
1.787999999999999901e+01,1.688000000000001277e+00,0.000000000000000000e+00,0.000000000000000000e+00
1.789999999999999858e+01,1.692000000000001281e+00,0.000000000000000000e+00,0.000000000000000000e+00
1.792000000000000171e+01,1.696000000000001284e+00,0.000000000000000000e+00,0.000000000000000000e+00
1.794000000000000128e+01,1.700000000000001288e+00,0.000000000000000000e+00,0.000000000000000000e+00
1.796000000000000085e+01,1.704000000000001291e+00,0.000000000000000000e+00,0.000000000000000000e+00
1.798000000000000043e+01,1.708000000000001295e+00,0.000000000000000000e+00,0.000000000000000000e+00
1.800000000000000000e+01,1.712000000000001299e+00,0.000000000000000000e+00,0.000000000000000000e+00
1.801999999999999957e+01,1.716000000000001302e+00,0.000000000000000000e+00,0.000000000000000000e+00
1.803999999999999915e+01,1.720000000000001306e+00,0.000000000000000000e+00,0.000000000000000000e+00
1.805999999999999872e+01,1.724000000000001309e+00,0.000000000000000000e+00,0.000000000000000000e+00
1.807999999999999829e+01,1.728000000000001313e+00,0.000000000000000000e+00,0.000000000000000000e+00
1.810000000000000142e+01,1.732000000000001316e+00,0.000000000000000000e+00,0.000000000000000000e+00
1.812000000000000099e+01,1.736000000000001320e+00,0.000000000000000000e+00,0.000000000000000000e+00
1.814000000000000057e+01,1.740000000000001323e+00,0.000000000000000000e+00,0.000000000000000000e+00
1.816000000000000014e+01,1.744000000000001327e+00,0.000000000000000000e+00,0.000000000000000000e+00
1.817999999999999972e+01,1.748000000000001330e+00,0.000000000000000000e+00,0.000000000000000000e+00
1.819999999999999929e+01,1.752000000000001334e+00,0.000000000000000000e+00,0.000000000000000000e+00
1.821999999999999886e+01,1.756000000000001338e+00,0.000000000000000000e+00,0.000000000000000000e+00
1.823999999999999844e+01,1.760000000000001341e+00,0.000000000000000000e+00,0.000000000000000000e+00
1.826000000000000156e+01,1.764000000000001345e+00,0.000000000000000000e+00,0.000000000000000000e+00
1.828000000000000114e+01,1.768000000000001348e+00,0.000000000000000000e+00,0.000000000000000000e+00
1.830000000000000071e+01,1.772000000000001352e+00,0.000000000000000000e+00,0.000000000000000000e+00
1.832000000000000028e+01,1.776000000000001355e+00,0.000000000000000000e+00,0.000000000000000000e+00
1.833999999999999986e+01,1.780000000000001359e+00,0.000000000000000000e+00,0.000000000000000000e+00
1.835999999999999943e+01,1.784000000000001362e+00,0.000000000000000000e+00,0.000000000000000000e+00
1.837999999999999901e+01,1.788000000000001366e+00,0.000000000000000000e+00,0.000000000000000000e+00
1.839999999999999858e+01,1.792000000000001370e+00,0.000000000000000000e+00,0.000000000000000000e+00
1.842000000000000171e+01,1.796000000000001373e+00,0.000000000000000000e+00,0.000000000000000000e+00
1.844000000000000128e+01,1.800000000000001377e+00,0.000000000000000000e+00,0.000000000000000000e+00
1.846000000000000085e+01,1.804000000000001380e+00,0.000000000000000000e+00,0.000000000000000000e+00
1.848000000000000043e+01,1.808000000000001384e+00,0.000000000000000000e+00,0.000000000000000000e+00
1.850000000000000000e+01,1.812000000000001387e+00,0.000000000000000000e+00,0.000000000000000000e+00
1.851999999999999957e+01,1.816000000000001391e+00,0.000000000000000000e+00,0.000000000000000000e+00
1.853999999999999915e+01,1.820000000000001394e+00,0.000000000000000000e+00,0.000000000000000000e+00
1.855999999999999872e+01,1.824000000000001398e+00,0.000000000000000000e+00,0.000000000000000000e+00
1.857999999999999829e+01,1.828000000000001402e+00,0.000000000000000000e+00,0.000000000000000000e+00
1.860000000000000142e+01,1.832000000000001405e+00,0.000000000000000000e+00,0.000000000000000000e+00
1.862000000000000099e+01,1.836000000000001409e+00,0.000000000000000000e+00,0.000000000000000000e+00
1.864000000000000057e+01,1.840000000000001412e+00,0.000000000000000000e+00,0.000000000000000000e+00
1.866000000000000014e+01,1.844000000000001416e+00,0.000000000000000000e+00,0.000000000000000000e+00
1.867999999999999972e+01,1.848000000000001419e+00,0.000000000000000000e+00,0.000000000000000000e+00
1.869999999999999929e+01,1.852000000000001423e+00,0.000000000000000000e+00,0.000000000000000000e+00
1.871999999999999886e+01,1.856000000000001426e+00,0.000000000000000000e+00,0.000000000000000000e+00
1.873999999999999844e+01,1.860000000000001430e+00,0.000000000000000000e+00,0.000000000000000000e+00
1.876000000000000156e+01,1.864000000000001434e+00,0.000000000000000000e+00,0.000000000000000000e+00
1.878000000000000114e+01,1.868000000000001437e+00,0.000000000000000000e+00,0.000000000000000000e+00
1.880000000000000071e+01,1.872000000000001441e+00,0.000000000000000000e+00,0.000000000000000000e+00
1.882000000000000028e+01,1.876000000000001444e+00,0.000000000000000000e+00,0.000000000000000000e+00
1.883999999999999986e+01,1.880000000000001448e+00,0.000000000000000000e+00,0.000000000000000000e+00
1.885999999999999943e+01,1.884000000000001451e+00,0.000000000000000000e+00,0.000000000000000000e+00
1.887999999999999901e+01,1.888000000000001455e+00,0.000000000000000000e+00,0.000000000000000000e+00
1.889999999999999858e+01,1.892000000000001458e+00,0.000000000000000000e+00,0.000000000000000000e+00
1.892000000000000171e+01,1.896000000000001462e+00,0.000000000000000000e+00,0.000000000000000000e+00
1.894000000000000128e+01,1.900000000000001465e+00,0.000000000000000000e+00,0.000000000000000000e+00
1.896000000000000085e+01,1.904000000000001469e+00,0.000000000000000000e+00,0.000000000000000000e+00
1.898000000000000043e+01,1.908000000000001473e+00,0.000000000000000000e+00,0.000000000000000000e+00
1.900000000000000000e+01,1.912000000000001476e+00,0.000000000000000000e+00,0.000000000000000000e+00
1.901999999999999957e+01,1.916000000000001480e+00,0.000000000000000000e+00,0.000000000000000000e+00
1.903999999999999915e+01,1.920000000000001483e+00,0.000000000000000000e+00,0.000000000000000000e+00
1.905999999999999872e+01,1.924000000000001487e+00,0.000000000000000000e+00,0.000000000000000000e+00
1.907999999999999829e+01,1.928000000000001490e+00,0.000000000000000000e+00,0.000000000000000000e+00
1.910000000000000142e+01,1.932000000000001494e+00,0.000000000000000000e+00,0.000000000000000000e+00
1.912000000000000099e+01,1.936000000000001497e+00,0.000000000000000000e+00,0.000000000000000000e+00
1.914000000000000057e+01,1.940000000000001501e+00,0.000000000000000000e+00,0.000000000000000000e+00
1.916000000000000014e+01,1.944000000000001505e+00,0.000000000000000000e+00,0.000000000000000000e+00
1.917999999999999972e+01,1.948000000000001508e+00,0.000000000000000000e+00,0.000000000000000000e+00
1.919999999999999929e+01,1.952000000000001512e+00,0.000000000000000000e+00,0.000000000000000000e+00
1.921999999999999886e+01,1.956000000000001515e+00,0.000000000000000000e+00,0.000000000000000000e+00
1.923999999999999844e+01,1.960000000000001519e+00,0.000000000000000000e+00,0.000000000000000000e+00
1.926000000000000156e+01,1.964000000000001522e+00,0.000000000000000000e+00,0.000000000000000000e+00
1.928000000000000114e+01,1.968000000000001526e+00,0.000000000000000000e+00,0.000000000000000000e+00
1.930000000000000071e+01,1.972000000000001529e+00,0.000000000000000000e+00,0.000000000000000000e+00
1.932000000000000028e+01,1.976000000000001533e+00,0.000000000000000000e+00,0.000000000000000000e+00
1.933999999999999986e+01,1.980000000000001537e+00,0.000000000000000000e+00,0.000000000000000000e+00
1.935999999999999943e+01,1.984000000000001540e+00,0.000000000000000000e+00,0.000000000000000000e+00
1.937999999999999901e+01,1.988000000000001544e+00,0.000000000000000000e+00,0.000000000000000000e+00
1.939999999999999858e+01,1.992000000000001547e+00,0.000000000000000000e+00,0.000000000000000000e+00
1.942000000000000171e+01,1.996000000000001551e+00,0.000000000000000000e+00,0.000000000000000000e+00
1.944000000000000128e+01,2.000000000000001332e+00,0.000000000000000000e+00,0.000000000000000000e+00
1.946000000000000085e+01,2.004000000000001336e+00,0.000000000000000000e+00,0.000000000000000000e+00
1.948000000000000043e+01,2.008000000000001339e+00,0.000000000000000000e+00,0.000000000000000000e+00
1.950000000000000000e+01,2.012000000000001343e+00,0.000000000000000000e+00,0.000000000000000000e+00
1.951999999999999957e+01,2.016000000000001346e+00,0.000000000000000000e+00,0.000000000000000000e+00
1.953999999999999915e+01,2.020000000000001350e+00,0.000000000000000000e+00,0.000000000000000000e+00
1.955999999999999872e+01,2.024000000000001354e+00,0.000000000000000000e+00,0.000000000000000000e+00
1.957999999999999829e+01,2.028000000000001357e+00,0.000000000000000000e+00,0.000000000000000000e+00
1.960000000000000142e+01,2.032000000000001361e+00,0.000000000000000000e+00,0.000000000000000000e+00
1.962000000000000099e+01,2.036000000000001364e+00,0.000000000000000000e+00,0.000000000000000000e+00
1.964000000000000057e+01,2.040000000000001368e+00,0.000000000000000000e+00,0.000000000000000000e+00
1.966000000000000014e+01,2.044000000000001371e+00,0.000000000000000000e+00,0.000000000000000000e+00
1.967999999999999972e+01,2.048000000000001375e+00,0.000000000000000000e+00,0.000000000000000000e+00
1.969999999999999929e+01,2.052000000000001378e+00,0.000000000000000000e+00,0.000000000000000000e+00
1.971999999999999886e+01,2.056000000000001382e+00,0.000000000000000000e+00,0.000000000000000000e+00
1.973999999999999844e+01,2.060000000000001386e+00,0.000000000000000000e+00,0.000000000000000000e+00
1.976000000000000156e+01,2.064000000000001389e+00,0.000000000000000000e+00,0.000000000000000000e+00
1.978000000000000114e+01,2.068000000000001393e+00,0.000000000000000000e+00,0.000000000000000000e+00
1.980000000000000071e+01,2.072000000000001396e+00,0.000000000000000000e+00,0.000000000000000000e+00
1.982000000000000028e+01,2.076000000000001400e+00,0.000000000000000000e+00,0.000000000000000000e+00
1.983999999999999986e+01,2.080000000000001403e+00,0.000000000000000000e+00,0.000000000000000000e+00
1.985999999999999943e+01,2.084000000000001407e+00,0.000000000000000000e+00,0.000000000000000000e+00
1.987999999999999901e+01,2.088000000000001410e+00,0.000000000000000000e+00,0.000000000000000000e+00
1.989999999999999858e+01,2.092000000000001414e+00,0.000000000000000000e+00,0.000000000000000000e+00
1.992000000000000171e+01,2.096000000000001418e+00,0.000000000000000000e+00,0.000000000000000000e+00
1.994000000000000128e+01,2.100000000000001421e+00,0.000000000000000000e+00,0.000000000000000000e+00
1.996000000000000085e+01,2.104000000000001425e+00,0.000000000000000000e+00,0.000000000000000000e+00
1.998000000000000043e+01,2.108000000000001428e+00,0.000000000000000000e+00,0.000000000000000000e+00
2.000000000000000000e+01,2.112000000000001432e+00,0.000000000000000000e+00,0.000000000000000000e+00
2.001999999999999957e+01,2.116000000000001435e+00,0.000000000000000000e+00,0.000000000000000000e+00
2.003999999999999915e+01,2.120000000000001439e+00,0.000000000000000000e+00,0.000000000000000000e+00
2.005999999999999872e+01,2.124000000000001442e+00,0.000000000000000000e+00,0.000000000000000000e+00
2.007999999999999829e+01,2.128000000000001446e+00,0.000000000000000000e+00,0.000000000000000000e+00
2.010000000000000142e+01,2.132000000000001450e+00,0.000000000000000000e+00,0.000000000000000000e+00
2.012000000000000099e+01,2.136000000000001453e+00,0.000000000000000000e+00,0.000000000000000000e+00
2.014000000000000057e+01,2.140000000000001457e+00,0.000000000000000000e+00,0.000000000000000000e+00
2.016000000000000014e+01,2.144000000000001460e+00,0.000000000000000000e+00,0.000000000000000000e+00
2.017999999999999972e+01,2.148000000000001464e+00,0.000000000000000000e+00,0.000000000000000000e+00
2.019999999999999929e+01,2.152000000000001467e+00,0.000000000000000000e+00,0.000000000000000000e+00
2.021999999999999886e+01,2.156000000000001471e+00,0.000000000000000000e+00,0.000000000000000000e+00
2.023999999999999844e+01,2.160000000000001474e+00,0.000000000000000000e+00,0.000000000000000000e+00
2.026000000000000156e+01,2.164000000000001478e+00,0.000000000000000000e+00,0.000000000000000000e+00
2.028000000000000114e+01,2.168000000000001481e+00,0.000000000000000000e+00,0.000000000000000000e+00
2.030000000000000071e+01,2.172000000000001485e+00,0.000000000000000000e+00,0.000000000000000000e+00
2.032000000000000028e+01,2.176000000000001489e+00,0.000000000000000000e+00,0.000000000000000000e+00
2.033999999999999986e+01,2.180000000000001492e+00,0.000000000000000000e+00,0.000000000000000000e+00
2.035999999999999943e+01,2.184000000000001496e+00,0.000000000000000000e+00,0.000000000000000000e+00
2.037999999999999901e+01,2.188000000000001499e+00,0.000000000000000000e+00,0.000000000000000000e+00
2.039999999999999858e+01,2.192000000000001503e+00,0.000000000000000000e+00,0.000000000000000000e+00
2.042000000000000171e+01,2.196000000000001506e+00,0.000000000000000000e+00,0.000000000000000000e+00
2.044000000000000128e+01,2.200000000000001510e+00,0.000000000000000000e+00,0.000000000000000000e+00
2.046000000000000085e+01,2.204000000000001513e+00,0.000000000000000000e+00,0.000000000000000000e+00
2.048000000000000043e+01,2.208000000000001517e+00,0.000000000000000000e+00,0.000000000000000000e+00
2.050000000000000000e+01,2.212000000000001521e+00,0.000000000000000000e+00,0.000000000000000000e+00
2.051999999999999957e+01,2.216000000000001524e+00,0.000000000000000000e+00,0.000000000000000000e+00
2.053999999999999915e+01,2.220000000000001528e+00,0.000000000000000000e+00,0.000000000000000000e+00
2.055999999999999872e+01,2.224000000000001531e+00,0.000000000000000000e+00,0.000000000000000000e+00
2.057999999999999829e+01,2.228000000000001535e+00,0.000000000000000000e+00,0.000000000000000000e+00
2.060000000000000142e+01,2.232000000000001538e+00,0.000000000000000000e+00,0.000000000000000000e+00
2.062000000000000099e+01,2.236000000000001542e+00,0.000000000000000000e+00,0.000000000000000000e+00
2.064000000000000057e+01,2.240000000000001545e+00,0.000000000000000000e+00,0.000000000000000000e+00
2.066000000000000014e+01,2.244000000000001549e+00,0.000000000000000000e+00,0.000000000000000000e+00
2.067999999999999972e+01,2.248000000000001553e+00,0.000000000000000000e+00,0.000000000000000000e+00
2.069999999999999929e+01,2.252000000000001556e+00,0.000000000000000000e+00,0.000000000000000000e+00
2.071999999999999886e+01,2.256000000000001560e+00,0.000000000000000000e+00,0.000000000000000000e+00
2.073999999999999844e+01,2.260000000000001563e+00,0.000000000000000000e+00,0.000000000000000000e+00
2.076000000000000156e+01,2.264000000000001567e+00,0.000000000000000000e+00,0.000000000000000000e+00
2.078000000000000114e+01,2.268000000000001570e+00,0.000000000000000000e+00,0.000000000000000000e+00
2.080000000000000071e+01,2.272000000000001574e+00,0.000000000000000000e+00,0.000000000000000000e+00
2.082000000000000028e+01,2.276000000000001577e+00,0.000000000000000000e+00,0.000000000000000000e+00
2.083999999999999986e+01,2.280000000000001581e+00,0.000000000000000000e+00,0.000000000000000000e+00
2.085999999999999943e+01,2.284000000000001585e+00,0.000000000000000000e+00,0.000000000000000000e+00
2.087999999999999901e+01,2.288000000000001588e+00,0.000000000000000000e+00,0.000000000000000000e+00
2.089999999999999858e+01,2.292000000000001592e+00,0.000000000000000000e+00,0.000000000000000000e+00
2.092000000000000171e+01,2.296000000000001595e+00,0.000000000000000000e+00,0.000000000000000000e+00
2.094000000000000128e+01,2.300000000000001599e+00,0.000000000000000000e+00,0.000000000000000000e+00
2.096000000000000085e+01,2.304000000000001602e+00,0.000000000000000000e+00,0.000000000000000000e+00
2.098000000000000043e+01,2.308000000000001606e+00,0.000000000000000000e+00,0.000000000000000000e+00
2.100000000000000000e+01,2.312000000000001609e+00,0.000000000000000000e+00,0.000000000000000000e+00
2.101999999999999957e+01,2.316000000000001613e+00,0.000000000000000000e+00,0.000000000000000000e+00
2.103999999999999915e+01,2.320000000000001616e+00,0.000000000000000000e+00,0.000000000000000000e+00
2.105999999999999872e+01,2.324000000000001620e+00,0.000000000000000000e+00,0.000000000000000000e+00
2.107999999999999829e+01,2.328000000000001624e+00,0.000000000000000000e+00,0.000000000000000000e+00
2.110000000000000142e+01,2.332000000000001627e+00,0.000000000000000000e+00,0.000000000000000000e+00
2.112000000000000099e+01,2.336000000000001631e+00,0.000000000000000000e+00,0.000000000000000000e+00
2.114000000000000057e+01,2.340000000000001634e+00,0.000000000000000000e+00,0.000000000000000000e+00
2.116000000000000014e+01,2.344000000000001638e+00,0.000000000000000000e+00,0.000000000000000000e+00
2.117999999999999972e+01,2.348000000000001641e+00,0.000000000000000000e+00,0.000000000000000000e+00
2.119999999999999929e+01,2.352000000000001645e+00,0.000000000000000000e+00,0.000000000000000000e+00
2.121999999999999886e+01,2.356000000000001648e+00,0.000000000000000000e+00,0.000000000000000000e+00
2.123999999999999844e+01,2.360000000000001652e+00,0.000000000000000000e+00,0.000000000000000000e+00
2.126000000000000156e+01,2.364000000000001656e+00,0.000000000000000000e+00,0.000000000000000000e+00
2.128000000000000114e+01,2.368000000000001659e+00,0.000000000000000000e+00,0.000000000000000000e+00
2.130000000000000071e+01,2.372000000000001663e+00,0.000000000000000000e+00,0.000000000000000000e+00
2.132000000000000028e+01,2.376000000000001666e+00,0.000000000000000000e+00,0.000000000000000000e+00
2.133999999999999986e+01,2.380000000000001670e+00,0.000000000000000000e+00,0.000000000000000000e+00
2.135999999999999943e+01,2.384000000000001673e+00,0.000000000000000000e+00,0.000000000000000000e+00
2.137999999999999901e+01,2.388000000000001677e+00,0.000000000000000000e+00,0.000000000000000000e+00
2.139999999999999858e+01,2.392000000000001680e+00,0.000000000000000000e+00,0.000000000000000000e+00
2.142000000000000171e+01,2.396000000000001684e+00,0.000000000000000000e+00,0.000000000000000000e+00
2.144000000000000128e+01,2.400000000000001688e+00,0.000000000000000000e+00,0.000000000000000000e+00
2.146000000000000085e+01,2.404000000000001691e+00,0.000000000000000000e+00,0.000000000000000000e+00
2.148000000000000043e+01,2.408000000000001695e+00,0.000000000000000000e+00,0.000000000000000000e+00
2.150000000000000000e+01,2.412000000000001698e+00,0.000000000000000000e+00,0.000000000000000000e+00
2.151999999999999957e+01,2.416000000000001702e+00,0.000000000000000000e+00,0.000000000000000000e+00
2.153999999999999915e+01,2.420000000000001705e+00,0.000000000000000000e+00,0.000000000000000000e+00
2.155999999999999872e+01,2.424000000000001709e+00,0.000000000000000000e+00,0.000000000000000000e+00
2.157999999999999829e+01,2.428000000000001712e+00,0.000000000000000000e+00,0.000000000000000000e+00
2.160000000000000142e+01,2.432000000000001716e+00,0.000000000000000000e+00,0.000000000000000000e+00
2.162000000000000099e+01,2.436000000000001720e+00,0.000000000000000000e+00,0.000000000000000000e+00
2.164000000000000057e+01,2.440000000000001723e+00,0.000000000000000000e+00,0.000000000000000000e+00
2.166000000000000014e+01,2.444000000000001727e+00,0.000000000000000000e+00,0.000000000000000000e+00
2.167999999999999972e+01,2.448000000000001730e+00,0.000000000000000000e+00,0.000000000000000000e+00
2.169999999999999929e+01,2.452000000000001734e+00,0.000000000000000000e+00,0.000000000000000000e+00
2.171999999999999886e+01,2.456000000000001737e+00,0.000000000000000000e+00,0.000000000000000000e+00
2.173999999999999844e+01,2.460000000000001741e+00,0.000000000000000000e+00,0.000000000000000000e+00
2.176000000000000156e+01,2.464000000000001744e+00,0.000000000000000000e+00,0.000000000000000000e+00
2.178000000000000114e+01,2.468000000000001748e+00,0.000000000000000000e+00,0.000000000000000000e+00
2.180000000000000071e+01,2.472000000000001751e+00,0.000000000000000000e+00,0.000000000000000000e+00
2.182000000000000028e+01,2.476000000000001755e+00,0.000000000000000000e+00,0.000000000000000000e+00
2.183999999999999986e+01,2.480000000000001759e+00,0.000000000000000000e+00,0.000000000000000000e+00
2.185999999999999943e+01,2.484000000000001762e+00,0.000000000000000000e+00,0.000000000000000000e+00
2.187999999999999901e+01,2.488000000000001766e+00,0.000000000000000000e+00,0.000000000000000000e+00
2.189999999999999858e+01,2.492000000000001769e+00,0.000000000000000000e+00,0.000000000000000000e+00
2.192000000000000171e+01,2.496000000000001773e+00,0.000000000000000000e+00,0.000000000000000000e+00
2.194000000000000128e+01,2.500000000000001776e+00,0.000000000000000000e+00,0.000000000000000000e+00
2.196000000000000085e+01,2.504000000000001780e+00,0.000000000000000000e+00,0.000000000000000000e+00
2.198000000000000043e+01,2.508000000000001783e+00,0.000000000000000000e+00,0.000000000000000000e+00
2.200000000000000000e+01,2.512000000000001787e+00,0.000000000000000000e+00,0.000000000000000000e+00
2.201999999999999957e+01,2.516000000000001791e+00,0.000000000000000000e+00,0.000000000000000000e+00
2.203999999999999915e+01,2.520000000000001794e+00,0.000000000000000000e+00,0.000000000000000000e+00
2.205999999999999872e+01,2.524000000000001798e+00,0.000000000000000000e+00,0.000000000000000000e+00
2.207999999999999829e+01,2.528000000000001801e+00,0.000000000000000000e+00,0.000000000000000000e+00
2.210000000000000142e+01,2.532000000000001805e+00,0.000000000000000000e+00,0.000000000000000000e+00
2.212000000000000099e+01,2.536000000000001808e+00,0.000000000000000000e+00,0.000000000000000000e+00
2.214000000000000057e+01,2.540000000000001812e+00,0.000000000000000000e+00,0.000000000000000000e+00
2.216000000000000014e+01,2.544000000000001815e+00,0.000000000000000000e+00,0.000000000000000000e+00
2.217999999999999972e+01,2.548000000000001819e+00,0.000000000000000000e+00,0.000000000000000000e+00
2.219999999999999929e+01,2.552000000000001823e+00,0.000000000000000000e+00,0.000000000000000000e+00
2.221999999999999886e+01,2.556000000000001826e+00,0.000000000000000000e+00,0.000000000000000000e+00
2.223999999999999844e+01,2.560000000000001830e+00,0.000000000000000000e+00,0.000000000000000000e+00
2.226000000000000156e+01,2.564000000000001833e+00,0.000000000000000000e+00,0.000000000000000000e+00
2.228000000000000114e+01,2.568000000000001837e+00,0.000000000000000000e+00,0.000000000000000000e+00
2.230000000000000071e+01,2.572000000000001840e+00,0.000000000000000000e+00,0.000000000000000000e+00
2.232000000000000028e+01,2.576000000000001844e+00,0.000000000000000000e+00,0.000000000000000000e+00
2.233999999999999986e+01,2.580000000000001847e+00,0.000000000000000000e+00,0.000000000000000000e+00
2.235999999999999943e+01,2.584000000000001851e+00,0.000000000000000000e+00,0.000000000000000000e+00
2.237999999999999901e+01,2.588000000000001855e+00,0.000000000000000000e+00,0.000000000000000000e+00
2.239999999999999858e+01,2.592000000000001858e+00,0.000000000000000000e+00,0.000000000000000000e+00
2.242000000000000171e+01,2.596000000000001862e+00,0.000000000000000000e+00,0.000000000000000000e+00
2.244000000000000128e+01,2.600000000000001865e+00,0.000000000000000000e+00,0.000000000000000000e+00
2.246000000000000085e+01,2.604000000000001869e+00,0.000000000000000000e+00,0.000000000000000000e+00
2.248000000000000043e+01,2.608000000000001872e+00,0.000000000000000000e+00,0.000000000000000000e+00
2.250000000000000000e+01,2.612000000000001876e+00,0.000000000000000000e+00,0.000000000000000000e+00
2.251999999999999957e+01,2.616000000000001879e+00,0.000000000000000000e+00,0.000000000000000000e+00
2.253999999999999915e+01,2.620000000000001883e+00,0.000000000000000000e+00,0.000000000000000000e+00
2.255999999999999872e+01,2.624000000000001886e+00,0.000000000000000000e+00,0.000000000000000000e+00
2.257999999999999829e+01,2.628000000000001890e+00,0.000000000000000000e+00,0.000000000000000000e+00
2.260000000000000142e+01,2.632000000000001894e+00,0.000000000000000000e+00,0.000000000000000000e+00
2.262000000000000099e+01,2.636000000000001897e+00,0.000000000000000000e+00,0.000000000000000000e+00
2.264000000000000057e+01,2.640000000000001901e+00,0.000000000000000000e+00,0.000000000000000000e+00
2.266000000000000014e+01,2.644000000000001904e+00,0.000000000000000000e+00,0.000000000000000000e+00
2.267999999999999972e+01,2.648000000000001908e+00,0.000000000000000000e+00,0.000000000000000000e+00
2.269999999999999929e+01,2.652000000000001911e+00,0.000000000000000000e+00,0.000000000000000000e+00
2.271999999999999886e+01,2.656000000000001915e+00,0.000000000000000000e+00,0.000000000000000000e+00
2.273999999999999844e+01,2.660000000000001918e+00,0.000000000000000000e+00,0.000000000000000000e+00
2.276000000000000156e+01,2.664000000000001922e+00,0.000000000000000000e+00,0.000000000000000000e+00
2.278000000000000114e+01,2.668000000000001926e+00,0.000000000000000000e+00,0.000000000000000000e+00
2.280000000000000071e+01,2.672000000000001929e+00,0.000000000000000000e+00,0.000000000000000000e+00
2.282000000000000028e+01,2.676000000000001933e+00,0.000000000000000000e+00,0.000000000000000000e+00
2.283999999999999986e+01,2.680000000000001936e+00,0.000000000000000000e+00,0.000000000000000000e+00
2.285999999999999943e+01,2.684000000000001940e+00,0.000000000000000000e+00,0.000000000000000000e+00
2.287999999999999901e+01,2.688000000000001943e+00,0.000000000000000000e+00,0.000000000000000000e+00
2.289999999999999858e+01,2.692000000000001947e+00,0.000000000000000000e+00,0.000000000000000000e+00
2.292000000000000171e+01,2.696000000000001950e+00,0.000000000000000000e+00,0.000000000000000000e+00
2.294000000000000128e+01,2.700000000000001954e+00,0.000000000000000000e+00,0.000000000000000000e+00
2.296000000000000085e+01,2.704000000000001958e+00,0.000000000000000000e+00,0.000000000000000000e+00
2.298000000000000043e+01,2.708000000000001961e+00,0.000000000000000000e+00,0.000000000000000000e+00
2.300000000000000000e+01,2.712000000000001965e+00,0.000000000000000000e+00,0.000000000000000000e+00
2.301999999999999957e+01,2.716000000000001968e+00,0.000000000000000000e+00,0.000000000000000000e+00
2.303999999999999915e+01,2.720000000000001972e+00,0.000000000000000000e+00,0.000000000000000000e+00
2.305999999999999872e+01,2.724000000000001975e+00,0.000000000000000000e+00,0.000000000000000000e+00
2.307999999999999829e+01,2.728000000000001979e+00,0.000000000000000000e+00,0.000000000000000000e+00
2.310000000000000142e+01,2.732000000000001982e+00,0.000000000000000000e+00,0.000000000000000000e+00
2.312000000000000099e+01,2.736000000000001986e+00,0.000000000000000000e+00,0.000000000000000000e+00
2.314000000000000057e+01,2.740000000000001990e+00,0.000000000000000000e+00,0.000000000000000000e+00
2.316000000000000014e+01,2.744000000000001993e+00,0.000000000000000000e+00,0.000000000000000000e+00
2.317999999999999972e+01,2.748000000000001997e+00,0.000000000000000000e+00,0.000000000000000000e+00
2.319999999999999929e+01,2.752000000000002000e+00,0.000000000000000000e+00,0.000000000000000000e+00
2.321999999999999886e+01,2.756000000000002004e+00,0.000000000000000000e+00,0.000000000000000000e+00
2.323999999999999844e+01,2.760000000000002007e+00,0.000000000000000000e+00,0.000000000000000000e+00
2.326000000000000156e+01,2.764000000000002011e+00,0.000000000000000000e+00,0.000000000000000000e+00
2.328000000000000114e+01,2.768000000000002014e+00,0.000000000000000000e+00,0.000000000000000000e+00
2.330000000000000071e+01,2.772000000000002018e+00,0.000000000000000000e+00,0.000000000000000000e+00
2.332000000000000028e+01,2.776000000000002021e+00,0.000000000000000000e+00,0.000000000000000000e+00
2.333999999999999986e+01,2.780000000000002025e+00,0.000000000000000000e+00,0.000000000000000000e+00
2.335999999999999943e+01,2.784000000000002029e+00,0.000000000000000000e+00,0.000000000000000000e+00
2.337999999999999901e+01,2.788000000000002032e+00,0.000000000000000000e+00,0.000000000000000000e+00
2.339999999999999858e+01,2.792000000000002036e+00,0.000000000000000000e+00,0.000000000000000000e+00
2.342000000000000171e+01,2.796000000000002039e+00,0.000000000000000000e+00,0.000000000000000000e+00
2.344000000000000128e+01,2.800000000000002043e+00,0.000000000000000000e+00,0.000000000000000000e+00
2.346000000000000085e+01,2.804000000000002046e+00,0.000000000000000000e+00,0.000000000000000000e+00
2.348000000000000043e+01,2.808000000000002050e+00,0.000000000000000000e+00,0.000000000000000000e+00
2.350000000000000000e+01,2.812000000000002053e+00,0.000000000000000000e+00,0.000000000000000000e+00
2.351999999999999957e+01,2.816000000000002057e+00,0.000000000000000000e+00,0.000000000000000000e+00
2.353999999999999915e+01,2.820000000000002061e+00,0.000000000000000000e+00,0.000000000000000000e+00
2.355999999999999872e+01,2.824000000000002064e+00,0.000000000000000000e+00,0.000000000000000000e+00
2.357999999999999829e+01,2.828000000000002068e+00,0.000000000000000000e+00,0.000000000000000000e+00
2.360000000000000142e+01,2.832000000000002071e+00,0.000000000000000000e+00,0.000000000000000000e+00
2.362000000000000099e+01,2.836000000000002075e+00,0.000000000000000000e+00,0.000000000000000000e+00
2.364000000000000057e+01,2.840000000000002078e+00,0.000000000000000000e+00,0.000000000000000000e+00
2.366000000000000014e+01,2.844000000000002082e+00,0.000000000000000000e+00,0.000000000000000000e+00
2.367999999999999972e+01,2.848000000000002085e+00,0.000000000000000000e+00,0.000000000000000000e+00
2.369999999999999929e+01,2.852000000000002089e+00,0.000000000000000000e+00,0.000000000000000000e+00
2.371999999999999886e+01,2.856000000000002093e+00,0.000000000000000000e+00,0.000000000000000000e+00
2.373999999999999844e+01,2.860000000000002096e+00,0.000000000000000000e+00,0.000000000000000000e+00
2.376000000000000156e+01,2.864000000000002100e+00,0.000000000000000000e+00,0.000000000000000000e+00
2.378000000000000114e+01,2.868000000000002103e+00,0.000000000000000000e+00,0.000000000000000000e+00
2.380000000000000071e+01,2.872000000000002107e+00,0.000000000000000000e+00,0.000000000000000000e+00
2.382000000000000028e+01,2.876000000000002110e+00,0.000000000000000000e+00,0.000000000000000000e+00
2.383999999999999986e+01,2.880000000000002114e+00,0.000000000000000000e+00,0.000000000000000000e+00
2.385999999999999943e+01,2.884000000000002117e+00,0.000000000000000000e+00,0.000000000000000000e+00
2.387999999999999901e+01,2.888000000000002121e+00,0.000000000000000000e+00,0.000000000000000000e+00
2.389999999999999858e+01,2.892000000000002125e+00,0.000000000000000000e+00,0.000000000000000000e+00
2.392000000000000171e+01,2.896000000000002128e+00,0.000000000000000000e+00,0.000000000000000000e+00
2.394000000000000128e+01,2.900000000000002132e+00,0.000000000000000000e+00,0.000000000000000000e+00
2.396000000000000085e+01,2.904000000000002135e+00,0.000000000000000000e+00,0.000000000000000000e+00
2.398000000000000043e+01,2.908000000000002139e+00,0.000000000000000000e+00,0.000000000000000000e+00
2.400000000000000000e+01,2.912000000000002142e+00,0.000000000000000000e+00,0.000000000000000000e+00
2.401999999999999957e+01,2.916000000000002146e+00,0.000000000000000000e+00,0.000000000000000000e+00
2.403999999999999915e+01,2.920000000000002149e+00,0.000000000000000000e+00,0.000000000000000000e+00
2.405999999999999872e+01,2.924000000000002153e+00,0.000000000000000000e+00,0.000000000000000000e+00
2.407999999999999829e+01,2.928000000000002156e+00,0.000000000000000000e+00,0.000000000000000000e+00
2.410000000000000142e+01,2.932000000000002160e+00,0.000000000000000000e+00,0.000000000000000000e+00
2.412000000000000099e+01,2.936000000000002164e+00,0.000000000000000000e+00,0.000000000000000000e+00
2.414000000000000057e+01,2.940000000000002167e+00,0.000000000000000000e+00,0.000000000000000000e+00
2.416000000000000014e+01,2.944000000000002171e+00,0.000000000000000000e+00,0.000000000000000000e+00
2.417999999999999972e+01,2.948000000000002174e+00,0.000000000000000000e+00,0.000000000000000000e+00
2.419999999999999929e+01,2.952000000000002178e+00,0.000000000000000000e+00,0.000000000000000000e+00
2.421999999999999886e+01,2.956000000000002181e+00,0.000000000000000000e+00,0.000000000000000000e+00
2.423999999999999844e+01,2.960000000000002185e+00,0.000000000000000000e+00,0.000000000000000000e+00
2.426000000000000156e+01,2.964000000000002188e+00,0.000000000000000000e+00,0.000000000000000000e+00
2.428000000000000114e+01,2.968000000000002192e+00,0.000000000000000000e+00,0.000000000000000000e+00
2.430000000000000071e+01,2.972000000000002196e+00,0.000000000000000000e+00,0.000000000000000000e+00
2.432000000000000028e+01,2.976000000000002199e+00,0.000000000000000000e+00,0.000000000000000000e+00
2.433999999999999986e+01,2.980000000000002203e+00,0.000000000000000000e+00,0.000000000000000000e+00
2.435999999999999943e+01,2.984000000000002206e+00,0.000000000000000000e+00,0.000000000000000000e+00
2.437999999999999901e+01,2.988000000000002210e+00,0.000000000000000000e+00,0.000000000000000000e+00
2.439999999999999858e+01,2.992000000000002213e+00,0.000000000000000000e+00,0.000000000000000000e+00
2.442000000000000171e+01,2.996000000000002217e+00,0.000000000000000000e+00,0.000000000000000000e+00
2.444000000000000128e+01,3.000000000000002220e+00,0.000000000000000000e+00,0.000000000000000000e+00
2.446000000000000085e+01,3.004000000000002224e+00,0.000000000000000000e+00,0.000000000000000000e+00
2.448000000000000043e+01,3.008000000000002228e+00,0.000000000000000000e+00,0.000000000000000000e+00
2.450000000000000000e+01,3.012000000000002231e+00,0.000000000000000000e+00,0.000000000000000000e+00
2.451999999999999957e+01,3.016000000000002235e+00,0.000000000000000000e+00,0.000000000000000000e+00
2.453999999999999915e+01,3.020000000000002238e+00,0.000000000000000000e+00,0.000000000000000000e+00
2.455999999999999872e+01,3.024000000000002242e+00,0.000000000000000000e+00,0.000000000000000000e+00
2.457999999999999829e+01,3.028000000000002245e+00,0.000000000000000000e+00,0.000000000000000000e+00
2.460000000000000142e+01,3.032000000000002249e+00,0.000000000000000000e+00,0.000000000000000000e+00
2.462000000000000099e+01,3.036000000000002252e+00,0.000000000000000000e+00,0.000000000000000000e+00
2.464000000000000057e+01,3.040000000000002256e+00,0.000000000000000000e+00,0.000000000000000000e+00
2.466000000000000014e+01,3.044000000000002260e+00,0.000000000000000000e+00,0.000000000000000000e+00
2.467999999999999972e+01,3.048000000000002263e+00,0.000000000000000000e+00,0.000000000000000000e+00
2.469999999999999929e+01,3.052000000000002267e+00,0.000000000000000000e+00,0.000000000000000000e+00
2.471999999999999886e+01,3.056000000000002270e+00,0.000000000000000000e+00,0.000000000000000000e+00
2.473999999999999844e+01,3.060000000000002274e+00,0.000000000000000000e+00,0.000000000000000000e+00
2.476000000000000156e+01,3.064000000000002277e+00,0.000000000000000000e+00,0.000000000000000000e+00
2.478000000000000114e+01,3.068000000000002281e+00,0.000000000000000000e+00,0.000000000000000000e+00
2.480000000000000071e+01,3.072000000000002284e+00,0.000000000000000000e+00,0.000000000000000000e+00
2.482000000000000028e+01,3.076000000000002288e+00,0.000000000000000000e+00,0.000000000000000000e+00
2.483999999999999986e+01,3.080000000000002292e+00,0.000000000000000000e+00,0.000000000000000000e+00
2.485999999999999943e+01,3.084000000000002295e+00,0.000000000000000000e+00,0.000000000000000000e+00
2.487999999999999901e+01,3.088000000000002299e+00,0.000000000000000000e+00,0.000000000000000000e+00
2.489999999999999858e+01,3.092000000000002302e+00,0.000000000000000000e+00,0.000000000000000000e+00
2.492000000000000171e+01,3.096000000000002306e+00,0.000000000000000000e+00,0.000000000000000000e+00
2.494000000000000128e+01,3.100000000000002309e+00,0.000000000000000000e+00,0.000000000000000000e+00
2.496000000000000085e+01,3.104000000000002313e+00,0.000000000000000000e+00,0.000000000000000000e+00
2.498000000000000043e+01,3.108000000000002316e+00,0.000000000000000000e+00,0.000000000000000000e+00
2.500000000000000000e+01,3.112000000000002320e+00,0.000000000000000000e+00,0.000000000000000000e+00
2.501999999999999957e+01,3.116000000000002323e+00,0.000000000000000000e+00,0.000000000000000000e+00
2.503999999999999915e+01,3.120000000000002327e+00,0.000000000000000000e+00,0.000000000000000000e+00
2.505999999999999872e+01,3.124000000000002331e+00,0.000000000000000000e+00,0.000000000000000000e+00
2.507999999999999829e+01,3.128000000000002334e+00,0.000000000000000000e+00,0.000000000000000000e+00
2.510000000000000142e+01,3.132000000000002338e+00,0.000000000000000000e+00,0.000000000000000000e+00
2.512000000000000099e+01,3.136000000000002341e+00,0.000000000000000000e+00,0.000000000000000000e+00
2.514000000000000057e+01,3.140000000000002345e+00,0.000000000000000000e+00,0.000000000000000000e+00
2.516000000000000014e+01,3.144000000000002348e+00,0.000000000000000000e+00,0.000000000000000000e+00
2.517999999999999972e+01,3.148000000000002352e+00,0.000000000000000000e+00,0.000000000000000000e+00
2.519999999999999929e+01,3.152000000000002355e+00,0.000000000000000000e+00,0.000000000000000000e+00
2.521999999999999886e+01,3.156000000000002359e+00,0.000000000000000000e+00,0.000000000000000000e+00
2.523999999999999844e+01,3.160000000000002363e+00,0.000000000000000000e+00,0.000000000000000000e+00
2.526000000000000156e+01,3.164000000000002366e+00,0.000000000000000000e+00,0.000000000000000000e+00
2.528000000000000114e+01,3.168000000000002370e+00,0.000000000000000000e+00,0.000000000000000000e+00
2.530000000000000071e+01,3.172000000000002373e+00,0.000000000000000000e+00,0.000000000000000000e+00
2.532000000000000028e+01,3.176000000000002377e+00,0.000000000000000000e+00,0.000000000000000000e+00
2.533999999999999986e+01,3.180000000000002380e+00,0.000000000000000000e+00,0.000000000000000000e+00
2.535999999999999943e+01,3.184000000000002384e+00,0.000000000000000000e+00,0.000000000000000000e+00
2.537999999999999901e+01,3.188000000000002387e+00,0.000000000000000000e+00,0.000000000000000000e+00
2.539999999999999858e+01,3.192000000000002391e+00,0.000000000000000000e+00,0.000000000000000000e+00
2.542000000000000171e+01,3.196000000000002395e+00,0.000000000000000000e+00,0.000000000000000000e+00
2.544000000000000128e+01,3.200000000000002398e+00,0.000000000000000000e+00,0.000000000000000000e+00
2.546000000000000085e+01,3.204000000000002402e+00,0.000000000000000000e+00,0.000000000000000000e+00
2.548000000000000043e+01,3.208000000000002405e+00,0.000000000000000000e+00,0.000000000000000000e+00
2.550000000000000000e+01,3.212000000000002409e+00,0.000000000000000000e+00,0.000000000000000000e+00
2.551999999999999957e+01,3.216000000000002412e+00,0.000000000000000000e+00,0.000000000000000000e+00
2.553999999999999915e+01,3.220000000000002416e+00,0.000000000000000000e+00,0.000000000000000000e+00
2.555999999999999872e+01,3.224000000000002419e+00,0.000000000000000000e+00,0.000000000000000000e+00
2.557999999999999829e+01,3.228000000000002423e+00,0.000000000000000000e+00,0.000000000000000000e+00
2.560000000000000142e+01,3.232000000000002427e+00,0.000000000000000000e+00,0.000000000000000000e+00
2.562000000000000099e+01,3.236000000000002430e+00,0.000000000000000000e+00,0.000000000000000000e+00
2.564000000000000057e+01,3.240000000000002434e+00,0.000000000000000000e+00,0.000000000000000000e+00
2.566000000000000014e+01,3.244000000000002437e+00,0.000000000000000000e+00,0.000000000000000000e+00
2.567999999999999972e+01,3.248000000000002441e+00,0.000000000000000000e+00,0.000000000000000000e+00
2.569999999999999929e+01,3.252000000000002444e+00,0.000000000000000000e+00,0.000000000000000000e+00
2.571999999999999886e+01,3.256000000000002448e+00,0.000000000000000000e+00,0.000000000000000000e+00
2.573999999999999844e+01,3.260000000000002451e+00,0.000000000000000000e+00,0.000000000000000000e+00
2.576000000000000156e+01,3.264000000000002455e+00,0.000000000000000000e+00,0.000000000000000000e+00
2.578000000000000114e+01,3.268000000000002458e+00,0.000000000000000000e+00,0.000000000000000000e+00
2.580000000000000071e+01,3.272000000000002462e+00,0.000000000000000000e+00,0.000000000000000000e+00
2.582000000000000028e+01,3.276000000000002466e+00,0.000000000000000000e+00,0.000000000000000000e+00
2.583999999999999986e+01,3.280000000000002469e+00,0.000000000000000000e+00,0.000000000000000000e+00
2.585999999999999943e+01,3.284000000000002473e+00,0.000000000000000000e+00,0.000000000000000000e+00
2.587999999999999901e+01,3.288000000000002476e+00,0.000000000000000000e+00,0.000000000000000000e+00
2.589999999999999858e+01,3.292000000000002480e+00,0.000000000000000000e+00,0.000000000000000000e+00
2.592000000000000171e+01,3.296000000000002483e+00,0.000000000000000000e+00,0.000000000000000000e+00
2.594000000000000128e+01,3.300000000000002487e+00,0.000000000000000000e+00,0.000000000000000000e+00
2.596000000000000085e+01,3.304000000000002490e+00,0.000000000000000000e+00,0.000000000000000000e+00
2.598000000000000043e+01,3.308000000000002494e+00,0.000000000000000000e+00,0.000000000000000000e+00
2.600000000000000000e+01,3.312000000000002498e+00,0.000000000000000000e+00,0.000000000000000000e+00
2.601999999999999957e+01,3.316000000000002501e+00,0.000000000000000000e+00,0.000000000000000000e+00
2.603999999999999915e+01,3.320000000000002505e+00,0.000000000000000000e+00,0.000000000000000000e+00
2.605999999999999872e+01,3.324000000000002508e+00,0.000000000000000000e+00,0.000000000000000000e+00
2.607999999999999829e+01,3.328000000000002512e+00,0.000000000000000000e+00,0.000000000000000000e+00
2.610000000000000142e+01,3.332000000000002515e+00,0.000000000000000000e+00,0.000000000000000000e+00
2.612000000000000099e+01,3.336000000000002519e+00,0.000000000000000000e+00,0.000000000000000000e+00
2.614000000000000057e+01,3.340000000000002522e+00,0.000000000000000000e+00,0.000000000000000000e+00
2.616000000000000014e+01,3.344000000000002526e+00,0.000000000000000000e+00,0.000000000000000000e+00
2.617999999999999972e+01,3.348000000000002530e+00,0.000000000000000000e+00,0.000000000000000000e+00
2.619999999999999929e+01,3.352000000000002533e+00,0.000000000000000000e+00,0.000000000000000000e+00
2.621999999999999886e+01,3.356000000000002537e+00,0.000000000000000000e+00,0.000000000000000000e+00
2.623999999999999844e+01,3.360000000000002540e+00,0.000000000000000000e+00,0.000000000000000000e+00
2.626000000000000156e+01,3.364000000000002544e+00,0.000000000000000000e+00,0.000000000000000000e+00
2.628000000000000114e+01,3.368000000000002547e+00,0.000000000000000000e+00,0.000000000000000000e+00
2.630000000000000071e+01,3.372000000000002551e+00,0.000000000000000000e+00,0.000000000000000000e+00
2.632000000000000028e+01,3.376000000000002554e+00,0.000000000000000000e+00,0.000000000000000000e+00
2.633999999999999986e+01,3.380000000000002558e+00,0.000000000000000000e+00,0.000000000000000000e+00
2.635999999999999943e+01,3.384000000000002562e+00,0.000000000000000000e+00,0.000000000000000000e+00
2.637999999999999901e+01,3.388000000000002565e+00,0.000000000000000000e+00,0.000000000000000000e+00
2.639999999999999858e+01,3.392000000000002569e+00,0.000000000000000000e+00,0.000000000000000000e+00
2.642000000000000171e+01,3.396000000000002572e+00,0.000000000000000000e+00,0.000000000000000000e+00
2.644000000000000128e+01,3.400000000000002576e+00,0.000000000000000000e+00,0.000000000000000000e+00
2.646000000000000085e+01,3.404000000000002579e+00,0.000000000000000000e+00,0.000000000000000000e+00
2.648000000000000043e+01,3.408000000000002583e+00,0.000000000000000000e+00,0.000000000000000000e+00
2.650000000000000000e+01,3.412000000000002586e+00,0.000000000000000000e+00,0.000000000000000000e+00
2.651999999999999957e+01,3.416000000000002590e+00,0.000000000000000000e+00,0.000000000000000000e+00
2.653999999999999915e+01,3.420000000000002593e+00,0.000000000000000000e+00,0.000000000000000000e+00
2.655999999999999872e+01,3.424000000000002597e+00,0.000000000000000000e+00,0.000000000000000000e+00
2.657999999999999829e+01,3.428000000000002601e+00,0.000000000000000000e+00,0.000000000000000000e+00
2.660000000000000142e+01,3.432000000000002604e+00,0.000000000000000000e+00,0.000000000000000000e+00
2.662000000000000099e+01,3.436000000000002608e+00,0.000000000000000000e+00,0.000000000000000000e+00
2.664000000000000057e+01,3.440000000000002611e+00,0.000000000000000000e+00,0.000000000000000000e+00
2.666000000000000014e+01,3.444000000000002615e+00,0.000000000000000000e+00,0.000000000000000000e+00
2.667999999999999972e+01,3.448000000000002618e+00,0.000000000000000000e+00,0.000000000000000000e+00
2.669999999999999929e+01,3.452000000000002622e+00,0.000000000000000000e+00,0.000000000000000000e+00
2.671999999999999886e+01,3.456000000000002625e+00,0.000000000000000000e+00,0.000000000000000000e+00
2.673999999999999844e+01,3.460000000000002629e+00,0.000000000000000000e+00,0.000000000000000000e+00
2.676000000000000156e+01,3.464000000000002633e+00,0.000000000000000000e+00,0.000000000000000000e+00
2.678000000000000114e+01,3.468000000000002636e+00,0.000000000000000000e+00,0.000000000000000000e+00
2.680000000000000071e+01,3.472000000000002640e+00,0.000000000000000000e+00,0.000000000000000000e+00
2.682000000000000028e+01,3.476000000000002643e+00,0.000000000000000000e+00,0.000000000000000000e+00
2.683999999999999986e+01,3.480000000000002647e+00,0.000000000000000000e+00,0.000000000000000000e+00
2.685999999999999943e+01,3.484000000000002650e+00,0.000000000000000000e+00,0.000000000000000000e+00
2.687999999999999901e+01,3.488000000000002654e+00,0.000000000000000000e+00,0.000000000000000000e+00
2.689999999999999858e+01,3.492000000000002657e+00,0.000000000000000000e+00,0.000000000000000000e+00
2.692000000000000171e+01,3.496000000000002661e+00,0.000000000000000000e+00,0.000000000000000000e+00
2.694000000000000128e+01,3.500000000000002665e+00,0.000000000000000000e+00,0.000000000000000000e+00
2.696000000000000085e+01,3.504000000000002668e+00,0.000000000000000000e+00,0.000000000000000000e+00
2.698000000000000043e+01,3.508000000000002672e+00,0.000000000000000000e+00,0.000000000000000000e+00
2.700000000000000000e+01,3.512000000000002675e+00,0.000000000000000000e+00,0.000000000000000000e+00
2.701999999999999957e+01,3.516000000000002679e+00,0.000000000000000000e+00,0.000000000000000000e+00
2.703999999999999915e+01,3.520000000000002682e+00,0.000000000000000000e+00,0.000000000000000000e+00
2.705999999999999872e+01,3.524000000000002686e+00,0.000000000000000000e+00,0.000000000000000000e+00
2.707999999999999829e+01,3.528000000000002689e+00,0.000000000000000000e+00,0.000000000000000000e+00
2.710000000000000142e+01,3.532000000000002693e+00,0.000000000000000000e+00,0.000000000000000000e+00
2.712000000000000099e+01,3.536000000000002697e+00,0.000000000000000000e+00,0.000000000000000000e+00
2.714000000000000057e+01,3.540000000000002700e+00,0.000000000000000000e+00,0.000000000000000000e+00
2.716000000000000014e+01,3.544000000000002704e+00,0.000000000000000000e+00,0.000000000000000000e+00
2.717999999999999972e+01,3.548000000000002707e+00,0.000000000000000000e+00,0.000000000000000000e+00
2.719999999999999929e+01,3.552000000000002711e+00,0.000000000000000000e+00,0.000000000000000000e+00
2.721999999999999886e+01,3.556000000000002714e+00,0.000000000000000000e+00,0.000000000000000000e+00
2.723999999999999844e+01,3.560000000000002718e+00,0.000000000000000000e+00,0.000000000000000000e+00
2.726000000000000156e+01,3.564000000000002721e+00,0.000000000000000000e+00,0.000000000000000000e+00
2.728000000000000114e+01,3.568000000000002725e+00,0.000000000000000000e+00,0.000000000000000000e+00
2.730000000000000071e+01,3.572000000000002728e+00,0.000000000000000000e+00,0.000000000000000000e+00
2.732000000000000028e+01,3.576000000000002732e+00,0.000000000000000000e+00,0.000000000000000000e+00
2.733999999999999986e+01,3.580000000000002736e+00,0.000000000000000000e+00,0.000000000000000000e+00
2.735999999999999943e+01,3.584000000000002739e+00,0.000000000000000000e+00,0.000000000000000000e+00
2.737999999999999901e+01,3.588000000000002743e+00,0.000000000000000000e+00,0.000000000000000000e+00
2.739999999999999858e+01,3.592000000000002746e+00,0.000000000000000000e+00,0.000000000000000000e+00
2.742000000000000171e+01,3.596000000000002750e+00,0.000000000000000000e+00,0.000000000000000000e+00
2.744000000000000128e+01,3.600000000000002753e+00,0.000000000000000000e+00,0.000000000000000000e+00
2.746000000000000085e+01,3.604000000000002757e+00,0.000000000000000000e+00,0.000000000000000000e+00
2.748000000000000043e+01,3.608000000000002760e+00,0.000000000000000000e+00,0.000000000000000000e+00
2.750000000000000000e+01,3.612000000000002764e+00,0.000000000000000000e+00,0.000000000000000000e+00
2.751999999999999957e+01,3.616000000000002768e+00,0.000000000000000000e+00,0.000000000000000000e+00
2.753999999999999915e+01,3.620000000000002771e+00,0.000000000000000000e+00,0.000000000000000000e+00
2.755999999999999872e+01,3.624000000000002775e+00,0.000000000000000000e+00,0.000000000000000000e+00
2.757999999999999829e+01,3.628000000000002778e+00,0.000000000000000000e+00,0.000000000000000000e+00
2.760000000000000142e+01,3.632000000000002782e+00,0.000000000000000000e+00,0.000000000000000000e+00
2.762000000000000099e+01,3.636000000000002785e+00,0.000000000000000000e+00,0.000000000000000000e+00
2.764000000000000057e+01,3.640000000000002789e+00,0.000000000000000000e+00,0.000000000000000000e+00
2.766000000000000014e+01,3.644000000000002792e+00,0.000000000000000000e+00,0.000000000000000000e+00
2.767999999999999972e+01,3.648000000000002796e+00,0.000000000000000000e+00,0.000000000000000000e+00
2.769999999999999929e+01,3.652000000000002800e+00,0.000000000000000000e+00,0.000000000000000000e+00
2.771999999999999886e+01,3.656000000000002803e+00,0.000000000000000000e+00,0.000000000000000000e+00
2.773999999999999844e+01,3.660000000000002807e+00,0.000000000000000000e+00,0.000000000000000000e+00
2.776000000000000156e+01,3.664000000000002810e+00,0.000000000000000000e+00,0.000000000000000000e+00
2.778000000000000114e+01,3.668000000000002814e+00,0.000000000000000000e+00,0.000000000000000000e+00
2.780000000000000071e+01,3.672000000000002817e+00,0.000000000000000000e+00,0.000000000000000000e+00
2.782000000000000028e+01,3.676000000000002821e+00,0.000000000000000000e+00,0.000000000000000000e+00
2.783999999999999986e+01,3.680000000000002824e+00,0.000000000000000000e+00,0.000000000000000000e+00
2.785999999999999943e+01,3.684000000000002828e+00,0.000000000000000000e+00,0.000000000000000000e+00
2.787999999999999901e+01,3.688000000000002832e+00,0.000000000000000000e+00,0.000000000000000000e+00
2.789999999999999858e+01,3.692000000000002835e+00,0.000000000000000000e+00,0.000000000000000000e+00
2.792000000000000171e+01,3.696000000000002839e+00,0.000000000000000000e+00,0.000000000000000000e+00
2.794000000000000128e+01,3.700000000000002842e+00,0.000000000000000000e+00,0.000000000000000000e+00
2.796000000000000085e+01,3.704000000000002846e+00,0.000000000000000000e+00,0.000000000000000000e+00
2.798000000000000043e+01,3.708000000000002849e+00,0.000000000000000000e+00,0.000000000000000000e+00
2.800000000000000000e+01,3.712000000000002853e+00,0.000000000000000000e+00,0.000000000000000000e+00
2.801999999999999957e+01,3.716000000000002856e+00,0.000000000000000000e+00,0.000000000000000000e+00
2.803999999999999915e+01,3.720000000000002860e+00,0.000000000000000000e+00,0.000000000000000000e+00
2.805999999999999872e+01,3.724000000000002863e+00,0.000000000000000000e+00,0.000000000000000000e+00
2.807999999999999829e+01,3.728000000000002867e+00,0.000000000000000000e+00,0.000000000000000000e+00
2.810000000000000142e+01,3.732000000000002871e+00,0.000000000000000000e+00,0.000000000000000000e+00
2.812000000000000099e+01,3.736000000000002874e+00,0.000000000000000000e+00,0.000000000000000000e+00
2.814000000000000057e+01,3.740000000000002878e+00,0.000000000000000000e+00,0.000000000000000000e+00
2.816000000000000014e+01,3.744000000000002881e+00,0.000000000000000000e+00,0.000000000000000000e+00
2.817999999999999972e+01,3.748000000000002885e+00,0.000000000000000000e+00,0.000000000000000000e+00
2.819999999999999929e+01,3.752000000000002888e+00,0.000000000000000000e+00,0.000000000000000000e+00
2.821999999999999886e+01,3.756000000000002892e+00,0.000000000000000000e+00,0.000000000000000000e+00
2.823999999999999844e+01,3.760000000000002895e+00,0.000000000000000000e+00,0.000000000000000000e+00
2.826000000000000156e+01,3.764000000000002899e+00,0.000000000000000000e+00,0.000000000000000000e+00
2.828000000000000114e+01,3.768000000000002903e+00,0.000000000000000000e+00,0.000000000000000000e+00
2.830000000000000071e+01,3.772000000000002906e+00,0.000000000000000000e+00,0.000000000000000000e+00
2.832000000000000028e+01,3.776000000000002910e+00,0.000000000000000000e+00,0.000000000000000000e+00
2.833999999999999986e+01,3.780000000000002913e+00,0.000000000000000000e+00,0.000000000000000000e+00
2.835999999999999943e+01,3.784000000000002917e+00,0.000000000000000000e+00,0.000000000000000000e+00
2.837999999999999901e+01,3.788000000000002920e+00,0.000000000000000000e+00,0.000000000000000000e+00
2.839999999999999858e+01,3.792000000000002924e+00,0.000000000000000000e+00,0.000000000000000000e+00
2.842000000000000171e+01,3.796000000000002927e+00,0.000000000000000000e+00,0.000000000000000000e+00
2.844000000000000128e+01,3.800000000000002931e+00,0.000000000000000000e+00,0.000000000000000000e+00
2.846000000000000085e+01,3.804000000000002935e+00,0.000000000000000000e+00,0.000000000000000000e+00
2.848000000000000043e+01,3.808000000000002938e+00,0.000000000000000000e+00,0.000000000000000000e+00
2.850000000000000000e+01,3.812000000000002942e+00,0.000000000000000000e+00,0.000000000000000000e+00
2.851999999999999957e+01,3.816000000000002945e+00,0.000000000000000000e+00,0.000000000000000000e+00
2.853999999999999915e+01,3.820000000000002949e+00,0.000000000000000000e+00,0.000000000000000000e+00
2.855999999999999872e+01,3.824000000000002952e+00,0.000000000000000000e+00,0.000000000000000000e+00
2.857999999999999829e+01,3.828000000000002956e+00,0.000000000000000000e+00,0.000000000000000000e+00
2.860000000000000142e+01,3.832000000000002959e+00,0.000000000000000000e+00,0.000000000000000000e+00
2.862000000000000099e+01,3.836000000000002963e+00,0.000000000000000000e+00,0.000000000000000000e+00
2.864000000000000057e+01,3.840000000000002967e+00,0.000000000000000000e+00,0.000000000000000000e+00
2.866000000000000014e+01,3.844000000000002970e+00,0.000000000000000000e+00,0.000000000000000000e+00
2.867999999999999972e+01,3.848000000000002974e+00,0.000000000000000000e+00,0.000000000000000000e+00
2.869999999999999929e+01,3.852000000000002977e+00,0.000000000000000000e+00,0.000000000000000000e+00
2.871999999999999886e+01,3.856000000000002981e+00,0.000000000000000000e+00,0.000000000000000000e+00
2.873999999999999844e+01,3.860000000000002984e+00,0.000000000000000000e+00,0.000000000000000000e+00
2.876000000000000156e+01,3.864000000000002988e+00,0.000000000000000000e+00,0.000000000000000000e+00
2.878000000000000114e+01,3.868000000000002991e+00,0.000000000000000000e+00,0.000000000000000000e+00
2.880000000000000071e+01,3.872000000000002995e+00,0.000000000000000000e+00,0.000000000000000000e+00
2.882000000000000028e+01,3.876000000000002998e+00,0.000000000000000000e+00,0.000000000000000000e+00
2.883999999999999986e+01,3.880000000000003002e+00,0.000000000000000000e+00,0.000000000000000000e+00
2.885999999999999943e+01,3.884000000000003006e+00,0.000000000000000000e+00,0.000000000000000000e+00
2.887999999999999901e+01,3.888000000000003009e+00,0.000000000000000000e+00,0.000000000000000000e+00
2.889999999999999858e+01,3.892000000000003013e+00,0.000000000000000000e+00,0.000000000000000000e+00
2.892000000000000171e+01,3.896000000000003016e+00,0.000000000000000000e+00,0.000000000000000000e+00
2.894000000000000128e+01,3.896000000000003016e+00,0.000000000000000000e+00,0.000000000000000000e+00
2.896000000000000085e+01,3.896000000000003016e+00,0.000000000000000000e+00,0.000000000000000000e+00
2.898000000000000043e+01,3.896000000000003016e+00,0.000000000000000000e+00,0.000000000000000000e+00
2.900000000000000000e+01,3.896000000000003016e+00,0.000000000000000000e+00,0.000000000000000000e+00
2.901999999999999957e+01,3.896000000000003016e+00,0.000000000000000000e+00,0.000000000000000000e+00
2.903999999999999915e+01,3.896000000000003016e+00,0.000000000000000000e+00,5.999999999999999258e-03
2.905999999999999872e+01,3.896000000000003016e+00,0.000000000000000000e+00,1.200000000000000198e-02
2.907999999999999829e+01,3.896000000000003016e+00,0.000000000000000000e+00,1.800000000000000558e-02
2.910000000000000142e+01,3.896000000000003016e+00,0.000000000000000000e+00,2.400000000000000397e-02
2.912000000000000099e+01,3.896000000000003016e+00,0.000000000000000000e+00,2.999999999999999542e-02
2.914000000000000057e+01,3.896000000000003016e+00,0.000000000000000000e+00,3.599999999999999728e-02
2.916000000000000014e+01,3.896000000000003016e+00,0.000000000000000000e+00,4.200000000000000261e-02
2.917999999999999972e+01,3.896000000000003016e+00,0.000000000000000000e+00,4.799999999999998712e-02
2.919999999999999929e+01,3.896000000000003016e+00,0.000000000000000000e+00,5.399999999999999245e-02
2.921999999999999886e+01,3.896000000000003016e+00,0.000000000000000000e+00,5.999999999999999778e-02
2.923999999999999844e+01,3.896000000000003016e+00,0.000000000000000000e+00,6.599999999999998923e-02
2.926000000000000156e+01,3.896000000000003016e+00,0.000000000000000000e+00,7.199999999999999456e-02
2.928000000000000114e+01,3.896000000000003016e+00,0.000000000000000000e+00,7.799999999999999989e-02
2.930000000000000071e+01,3.896000000000003016e+00,0.000000000000000000e+00,8.399999999999999134e-02
2.932000000000000028e+01,3.896000000000003016e+00,0.000000000000000000e+00,8.999999999999999667e-02
2.933999999999999986e+01,3.896000000000003016e+00,0.000000000000000000e+00,9.600000000000001588e-02
2.935999999999999943e+01,3.896000000000003016e+00,0.000000000000000000e+00,1.020000000000000073e-01
2.937999999999999901e+01,3.896000000000003016e+00,0.000000000000000000e+00,1.080000000000000127e-01
2.939999999999999858e+01,3.896000000000003016e+00,0.000000000000000000e+00,1.140000000000000180e-01
2.942000000000000171e+01,3.896000000000003016e+00,0.000000000000000000e+00,1.200000000000000233e-01
2.944000000000000128e+01,3.896000000000003016e+00,0.000000000000000000e+00,1.260000000000000286e-01
2.946000000000000085e+01,3.896000000000003016e+00,0.000000000000000000e+00,1.320000000000000340e-01
2.948000000000000043e+01,3.896000000000003016e+00,0.000000000000000000e+00,1.380000000000000393e-01
2.950000000000000000e+01,3.896000000000003016e+00,0.000000000000000000e+00,1.440000000000000446e-01
2.951999999999999957e+01,3.896000000000003016e+00,0.000000000000000000e+00,1.500000000000000500e-01
2.953999999999999915e+01,3.896000000000003016e+00,0.000000000000000000e+00,1.560000000000000553e-01
2.955999999999999872e+01,3.896000000000003016e+00,0.000000000000000000e+00,1.620000000000000606e-01
2.957999999999999829e+01,3.896000000000003016e+00,0.000000000000000000e+00,1.680000000000000659e-01
2.960000000000000142e+01,3.896000000000003016e+00,0.000000000000000000e+00,1.740000000000000990e-01
2.962000000000000099e+01,3.896000000000003016e+00,0.000000000000000000e+00,1.800000000000000488e-01
2.964000000000000057e+01,3.896000000000003016e+00,0.000000000000000000e+00,1.860000000000000819e-01
2.966000000000000014e+01,3.896000000000003016e+00,0.000000000000000000e+00,1.920000000000000873e-01
2.967999999999999972e+01,3.896000000000003016e+00,0.000000000000000000e+00,1.980000000000000648e-01
2.969999999999999929e+01,3.896000000000003016e+00,0.000000000000000000e+00,2.040000000000000979e-01
2.971999999999999886e+01,3.896000000000003016e+00,0.000000000000000000e+00,2.100000000000000477e-01
2.973999999999999844e+01,3.896000000000003016e+00,0.000000000000000000e+00,2.160000000000001363e-01
2.976000000000000156e+01,3.896000000000003016e+00,0.000000000000000000e+00,2.220000000000001417e-01
2.978000000000000114e+01,3.896000000000003016e+00,0.000000000000000000e+00,2.280000000000000637e-01
2.980000000000000071e+01,3.896000000000003016e+00,0.000000000000000000e+00,2.340000000000000691e-01
2.982000000000000028e+01,3.896000000000003016e+00,0.000000000000000000e+00,2.400000000000001021e-01
2.983999999999999986e+01,3.896000000000003016e+00,0.000000000000000000e+00,2.460000000000000797e-01
2.985999999999999943e+01,3.896000000000003016e+00,0.000000000000000000e+00,2.520000000000001128e-01
2.987999999999999901e+01,3.896000000000003016e+00,0.000000000000000000e+00,2.580000000000001181e-01
2.989999999999999858e+01,3.896000000000003016e+00,0.000000000000000000e+00,2.640000000000000679e-01
2.992000000000000171e+01,3.896000000000003016e+00,0.000000000000000000e+00,2.700000000000000733e-01
2.994000000000000128e+01,3.896000000000003016e+00,0.000000000000000000e+00,2.760000000000001341e-01
2.996000000000000085e+01,3.896000000000003016e+00,0.000000000000000000e+00,2.820000000000002505e-01
2.998000000000000043e+01,3.896000000000003016e+00,0.000000000000000000e+00,2.880000000000002558e-01
3.000000000000000000e+01,3.896000000000003016e+00,0.000000000000000000e+00,2.940000000000002611e-01
3.001999999999999957e+01,3.896000000000003016e+00,0.000000000000000000e+00,3.000000000000002665e-01
3.003999999999999915e+01,3.896000000000003016e+00,0.000000000000000000e+00,3.060000000000002718e-01
3.005999999999999872e+01,3.896000000000003016e+00,0.000000000000000000e+00,3.120000000000002771e-01
3.007999999999999829e+01,3.896000000000003016e+00,0.000000000000000000e+00,3.180000000000003935e-01
3.010000000000000142e+01,3.896000000000003016e+00,0.000000000000000000e+00,3.240000000000003433e-01
3.012000000000000099e+01,3.896000000000003016e+00,0.000000000000000000e+00,3.300000000000003486e-01
3.014000000000000057e+01,3.896000000000003016e+00,0.000000000000000000e+00,3.360000000000003539e-01
3.016000000000000014e+01,3.896000000000003016e+00,0.000000000000000000e+00,3.420000000000004148e-01
3.017999999999999972e+01,3.896000000000003016e+00,0.000000000000000000e+00,3.480000000000003091e-01
3.019999999999999929e+01,3.896000000000003016e+00,0.000000000000000000e+00,3.540000000000004254e-01
3.021999999999999886e+01,3.896000000000003016e+00,0.000000000000000000e+00,3.600000000000003753e-01
3.023999999999999844e+01,3.896000000000003016e+00,0.000000000000000000e+00,3.660000000000003806e-01
3.026000000000000156e+01,3.896000000000003016e+00,0.000000000000000000e+00,3.720000000000003859e-01
3.028000000000000114e+01,3.896000000000003016e+00,0.000000000000000000e+00,3.780000000000003357e-01
3.030000000000000071e+01,3.896000000000003016e+00,0.000000000000000000e+00,3.840000000000003966e-01
3.032000000000000028e+01,3.896000000000003016e+00,0.000000000000000000e+00,3.900000000000004019e-01
3.033999999999999986e+01,3.896000000000003016e+00,0.000000000000000000e+00,3.960000000000004072e-01
3.035999999999999943e+01,3.896000000000003016e+00,0.000000000000000000e+00,4.020000000000004126e-01
3.037999999999999901e+01,3.896000000000003016e+00,0.000000000000000000e+00,4.080000000000004179e-01
3.039999999999999858e+01,3.896000000000003016e+00,0.000000000000000000e+00,4.140000000000003677e-01
3.042000000000000171e+01,3.896000000000003016e+00,0.000000000000000000e+00,4.200000000000003175e-01
3.044000000000000128e+01,3.896000000000003016e+00,0.000000000000000000e+00,4.260000000000003784e-01
3.046000000000000085e+01,3.896000000000003016e+00,0.000000000000000000e+00,4.320000000000003837e-01
3.048000000000000043e+01,3.896000000000003016e+00,0.000000000000000000e+00,4.380000000000004445e-01
3.050000000000000000e+01,3.896000000000003016e+00,0.000000000000000000e+00,4.440000000000003944e-01
3.051999999999999957e+01,3.896000000000003016e+00,0.000000000000000000e+00,4.500000000000003997e-01
3.053999999999999915e+01,3.896000000000003016e+00,0.000000000000000000e+00,4.560000000000004050e-01
3.055999999999999872e+01,3.896000000000003016e+00,0.000000000000000000e+00,4.620000000000004103e-01
3.057999999999999829e+01,3.896000000000003016e+00,0.000000000000000000e+00,4.680000000000003602e-01
3.060000000000000142e+01,3.896000000000003016e+00,0.000000000000000000e+00,4.740000000000003655e-01
3.062000000000000099e+01,3.896000000000003016e+00,0.000000000000000000e+00,4.800000000000004818e-01
3.064000000000000057e+01,3.896000000000003016e+00,0.000000000000000000e+00,4.860000000000004317e-01
3.066000000000000014e+01,3.896000000000003016e+00,0.000000000000000000e+00,4.920000000000003815e-01
3.067999999999999972e+01,3.896000000000003016e+00,0.000000000000000000e+00,4.980000000000003868e-01
3.069999999999999929e+01,3.896000000000003016e+00,0.000000000000000000e+00,5.040000000000003366e-01
3.071999999999999886e+01,3.896000000000003016e+00,0.000000000000000000e+00,5.100000000000003419e-01
3.073999999999999844e+01,3.896000000000003016e+00,0.000000000000000000e+00,5.160000000000004583e-01
3.076000000000000156e+01,3.896000000000003016e+00,0.000000000000000000e+00,5.220000000000003526e-01
3.078000000000000114e+01,3.896000000000003016e+00,0.000000000000000000e+00,5.280000000000004690e-01
3.080000000000000071e+01,3.896000000000003016e+00,0.000000000000000000e+00,5.340000000000003633e-01
3.082000000000000028e+01,3.896000000000003016e+00,0.000000000000000000e+00,5.400000000000003686e-01
3.083999999999999986e+01,3.896000000000003016e+00,0.000000000000000000e+00,5.460000000000003739e-01
3.085999999999999943e+01,3.896000000000003016e+00,0.000000000000000000e+00,5.520000000000002682e-01
3.087999999999999901e+01,3.896000000000003016e+00,0.000000000000000000e+00,5.580000000000002736e-01
3.089999999999999858e+01,3.896000000000003016e+00,0.000000000000000000e+00,5.640000000000003899e-01
3.092000000000000171e+01,3.896000000000003016e+00,0.000000000000000000e+00,5.700000000000002842e-01
3.094000000000000128e+01,3.896000000000003016e+00,0.000000000000000000e+00,5.760000000000004006e-01
3.096000000000000085e+01,3.896000000000003016e+00,0.000000000000000000e+00,5.820000000000002949e-01
3.098000000000000043e+01,3.896000000000003016e+00,0.000000000000000000e+00,5.880000000000001892e-01
3.100000000000000000e+01,3.896000000000003016e+00,0.000000000000000000e+00,5.940000000000003055e-01
3.101999999999999957e+01,3.896000000000003016e+00,0.000000000000000000e+00,6.000000000000003109e-01
3.103999999999999915e+01,3.896000000000003016e+00,0.000000000000000000e+00,6.060000000000004272e-01
3.105999999999999872e+01,3.896000000000003016e+00,0.000000000000000000e+00,6.120000000000003215e-01
3.107999999999999829e+01,3.896000000000003016e+00,0.000000000000000000e+00,6.180000000000003268e-01
3.110000000000000142e+01,3.896000000000003016e+00,0.000000000000000000e+00,6.240000000000003322e-01
3.112000000000000099e+01,3.896000000000003016e+00,0.000000000000000000e+00,6.300000000000005596e-01
3.114000000000000057e+01,3.896000000000003016e+00,0.000000000000000000e+00,6.360000000000005649e-01
3.116000000000000014e+01,3.896000000000003016e+00,0.000000000000000000e+00,6.420000000000005702e-01
3.117999999999999972e+01,3.896000000000003016e+00,0.000000000000000000e+00,6.480000000000004645e-01
3.119999999999999929e+01,3.896000000000003016e+00,0.000000000000000000e+00,6.540000000000004698e-01
3.121999999999999886e+01,3.896000000000003016e+00,0.000000000000000000e+00,6.600000000000005862e-01
3.123999999999999844e+01,3.896000000000003016e+00,0.000000000000000000e+00,6.660000000000004805e-01
3.126000000000000156e+01,3.896000000000003016e+00,0.000000000000000000e+00,6.720000000000003748e-01
3.128000000000000114e+01,3.896000000000003016e+00,0.000000000000000000e+00,6.780000000000003801e-01
3.130000000000000071e+01,3.896000000000003016e+00,0.000000000000000000e+00,6.840000000000004965e-01
3.132000000000000028e+01,3.896000000000003016e+00,0.000000000000000000e+00,6.900000000000003908e-01
3.133999999999999986e+01,3.896000000000003016e+00,0.000000000000000000e+00,6.960000000000002851e-01
3.135999999999999943e+01,3.896000000000003016e+00,0.000000000000000000e+00,7.020000000000005125e-01
3.137999999999999901e+01,3.896000000000003016e+00,0.000000000000000000e+00,7.080000000000005178e-01
3.139999999999999858e+01,3.896000000000003016e+00,0.000000000000000000e+00,7.140000000000003011e-01
3.142000000000000171e+01,3.896000000000003016e+00,0.000000000000000000e+00,7.200000000000004174e-01
3.144000000000000128e+01,3.896000000000003016e+00,0.000000000000000000e+00,7.260000000000004228e-01
3.146000000000000085e+01,3.896000000000003016e+00,0.000000000000000000e+00,7.320000000000003171e-01
3.148000000000000043e+01,3.896000000000003016e+00,0.000000000000000000e+00,7.380000000000003224e-01
3.150000000000000000e+01,3.896000000000003016e+00,0.000000000000000000e+00,7.440000000000004388e-01
3.151999999999999957e+01,3.896000000000003016e+00,0.000000000000000000e+00,7.500000000000005551e-01
3.153999999999999915e+01,3.896000000000003016e+00,0.000000000000000000e+00,7.560000000000004494e-01
3.155999999999999872e+01,3.896000000000003016e+00,0.000000000000000000e+00,7.620000000000004547e-01
3.157999999999999829e+01,3.896000000000003016e+00,0.000000000000000000e+00,7.680000000000005711e-01
3.160000000000000142e+01,3.896000000000003016e+00,0.000000000000000000e+00,7.740000000000005764e-01
3.162000000000000099e+01,3.896000000000003016e+00,0.000000000000000000e+00,7.800000000000003597e-01
3.164000000000000057e+01,3.896000000000003016e+00,0.000000000000000000e+00,7.860000000000004761e-01
3.166000000000000014e+01,3.896000000000003016e+00,0.000000000000000000e+00,7.920000000000003704e-01
3.167999999999999972e+01,3.896000000000003016e+00,0.000000000000000000e+00,7.980000000000003757e-01
3.169999999999999929e+01,3.896000000000003016e+00,0.000000000000000000e+00,8.040000000000003810e-01
3.171999999999999886e+01,3.896000000000003016e+00,0.000000000000000000e+00,8.100000000000003864e-01
3.173999999999999844e+01,3.896000000000003016e+00,0.000000000000000000e+00,8.160000000000003917e-01
3.176000000000000156e+01,3.896000000000003016e+00,0.000000000000000000e+00,8.220000000000003970e-01
3.178000000000000114e+01,3.896000000000003016e+00,0.000000000000000000e+00,8.280000000000004023e-01
3.180000000000000071e+01,3.896000000000003016e+00,0.000000000000000000e+00,8.340000000000002967e-01
3.182000000000000028e+01,3.896000000000003016e+00,0.000000000000000000e+00,8.400000000000004130e-01
3.183999999999999986e+01,3.896000000000003016e+00,0.000000000000000000e+00,8.460000000000005294e-01
3.185999999999999943e+01,3.896000000000003016e+00,0.000000000000000000e+00,8.520000000000003126e-01
3.187999999999999901e+01,3.896000000000003016e+00,0.000000000000000000e+00,8.580000000000003180e-01
3.189999999999999858e+01,3.896000000000003016e+00,0.000000000000000000e+00,8.640000000000003233e-01
3.192000000000000171e+01,3.896000000000003016e+00,0.000000000000000000e+00,8.700000000000005507e-01
3.194000000000000128e+01,3.896000000000003016e+00,0.000000000000000000e+00,8.760000000000003340e-01
3.196000000000000085e+01,3.896000000000003016e+00,0.000000000000000000e+00,8.820000000000004503e-01
3.198000000000000043e+01,3.896000000000003016e+00,0.000000000000000000e+00,8.880000000000004556e-01
3.200000000000000000e+01,3.896000000000003016e+00,0.000000000000000000e+00,8.940000000000004610e-01
3.202000000000000313e+01,3.896000000000003016e+00,0.000000000000000000e+00,9.000000000000003553e-01
3.203999999999999915e+01,3.896000000000003016e+00,0.000000000000000000e+00,9.060000000000003606e-01
3.206000000000000227e+01,3.896000000000003016e+00,0.000000000000000000e+00,9.120000000000005880e-01
3.207999999999999829e+01,3.896000000000003016e+00,0.000000000000000000e+00,9.180000000000005933e-01
3.210000000000000142e+01,3.896000000000003016e+00,0.000000000000000000e+00,9.240000000000005986e-01
3.211999999999999744e+01,3.896000000000003016e+00,0.000000000000000000e+00,9.300000000000004929e-01
3.214000000000000057e+01,3.896000000000003016e+00,0.000000000000000000e+00,9.360000000000006093e-01
3.215999999999999659e+01,3.896000000000003016e+00,0.000000000000000000e+00,9.420000000000006146e-01
3.217999999999999972e+01,3.896000000000003016e+00,0.000000000000000000e+00,9.480000000000007310e-01
3.220000000000000284e+01,3.896000000000003016e+00,0.000000000000000000e+00,9.540000000000006253e-01
3.221999999999999886e+01,3.896000000000003016e+00,0.000000000000000000e+00,9.600000000000006306e-01
3.224000000000000199e+01,3.896000000000003016e+00,0.000000000000000000e+00,9.660000000000005249e-01
3.225999999999999801e+01,3.896000000000003016e+00,0.000000000000000000e+00,9.720000000000005302e-01
3.228000000000000114e+01,3.896000000000003016e+00,0.000000000000000000e+00,9.780000000000006466e-01
3.229999999999999716e+01,3.896000000000003016e+00,0.000000000000000000e+00,9.840000000000006519e-01
3.232000000000000028e+01,3.896000000000003016e+00,0.000000000000000000e+00,9.900000000000006573e-01
3.234000000000000341e+01,3.896000000000003016e+00,0.000000000000000000e+00,9.960000000000006626e-01
3.235999999999999943e+01,3.896000000000003016e+00,0.000000000000000000e+00,1.002000000000000668e+00
3.238000000000000256e+01,3.896000000000003016e+00,0.000000000000000000e+00,1.008000000000000895e+00
3.239999999999999858e+01,3.896000000000003016e+00,0.000000000000000000e+00,1.014000000000000679e+00
3.242000000000000171e+01,3.896000000000003016e+00,0.000000000000000000e+00,1.020000000000000684e+00
3.243999999999999773e+01,3.896000000000003016e+00,0.000000000000000000e+00,1.026000000000000689e+00
3.246000000000000085e+01,3.896000000000003016e+00,0.000000000000000000e+00,1.032000000000000695e+00
3.247999999999999687e+01,3.896000000000003016e+00,0.000000000000000000e+00,1.038000000000000700e+00
3.250000000000000000e+01,3.896000000000003016e+00,0.000000000000000000e+00,1.044000000000000705e+00
3.252000000000000313e+01,3.896000000000003016e+00,0.000000000000000000e+00,1.050000000000000711e+00
3.253999999999999915e+01,3.896000000000003016e+00,0.000000000000000000e+00,1.056000000000000938e+00
3.256000000000000227e+01,3.896000000000003016e+00,0.000000000000000000e+00,1.062000000000000721e+00
3.257999999999999829e+01,3.896000000000003016e+00,0.000000000000000000e+00,1.068000000000000727e+00
3.260000000000000142e+01,3.896000000000003016e+00,0.000000000000000000e+00,1.074000000000000732e+00
3.261999999999999744e+01,3.896000000000003016e+00,0.000000000000000000e+00,1.080000000000000737e+00
3.264000000000000057e+01,3.896000000000003016e+00,0.000000000000000000e+00,1.086000000000000743e+00
3.265999999999999659e+01,3.896000000000003016e+00,0.000000000000000000e+00,1.092000000000000748e+00
3.267999999999999972e+01,3.896000000000003016e+00,0.000000000000000000e+00,1.098000000000000753e+00
3.270000000000000284e+01,3.896000000000003016e+00,0.000000000000000000e+00,1.104000000000000759e+00
3.271999999999999886e+01,3.896000000000003016e+00,0.000000000000000000e+00,1.110000000000000764e+00
3.274000000000000199e+01,3.896000000000003016e+00,0.000000000000000000e+00,1.116000000000000769e+00
3.275999999999999801e+01,3.896000000000003016e+00,0.000000000000000000e+00,1.122000000000000997e+00
3.278000000000000114e+01,3.896000000000003016e+00,0.000000000000000000e+00,1.128000000000001002e+00
3.279999999999999716e+01,3.896000000000003016e+00,0.000000000000000000e+00,1.134000000000000563e+00
3.282000000000000028e+01,3.896000000000003016e+00,0.000000000000000000e+00,1.140000000000000568e+00
3.284000000000000341e+01,3.896000000000003016e+00,0.000000000000000000e+00,1.146000000000001018e+00
3.285999999999999943e+01,3.896000000000003016e+00,0.000000000000000000e+00,1.152000000000000801e+00
3.288000000000000256e+01,3.896000000000003016e+00,0.000000000000000000e+00,1.158000000000000806e+00
3.289999999999999858e+01,3.896000000000003016e+00,0.000000000000000000e+00,1.164000000000000812e+00
3.292000000000000171e+01,3.896000000000003016e+00,0.000000000000000000e+00,1.170000000000000817e+00
3.293999999999999773e+01,3.896000000000003016e+00,0.000000000000000000e+00,1.176000000000000822e+00
3.296000000000000085e+01,3.896000000000003016e+00,0.000000000000000000e+00,1.182000000000000606e+00
3.297999999999999687e+01,3.896000000000003016e+00,0.000000000000000000e+00,1.188000000000000833e+00
3.300000000000000000e+01,3.896000000000003016e+00,0.000000000000000000e+00,1.194000000000000838e+00
3.302000000000000313e+01,3.896000000000003016e+00,0.000000000000000000e+00,1.200000000000000844e+00
3.303999999999999915e+01,3.896000000000003016e+00,0.000000000000000000e+00,1.206000000000000627e+00
3.306000000000000227e+01,3.896000000000003016e+00,0.000000000000000000e+00,1.212000000000000854e+00
3.307999999999999829e+01,3.896000000000003016e+00,0.000000000000000000e+00,1.218000000000000860e+00
3.310000000000000142e+01,3.896000000000003016e+00,0.000000000000000000e+00,1.224000000000000865e+00
3.311999999999999744e+01,3.896000000000003016e+00,0.000000000000000000e+00,1.230000000000000870e+00
3.314000000000000057e+01,3.896000000000003016e+00,0.000000000000000000e+00,1.236000000000000876e+00
3.315999999999999659e+01,3.896000000000003016e+00,0.000000000000000000e+00,1.242000000000000881e+00
3.317999999999999972e+01,3.896000000000003016e+00,0.000000000000000000e+00,1.248000000000000886e+00
3.320000000000000284e+01,3.896000000000003016e+00,0.000000000000000000e+00,1.254000000000000892e+00
3.321999999999999886e+01,3.896000000000003016e+00,0.000000000000000000e+00,1.260000000000000897e+00
3.324000000000000199e+01,3.896000000000003016e+00,0.000000000000000000e+00,1.265816043661729617e+00
3.325999999999999801e+01,3.896000000000003016e+00,0.000000000000000000e+00,1.271632087323458338e+00
3.328000000000000114e+01,3.896000000000003016e+00,0.000000000000000000e+00,1.277448130985187280e+00
3.329999999999999716e+01,3.896000000000003016e+00,0.000000000000000000e+00,1.283264174646916000e+00
3.332000000000000028e+01,3.896000000000003016e+00,0.000000000000000000e+00,1.289080218308644277e+00
3.334000000000000341e+01,3.896000000000003016e+00,0.000000000000000000e+00,1.294310978477435148e+00
3.335999999999999943e+01,3.896000000000003016e+00,0.000000000000000000e+00,1.299541738646225353e+00
3.338000000000000256e+01,3.896000000000003016e+00,0.000000000000000000e+00,1.304772498815015780e+00
3.339999999999999858e+01,3.896000000000003016e+00,0.000000000000000000e+00,1.310003258983806207e+00
3.342000000000000171e+01,3.896000000000003016e+00,0.000000000000000000e+00,1.315234019152596856e+00
3.343999999999999773e+01,3.896000000000003016e+00,0.000000000000000000e+00,1.319929997634649244e+00
3.346000000000000085e+01,3.896000000000003016e+00,0.000000000000000000e+00,1.324625976116701853e+00
3.347999999999999687e+01,3.896000000000003016e+00,0.000000000000000000e+00,1.329321954598754463e+00
3.350000000000000000e+01,3.896000000000003016e+00,0.000000000000000000e+00,1.334017933080807072e+00
3.352000000000000313e+01,3.896000000000003016e+00,0.000000000000000000e+00,1.338713911562859682e+00
3.353999999999999915e+01,3.896000000000003016e+00,0.000000000000000000e+00,1.342929596562971950e+00
3.356000000000000227e+01,3.896000000000003016e+00,0.000000000000000000e+00,1.347145281563084440e+00
3.357999999999999829e+01,3.896000000000003016e+00,0.000000000000000000e+00,1.351360966563197152e+00
3.360000000000000142e+01,3.896000000000003016e+00,0.000000000000000000e+00,1.355576651563309420e+00
3.361999999999999744e+01,3.896000000000003016e+00,0.000000000000000000e+00,1.359792336563422355e+00
3.364000000000000057e+01,3.896830363772501027e+00,3.912860450953769761e-03,1.363576847193884722e+00
3.365999999999999659e+01,3.897645913371931670e+00,7.828835393951238952e-03,1.367361357824347312e+00
3.367999999999999972e+01,3.898446637117582547e+00,1.174786874242718729e-02,1.371145868454809902e+00
3.370000000000000284e+01,3.899232523541084738e+00,1.566990436601221198e-02,1.374930379085272492e+00
3.371999999999999886e+01,3.900003561386577555e+00,1.959488609133700626e-02,1.378714889715735303e+00
3.374000000000000199e+01,3.900759739610868415e+00,2.352275770283653727e-02,1.382499400346197449e+00
3.375999999999999801e+01,3.901501780339140524e+00,2.745332509684388772e-02,1.385911008189194105e+00
3.378000000000000114e+01,3.902230407220549147e+00,3.138640116386026691e-02,1.389322616032190538e+00
3.379999999999999716e+01,3.902945611774564671e+00,3.532194012659001237e-02,1.392734223875187194e+00
3.382000000000000028e+01,3.903647385676880521e+00,3.925989617907163498e-02,1.396145831718183405e+00
3.384000000000000341e+01,3.904336390399200774e+00,4.320010682214717873e-02,1.399217576234403904e+00
3.385999999999999943e+01,3.905013288569530339e+00,4.714241531923239054e-02,1.402289320750624402e+00
3.388000000000000256e+01,3.905678073800924022e+00,5.108678447225373231e-02,1.405361065266845122e+00
3.389999999999999858e+01,3.906330739820729647e+00,5.503317706369424689e-02,1.408432809783065176e+00
3.392000000000000171e+01,3.906971280470647123e+00,5.898155585694456193e-02,1.411504554299285896e+00
3.393999999999999773e+01,3.907600280842610463e+00,6.293178980991674665e-02,1.414277034014040035e+00
3.396000000000000085e+01,3.908218326867652248e+00,6.688375246941576091e-02,1.417049513728794174e+00
3.397999999999999687e+01,3.908825413795075310e+00,7.083741345813195089e-02,1.419821993443548536e+00
3.400000000000000000e+01,3.909421536958421761e+00,7.479274238570114697e-02,1.422594473158302675e+00
3.402000000000000313e+01,3.910006691775508525e+00,7.874970884893842116e-02,1.425366952873056592e+00
3.403999999999999915e+01,3.910581407952558042e+00,8.270820514995784467e-02,1.427869549902667012e+00
3.406000000000000227e+01,3.911146215819143013e+00,8.666812733646482581e-02,1.430372146932277655e+00
3.407999999999999829e+01,3.911701111837878386e+00,9.062945060751179116e-02,1.432874743961887853e+00
3.410000000000000142e+01,3.912246092533456565e+00,9.459215015337611721e-02,1.435377340991498052e+00
3.411999999999999744e+01,3.912781154492670055e+00,9.855620115571570028e-02,1.437879938021108694e+00
3.414000000000000057e+01,3.913306777247184343e+00,1.025215150040105772e-01,1.440138996454956688e+00
3.415999999999999659e+01,3.913823440792409514e+00,1.064880061456341259e-01,1.442398054888804459e+00
3.417999999999999972e+01,3.914331142491634274e+00,1.104556543382221728e-01,1.444657113322652675e+00
3.420000000000000284e+01,3.914829879753882746e+00,1.144244393335056564e-01,1.446916171756500447e+00
3.421999999999999886e+01,3.915319650033927790e+00,1.183943408774141837e-01,1.449175230190348440e+00
3.424000000000000199e+01,3.915800887214170967e+00,1.223652860081680394e-01,1.451214512211716379e+00
3.425999999999999801e+01,3.916274025522360702e+00,1.263372042596467570e-01,1.453253794233083651e+00
3.428000000000000114e+01,3.916739062990870934e+00,1.303100791139541192e-01,1.455293076254451146e+00
3.429999999999999716e+01,3.917195997685764208e+00,1.342838940492158128e-01,1.457332358275818862e+00
3.432000000000000028e+01,3.917644827706800559e+00,1.382586325396479299e-01,1.459371640297185913e+00
3.434000000000000341e+01,3.918085945462256525e+00,1.422342344572273543e-01,1.461212583289652533e+00
3.435999999999999943e+01,3.918519743617866258e+00,1.462106417101919353e-01,1.463053526282119376e+00
3.438000000000000256e+01,3.918946220703456884e+00,1.501878408222186156e-01,1.464894469274585997e+00
3.439999999999999858e+01,3.919365375273668128e+00,1.541658183143005956e-01,1.466735412267052618e+00
3.442000000000000171e+01,3.919777562010880345e+00,1.581445239343380327e-01,1.468397357087903865e+00
3.443999999999999773e+01,3.920183135792695950e+00,1.621239090909615543e-01,1.470059301908755112e+00
3.446000000000000085e+01,3.920582095498894581e+00,1.661039627928707629e-01,1.471721246729606358e+00
3.447999999999999687e+01,3.920974440027526597e+00,1.700846740469186824e-01,1.473383191550457605e+00
3.450000000000000000e+01,3.921360168294912629e+00,1.740660318581422339e-01,1.475045136371308852e+00
3.452000000000000313e+01,3.921739279235648024e+00,1.780480252297924337e-01,1.476707081192160098e+00
3.453999999999999915e+01,3.922112086339289316e+00,1.820306138160611709e-01,1.478211074593533736e+00
3.456000000000000227e+01,3.922478903236590764e+00,1.860137585972432284e-01,1.479715067994907374e+00
3.457999999999999829e+01,3.922839729097813866e+00,1.899974505634821065e-01,1.481219061396280789e+00
3.460000000000000142e+01,3.923194563106772392e+00,1.939816807036836011e-01,1.482723054797654649e+00
3.461999999999999744e+01,3.923543404460832829e+00,1.979664400055362039e-01,1.484227048199028065e+00
3.464000000000000057e+01,3.923886543447084208e+00,2.019516944738878050e-01,1.485584968479105816e+00
3.465999999999999659e+01,3.924224270460769937e+00,2.059374112231850407e-01,1.486942888759182901e+00
3.467999999999999972e+01,3.924556584879138832e+00,2.099235829039767798e-01,1.488300809039260209e+00
3.470000000000000284e+01,3.924883486089421059e+00,2.139102021659728403e-01,1.489658729319337516e+00
3.471999999999999886e+01,3.925204973488828131e+00,2.178972616580577559e-01,1.491016649599414601e+00
3.474000000000000199e+01,3.925521309501120548e+00,2.218847332282665730e-01,1.492242651000516451e+00
3.475999999999999801e+01,3.925832756631166820e+00,2.258725896300295688e-01,1.493468652401618524e+00
3.478000000000000114e+01,3.926139314410837411e+00,2.298608248692826928e-01,1.494694653802720152e+00
3.479999999999999716e+01,3.926440982379351130e+00,2.338494329513922110e-01,1.495920655203822447e+00
3.482000000000000028e+01,3.926737760083276907e+00,2.378384078811641711e-01,1.497146656604924075e+00
3.484000000000000341e+01,3.927029884585871766e+00,2.418277263243639730e-01,1.498253587320597990e+00
3.485999999999999943e+01,3.927317593011279584e+00,2.458173656850355382e-01,1.499360518036271461e+00
3.488000000000000256e+01,3.927600885006972575e+00,2.498073210746916961e-01,1.500467448751945154e+00
3.489999999999999858e+01,3.927879760225834627e+00,2.537975876044582524e-01,1.501574379467618625e+00
3.492000000000000171e+01,3.928154218326160407e+00,2.577881603850795122e-01,1.502681310183292540e+00
3.493999999999999773e+01,3.928424473434231956e+00,2.617790200474427453e-01,1.503680765490296833e+00
3.496000000000000085e+01,3.928690739722118686e+00,2.657701478244066107e-01,1.504680220797301349e+00
3.497999999999999687e+01,3.928953016923843578e+00,2.697615397291902029e-01,1.505679676104305420e+00
3.500000000000000000e+01,3.929211304777414870e+00,2.737531917747491050e-01,1.506679131411309713e+00
3.502000000000000313e+01,3.929465603024826947e+00,2.777450999737787751e-01,1.507678586718314007e+00
3.503999999999999915e+01,3.929716105057539544e+00,2.817372482232472497e-01,1.508581029965219145e+00
3.506000000000000227e+01,3.929963004301508356e+00,2.857296209109425056e-01,1.509483473212124283e+00
3.507999999999999829e+01,3.930206300555656895e+00,2.897222147854612850e-01,1.510385916459029421e+00
3.510000000000000142e+01,3.930445993621844103e+00,2.937150265952200856e-01,1.511288359705934559e+00
3.511999999999999744e+01,3.930682083304863461e+00,2.977080530884579357e-01,1.512190802952839697e+00
3.514000000000000057e+01,3.930914744257406834e+00,3.017012808550397773e-01,1.513005676295900548e+00
3.515999999999999659e+01,3.931144151158205702e+00,3.056946968850202118e-01,1.513820549638961399e+00
3.517999999999999972e+01,3.931370303854928583e+00,3.096882985266970478e-01,1.514635422982022028e+00
3.520000000000000284e+01,3.931593202197406267e+00,3.136820831282447486e-01,1.515450296325083102e+00
3.521999999999999886e+01,3.931812846037630038e+00,3.176760480377163187e-01,1.516265169668144175e+00
3.524000000000000199e+01,3.932029393097247194e+00,3.216701820676472479e-01,1.517000993976167278e+00
3.525999999999999801e+01,3.932243001117597725e+00,3.256644743568674061e-01,1.517736818284190603e+00
3.528000000000000114e+01,3.932453669983025701e+00,3.296589227427175195e-01,1.518472642592213928e+00
3.529999999999999716e+01,3.932661399579467254e+00,3.336535250624538818e-01,1.519208466900237253e+00
3.532000000000000028e+01,3.932866189794450129e+00,3.376482791532495198e-01,1.519944291208260800e+00
3.534000000000000341e+01,3.933068183054667433e+00,3.416431756643174000e-01,1.520608756168345677e+00
3.535999999999999943e+01,3.933267521801738109e+00,3.456382055109183393e-01,1.521273221128430775e+00
3.538000000000000256e+01,3.933464205947651227e+00,3.496333669291920021e-01,1.521937686088516095e+00
3.539999999999999858e+01,3.933658235405567805e+00,3.536286581552200436e-01,1.522602151048600971e+00
3.542000000000000171e+01,3.933849610089820814e+00,3.576240774250267207e-01,1.523266616008686070e+00
3.543999999999999773e+01,3.934038458612127087e+00,3.616196169074434863e-01,1.523866661396815037e+00
3.546000000000000085e+01,3.934224909595539721e+00,3.656152689882324891e-01,1.524466706784944448e+00
3.547999999999999687e+01,3.934408962972926194e+00,3.696110322287412542e-01,1.525066752173073414e+00
3.550000000000000000e+01,3.934590618678017293e+00,3.736069051902775051e-01,1.525666797561202603e+00
3.552000000000000313e+01,3.934769876645407116e+00,3.776028864341093305e-01,1.526266842949332014e+00
3.553999999999999915e+01,3.934946736810553514e+00,3.815989745214659057e-01,1.526866888337461203e+00
3.556000000000000227e+01,3.935121315312303913e+00,3.855951629498562405e-01,1.527408777323143729e+00
3.557999999999999829e+01,3.935293728298035365e+00,3.895914453936815125e-01,1.527950666308825811e+00
3.560000000000000142e+01,3.935463975717117702e+00,3.935878206794585776e-01,1.528492555294508337e+00
3.561999999999999744e+01,3.935632057519560689e+00,3.975842876336772580e-01,1.529034444280190641e+00
3.564000000000000057e+01,3.935798080906664165e+00,4.015808406380957929e-01,1.529522661907266823e+00
3.565999999999999659e+01,3.935962153086433712e+00,4.055774742217530537e-01,1.530010879534343671e+00
3.567999999999999972e+01,3.936124274019763281e+00,4.095741874320257270e-01,1.530499097161420297e+00
3.570000000000000284e+01,3.936284443668008670e+00,4.135709793162714587e-01,1.530987314788496922e+00
3.571999999999999886e+01,3.936442661992993752e+00,4.175678489218291323e-01,1.531475532415573770e+00
3.574000000000000199e+01,3.936599023514529616e+00,4.215647916053556488e-01,1.531916435281454936e+00
3.575999999999999801e+01,3.936753622757441118e+00,4.255618028406293329e-01,1.532357338147336323e+00
3.578000000000000114e+01,3.936906459691674520e+00,4.295588818506499429e-01,1.532798241013217710e+00
3.579999999999999716e+01,3.937057534287518479e+00,4.335560278584039140e-01,1.533239143879099320e+00
3.582000000000000028e+01,3.937206846515605374e+00,4.375532400868647476e-01,1.533680046744980485e+00
3.584000000000000341e+01,3.937354481675007900e+00,4.415505146143740012e-01,1.534078256598523815e+00
3.585999999999999943e+01,3.937500525068643675e+00,4.455478476147307632e-01,1.534476466452067145e+00
3.588000000000000256e+01,3.937644976673354336e+00,4.495452384540736812e-01,1.534874676305610475e+00
3.589999999999999858e+01,3.937787836466233315e+00,4.535426864985321327e-01,1.535272886159153805e+00
3.592000000000000171e+01,3.937929104424626292e+00,4.575401911142264466e-01,1.535671096012697134e+00
3.593999999999999773e+01,3.938068857571744186e+00,4.615377489793989207e-01,1.536030759625606645e+00
3.596000000000000085e+01,3.938207172933748446e+00,4.655353568501341410e-01,1.536390423238516378e+00
3.597999999999999687e+01,3.938344050492748050e+00,4.695330142093100401e-01,1.536750086851425667e+00
3.600000000000000000e+01,3.938479490231037605e+00,4.735307205397980557e-01,1.537109750464334956e+00
3.602000000000000313e+01,3.938613492131094240e+00,4.775284753244630198e-01,1.537469414077244689e+00
3.603999999999999915e+01,3.938746056175587373e+00,4.815262780461639358e-01,1.537829077690154200e+00
3.606000000000000227e+01,3.938877251917673128e+00,4.855241259092719086e-01,1.538153937498487389e+00
3.607999999999999829e+01,3.939007148912768486e+00,4.895220161816485338e-01,1.538478797306820356e+00
3.610000000000000142e+01,3.939135747147164857e+00,4.935199484413809179e-01,1.538803657115153767e+00
3.611999999999999744e+01,3.939263046607290875e+00,4.975179222665516154e-01,1.539128516923486956e+00
3.614000000000000057e+01,3.939389111497022533e+00,5.015159352141687066e-01,1.539421252178627908e+00
3.615999999999999659e+01,3.939514006022028614e+00,5.055139848941201386e-01,1.539713987433769304e+00
3.617999999999999972e+01,3.939637730171607899e+00,5.095120709637974699e-01,1.540006722688910479e+00
3.620000000000000284e+01,3.939760283935156426e+00,5.135101930805888726e-01,1.540299457944051653e+00
3.621999999999999886e+01,3.939881667302171930e+00,5.175083509018796324e-01,1.540592193199192605e+00
3.624000000000000199e+01,3.940001936885393352e+00,5.215065423848047610e-01,1.540856604124073659e+00
3.625999999999999801e+01,3.940121149298914105e+00,5.255047655285581820e-01,1.541121015048954490e+00
3.628000000000000114e+01,3.940239304534402187e+00,5.295030200536114950e-01,1.541385425973835321e+00
3.629999999999999716e+01,3.940356402583594431e+00,5.335013056804344123e-01,1.541649836898716153e+00
3.632000000000000028e+01,3.940472443438304495e+00,5.374996221294940923e-01,1.541914247823596984e+00
3.634000000000000341e+01,3.940587478192400628e+00,5.414979676534915631e-01,1.542153097221349300e+00
3.635999999999999943e+01,3.940701557940803568e+00,5.454963405394195330e-01,1.542391946619102061e+00
3.638000000000000256e+01,3.940814682677007852e+00,5.494947405591749101e-01,1.542630796016854600e+00
3.639999999999999858e+01,3.940926852394555979e+00,5.534931674846527150e-01,1.542869645414607138e+00
3.642000000000000171e+01,3.941038067087050401e+00,5.574916210877465250e-01,1.543108494812359677e+00
3.643999999999999773e+01,3.941148372895297403e+00,5.614900998693062029e-01,1.543324261884361448e+00
3.646000000000000085e+01,3.941257815960922617e+00,5.654886023581514598e-01,1.543540028956362997e+00
3.647999999999999687e+01,3.941366396278834561e+00,5.694871283681303131e-01,1.543755796028365213e+00
3.650000000000000000e+01,3.941474113843975502e+00,5.734856777130897809e-01,1.543971563100366762e+00
3.652000000000000313e+01,3.941580968651330341e+00,5.774842502068756600e-01,1.544187330172368533e+00
3.653999999999999915e+01,3.941687002370415360e+00,5.814828445598630990e-01,1.544382252697587221e+00
3.656000000000000227e+01,3.941792256671380557e+00,5.854814595052477699e-01,1.544577175222805909e+00
3.657999999999999829e+01,3.941896731550227351e+00,5.894800948911032012e-01,1.544772097748024597e+00
3.660000000000000142e+01,3.942000427002989582e+00,5.934787505655020334e-01,1.544967020273243508e+00
3.661999999999999744e+01,3.942103343025723294e+00,5.974774263765162408e-01,1.545161942798462196e+00
3.664000000000000057e+01,3.942205517250933156e+00,6.014761212118799882e-01,1.545338040992364936e+00
3.665999999999999659e+01,3.942306987311626099e+00,6.054748339779392197e-01,1.545514139186267677e+00
3.667999999999999972e+01,3.942407753204651755e+00,6.094735645506916821e-01,1.545690237380171084e+00
3.670000000000000284e+01,3.942507814926885956e+00,6.134723128061343456e-01,1.545866335574073824e+00
3.671999999999999886e+01,3.942607172475229405e+00,6.174710786202637358e-01,1.546042433767976787e+00
3.674000000000000199e+01,3.942705859837208227e+00,6.214698610313021954e-01,1.546201531494242332e+00
3.675999999999999801e+01,3.942803911000752226e+00,6.254686590926668011e-01,1.546360629220507876e+00
3.678000000000000114e+01,3.942901325963377168e+00,6.294674727031395189e-01,1.546519726946773421e+00
3.679999999999999716e+01,3.942998104722618802e+00,6.334663017615019820e-01,1.546678824673038966e+00
3.682000000000000028e+01,3.943094247276028419e+00,6.374651461665357122e-01,1.546837922399304732e+00
3.684000000000000341e+01,3.943189784320080715e+00,6.414640050844856445e-01,1.546981666302427172e+00
3.685999999999999943e+01,3.943284746551558140e+00,6.454628776939902446e-01,1.547125410205549612e+00
3.688000000000000256e+01,3.943379133968498707e+00,6.494617639124236064e-01,1.547269154108672273e+00
3.689999999999999858e+01,3.943472946568952864e+00,6.534606636571596017e-01,1.547412898011794935e+00
3.692000000000000171e+01,3.943566184350980830e+00,6.574595768455716582e-01,1.547556641914917819e+00
3.693999999999999773e+01,3.943658875039497858e+00,6.614585027530831551e-01,1.547686518684108892e+00
3.696000000000000085e+01,3.943751046359657675e+00,6.654574406652350449e-01,1.547816395453299521e+00
3.697999999999999687e+01,3.943842698309901085e+00,6.694563905145730631e-01,1.547946272222490371e+00
3.700000000000000000e+01,3.943933830888689318e+00,6.734553522336431675e-01,1.548076148991681222e+00
3.702000000000000313e+01,3.944024444094484050e+00,6.774543257549909825e-01,1.548206025760872073e+00
3.703999999999999915e+01,3.944114562969051718e+00,6.814533104473944336e-01,1.548323377708300086e+00
3.706000000000000227e+01,3.944204212554357714e+00,6.854523056878872866e-01,1.548440729655727433e+00
3.707999999999999829e+01,3.944293392849168800e+00,6.894513114213975946e-01,1.548558081603155223e+00
3.710000000000000142e+01,3.944382103852258847e+00,6.934503275928529664e-01,1.548675433550583458e+00
3.711999999999999744e+01,3.944470345562401281e+00,6.974493541471811220e-01,1.548792785498010804e+00
3.714000000000000057e+01,3.944558140598600549e+00,7.014483905331894142e-01,1.548898824616325776e+00
3.715999999999999659e+01,3.944645511580015196e+00,7.054474362064228066e-01,1.549004863734640303e+00
3.717999999999999972e+01,3.944732458505661121e+00,7.094464911219147130e-01,1.549110902852954608e+00
3.720000000000000284e+01,3.944818981374562217e+00,7.134455552346986584e-01,1.549216941971269135e+00
3.721999999999999886e+01,3.944905080185746815e+00,7.174446284998079459e-01,1.549322981089583884e+00
3.724000000000000199e+01,3.944990775370505354e+00,7.214437104348345731e-01,1.549418801737488582e+00
3.725999999999999801e+01,3.945076087360246397e+00,7.254428005628703602e-01,1.549514622385393281e+00
3.728000000000000114e+01,3.945161016154186573e+00,7.294418988471974563e-01,1.549610443033297758e+00
3.729999999999999716e+01,3.945245561751551833e+00,7.334410052510973443e-01,1.549706263681202456e+00
3.732000000000000028e+01,3.945329724151563688e+00,7.374401197378521733e-01,1.549802084329107155e+00
3.734000000000000341e+01,3.945413521809999491e+00,7.414392418843337440e-01,1.549888674679165135e+00
3.735999999999999943e+01,3.945496973182732070e+00,7.454383712718911648e-01,1.549975265029223115e+00
3.738000000000000256e+01,3.945580078269141033e+00,7.494375078705397542e-01,1.550061855379280873e+00
3.739999999999999858e+01,3.945662837068600215e+00,7.534366516502942757e-01,1.550148445729339075e+00
3.742000000000000171e+01,3.945745266252915773e+00,7.574358022377837285e-01,1.550226698099044675e+00
3.743999999999999773e+01,3.945827382493966251e+00,7.614349592633080643e-01,1.550304950468750276e+00
3.746000000000000085e+01,3.945909185791257823e+00,7.654341227023784278e-01,1.550383202838455876e+00
3.747999999999999687e+01,3.945990676144279785e+00,7.694332925305064075e-01,1.550461455208161698e+00
3.750000000000000000e+01,3.946071853552532982e+00,7.734324687232032591e-01,1.550539707577867077e+00
3.752000000000000313e+01,3.946152718015528915e+00,7.774316512559803494e-01,1.550617959947572899e+00
3.753999999999999915e+01,3.946233284258790164e+00,7.814308398078989581e-01,1.550688847812634830e+00
3.756000000000000227e+01,3.946313567007910361e+00,7.854300340609258191e-01,1.550759735677696760e+00
3.757999999999999829e+01,3.946393566262488495e+00,7.894292339949773307e-01,1.550830623542758469e+00
3.760000000000000142e+01,3.946473282022117779e+00,7.934284395899567910e-01,1.550901511407820621e+00
3.761999999999999744e+01,3.946552714286403418e+00,7.974276508257682750e-01,1.550972399272882551e+00
3.764000000000000057e+01,3.946631876686134355e+00,8.014268674126695524e-01,1.551036470209462781e+00
3.765999999999999659e+01,3.946710782852147048e+00,8.054260890633714309e-01,1.551100541146043454e+00
3.767999999999999972e+01,3.946789432784122198e+00,8.094253157614568206e-01,1.551164612082623906e+00
3.770000000000000284e+01,3.946867826481741393e+00,8.134245474905081874e-01,1.551228683019204357e+00
3.771999999999999886e+01,3.946945963944672009e+00,8.174237842341088855e-01,1.551292753955784809e+00
3.774000000000000199e+01,3.947023857494730503e+00,8.214230257360001231e-01,1.551350662660270219e+00
3.775999999999999801e+01,3.947101519453756424e+00,8.254222717419003041e-01,1.551408571364755629e+00
3.778000000000000114e+01,3.947178949821505078e+00,8.294215222383986008e-01,1.551466480069241038e+00
3.779999999999999716e+01,3.947256148597707348e+00,8.334207772120832969e-01,1.551524388773726226e+00
3.782000000000000028e+01,3.947333115782110546e+00,8.374200366495436754e-01,1.551582297478211858e+00
3.784000000000000341e+01,3.947409862507205602e+00,8.414193003238308322e-01,1.551634638780331699e+00
3.785999999999999943e+01,3.947486399905521637e+00,8.454185680096631961e-01,1.551686980082451539e+00
3.788000000000000256e+01,3.947562727976862806e+00,8.494178396960843092e-01,1.551739321384571602e+00
3.789999999999999858e+01,3.947638846721008843e+00,8.534171153721381575e-01,1.551791662686691220e+00
3.792000000000000171e+01,3.947714756137756353e+00,8.574163950268677281e-01,1.551844003988811060e+00
3.793999999999999773e+01,3.947790466285307609e+00,8.614156784589984683e-01,1.551891315184014131e+00
3.796000000000000085e+01,3.947865987221890194e+00,8.654149654685910908e-01,1.551938626379217201e+00
3.797999999999999687e+01,3.947941318947344236e+00,8.694142560466935343e-01,1.551985937574420493e+00
3.800000000000000000e+01,3.948016461461491655e+00,8.734135501843539595e-01,1.552033248769623341e+00
3.802000000000000313e+01,3.948091414764181906e+00,8.774128478726207492e-01,1.552080559964826412e+00
3.803999999999999915e+01,3.948166187943303651e+00,8.814121489327183534e-01,1.552123326325415942e+00
3.806000000000000227e+01,3.948240790086811725e+00,8.854114531869352600e-01,1.552166092686005472e+00
3.807999999999999829e+01,3.948315221194560909e+00,8.894107606279570977e-01,1.552208859046595002e+00
3.810000000000000142e+01,3.948389481266426415e+00,8.934100712484692730e-01,1.552251625407184532e+00
3.811999999999999744e+01,3.948463570302262582e+00,8.974093850411571927e-01,1.552294391767774284e+00
3.814000000000000057e+01,3.948537496513589318e+00,9.014087018469698620e-01,1.552333051593133062e+00
3.815999999999999659e+01,3.948611268111986039e+00,9.054080215077683347e-01,1.552371711418492062e+00
3.817999999999999972e+01,3.948684885097326625e+00,9.094073440175752809e-01,1.552410371243851062e+00
3.820000000000000284e+01,3.948758347469496055e+00,9.134066693704132600e-01,1.552449031069210061e+00
3.821999999999999886e+01,3.948831655228402404e+00,9.174059975603049422e-01,1.552487690894569061e+00
3.824000000000000199e+01,3.948904815793967238e+00,9.214053284455883119e-01,1.552522640071375415e+00
3.825999999999999801e+01,3.948977836586168522e+00,9.254046618853303263e-01,1.552557589248181102e+00
3.828000000000000114e+01,3.949050717604917438e+00,9.294039978746467812e-01,1.552592538424987456e+00
3.829999999999999716e+01,3.949123458850125168e+00,9.334033364086523621e-01,1.552627487601793588e+00
3.832000000000000028e+01,3.949196060321690016e+00,9.374026774824620878e-01,1.552662436778599719e+00
3.834000000000000341e+01,3.949268528724555249e+00,9.414020209697506747e-01,1.552694032897198761e+00
3.835999999999999943e+01,3.949340870763656586e+00,9.454013667447631608e-01,1.552725629015798248e+00
3.838000000000000256e+01,3.949413086438909648e+00,9.494007148035072952e-01,1.552757225134397734e+00
3.839999999999999858e+01,3.949485175750258481e+00,9.534000651419897165e-01,1.552788821252996776e+00
3.842000000000000171e+01,3.949557138697618708e+00,9.573994177562187291e-01,1.552820417371596040e+00
3.843999999999999773e+01,3.949628981340048028e+00,9.613987725333991152e-01,1.552848983441802888e+00
3.846000000000000085e+01,3.949700709736588156e+00,9.653981293612097225e-01,1.552877549512009736e+00
3.847999999999999687e+01,3.949772323887192460e+00,9.693974882363869394e-01,1.552906115582216584e+00
3.850000000000000000e+01,3.949843823791814312e+00,9.733968491556670433e-01,1.552934681652423210e+00
3.852000000000000313e+01,3.949915209450375997e+00,9.773962121157867555e-01,1.552963247722630280e+00
3.853999999999999915e+01,3.949986486338490366e+00,9.813955770159145109e-01,1.552989075528027119e+00
3.856000000000000227e+01,3.950057659931756060e+00,9.853949437556335234e-01,1.553014903333424401e+00
3.857999999999999829e+01,3.950128730230121121e+00,9.893943123322759270e-01,1.553040731138821462e+00
3.860000000000000142e+01,3.950199697233568674e+00,9.933936827431745220e-01,1.553066558944218523e+00
3.861999999999999744e+01,3.950270560942030329e+00,9.973930549856615535e-01,1.553092386749615583e+00
3.864000000000000057e+01,3.950341326304025458e+00,1.001392428969520410e+00,1.553115739875606360e+00
3.865999999999999659e+01,3.950411998268134273e+00,1.005391804604881756e+00,1.553139093001597582e+00
3.867999999999999972e+01,3.950482576834299486e+00,1.009391181889563560e+00,1.553162446127588581e+00
3.870000000000000284e+01,3.950553062002483351e+00,1.013390560821384900e+00,1.553185799253579580e+00
3.871999999999999886e+01,3.950623453772647675e+00,1.017389941398164632e+00,1.553209152379570579e+00
3.874000000000000199e+01,3.950693756617170926e+00,1.021389323539134253e+00,1.553230268946994119e+00
3.875999999999999801e+01,3.950763975008463547e+00,1.025388707163767510e+00,1.553251385514417882e+00
3.878000000000000114e+01,3.950834108946482903e+00,1.029388092270280275e+00,1.553272502081841866e+00
3.879999999999999716e+01,3.950904158431208124e+00,1.033387478856889974e+00,1.553293618649265628e+00
3.882000000000000028e+01,3.950974123462597021e+00,1.037386866921811812e+00,1.553314735216689391e+00
3.884000000000000341e+01,3.951044008082880143e+00,1.041386256392620169e+00,1.553333830349695077e+00
3.885999999999999943e+01,3.951113816334282269e+00,1.045385647197155654e+00,1.553352925482700986e+00
3.888000000000000256e+01,3.951183548216756325e+00,1.049385039333959657e+00,1.553372020615707116e+00
3.889999999999999858e+01,3.951253203730302754e+00,1.053384432801574455e+00,1.553391115748713025e+00
3.892000000000000171e+01,3.951322782874874928e+00,1.057383827598541215e+00,1.553410210881718934e+00
3.893999999999999773e+01,3.951392289304085814e+00,1.061383223659940311e+00,1.553427478935802242e+00
3.896000000000000085e+01,3.951461726671468444e+00,1.065382620920984680e+00,1.553444746989885994e+00
3.897999999999999687e+01,3.951531094977049019e+00,1.069382019380480164e+00,1.553462015043969524e+00
3.900000000000000000e+01,3.951600394220801338e+00,1.073381419037234830e+00,1.553479283098053276e+00
3.902000000000000313e+01,3.951669624402674330e+00,1.077380819890056962e+00,1.553496551152136806e+00
3.903999999999999915e+01,3.951738788825154280e+00,1.081380221880649639e+00,1.553512167725698445e+00
3.906000000000000227e+01,3.951807890790668853e+00,1.085379624950866262e+00,1.553527784299260084e+00
3.907999999999999829e+01,3.951876930299190072e+00,1.089379029099731166e+00,1.553543400872821945e+00
3.910000000000000142e+01,3.951945907350717491e+00,1.093378434326268467e+00,1.553559017446384249e+00
3.911999999999999744e+01,3.952014821945223133e+00,1.097377840629503387e+00,1.553574634019945888e+00
3.914000000000000057e+01,3.952083677067919965e+00,1.101377247957099570e+00,1.553588757770464790e+00
3.915999999999999659e+01,3.952152475703949452e+00,1.105376656256788825e+00,1.553602881520983692e+00
3.917999999999999972e+01,3.952221217853342683e+00,1.109376065527773347e+00,1.553617005271502816e+00
3.920000000000000284e+01,3.952289903516099656e+00,1.113375475769257106e+00,1.553631129022021495e+00
3.921999999999999886e+01,3.952358532692126225e+00,1.117374886980440518e+00,1.553645252772540175e+00
3.924000000000000199e+01,3.952427108080022844e+00,1.121374299114237028e+00,1.553658027056382673e+00
3.925999999999999801e+01,3.952495632378284274e+00,1.125373712123708625e+00,1.553670801340225172e+00
3.928000000000000114e+01,3.952564105586910070e+00,1.129373126008202277e+00,1.553683575624067226e+00
3.929999999999999716e+01,3.952632527705866039e+00,1.133372540767066283e+00,1.553696349907909724e+00
3.932000000000000028e+01,3.952700898735186819e+00,1.137371956399647610e+00,1.553709124191752000e+00
3.934000000000000341e+01,3.952769221114333043e+00,1.141371372863633660e+00,1.553720678544790346e+00
3.935999999999999943e+01,3.952837497282784884e+00,1.145370790116773785e+00,1.553732232897829357e+00
3.938000000000000256e+01,3.952905727240542788e+00,1.149370208158534634e+00,1.553743787250868369e+00
3.939999999999999858e+01,3.952973910987644945e+00,1.153369626988380636e+00,1.553755341603907159e+00
3.942000000000000171e+01,3.953042048524014529e+00,1.157369046605779550e+00,1.553766895956945504e+00
3.943999999999999773e+01,3.953110142055114462e+00,1.161368466972664937e+00,1.553777347431483324e+00
3.946000000000000085e+01,3.953178193786361927e+00,1.165367888051011214e+00,1.553787798906020923e+00
3.947999999999999687e+01,3.953246203717799112e+00,1.169367309840380287e+00,1.553798250380558521e+00
3.950000000000000000e+01,3.953314171849341196e+00,1.173366732340333840e+00,1.553808701855095897e+00
3.952000000000000313e+01,3.953382098181030813e+00,1.177366155550436444e+00,1.553819153329633718e+00
3.953999999999999915e+01,3.953449984706734810e+00,1.181365579436425950e+00,1.553828607701607689e+00
3.956000000000000227e+01,3.953517833420439498e+00,1.185365003964059527e+00,1.553838062073581661e+00
3.957999999999999829e+01,3.953585644322098247e+00,1.189364429132983458e+00,1.553847516445555632e+00
3.960000000000000142e+01,3.953653417411663540e+00,1.193363854942836699e+00,1.553856970817529604e+00
3.961999999999999744e+01,3.953721152689182894e+00,1.197363281393263756e+00,1.553866425189503797e+00
3.964000000000000057e+01,3.953788851957410699e+00,1.201362708453359129e+00,1.553874978048600308e+00
3.965999999999999659e+01,3.953856517019094685e+00,1.205362136092329894e+00,1.553883530907697041e+00
3.967999999999999972e+01,3.953924147874234851e+00,1.209361564309883841e+00,1.553892083766793553e+00
3.970000000000000284e+01,3.953991744522778795e+00,1.213360993105728980e+00,1.553900636625890508e+00
3.971999999999999886e+01,3.954059306964830878e+00,1.217360422479573323e+00,1.553909189484987241e+00
3.974000000000000199e+01,3.954126836830328173e+00,1.221359852403544721e+00,1.553916927219046729e+00
3.975999999999999801e+01,3.954194335749296574e+00,1.225359282849925791e+00,1.553924664953106660e+00
3.978000000000000114e+01,3.954261803721736079e+00,1.229358713818474280e+00,1.553932402687166370e+00
3.979999999999999716e+01,3.954329240747646690e+00,1.233358145308953491e+00,1.553940140421226079e+00
3.982000000000000028e+01,3.954396646826971118e+00,1.237357577321123170e+00,1.553947878155285789e+00
3.984000000000000341e+01,3.954464023433694742e+00,1.241357009830013514e+00,1.553954878839280740e+00
3.985999999999999943e+01,3.954531372041616422e+00,1.245356442810488407e+00,1.553961879523275247e+00
3.988000000000000256e+01,3.954598692650800107e+00,1.249355876262351561e+00,1.553968880207269976e+00
3.989999999999999858e+01,3.954665985261181849e+00,1.253355310185406912e+00,1.553975880891264705e+00
3.992000000000000171e+01,3.954733249872825596e+00,1.257354744579457950e+00,1.553982881575259212e+00
3.993999999999999773e+01,3.954800487818452392e+00,1.261354179421872335e+00,1.553989215774114863e+00
3.996000000000000085e+01,3.954867700430896527e+00,1.265353614690107209e+00,1.553995549972970291e+00
3.997999999999999687e+01,3.954934887710087388e+00,1.269353050383998260e+00,1.554001884171825720e+00
4.000000000000000000e+01,3.955002049656024976e+00,1.273352486503387615e+00,1.554008218370681149e+00
4.002000000000000313e+01,3.955069186268779902e+00,1.277351923048113180e+00,1.554014552569536578e+00
4.003999999999999915e+01,3.955136298753580970e+00,1.281351359997842776e+00,1.554020284063180046e+00
4.006000000000000227e+01,3.955203388315558399e+00,1.285350797332162953e+00,1.554026015556823515e+00
4.007999999999999829e+01,3.955270454954867621e+00,1.289350235050938043e+00,1.554031747050466983e+00
4.010000000000000142e+01,3.955337498671353647e+00,1.293349673154042145e+00,1.554037478544110451e+00
4.011999999999999744e+01,3.955404519465093749e+00,1.297349111641339814e+00,1.554043210037753919e+00
4.014000000000000057e+01,3.955471518426089350e+00,1.301348550494367817e+00,1.554048396475933957e+00
4.015999999999999659e+01,3.955538496644151358e+00,1.305347989694827460e+00,1.554053582914113996e+00
4.017999999999999972e+01,3.955605454119450748e+00,1.309347429242614602e+00,1.554058769352294034e+00
4.020000000000000284e+01,3.955672390851902254e+00,1.313346869137616890e+00,1.554063955790474072e+00
4.021999999999999886e+01,3.955739306841420166e+00,1.317346309379727298e+00,1.554069142228654332e+00
4.024000000000000199e+01,3.955806203073910066e+00,1.321345749952360427e+00,1.554073835722360020e+00
4.025999999999999801e+01,3.955873080535030617e+00,1.325345190838927323e+00,1.554078529216065929e+00
4.028000000000000114e+01,3.955939939224782265e+00,1.329344632039336505e+00,1.554083222709771839e+00
4.029999999999999716e+01,3.956006779143165009e+00,1.333344073553504927e+00,1.554087916203477748e+00
4.032000000000000028e+01,3.956073600290273440e+00,1.337343515381341108e+00,1.554092609697183658e+00
4.034000000000000341e+01,3.956140403557543817e+00,1.341342957507899891e+00,1.554096857352817551e+00
4.035999999999999943e+01,3.956207189836502103e+00,1.345342399918179277e+00,1.554101105008451222e+00
4.038000000000000256e+01,3.956273959127252660e+00,1.349341842612107323e+00,1.554105352664084672e+00
4.039999999999999858e+01,3.956340711429795487e+00,1.353341285589615417e+00,1.554109600319718343e+00
4.042000000000000171e+01,3.956407446744026224e+00,1.357340728850625178e+00,1.554113847975352014e+00
4.043999999999999773e+01,3.956474165876359361e+00,1.361340172381642954e+00,1.554117692377215532e+00
4.046000000000000085e+01,3.956540869633306645e+00,1.365339616169127357e+00,1.554121536779079049e+00
4.047999999999999687e+01,3.956607558014752613e+00,1.369339060213017101e+00,1.554125381180942789e+00
4.050000000000000000e+01,3.956674231020696819e+00,1.373338504513254676e+00,1.554129225582806084e+00
4.052000000000000313e+01,3.956740888651255172e+00,1.377337949069778356e+00,1.554133069984669602e+00
4.053999999999999915e+01,3.956807531635622155e+00,1.381337393870335273e+00,1.554136549630773301e+00
4.056000000000000227e+01,3.956874160703395926e+00,1.385336838902758716e+00,1.554140029276876778e+00
4.057999999999999829e+01,3.956940775854576042e+00,1.389336284167004720e+00,1.554143508922980699e+00
4.060000000000000142e+01,3.957007377089035494e+00,1.393335729663025324e+00,1.554146988569084176e+00
4.061999999999999744e+01,3.957073964406773836e+00,1.397335175390768569e+00,1.554150468215188319e+00
4.064000000000000057e+01,3.957140538467757818e+00,1.401334621339077380e+00,1.554153617910920993e+00
4.065999999999999659e+01,3.957207099931745020e+00,1.405334067497057804e+00,1.554156767606654332e+00
4.067999999999999972e+01,3.957273648798594667e+00,1.409333513864661658e+00,1.554159917302387450e+00
4.070000000000000284e+01,3.957340185068447980e+00,1.413332960441857855e+00,1.554163066998120568e+00
4.071999999999999886e+01,3.957406708741304513e+00,1.417332407228602431e+00,1.554166216693853686e+00
4.074000000000000199e+01,3.957473220413883386e+00,1.421331854214997081e+00,1.554169067907593460e+00
4.075999999999999801e+01,3.957539720683368234e+00,1.425331301391013161e+00,1.554171919121333678e+00
4.078000000000000114e+01,3.957606209549447307e+00,1.429330748756626246e+00,1.554174770335073674e+00
4.079999999999999716e+01,3.957672687012276036e+00,1.433330196311792371e+00,1.554177621548813670e+00
4.082000000000000028e+01,3.957739153071698990e+00,1.437329644056482447e+00,1.554180472762553666e+00
4.084000000000000341e+01,3.957805608267896957e+00,1.441329091981571331e+00,1.554183053946913251e+00
4.085999999999999943e+01,3.957872053140833568e+00,1.445328540078181900e+00,1.554185635131272836e+00
4.088000000000000256e+01,3.957938487690508822e+00,1.449327988346287288e+00,1.554188216315632198e+00
4.089999999999999858e+01,3.958004911916750856e+00,1.453327436785855298e+00,1.554190797499992227e+00
4.092000000000000171e+01,3.958071325819731534e+00,1.457326885396864391e+00,1.554193378684351590e+00
4.093999999999999773e+01,3.958137729887989842e+00,1.461326334171447527e+00,1.554195715566385250e+00
4.096000000000000085e+01,3.958204124609950192e+00,1.465325783101200097e+00,1.554198052448418910e+00
4.097999999999999687e+01,3.958270509985612584e+00,1.469325232186092345e+00,1.554200389330452570e+00
4.100000000000000000e+01,3.958336886015167089e+00,1.473324681426112504e+00,1.554202726212486230e+00
4.102000000000000313e+01,3.958403252698424080e+00,1.477324130821236814e+00,1.554205063094519668e+00
4.103999999999999915e+01,3.958469610477417522e+00,1.481323580364198200e+00,1.554207178937911493e+00
4.106000000000000227e+01,3.958535959794374559e+00,1.485323030047554838e+00,1.554209294781303097e+00
4.107999999999999829e+01,3.958602300648874639e+00,1.489322479871286742e+00,1.554211410624694700e+00
4.110000000000000142e+01,3.958668633041337870e+00,1.493321929835374373e+00,1.554213526468086304e+00
4.111999999999999744e+01,3.958734956971554642e+00,1.497321379939804853e+00,1.554215642311477907e+00
4.114000000000000057e+01,3.958801272839366447e+00,1.501320830177601762e+00,1.554217558153407674e+00
4.115999999999999659e+01,3.958867581045080186e+00,1.505320280542438605e+00,1.554219473995337664e+00
4.117999999999999972e+01,3.958933881588232229e+00,1.509319731034308276e+00,1.554221389837267209e+00
4.120000000000000284e+01,3.959000174469286204e+00,1.513319181653196344e+00,1.554223305679197198e+00
4.121999999999999886e+01,3.959066459688010298e+00,1.517318632399081046e+00,1.554225221521126521e+00
4.124000000000000199e+01,3.959132737606269714e+00,1.521318083266237853e+00,1.554226956386281611e+00
4.125999999999999801e+01,3.959199008585959856e+00,1.525317534248385343e+00,1.554228691251436478e+00
4.128000000000000114e+01,3.959265272627080723e+00,1.529316985345491320e+00,1.554230426116591346e+00
4.129999999999999716e+01,3.959331529729888111e+00,1.533316436557548013e+00,1.554232160981746214e+00
4.132000000000000028e+01,3.959397779894126224e+00,1.537315887884547205e+00,1.554233895846900859e+00
4.134000000000000341e+01,3.959464023447258452e+00,1.541315339321046141e+00,1.554235466940838917e+00
4.135999999999999943e+01,3.959530260717087469e+00,1.545314790861617826e+00,1.554237038034776530e+00
4.138000000000000256e+01,3.959596491703048393e+00,1.549314242506253381e+00,1.554238609128714588e+00
4.139999999999999858e+01,3.959662716405706551e+00,1.553313694254926380e+00,1.554240180222652423e+00
4.142000000000000171e+01,3.959728934825061941e+00,1.557313146107654589e+00,1.554241751316590259e+00
4.143999999999999773e+01,3.959795147256955694e+00,1.561312598059037882e+00,1.554243174200452549e+00
4.146000000000000085e+01,3.959861353998238798e+00,1.565312050104628039e+00,1.554244597084314616e+00
4.147999999999999687e+01,3.959927555048598613e+00,1.569311502244425283e+00,1.554246019968177128e+00
4.150000000000000000e+01,3.959993750408347335e+00,1.573310954478409851e+00,1.554247442852039418e+00
4.152000000000000313e+01,3.960059940077484963e+00,1.577310406806581966e+00,1.554248865735901708e+00
4.153999999999999915e+01,3.960126124323737784e+00,1.581309859224742098e+00,1.554250154484287494e+00
4.156000000000000227e+01,3.960192303415964954e+00,1.585309311728188009e+00,1.554251443232673280e+00
4.157999999999999829e+01,3.960258477353821860e+00,1.589308764316919920e+00,1.554252731981059066e+00
4.160000000000000142e+01,3.960324646137653115e+00,1.593308216990926951e+00,1.554254020729444852e+00
4.161999999999999744e+01,3.960390809766769493e+00,1.597307669750209103e+00,1.554255309477830638e+00
4.164000000000000057e+01,3.960456968484622475e+00,1.601307122590436283e+00,1.554256476821449073e+00
4.165999999999999659e+01,3.960523122533873064e+00,1.605306575507902123e+00,1.554257644165067509e+00
4.167999999999999972e+01,3.960589271914141563e+00,1.609306028502582642e+00,1.554258811508685945e+00
4.170000000000000284e+01,3.960655416625807668e+00,1.613305481574478062e+00,1.554259978852304158e+00
4.171999999999999886e+01,3.960721556668491683e+00,1.617304934723588383e+00,1.554261146195923038e+00
4.174000000000000199e+01,3.960787692262532467e+00,1.621304387946511216e+00,1.554262203650502716e+00
4.175999999999999801e+01,3.960853823627150661e+00,1.625303841239357672e+00,1.554263261105082616e+00
4.178000000000000114e+01,3.960919950762346264e+00,1.629303294602127528e+00,1.554264318559662517e+00
4.179999999999999716e+01,3.960986073668538943e+00,1.633302748034833884e+00,1.554265376014242417e+00
4.182000000000000028e+01,3.961052192345309031e+00,1.637302201537450541e+00,1.554266433468822317e+00
4.184000000000000341e+01,3.961118306992106763e+00,1.641301655106706114e+00,1.554267391451610525e+00
4.185999999999999943e+01,3.961184417807059432e+00,1.645301108739296581e+00,1.554268349434398289e+00
4.188000000000000256e+01,3.961250524791094296e+00,1.649300562435221718e+00,1.554269307417186274e+00
4.189999999999999858e+01,3.961316627943284541e+00,1.653300016194467315e+00,1.554270265399974260e+00
4.192000000000000171e+01,3.961382727264093351e+00,1.657299470017033372e+00,1.554271223382762246e+00
4.193999999999999773e+01,3.961448822753984356e+00,1.661298923902919666e+00,1.554272181365550232e+00
4.196000000000000085e+01,3.961514914591956149e+00,1.665298377849744771e+00,1.554273049300596954e+00
4.197999999999999687e+01,3.961581002958814324e+00,1.669297831853908010e+00,1.554273917235643232e+00
4.200000000000000000e+01,3.961647087854558880e+00,1.673297285915457122e+00,1.554274785170689510e+00
4.202000000000000313e+01,3.961713169279189817e+00,1.677296740034344369e+00,1.554275653105736232e+00
4.203999999999999915e+01,3.961779247232195100e+00,1.681296194210585737e+00,1.554276521040782733e+00
4.206000000000000227e+01,3.961845321880490101e+00,1.685295648441141880e+00,1.554277305642297824e+00
4.207999999999999829e+01,3.961911393391413405e+00,1.689295102723523012e+00,1.554278090243812471e+00
4.210000000000000142e+01,3.961977461763833031e+00,1.693294557057764438e+00,1.554278874845327341e+00
4.211999999999999744e+01,3.962043526998315190e+00,1.697294011443830852e+00,1.554279659446842210e+00
4.214000000000000057e+01,3.962109589246085140e+00,1.701293465879350153e+00,1.554280368693518488e+00
4.215999999999999659e+01,3.962175648656805382e+00,1.705292920361732412e+00,1.554281077940195210e+00
4.217999999999999972e+01,3.962241705230475475e+00,1.709292374890977406e+00,1.554281787186871933e+00
4.220000000000000284e+01,3.962307758968348192e+00,1.713291829467065819e+00,1.554282496433548211e+00
4.221999999999999886e+01,3.962373809869170760e+00,1.717291284089997427e+00,1.554283205680224933e+00
4.224000000000000199e+01,3.962439858066479470e+00,1.721290738756829253e+00,1.554283848375528132e+00
4.225999999999999801e+01,3.962505903693345211e+00,1.725290193466113120e+00,1.554284491070831109e+00
4.228000000000000114e+01,3.962571946749767537e+00,1.729289648217849029e+00,1.554285133766134308e+00
4.229999999999999716e+01,3.962637987235746451e+00,1.733289103012015442e+00,1.554285776461437507e+00
4.232000000000000028e+01,3.962704025151281950e+00,1.737288557848633896e+00,1.554286419156740706e+00
4.234000000000000341e+01,3.962770060617141876e+00,1.741288012726170731e+00,1.554287001627375986e+00
4.235999999999999943e+01,3.962836093753036248e+00,1.745287467642186119e+00,1.554287584098011710e+00
4.238000000000000256e+01,3.962902124559727124e+00,1.749286922596656080e+00,1.554288166568647211e+00
4.239999999999999858e+01,3.962968153037214503e+00,1.753286377589580836e+00,1.554288749039282713e+00
4.242000000000000171e+01,3.963034179183973826e+00,1.757285832620984145e+00,1.554289331509917993e+00
4.243999999999999773e+01,3.963100203111022513e+00,1.761285287688483026e+00,1.554289859444519584e+00
4.246000000000000085e+01,3.963166224926703674e+00,1.765284742790864669e+00,1.554290387379120952e+00
4.247999999999999687e+01,3.963232244631017309e+00,1.769284197928076452e+00,1.554290915313722321e+00
4.250000000000000000e+01,3.963298262223122315e+00,1.773283653100144797e+00,1.554291443248323690e+00
4.252000000000000313e+01,3.963364277703860239e+00,1.777283108307069481e+00,1.554291971182925058e+00
4.253999999999999915e+01,3.963430291074071743e+00,1.781282563548850728e+00,1.554292499117526427e+00
4.256000000000000227e+01,3.963496302431027907e+00,1.785282018823794115e+00,1.554292977663247033e+00
4.257999999999999829e+01,3.963562311873525701e+00,1.789281474130347327e+00,1.554293456208967639e+00
4.260000000000000142e+01,3.963628319402492384e+00,1.793280929468481499e+00,1.554293934754688244e+00
4.261999999999999744e+01,3.963694325017928399e+00,1.797280384838167544e+00,1.554294413300408850e+00
4.264000000000000057e+01,3.963760328811037681e+00,1.801279840238775520e+00,1.554294846121427653e+00
4.265999999999999659e+01,3.963826330872200820e+00,1.805279295667920003e+00,1.554295278942446901e+00
4.267999999999999972e+01,3.963892331203470398e+00,1.809278751125665163e+00,1.554295711763465926e+00
4.270000000000000284e+01,3.963958329802793834e+00,1.813278206611947052e+00,1.554296144584484951e+00
4.271999999999999886e+01,3.964024326671197418e+00,1.817277662126797422e+00,1.554296577405503976e+00
4.274000000000000199e+01,3.964090321889105262e+00,1.821277117667970291e+00,1.554296969782592353e+00
4.275999999999999801e+01,3.964156315538349240e+00,1.825276573235032895e+00,1.554297362159681173e+00
4.278000000000000114e+01,3.964222307617797814e+00,1.829276028827985234e+00,1.554297754536769771e+00
4.279999999999999716e+01,3.964288298128582966e+00,1.833275484446827308e+00,1.554298146913858591e+00
4.282000000000000028e+01,3.964354287069572713e+00,1.837274940091559117e+00,1.554298539290946968e+00
4.284000000000000341e+01,3.964420274515469522e+00,1.841274395760444937e+00,1.554298895055012952e+00
4.285999999999999943e+01,3.964486260537091411e+00,1.845273851452813751e+00,1.554299250819078937e+00
4.288000000000000256e+01,3.964552245136935049e+00,1.849273307168665559e+00,1.554299606583144922e+00
4.289999999999999858e+01,3.964618228312504211e+00,1.853272762908000582e+00,1.554299962347210906e+00
4.292000000000000171e+01,3.964684210066295122e+00,1.857272218670818598e+00,1.554300318111276891e+00
4.293999999999999773e+01,3.964750190463598223e+00,1.861271674456120628e+00,1.554300640708861314e+00
4.296000000000000085e+01,3.964816169571023341e+00,1.865271130262760035e+00,1.554300963306445071e+00
4.297999999999999687e+01,3.964882147387193356e+00,1.869270586090650887e+00,1.554301285904029495e+00
4.300000000000000000e+01,3.964948123913485389e+00,1.873270041939836039e+00,1.554301608501613696e+00
4.302000000000000313e+01,3.965014099149899440e+00,1.877269497810315491e+00,1.554301931099197898e+00
4.303999999999999915e+01,3.965080073155574425e+00,1.881268953701317415e+00,1.554302223649748349e+00
4.306000000000000227e+01,3.965146045992396395e+00,1.885268409611673857e+00,1.554302516200298800e+00
4.307999999999999829e+01,3.965212017657328669e+00,1.889267865541289781e+00,1.554302808750849030e+00
4.310000000000000142e+01,3.965277988153407929e+00,1.893267321490212707e+00,1.554303101301399703e+00
4.311999999999999744e+01,3.965343957479115833e+00,1.897266777458395115e+00,1.554303393851950155e+00
4.314000000000000057e+01,3.965409925635970279e+00,1.901266233445931819e+00,1.554303686402500606e+00
4.315999999999999659e+01,3.965475892676140646e+00,1.905265689451287381e+00,1.554303951729986588e+00
4.317999999999999972e+01,3.965541858655159846e+00,1.909265145474164926e+00,1.554304217057472570e+00
4.320000000000000284e+01,3.965607823573028323e+00,1.913264601514564456e+00,1.554304482384958552e+00
4.321999999999999886e+01,3.965673787429745634e+00,1.917264057572433567e+00,1.554304747712444534e+00
4.324000000000000199e+01,3.965739750275453890e+00,1.921263513647918364e+00,1.554304987825430029e+00
4.325999999999999801e+01,3.965805712161271313e+00,1.925262969739297336e+00,1.554305227938415301e+00
4.328000000000000114e+01,3.965871673087197458e+00,1.929262425846512530e+00,1.554305468051401018e+00
4.329999999999999716e+01,3.965937633051383138e+00,1.933261881969506435e+00,1.554305708164386512e+00
4.332000000000000028e+01,3.966003592057527616e+00,1.937261338108394293e+00,1.554305948277372229e+00
4.334000000000000341e+01,3.966069550144613043e+00,1.941260794262542388e+00,1.554306166077485729e+00
4.335999999999999943e+01,3.966135507363094614e+00,1.945260250431090743e+00,1.554306383877599673e+00
4.338000000000000256e+01,3.966201463710933517e+00,1.949259706614039356e+00,1.554306601677713173e+00
4.339999999999999858e+01,3.966267419186090937e+00,1.953259162811260774e+00,1.554306819477826895e+00
4.342000000000000171e+01,3.966333373790605243e+00,1.957258619022946178e+00,1.554307037277940617e+00
4.343999999999999773e+01,3.966399327566188848e+00,1.961258075248979438e+00,1.554307234869438892e+00
4.346000000000000085e+01,3.966465280548400862e+00,1.965257531488006082e+00,1.554307432460937166e+00
4.347999999999999687e+01,3.966531232741735913e+00,1.969256987740166664e+00,1.554307630052435441e+00
4.350000000000000000e+01,3.966597184146194444e+00,1.973256444005250465e+00,1.554307827643933937e+00
4.352000000000000313e+01,3.966663134759528919e+00,1.977255900283467982e+00,1.554308025235431989e+00
4.353999999999999915e+01,3.966729084618621393e+00,1.981255356574568083e+00,1.554308204512124370e+00
4.356000000000000227e+01,3.966795033759350275e+00,1.985254812877511821e+00,1.554308383788816084e+00
4.357999999999999829e+01,3.966860982186669826e+00,1.989254269192299418e+00,1.554308563065508686e+00
4.360000000000000142e+01,3.966926929893148213e+00,1.993253725518930652e+00,1.554308742342200622e+00
4.361999999999999744e+01,3.966992876886217267e+00,1.997253181857405524e+00,1.554308921618893002e+00
4.364000000000000057e+01,3.967058823192722183e+00,2.001252638206837187e+00,1.554309084295490306e+00
4.365999999999999659e+01,3.967124768849513483e+00,2.005252094567103072e+00,1.554309246972088276e+00
4.367999999999999972e+01,3.967190713856590722e+00,2.009251550938032427e+00,1.554309409648686024e+00
4.370000000000000284e+01,3.967256658211224529e+00,2.013251007319710517e+00,1.554309572325283550e+00
4.371999999999999886e+01,3.967322601916144276e+00,2.017250463712137787e+00,1.554309735001881521e+00
4.374000000000000199e+01,3.967388545000559041e+00,2.021249920111614085e+00,1.554309882631335960e+00
4.375999999999999801e+01,3.967454487495379656e+00,2.025249376520772415e+00,1.554310030260790398e+00
4.378000000000000114e+01,3.967520429400606119e+00,2.029248832939801517e+00,1.554310177890244615e+00
4.379999999999999716e+01,3.967586370713230171e+00,2.033248289368418948e+00,1.554310325519699276e+00
4.382000000000000028e+01,3.967652311436259627e+00,2.037247745806813004e+00,1.554310473149153715e+00
4.384000000000000341e+01,3.967718251593575829e+00,2.041247202256737392e+00,1.554310607137977085e+00
4.385999999999999943e+01,3.967784191217277545e+00,2.045246658715361932e+00,1.554310741126800455e+00
4.388000000000000256e+01,3.967850130307364775e+00,2.049246115182893568e+00,1.554310875115623825e+00
4.389999999999999858e+01,3.967916068857209044e+00,2.053245571659332747e+00,1.554311009104447194e+00
4.392000000000000171e+01,3.967982006873438827e+00,2.057245028144472077e+00,1.554311143093270342e+00
4.393999999999999773e+01,3.968047944377821601e+00,2.061244484638719232e+00,1.554311264715387608e+00
4.396000000000000085e+01,3.968113881396570175e+00,2.065243941140839645e+00,1.554311386337504652e+00
4.397999999999999687e+01,3.968179817929684106e+00,2.069243397651175709e+00,1.554311507959621697e+00
4.400000000000000000e+01,3.968245753977163837e+00,2.073242854169385030e+00,1.554311629581738741e+00
4.402000000000000313e+01,3.968311689535358067e+00,2.077242310695695870e+00,1.554311751203855785e+00
4.403999999999999915e+01,3.968377624630984979e+00,2.081241767232337558e+00,1.554311861613312251e+00
4.406000000000000227e+01,3.968443559284169364e+00,2.085241223776269415e+00,1.554311972022768273e+00
4.407999999999999829e+01,3.968509493494911666e+00,2.089240680327617117e+00,1.554312082432224518e+00
4.410000000000000142e+01,3.968575427267233557e+00,2.093240136886129310e+00,1.554312192841680540e+00
4.411999999999999744e+01,3.968641360597113366e+00,2.097239593451931672e+00,1.554312303251137006e+00
4.414000000000000057e+01,3.968707293504452505e+00,2.101239050022326804e+00,1.554312403493298689e+00
4.415999999999999659e+01,3.968773226008646571e+00,2.105238506599366843e+00,1.554312503735460149e+00
4.417999999999999972e+01,3.968839158114125798e+00,2.109237963183052234e+00,1.554312603977621610e+00
4.420000000000000284e+01,3.968905089820890630e+00,2.113237419773382975e+00,1.554312704219783070e+00
4.421999999999999886e+01,3.968971021124510390e+00,2.117236876370220511e+00,1.554312804461944308e+00
4.424000000000000199e+01,3.969036952044893152e+00,2.121236332976611294e+00,1.554312895483914048e+00
4.425999999999999801e+01,3.969102882604235827e+00,2.125235789588948432e+00,1.554312986505883787e+00
4.428000000000000114e+01,3.969168812797659207e+00,2.129235246207384247e+00,1.554313077527853748e+00
4.429999999999999716e+01,3.969234742630042057e+00,2.133234702831765972e+00,1.554313168549823043e+00
4.432000000000000028e+01,3.969300672091626847e+00,2.137234159462094052e+00,1.554313259571793004e+00
4.434000000000000341e+01,3.969366601212072521e+00,2.141233616096061887e+00,1.554313342231712802e+00
4.435999999999999943e+01,3.969432529999424197e+00,2.145233072735402313e+00,1.554313424891632600e+00
4.438000000000000256e+01,3.969498458453681433e+00,2.149232529380283196e+00,1.554313507551552176e+00
4.439999999999999858e+01,3.969564386580217263e+00,2.153231986030704537e+00,1.554313590211471974e+00
4.442000000000000171e+01,3.969630314379031244e+00,2.157231442686330602e+00,1.554313672871392216e+00
4.443999999999999773e+01,3.969696241857021413e+00,2.161230899342554412e+00,1.554313747946712621e+00
4.446000000000000085e+01,3.969762169039249056e+00,2.165230356003769341e+00,1.554313823022033692e+00
4.447999999999999687e+01,3.969828095919798905e+00,2.169229812669790647e+00,1.554313898097354318e+00
4.450000000000000000e+01,3.969894022498670960e+00,2.173229269340802627e+00,1.554313973172675167e+00
4.452000000000000313e+01,3.969959948775865666e+00,2.177228726016805727e+00,1.554314048247996460e+00
4.453999999999999915e+01,3.970025874767913798e+00,2.181228182700746032e+00,1.554314116443377136e+00
4.456000000000000227e+01,3.970091800486457601e+00,2.185227639389366594e+00,1.554314184638757812e+00
4.457999999999999829e+01,3.970157725938008753e+00,2.189227096082464463e+00,1.554314252834138710e+00
4.460000000000000142e+01,3.970223651109543450e+00,2.193226552780039196e+00,1.554314321029519830e+00
4.461999999999999744e+01,3.970289576014085497e+00,2.197226009482090792e+00,1.554314389224900728e+00
4.464000000000000057e+01,3.970355500653531600e+00,2.201225466182159529e+00,1.554314451178786305e+00
4.465999999999999659e+01,3.970421425049263320e+00,2.205224922886260153e+00,1.554314513132671882e+00
4.467999999999999972e+01,3.970487349194113058e+00,2.209224379594393106e+00,1.554314575086557459e+00
4.470000000000000284e+01,3.970553273095248858e+00,2.213223836306782211e+00,1.554314637040443037e+00
4.471999999999999886e+01,3.970619196745502233e+00,2.217223293023203201e+00,1.554314698994328614e+00
4.474000000000000199e+01,3.970685120157658066e+00,2.221222749746184721e+00,1.554314755285502336e+00
4.475999999999999801e+01,3.970751043341028463e+00,2.225222206472617703e+00,1.554314811576676059e+00
4.478000000000000114e+01,3.970816966311391916e+00,2.229221663202995085e+00,1.554314867867849781e+00
4.479999999999999716e+01,3.970882889045081132e+00,2.233221119937070398e+00,1.554314924159023503e+00
4.482000000000000028e+01,3.970948811557874603e+00,2.237220576674844086e+00,1.554314980450197226e+00
4.484000000000000341e+01,3.971014733858518220e+00,2.241220033425304070e+00,1.554315031603062724e+00
4.485999999999999943e+01,3.971080655950803173e+00,2.245219490179562349e+00,1.554315082755928445e+00
4.488000000000000256e+01,3.971146577843410963e+00,2.249218946936804908e+00,1.554315133908794389e+00
4.489999999999999858e+01,3.971212499527660089e+00,2.253218403697574423e+00,1.554315185061660110e+00
4.492000000000000171e+01,3.971278421003550552e+00,2.257217860461870895e+00,1.554315236214525831e+00
4.493999999999999773e+01,3.971344342296772911e+00,2.261217317224566870e+00,1.554315282704627377e+00
4.496000000000000085e+01,3.971410263389396178e+00,2.265216773990248011e+00,1.554315329194728923e+00
4.497999999999999687e+01,3.971476184300525070e+00,2.269216230758914321e+00,1.554315375684830469e+00
4.500000000000000000e+01,3.971542105030159586e+00,2.273215687530864226e+00,1.554315422174932015e+00
4.502000000000000313e+01,3.971608025568747369e+00,2.277215144305799299e+00,1.554315468665033784e+00
4.503999999999999915e+01,3.971673945938432482e+00,2.281214601081850812e+00,1.554315510923340860e+00
4.506000000000000227e+01,3.971739866129465835e+00,2.285214057860529557e+00,1.554315553181648379e+00
4.507999999999999829e+01,3.971805786152356799e+00,2.289213514641835534e+00,1.554315595439955455e+00
4.510000000000000142e+01,3.971871706017613857e+00,2.293212971426097369e+00,1.554315637698262975e+00
4.511999999999999744e+01,3.971937625704219155e+00,2.297212428213314617e+00,1.554315679956570051e+00
4.514000000000000057e+01,3.972003545228460109e+00,2.301211885004789792e+00,1.554315718373939115e+00
4.515999999999999659e+01,3.972069464602426603e+00,2.305211341798793612e+00,1.554315756791308178e+00
4.517999999999999972e+01,3.972135383814558551e+00,2.309210798595326075e+00,1.554315795208677020e+00
4.520000000000000284e+01,3.972201302887975238e+00,2.313210255394387183e+00,1.554315833626046306e+00
4.521999999999999886e+01,3.972267221799557824e+00,2.317209712195976934e+00,1.554315872043415370e+00
4.524000000000000199e+01,3.972333140560516895e+00,2.321209168994103678e+00,1.554315906974073069e+00
4.525999999999999801e+01,3.972399059181627834e+00,2.325208625794614292e+00,1.554315941904730769e+00
4.528000000000000114e+01,3.972464977675604469e+00,2.329208082597111318e+00,1.554315976835388469e+00
4.529999999999999716e+01,3.972530896017019586e+00,2.333207539402389230e+00,1.554316011766045946e+00
4.532000000000000028e+01,3.972596814218587014e+00,2.337206996209653553e+00,1.554316046696704090e+00
4.534000000000000341e+01,3.972662732294073518e+00,2.341206453016154043e+00,1.554316078461879913e+00
4.535999999999999943e+01,3.972728650243736670e+00,2.345205909825275992e+00,1.554316110227056180e+00
4.538000000000000256e+01,3.972794568067576471e+00,2.349205366636145431e+00,1.554316141992232003e+00
4.539999999999999858e+01,3.972860485751612547e+00,2.353204823449199345e+00,1.554316173757407826e+00
4.542000000000000171e+01,3.972926403323805644e+00,2.357204280264437735e+00,1.554316205522584093e+00
4.543999999999999773e+01,3.972992320757225304e+00,2.361203737083472198e+00,1.554316234413679387e+00
4.546000000000000085e+01,3.973058238083046589e+00,2.365203193904428236e+00,1.554316263304774015e+00
4.547999999999999687e+01,3.973124155301269944e+00,2.369202650726825343e+00,1.554316292195869309e+00
4.550000000000000000e+01,3.973190072396524108e+00,2.373202107551624085e+00,1.554316321086964381e+00
4.552000000000000313e+01,3.973255989384180342e+00,2.377201564378344401e+00,1.554316349978059453e+00
4.553999999999999915e+01,3.973321906257526237e+00,2.381201021213986024e+00,1.554316376259315735e+00
4.556000000000000227e+01,3.973387823012589415e+00,2.385200478051739736e+00,1.554316402540572017e+00
4.557999999999999829e+01,3.973453739683164621e+00,2.389199934891077515e+00,1.554316428821828300e+00
4.560000000000000142e+01,3.973519656235457109e+00,2.393199391731999359e+00,1.554316455103084582e+00
4.561999999999999744e+01,3.973585572686364031e+00,2.397198848575033292e+00,1.554316481384340864e+00
4.564000000000000057e+01,3.973651489036698514e+00,2.401198305398905664e+00,1.554316505295476381e+00
4.565999999999999659e+01,3.973717405294170391e+00,2.405197762224519309e+00,1.554316529206611452e+00
4.567999999999999972e+01,3.973783321440207406e+00,2.409197219051293803e+00,1.554316553117746746e+00
4.570000000000000284e+01,3.973849237511954513e+00,2.413196675879809572e+00,1.554316577028882040e+00
4.571999999999999886e+01,3.973915153472266759e+00,2.417196132710066614e+00,1.554316600940017334e+00
4.574000000000000199e+01,3.973981069345829287e+00,2.421195589570125595e+00,1.554316622698375783e+00
4.575999999999999801e+01,3.974046985137751786e+00,2.425195046432097712e+00,1.554316644456733565e+00
4.578000000000000114e+01,3.974112900848033814e+00,2.429194503294707985e+00,1.554316666215091791e+00
4.579999999999999716e+01,3.974178816456265473e+00,2.433193960159231395e+00,1.554316687973450017e+00
4.582000000000000028e+01,3.974244731982857104e+00,2.437193417025030673e+00,1.554316709731808466e+00
4.584000000000000341e+01,3.974310647421815279e+00,2.441192873860568824e+00,1.554316729534517938e+00
4.585999999999999943e+01,3.974376562793496603e+00,2.445192330698209293e+00,1.554316749337227854e+00
4.588000000000000256e+01,3.974442478075475016e+00,2.449191787536550535e+00,1.554316769139937326e+00
4.589999999999999858e+01,3.974508393290176578e+00,2.453191244376293767e+00,1.554316788942647243e+00
4.592000000000000171e+01,3.974574308415175228e+00,2.457190701217438544e+00,1.554316808745356937e+00
4.593999999999999773e+01,3.974640223459652955e+00,2.461190158074652690e+00,1.554316826771465765e+00
4.596000000000000085e+01,3.974706138454858984e+00,2.465189614932636442e+00,1.554316844797574593e+00
4.597999999999999687e+01,3.974772053351521617e+00,2.469189071792159851e+00,1.554316862823683421e+00
4.600000000000000000e+01,3.974837968198912552e+00,2.473188528652453311e+00,1.554316880849792470e+00
4.602000000000000313e+01,3.974903882947759648e+00,2.477187985514286428e+00,1.554316898875901076e+00
4.603999999999999915e+01,3.974969797647691205e+00,2.481187442396455722e+00,1.554316915287785816e+00
4.606000000000000227e+01,3.975035712293504719e+00,2.485186899280316108e+00,1.554316931699670112e+00
4.607999999999999829e+01,3.975101626858140946e+00,2.489186356165867586e+00,1.554316948111554630e+00
4.610000000000000142e+01,3.975167541341600330e+00,2.493185813051419064e+00,1.554316964523439148e+00
4.611999999999999744e+01,3.975233455770941671e+00,2.497185269938661634e+00,1.554316980935323445e+00
4.614000000000000057e+01,3.975299370165611634e+00,2.501184726809242420e+00,1.554316995880135721e+00
4.615999999999999659e+01,3.975365284471135574e+00,2.505184183679823207e+00,1.554317010824947776e+00
4.617999999999999972e+01,3.975431198717228831e+00,2.509183640552261174e+00,1.554317025769759830e+00
4.620000000000000284e+01,3.975497112903891850e+00,2.513183097425627732e+00,1.554317040714572107e+00
4.621999999999999886e+01,3.975563027031124186e+00,2.517182554299923325e+00,1.554317055659383939e+00
4.624000000000000199e+01,3.975628941110573411e+00,2.521182011163155323e+00,1.554317069271078378e+00
4.625999999999999801e+01,3.975694855124771276e+00,2.525181468027406506e+00,1.554317082882772816e+00
4.628000000000000114e+01,3.975760769106343684e+00,2.529180924891657689e+00,1.554317096494467032e+00
4.629999999999999716e+01,3.975826682990039274e+00,2.533180381757948130e+00,1.554317110106161692e+00
4.632000000000000028e+01,3.975892596873734863e+00,2.537179838624238570e+00,1.554317123717856131e+00
4.634000000000000341e+01,3.975958510677169322e+00,2.541179295504333080e+00,1.554317136117511655e+00
4.635999999999999943e+01,3.976024424408974856e+00,2.545178752385546694e+00,1.554317148517166736e+00
4.638000000000000256e+01,3.976090338104965483e+00,2.549178209266760309e+00,1.554317160916821816e+00
4.639999999999999858e+01,3.976156251765141647e+00,2.553177666150212133e+00,1.554317173316477563e+00
4.642000000000000171e+01,3.976222165389502905e+00,2.557177123032544852e+00,1.554317185716132421e+00
4.643999999999999773e+01,3.976288078934136383e+00,2.561176579920093399e+00,1.554317197014101648e+00
4.646000000000000085e+01,3.976353992439463081e+00,2.565176036807641946e+00,1.554317208312071097e+00
4.647999999999999687e+01,3.976419905905482555e+00,2.569175493696418844e+00,1.554317219610040546e+00
4.650000000000000000e+01,3.976485819332195248e+00,2.573174950585195742e+00,1.554317230908009551e+00
4.652000000000000313e+01,3.976551732719600718e+00,2.577174407475200990e+00,1.554317242205978777e+00
4.653999999999999915e+01,3.976617646068903333e+00,2.581173864340032598e+00,1.554317252502254387e+00
4.656000000000000227e+01,3.976683559331943840e+00,2.585173321204864205e+00,1.554317262798529997e+00
4.657999999999999829e+01,3.976749472594984347e+00,2.589172778071043624e+00,1.554317273094805385e+00
4.660000000000000142e+01,3.976815385814894022e+00,2.593172234937223042e+00,1.554317283391081217e+00
4.661999999999999744e+01,3.976881298991672420e+00,2.597171691804750271e+00,1.554317293687356827e+00
4.664000000000000057e+01,3.976947212091629158e+00,2.601171148709258141e+00,1.554317303072984435e+00
4.665999999999999659e+01,3.977013125191585896e+00,2.605170605615244828e+00,1.554317312458611822e+00
4.667999999999999972e+01,3.977079038244226705e+00,2.609170062521231515e+00,1.554317321844239652e+00
4.670000000000000284e+01,3.977144951296867514e+00,2.613169519428696574e+00,1.554317331229867261e+00
4.671999999999999886e+01,3.977210864254876466e+00,2.617168976336161634e+00,1.554317340615494869e+00
4.674000000000000199e+01,3.977276777207467973e+00,2.621168433271754861e+00,1.554317349172908092e+00
4.675999999999999801e+01,3.977342690108164103e+00,2.625167890208969901e+00,1.554317357730321314e+00
4.678000000000000114e+01,3.977408603008860233e+00,2.629167347146184941e+00,1.554317366287734536e+00
4.679999999999999716e+01,3.977474515805765609e+00,2.633166804083399981e+00,1.554317374845147537e+00
4.682000000000000028e+01,3.977540428654566362e+00,2.637166261020615021e+00,1.554317383402561203e+00
4.684000000000000341e+01,3.977606341426675574e+00,2.641165717950557212e+00,1.554317391205717991e+00
4.685999999999999943e+01,3.977672254141873420e+00,2.645165174878720826e+00,1.554317399008874556e+00
4.688000000000000256e+01,3.977738166857071267e+00,2.649164631808663017e+00,1.554317406812031344e+00
4.689999999999999858e+01,3.977804079572269114e+00,2.653164088738605209e+00,1.554317414615187909e+00
4.692000000000000171e+01,3.977869992173643787e+00,2.657163545670325977e+00,1.554317422418344918e+00
4.693999999999999773e+01,3.977935904799733358e+00,2.661163002618250673e+00,1.554317429536634210e+00
4.696000000000000085e+01,3.978001817425822928e+00,2.665162459568125364e+00,1.554317436654923501e+00
4.697999999999999687e+01,3.978067729989525514e+00,2.669161916518000055e+00,1.554317443773212570e+00
4.700000000000000000e+01,3.978133642490840671e+00,2.673161373467874746e+00,1.554317450891502084e+00
4.702000000000000313e+01,3.978199554992155829e+00,2.677160830419698989e+00,1.554317458009791375e+00
4.703999999999999915e+01,3.978265467497629437e+00,2.681160287372031270e+00,1.554317464503623292e+00
4.706000000000000227e+01,3.978331379934716416e+00,2.685159744324363551e+00,1.554317470997454986e+00
4.707999999999999829e+01,3.978397292371803395e+00,2.689159201278833233e+00,1.554317477491287347e+00
4.710000000000000142e+01,3.978463204808890374e+00,2.693158658233302916e+00,1.554317483985119042e+00
4.711999999999999744e+01,3.978529117177591168e+00,2.697158115187772598e+00,1.554317490478951180e+00
4.714000000000000057e+01,3.978595029487844048e+00,2.701157572122012240e+00,1.554317496405875465e+00
4.715999999999999659e+01,3.978660941873024548e+00,2.705157029058593121e+00,1.554317502332799972e+00
4.717999999999999972e+01,3.978726854108349809e+00,2.709156485995174002e+00,1.554317508259724478e+00
4.720000000000000284e+01,3.978792766418602689e+00,2.713155942931754883e+00,1.554317514186648985e+00
4.721999999999999886e+01,3.978858678653927949e+00,2.717155399868335763e+00,1.554317520113573492e+00
4.724000000000000199e+01,3.978924590890638768e+00,2.721154856738036809e+00,1.554317525523394972e+00
4.725999999999999801e+01,3.978990503127349587e+00,2.725154313610303358e+00,1.554317530933216451e+00
4.728000000000000114e+01,3.979056415281970960e+00,2.729153770482569907e+00,1.554317536343037931e+00
4.729999999999999716e+01,3.979122327518681779e+00,2.733153227354836456e+00,1.554317541752859411e+00
4.732000000000000028e+01,3.979188239591213705e+00,2.737152684227103006e+00,1.554317547162680668e+00
4.734000000000000341e+01,3.979254151752058988e+00,2.741152141088150973e+00,1.554317552102878475e+00
4.735999999999999943e+01,3.979320063823011289e+00,2.745151597949198941e+00,1.554317557043075615e+00
4.738000000000000256e+01,3.979385975983856572e+00,2.749151054813056216e+00,1.554317561983272977e+00
4.739999999999999858e+01,3.979451887964915890e+00,2.753150511674104184e+00,1.554317566923470340e+00
4.742000000000000171e+01,3.979517800035868191e+00,2.757149968537961460e+00,1.554317571863667702e+00
4.743999999999999773e+01,3.979583712108929916e+00,2.761149425460827977e+00,1.554317576374316001e+00
4.746000000000000085e+01,3.979649624083538395e+00,2.765148882380617845e+00,1.554317580884964300e+00
4.747999999999999687e+01,3.979715536058146874e+00,2.769148339303484363e+00,1.554317585395612600e+00
4.750000000000000000e+01,3.979781448032755353e+00,2.773147796226350881e+00,1.554317589906260677e+00
4.752000000000000313e+01,3.979847360007363832e+00,2.777147253149217399e+00,1.554317594416909198e+00
4.753999999999999915e+01,3.979913271957776111e+00,2.781146710021333845e+00,1.554317598537943157e+00
4.756000000000000227e+01,3.979979183908188389e+00,2.785146166893450292e+00,1.554317602658977115e+00
4.757999999999999829e+01,3.980045095750838868e+00,2.789145623765566739e+00,1.554317606780010852e+00
4.760000000000000142e+01,3.980111007701251147e+00,2.793145080637683186e+00,1.554317610901045033e+00
4.761999999999999744e+01,3.980176919543901626e+00,2.797144537513167162e+00,1.554317615022078991e+00
4.764000000000000057e+01,3.980242831410403248e+00,2.801143994538513482e+00,1.554317618789002431e+00
4.765999999999999659e+01,3.980308743276904870e+00,2.805143451560175638e+00,1.554317622555925871e+00
4.767999999999999972e+01,3.980374655025515018e+00,2.809142908589206122e+00,1.554317626322849311e+00
4.770000000000000284e+01,3.980440566892016641e+00,2.813142365614552443e+00,1.554317630089772750e+00
4.771999999999999886e+01,3.980506478640626788e+00,2.817141822639898763e+00,1.554317633856695968e+00
4.774000000000000199e+01,3.980572390494845791e+00,2.821141279596803386e+00,1.554317637299641675e+00
4.775999999999999801e+01,3.980638302220079527e+00,2.825140736557738563e+00,1.554317640742587381e+00
4.778000000000000114e+01,3.980704213945313263e+00,2.829140193518673740e+00,1.554317644185532643e+00
4.779999999999999716e+01,3.980770125670546999e+00,2.833139650475578364e+00,1.554317647628478349e+00
4.782000000000000028e+01,3.980836037395780735e+00,2.837139107436513541e+00,1.554317651071423612e+00
4.784000000000000341e+01,3.980901949154020514e+00,2.841138564323271609e+00,1.554317654218410061e+00
4.785999999999999943e+01,3.980967860912260292e+00,2.845138021205619427e+00,1.554317657365396288e+00
4.788000000000000256e+01,3.981033772529384063e+00,2.849137478092377496e+00,1.554317660512382959e+00
4.789999999999999858e+01,3.981099684287623841e+00,2.853136934979135564e+00,1.554317663659369408e+00
4.792000000000000171e+01,3.981165595904747612e+00,2.857136391865893632e+00,1.554317666806355636e+00
4.793999999999999773e+01,3.981231507550820226e+00,2.861135848794122527e+00,1.554317669686739123e+00
4.796000000000000085e+01,3.981297419196892839e+00,2.865135305727169346e+00,1.554317672567122388e+00
4.797999999999999687e+01,3.981363330842965453e+00,2.869134762660216165e+00,1.554317675447505653e+00
4.800000000000000000e+01,3.981429242489038067e+00,2.873134219593262983e+00,1.554317678327888697e+00
4.802000000000000313e+01,3.981495153980933566e+00,2.877133676526309802e+00,1.554317681208272406e+00
4.803999999999999915e+01,3.981561065636304964e+00,2.881133133449290895e+00,1.554317683843809084e+00
4.806000000000000227e+01,3.981626977291676361e+00,2.885132590367005978e+00,1.554317686479345983e+00
4.807999999999999829e+01,3.981692888778547434e+00,2.889132047289987071e+00,1.554317689114882883e+00
4.810000000000000142e+01,3.981758800433918832e+00,2.893131504212968164e+00,1.554317691750420005e+00
4.811999999999999744e+01,3.981824711920789905e+00,2.897130961130683247e+00,1.554317694385956683e+00
4.814000000000000057e+01,3.981890623442442489e+00,2.901130418185361215e+00,1.554317696798684478e+00
4.815999999999999659e+01,3.981956534964095074e+00,2.905129875240039183e+00,1.554317699211412940e+00
4.817999999999999972e+01,3.982022446485747658e+00,2.909129332294717152e+00,1.554317701624140735e+00
4.820000000000000284e+01,3.982088358007400242e+00,2.913128789349395120e+00,1.554317704036868752e+00
4.821999999999999886e+01,3.982154269529052826e+00,2.917128246404073089e+00,1.554317706449596770e+00
4.824000000000000199e+01,3.982220181033640838e+00,2.921127703223038274e+00,1.554317708656927977e+00
4.825999999999999801e+01,3.982286092538228850e+00,2.925127160042003460e+00,1.554317710864258961e+00
4.828000000000000114e+01,3.982352004042816862e+00,2.929126616860968646e+00,1.554317713071589946e+00
4.829999999999999716e+01,3.982417915547404874e+00,2.933126073679933832e+00,1.554317715278920708e+00
4.832000000000000028e+01,3.982483826850804931e+00,2.937125530498899018e+00,1.554317717486251693e+00
4.834000000000000341e+01,3.982549738246000892e+00,2.941124987220668618e+00,1.554317719510206919e+00
4.835999999999999943e+01,3.982615649860613338e+00,2.945124443942438219e+00,1.554317721534162811e+00
4.838000000000000256e+01,3.982681561255809299e+00,2.949123900664207820e+00,1.554317723558118036e+00
4.839999999999999858e+01,3.982747472651005261e+00,2.953123357385977421e+00,1.554317725582073484e+00
4.842000000000000171e+01,3.982813384046201222e+00,2.957122814107747022e+00,1.554317727606028932e+00
4.843999999999999773e+01,3.982879295495566740e+00,2.961122270911496379e+00,1.554317729458832620e+00
4.846000000000000085e+01,3.982945206944932259e+00,2.965121727722735745e+00,1.554317731311636086e+00
4.847999999999999687e+01,3.983011118154613062e+00,2.969121184533975111e+00,1.554317733164439996e+00
4.850000000000000000e+01,3.983077029603978580e+00,2.973120641337724468e+00,1.554317735017243685e+00
4.852000000000000313e+01,3.983142941053344099e+00,2.977120098148963834e+00,1.554317736870047373e+00
4.853999999999999915e+01,3.983208852484200424e+00,2.981119555117667019e+00,1.554317738567406959e+00
4.856000000000000227e+01,3.983274763653421591e+00,2.985119012086370205e+00,1.554317740264766545e+00
4.857999999999999829e+01,3.983340675084277915e+00,2.989118469046897264e+00,1.554317741962126131e+00
4.860000000000000142e+01,3.983406586515134240e+00,2.993117926015600450e+00,1.554317743659485496e+00
4.861999999999999744e+01,3.983472497945990565e+00,2.997117382984303635e+00,1.554317745356845526e+00
4.864000000000000057e+01,3.983538409276372150e+00,3.001116839987056029e+00,1.554317746914872345e+00
4.865999999999999659e+01,3.983604320606753735e+00,3.005116296989808422e+00,1.554317748472899385e+00
4.867999999999999972e+01,3.983670231937135320e+00,3.009115754001468357e+00,1.554317750030926648e+00
4.870000000000000284e+01,3.983736143267516905e+00,3.013115211004220750e+00,1.554317751588953467e+00
4.871999999999999886e+01,3.983802054597898490e+00,3.017114668006973144e+00,1.554317753146980285e+00
4.874000000000000199e+01,3.983867965645923270e+00,3.021114125034903175e+00,1.554317754577968058e+00
4.875999999999999801e+01,3.983933877004285584e+00,3.025113582062833206e+00,1.554317756008955609e+00
4.878000000000000114e+01,3.983999788362647898e+00,3.029113039081065217e+00,1.554317757439942937e+00
4.879999999999999716e+01,3.984065699721010212e+00,3.033112496108995249e+00,1.554317758870930932e+00
4.882000000000000028e+01,3.984131611079372526e+00,3.037111953136925280e+00,1.554317760301918261e+00
4.884000000000000341e+01,3.984197522313789985e+00,3.041111410258531933e+00,1.554317761613900784e+00
4.885999999999999943e+01,3.984263433548207445e+00,3.045110867390715903e+00,1.554317762925883306e+00
4.888000000000000256e+01,3.984329344782624904e+00,3.049110324522899873e+00,1.554317764237865829e+00
4.889999999999999858e+01,3.984395256017042364e+00,3.053109781655083843e+00,1.554317765549848351e+00
4.892000000000000171e+01,3.984461167251459823e+00,3.057109238776690496e+00,1.554317766861830652e+00
4.893999999999999773e+01,3.984527078412810397e+00,3.061108695764075627e+00,1.554317768064515937e+00
4.896000000000000085e+01,3.984592989943409158e+00,3.065108152751460757e+00,1.554317769267201221e+00
4.897999999999999687e+01,3.984658901104759732e+00,3.069107609738845888e+00,1.554317770469886062e+00
4.900000000000000000e+01,3.984724812266110305e+00,3.073107066726231018e+00,1.554317771672571125e+00
4.902000000000000313e+01,3.984790723427460879e+00,3.077106523713616149e+00,1.554317772875256187e+00
4.903999999999999915e+01,3.984856634827626642e+00,3.081105980663933597e+00,1.554317773979971173e+00
4.906000000000000227e+01,3.984922545825797968e+00,3.085105437626813440e+00,1.554317775084686160e+00
4.907999999999999829e+01,3.984988457225963732e+00,3.089104894589693284e+00,1.554317776189400924e+00
4.910000000000000142e+01,3.985054368626129495e+00,3.093104351540010732e+00,1.554317777294116132e+00
4.911999999999999744e+01,3.985120279624300821e+00,3.097103808502890576e+00,1.554317778398831118e+00
4.914000000000000057e+01,3.985186190920113170e+00,3.101103265713392343e+00,1.554317779419219336e+00
4.915999999999999659e+01,3.985252102215925518e+00,3.105102722910293434e+00,1.554317780439607111e+00
4.917999999999999972e+01,3.985318013076522004e+00,3.109102180120795200e+00,1.554317781459995107e+00
4.920000000000000284e+01,3.985383924372334352e+00,3.113101637331296967e+00,1.554317782480383103e+00
4.921999999999999886e+01,3.985449835668146701e+00,3.117101094528198058e+00,1.554317783500771322e+00
4.924000000000000199e+01,3.985515746633332412e+00,3.121100551778795751e+00,1.554317784432603711e+00
4.925999999999999801e+01,3.985581658075094236e+00,3.125100009029393444e+00,1.554317785364436322e+00
4.928000000000000114e+01,3.985647569040279947e+00,3.129099466294884113e+00,1.554317786296268711e+00
4.929999999999999716e+01,3.985713480482041771e+00,3.133098923545481806e+00,1.554317787228101544e+00
4.932000000000000028e+01,3.985779391447227482e+00,3.137098380796079500e+00,1.554317788159934377e+00
4.934000000000000341e+01,3.985845302988106020e+00,3.141097838073586779e+00,1.554317789020905449e+00
4.935999999999999943e+01,3.985911214013184267e+00,3.145097295351094058e+00,1.554317789881876744e+00
4.938000000000000256e+01,3.985977125038262514e+00,3.149096752628601337e+00,1.554317790742848260e+00
4.939999999999999858e+01,3.986043036063340761e+00,3.153096209906108616e+00,1.554317791603819332e+00
4.942000000000000171e+01,3.986108947604219299e+00,3.157095667183615895e+00,1.554317792464790626e+00
4.943999999999999773e+01,3.986174858646466923e+00,3.161095124499276210e+00,1.554317793250946211e+00
4.946000000000000085e+01,3.986240769688714547e+00,3.165094581814936525e+00,1.554317794037101796e+00
4.947999999999999687e+01,3.986306680730962171e+00,3.169094039112944294e+00,1.554317794823257382e+00
4.950000000000000000e+01,3.986372592338097043e+00,3.173093496428604610e+00,1.554317795609412967e+00
4.952000000000000313e+01,3.986438503380344667e+00,3.177092953744264925e+00,1.554317796395568552e+00
4.953999999999999915e+01,3.986504414505432248e+00,3.181092410210520249e+00,1.554317797131627987e+00
4.956000000000000227e+01,3.986570325630519829e+00,3.185091866676775574e+00,1.554317797867687645e+00
4.957999999999999829e+01,3.986636236755607410e+00,3.189091323161885150e+00,1.554317798603747747e+00
4.960000000000000142e+01,3.986702147880694991e+00,3.193090779628140474e+00,1.554317799339807182e+00
4.961999999999999744e+01,3.986768059005782572e+00,3.197090236094395799e+00,1.554317800075866840e+00
4.964000000000000057e+01,3.986833969932874755e+00,3.201089693447071838e+00,1.554317800752037293e+00
4.965999999999999659e+01,3.986899880859966938e+00,3.205089150799747877e+00,1.554317801428207968e+00
4.967999999999999972e+01,3.986965792443830203e+00,3.209088608152423916e+00,1.554317802104378199e+00
4.970000000000000284e+01,3.987031703370922386e+00,3.213088065484575928e+00,1.554317802780548430e+00
4.971999999999999886e+01,3.987097614298014570e+00,3.217087522837251967e+00,1.554317803456719105e+00
4.974000000000000199e+01,3.987163525561207678e+00,3.221086979391993399e+00,1.554317804077097964e+00
4.975999999999999801e+01,3.987229436824400786e+00,3.225086435946734831e+00,1.554317804697477046e+00
4.978000000000000114e+01,3.987295348087593894e+00,3.229085892501476263e+00,1.554317805317855683e+00
4.979999999999999716e+01,3.987361258634951611e+00,3.233085349078587800e+00,1.554317805938234320e+00
4.982000000000000028e+01,3.987427169898144719e+00,3.237084805633329232e+00,1.554317806558613402e+00
4.984000000000000341e+01,3.987493080764386466e+00,3.241084263222128836e+00,1.554317807124615758e+00
4.985999999999999943e+01,3.987558992415234815e+00,3.245083720810928440e+00,1.554317807690618558e+00
4.988000000000000256e+01,3.987624903281476563e+00,3.249083178399728045e+00,1.554317808256621136e+00
4.989999999999999858e+01,3.987690814147718310e+00,3.253082635988527649e+00,1.554317808822623492e+00
4.992000000000000171e+01,3.987756725798566659e+00,3.257082093552808200e+00,1.554317809388626292e+00
4.993999999999999773e+01,3.987822636077963168e+00,3.261081549924252698e+00,1.554317809911383685e+00
4.996000000000000085e+01,3.987888547206872136e+00,3.265081006269149988e+00,1.554317810434141522e+00
4.997999999999999687e+01,3.987954458335781105e+00,3.269080462614047278e+00,1.554317810956899137e+00
5.000000000000000000e+01,3.988020369464690074e+00,3.273079918985491776e+00,1.554317811479656530e+00
5.002000000000000313e+01,3.988086280593599042e+00,3.277079375330389066e+00,1.554317812002414367e+00
5.003999999999999915e+01,3.988152192250385308e+00,3.281078831747932245e+00,1.554317812483657191e+00
5.006000000000000227e+01,3.988218102984375513e+00,3.285078288136638047e+00,1.554317812964900014e+00
5.007999999999999829e+01,3.988284013718365717e+00,3.289077744554181226e+00,1.554317813446142837e+00
5.010000000000000142e+01,3.988349925375151983e+00,3.293077200971724405e+00,1.554317813927385661e+00
5.011999999999999744e+01,3.988415836109142187e+00,3.297076657389267584e+00,1.554317814408628484e+00
5.014000000000000057e+01,3.988481747155941726e+00,3.301076114033488995e+00,1.554317814870457504e+00
5.015999999999999659e+01,3.988547658202741264e+00,3.305075570707760146e+00,1.554317815332286967e+00
5.017999999999999972e+01,3.988613569249540802e+00,3.309075027382031298e+00,1.554317815794116209e+00
5.020000000000000284e+01,3.988679480296340341e+00,3.313074484026252708e+00,1.554317816255945450e+00
5.021999999999999886e+01,3.988745391343139879e+00,3.317073940700523860e+00,1.554317816717774692e+00
5.024000000000000199e+01,3.988811302510422596e+00,3.321073397143883277e+00,1.554317817134986068e+00
5.025999999999999801e+01,3.988877213677705313e+00,3.325072853620505864e+00,1.554317817552197445e+00
5.028000000000000114e+01,3.988943124844988031e+00,3.329072310063865281e+00,1.554317817969408821e+00
5.029999999999999716e+01,3.989009036012270748e+00,3.333071766540487868e+00,1.554317818386620198e+00
5.032000000000000028e+01,3.989074946115131137e+00,3.337071222983847285e+00,1.554317818803831575e+00
5.034000000000000341e+01,3.989140857761876990e+00,3.341070680604274035e+00,1.554317819204593443e+00
5.035999999999999943e+01,3.989206768300510131e+00,3.345070138190072484e+00,1.554317819605355311e+00
5.038000000000000256e+01,3.989272679947255984e+00,3.349069595775870933e+00,1.554317820006117179e+00
5.039999999999999858e+01,3.989338590485889124e+00,3.353069053361669383e+00,1.554317820406878825e+00
5.042000000000000171e+01,3.989404502132634978e+00,3.357068510982096132e+00,1.554317820807640915e+00
5.043999999999999773e+01,3.989470412406649125e+00,3.361067968398209427e+00,1.554317821155189350e+00
5.046000000000000085e+01,3.989536323958439823e+00,3.365067425854253447e+00,1.554317821502737562e+00
5.047999999999999687e+01,3.989602235510230521e+00,3.369066883310297467e+00,1.554317821850286219e+00
5.050000000000000000e+01,3.989668145784244668e+00,3.373066340726410761e+00,1.554317822197834653e+00
5.052000000000000313e+01,3.989734057336035367e+00,3.377065798182454781e+00,1.554317822545383088e+00
5.053999999999999915e+01,3.989799967570693884e+00,3.381065256192202551e+00,1.554317822869504262e+00
5.056000000000000227e+01,3.989865879175485297e+00,3.385064714244767181e+00,1.554317823193626102e+00
5.057999999999999829e+01,3.989931790780276710e+00,3.389064172254514951e+00,1.554317823517747277e+00
5.060000000000000142e+01,3.989997701014935227e+00,3.393063630264262720e+00,1.554317823841868673e+00
5.061999999999999744e+01,3.990063612619726641e+00,3.397063088316827351e+00,1.554317824165990070e+00
5.064000000000000057e+01,3.990129523742531159e+00,3.401062544924391418e+00,1.554317824467030373e+00
5.065999999999999659e+01,3.990195434865335677e+00,3.405062001578055053e+00,1.554317824768070899e+00
5.067999999999999972e+01,3.990261345988140196e+00,3.409061458185619120e+00,1.554317825069110759e+00
5.070000000000000284e+01,3.990327257110944714e+00,3.413060914839282756e+00,1.554317825370151285e+00
5.071999999999999886e+01,3.990393167343377456e+00,3.417060372130869883e+00,1.554317825683357412e+00
5.074000000000000199e+01,3.990459078993692010e+00,3.421059829378148454e+00,1.554317825996563540e+00
5.075999999999999801e+01,3.990524989226124752e+00,3.425059286669735581e+00,1.554317826309769668e+00
5.078000000000000114e+01,3.990590900876439306e+00,3.429058743917014151e+00,1.554317826622975796e+00
5.079999999999999716e+01,3.990656811108872049e+00,3.433058201208601279e+00,1.554317826936181923e+00
5.082000000000000028e+01,3.990722722759186603e+00,3.437057658455879849e+00,1.554317827249388051e+00
5.084000000000000341e+01,3.990788634322079087e+00,3.441057115700794977e+00,1.554317827501982441e+00
5.085999999999999943e+01,3.990854544126861025e+00,3.445056572890769164e+00,1.554317827754577275e+00
5.088000000000000256e+01,3.990920455689753510e+00,3.449056030080743351e+00,1.554317828007171887e+00
5.089999999999999858e+01,3.990986367252645994e+00,3.453055487325658479e+00,1.554317828259766499e+00
5.092000000000000171e+01,3.991052277057427933e+00,3.457054944515632666e+00,1.554317828512360888e+00
5.093999999999999773e+01,3.991118188235303066e+00,3.461054402829619736e+00,1.554317828785648725e+00
5.096000000000000085e+01,3.991184099413178199e+00,3.465053861092826093e+00,1.554317829058936118e+00
5.097999999999999687e+01,3.991250010591053332e+00,3.469053319406813163e+00,1.554317829332224177e+00
5.100000000000000000e+01,3.991315921768928465e+00,3.473052777720800233e+00,1.554317829605511569e+00
5.102000000000000313e+01,3.991381832946803598e+00,3.477052235984006590e+00,1.554317829878798962e+00
5.103999999999999915e+01,3.991447743608856680e+00,3.481051694325185686e+00,1.554317830111487497e+00
5.106000000000000227e+01,3.991513654270909761e+00,3.485051152606723601e+00,1.554317830344175366e+00
5.107999999999999829e+01,3.991579564932962843e+00,3.489050610947902697e+00,1.554317830576863457e+00
5.110000000000000142e+01,3.991645477503533712e+00,3.493050069229440613e+00,1.554317830809551548e+00
5.111999999999999744e+01,3.991711388165586794e+00,3.497049527510978528e+00,1.554317831042239639e+00
5.114000000000000057e+01,3.991777298783173222e+00,3.501048985947460057e+00,1.554317831283410722e+00
5.115999999999999659e+01,3.991843209400759651e+00,3.505048444326398283e+00,1.554317831524582028e+00
5.117999999999999972e+01,3.991909120018346080e+00,3.509047902762879811e+00,1.554317831765753111e+00
5.120000000000000284e+01,3.991975032477319996e+00,3.513047361141818037e+00,1.554317832006923972e+00
5.121999999999999886e+01,3.992040943094906424e+00,3.517046819520756262e+00,1.554317832248094833e+00
5.124000000000000199e+01,3.992106854316693543e+00,3.521046277430955218e+00,1.554317832469044314e+00
5.125999999999999801e+01,3.992172765538480661e+00,3.525045735341154174e+00,1.554317832689993129e+00
5.128000000000000114e+01,3.992238676760267779e+00,3.529045193251353130e+00,1.554317832910942165e+00
5.129999999999999716e+01,3.992304585972137332e+00,3.533044651161552085e+00,1.554317833131890980e+00
5.132000000000000028e+01,3.992370497193924450e+00,3.537044109008940840e+00,1.554317833352840239e+00
5.134000000000000341e+01,3.992436408075320298e+00,3.541043569115283951e+00,1.554317833493342071e+00
5.135999999999999943e+01,3.992502318956716145e+00,3.545043029221627062e+00,1.554317833633844126e+00
5.138000000000000256e+01,3.992568232998850331e+00,3.549042489327970173e+00,1.554317833774345958e+00
5.139999999999999858e+01,3.992634143880246178e+00,3.553041949434313285e+00,1.554317833914847791e+00
5.142000000000000171e+01,3.992700054761642026e+00,3.557041409540656396e+00,1.554317834055349401e+00
5.143999999999999773e+01,3.992765964597996931e+00,3.561040867147208022e+00,1.554317834308402313e+00
5.146000000000000085e+01,3.992831876189279594e+00,3.565040324753759649e+00,1.554317834561454781e+00
5.147999999999999687e+01,3.992897787780562258e+00,3.569039782415152740e+00,1.554317834814507693e+00
5.150000000000000000e+01,3.992963697616917162e+00,3.573039240021704366e+00,1.554317835067560161e+00
5.152000000000000313e+01,3.993029609208199826e+00,3.577038697683097457e+00,1.554317835320613073e+00
5.153999999999999915e+01,3.993095519714288777e+00,3.581038156492482027e+00,1.554317835501414002e+00
5.156000000000000227e+01,3.993161430220377728e+00,3.585037615301866598e+00,1.554317835682215154e+00
5.157999999999999829e+01,3.993227343182697897e+00,3.589037074034493902e+00,1.554317835863016306e+00
5.160000000000000142e+01,3.993293253688786848e+00,3.593036532843878472e+00,1.554317836043817680e+00
5.161999999999999744e+01,3.993359164194875799e+00,3.597035991653263043e+00,1.554317836224618610e+00
5.164000000000000057e+01,3.993425076091625225e+00,3.601035449748933193e+00,1.554317836444783607e+00
5.165999999999999659e+01,3.993490985971301477e+00,3.605034907781569764e+00,1.554317836664949048e+00
5.167999999999999972e+01,3.993556897868050903e+00,3.609034365814206335e+00,1.554317836885114268e+00
5.170000000000000284e+01,3.993622807747727155e+00,3.613033823909876485e+00,1.554317837105279265e+00
5.171999999999999886e+01,3.993688719644476581e+00,3.617033281942513057e+00,1.554317837325444707e+00
5.174000000000000199e+01,3.993754629128912992e+00,3.621032740735781630e+00,1.554317837486843601e+00
5.175999999999999801e+01,3.993820541364851540e+00,3.625032199615034756e+00,1.554317837648242495e+00
5.178000000000000114e+01,3.993886450849287950e+00,3.629031658408303329e+00,1.554317837809641389e+00
5.179999999999999716e+01,3.993952363085226498e+00,3.633031117201571902e+00,1.554317837971040284e+00
5.182000000000000028e+01,3.994018275321165046e+00,3.637030575994840476e+00,1.554317838132438956e+00
5.184000000000000341e+01,3.994084183803603416e+00,3.641030031479127071e+00,1.554317838302559318e+00
5.185999999999999943e+01,3.994150094896485648e+00,3.645029486881837144e+00,1.554317838472679458e+00
5.188000000000000256e+01,3.994216005989367879e+00,3.649028942366123740e+00,1.554317838642799599e+00
5.189999999999999858e+01,3.994281917082250111e+00,3.653028397850410336e+00,1.554317838812919739e+00
5.192000000000000171e+01,3.994347828175132342e+00,3.657027853334696932e+00,1.554317838983039657e+00
5.193999999999999773e+01,3.994413739399612417e+00,3.661027310222338293e+00,1.554317839100120668e+00
5.196000000000000085e+01,3.994479650624092493e+00,3.665026767228511506e+00,1.554317839217201458e+00
5.197999999999999687e+01,3.994545561848572568e+00,3.669026224116152868e+00,1.554317839334282469e+00
5.200000000000000000e+01,3.994611473073052643e+00,3.673025681003794229e+00,1.554317839451363037e+00
5.202000000000000313e+01,3.994677384297532718e+00,3.677025138009967442e+00,1.554317839568443826e+00
5.203999999999999915e+01,3.994743294900468200e+00,3.681024596146194927e+00,1.554317839751522046e+00
5.206000000000000227e+01,3.994809205503403682e+00,3.685024054358224888e+00,1.554317839934600265e+00
5.207999999999999829e+01,3.994875116106339163e+00,3.689023512570254848e+00,1.554317840117678484e+00
5.210000000000000142e+01,3.994941029134955190e+00,3.693022970782284808e+00,1.554317840300756703e+00
5.211999999999999744e+01,3.995006939737890672e+00,3.697022428918512293e+00,1.554317840483834923e+00
5.214000000000000057e+01,3.995072850470192005e+00,3.701021884741007462e+00,1.554317840736473055e+00
5.215999999999999659e+01,3.995138761202493338e+00,3.705021340563502630e+00,1.554317840989111188e+00
5.217999999999999972e+01,3.995204671934794671e+00,3.709020796385997798e+00,1.554317841241749321e+00
5.220000000000000284e+01,3.995270582667096004e+00,3.713020252153561351e+00,1.554317841494387231e+00
5.221999999999999886e+01,3.995336493399397337e+00,3.717019707976056520e+00,1.554317841747025364e+00
5.224000000000000199e+01,3.995402405024123027e+00,3.721019162513995227e+00,1.554317841907799203e+00
5.225999999999999801e+01,3.995468316648848717e+00,3.725018616965615426e+00,1.554317842068573041e+00
5.228000000000000114e+01,3.995534225511374160e+00,3.729018071503554133e+00,1.554317842229346214e+00
5.229999999999999716e+01,3.995600137136099850e+00,3.733017525955174332e+00,1.554317842390120052e+00
5.232000000000000028e+01,3.995666048760825539e+00,3.737016980493113039e+00,1.554317842550893669e+00
5.234000000000000341e+01,3.995731959807646394e+00,3.741016437212069778e+00,1.554317842695080554e+00
5.235999999999999943e+01,3.995797870854467249e+00,3.745015893834777732e+00,1.554317842839267438e+00
5.238000000000000256e+01,3.995863781901288103e+00,3.749015350553734471e+00,1.554317842983454323e+00
5.239999999999999858e+01,3.995929692948108958e+00,3.753014807176442424e+00,1.554317843127640986e+00
5.242000000000000171e+01,3.995995603994929812e+00,3.757014263895399164e+00,1.554317843271828092e+00
5.243999999999999773e+01,3.996061515043132228e+00,3.761013719649030751e+00,1.554317843501630936e+00
5.246000000000000085e+01,3.996127426091334645e+00,3.765013175463052253e+00,1.554317843731433557e+00
5.247999999999999687e+01,3.996193337139537061e+00,3.769012631216683840e+00,1.554317843961236623e+00
5.250000000000000000e+01,3.996259248187739477e+00,3.773012086970315426e+00,1.554317844191039466e+00
5.252000000000000313e+01,3.996325159235941893e+00,3.777011542784336928e+00,1.554317844420842309e+00
5.253999999999999915e+01,3.996391069011420605e+00,3.781011000870156735e+00,1.554317844699081075e+00
5.256000000000000227e+01,3.996456980382971036e+00,3.785010458906099551e+00,1.554317844977320284e+00
5.257999999999999829e+01,3.996522891754521467e+00,3.789009916991919358e+00,1.554317845255559272e+00
5.260000000000000142e+01,3.996588801530000179e+00,3.793009375077739165e+00,1.554317845533798259e+00
5.261999999999999744e+01,3.996654712901550610e+00,3.797008833163558972e+00,1.554317845812037024e+00
5.264000000000000057e+01,3.996720623922765725e+00,3.801008292529437060e+00,1.554317845950079713e+00
5.265999999999999659e+01,3.996786534943980840e+00,3.805007751895315149e+00,1.554317846088121957e+00
5.267999999999999972e+01,3.996852445965195955e+00,3.809007211261193238e+00,1.554317846226163979e+00
5.270000000000000284e+01,3.996918356986411069e+00,3.813006670727604241e+00,1.554317846364206224e+00
5.271999999999999886e+01,3.996984268007626184e+00,3.817006130093482330e+00,1.554317846502248468e+00
5.274000000000000199e+01,3.997050179374567858e+00,3.821005586220807881e+00,1.554317846698867189e+00
5.275999999999999801e+01,3.997116090741509531e+00,3.825005042277551226e+00,1.554317846895485911e+00
5.278000000000000114e+01,3.997182002108451204e+00,3.829004498404876777e+00,1.554317847092104632e+00
5.279999999999999716e+01,3.997247911216761818e+00,3.833003954532202329e+00,1.554317847288723353e+00
5.282000000000000028e+01,3.997313822583703491e+00,3.837003410659527880e+00,1.554317847485342075e+00
5.284000000000000341e+01,3.997379735612016649e+00,3.841002870516358580e+00,1.554317847633237104e+00
5.285999999999999943e+01,3.997445645637595302e+00,3.845002330279354119e+00,1.554317847781132134e+00
5.288000000000000256e+01,3.997511555663173954e+00,3.849001790136184820e+00,1.554317847929027163e+00
5.289999999999999858e+01,3.997577465688752607e+00,3.853001249899180358e+00,1.554317848076922193e+00
5.292000000000000171e+01,3.997643378717065765e+00,3.857000709756011059e+00,1.554317848224817222e+00
5.293999999999999773e+01,3.997709289546783396e+00,3.861000169270877524e+00,1.554317848325438511e+00
5.296000000000000085e+01,3.997775200376501026e+00,3.864999628923665220e+00,1.554317848426059578e+00
5.297999999999999687e+01,3.997841111206218656e+00,3.868999088438531686e+00,1.554317848526681090e+00
5.300000000000000000e+01,3.997907022035936286e+00,3.872998548091319382e+00,1.554317848627302379e+00
5.302000000000000313e+01,3.997972932865653917e+00,3.876998007606185848e+00,1.554317848727923668e+00
5.303999999999999915e+01,3.998038843235743212e+00,3.880997463809954695e+00,1.554317849063997059e+00
5.306000000000000227e+01,3.998104754927237714e+00,3.884996920013723543e+00,1.554317849400070450e+00
5.307999999999999829e+01,3.998170665297327009e+00,3.888996376176198311e+00,1.554317849736143842e+00
5.310000000000000142e+01,3.998236576988821511e+00,3.892995832379967158e+00,1.554317850072217233e+00
5.311999999999999744e+01,3.998302487358910806e+00,3.896995288583736006e+00,1.554317850408290624e+00
5.314000000000000057e+01,3.998302487358910806e+00,3.896995288583736006e+00,1.554317850408290624e+00
5.315999999999999659e+01,3.998302487358910806e+00,3.896995288583736006e+00,1.554317850408290624e+00
5.317999999999999972e+01,3.998302487358910806e+00,3.896995288583736006e+00,1.554317850408290624e+00
5.320000000000000284e+01,3.998302487358910806e+00,3.896995288583736006e+00,1.554317850408290624e+00
5.321999999999999886e+01,3.998302487358910806e+00,3.896995288583736006e+00,1.554317850408290624e+00
5.324000000000000199e+01,3.998302487358910806e+00,3.896995288583736006e+00,1.560317850408290630e+00
5.325999999999999801e+01,3.998302487358910806e+00,3.896995288583736006e+00,1.566317850408290857e+00
5.328000000000000114e+01,3.998302487358910806e+00,3.896995288583736006e+00,1.572317850408290640e+00
5.329999999999999716e+01,3.998302487358910806e+00,3.896995288583736006e+00,1.578317850408290424e+00
5.332000000000000028e+01,3.998302487358910806e+00,3.896995288583736006e+00,1.584317850408290651e+00
5.334000000000000341e+01,3.998302487358910806e+00,3.896995288583736006e+00,1.590317850408290878e+00
5.335999999999999943e+01,3.998302487358910806e+00,3.896995288583736006e+00,1.596317850408290440e+00
5.338000000000000256e+01,3.998302487358910806e+00,3.896995288583736006e+00,1.602317850408290889e+00
5.339999999999999858e+01,3.998302487358910806e+00,3.896995288583736006e+00,1.608317850408290894e+00
5.342000000000000171e+01,3.998302487358910806e+00,3.896995288583736006e+00,1.614317850408290678e+00
5.343999999999999773e+01,3.998302487358910806e+00,3.896995288583736006e+00,1.620317850408290683e+00
5.346000000000000085e+01,3.998302487358910806e+00,3.896995288583736006e+00,1.626317850408290688e+00
5.347999999999999687e+01,3.998302487358910806e+00,3.896995288583736006e+00,1.632317850408290916e+00
5.350000000000000000e+01,3.998302487358910806e+00,3.896995288583736006e+00,1.638317850408290699e+00
5.352000000000000313e+01,3.998302487358910806e+00,3.896995288583736006e+00,1.644317850408290704e+00
5.353999999999999915e+01,3.998302487358910806e+00,3.896995288583736006e+00,1.650317850408290710e+00
5.356000000000000227e+01,3.998302487358910806e+00,3.896995288583736006e+00,1.656317850408290715e+00
5.357999999999999829e+01,3.998302487358910806e+00,3.896995288583736006e+00,1.662317850408290720e+00
5.360000000000000142e+01,3.998302487358910806e+00,3.896995288583736006e+00,1.668317850408290726e+00
5.361999999999999744e+01,3.998302487358910806e+00,3.896995288583736006e+00,1.674317850408290731e+00
5.364000000000000057e+01,3.998302487358910806e+00,3.896995288583736006e+00,1.680317850408290736e+00
5.365999999999999659e+01,3.998302487358910806e+00,3.896995288583736006e+00,1.686317850408290742e+00
5.367999999999999972e+01,3.998302487358910806e+00,3.896995288583736006e+00,1.692317850408290747e+00
5.370000000000000284e+01,3.998302487358910806e+00,3.896995288583736006e+00,1.698317850408290752e+00
5.371999999999999886e+01,3.998302487358910806e+00,3.896995288583736006e+00,1.704317850408290758e+00
5.374000000000000199e+01,3.998302487358910806e+00,3.896995288583736006e+00,1.710317850408290763e+00
5.375999999999999801e+01,3.998302487358910806e+00,3.896995288583736006e+00,1.716317850408290990e+00
5.378000000000000114e+01,3.998302487358910806e+00,3.896995288583736006e+00,1.722317850408290774e+00
5.379999999999999716e+01,3.998302487358910806e+00,3.896995288583736006e+00,1.728317850408290779e+00
5.382000000000000028e+01,3.998302487358910806e+00,3.896995288583736006e+00,1.734317850408290562e+00
5.384000000000000341e+01,3.998302487358910806e+00,3.896995288583736006e+00,1.740317850408291012e+00
5.385999999999999943e+01,3.998302487358910806e+00,3.896995288583736006e+00,1.746317850408290795e+00
5.388000000000000256e+01,3.998302487358910806e+00,3.896995288583736006e+00,1.752317850408290800e+00
5.389999999999999858e+01,3.998302487358910806e+00,3.896995288583736006e+00,1.758317850408290806e+00
5.392000000000000171e+01,3.998302487358910806e+00,3.896995288583736006e+00,1.764317850408290811e+00
5.393999999999999773e+01,3.998302487358910806e+00,3.896995288583736006e+00,1.770317850408290594e+00
5.396000000000000085e+01,3.998302487358910806e+00,3.896995288583736006e+00,1.776317850408290822e+00
5.397999999999999687e+01,3.998302487358910806e+00,3.896995288583736006e+00,1.782317850408290827e+00
5.400000000000000000e+01,3.998302487358910806e+00,3.896995288583736006e+00,1.788317850408291054e+00
5.402000000000000313e+01,3.998302487358910806e+00,3.896995288583736006e+00,1.794317850408290838e+00
5.403999999999999915e+01,3.998302487358910806e+00,3.896995288583736006e+00,1.800317850408290843e+00
5.406000000000000227e+01,3.998302487358910806e+00,3.896995288583736006e+00,1.806317850408290848e+00
5.407999999999999829e+01,3.998302487358910806e+00,3.896995288583736006e+00,1.812317850408290854e+00
5.410000000000000142e+01,3.998302487358910806e+00,3.896995288583736006e+00,1.818317850408291081e+00
5.411999999999999744e+01,3.998302487358910806e+00,3.896995288583736006e+00,1.824317850408291086e+00
5.414000000000000057e+01,3.998302487358910806e+00,3.896995288583736006e+00,1.830317850408290870e+00
5.415999999999999659e+01,3.998302487358910806e+00,3.896995288583736006e+00,1.836317850408290875e+00
5.417999999999999972e+01,3.998302487358910806e+00,3.896995288583736006e+00,1.842317850408290880e+00
5.420000000000000284e+01,3.998302487358910806e+00,3.896995288583736006e+00,1.848317850408291108e+00
5.421999999999999886e+01,3.998302487358910806e+00,3.896995288583736006e+00,1.854317850408290891e+00
5.424000000000000199e+01,3.998302487358910806e+00,3.896995288583736006e+00,1.860317850408290896e+00
5.425999999999999801e+01,3.998302487358910806e+00,3.896995288583736006e+00,1.866317850408290901e+00
5.428000000000000114e+01,3.998302487358910806e+00,3.896995288583736006e+00,1.872317850408291129e+00
5.429999999999999716e+01,3.998302487358910806e+00,3.896995288583736006e+00,1.878317850408290912e+00
5.432000000000000028e+01,3.998302487358910806e+00,3.896995288583736006e+00,1.884317850408291140e+00
5.434000000000000341e+01,3.998302487358910806e+00,3.896995288583736006e+00,1.890317850408290923e+00
5.435999999999999943e+01,3.998302487358910806e+00,3.896995288583736006e+00,1.896317850408290928e+00
5.438000000000000256e+01,3.998302487358910806e+00,3.896995288583736006e+00,1.902317850408290933e+00
5.439999999999999858e+01,3.998302487358910806e+00,3.896995288583736006e+00,1.908317850408290939e+00
5.442000000000000171e+01,3.998302487358910806e+00,3.896995288583736006e+00,1.914317850408290944e+00
5.443999999999999773e+01,3.998302487358910806e+00,3.896995288583736006e+00,1.920317850408290949e+00
5.446000000000000085e+01,3.998302487358910806e+00,3.896995288583736006e+00,1.926317850408290955e+00
5.447999999999999687e+01,3.998302487358910806e+00,3.896995288583736006e+00,1.932317850408290960e+00
5.450000000000000000e+01,3.998302487358910806e+00,3.896995288583736006e+00,1.938317850408290965e+00
5.452000000000000313e+01,3.998302487358910806e+00,3.896995288583736006e+00,1.944317850408290971e+00
5.453999999999999915e+01,3.998302487358910806e+00,3.896995288583736006e+00,1.950317850408290976e+00
5.456000000000000227e+01,3.998302487358910806e+00,3.896995288583736006e+00,1.956317850408290759e+00
5.457999999999999829e+01,3.998302487358910806e+00,3.896995288583736006e+00,1.962317850408290765e+00
5.460000000000000142e+01,3.998302487358910806e+00,3.896995288583736006e+00,1.968317850408290992e+00
5.461999999999999744e+01,3.998302487358910806e+00,3.896995288583736006e+00,1.974317850408290997e+00
5.464000000000000057e+01,3.998302487358910806e+00,3.896995288583736006e+00,1.980317850408291003e+00
5.465999999999999659e+01,3.998302487358910806e+00,3.896995288583736006e+00,1.986317850408291008e+00
5.467999999999999972e+01,3.998302487358910806e+00,3.896995288583736006e+00,1.992317850408291013e+00
5.470000000000000284e+01,3.998302487358910806e+00,3.896995288583736006e+00,1.998317850408290797e+00
5.471999999999999886e+01,3.998302487358910806e+00,3.896995288583736006e+00,2.004317850408290802e+00
5.474000000000000199e+01,3.998302487358910806e+00,3.896995288583736006e+00,2.010317850408290585e+00
5.475999999999999801e+01,3.998302487358910806e+00,3.896995288583736006e+00,2.016317850408290369e+00
5.478000000000000114e+01,3.998302487358910806e+00,3.896995288583736006e+00,2.022317850408290152e+00
5.479999999999999716e+01,3.998302487358910806e+00,3.896995288583736006e+00,2.028317850408289935e+00
5.482000000000000028e+01,3.998302487358910806e+00,3.896995288583736006e+00,2.034317850408289718e+00
5.484000000000000341e+01,3.998302487358910806e+00,3.896995288583736006e+00,2.040317850408289502e+00
5.485999999999999943e+01,3.998302487358910806e+00,3.896995288583736006e+00,2.046317850408289285e+00
5.488000000000000256e+01,3.998302487358910806e+00,3.896995288583736006e+00,2.052317850408289068e+00
5.489999999999999858e+01,3.998302487358910806e+00,3.896995288583736006e+00,2.058317850408288852e+00
5.492000000000000171e+01,3.998302487358910806e+00,3.896995288583736006e+00,2.064317850408288635e+00
5.493999999999999773e+01,3.998302487358910806e+00,3.896995288583736006e+00,2.070317850408288418e+00
5.496000000000000085e+01,3.998302487358910806e+00,3.896995288583736006e+00,2.076317850408288201e+00
5.497999999999999687e+01,3.998302487358910806e+00,3.896995288583736006e+00,2.082317850408287985e+00
5.500000000000000000e+01,3.998302487358910806e+00,3.896995288583736006e+00,2.088317850408287768e+00
5.502000000000000313e+01,3.998302487358910806e+00,3.896995288583736006e+00,2.094317850408287551e+00
5.503999999999999915e+01,3.998302487358910806e+00,3.896995288583736006e+00,2.100317850408287335e+00
5.506000000000000227e+01,3.998302487358910806e+00,3.896995288583736006e+00,2.106317850408287118e+00
5.507999999999999829e+01,3.998302487358910806e+00,3.896995288583736006e+00,2.112317850408286901e+00
5.510000000000000142e+01,3.998302487358910806e+00,3.896995288583736006e+00,2.118317850408286684e+00
5.511999999999999744e+01,3.998302487358910806e+00,3.896995288583736006e+00,2.124317850408286468e+00
5.514000000000000057e+01,3.998302487358910806e+00,3.896995288583736006e+00,2.130317850408286251e+00
5.515999999999999659e+01,3.998302487358910806e+00,3.896995288583736006e+00,2.136317850408286034e+00
5.517999999999999972e+01,3.998302487358910806e+00,3.896995288583736006e+00,2.142317850408285818e+00
5.520000000000000284e+01,3.998302487358910806e+00,3.896995288583736006e+00,2.148317850408285601e+00
5.521999999999999886e+01,3.998302487358910806e+00,3.896995288583736006e+00,2.154317850408285384e+00
5.524000000000000199e+01,3.998302487358910806e+00,3.896995288583736006e+00,2.160317850408285167e+00
5.525999999999999801e+01,3.998302487358910806e+00,3.896995288583736006e+00,2.166317850408284951e+00
5.528000000000000114e+01,3.998302487358910806e+00,3.896995288583736006e+00,2.172317850408284734e+00
5.529999999999999716e+01,3.998302487358910806e+00,3.896995288583736006e+00,2.178317850408284517e+00
5.532000000000000028e+01,3.998302487358910806e+00,3.896995288583736006e+00,2.184317850408284301e+00
5.534000000000000341e+01,3.998302487358910806e+00,3.896995288583736006e+00,2.190317850408284084e+00
5.535999999999999943e+01,3.998302487358910806e+00,3.896995288583736006e+00,2.196317850408283867e+00
5.538000000000000256e+01,3.998302487358910806e+00,3.896995288583736006e+00,2.202317850408283650e+00
5.539999999999999858e+01,3.998302487358910806e+00,3.896995288583736006e+00,2.208317850408283434e+00
5.542000000000000171e+01,3.998302487358910806e+00,3.896995288583736006e+00,2.214317850408283217e+00
5.543999999999999773e+01,3.998302487358910806e+00,3.896995288583736006e+00,2.220317850408283000e+00
5.546000000000000085e+01,3.998302487358910806e+00,3.896995288583736006e+00,2.226317850408282784e+00
5.547999999999999687e+01,3.998302487358910806e+00,3.896995288583736006e+00,2.232317850408282567e+00
5.550000000000000000e+01,3.998302487358910806e+00,3.896995288583736006e+00,2.238317850408282350e+00
5.552000000000000313e+01,3.998302487358910806e+00,3.896995288583736006e+00,2.244317850408282133e+00
5.553999999999999915e+01,3.998302487358910806e+00,3.896995288583736006e+00,2.250317850408281917e+00
5.556000000000000227e+01,3.998302487358910806e+00,3.896995288583736006e+00,2.256317850408281700e+00
5.557999999999999829e+01,3.998302487358910806e+00,3.896995288583736006e+00,2.262317850408281483e+00
5.560000000000000142e+01,3.998302487358910806e+00,3.896995288583736006e+00,2.268317850408281267e+00
5.561999999999999744e+01,3.998302487358910806e+00,3.896995288583736006e+00,2.274317850408281050e+00
5.564000000000000057e+01,3.998302487358910806e+00,3.896995288583736006e+00,2.280317850408280833e+00
5.565999999999999659e+01,3.998302487358910806e+00,3.896995288583736006e+00,2.286317850408280616e+00
5.567999999999999972e+01,3.998302487358910806e+00,3.896995288583736006e+00,2.292317850408280400e+00
5.570000000000000284e+01,3.998302487358910806e+00,3.896995288583736006e+00,2.298317850408280183e+00
5.571999999999999886e+01,3.998302487358910806e+00,3.896995288583736006e+00,2.304317850408279966e+00
5.574000000000000199e+01,3.998302487358910806e+00,3.896995288583736006e+00,2.310317850408279750e+00
5.575999999999999801e+01,3.998302487358910806e+00,3.896995288583736006e+00,2.316317850408279533e+00
5.578000000000000114e+01,3.998302487358910806e+00,3.896995288583736006e+00,2.322317850408279316e+00
5.579999999999999716e+01,3.998302487358910806e+00,3.896995288583736006e+00,2.328317850408279099e+00
5.582000000000000028e+01,3.998302487358910806e+00,3.896995288583736006e+00,2.334317850408278883e+00
5.584000000000000341e+01,3.998302487358910806e+00,3.896995288583736006e+00,2.340317850408278666e+00
5.585999999999999943e+01,3.998302487358910806e+00,3.896995288583736006e+00,2.346317850408278449e+00
5.588000000000000256e+01,3.998302487358910806e+00,3.896995288583736006e+00,2.352317850408278233e+00
5.589999999999999858e+01,3.998302487358910806e+00,3.896995288583736006e+00,2.358317850408278016e+00
5.592000000000000171e+01,3.998302487358910806e+00,3.896995288583736006e+00,2.364317850408277799e+00
5.593999999999999773e+01,3.998302487358910806e+00,3.896995288583736006e+00,2.370317850408277582e+00
5.596000000000000085e+01,3.998302487358910806e+00,3.896995288583736006e+00,2.376317850408277366e+00
5.597999999999999687e+01,3.998302487358910806e+00,3.896995288583736006e+00,2.382317850408277149e+00
5.600000000000000000e+01,3.998302487358910806e+00,3.896995288583736006e+00,2.388317850408276932e+00
5.602000000000000313e+01,3.998302487358910806e+00,3.896995288583736006e+00,2.394317850408276716e+00
5.603999999999999915e+01,3.998302487358910806e+00,3.896995288583736006e+00,2.400317850408276499e+00
5.606000000000000227e+01,3.998302487358910806e+00,3.896995288583736006e+00,2.406317850408276282e+00
5.607999999999999829e+01,3.998302487358910806e+00,3.896995288583736006e+00,2.412317850408276065e+00
5.610000000000000142e+01,3.998302487358910806e+00,3.896995288583736006e+00,2.418317850408275849e+00
5.611999999999999744e+01,3.998302487358910806e+00,3.896995288583736006e+00,2.424317850408275632e+00
5.614000000000000057e+01,3.998302487358910806e+00,3.896995288583736006e+00,2.430317850408275415e+00
5.615999999999999659e+01,3.998302487358910806e+00,3.896995288583736006e+00,2.436317850408275199e+00
5.617999999999999972e+01,3.998302487358910806e+00,3.896995288583736006e+00,2.442317850408274982e+00
5.620000000000000284e+01,3.998302487358910806e+00,3.896995288583736006e+00,2.448317850408274765e+00
5.621999999999999886e+01,3.998302487358910806e+00,3.896995288583736006e+00,2.454317850408274548e+00
5.624000000000000199e+01,3.998302487358910806e+00,3.896995288583736006e+00,2.460317850408274332e+00
5.625999999999999801e+01,3.998302487358910806e+00,3.896995288583736006e+00,2.466317850408274115e+00
5.628000000000000114e+01,3.998302487358910806e+00,3.896995288583736006e+00,2.472317850408273898e+00
5.629999999999999716e+01,3.998302487358910806e+00,3.896995288583736006e+00,2.478317850408273681e+00
5.632000000000000028e+01,3.998302487358910806e+00,3.896995288583736006e+00,2.484317850408273465e+00
5.634000000000000341e+01,3.998302487358910806e+00,3.896995288583736006e+00,2.490317850408273248e+00
5.635999999999999943e+01,3.998302487358910806e+00,3.896995288583736006e+00,2.496317850408273031e+00
5.638000000000000256e+01,3.998302487358910806e+00,3.896995288583736006e+00,2.502317850408272815e+00
5.639999999999999858e+01,3.998302487358910806e+00,3.896995288583736006e+00,2.508317850408272598e+00
5.642000000000000171e+01,3.998302487358910806e+00,3.896995288583736006e+00,2.514317850408272381e+00
5.643999999999999773e+01,3.998302487358910806e+00,3.896995288583736006e+00,2.520317850408272164e+00
5.646000000000000085e+01,3.998302487358910806e+00,3.896995288583736006e+00,2.526317850408271948e+00
5.647999999999999687e+01,3.998302487358910806e+00,3.896995288583736006e+00,2.532317850408271731e+00
5.650000000000000000e+01,3.998302487358910806e+00,3.896995288583736006e+00,2.538317850408271514e+00
5.652000000000000313e+01,3.998302487358910806e+00,3.896995288583736006e+00,2.544317850408271298e+00
5.653999999999999915e+01,3.998302487358910806e+00,3.896995288583736006e+00,2.550317850408271081e+00
5.656000000000000227e+01,3.998302487358910806e+00,3.896995288583736006e+00,2.556317850408270864e+00
5.657999999999999829e+01,3.998302487358910806e+00,3.896995288583736006e+00,2.562317850408270647e+00
5.660000000000000142e+01,3.998302487358910806e+00,3.896995288583736006e+00,2.568317850408270431e+00
5.661999999999999744e+01,3.998302487358910806e+00,3.896995288583736006e+00,2.574317850408270214e+00
5.664000000000000057e+01,3.998302487358910806e+00,3.896995288583736006e+00,2.580317850408269997e+00
5.665999999999999659e+01,3.998302487358910806e+00,3.896995288583736006e+00,2.586317850408269781e+00
5.667999999999999972e+01,3.998302487358910806e+00,3.896995288583736006e+00,2.592317850408269564e+00
5.670000000000000284e+01,3.998302487358910806e+00,3.896995288583736006e+00,2.598317850408269347e+00
5.671999999999999886e+01,3.998302487358910806e+00,3.896995288583736006e+00,2.604317850408269130e+00
5.674000000000000199e+01,3.998302487358910806e+00,3.896995288583736006e+00,2.610317850408268914e+00
5.675999999999999801e+01,3.998302487358910806e+00,3.896995288583736006e+00,2.616317850408268697e+00
5.678000000000000114e+01,3.998302487358910806e+00,3.896995288583736006e+00,2.622317850408268480e+00
5.679999999999999716e+01,3.998302487358910806e+00,3.896995288583736006e+00,2.628317850408268264e+00
5.682000000000000028e+01,3.998302487358910806e+00,3.896995288583736006e+00,2.634317850408268047e+00
5.684000000000000341e+01,3.998302487358910806e+00,3.896995288583736006e+00,2.640317850408267830e+00
5.685999999999999943e+01,3.998302487358910806e+00,3.896995288583736006e+00,2.646317850408267613e+00
5.688000000000000256e+01,3.998302487358910806e+00,3.896995288583736006e+00,2.652317850408267397e+00
5.689999999999999858e+01,3.998302487358910806e+00,3.896995288583736006e+00,2.658317850408267180e+00
5.692000000000000171e+01,3.998302487358910806e+00,3.896995288583736006e+00,2.664317850408266963e+00
5.693999999999999773e+01,3.998302487358910806e+00,3.896995288583736006e+00,2.670317850408266747e+00
5.696000000000000085e+01,3.998302487358910806e+00,3.896995288583736006e+00,2.676317850408266530e+00
5.697999999999999687e+01,3.998302487358910806e+00,3.896995288583736006e+00,2.682317850408266313e+00
5.700000000000000000e+01,3.998302487358910806e+00,3.896995288583736006e+00,2.688317850408266096e+00
5.702000000000000313e+01,3.998302487358910806e+00,3.896995288583736006e+00,2.694317850408265880e+00
5.703999999999999915e+01,3.998302487358910806e+00,3.896995288583736006e+00,2.700317850408265663e+00
5.706000000000000227e+01,3.998302487358910806e+00,3.896995288583736006e+00,2.706317850408265446e+00
5.707999999999999829e+01,3.998302487358910806e+00,3.896995288583736006e+00,2.712317850408265230e+00
5.710000000000000142e+01,3.998302487358910806e+00,3.896995288583736006e+00,2.718317850408265013e+00
5.711999999999999744e+01,3.998302487358910806e+00,3.896995288583736006e+00,2.724317850408264796e+00
5.714000000000000057e+01,3.998302487358910806e+00,3.896995288583736006e+00,2.730317850408264579e+00
5.715999999999999659e+01,3.998302487358910806e+00,3.896995288583736006e+00,2.736317850408264363e+00
5.717999999999999972e+01,3.998302487358910806e+00,3.896995288583736006e+00,2.742317850408264146e+00
5.720000000000000284e+01,3.998302487358910806e+00,3.896995288583736006e+00,2.748317850408263929e+00
5.721999999999999886e+01,3.998302487358910806e+00,3.896995288583736006e+00,2.754317850408263713e+00
5.724000000000000199e+01,3.998302487358910806e+00,3.896995288583736006e+00,2.760317850408263496e+00
5.725999999999999801e+01,3.998302487358910806e+00,3.896995288583736006e+00,2.766317850408263279e+00
5.728000000000000114e+01,3.998302487358910806e+00,3.896995288583736006e+00,2.772317850408263062e+00
5.729999999999999716e+01,3.998302487358910806e+00,3.896995288583736006e+00,2.778317850408262846e+00
5.732000000000000028e+01,3.998302487358910806e+00,3.896995288583736006e+00,2.784317850408262629e+00
5.734000000000000341e+01,3.998302487358910806e+00,3.896995288583736006e+00,2.790317850408262412e+00
5.735999999999999943e+01,3.998302487358910806e+00,3.896995288583736006e+00,2.796317850408262196e+00
5.738000000000000256e+01,3.998302487358910806e+00,3.896995288583736006e+00,2.802317850408261979e+00
5.739999999999999858e+01,3.998302487358910806e+00,3.896995288583736006e+00,2.808317850408261762e+00
5.742000000000000171e+01,3.998302487358910806e+00,3.896995288583736006e+00,2.814317850408261545e+00
5.743999999999999773e+01,3.998302487358910806e+00,3.896995288583736006e+00,2.820317850408261329e+00
5.746000000000000085e+01,3.998302487358910806e+00,3.896995288583736006e+00,2.826317850408261112e+00
5.747999999999999687e+01,3.998302487358910806e+00,3.896995288583736006e+00,2.832317850408260895e+00
5.750000000000000000e+01,3.998302487358910806e+00,3.896995288583736006e+00,2.838317850408260679e+00
5.752000000000000313e+01,3.998302487358910806e+00,3.896995288583736006e+00,2.844317850408260462e+00
5.753999999999999915e+01,3.998302487358910806e+00,3.896995288583736006e+00,2.849868218198305492e+00
5.756000000000000227e+01,3.998302487358910806e+00,3.896995288583736006e+00,2.855418585988350522e+00
5.757999999999999829e+01,3.998302487358910806e+00,3.896995288583736006e+00,2.860968953778395552e+00
5.760000000000000142e+01,3.998302487358910806e+00,3.896995288583736006e+00,2.866519321568440581e+00
5.761999999999999744e+01,3.998302487358910806e+00,3.896995288583736006e+00,2.872069689358485611e+00
5.764000000000000057e+01,3.998302487358910806e+00,3.896995288583736006e+00,2.877056027725326981e+00
5.765999999999999659e+01,3.998302487358910806e+00,3.896995288583736006e+00,2.882042366092168351e+00
5.767999999999999972e+01,3.998302487358910806e+00,3.896995288583736006e+00,2.887028704459009720e+00
5.770000000000000284e+01,3.998302487358910806e+00,3.896995288583736006e+00,2.892015042825851090e+00
5.771999999999999886e+01,3.998302487358910806e+00,3.896995288583736006e+00,2.897001381192692460e+00
5.774000000000000199e+01,3.998302487358910806e+00,3.896995288583736006e+00,2.901477805134385690e+00
5.775999999999999801e+01,3.998302487358910806e+00,3.896995288583736006e+00,2.905954229076078921e+00
5.778000000000000114e+01,3.998302487358910806e+00,3.896995288583736006e+00,2.910430653017772151e+00
5.779999999999999716e+01,3.998302487358910806e+00,3.896995288583736006e+00,2.914907076959465382e+00
5.782000000000000028e+01,3.998302487358910806e+00,3.896995288583736006e+00,2.919383500901158612e+00
5.784000000000000341e+01,3.998302487358910806e+00,3.896995288583736006e+00,2.923402084160179548e+00
5.785999999999999943e+01,3.998302487358910806e+00,3.896995288583736006e+00,2.927420667419200484e+00
5.788000000000000256e+01,3.998302487358910806e+00,3.896995288583736006e+00,2.931439250678221420e+00
5.789999999999999858e+01,3.998302487358910806e+00,3.896995288583736006e+00,2.935457833937242356e+00
5.792000000000000171e+01,3.998302487358910806e+00,3.896995288583736006e+00,2.939476417196263291e+00
5.793999999999999773e+01,3.994382471663405987e+00,3.897791190332867473e+00,2.943083985315728679e+00
5.796000000000000085e+01,3.990459610212940600e+00,3.898572945209877627e+00,2.946691553435194066e+00
5.797999999999999687e+01,3.986533954061727059e+00,3.899340543040591633e+00,2.950299121554659454e+00
5.800000000000000000e+01,3.982605554300349571e+00,3.900093973835081496e+00,2.953906689674124841e+00
5.802000000000000313e+01,3.978674462055098893e+00,3.900833227787796620e+00,2.957514257793590229e+00
5.803999999999999915e+01,3.974740857014415152e+00,3.901558994473630193e+00,2.960766370391603619e+00
5.806000000000000227e+01,3.970804912504259931e+00,3.902271964817568328e+00,2.964018482989617009e+00
5.807999999999999829e+01,3.966866670152075613e+00,3.902972131279074386e+00,2.967270595587630400e+00
5.810000000000000142e+01,3.962926171609607362e+00,3.903659486453029182e+00,2.970522708185643790e+00
5.811999999999999744e+01,3.958983458552462587e+00,3.904334023069808701e+00,2.973774820783657180e+00
5.814000000000000057e+01,3.955038677230870992e+00,3.904996358964166525e+00,2.976710106465862538e+00
5.815999999999999659e+01,3.951091968760916284e+00,3.905647112961710299e+00,2.979645392148067895e+00
5.817999999999999972e+01,3.947143367147027515e+00,3.906286279455611687e+00,2.982580677830273252e+00
5.820000000000000284e+01,3.943192906409944687e+00,3.906913852938878495e+00,2.985515963512478610e+00
5.821999999999999886e+01,3.939240620586426544e+00,3.907529828004403072e+00,2.988451249194683967e+00
5.824000000000000199e+01,3.935286629871062480e+00,3.908134764416864471e+00,2.991100734768599612e+00
5.825999999999999801e+01,3.931331050265327587e+00,3.908729222676965431e+00,2.993750220342515256e+00
5.828000000000000114e+01,3.927373909536480134e+00,3.909313198611745754e+00,2.996399705916430900e+00
5.829999999999999716e+01,3.923415235462736295e+00,3.909886688121829490e+00,2.999049191490346544e+00
5.832000000000000028e+01,3.919455055833076518e+00,3.910449687181452028e+00,3.001698677064262188e+00
5.834000000000000341e+01,3.915493469510080704e+00,3.911002702713956225e+00,3.004090265472693755e+00
5.835999999999999943e+01,3.911530571932336109e+00,3.911546242190024003e+00,3.006481853881125321e+00
5.838000000000000256e+01,3.907566385766397588e+00,3.912080302500776874e+00,3.008873442289556888e+00
5.839999999999999858e+01,3.903600933686190988e+00,3.912604880591553425e+00,3.011265030697988454e+00
5.842000000000000171e+01,3.899634238372882145e+00,3.913119973461928858e+00,3.013656619106420020e+00
5.843999999999999773e+01,3.895666381200669992e+00,3.913626039906860310e+00,3.015815479684990308e+00
5.846000000000000085e+01,3.891697440748858927e+00,3.914123539128708806e+00,3.017974340263560595e+00
5.847999999999999687e+01,3.887727435515399232e+00,3.914612468808791323e+00,3.020133200842130883e+00
5.850000000000000000e+01,3.883756384003203888e+00,3.915092826668364445e+00,3.022292061420701170e+00
5.852000000000000313e+01,3.879784304720061971e+00,3.915564610468635465e+00,3.024450921999271458e+00
5.853999999999999915e+01,3.875811264699444258e+00,3.916028235242138056e+00,3.026399760953238705e+00
5.856000000000000227e+01,3.871837328694127667e+00,3.916484116324967069e+00,3.028348599907205951e+00
5.857999999999999829e+01,3.867862511797009795e+00,3.916932251985698610e+00,3.030297438861173198e+00
5.860000000000000142e+01,3.863886829104334009e+00,3.917372640522326144e+00,3.032246277815140445e+00
5.861999999999999744e+01,3.859910295715632600e+00,3.917805280262266265e+00,3.034195116769107692e+00
5.864000000000000057e+01,3.855932966901097103e+00,3.918230546501472844e+00,3.035954419090138856e+00
5.865999999999999659e+01,3.851954896070268308e+00,3.918648814762344390e+00,3.037713721411170020e+00
5.867999999999999972e+01,3.847976095535847740e+00,3.919060083750280032e+00,3.039473023732201185e+00
5.870000000000000284e+01,3.843996577612795562e+00,3.919464352192342904e+00,3.041232326053232349e+00
5.871999999999999886e+01,3.840016354618291938e+00,3.919861618837264583e+00,3.042991628374263513e+00
5.874000000000000199e+01,3.836035472169526894e+00,3.920252222940852072e+00,3.044579875824980242e+00
5.875999999999999801e+01,3.832053974365997373e+00,3.920636503928041972e+00,3.046168123275696971e+00
5.878000000000000114e+01,3.828071871251149005e+00,3.921014460829474135e+00,3.047756370726413699e+00
5.879999999999999716e+01,3.824089172869953757e+00,3.921386092691740544e+00,3.049344618177130428e+00
5.882000000000000028e+01,3.820105889268885946e+00,3.921751398577389303e+00,3.050932865627847157e+00
5.884000000000000341e+01,3.816122058139880480e+00,3.922110685084606363e+00,3.052366733225321482e+00
5.885999999999999943e+01,3.812137715937101046e+00,3.922464258938068937e+00,3.053800600822795808e+00
5.888000000000000256e+01,3.808152870852259397e+00,3.922812119410838072e+00,3.055234468420270133e+00
5.889999999999999858e+01,3.804167531078101128e+00,3.923154265787720529e+00,3.056668336017744458e+00
5.892000000000000171e+01,3.800181704808388794e+00,3.923490697365271451e+00,3.058102203615218784e+00
5.893999999999999773e+01,3.796195423224490550e+00,3.923821691171025972e+00,3.059396736756519353e+00
5.896000000000000085e+01,3.792208716498397525e+00,3.924147524327258552e+00,3.060691269897819922e+00
5.897999999999999687e+01,3.788221591311096148e+00,3.924468196287932642e+00,3.061985803039120491e+00
5.900000000000000000e+01,3.784234054344274067e+00,3.924783706515661219e+00,3.063280336180421060e+00
5.902000000000000313e+01,3.780246112280308601e+00,3.925094054481707229e+00,3.064574869321721629e+00
5.903999999999999915e+01,3.776257790948549520e+00,3.925399490454154705e+00,3.065743643475226321e+00
5.906000000000000227e+01,3.772269115355290747e+00,3.925700264772157055e+00,3.066912417628731014e+00
5.907999999999999829e+01,3.768280090949194250e+00,3.925996377024846939e+00,3.068081191782235706e+00
5.910000000000000142e+01,3.764290723179398057e+00,3.926287826807725256e+00,3.069249965935740398e+00
5.911999999999999744e+01,3.760301017495510045e+00,3.926574613722662477e+00,3.070418740089245091e+00
5.914000000000000057e+01,3.756310995323908664e+00,3.926856963833954772e+00,3.071474004780471390e+00
5.915999999999999659e+01,3.752320677419870965e+00,3.927135103259303595e+00,3.072529269471697688e+00
5.917999999999999972e+01,3.748330068226948697e+00,3.927409031688977592e+00,3.073584534162923987e+00
5.920000000000000284e+01,3.744339172189018683e+00,3.927678748817933663e+00,3.074639798854150285e+00
5.921999999999999886e+01,3.740347993750276601e+00,3.927944254345820507e+00,3.075695063545376584e+00
5.924000000000000199e+01,3.736356550711809721e+00,3.928205752453290955e+00,3.076647872191846211e+00
5.925999999999999801e+01,3.732364860327527012e+00,3.928463447361198124e+00,3.077600680838315839e+00
5.928000000000000114e+01,3.728372926221261707e+00,3.928717338835595374e+00,3.078553489484785466e+00
5.929999999999999716e+01,3.724380752017068197e+00,3.928967426645988414e+00,3.079506298131255093e+00
5.932000000000000028e+01,3.720388341339218918e+00,3.929213710565337081e+00,3.080459106777724720e+00
5.934000000000000341e+01,3.716395709001039993e+00,3.929456374994625634e+00,3.081319433771362082e+00
5.935999999999999943e+01,3.712402869369726410e+00,3.929695604365156303e+00,3.082179760764999443e+00
5.938000000000000256e+01,3.708409825400627913e+00,3.929931398499860062e+00,3.083040087758636805e+00
5.939999999999999858e+01,3.704416580049246122e+00,3.930163757224211629e+00,3.083900414752274166e+00
5.942000000000000171e+01,3.700423136271231428e+00,3.930392680366226799e+00,3.084760741745911528e+00
5.943999999999999773e+01,3.696429506415039867e+00,3.930618334453450213e+00,3.085537588041660673e+00
5.946000000000000085e+01,3.692435702465382441e+00,3.930840886036335746e+00,3.086314434337409818e+00
5.947999999999999687e+01,3.688441726832480061e+00,3.931060334980575277e+00,3.087091280633158963e+00
5.950000000000000000e+01,3.684447581926658000e+00,3.931276681153732966e+00,3.087868126928908108e+00
5.952000000000000313e+01,3.680453270158343226e+00,3.931489924425247029e+00,3.088644973224657253e+00
5.953999999999999915e+01,3.676458801840225998e+00,3.931700215175026880e+00,3.089346461568530877e+00
5.956000000000000227e+01,3.672464186988421808e+00,3.931907703800330722e+00,3.090047949912404501e+00
5.957999999999999829e+01,3.668469427568624042e+00,3.932112390199057117e+00,3.090749438256278125e+00
5.960000000000000142e+01,3.664474525546597583e+00,3.932314274270481746e+00,3.091450926600151750e+00
5.961999999999999744e+01,3.660479482888177483e+00,3.932513355915260966e+00,3.092152414944025374e+00
5.964000000000000057e+01,3.656484308222653024e+00,3.932709770927210968e+00,3.092785875761130843e+00
5.965999999999999659e+01,3.652489009937499809e+00,3.932903655113314301e+00,3.093419336578236312e+00
5.967999999999999972e+01,3.648493589635921630e+00,3.933095008395770531e+00,3.094052797395341781e+00
5.970000000000000284e+01,3.644498048921171129e+00,3.933283830697793970e+00,3.094686258212447250e+00
5.971999999999999886e+01,3.640502389396549798e+00,3.933470121943617226e+00,3.095319719029552719e+00
5.974000000000000199e+01,3.636506618297497884e+00,3.933654004753196265e+00,3.095891767891386870e+00
5.975999999999999801e+01,3.632510742662287573e+00,3.933835601756503486e+00,3.096463816753221021e+00
5.978000000000000114e+01,3.628514763798528886e+00,3.934014912894113536e+00,3.097035865615055172e+00
5.979999999999999716e+01,3.624518683013865594e+00,3.934191938107348907e+00,3.097607914476889324e+00
5.982000000000000028e+01,3.620522501615974331e+00,3.934366677338279494e+00,3.098179963338723475e+00
5.984000000000000341e+01,3.616526225684571383e+00,3.934539241309714885e+00,3.098696570837983444e+00
5.985999999999999943e+01,3.612529861138600307e+00,3.934709740752099449e+00,3.099213178337243413e+00
5.988000000000000256e+01,3.608533409044623941e+00,3.934878175619929586e+00,3.099729785836503382e+00
5.989999999999999858e+01,3.604536870469229104e+00,3.935044545868253252e+00,3.100246393335763351e+00
5.992000000000000171e+01,3.600540246479024820e+00,3.935208851452669077e+00,3.100763000835023320e+00
5.993999999999999773e+01,3.596543542193998189e+00,3.935371192352670189e+00,3.101229555614274602e+00
5.996000000000000085e+01,3.592546762603039401e+00,3.935531668553585050e+00,3.101696110393525885e+00
5.997999999999999687e+01,3.588549908576141423e+00,3.935690280020482490e+00,3.102162665172777167e+00
6.000000000000000000e+01,3.584552980983312320e+00,3.935847026718835462e+00,3.102629219952028450e+00
6.002000000000000313e+01,3.580555980694577034e+00,3.936001908614526368e+00,3.103095774731279732e+00
6.003999999999999915e+01,3.576558912031671422e+00,3.936155015986248173e+00,3.103517140338108327e+00
6.006000000000000227e+01,3.572561779209424859e+00,3.936306439117164491e+00,3.103938505944936921e+00
6.007999999999999829e+01,3.568564582937524321e+00,3.936456177980391047e+00,3.104359871551765515e+00
6.010000000000000142e+01,3.564567323925667441e+00,3.936604232549342441e+00,3.104781237158594109e+00
6.011999999999999744e+01,3.560570002883563845e+00,3.936750602797730370e+00,3.105202602765422704e+00
6.014000000000000057e+01,3.556572623467865846e+00,3.936895370245199643e+00,3.105583168940337480e+00
6.015999999999999659e+01,3.552575189248047050e+00,3.937038616414828773e+00,3.105963735115252256e+00
6.017999999999999972e+01,3.548577700803058121e+00,3.937180341285870799e+00,3.106344301290167031e+00
6.020000000000000284e+01,3.544580158711857720e+00,3.937320544837799030e+00,3.106724867465081807e+00
6.021999999999999886e+01,3.540582563553412498e+00,3.937459227050309707e+00,3.107105433639996583e+00
6.024000000000000199e+01,3.536584918429241498e+00,3.937596461534579984e+00,3.107449162583582947e+00
6.025999999999999801e+01,3.532587226369767297e+00,3.937732321904434674e+00,3.107792891527169310e+00
6.028000000000000114e+01,3.528589487847315187e+00,3.937866808143822617e+00,3.108136620470755673e+00
6.029999999999999716e+01,3.524591703334216675e+00,3.937999920236853857e+00,3.108480349414342037e+00
6.032000000000000028e+01,3.520593873302808152e+00,3.938131658167800975e+00,3.108824078357928400e+00
6.034000000000000341e+01,3.516596000390363574e+00,3.938262088407524786e+00,3.109134546469928928e+00
6.035999999999999943e+01,3.512598087176167727e+00,3.938391277428926696e+00,3.109445014581929456e+00
6.038000000000000256e+01,3.508600134045581243e+00,3.938519225219555331e+00,3.109755482693929984e+00
6.039999999999999858e+01,3.504602141383968750e+00,3.938645931767077890e+00,3.110065950805930513e+00
6.042000000000000171e+01,3.500604109576698431e+00,3.938771397059278812e+00,3.110376418917931041e+00
6.043999999999999773e+01,3.496606040872023868e+00,3.938895681120326397e+00,3.110656854452431563e+00
6.046000000000000085e+01,3.492607937470895152e+00,3.939018843975967687e+00,3.110937289986932086e+00
6.047999999999999687e+01,3.488609799687738988e+00,3.939140885616514431e+00,3.111217725521432609e+00
6.050000000000000000e+01,3.484611627836985637e+00,3.939261806032373414e+00,3.111498161055933132e+00
6.052000000000000313e+01,3.480613422233067578e+00,3.939381605214030913e+00,3.111778596590433654e+00
6.053999999999999915e+01,3.476615184797557490e+00,3.939500337365245297e+00,3.112031913627637980e+00
6.056000000000000227e+01,3.472616917413453130e+00,3.939618056690998849e+00,3.112285230664842306e+00
6.057999999999999829e+01,3.468618620337321712e+00,3.939734763183739386e+00,3.112538547702046632e+00
6.060000000000000142e+01,3.464620293825732222e+00,3.939850456835977344e+00,3.112791864739250958e+00
6.061999999999999744e+01,3.460621938135255427e+00,3.939965137640288440e+00,3.113045181776455284e+00
6.064000000000000057e+01,3.456623554912544805e+00,3.940078854545464360e+00,3.113274010872150388e+00
6.065999999999999659e+01,3.452625145772781234e+00,3.940191656501254247e+00,3.113502839967845492e+00
6.067999999999999972e+01,3.448626710925331906e+00,3.940303543501752603e+00,3.113731669063540597e+00
6.070000000000000284e+01,3.444628250579566231e+00,3.940414515541098339e+00,3.113960498159235701e+00
6.071999999999999886e+01,3.440629764944854507e+00,3.940524572613479215e+00,3.114189327254930806e+00
6.074000000000000199e+01,3.436631255435947274e+00,3.940633758923222540e+00,3.114396043093262012e+00
6.075999999999999801e+01,3.432632723441931599e+00,3.940742118675394146e+00,3.114602758931593218e+00
6.078000000000000114e+01,3.428634169133670806e+00,3.940849651865361736e+00,3.114809474769924424e+00
6.079999999999999716e+01,3.424635592682028662e+00,3.940956358488532540e+00,3.115016190608255631e+00
6.082000000000000028e+01,3.420636994257869823e+00,3.941062238540347540e+00,3.115222906446586837e+00
6.084000000000000341e+01,3.416638375079886103e+00,3.941167331941521468e+00,3.115409652789762340e+00
6.085999999999999943e+01,3.412639736345818520e+00,3.941271678613357476e+00,3.115596399132937844e+00
6.088000000000000256e+01,3.408641078195116414e+00,3.941375278552218919e+00,3.115783145476113347e+00
6.089999999999999858e+01,3.404642400767229571e+00,3.941478131754489134e+00,3.115969891819288851e+00
6.092000000000000171e+01,3.400643704201608664e+00,3.941580238216584320e+00,3.116156638162464354e+00
6.093999999999999773e+01,3.396644989550765992e+00,3.941681633991671152e+00,3.116325350362183499e+00
6.096000000000000085e+01,3.392646257850128411e+00,3.941782355133371052e+00,3.116494062561902645e+00
6.097999999999999687e+01,3.388647509213515097e+00,3.941882401638819644e+00,3.116662774761621790e+00
6.100000000000000000e+01,3.384648743754745670e+00,3.941981773505171649e+00,3.116831486961340936e+00
6.102000000000000313e+01,3.380649961587640195e+00,3.942080470729592445e+00,3.117000199161060081e+00
6.103999999999999915e+01,3.376651163623526575e+00,3.942178525873297090e+00,3.117152624470452604e+00
6.106000000000000227e+01,3.372652350759780315e+00,3.942275971497843035e+00,3.117305049779845127e+00
6.107999999999999829e+01,3.368653523089307544e+00,3.942372807600975193e+00,3.117457475089237651e+00
6.110000000000000142e+01,3.364654680705015277e+00,3.942469034180438925e+00,3.117609900398630174e+00
6.111999999999999744e+01,3.360655823699810529e+00,3.942564651233999129e+00,3.117762325708022697e+00
6.114000000000000057e+01,3.356656952864744969e+00,3.942659688169964927e+00,3.117900041609459993e+00
6.115999999999999659e+01,3.352658068979502470e+00,3.942754174396929656e+00,3.118037757510897290e+00
6.117999999999999972e+01,3.348659172119925032e+00,3.942848109913100529e+00,3.118175473412334586e+00
6.120000000000000284e+01,3.344660262361854208e+00,3.942941494716697637e+00,3.118313189313771883e+00
6.121999999999999886e+01,3.340661339781132000e+00,3.943034328805950395e+00,3.118450905215209179e+00
6.124000000000000199e+01,3.336662405066105119e+00,3.943126638742350032e+00,3.118575335958208683e+00
6.125999999999999801e+01,3.332663458895841924e+00,3.943218451087620036e+00,3.118699766701208187e+00
6.128000000000000114e+01,3.328664501332258219e+00,3.943309765840336656e+00,3.118824197444207691e+00
6.129999999999999716e+01,3.324665532437270254e+00,3.943400582999086357e+00,3.118948628187207195e+00
6.132000000000000028e+01,3.320666552272793393e+00,3.943490902562463152e+00,3.119073058930206699e+00
6.134000000000000341e+01,3.316667561439243794e+00,3.943580748521465118e+00,3.119185490454606580e+00
6.135999999999999943e+01,3.312668560529451245e+00,3.943670144867263527e+00,3.119297921979006460e+00
6.138000000000000256e+01,3.308669549593966863e+00,3.943759091598733058e+00,3.119410353503406341e+00
6.139999999999999858e+01,3.304670528683341324e+00,3.943847588714743502e+00,3.119522785027806222e+00
6.142000000000000171e+01,3.300671497848125746e+00,3.943935636214177531e+00,3.119635216552206103e+00
6.143999999999999773e+01,3.296672457613238905e+00,3.944023255766976988e+00,3.119736809954603451e+00
6.146000000000000085e+01,3.292673408497420962e+00,3.944110469043216494e+00,3.119838403357000800e+00
6.147999999999999687e+01,3.288674350541946900e+00,3.944197276042008315e+00,3.119939996759398149e+00
6.150000000000000000e+01,3.284675283788092148e+00,3.944283676762443402e+00,3.120041590161795497e+00
6.152000000000000313e+01,3.280676208277132133e+00,3.944369671203638461e+00,3.120143183564192846e+00
6.153999999999999915e+01,3.276677124469016267e+00,3.944455278939653642e+00,3.120234987250147807e+00
6.156000000000000227e+01,3.272678032818646443e+00,3.944540519544681878e+00,3.120326790936102768e+00
6.157999999999999829e+01,3.268678933359726813e+00,3.944625393017992643e+00,3.120418594622057729e+00
6.160000000000000142e+01,3.264679826125961526e+00,3.944709899358874949e+00,3.120510398308012689e+00
6.161999999999999744e+01,3.260680711151054734e+00,3.944794038566622252e+00,3.120602201993967650e+00
6.164000000000000057e+01,3.256681588838905572e+00,3.944877828322709945e+00,3.120685162644511124e+00
6.165999999999999659e+01,3.252682459589265829e+00,3.944961286308725779e+00,3.120768123295054597e+00
6.167999999999999972e+01,3.248683323429659264e+00,3.945044412524086663e+00,3.120851083945598070e+00
6.170000000000000284e+01,3.244684180387609640e+00,3.945127206968225053e+00,3.120934044596141543e+00
6.171999999999999886e+01,3.240685030490641161e+00,3.945209669640573402e+00,3.121017005246685017e+00
6.174000000000000199e+01,3.236685874094138438e+00,3.945291816513562644e+00,3.121091977715068744e+00
6.175999999999999801e+01,3.232686711550121217e+00,3.945373663559692545e+00,3.121166950183452471e+00
6.178000000000000114e+01,3.228687542881068406e+00,3.945455210778500810e+00,3.121241922651836198e+00
6.179999999999999716e+01,3.224688368109458914e+00,3.945536458169537575e+00,3.121316895120219925e+00
6.182000000000000028e+01,3.220689187257771202e+00,3.945617405732340544e+00,3.121391867588603652e+00
6.184000000000000341e+01,3.216690000639310654e+00,3.945698067895977434e+00,3.121459623831869923e+00
6.185999999999999943e+01,3.212690808564664824e+00,3.945778459089569701e+00,3.121527380075136193e+00
6.188000000000000256e+01,3.208691611052193693e+00,3.945858579312743863e+00,3.121595136318402464e+00
6.189999999999999858e+01,3.204692408120257241e+00,3.945938428565139322e+00,3.121662892561668734e+00
6.192000000000000171e+01,3.200693199787215448e+00,3.946018006846382598e+00,3.121730648804935004e+00
6.193999999999999773e+01,3.196693986329829151e+00,3.946097327191753656e+00,3.121791885944642519e+00
6.196000000000000085e+01,3.192694768022590335e+00,3.946176402636585756e+00,3.121853123084350035e+00
6.197999999999999687e+01,3.188695544880495891e+00,3.946255233180581357e+00,3.121914360224057550e+00
6.200000000000000000e+01,3.184696316918543157e+00,3.946333818823435813e+00,3.121975597363765065e+00
6.202000000000000313e+01,3.180697084151728582e+00,3.946412159564866684e+00,3.122036834503472580e+00
6.203999999999999915e+01,3.176697846824926508e+00,3.946490267181422595e+00,3.122092182100677071e+00
6.206000000000000227e+01,3.172698605181181186e+00,3.946568153449669936e+00,3.122147529697881563e+00
6.207999999999999829e+01,3.168699359232743706e+00,3.946645818369391989e+00,3.122202877295086054e+00
6.210000000000000142e+01,3.164700108991865157e+00,3.946723261940340066e+00,3.122258224892290546e+00
6.211999999999999744e+01,3.160700854470796628e+00,3.946800484162273470e+00,3.122313572489495037e+00
6.214000000000000057e+01,3.156701595886570733e+00,3.946877495674943503e+00,3.122363599110744126e+00
6.215999999999999659e+01,3.152702333454723505e+00,3.946954307118126781e+00,3.122413625731993214e+00
6.217999999999999972e+01,3.148703067185263382e+00,3.947030918491627460e+00,3.122463652353242303e+00
6.220000000000000284e+01,3.144703797088199693e+00,3.947107329795250585e+00,3.122513678974491391e+00
6.221999999999999886e+01,3.140704523173541318e+00,3.947183541028800757e+00,3.122563705595740480e+00
6.224000000000000199e+01,3.136705245633936823e+00,3.947259561805328776e+00,3.122608924739335379e+00
6.225999999999999801e+01,3.132705964660826403e+00,3.947335401737861460e+00,3.122654143882930278e+00
6.228000000000000114e+01,3.128706680262388407e+00,3.947411060826261586e+00,3.122699363026525177e+00
6.229999999999999716e+01,3.124707392446799847e+00,3.947486539070371947e+00,3.122744582170120076e+00
6.232000000000000028e+01,3.120708101222238628e+00,3.947561836470025121e+00,3.122789801313714975e+00
6.234000000000000341e+01,3.116708806759971750e+00,3.947636961710948800e+00,3.122830676758709068e+00
6.235999999999999943e+01,3.112709509230267901e+00,3.947711923478878671e+00,3.122871552203703160e+00
6.238000000000000256e+01,3.108710208639809736e+00,3.947786721773673069e+00,3.122912427648697253e+00
6.239999999999999858e+01,3.104710904995278575e+00,3.947861356595201876e+00,3.122953303093691346e+00
6.242000000000000171e+01,3.100711598303357075e+00,3.947935827943367393e+00,3.122994178538685439e+00
6.243999999999999773e+01,3.096712288716493955e+00,3.948010143666291327e+00,3.123031129172979092e+00
6.246000000000000085e+01,3.092712976386348345e+00,3.948084311612143349e+00,3.123068079807272746e+00
6.247999999999999687e+01,3.088713661318379433e+00,3.948158331780815544e+00,3.123105030441566399e+00
6.250000000000000000e+01,3.084714343518049073e+00,3.948232204172199999e+00,3.123141981075860052e+00
6.252000000000000313e+01,3.080715022990817342e+00,3.948305928786212338e+00,3.123178931710153705e+00
6.253999999999999915e+01,3.076715699872581311e+00,3.948379512714462081e+00,3.123212335888528646e+00
6.256000000000000227e+01,3.072716374298565700e+00,3.948452963048564524e+00,3.123245740066903586e+00
6.257999999999999829e+01,3.068717046273233162e+00,3.948526279788426407e+00,3.123279144245278527e+00
6.260000000000000142e+01,3.064717715801046793e+00,3.948599462933994442e+00,3.123312548423653467e+00
6.261999999999999744e+01,3.060718382886468358e+00,3.948672512485175812e+00,3.123345952602028408e+00
6.264000000000000057e+01,3.056719047650788834e+00,3.948745434850223113e+00,3.123376152079994306e+00
6.265999999999999659e+01,3.052719710214715665e+00,3.948818236437387164e+00,3.123406351557960203e+00
6.267999999999999972e+01,3.048720370581896599e+00,3.948890917246623555e+00,3.123436551035926101e+00
6.270000000000000284e+01,3.044721028755978498e+00,3.948963477277859013e+00,3.123466750513891999e+00
6.271999999999999886e+01,3.040721684740608666e+00,3.949035916531034918e+00,3.123496949991857896e+00
6.274000000000000199e+01,3.036722338644123553e+00,3.949108240797106539e+00,3.123524253476696266e+00
6.275999999999999801e+01,3.032722990574424848e+00,3.949180455867056683e+00,3.123551556961534637e+00
6.278000000000000114e+01,3.028723640534493278e+00,3.949252561740852485e+00,3.123578860446373007e+00
6.279999999999999716e+01,3.024724288527311344e+00,3.949324558418428666e+00,3.123606163931211377e+00
6.282000000000000028e+01,3.020724934555860219e+00,3.949396445899720387e+00,3.123633467416049747e+00
6.284000000000000341e+01,3.016725578717014411e+00,3.949468229418111598e+00,3.123658153772393309e+00
6.285999999999999943e+01,3.012726221107313584e+00,3.949539914206944502e+00,3.123682840128736871e+00
6.288000000000000256e+01,3.008726861729194901e+00,3.949611500266201780e+00,3.123707526485080432e+00
6.289999999999999858e+01,3.004727500585096411e+00,3.949682987595828809e+00,3.123732212841423994e+00
6.292000000000000171e+01,3.000728137677454832e+00,3.949754376195771854e+00,3.123756899197767556e+00
6.293999999999999773e+01,2.996728773093003895e+00,3.949825670795665822e+00,3.123779220341405427e+00
6.296000000000000085e+01,2.992729406918172241e+00,3.949896876125150502e+00,3.123801541485043298e+00
6.297999999999999687e+01,2.988730039154952500e+00,3.949967992184206356e+00,3.123823862628681169e+00
6.300000000000000000e+01,2.984730669805337744e+00,3.950039018972773430e+00,3.123846183772319041e+00
6.302000000000000313e+01,2.980731298871319712e+00,3.950109956490811758e+00,3.123868504915956912e+00
6.303999999999999915e+01,2.976731926430586483e+00,3.950180809012917571e+00,3.123888688426262661e+00
6.306000000000000227e+01,2.972732552560615193e+00,3.950251580813624486e+00,3.123908871936568410e+00
6.307999999999999829e+01,2.968733177263035206e+00,3.950322271892910742e+00,3.123929055446874159e+00
6.310000000000000142e+01,2.964733800539475883e+00,3.950392882250754134e+00,3.123949238957179908e+00
6.311999999999999744e+01,2.960734422391566145e+00,3.950463411887110254e+00,3.123969422467485657e+00
6.314000000000000057e+01,2.956735042889037768e+00,3.950533864665436212e+00,3.123987673945892940e+00
6.315999999999999659e+01,2.952735662101309444e+00,3.950604244449147373e+00,3.124005925424300223e+00
6.317999999999999972e+01,2.948736280029711221e+00,3.950674551238268162e+00,3.124024176902707506e+00
6.320000000000000284e+01,2.944736896675576254e+00,3.950744785032701323e+00,3.124042428381114789e+00
6.321999999999999886e+01,2.940737512040236812e+00,3.950814945832495262e+00,3.124060679859522072e+00
6.324000000000000199e+01,2.936738126186126063e+00,3.950885037129599375e+00,3.124077185058798722e+00
6.325999999999999801e+01,2.932738739175687837e+00,3.950955062416040775e+00,3.124093690258075373e+00
6.328000000000000114e+01,2.928739351010014591e+00,3.951025021691792372e+00,3.124110195457352024e+00
6.329999999999999716e+01,2.924739961690193013e+00,3.951094914956854609e+00,3.124126700656628675e+00
6.332000000000000028e+01,2.920740571217314230e+00,3.951164742211173309e+00,3.124143205855905325e+00
6.334000000000000341e+01,2.916741179647539095e+00,3.951234506611166264e+00,3.124158132602551152e+00
6.335999999999999943e+01,2.912741787036854824e+00,3.951304211313245052e+00,3.124173059349196979e+00
6.338000000000000256e+01,2.908742393386150926e+00,3.951373856317409672e+00,3.124187986095842806e+00
6.339999999999999858e+01,2.904742998696319578e+00,3.951443441623600616e+00,3.124202912842488633e+00
6.342000000000000171e+01,2.900743602968251178e+00,3.951512967231847195e+00,3.124217839589134460e+00
6.343999999999999773e+01,2.896744206252394260e+00,3.951582435995330211e+00,3.124231339519058182e+00
6.346000000000000085e+01,2.892744808599078787e+00,3.951651850767252672e+00,3.124244839448981903e+00
6.347999999999999687e+01,2.888745410009033510e+00,3.951721211547548407e+00,3.124258339378905625e+00
6.350000000000000000e+01,2.884746010482986289e+00,3.951790518336250280e+00,3.124271839308829346e+00
6.352000000000000313e+01,2.880746610021666765e+00,3.951859771133325872e+00,3.124285339238753068e+00
6.353999999999999915e+01,2.876747208670513700e+00,3.951928972517977368e+00,3.124297549364408066e+00
6.356000000000000227e+01,2.872747806474702070e+00,3.951998125069466905e+00,3.124309759490063065e+00
6.357999999999999829e+01,2.868748403434826955e+00,3.952067228787722097e+00,3.124321969615718064e+00
6.360000000000000142e+01,2.864748999551484321e+00,3.952136283672778916e+00,3.124334179741373063e+00
6.361999999999999744e+01,2.860749594825271025e+00,3.952205289724564974e+00,3.124346389867028062e+00
6.364000000000000057e+01,2.856750189296912268e+00,3.952274249274831064e+00,3.124357433992416055e+00
6.365999999999999659e+01,2.852750783007198976e+00,3.952343164655088170e+00,3.124368478117804049e+00
6.367999999999999972e+01,2.848751375956620091e+00,3.952412035865457085e+00,3.124379522243192042e+00
6.370000000000000284e+01,2.844751968145661447e+00,3.952480862905817016e+00,3.124390566368580036e+00
6.371999999999999886e+01,2.840752559574813318e+00,3.952549645776248344e+00,3.124401610493968029e+00
6.374000000000000199e+01,2.836753150280760583e+00,3.952618386584634713e+00,3.124411600492315699e+00
6.375999999999999801e+01,2.832753740300186340e+00,3.952687087438899738e+00,3.124421590490663370e+00
6.378000000000000114e+01,2.828754329633490716e+00,3.952755748339087383e+00,3.124431580489011040e+00
6.379999999999999716e+01,2.824754918281072502e+00,3.952824369285198092e+00,3.124441570487358710e+00
6.382000000000000028e+01,2.820755506243330490e+00,3.952892950277142603e+00,3.124451560485706381e+00
6.384000000000000341e+01,2.816756093553444806e+00,3.952961493220782163e+00,3.124460597453181609e+00
6.385999999999999943e+01,2.812756680244302476e+00,3.953030000021808821e+00,3.124469634420656838e+00
6.388000000000000256e+01,2.808757266316228574e+00,3.953098470680320276e+00,3.124478671388132067e+00
6.389999999999999858e+01,2.804757851769552168e+00,3.953166905196218828e+00,3.124487708355607296e+00
6.392000000000000171e+01,2.800758436604598778e+00,3.953235303569552883e+00,3.124496745323082525e+00
6.393999999999999773e+01,2.796759020850968724e+00,3.953303667523351272e+00,3.124504920620606363e+00
6.396000000000000085e+01,2.792759604538575413e+00,3.953371998780770724e+00,3.124513095918130201e+00
6.397999999999999687e+01,2.788760187667689294e+00,3.953440297341757059e+00,3.124521271215654039e+00
6.400000000000000000e+01,2.784760770238572825e+00,3.953508563206310278e+00,3.124529446513177877e+00
6.401999999999999602e+01,2.780761352251498231e+00,3.953576796374484559e+00,3.124537621810701715e+00
6.404000000000000625e+01,2.776761933733413290e+00,3.953644998404139077e+00,3.124545018004737607e+00
6.406000000000000227e+01,2.772762514711001547e+00,3.953713170853340397e+00,3.124552414198773498e+00
6.407999999999999829e+01,2.768763095184484158e+00,3.953781313722088964e+00,3.124559810392809389e+00
6.409999999999999432e+01,2.764763675154075173e+00,3.953849427010324380e+00,3.124567206586845280e+00
6.412000000000000455e+01,2.760764254619997971e+00,3.953917510718047090e+00,3.124574602780881172e+00
6.414000000000000057e+01,2.756764833606428322e+00,3.953985566254103468e+00,3.124581294493030903e+00
6.415999999999999659e+01,2.752765412137539336e+00,3.954053595027125834e+00,3.124587986205180634e+00
6.418000000000000682e+01,2.748765990213510868e+00,3.954121597037180358e+00,3.124594677917330365e+00
6.420000000000000284e+01,2.744766567834523663e+00,3.954189572284267040e+00,3.124601369629480097e+00
6.421999999999999886e+01,2.740767145000754024e+00,3.954257520768386325e+00,3.124608061341629828e+00
6.423999999999999488e+01,2.736767721734127967e+00,3.954325443763404557e+00,3.124614116015890453e+00
6.426000000000000512e+01,2.732768298056325929e+00,3.954393342543146783e+00,3.124620170690151078e+00
6.428000000000000114e+01,2.728768873967490016e+00,3.954461217107759552e+00,3.124626225364411702e+00
6.429999999999999716e+01,2.724769449467769000e+00,3.954529067457096314e+00,3.124632280038672327e+00
6.431999999999999318e+01,2.720770024557312095e+00,3.954596893591303619e+00,3.124638334712932952e+00
6.434000000000000341e+01,2.716770599236261852e+00,3.954664695510234917e+00,3.124644389387193577e+00
6.435999999999999943e+01,2.712771173524144874e+00,3.954732474365954431e+00,3.124649867982887130e+00
6.437999999999999545e+01,2.708771747440757771e+00,3.954800231310386049e+00,3.124655346578580684e+00
6.440000000000000568e+01,2.704772320986216894e+00,3.954867966343692309e+00,3.124660825174274237e+00
6.442000000000000171e+01,2.700772894160641258e+00,3.954935679465629406e+00,3.124666303769967790e+00
6.443999999999999773e+01,2.696773466982322454e+00,3.955003371741373286e+00,3.124671249806358020e+00
6.445999999999999375e+01,2.692774039469244318e+00,3.955071044235809019e+00,3.124676195842748250e+00
6.448000000000000398e+01,2.688774611621502331e+00,3.955138696948846899e+00,3.124681141879138480e+00
6.450000000000000000e+01,2.684775183439197743e+00,3.955206329880666338e+00,3.124686087915528709e+00
6.451999999999999602e+01,2.680775754922426035e+00,3.955273943031087924e+00,3.124691033951918939e+00
6.454000000000000625e+01,2.676776326086894642e+00,3.955341537340777869e+00,3.124695509660028403e+00
6.456000000000000227e+01,2.672776896948869219e+00,3.955409113750203431e+00,3.124699985368137867e+00
6.457999999999999829e+01,2.668777467508433254e+00,3.955476672259265580e+00,3.124704461076247330e+00
6.459999999999999432e+01,2.664778037765667573e+00,3.955544212868063347e+00,3.124708936784356794e+00
6.462000000000000455e+01,2.660778607720646338e+00,3.955611735576695764e+00,3.124713412492466258e+00
6.464000000000000057e+01,2.656779177388110647e+00,3.955679241235112276e+00,3.124717463067249401e+00
6.465999999999999659e+01,2.652779746782173209e+00,3.955746730693479929e+00,3.124721513642032544e+00
6.468000000000000682e+01,2.648780315902896199e+00,3.955814203951908414e+00,3.124725564216815688e+00
6.470000000000000284e+01,2.644780884750347560e+00,3.955881661010287598e+00,3.124729614791598831e+00
6.471999999999999886e+01,2.640781453324589467e+00,3.955949101868727613e+00,3.124733665366381974e+00
6.473999999999999488e+01,2.636782021638621298e+00,3.956016527296088547e+00,3.124737331418279584e+00
6.476000000000000512e+01,2.632782589705498832e+00,3.956083938061323746e+00,3.124740997470177195e+00
6.478000000000000114e+01,2.628783157525267367e+00,3.956151334164554445e+00,3.124744663522074806e+00
6.479999999999999716e+01,2.624783725097987297e+00,3.956218715605538172e+00,3.124748329573972416e+00
6.481999999999999318e+01,2.620784292423708361e+00,3.956286082384396163e+00,3.124751995625870027e+00
6.484000000000000341e+01,2.616784859513913819e+00,3.956353435196604984e+00,3.124755313863117667e+00
6.485999999999999943e+01,2.612785426380651810e+00,3.956420774737813062e+00,3.124758632100365308e+00
6.487999999999999545e+01,2.608785993023959637e+00,3.956488101008019953e+00,3.124761950337612948e+00
6.490000000000000568e+01,2.604786559443883931e+00,3.956555414007091986e+00,3.124765268574860588e+00
6.492000000000000171e+01,2.600787125640470432e+00,3.956622713735029162e+00,3.124768586812108229e+00
6.493999999999999773e+01,2.596787691624697025e+00,3.956690000821154740e+00,3.124771590422005474e+00
6.495999999999999375e+01,2.592788257406842156e+00,3.956757275894467352e+00,3.124774594031902719e+00
6.498000000000000398e+01,2.588788822986929361e+00,3.956824538955114878e+00,3.124777597641799964e+00
6.500000000000000000e+01,2.584789388365009266e+00,3.956891790002949438e+00,3.124780601251697210e+00
6.501999999999999602e+01,2.580789953541105408e+00,3.956959029038118469e+00,3.124783604861594455e+00
6.504000000000000625e+01,2.576790518524681772e+00,3.957026256629716965e+00,3.124786323849692682e+00
6.506000000000000227e+01,2.572791083325478123e+00,3.957093473346716905e+00,3.124789042837790909e+00
6.507999999999999829e+01,2.568791647943529988e+00,3.957160679189445140e+00,3.124791761825889136e+00
6.509999999999999432e+01,2.564792212378867564e+00,3.957227874157738245e+00,3.124794480813987363e+00
6.512000000000000455e+01,2.560792776631511725e+00,3.957295058251759645e+00,3.124797199802085590e+00
6.514000000000000057e+01,2.556793340709897500e+00,3.957362231986108370e+00,3.124799661298477194e+00
6.515999999999999659e+01,2.552793904622939092e+00,3.957429395875788902e+00,3.124802122794868797e+00
6.518000000000000682e+01,2.548794468370676025e+00,3.957496549920981099e+00,3.124804584291260401e+00
6.520000000000000284e+01,2.544795031953119846e+00,3.957563694121685405e+00,3.124807045787652005e+00
6.521999999999999886e+01,2.540795595370304305e+00,3.957630828477540774e+00,3.124809507284043608e+00
6.523999999999999488e+01,2.536796158630143072e+00,3.957697953454748951e+00,3.124811735820061109e+00
6.526000000000000512e+01,2.532796721740395718e+00,3.957765069519229684e+00,3.124813964356078611e+00
6.528000000000000114e+01,2.528797284701093329e+00,3.957832176670584623e+00,3.124816192892096112e+00
6.529999999999999716e+01,2.524797847512248339e+00,3.957899274909212117e+00,3.124818421428113613e+00
6.531999999999999318e+01,2.520798410173879400e+00,3.957966364234912771e+00,3.124820649964131114e+00
6.534000000000000341e+01,2.516798972692820158e+00,3.958033445069185419e+00,3.124822667722320091e+00
6.535999999999999943e+01,2.512799535076418955e+00,3.958100517833623488e+00,3.124824685480509068e+00
6.537999999999999545e+01,2.508800097324682898e+00,3.958167582528007156e+00,3.124826703238698045e+00
6.540000000000000568e+01,2.504800659437639521e+00,3.958234639152776069e+00,3.124828720996887021e+00
6.542000000000000171e+01,2.500801221415295483e+00,3.958301687707490135e+00,3.124830738755075998e+00
6.543999999999999773e+01,2.496801783264515517e+00,3.958368728573622430e+00,3.124832565795044648e+00
6.545999999999999375e+01,2.492802344991253527e+00,3.958435762132739288e+00,3.124834392835013297e+00
6.548000000000000398e+01,2.488802906595517062e+00,3.958502788384597348e+00,3.124836219874981946e+00
6.550000000000000000e+01,2.484803468077336763e+00,3.958569807329196610e+00,3.124838046914950596e+00
6.551999999999999602e+01,2.480804029436712632e+00,3.958636818967022908e+00,3.124839873954919245e+00
6.554000000000000625e+01,2.476804590679707374e+00,3.958703823642460318e+00,3.124841528417380498e+00
6.556000000000000227e+01,2.472805151811853452e+00,3.958770821701368625e+00,3.124843182879841752e+00
6.557999999999999829e+01,2.468805712833159305e+00,3.958837813142942696e+00,3.124844837342303006e+00
6.559999999999999432e+01,2.464806273743632925e+00,3.958904797967718991e+00,3.124846491804764259e+00
6.562000000000000455e+01,2.460806834543283195e+00,3.958971776175697954e+00,3.124848146267225513e+00
6.564000000000000057e+01,2.456807395237130098e+00,3.959038748079094283e+00,3.124849644558366890e+00
6.565999999999999659e+01,2.452807955830637265e+00,3.959105713989933051e+00,3.124851142849508268e+00
6.568000000000000682e+01,2.448808516323823348e+00,3.959172673908807116e+00,3.124852641140649645e+00
6.570000000000000284e+01,2.444809076716679019e+00,3.959239627835124065e+00,3.124854139431791022e+00
6.571999999999999886e+01,2.440809637009222932e+00,3.959306575769179659e+00,3.124855637722932400e+00
6.573999999999999488e+01,2.436810197201463968e+00,3.959373517710678136e+00,3.124857136014073777e+00
6.576000000000000512e+01,2.432810757298597082e+00,3.959440453942733917e+00,3.124858492972136581e+00
6.578000000000000114e+01,2.428811317304902850e+00,3.959507384747701142e+00,3.124859849930199385e+00
6.579999999999999716e+01,2.424811877220391931e+00,3.959574310125579810e+00,3.124861206888262188e+00
6.581999999999999318e+01,2.420812437045063881e+00,3.959641230076043072e+00,3.124862563846324992e+00
6.584000000000000341e+01,2.416812996782236933e+00,3.959708144861282086e+00,3.124863790049145162e+00
6.585999999999999943e+01,2.412813556437356954e+00,3.959775054742428857e+00,3.124865016251965333e+00
6.587999999999999545e+01,2.408814116010446149e+00,3.959841959719483384e+00,3.124866242454785503e+00
6.590000000000000568e+01,2.404814675501493415e+00,3.959908859792083291e+00,3.124867468657605674e+00
6.592000000000000171e+01,2.400815234910510299e+00,3.959975754960952887e+00,3.124868694860425844e+00
6.593999999999999773e+01,2.396815794242583841e+00,3.960042645456648192e+00,3.124869805494943531e+00
6.595999999999999375e+01,2.392816353500372362e+00,3.960109531509990344e+00,3.124870916129461218e+00
6.598000000000000398e+01,2.388816912683888294e+00,3.960176413121778705e+00,3.124872026763978905e+00
6.600000000000000000e+01,2.384817471793106769e+00,3.960243290292013274e+00,3.124873137398496592e+00
6.601999999999999602e+01,2.380818030828065535e+00,3.960310163019894247e+00,3.124874248033014279e+00
6.604000000000000625e+01,2.376818589792422109e+00,3.960377031514841661e+00,3.124875254122542856e+00
6.606000000000000227e+01,2.372819148689506275e+00,3.960443895986416329e+00,3.124876260212071433e+00
6.607999999999999829e+01,2.368819707519318030e+00,3.960510756433735402e+00,3.124877266301600010e+00
6.609999999999999432e+01,2.364820266281871142e+00,3.960577612857681729e+00,3.124878272391128586e+00
6.612000000000000455e+01,2.360820824977151844e+00,3.960644465257372460e+00,3.124879278480657163e+00
6.614000000000000057e+01,2.356821383607501819e+00,3.960711313822794732e+00,3.124880189936661168e+00
6.615999999999999659e+01,2.352821942176917425e+00,3.960778158742757959e+00,3.124881101392665173e+00
6.618000000000000682e+01,2.348822500685413761e+00,3.960845000017749307e+00,3.124882012848669177e+00
6.620000000000000284e+01,2.344823059132991272e+00,3.960911837646794442e+00,3.124882924304673182e+00
6.621999999999999886e+01,2.340823617519634414e+00,3.960978671631355308e+00,3.124883835760677186e+00
6.623999999999999488e+01,2.336824175848551288e+00,3.961045502141311125e+00,3.124884661548342102e+00
6.626000000000000512e+01,2.332824734122262100e+00,3.961112329348781547e+00,3.124885487336007017e+00
6.628000000000000114e+01,2.328825292340800601e+00,3.961179153253228780e+00,3.124886313123671933e+00
6.629999999999999716e+01,2.324825850504149471e+00,3.961245973855190172e+00,3.124887138911336848e+00
6.631999999999999318e+01,2.320826408615614511e+00,3.961312791309937520e+00,3.124887887141544418e+00
6.634000000000000341e+01,2.316826966677075550e+00,3.961379605771565782e+00,3.124888635371751988e+00
6.635999999999999943e+01,2.312827524688550795e+00,3.961446417241262452e+00,3.124889383601959558e+00
6.637999999999999545e+01,2.308828082650040692e+00,3.961513225718433784e+00,3.124890131832167128e+00
6.640000000000000568e+01,2.304828640561526587e+00,3.961580031202486474e+00,3.124890880062374698e+00
6.642000000000000171e+01,2.300829198423045785e+00,3.961646833694607128e+00,3.124891628292582269e+00
6.643999999999999773e+01,2.296829756234672448e+00,3.961713633331244377e+00,3.124892307866996788e+00
6.645999999999999375e+01,2.292830314000902536e+00,3.961780430250052998e+00,3.124892987441411307e+00
6.648000000000000398e+01,2.288830871721736049e+00,3.961847224451032545e+00,3.124893667015825827e+00
6.650000000000000000e+01,2.284831429397193858e+00,3.961914015934183020e+00,3.124894346590240346e+00
6.651999999999999602e+01,2.280831987027255092e+00,3.961980804698851166e+00,3.124895026164654865e+00
6.654000000000000625e+01,2.276832544615304155e+00,3.962047590873415182e+00,3.124895642048058697e+00
6.656000000000000227e+01,2.272833102162230112e+00,3.962114374584836174e+00,3.124896257931462529e+00
6.657999999999999829e+01,2.268833659668032965e+00,3.962181155833114587e+00,3.124896873814866360e+00
6.659999999999999432e+01,2.264834217132690508e+00,3.962247934618250422e+00,3.124897489698270192e+00
6.662000000000000455e+01,2.260834774556247595e+00,3.962314710939522477e+00,3.124898105581674024e+00
6.664000000000000057e+01,2.256835331941861700e+00,3.962381484913293228e+00,3.124898663758807427e+00
6.665999999999999659e+01,2.252835889290206506e+00,3.962448256655388246e+00,3.124899221935940830e+00
6.668000000000000682e+01,2.248836446601282013e+00,3.962515026164216803e+00,3.124899780113074232e+00
6.670000000000000284e+01,2.244837003875088222e+00,3.962581793441369626e+00,3.124900338290207635e+00
6.671999999999999886e+01,2.240837561111650444e+00,3.962648558485255990e+00,3.124900896467341038e+00
6.673999999999999488e+01,2.236838118312037604e+00,3.962715321401546920e+00,3.124901402387064042e+00
6.676000000000000512e+01,2.232838675478630019e+00,3.962782082294541208e+00,3.124901908306787046e+00
6.678000000000000114e+01,2.228839232611482313e+00,3.962848841164238856e+00,3.124902414226510050e+00
6.679999999999999716e+01,2.224839789710539861e+00,3.962915598010639862e+00,3.124902920146233054e+00
6.681999999999999318e+01,2.220840346775830199e+00,3.962982352833744670e+00,3.124903426065956058e+00
6.684000000000000341e+01,2.216840903807228536e+00,3.963049105727218802e+00,3.124903884660024556e+00
6.685999999999999943e+01,2.212841460808002036e+00,3.963115856787566393e+00,3.124904343254093053e+00
6.687999999999999545e+01,2.208842017778150701e+00,3.963182606013819331e+00,3.124904801848161551e+00
6.690000000000000568e+01,2.204842574717705173e+00,3.963249353405009057e+00,3.124905260442230048e+00
6.692000000000000171e+01,2.200843131626665006e+00,3.963316098963072687e+00,3.124905719036298546e+00
6.693999999999999773e+01,2.196843688507681414e+00,3.963382842772439574e+00,3.124906134768056010e+00
6.695999999999999375e+01,2.192844245360957789e+00,3.963449584918601776e+00,3.124906550499813473e+00
6.698000000000000398e+01,2.188844802186494132e+00,3.963516325402627771e+00,3.124906966231570937e+00
6.700000000000000000e+01,2.184845358984290442e+00,3.963583064223449526e+00,3.124907381963328401e+00
6.701999999999999602e+01,2.180845915754346276e+00,3.963649801382135074e+00,3.124907797695085865e+00
6.704000000000000625e+01,2.176846472496628770e+00,3.963716536877615937e+00,3.124908213426843329e+00
6.706000000000000227e+01,2.172847029214389991e+00,3.963783270788108215e+00,3.124908590335930825e+00
6.707999999999999829e+01,2.168847585907002884e+00,3.963850003191631721e+00,3.124908967245018321e+00
6.709999999999999432e+01,2.164848142574467893e+00,3.963916734087008731e+00,3.124909344154105817e+00
6.712000000000000455e+01,2.160848699216785018e+00,3.963983463475417413e+00,3.124909721063193313e+00
6.714000000000000057e+01,2.156849255834964563e+00,3.964050191429147496e+00,3.124910062024507162e+00
6.715999999999999659e+01,2.152849812430350784e+00,3.964116918017897451e+00,3.124910402985821012e+00
6.718000000000000682e+01,2.148850369003025396e+00,3.964183643242969346e+00,3.124910743947134861e+00
6.720000000000000284e+01,2.144850925552947540e+00,3.964250367105665696e+00,3.124911084908448711e+00
6.721999999999999886e+01,2.140851482080117218e+00,3.964317089603381916e+00,3.124911425869762560e+00
6.723999999999999488e+01,2.136852038583602731e+00,3.964383810801615837e+00,3.124911735029926252e+00
6.726000000000000512e+01,2.132852595066484280e+00,3.964450530763077296e+00,3.124912044190089944e+00
6.728000000000000114e+01,2.128853151528717014e+00,3.964517249489202477e+00,3.124912353350253635e+00
6.729999999999999716e+01,2.124853707970345784e+00,3.964583966977118568e+00,3.124912662510417327e+00
6.731999999999999318e+01,2.120854264391325739e+00,3.964650683229698824e+00,3.124912971670581019e+00
6.734000000000000341e+01,2.116854820792054337e+00,3.964717398302870066e+00,3.124913252037374356e+00
6.735999999999999943e+01,2.112855377174023275e+00,3.964784112254599258e+00,3.124913532404167693e+00
6.737999999999999545e+01,2.108855933537281402e+00,3.964850825086470021e+00,3.124913812770961030e+00
6.740000000000000568e+01,2.104856489881878456e+00,3.964917536795314668e+00,3.124914093137754367e+00
6.742000000000000171e+01,2.100857046207765144e+00,3.964984247384300886e+00,3.124914373504547704e+00
6.743999999999999773e+01,2.096857602519223374e+00,3.965050956901924106e+00,3.124914627784318721e+00
6.745999999999999375e+01,2.092858158813708069e+00,3.965117665404854552e+00,3.124914882064089738e+00
6.748000000000000398e+01,2.088858715091273854e+00,3.965184372889599462e+00,3.124915136343860755e+00
6.750000000000000000e+01,2.084859271351866106e+00,3.965251079357904995e+00,3.124915390623631772e+00
6.751999999999999602e+01,2.080859827595485267e+00,3.965317784808024992e+00,3.124915644903402789e+00
6.754000000000000625e+01,2.076860383818873945e+00,3.965384489290164183e+00,3.124915875545968724e+00
6.756000000000000227e+01,2.072860940026919341e+00,3.965451192848090667e+00,3.124916106188534659e+00
6.757999999999999829e+01,2.068861496219561058e+00,3.965517895485655142e+00,3.124916336831100594e+00
6.759999999999999432e+01,2.064862052396859493e+00,3.965584597199006467e+00,3.124916567473666529e+00
6.762000000000000455e+01,2.060862608558754250e+00,3.965651297991996227e+00,3.124916798116232464e+00
6.764000000000000057e+01,2.056863164705969194e+00,3.965717997902638459e+00,3.124917007339649722e+00
6.765999999999999659e+01,2.052863720839321005e+00,3.965784696979114621e+00,3.124917216563066980e+00
6.768000000000000682e+01,2.048864276958610731e+00,3.965851395217179665e+00,3.124917425786484237e+00
6.770000000000000284e+01,2.044864833064037768e+00,3.965918092618956337e+00,3.124917635009901495e+00
6.771999999999999886e+01,2.040865389155468890e+00,3.965984789184444193e+00,3.124917844233318753e+00
6.773999999999999488e+01,2.036865945234408670e+00,3.966051484950821937e+00,3.124918034045992332e+00
6.776000000000000512e+01,2.032866501300699902e+00,3.966118179959163381e+00,3.124918223858665911e+00
6.778000000000000114e+01,2.028867057354342585e+00,3.966184874207128619e+00,3.124918413671339490e+00
6.779999999999999716e+01,2.024867613395263888e+00,3.966251567697057556e+00,3.124918603484013069e+00
6.781999999999999318e+01,2.020868169423609473e+00,3.966318260426610731e+00,3.124918793296686648e+00
6.784000000000000341e+01,2.016868725443941024e+00,3.966384952433532618e+00,3.124918965517256897e+00
6.785999999999999943e+01,2.012869281452749348e+00,3.966451643751966571e+00,3.124919137737827146e+00
6.787999999999999545e+01,2.008869837450115270e+00,3.966518334379333766e+00,3.124919309958397395e+00
6.790000000000000568e+01,2.004870393435957965e+00,3.966585024320791408e+00,3.124919482178967645e+00
6.792000000000000171e+01,2.000870949410357813e+00,3.966651713571182292e+00,3.124919654399537894e+00
6.793999999999999773e+01,1.996871505373234656e+00,3.966718402133084798e+00,3.124919826620108143e+00
6.795999999999999375e+01,1.992872061315807741e+00,3.966785090038019490e+00,3.124919982895522530e+00
6.798000000000000398e+01,1.988872617259268782e+00,3.966851777320619998e+00,3.124920139170936473e+00
6.800000000000000000e+01,1.984873173192339912e+00,3.966918463975202869e+00,3.124920295446350416e+00
6.801999999999999602e+01,1.980873729115020909e+00,3.966985150004609828e+00,3.124920451721764358e+00
6.804000000000000625e+01,1.976874285015783661e+00,3.967051835440629670e+00,3.124920593222405785e+00
6.806000000000000227e+01,1.972874840907033134e+00,3.967118520308594576e+00,3.124920734723047211e+00
6.807999999999999829e+01,1.968875396788965393e+00,3.967185204611642924e+00,3.124920876223688637e+00
6.809999999999999432e+01,1.964875952661384151e+00,3.967251888349774713e+00,3.124921017724330063e+00
6.812000000000000455e+01,1.960876508524387773e+00,3.967318571522989945e+00,3.124921159224971490e+00
6.814000000000000057e+01,1.956877064391106869e+00,3.967385254152083096e+00,3.124921287645432422e+00
6.815999999999999659e+01,1.952877620249180879e+00,3.967451936269379420e+00,3.124921416065893354e+00
6.818000000000000682e+01,1.948878176098717718e+00,3.967518617874878473e+00,3.124921544486354286e+00
6.820000000000000284e+01,1.944878731939717387e+00,3.967585298965122576e+00,3.124921672906815218e+00
6.821999999999999886e+01,1.940879287772071748e+00,3.967651979543569851e+00,3.124921801327276150e+00
6.823999999999999488e+01,1.936879843584819794e+00,3.967718659630538713e+00,3.124921917896059664e+00
6.826000000000000512e+01,1.932880399389710346e+00,3.967785339252727361e+00,3.124922034464843179e+00
6.828000000000000114e+01,1.928880955186862423e+00,3.967852018406325953e+00,3.124922151033626694e+00
6.829999999999999716e+01,1.924881510976157006e+00,3.967918697095144331e+00,3.124922267602410209e+00
6.831999999999999318e+01,1.920882066757832352e+00,3.967985375319182051e+00,3.124922384171193723e+00
6.834000000000000341e+01,1.916882622535102776e+00,3.968052053093240161e+00,3.124922489994318653e+00
6.835999999999999943e+01,1.912883178305422760e+00,3.968118730447645959e+00,3.124922595817443582e+00
6.837999999999999545e+01,1.908883734068661076e+00,3.968185407382399443e+00,3.124922701640568512e+00
6.840000000000000568e+01,1.904884289824817722e+00,3.968252083889107329e+00,3.124922807463693442e+00
6.842000000000000171e+01,1.900884845574023929e+00,3.968318759971966703e+00,3.124922913286818371e+00
6.843999999999999773e+01,1.896885401324674758e+00,3.968385435654732341e+00,3.124923009366058491e+00
6.845999999999999375e+01,1.892885957068970226e+00,3.968452110949240552e+00,3.124923105445298610e+00
6.848000000000000398e+01,1.888886512806910334e+00,3.968518785864735499e+00,3.124923201524538730e+00
6.850000000000000000e+01,1.884887068538350530e+00,3.968585460391972575e+00,3.124923297603778849e+00
6.851999999999999602e+01,1.880887624263435365e+00,3.968652134535574305e+00,3.124923393683018968e+00
6.854000000000000625e+01,1.876888179977358018e+00,3.968718808312634572e+00,3.124923480925959396e+00
6.856000000000000227e+01,1.872888735685394934e+00,3.968785481743557053e+00,3.124923568168899823e+00
6.857999999999999829e+01,1.868889291387705320e+00,3.968852154823251599e+00,3.124923655411840251e+00
6.859999999999999432e+01,1.864889847084130192e+00,3.968918827551718209e+00,3.124923742654780678e+00
6.862000000000000455e+01,1.860890402774669328e+00,3.968985499934047478e+00,3.124923829897721106e+00
6.864000000000000057e+01,1.856890958465798214e+00,3.969052171983769473e+00,3.124923909126668509e+00
6.865999999999999659e+01,1.852891514151496999e+00,3.969118843713998590e+00,3.124923988355615911e+00
6.868000000000000682e+01,1.848892069831941098e+00,3.969185515130339681e+00,3.124924067584563314e+00
6.870000000000000284e+01,1.844892625507130290e+00,3.969252186227187895e+00,3.124924146813510717e+00
6.871999999999999886e+01,1.840893181177064797e+00,3.969318857004543233e+00,3.124924226042458120e+00
6.873999999999999488e+01,1.836893736841744396e+00,3.969385527473616282e+00,3.124924305271405522e+00
6.876000000000000512e+01,1.832894292492183608e+00,3.969452197634111279e+00,3.124924377231462547e+00
6.878000000000000114e+01,1.828894848137801343e+00,3.969518867510724913e+00,3.124924449191519571e+00
6.879999999999999716e+01,1.824895403778597824e+00,3.969585537097286121e+00,3.124924521151576595e+00
6.881999999999999318e+01,1.820895959414572829e+00,3.969652206393794902e+00,3.124924593111633619e+00
6.884000000000000341e+01,1.816896515051829697e+00,3.969718875414079751e+00,3.124924658331512006e+00
6.885999999999999943e+01,1.812897070684830858e+00,3.969785544182427461e+00,3.124924723551390393e+00
6.887999999999999545e+01,1.808897626313363372e+00,3.969852212685220039e+00,3.124924788771268780e+00
6.890000000000000568e+01,1.804898181937640178e+00,3.969918880922457483e+00,3.124924853991147167e+00
6.892000000000000171e+01,1.800898737557448559e+00,3.969985548907757789e+00,3.124924919211025554e+00
6.893999999999999773e+01,1.796899293177078416e+00,3.970052216635144848e+00,3.124924978459175051e+00
6.895999999999999375e+01,1.792899848792960604e+00,3.970118884130174219e+00,3.124925037707324549e+00
6.898000000000000398e+01,1.788900404404626610e+00,3.970185551392845902e+00,3.124925096955474046e+00
6.900000000000000000e+01,1.784900960012544946e+00,3.970252218408169220e+00,3.124925156203623544e+00
6.901999999999999602e+01,1.780901515616481356e+00,3.970318885198630188e+00,3.124925215451773042e+00
6.904000000000000625e+01,1.776902071202097533e+00,3.970385551752115827e+00,3.124925269285055762e+00
6.906000000000000227e+01,1.772902626784362390e+00,3.970452218099367769e+00,3.124925323118338483e+00
6.907999999999999829e+01,1.768903182362760340e+00,3.970518884223887657e+00,3.124925376951621203e+00
6.909999999999999432e+01,1.764903737937806971e+00,3.970585550133924446e+00,3.124925430784903924e+00
6.912000000000000455e+01,1.760904293509244489e+00,3.970652215829478582e+00,3.124925484618186644e+00
6.914000000000000057e+01,1.756904849091050380e+00,3.970718881327400585e+00,3.124925533538206235e+00
6.915999999999999659e+01,1.752905404669452105e+00,3.970785546616531825e+00,3.124925582458225826e+00
6.918000000000000682e+01,1.748905960244733437e+00,3.970852211724106073e+00,3.124925631378245416e+00
6.920000000000000284e+01,1.744906515816894155e+00,3.970918876622889115e+00,3.124925680298265007e+00
6.921999999999999886e+01,1.740907071385650706e+00,3.970985541331037094e+00,3.124925729218284598e+00
6.923999999999999488e+01,1.736907626962442608e+00,3.971052205858589534e+00,3.124925773679640084e+00
6.926000000000000512e+01,1.732908182536113006e+00,3.971118870196365780e+00,3.124925818140995570e+00
6.928000000000000114e+01,1.728908738106974319e+00,3.971185534364342740e+00,3.124925862602351057e+00
6.929999999999999716e+01,1.724909293675026545e+00,3.971252198352531959e+00,3.124925907063706543e+00
6.931999999999999318e+01,1.720909849239957268e+00,3.971318862160933438e+00,3.124925951525062029e+00
6.934000000000000341e+01,1.716910404801766710e+00,3.971385525799535632e+00,3.124925995986417515e+00
6.935999999999999943e+01,1.712910960337180821e+00,3.971452189259177423e+00,3.124926036401221463e+00
6.937999999999999545e+01,1.708911515869848019e+00,3.971518852564983160e+00,3.124926076816025411e+00
6.940000000000000568e+01,1.704912071400111362e+00,3.971585515705964742e+00,3.124926117230829359e+00
6.942000000000000171e+01,1.700912626927627791e+00,3.971652178682122170e+00,3.124926157645633307e+00
6.943999999999999773e+01,1.696913182459593550e+00,3.971718841507125397e+00,3.124926194305968963e+00
6.945999999999999375e+01,1.692913737988909428e+00,3.971785504186764904e+00,3.124926230966304619e+00
6.948000000000000398e+01,1.688914293516332599e+00,3.971852166708927712e+00,3.124926267626640275e+00
6.950000000000000000e+01,1.684914849041105889e+00,3.971918829097840664e+00,3.124926304286975931e+00
6.951999999999999602e+01,1.680915404563229298e+00,3.971985491329276474e+00,3.124926340947311587e+00
6.954000000000000625e+01,1.676915960083081414e+00,3.972052153427462873e+00,3.124926377607647243e+00
6.956000000000000227e+01,1.672916515614621291e+00,3.972118815370300648e+00,3.124926410939361521e+00
6.957999999999999829e+01,1.668917071143663167e+00,3.972185477193228564e+00,3.124926444271075798e+00
6.959999999999999432e+01,1.664917626671039486e+00,3.972252138882923500e+00,3.124926477602790076e+00
6.962000000000000455e+01,1.660918182195917803e+00,3.972318800426061891e+00,3.124926510934504353e+00
6.964000000000000057e+01,1.656918737687384846e+00,3.972385461854957445e+00,3.124926541178996153e+00
6.965999999999999659e+01,1.652919293176557725e+00,3.972452123151703152e+00,3.124926571423487953e+00
6.968000000000000682e+01,1.648919848664353927e+00,3.972518784345665743e+00,3.124926601667979753e+00
6.970000000000000284e+01,1.644920404149396997e+00,3.972585445407478488e+00,3.124926631912471553e+00
6.971999999999999886e+01,1.640920959633063614e+00,3.972652106337141387e+00,3.124926662156963353e+00
6.973999999999999488e+01,1.636921515124447168e+00,3.972718767170304588e+00,3.124926689663908963e+00
6.976000000000000512e+01,1.632922070614317267e+00,3.972785427874310660e+00,3.124926717170854573e+00
6.978000000000000114e+01,1.628922626102169202e+00,3.972852088481448884e+00,3.124926744677800183e+00
6.979999999999999716e+01,1.624923181588507681e+00,3.972918748975574843e+00,3.124926772184745793e+00
6.981999999999999318e+01,1.620923737072827997e+00,3.972985409372832954e+00,3.124926799691691404e+00
6.984000000000000341e+01,1.616924292555130371e+00,3.973052069640934381e+00,3.124926827198637014e+00
6.985999999999999943e+01,1.612924848055382610e+00,3.973118729817619155e+00,3.124926852220978990e+00
6.987999999999999545e+01,1.608925403553416400e+00,3.973185389887817998e+00,3.124926877243320966e+00
6.990000000000000568e+01,1.604925959050340856e+00,3.973252049851530465e+00,3.124926902265662942e+00
6.992000000000000171e+01,1.600926514545046864e+00,3.973318709708756558e+00,3.124926927288004919e+00
6.993999999999999773e+01,1.596927070057140741e+00,3.973385369501236664e+00,3.124926950004031312e+00
6.995999999999999375e+01,1.592927625568012706e+00,3.973452029176419487e+00,3.124926972720057705e+00
6.998000000000000398e+01,1.588928181077051915e+00,3.973518688773403973e+00,3.124926995436084098e+00
7.000000000000000000e+01,1.584928736584869213e+00,3.973585348272640427e+00,3.124927018152110492e+00
7.001999999999999602e+01,1.580929292090853755e+00,3.973652007674128850e+00,3.124927040868136885e+00
7.004000000000000625e+01,1.576929847605236468e+00,3.973718666993771631e+00,3.124927061538235407e+00
7.006000000000000227e+01,1.572930403118947718e+00,3.973785326248960637e+00,3.124927082208333928e+00
7.007999999999999829e+01,1.568930958630644801e+00,3.973851985396726683e+00,3.124927102878432450e+00
7.009999999999999432e+01,1.564931514140999180e+00,3.973918644480038953e+00,3.124927123548530972e+00
7.012000000000000455e+01,1.560932069650682097e+00,3.973985303455927820e+00,3.124927144218629493e+00
7.014000000000000057e+01,1.556932625158574002e+00,3.974051962377562752e+00,3.124927163031268051e+00
7.015999999999999659e+01,1.552933180665728052e+00,3.974118621228380110e+00,3.124927181843906610e+00
7.018000000000000682e+01,1.548933736171406839e+00,3.974185279984773889e+00,3.124927200656545168e+00
7.020000000000000284e+01,1.544934291676347993e+00,3.974251938670349649e+00,3.124927219469183726e+00
7.021999999999999886e+01,1.540934847179813660e+00,3.974318597285107835e+00,3.124927238281822284e+00
7.023999999999999488e+01,1.536935402671568029e+00,3.974385255832741048e+00,3.124927255406890758e+00
7.026000000000000512e+01,1.532935958162511936e+00,3.974451914302578270e+00,3.124927272531959233e+00
7.028000000000000114e+01,1.528936513651835138e+00,3.974518572694619056e+00,3.124927289657027707e+00
7.029999999999999716e+01,1.524937069140347878e+00,3.974585231034795552e+00,3.124927306782096181e+00
7.031999999999999318e+01,1.520937624627239915e+00,3.974651889297175611e+00,3.124927323907164656e+00
7.034000000000000341e+01,1.516938180114131951e+00,3.974718547507691380e+00,3.124927341032233130e+00
7.035999999999999943e+01,1.512938735563306381e+00,3.974785205641094166e+00,3.124927356623985020e+00
7.037999999999999545e+01,1.508939291011590633e+00,3.974851863689049747e+00,3.124927372215736909e+00
7.040000000000000568e+01,1.504939846459874886e+00,3.974918521708523222e+00,3.124927387807488799e+00
7.042000000000000171e+01,1.500940401906379007e+00,3.974985179642549493e+00,3.124927403399240688e+00
7.043999999999999773e+01,1.496940957336331035e+00,3.975051837551446976e+00,3.124927417566590648e+00
7.045999999999999375e+01,1.492941512765303624e+00,3.975118495366306348e+00,3.124927431733940608e+00
7.048000000000000398e+01,1.488942068194276214e+00,3.975185153149820128e+00,3.124927445901290568e+00
7.050000000000000000e+01,1.484942623621289703e+00,3.975251810870641833e+00,3.124927460068640528e+00
7.051999999999999602e+01,1.480943179047323532e+00,3.975318468528771465e+00,3.124927474235990488e+00
7.054000000000000625e+01,1.476943734444346568e+00,3.975385126142205294e+00,3.124927487139116167e+00
7.056000000000000227e+01,1.472944289839218657e+00,3.975451783686804408e+00,3.124927500042241846e+00
7.057999999999999829e+01,1.468944845234090746e+00,3.975518441196986608e+00,3.124927512945367525e+00
7.059999999999999432e+01,1.464945400627887251e+00,3.975585098638334536e+00,3.124927525848493204e+00
7.062000000000000455e+01,1.460945956020608172e+00,3.975651756045265106e+00,3.124927538751618883e+00
7.064000000000000057e+01,1.456946511445161407e+00,3.975718413395469497e+00,3.124927550506020335e+00
7.065999999999999659e+01,1.452947066867353199e+00,3.975785070707892999e+00,3.124927562260421787e+00
7.068000000000000682e+01,1.448947622289544990e+00,3.975851727944755165e+00,3.124927574014823239e+00
7.070000000000000284e+01,1.444948177711736781e+00,3.975918385181617332e+00,3.124927585769224692e+00
7.071999999999999886e+01,1.440948733131567350e+00,3.975985042342918163e+00,3.124927597523626144e+00
7.073999999999999488e+01,1.436949288510430245e+00,3.976051699424332675e+00,3.124927608234179921e+00
7.076000000000000512e+01,1.432949843887997510e+00,3.976118356505747187e+00,3.124927618944733698e+00
7.078000000000000114e+01,1.428950399265564775e+00,3.976185013545698865e+00,3.124927629655287475e+00
7.079999999999999716e+01,1.424950954641836187e+00,3.976251670544187711e+00,3.124927640365841253e+00
7.081999999999999318e+01,1.420951510018107600e+00,3.976318327501213723e+00,3.124927651076395030e+00
7.084000000000000341e+01,1.416952065405950867e+00,3.976384984401996281e+00,3.124927660837318211e+00
7.085999999999999943e+01,1.412952620792372382e+00,3.976451641257281899e+00,3.124927670598241392e+00
7.087999999999999545e+01,1.408953176178793898e+00,3.976518298067071022e+00,3.124927680359164572e+00
7.090000000000000568e+01,1.404953731565215413e+00,3.976584954876860145e+00,3.124927690120087753e+00
7.092000000000000171e+01,1.400954286950215177e+00,3.976651611641152773e+00,3.124927699881010934e+00
7.093999999999999773e+01,1.396954842302031485e+00,3.976718268353402586e+00,3.124927708778543423e+00
7.095999999999999375e+01,1.392955397653847793e+00,3.976784925015741212e+00,3.124927717676075911e+00
7.098000000000000398e+01,1.388955953005664101e+00,3.976851581678079839e+00,3.124927726573608400e+00
7.100000000000000000e+01,1.384956508355920546e+00,3.976918238240595205e+00,3.124927735471140888e+00
7.101999999999999602e+01,1.380957063706176990e+00,3.976984894853022201e+00,3.124927744368673377e+00
7.104000000000000625e+01,1.376957619206026884e+00,3.977051551361461712e+00,3.124927752480661347e+00
7.106000000000000227e+01,1.372958174704166145e+00,3.977118207869901223e+00,3.124927760592649317e+00
7.107999999999999829e+01,1.368958730204016039e+00,3.977184864323596081e+00,3.124927768704637288e+00
7.109999999999999432e+01,1.364959285702155301e+00,3.977251520777290938e+00,3.124927776816625258e+00
7.112000000000000455e+01,1.360959841198583709e+00,3.977318177176240699e+00,3.124927784928613228e+00
7.114000000000000057e+01,1.356960396649512957e+00,3.977384833577779499e+00,3.124927792326748666e+00
7.115999999999999659e+01,1.352960952100442205e+00,3.977451489919291205e+00,3.124927799724884103e+00
7.118000000000000682e+01,1.348961507551371453e+00,3.977518146200775373e+00,3.124927807123019541e+00
7.120000000000000284e+01,1.344962063002300701e+00,3.977584802482259541e+00,3.124927814521154978e+00
7.121999999999999886e+01,1.340962618451354116e+00,3.977651458763743708e+00,3.124927821919290416e+00
7.123999999999999488e+01,1.336963173865026722e+00,3.977718114975540509e+00,3.124927828667378282e+00
7.126000000000000512e+01,1.332963729280755905e+00,3.977784771187337309e+00,3.124927835415466149e+00
7.128000000000000114e+01,1.328964284694428510e+00,3.977851427333324530e+00,3.124927842163554015e+00
7.129999999999999716e+01,1.324964840108101116e+00,3.977918083479311750e+00,3.124927848911641881e+00
7.131999999999999318e+01,1.320965395521773722e+00,3.977984739625298971e+00,3.124927855659729747e+00
7.134000000000000341e+01,1.316965951025954151e+00,3.978051395745015206e+00,3.124927861816459540e+00
7.135999999999999943e+01,1.312966506530134581e+00,3.978118051792601140e+00,3.124927867973189333e+00
7.137999999999999545e+01,1.308967062032061035e+00,3.978184707840187073e+00,3.124927874129919125e+00
7.140000000000000568e+01,1.304967617536241464e+00,3.978251363815642261e+00,3.124927880286648918e+00
7.142000000000000171e+01,1.300968173038167919e+00,3.978318019863228194e+00,3.124927886443378711e+00
7.143999999999999773e+01,1.296968728308401264e+00,3.978384675809337967e+00,3.124927892061975410e+00
7.145999999999999375e+01,1.292969283578634609e+00,3.978451331755447740e+00,3.124927897680572109e+00
7.148000000000000398e+01,1.288969838848867955e+00,3.978517987701557512e+00,3.124927903299168808e+00
7.150000000000000000e+01,1.284970394119101300e+00,3.978584643568627843e+00,3.124927908917765507e+00
7.151999999999999602e+01,1.280970949386864621e+00,3.978651299514737616e+00,3.124927914536362206e+00
7.154000000000000625e+01,1.276971504766665655e+00,3.978717955329755362e+00,3.124927919665188458e+00
7.156000000000000227e+01,1.272972060146466688e+00,3.978784611144773109e+00,3.124927924794014711e+00
7.157999999999999829e+01,1.268972615526267722e+00,3.978851266959790856e+00,3.124927929922840963e+00
7.159999999999999432e+01,1.264973170903362920e+00,3.978917922774808602e+00,3.124927935051667216e+00
7.162000000000000455e+01,1.260973726280458118e+00,3.978984578589826349e+00,3.124927940180493469e+00
7.164000000000000057e+01,1.256974281610212518e+00,3.979051234314563867e+00,3.124927944863523432e+00
7.165999999999999659e+01,1.252974836939966918e+00,3.979117890039301386e+00,3.124927949546553396e+00
7.168000000000000682e+01,1.248975392266757911e+00,3.979184545764038905e+00,3.124927954229583360e+00
7.170000000000000284e+01,1.244975947596512311e+00,3.979251201488776424e+00,3.124927958912613324e+00
7.171999999999999886e+01,1.240976502923303304e+00,3.979317857213513943e+00,3.124927963595643288e+00
7.173999999999999488e+01,1.236977058174453470e+00,3.979384512856459555e+00,3.124927967872876522e+00
7.176000000000000512e+01,1.232977613428848152e+00,3.979451168499405167e+00,3.124927972150109756e+00
7.178000000000000114e+01,1.228978168679998317e+00,3.979517824142350779e+00,3.124927976427342990e+00
7.179999999999999716e+01,1.224978723934392999e+00,3.979584479785296391e+00,3.124927980704576225e+00
7.181999999999999318e+01,1.220979279185543165e+00,3.979651135324415723e+00,3.124927984981809459e+00
7.184000000000000341e+01,1.216979834757189183e+00,3.979717790905737740e+00,3.124927988890046748e+00
7.185999999999999943e+01,1.212980390328835201e+00,3.979784446487059757e+00,3.124927992798284038e+00
7.187999999999999545e+01,1.208980945904032156e+00,3.979851102068381774e+00,3.124927996706521327e+00
7.190000000000000568e+01,1.204981501475678174e+00,3.979917757536074685e+00,3.124928000614758616e+00
7.192000000000000171e+01,1.200982057047324192e+00,3.979984413117396702e+00,3.124928004522995906e+00
7.193999999999999773e+01,1.196982612618970210e+00,3.980051068585089613e+00,3.124928008431233195e+00
7.195999999999999375e+01,1.192983167946555456e+00,3.980117724133356294e+00,3.124928012001606525e+00
7.198000000000000398e+01,1.188983723274140702e+00,3.980184379557241137e+00,3.124928015571979856e+00
7.200000000000000000e+01,1.184984278601725949e+00,3.980251034981125979e+00,3.124928019142353186e+00
7.201999999999999602e+01,1.180984833929311195e+00,3.980317690529392660e+00,3.124928022712726516e+00
7.204000000000000625e+01,1.176985389509878299e+00,3.980384345866808893e+00,3.124928025969648360e+00
7.206000000000000227e+01,1.172985945094706439e+00,3.980451001340577832e+00,3.124928029226570203e+00
7.207999999999999829e+01,1.168986500675273543e+00,3.980517656677994065e+00,3.124928032483492046e+00
7.209999999999999432e+01,1.164987056255840647e+00,3.980584312151763005e+00,3.124928035740413890e+00
7.212000000000000455e+01,1.160987611836407751e+00,3.980650967489179237e+00,3.124928038997335733e+00
7.214000000000000057e+01,1.156988167382027477e+00,3.980717622835591385e+00,3.124928041976798632e+00
7.215999999999999659e+01,1.152988722932305032e+00,3.980784278182003533e+00,3.124928044956261530e+00
7.218000000000000682e+01,1.148989278482582588e+00,3.980850933528415680e+00,3.124928047935724429e+00
7.220000000000000284e+01,1.144989834028202313e+00,3.980917588874827828e+00,3.124928050915187328e+00
7.221999999999999886e+01,1.140990389578479869e+00,3.980984244221239976e+00,3.124928053894650226e+00
7.223999999999999488e+01,1.136990945112307472e+00,3.981050899519694486e+00,3.124928056619242334e+00
7.226000000000000512e+01,1.132991500646135075e+00,3.981117554818148996e+00,3.124928059343834441e+00
7.228000000000000114e+01,1.128992056179962677e+00,3.981184210116603506e+00,3.124928062068426549e+00
7.229999999999999716e+01,1.124992611718883984e+00,3.981250865415058016e+00,3.124928064793018656e+00
7.231999999999999318e+01,1.120993167252711586e+00,3.981317520550519795e+00,3.124928067517610764e+00
7.234000000000000341e+01,1.116993722786539189e+00,3.981384175848974305e+00,3.124928070242202871e+00
7.235999999999999943e+01,1.112994278320366792e+00,3.981450831147428815e+00,3.124928072966794979e+00
7.237999999999999545e+01,1.108994833780382994e+00,3.981517486322675214e+00,3.124928075460910115e+00
7.240000000000000568e+01,1.104995389240399195e+00,3.981584141497921614e+00,3.124928077955025252e+00
7.242000000000000171e+01,1.100995944700415397e+00,3.981650796851222918e+00,3.124928080449140388e+00
7.243999999999999773e+01,1.096996500463307322e+00,3.981717451924116080e+00,3.124928082720471956e+00
7.245999999999999375e+01,1.092997056226199248e+00,3.981784107192528843e+00,3.124928084991803523e+00
7.248000000000000398e+01,1.088997611989091174e+00,3.981850762265422006e+00,3.124928087263135090e+00
7.250000000000000000e+01,1.084998167751983100e+00,3.981917417533834769e+00,3.124928089534466658e+00
7.251999999999999602e+01,1.080998723514875026e+00,3.981984072606727931e+00,3.124928091805798225e+00
7.254000000000000625e+01,1.076999278696586959e+00,3.982050727711435645e+00,3.124928093886928160e+00
7.256000000000000227e+01,1.072999833871630448e+00,3.982117383029531776e+00,3.124928095968058095e+00
7.257999999999999829e+01,1.069000389053342381e+00,3.982184038134239490e+00,3.124928098049188030e+00
7.259999999999999432e+01,1.065000944235054314e+00,3.982250693238947203e+00,3.124928100130317965e+00
7.262000000000000455e+01,1.061001499416766247e+00,3.982317348343654917e+00,3.124928102211447900e+00
7.264000000000000057e+01,1.057002054630626686e+00,3.982384003608051781e+00,3.124928104116756700e+00
7.265999999999999659e+01,1.053002609844487125e+00,3.982450658639368424e+00,3.124928106022065499e+00
7.268000000000000682e+01,1.049003165058347564e+00,3.982517313670685066e+00,3.124928107927374299e+00
7.270000000000000284e+01,1.045003720272208003e+00,3.982583968702001709e+00,3.124928109832683099e+00
7.271999999999999886e+01,1.041004275486068442e+00,3.982650623966398573e+00,3.124928111737991898e+00
7.273999999999999488e+01,1.037004830398257527e+00,3.982717278910641756e+00,3.124928113481957315e+00
7.276000000000000512e+01,1.033005385310446611e+00,3.982783934109528357e+00,3.124928115225922731e+00
7.278000000000000114e+01,1.029005940222635695e+00,3.982850589053771539e+00,3.124928116969888148e+00
7.279999999999999716e+01,1.025006495134824780e+00,3.982917244252658140e+00,3.124928118713853564e+00
7.281999999999999318e+01,1.021007050047013864e+00,3.982983899196901323e+00,3.124928120457818981e+00
7.284000000000000341e+01,1.017007604959202949e+00,3.983050554395787923e+00,3.124928122201784397e+00
7.285999999999999943e+01,1.013008159871392033e+00,3.983117209340031106e+00,3.124928123945749814e+00
7.287999999999999545e+01,1.009008715380219856e+00,3.983183864507384264e+00,3.124928125547398405e+00
7.290000000000000568e+01,1.005009270889047679e+00,3.983250519397467215e+00,3.124928127149046997e+00
7.292000000000000171e+01,1.001009826406540126e+00,3.983317174564820373e+00,3.124928128750695588e+00
7.293999999999999773e+01,9.970103814128564723e-01,3.983383829350046312e+00,3.124928130212573762e+00
7.295999999999999375e+01,9.930109364286660023e-01,3.983450484439052364e+00,3.124928131674451937e+00
7.298000000000000398e+01,9.890114914349823483e-01,3.983517139528058415e+00,3.124928133136330111e+00
7.300000000000000000e+01,9.850120464507918783e-01,3.983583794313284354e+00,3.124928134598208285e+00
7.301999999999999602e+01,9.810126014571082242e-01,3.983650449402290405e+00,3.124928136060086459e+00
7.304000000000000625e+01,9.770131568795119570e-01,3.983717104454344238e+00,3.124928137398375938e+00
7.306000000000000227e+01,9.730137123122855058e-01,3.983783759506398070e+00,3.124928138736665417e+00
7.307999999999999829e+01,9.690142677346892386e-01,3.983850414226618231e+00,3.124928140074954896e+00
7.309999999999999432e+01,9.650148231570929713e-01,3.983917069278672063e+00,3.124928141413244376e+00
7.312000000000000455e+01,9.610153785898665202e-01,3.983983724330725895e+00,3.124928142751533855e+00
7.314000000000000057e+01,9.570159340122702529e-01,3.984050379382779727e+00,3.124928144089823334e+00
7.315999999999999659e+01,9.530164901356394935e-01,3.984117034025157267e+00,3.124928145319681327e+00
7.318000000000000682e+01,9.490170462590087341e-01,3.984183689028624631e+00,3.124928146549539321e+00
7.320000000000000284e+01,9.450176023710938900e-01,3.984250344032091995e+00,3.124928147779397314e+00
7.321999999999999886e+01,9.410181584944631306e-01,3.984316999035559359e+00,3.124928149009255307e+00
7.323999999999999488e+01,9.370187146178323712e-01,3.984383654039026723e+00,3.124928150239113300e+00
7.326000000000000512e+01,9.330192703353634709e-01,3.984450308941882568e+00,3.124928151367096785e+00
7.328000000000000114e+01,9.290198260405913011e-01,3.984516963844738413e+00,3.124928152495080269e+00
7.329999999999999716e+01,9.250203817581224008e-01,3.984583618747594258e+00,3.124928153623063753e+00
7.331999999999999318e+01,9.210209374756535006e-01,3.984650273650450103e+00,3.124928154751047238e+00
7.334000000000000341e+01,9.170214929015886307e-01,3.984716928467333386e+00,3.124928155787948914e+00
7.335999999999999943e+01,9.130220483275237608e-01,3.984783583284216668e+00,3.124928156824850589e+00
7.337999999999999545e+01,9.090226037668428516e-01,3.984850238101099951e+00,3.124928157861752265e+00
7.340000000000000568e+01,9.050231591927779817e-01,3.984916892917983233e+00,3.124928158898653940e+00
7.342000000000000171e+01,9.010237146320970725e-01,3.984983548163151479e+00,3.124928159935555616e+00
7.343999999999999773e+01,8.970242700317523354e-01,3.985050202931821328e+00,3.124928160881114803e+00
7.345999999999999375e+01,8.930248254314075984e-01,3.985116857700491177e+00,3.124928161826673989e+00
7.348000000000000398e+01,8.890253808163860461e-01,3.985183512469161027e+00,3.124928162772233176e+00
7.350000000000000000e+01,8.850259362160413090e-01,3.985250167707488966e+00,3.124928163717792362e+00
7.351999999999999602e+01,8.810264916156965720e-01,3.985316822476158816e+00,3.124928164663351549e+00
7.354000000000000625e+01,8.770270466113742058e-01,3.985383477480117786e+00,3.124928165541169811e+00
7.356000000000000227e+01,8.730276016070518397e-01,3.985450131978175659e+00,3.124928166418988074e+00
7.357999999999999829e+01,8.690281566027294735e-01,3.985516786982134629e+00,3.124928167296806336e+00
7.359999999999999432e+01,8.650287115825976425e-01,3.985583441986093600e+00,3.124928168174624599e+00
7.362000000000000455e+01,8.610292665782752763e-01,3.985650096990052571e+00,3.124928169052442861e+00
7.364000000000000057e+01,8.570298211449556280e-01,3.985716751662311985e+00,3.124928169858643301e+00
7.365999999999999659e+01,8.530303756944221938e-01,3.985783406334571399e+00,3.124928170664843741e+00
7.368000000000000682e+01,8.490309302611025455e-01,3.985850061557672852e+00,3.124928171471044180e+00
7.370000000000000284e+01,8.450314848277828972e-01,3.985916716229932266e+00,3.124928172277244620e+00
7.371999999999999886e+01,8.410320393772494629e-01,3.985983370902191680e+00,3.124928173083445060e+00
7.373999999999999488e+01,8.370325941563633299e-01,3.986050025950057307e+00,3.124928173824281785e+00
7.376000000000000512e+01,8.330331489354771968e-01,3.986116680997922934e+00,3.124928174565118510e+00
7.378000000000000114e+01,8.290337036958584926e-01,3.986183335446345843e+00,3.124928175305955236e+00
7.379999999999999716e+01,8.250342584749723596e-01,3.986249990494211470e+00,3.124928176046791961e+00
7.381999999999999318e+01,8.210348132540862265e-01,3.986316644942634380e+00,3.124928176787628686e+00
7.384000000000000341e+01,8.170353680332000934e-01,3.986383299990500007e+00,3.124928177528465412e+00
7.385999999999999943e+01,8.130359233240450623e-01,3.986449954835595832e+00,3.124928178212066587e+00
7.387999999999999545e+01,8.090364786148900311e-01,3.986516609680691658e+00,3.124928178895667763e+00
7.390000000000000568e+01,8.050370339057350000e-01,3.986583264525787484e+00,3.124928179579268939e+00
7.392000000000000171e+01,8.010375891965799688e-01,3.986649919370883310e+00,3.124928180262870114e+00
7.393999999999999773e+01,7.970381442967888752e-01,3.986716574425944515e+00,3.124928180889837925e+00
7.395999999999999375e+01,7.930386994191325201e-01,3.986783228772692755e+00,3.124928181516805736e+00
7.398000000000000398e+01,7.890392545414761649e-01,3.986849883827753960e+00,3.124928182143773547e+00
7.400000000000000000e+01,7.850398096416850713e-01,3.986916538882815164e+00,3.124928182770741358e+00
7.401999999999999602e+01,7.810403647640287161e-01,3.986983193229563405e+00,3.124928183397709169e+00
7.404000000000000625e+01,7.770409208146813462e-01,3.987049848220232118e+00,3.124928183983996188e+00
7.406000000000000227e+01,7.730414768890045973e-01,3.987116503210900831e+00,3.124928184570283207e+00
7.407999999999999829e+01,7.690420329396572274e-01,3.987183157444109227e+00,3.124928185156570226e+00
7.409999999999999432e+01,7.650425890139804785e-01,3.987249812434777940e+00,3.124928185742857245e+00
7.412000000000000455e+01,7.610431450646331086e-01,3.987316467425446653e+00,3.124928186329144264e+00
7.414000000000000057e+01,7.570437012678993272e-01,3.987383121662839258e+00,3.124928186860891355e+00
7.415999999999999659e+01,7.530442574711655457e-01,3.987449776735382923e+00,3.124928187392638446e+00
7.418000000000000682e+01,7.490448136744317642e-01,3.987516431807926587e+00,3.124928187924385536e+00
7.420000000000000284e+01,7.450453698515995260e-01,3.987583086045319192e+00,3.124928188456132627e+00
7.421999999999999886e+01,7.410459260548657445e-01,3.987649741117862856e+00,3.124928188987879718e+00
7.423999999999999488e+01,7.370464802806434568e-01,3.987716395531215596e+00,3.124928189472754525e+00
7.426000000000000512e+01,7.330470345064211690e-01,3.987783050860453038e+00,3.124928189957629332e+00
7.428000000000000114e+01,7.290475887321988813e-01,3.987849705273805778e+00,3.124928190442504139e+00
7.429999999999999716e+01,7.250481429579765935e-01,3.987916360603043220e+00,3.124928190927378946e+00
7.431999999999999318e+01,7.210486971837543058e-01,3.987983015016395960e+00,3.124928191412253753e+00
7.434000000000000341e+01,7.170492514095320180e-01,3.988049669429748700e+00,3.124928191897128560e+00
7.435999999999999943e+01,7.130498058066346845e-01,3.988116324164230342e+00,3.124928192362946167e+00
7.437999999999999545e+01,7.090503602037373510e-01,3.988182978898711983e+00,3.124928192828763773e+00
7.440000000000000568e+01,7.050509146306324082e-01,3.988249634586547909e+00,3.124928193294581380e+00
7.442000000000000171e+01,7.010514690277350747e-01,3.988316289321029551e+00,3.124928193760398987e+00
7.443999999999999773e+01,6.970520240150663849e-01,3.988382943362893673e+00,3.124928194194001030e+00
7.445999999999999375e+01,6.930525790023976951e-01,3.988449598428943865e+00,3.124928194627603073e+00
7.448000000000000398e+01,6.890531339897290053e-01,3.988516253494994057e+00,3.124928195061205116e+00
7.450000000000000000e+01,6.850536889770603155e-01,3.988582907536858180e+00,3.124928195494807159e+00
7.451999999999999602e+01,6.810542439643916257e-01,3.988649562602908372e+00,3.124928195928409203e+00
7.454000000000000625e+01,6.770548008361426673e-01,3.988716217064285363e+00,3.124928196305163386e+00
7.456000000000000227e+01,6.730553577447287994e-01,3.988782871525662355e+00,3.124928196681917569e+00
7.457999999999999829e+01,6.690559146533149315e-01,3.988849527165762687e+00,3.124928197058671753e+00
7.459999999999999432e+01,6.650564715619010636e-01,3.988916181627139679e+00,3.124928197435425936e+00
7.462000000000000455e+01,6.610570284704871957e-01,3.988982836088516670e+00,3.124928197812180120e+00
7.464000000000000057e+01,6.570575853790733278e-01,3.989049490549893662e+00,3.124928198188934303e+00
7.465999999999999659e+01,6.530581407557438656e-01,3.989116145544825187e+00,3.124928198551661040e+00
7.468000000000000682e+01,6.490586961706740210e-01,3.989182800539756713e+00,3.124928198914387778e+00
7.470000000000000284e+01,6.450592515473445587e-01,3.989249455534688238e+00,3.124928199277114516e+00
7.471999999999999886e+01,6.410598069622747142e-01,3.989316109305311553e+00,3.124928199639841253e+00
7.473999999999999488e+01,6.370603641954852847e-01,3.989382764963472994e+00,3.124928199985048671e+00
7.476000000000000512e+01,6.330609214286958553e-01,3.989449419335193259e+00,3.124928200330256090e+00
7.478000000000000114e+01,6.290614787021076015e-01,3.989516073706913524e+00,3.124928200675463508e+00
7.479999999999999716e+01,6.250620359353181721e-01,3.989582728078633789e+00,3.124928201020670926e+00
7.481999999999999318e+01,6.210625931685287426e-01,3.989649383736795230e+00,3.124928201365878344e+00
7.484000000000000341e+01,6.170631499359038319e-01,3.989716038113954255e+00,3.124928201655493343e+00
7.485999999999999943e+01,6.130637067032789211e-01,3.989782692491113281e+00,3.124928201945108341e+00
7.487999999999999545e+01,6.090642634227360075e-01,3.989849346868272306e+00,3.124928202234723340e+00
7.490000000000000568e+01,6.050648201901110967e-01,3.989916002778808313e+00,3.124928202524338339e+00
7.492000000000000171e+01,6.010653769095681831e-01,3.989982657155967338e+00,3.124928202813953337e+00
7.493999999999999773e+01,5.970659295637181785e-01,3.990049311494106909e+00,3.124928203122583792e+00
7.495999999999999375e+01,5.930664821729024760e-01,3.990115965832246481e+00,3.124928203431214246e+00
7.498000000000000398e+01,5.890670348270524714e-01,3.990182621609289715e+00,3.124928203739844701e+00
7.500000000000000000e+01,5.850675874362367690e-01,3.990249275947429286e+00,3.124928204048475155e+00
7.501999999999999602e+01,5.810681400903867644e-01,3.990315930285568857e+00,3.124928204357105610e+00
7.504000000000000625e+01,5.770686926995710619e-01,3.990382586062612091e+00,3.124928204665736065e+00
7.506000000000000227e+01,5.730692449171955749e-01,3.990449239774116919e+00,3.124928204934300346e+00
7.507999999999999829e+01,5.690697971348200879e-01,3.990515895139191027e+00,3.124928205202864628e+00
7.509999999999999432e+01,5.650703493524446008e-01,3.990582548850695854e+00,3.124928205471428910e+00
7.512000000000000455e+01,5.610709015700691138e-01,3.990649204215769963e+00,3.124928205739993192e+00
7.514000000000000057e+01,5.570714533764634657e-01,3.990715859225932860e+00,3.124928205957304250e+00
7.515999999999999659e+01,5.530720051828578177e-01,3.990782514236095757e+00,3.124928206174615308e+00
7.518000000000000682e+01,5.490725569892521696e-01,3.990849169246258654e+00,3.124928206391926366e+00
7.520000000000000284e+01,5.450731087956465215e-01,3.990915824256421551e+00,3.124928206609237424e+00
7.521999999999999886e+01,5.410736606020408734e-01,3.990982477223018243e+00,3.124928206826548482e+00
7.523999999999999488e+01,5.370742163963231341e-01,3.991049131943685158e+00,3.124928207086920207e+00
7.526000000000000512e+01,5.330747721906053949e-01,3.991115786664352072e+00,3.124928207347291931e+00
7.528000000000000114e+01,5.290753279848876556e-01,3.991182441385018986e+00,3.124928207607663655e+00
7.529999999999999716e+01,5.250758838324698363e-01,3.991249096105685901e+00,3.124928207868035379e+00
7.531999999999999318e+01,5.210764396267520970e-01,3.991315750826352815e+00,3.124928208128407103e+00
7.534000000000000341e+01,5.170769954210343577e-01,3.991382405547019729e+00,3.124928208388778827e+00
7.535999999999999943e+01,5.130775497940286423e-01,3.991449060092143064e+00,3.124928208569274002e+00
7.537999999999999545e+01,5.090781042439103121e-01,3.991515717097660954e+00,3.124928208749769176e+00
7.540000000000000568e+01,5.050786586169045966e-01,3.991582371642784288e+00,3.124928208930264351e+00
7.542000000000000171e+01,5.010792130667862665e-01,3.991649026187907623e+00,3.124928209110759525e+00
7.543999999999999773e+01,4.970797674397806065e-01,3.991715680733030958e+00,3.124928209291254699e+00
7.545999999999999375e+01,4.930803238633200691e-01,3.991782335229613121e+00,3.124928209537296109e+00
7.548000000000000398e+01,4.890808802868595317e-01,3.991848989726195285e+00,3.124928209783337518e+00
7.550000000000000000e+01,4.850814366539947242e-01,3.991915644222777448e+00,3.124928210029378928e+00
7.551999999999999602e+01,4.810819930775341868e-01,3.991982298719359612e+00,3.124928210275420337e+00
7.554000000000000625e+01,4.770825520450375778e-01,3.992048952788524563e+00,3.124928210473772339e+00
7.556000000000000227e+01,4.730831110125409689e-01,3.992115609096581696e+00,3.124928210672124340e+00
7.557999999999999829e+01,4.690836699800443599e-01,3.992182263165746647e+00,3.124928210870476342e+00
7.559999999999999432e+01,4.650842290175131177e-01,3.992248917234911598e+00,3.124928211068828343e+00
7.562000000000000455e+01,4.610847879850165087e-01,3.992315571304076549e+00,3.124928211267180345e+00
7.564000000000000057e+01,4.570853453562310209e-01,3.992382226326640637e+00,3.124928211445668680e+00
7.565999999999999659e+01,4.530859027274455331e-01,3.992448881349204726e+00,3.124928211624157015e+00
7.568000000000000682e+01,4.490864600986600452e-01,3.992515536371768814e+00,3.124928211802645350e+00
7.570000000000000284e+01,4.450870174698745574e-01,3.992582191394332902e+00,3.124928211981133686e+00
7.571999999999999886e+01,4.410875748410890695e-01,3.992648846416896991e+00,3.124928212159622021e+00
7.573999999999999488e+01,4.370881322841048688e-01,3.992715499506631183e+00,3.124928212369483482e+00
7.576000000000000512e+01,4.330886897271206681e-01,3.992782154712470888e+00,3.124928212579344944e+00
7.578000000000000114e+01,4.290892471701364674e-01,3.992848809918310593e+00,3.124928212789206405e+00
7.579999999999999716e+01,4.250898045470239972e-01,3.992915465124150298e+00,3.124928212999067867e+00
7.581999999999999318e+01,4.210903619900397965e-01,3.992982118213884490e+00,3.124928213208929328e+00
7.584000000000000341e+01,4.170909204327882258e-01,3.993048773786258110e+00,3.124928213431434898e+00
7.585999999999999943e+01,4.130914788755366551e-01,3.993115427362776693e+00,3.124928213653940468e+00
7.587999999999999545e+01,4.090920372559146423e-01,3.993182082935150312e+00,3.124928213876446037e+00
7.590000000000000568e+01,4.050925956986630716e-01,3.993248736511668895e+00,3.124928214098951607e+00
7.592000000000000171e+01,4.010931541414115009e-01,3.993315392084042514e+00,3.124928214321457176e+00
7.593999999999999773e+01,3.970937125841599302e-01,3.993382045660561097e+00,3.124928214543962746e+00
7.595999999999999375e+01,3.930942709645379174e-01,3.993448701232934717e+00,3.124928214766468315e+00
7.598000000000000398e+01,3.890948334974183020e-01,3.993515355416208834e+00,3.124928214890978495e+00
7.600000000000000000e+01,3.850953960302986867e-01,3.993582009599482952e+00,3.124928215015488675e+00
7.601999999999999602e+01,3.810959585631790714e-01,3.993648663782757069e+00,3.124928215139998855e+00
7.604000000000000625e+01,3.770965196590645996e-01,3.993715318363565636e+00,3.124928215258512054e+00
7.606000000000000227e+01,3.730970807549501278e-01,3.993781972944374203e+00,3.124928215377025253e+00
7.607999999999999829e+01,3.690976418508356560e-01,3.993848627525182771e+00,3.124928215495538453e+00
7.609999999999999432e+01,3.650982029467211842e-01,3.993915282105991338e+00,3.124928215614051652e+00
7.612000000000000455e+01,3.610987640426067125e-01,3.993981936686799905e+00,3.124928215732564851e+00
7.614000000000000057e+01,3.570993232003031870e-01,3.994048591059720099e+00,3.124928215826966671e+00
7.615999999999999659e+01,3.530998823579996615e-01,3.994115245432640293e+00,3.124928215921368491e+00
7.618000000000000682e+01,3.491004415156961360e-01,3.994181899805560487e+00,3.124928216015770310e+00
7.620000000000000284e+01,3.451010006733926105e-01,3.994248554178480681e+00,3.124928216110172130e+00
7.621999999999999886e+01,3.411015598310890851e-01,3.994315208551400875e+00,3.124928216204573950e+00
7.623999999999999488e+01,3.371021074289911046e-01,3.994381871336122103e+00,3.124928216241486645e+00
7.626000000000000512e+01,3.331026550268931241e-01,3.994448522090021658e+00,3.124928216278399340e+00
7.628000000000000114e+01,3.291032030007583487e-01,3.994515172843921214e+00,3.124928216315312035e+00
7.629999999999999716e+01,3.251037505986603682e-01,3.994581835628642441e+00,3.124928216352224730e+00
7.631999999999999318e+01,3.211042981965623877e-01,3.994648486382541996e+00,3.124928216389137425e+00
7.634000000000000341e+01,3.171048461704276122e-01,3.994715149167263224e+00,3.124928216426050120e+00
7.635999999999999943e+01,3.131054024676123704e-01,3.994781803716781265e+00,3.124928216932450376e+00
7.637999999999999545e+01,3.091059587647971285e-01,3.994848458266299307e+00,3.124928217438850631e+00
7.640000000000000568e+01,3.051065150619818866e-01,3.994915112815817348e+00,3.124928217945250886e+00
7.642000000000000171e+01,3.011070713865714454e-01,3.994981767365335390e+00,3.124928218451651141e+00
7.643999999999999773e+01,2.971076265326760835e-01,3.995048421877680500e+00,3.124928219199209600e+00
7.645999999999999375e+01,2.931081816973448717e-01,3.995115076390025610e+00,3.124928219946768060e+00
7.648000000000000398e+01,2.891087368434495097e-01,3.995181731496423527e+00,3.124928220694326519e+00
7.650000000000000000e+01,2.851092920081182980e-01,3.995248386008768637e+00,3.124928221441884979e+00
7.651999999999999602e+01,2.811098471727870862e-01,3.995315040521113747e+00,3.124928222189443439e+00
7.654000000000000625e+01,2.771104035380932973e-01,3.995381694934859951e+00,3.124928222912864317e+00
7.656000000000000227e+01,2.731109599225830520e-01,3.995448349962479995e+00,3.124928223636285196e+00
7.657999999999999829e+01,2.691115162878892630e-01,3.995515004376226198e+00,3.124928224359706075e+00
7.659999999999999432e+01,2.651120726723790177e-01,3.995581658789972401e+00,3.124928225083126954e+00
7.662000000000000455e+01,2.611126290376852288e-01,3.995648313817592445e+00,3.124928225806547832e+00
7.664000000000000057e+01,2.571131855949139733e-01,3.995714968525017952e+00,3.124928226483467686e+00
7.665999999999999659e+01,2.531137421316413394e-01,3.995781622576399350e+00,3.124928227160387539e+00
7.668000000000000682e+01,2.491142986888701116e-01,3.995848277283824856e+00,3.124928227837307393e+00
7.670000000000000284e+01,2.451148552255975055e-01,3.995914931991250363e+00,3.124928228514227246e+00
7.671999999999999886e+01,2.411154117828262777e-01,3.995981586698675869e+00,3.124928229191147100e+00
7.673999999999999488e+01,2.371159682323637774e-01,3.996048241036672444e+00,3.124928229866898111e+00
7.676000000000000512e+01,2.331165246613644271e-01,3.996114896031847330e+00,3.124928230542649121e+00
7.678000000000000114e+01,2.291170811109019267e-01,3.996181550369843904e+00,3.124928231218400132e+00
7.679999999999999716e+01,2.251176375604394264e-01,3.996248204707840479e+00,3.124928231894151143e+00
7.681999999999999318e+01,2.211181940099769261e-01,3.996314859703015365e+00,3.124928232569902153e+00
7.684000000000000341e+01,2.171187504389775758e-01,3.996381514041011940e+00,3.124928233245653164e+00
7.685999999999999943e+01,2.131193051201197564e-01,3.996448169046689092e+00,3.124928233889870732e+00
7.687999999999999545e+01,2.091198598012619370e-01,3.996514823363019442e+00,3.124928234534088300e+00
7.690000000000000568e+01,2.051204144824041176e-01,3.996581477679349792e+00,3.124928235178305869e+00
7.692000000000000171e+01,2.011209691420041967e-01,3.996648132685026944e+00,3.124928235822523437e+00
7.693999999999999773e+01,1.971215239912675887e-01,3.996714787197069185e+00,3.124928236460209785e+00
7.695999999999999375e+01,1.931220788187682502e-01,3.996781441709111427e+00,3.124928237097896133e+00
7.698000000000000398e+01,1.891226336680316422e-01,3.996848096221153668e+00,3.124928237735582481e+00
7.700000000000000000e+01,1.851231884955323037e-01,3.996914750733195909e+00,3.124928238373268830e+00
7.701999999999999602e+01,1.811237433230329652e-01,3.996981405245238150e+00,3.124928239010955178e+00
7.704000000000000625e+01,1.771242980771251807e-01,3.997048060160254934e+00,3.124928239660330398e+00
7.706000000000000227e+01,1.731248528098464079e-01,3.997114714391400092e+00,3.124928240309705618e+00
7.707999999999999829e+01,1.691254075425676351e-01,3.997181369306416876e+00,3.124928240959080838e+00
7.709999999999999432e+01,1.651259622752888623e-01,3.997248023537562034e+00,3.124928241608456059e+00
7.712000000000000455e+01,1.611265170080100895e-01,3.997314678452578818e+00,3.124928242257831279e+00
7.714000000000000057e+01,1.571270718600171201e-01,3.997381332836134504e+00,3.124928242905719245e+00
7.715999999999999659e+01,1.531276266906040906e-01,3.997447987905131672e+00,3.124928243553607210e+00
7.718000000000000682e+01,1.491281815426111212e-01,3.997514642288687359e+00,3.124928244201495176e+00
7.720000000000000284e+01,1.451287363946181519e-01,3.997581296672243045e+00,3.124928244849383141e+00
7.721999999999999886e+01,1.411292912252051224e-01,3.997647951055798732e+00,3.124928245497271107e+00
7.723999999999999488e+01,1.371298466648656622e-01,3.997714605628964080e+00,3.124928246207265392e+00
7.726000000000000512e+01,1.331304021240725388e-01,3.997781260202129427e+00,3.124928246917259678e+00
7.728000000000000114e+01,1.291309575637330787e-01,3.997847914775294775e+00,3.124928247627253963e+00
7.729999999999999716e+01,1.251315130033936185e-01,3.997914569348460123e+00,3.124928248337248249e+00
7.731999999999999318e+01,1.211320684430541583e-01,3.997981223921625471e+00,3.124928249047242534e+00
7.734000000000000341e+01,1.171326238827146982e-01,3.998047878494790819e+00,3.124928249757236820e+00
7.735999999999999943e+01,1.131331790337414267e-01,3.998114533021098538e+00,3.124928250498339111e+00
7.737999999999999545e+01,1.091337341847681552e-01,3.998181187547406257e+00,3.124928251239441401e+00
7.740000000000000568e+01,1.051342893357948838e-01,3.998247842073713976e+00,3.124928251980543692e+00
7.742000000000000171e+01,1.011348444868216123e-01,3.998314496600021695e+00,3.124928252721645983e+00
7.743999999999999773e+01,1.011348444868216123e-01,3.998314496600021695e+00,3.124928252721645983e+00
7.745999999999999375e+01,1.011348444868216123e-01,3.998314496600021695e+00,3.124928252721645983e+00
7.748000000000000398e+01,1.011348444868216123e-01,3.998314496600021695e+00,3.124928252721645983e+00
7.750000000000000000e+01,1.011348444868216123e-01,3.998314496600021695e+00,3.124928252721645983e+00
7.751999999999999602e+01,1.011348444868216123e-01,3.998314496600021695e+00,3.124928252721645983e+00
7.754000000000000625e+01,1.011348444868216123e-01,3.998314496600021695e+00,3.130928252721645766e+00
7.756000000000000227e+01,1.011348444868216123e-01,3.998314496600021695e+00,3.136928252721645549e+00
7.757999999999999829e+01,1.011348444868216123e-01,3.998314496600021695e+00,-3.140257054457941344e+00
7.759999999999999432e+01,1.011348444868216123e-01,3.998314496600021695e+00,-3.134257054457941560e+00
7.762000000000000455e+01,1.011348444868216123e-01,3.998314496600021695e+00,-3.128257054457941777e+00
7.764000000000000057e+01,1.011348444868216123e-01,3.998314496600021695e+00,-3.122257054457941994e+00
7.765999999999999659e+01,1.011348444868216123e-01,3.998314496600021695e+00,-3.116257054457942210e+00
7.768000000000000682e+01,1.011348444868216123e-01,3.998314496600021695e+00,-3.110257054457942427e+00
7.770000000000000284e+01,1.011348444868216123e-01,3.998314496600021695e+00,-3.104257054457942644e+00
7.771999999999999886e+01,1.011348444868216123e-01,3.998314496600021695e+00,-3.098257054457942861e+00
7.773999999999999488e+01,1.011348444868216123e-01,3.998314496600021695e+00,-3.092257054457943077e+00
7.776000000000000512e+01,1.011348444868216123e-01,3.998314496600021695e+00,-3.086257054457943294e+00
7.778000000000000114e+01,1.011348444868216123e-01,3.998314496600021695e+00,-3.080257054457943511e+00
7.779999999999999716e+01,1.011348444868216123e-01,3.998314496600021695e+00,-3.074257054457943727e+00
7.781999999999999318e+01,1.011348444868216123e-01,3.998314496600021695e+00,-3.068257054457943944e+00
7.784000000000000341e+01,1.011348444868216123e-01,3.998314496600021695e+00,-3.062257054457944161e+00
7.785999999999999943e+01,1.011348444868216123e-01,3.998314496600021695e+00,-3.056257054457944378e+00
7.787999999999999545e+01,1.011348444868216123e-01,3.998314496600021695e+00,-3.050257054457944594e+00
7.790000000000000568e+01,1.011348444868216123e-01,3.998314496600021695e+00,-3.044257054457944811e+00
7.792000000000000171e+01,1.011348444868216123e-01,3.998314496600021695e+00,-3.038257054457945028e+00
7.793999999999999773e+01,1.011348444868216123e-01,3.998314496600021695e+00,-3.032257054457945245e+00
7.795999999999999375e+01,1.011348444868216123e-01,3.998314496600021695e+00,-3.026257054457945461e+00
7.798000000000000398e+01,1.011348444868216123e-01,3.998314496600021695e+00,-3.020257054457945678e+00
7.800000000000000000e+01,1.011348444868216123e-01,3.998314496600021695e+00,-3.014257054457945895e+00
7.801999999999999602e+01,1.011348444868216123e-01,3.998314496600021695e+00,-3.008257054457946111e+00
7.804000000000000625e+01,1.011348444868216123e-01,3.998314496600021695e+00,-3.002257054457946328e+00
7.806000000000000227e+01,1.011348444868216123e-01,3.998314496600021695e+00,-2.996257054457946545e+00
7.807999999999999829e+01,1.011348444868216123e-01,3.998314496600021695e+00,-2.990257054457946762e+00
7.809999999999999432e+01,1.011348444868216123e-01,3.998314496600021695e+00,-2.984257054457946978e+00
7.812000000000000455e+01,1.011348444868216123e-01,3.998314496600021695e+00,-2.978257054457947195e+00
7.814000000000000057e+01,1.011348444868216123e-01,3.998314496600021695e+00,-2.972257054457947412e+00
7.815999999999999659e+01,1.011348444868216123e-01,3.998314496600021695e+00,-2.966257054457947628e+00
7.818000000000000682e+01,1.011348444868216123e-01,3.998314496600021695e+00,-2.960257054457947845e+00
7.820000000000000284e+01,1.011348444868216123e-01,3.998314496600021695e+00,-2.954257054457948062e+00
7.821999999999999886e+01,1.011348444868216123e-01,3.998314496600021695e+00,-2.948257054457948279e+00
7.823999999999999488e+01,1.011348444868216123e-01,3.998314496600021695e+00,-2.942257054457948495e+00
7.826000000000000512e+01,1.011348444868216123e-01,3.998314496600021695e+00,-2.936257054457948712e+00
7.828000000000000114e+01,1.011348444868216123e-01,3.998314496600021695e+00,-2.930257054457948929e+00
7.829999999999999716e+01,1.011348444868216123e-01,3.998314496600021695e+00,-2.924257054457949145e+00
7.831999999999999318e+01,1.011348444868216123e-01,3.998314496600021695e+00,-2.918257054457949362e+00
7.834000000000000341e+01,1.011348444868216123e-01,3.998314496600021695e+00,-2.912257054457949579e+00
7.835999999999999943e+01,1.011348444868216123e-01,3.998314496600021695e+00,-2.906257054457949796e+00
7.837999999999999545e+01,1.011348444868216123e-01,3.998314496600021695e+00,-2.900257054457950012e+00
7.840000000000000568e+01,1.011348444868216123e-01,3.998314496600021695e+00,-2.894257054457950229e+00
7.842000000000000171e+01,1.011348444868216123e-01,3.998314496600021695e+00,-2.888257054457950446e+00
7.843999999999999773e+01,1.011348444868216123e-01,3.998314496600021695e+00,-2.882257054457950662e+00
7.845999999999999375e+01,1.011348444868216123e-01,3.998314496600021695e+00,-2.876257054457950879e+00
7.848000000000000398e+01,1.011348444868216123e-01,3.998314496600021695e+00,-2.870257054457951096e+00
7.850000000000000000e+01,1.011348444868216123e-01,3.998314496600021695e+00,-2.864257054457951313e+00
7.851999999999999602e+01,1.011348444868216123e-01,3.998314496600021695e+00,-2.858257054457951529e+00
7.854000000000000625e+01,1.011348444868216123e-01,3.998314496600021695e+00,-2.852257054457951746e+00
7.856000000000000227e+01,1.011348444868216123e-01,3.998314496600021695e+00,-2.846257054457951963e+00
7.857999999999999829e+01,1.011348444868216123e-01,3.998314496600021695e+00,-2.840257054457952179e+00
7.859999999999999432e+01,1.011348444868216123e-01,3.998314496600021695e+00,-2.834257054457952396e+00
7.862000000000000455e+01,1.011348444868216123e-01,3.998314496600021695e+00,-2.828257054457952613e+00
7.864000000000000057e+01,1.011348444868216123e-01,3.998314496600021695e+00,-2.822257054457952830e+00
7.865999999999999659e+01,1.011348444868216123e-01,3.998314496600021695e+00,-2.816257054457953046e+00
7.868000000000000682e+01,1.011348444868216123e-01,3.998314496600021695e+00,-2.810257054457953263e+00
7.870000000000000284e+01,1.011348444868216123e-01,3.998314496600021695e+00,-2.804257054457953480e+00
7.871999999999999886e+01,1.011348444868216123e-01,3.998314496600021695e+00,-2.798257054457953696e+00
7.873999999999999488e+01,1.011348444868216123e-01,3.998314496600021695e+00,-2.792257054457953913e+00
7.876000000000000512e+01,1.011348444868216123e-01,3.998314496600021695e+00,-2.786257054457954130e+00
7.878000000000000114e+01,1.011348444868216123e-01,3.998314496600021695e+00,-2.780257054457954347e+00
7.879999999999999716e+01,1.011348444868216123e-01,3.998314496600021695e+00,-2.774257054457954563e+00
7.881999999999999318e+01,1.011348444868216123e-01,3.998314496600021695e+00,-2.768257054457954780e+00
7.884000000000000341e+01,1.011348444868216123e-01,3.998314496600021695e+00,-2.762257054457954997e+00
7.885999999999999943e+01,1.011348444868216123e-01,3.998314496600021695e+00,-2.756257054457955213e+00
7.887999999999999545e+01,1.011348444868216123e-01,3.998314496600021695e+00,-2.750257054457955430e+00
7.890000000000000568e+01,1.011348444868216123e-01,3.998314496600021695e+00,-2.744257054457955647e+00
7.892000000000000171e+01,1.011348444868216123e-01,3.998314496600021695e+00,-2.738257054457955864e+00
7.893999999999999773e+01,1.011348444868216123e-01,3.998314496600021695e+00,-2.732257054457956080e+00
7.895999999999999375e+01,1.011348444868216123e-01,3.998314496600021695e+00,-2.726257054457956297e+00
7.898000000000000398e+01,1.011348444868216123e-01,3.998314496600021695e+00,-2.720257054457956514e+00
7.900000000000000000e+01,1.011348444868216123e-01,3.998314496600021695e+00,-2.714257054457956730e+00
7.901999999999999602e+01,1.011348444868216123e-01,3.998314496600021695e+00,-2.708257054457956947e+00
7.904000000000000625e+01,1.011348444868216123e-01,3.998314496600021695e+00,-2.702257054457957164e+00
7.906000000000000227e+01,1.011348444868216123e-01,3.998314496600021695e+00,-2.696257054457957381e+00
7.907999999999999829e+01,1.011348444868216123e-01,3.998314496600021695e+00,-2.690257054457957597e+00
7.909999999999999432e+01,1.011348444868216123e-01,3.998314496600021695e+00,-2.684257054457957814e+00
7.912000000000000455e+01,1.011348444868216123e-01,3.998314496600021695e+00,-2.678257054457958031e+00
7.914000000000000057e+01,1.011348444868216123e-01,3.998314496600021695e+00,-2.672257054457958247e+00
7.915999999999999659e+01,1.011348444868216123e-01,3.998314496600021695e+00,-2.666257054457958464e+00
7.918000000000000682e+01,1.011348444868216123e-01,3.998314496600021695e+00,-2.660257054457958681e+00
7.920000000000000284e+01,1.011348444868216123e-01,3.998314496600021695e+00,-2.654257054457958898e+00
7.921999999999999886e+01,1.011348444868216123e-01,3.998314496600021695e+00,-2.648257054457959114e+00
7.923999999999999488e+01,1.011348444868216123e-01,3.998314496600021695e+00,-2.642257054457959331e+00
7.926000000000000512e+01,1.011348444868216123e-01,3.998314496600021695e+00,-2.636257054457959548e+00
7.928000000000000114e+01,1.011348444868216123e-01,3.998314496600021695e+00,-2.630257054457959764e+00
7.929999999999999716e+01,1.011348444868216123e-01,3.998314496600021695e+00,-2.624257054457959981e+00
7.931999999999999318e+01,1.011348444868216123e-01,3.998314496600021695e+00,-2.618257054457960198e+00
7.934000000000000341e+01,1.011348444868216123e-01,3.998314496600021695e+00,-2.612257054457960415e+00
7.935999999999999943e+01,1.011348444868216123e-01,3.998314496600021695e+00,-2.606257054457960631e+00
7.937999999999999545e+01,1.011348444868216123e-01,3.998314496600021695e+00,-2.600257054457960848e+00
7.940000000000000568e+01,1.011348444868216123e-01,3.998314496600021695e+00,-2.594257054457961065e+00
7.942000000000000171e+01,1.011348444868216123e-01,3.998314496600021695e+00,-2.588257054457961281e+00
7.943999999999999773e+01,1.011348444868216123e-01,3.998314496600021695e+00,-2.582257054457961498e+00
7.945999999999999375e+01,1.011348444868216123e-01,3.998314496600021695e+00,-2.576257054457961715e+00
7.948000000000000398e+01,1.011348444868216123e-01,3.998314496600021695e+00,-2.570257054457961932e+00
7.950000000000000000e+01,1.011348444868216123e-01,3.998314496600021695e+00,-2.564257054457962148e+00
7.951999999999999602e+01,1.011348444868216123e-01,3.998314496600021695e+00,-2.558257054457962365e+00
7.954000000000000625e+01,1.011348444868216123e-01,3.998314496600021695e+00,-2.552257054457962582e+00
7.956000000000000227e+01,1.011348444868216123e-01,3.998314496600021695e+00,-2.546257054457962798e+00
7.957999999999999829e+01,1.011348444868216123e-01,3.998314496600021695e+00,-2.540257054457963015e+00
7.959999999999999432e+01,1.011348444868216123e-01,3.998314496600021695e+00,-2.534257054457963232e+00
7.962000000000000455e+01,1.011348444868216123e-01,3.998314496600021695e+00,-2.528257054457963449e+00
7.964000000000000057e+01,1.011348444868216123e-01,3.998314496600021695e+00,-2.522257054457963665e+00
7.965999999999999659e+01,1.011348444868216123e-01,3.998314496600021695e+00,-2.516257054457963882e+00
7.968000000000000682e+01,1.011348444868216123e-01,3.998314496600021695e+00,-2.510257054457964099e+00
7.970000000000000284e+01,1.011348444868216123e-01,3.998314496600021695e+00,-2.504257054457964315e+00
7.971999999999999886e+01,1.011348444868216123e-01,3.998314496600021695e+00,-2.498257054457964532e+00
7.973999999999999488e+01,1.011348444868216123e-01,3.998314496600021695e+00,-2.492257054457964749e+00
7.976000000000000512e+01,1.011348444868216123e-01,3.998314496600021695e+00,-2.486257054457964966e+00
7.978000000000000114e+01,1.011348444868216123e-01,3.998314496600021695e+00,-2.480257054457965182e+00
7.979999999999999716e+01,1.011348444868216123e-01,3.998314496600021695e+00,-2.474257054457965399e+00
7.981999999999999318e+01,1.011348444868216123e-01,3.998314496600021695e+00,-2.468257054457965616e+00
7.984000000000000341e+01,1.011348444868216123e-01,3.998314496600021695e+00,-2.462257054457965832e+00
7.985999999999999943e+01,1.011348444868216123e-01,3.998314496600021695e+00,-2.456257054457966049e+00
7.987999999999999545e+01,1.011348444868216123e-01,3.998314496600021695e+00,-2.450257054457966266e+00
7.990000000000000568e+01,1.011348444868216123e-01,3.998314496600021695e+00,-2.444257054457966483e+00
7.992000000000000171e+01,1.011348444868216123e-01,3.998314496600021695e+00,-2.438257054457966699e+00
7.993999999999999773e+01,1.011348444868216123e-01,3.998314496600021695e+00,-2.432257054457966916e+00
7.995999999999999375e+01,1.011348444868216123e-01,3.998314496600021695e+00,-2.426257054457967133e+00
7.998000000000000398e+01,1.011348444868216123e-01,3.998314496600021695e+00,-2.420257054457967349e+00
8.000000000000000000e+01,1.011348444868216123e-01,3.998314496600021695e+00,-2.414257054457967566e+00
8.001999999999999602e+01,1.011348444868216123e-01,3.998314496600021695e+00,-2.408257054457967783e+00
8.004000000000000625e+01,1.011348444868216123e-01,3.998314496600021695e+00,-2.402257054457968000e+00
8.006000000000000227e+01,1.011348444868216123e-01,3.998314496600021695e+00,-2.396257054457968216e+00
8.007999999999999829e+01,1.011348444868216123e-01,3.998314496600021695e+00,-2.390257054457968433e+00
8.009999999999999432e+01,1.011348444868216123e-01,3.998314496600021695e+00,-2.384257054457968650e+00
8.012000000000000455e+01,1.011348444868216123e-01,3.998314496600021695e+00,-2.378257054457968867e+00
8.014000000000000057e+01,1.011348444868216123e-01,3.998314496600021695e+00,-2.372257054457969083e+00
8.015999999999999659e+01,1.011348444868216123e-01,3.998314496600021695e+00,-2.366257054457969300e+00
8.018000000000000682e+01,1.011348444868216123e-01,3.998314496600021695e+00,-2.360257054457969517e+00
8.020000000000000284e+01,1.011348444868216123e-01,3.998314496600021695e+00,-2.354257054457969733e+00
8.021999999999999886e+01,1.011348444868216123e-01,3.998314496600021695e+00,-2.348257054457969950e+00
8.023999999999999488e+01,1.011348444868216123e-01,3.998314496600021695e+00,-2.342257054457970167e+00
8.026000000000000512e+01,1.011348444868216123e-01,3.998314496600021695e+00,-2.336257054457970384e+00
8.028000000000000114e+01,1.011348444868216123e-01,3.998314496600021695e+00,-2.330257054457970600e+00
8.029999999999999716e+01,1.011348444868216123e-01,3.998314496600021695e+00,-2.324257054457970817e+00
8.031999999999999318e+01,1.011348444868216123e-01,3.998314496600021695e+00,-2.318257054457971034e+00
8.034000000000000341e+01,1.011348444868216123e-01,3.998314496600021695e+00,-2.312257054457971250e+00
8.035999999999999943e+01,1.011348444868216123e-01,3.998314496600021695e+00,-2.306257054457971467e+00
8.037999999999999545e+01,1.011348444868216123e-01,3.998314496600021695e+00,-2.300257054457971684e+00
8.040000000000000568e+01,1.011348444868216123e-01,3.998314496600021695e+00,-2.294257054457971901e+00
8.042000000000000171e+01,1.011348444868216123e-01,3.998314496600021695e+00,-2.288257054457972117e+00
8.043999999999999773e+01,1.011348444868216123e-01,3.998314496600021695e+00,-2.282257054457972334e+00
8.045999999999999375e+01,1.011348444868216123e-01,3.998314496600021695e+00,-2.276257054457972551e+00
8.048000000000000398e+01,1.011348444868216123e-01,3.998314496600021695e+00,-2.270257054457972767e+00
8.050000000000000000e+01,1.011348444868216123e-01,3.998314496600021695e+00,-2.264257054457972984e+00
8.051999999999999602e+01,1.011348444868216123e-01,3.998314496600021695e+00,-2.258257054457973201e+00
8.054000000000000625e+01,1.011348444868216123e-01,3.998314496600021695e+00,-2.252257054457973418e+00
8.056000000000000227e+01,1.011348444868216123e-01,3.998314496600021695e+00,-2.246257054457973634e+00
8.057999999999999829e+01,1.011348444868216123e-01,3.998314496600021695e+00,-2.240257054457973851e+00
8.059999999999999432e+01,1.011348444868216123e-01,3.998314496600021695e+00,-2.234257054457974068e+00
8.062000000000000455e+01,1.011348444868216123e-01,3.998314496600021695e+00,-2.228257054457974284e+00
8.064000000000000057e+01,1.011348444868216123e-01,3.998314496600021695e+00,-2.222257054457974501e+00
8.065999999999999659e+01,1.011348444868216123e-01,3.998314496600021695e+00,-2.216257054457974718e+00
8.068000000000000682e+01,1.011348444868216123e-01,3.998314496600021695e+00,-2.210257054457974935e+00
8.070000000000000284e+01,1.011348444868216123e-01,3.998314496600021695e+00,-2.204257054457975151e+00
8.071999999999999886e+01,1.011348444868216123e-01,3.998314496600021695e+00,-2.198257054457975368e+00
8.073999999999999488e+01,1.011348444868216123e-01,3.998314496600021695e+00,-2.192257054457975585e+00
8.076000000000000512e+01,1.011348444868216123e-01,3.998314496600021695e+00,-2.186257054457975801e+00
8.078000000000000114e+01,1.011348444868216123e-01,3.998314496600021695e+00,-2.180257054457976018e+00
8.079999999999999716e+01,1.011348444868216123e-01,3.998314496600021695e+00,-2.174257054457976235e+00
8.081999999999999318e+01,1.011348444868216123e-01,3.998314496600021695e+00,-2.168257054457976452e+00
8.084000000000000341e+01,1.011348444868216123e-01,3.998314496600021695e+00,-2.162257054457976668e+00
8.085999999999999943e+01,1.011348444868216123e-01,3.998314496600021695e+00,-2.156257054457976885e+00
8.087999999999999545e+01,1.011348444868216123e-01,3.998314496600021695e+00,-2.150257054457977102e+00
8.090000000000000568e+01,1.011348444868216123e-01,3.998314496600021695e+00,-2.144257054457977318e+00
8.092000000000000171e+01,1.011348444868216123e-01,3.998314496600021695e+00,-2.138257054457977535e+00
8.093999999999999773e+01,1.011348444868216123e-01,3.998314496600021695e+00,-2.132257054457977752e+00
8.095999999999999375e+01,1.011348444868216123e-01,3.998314496600021695e+00,-2.126257054457977969e+00
8.098000000000000398e+01,1.011348444868216123e-01,3.998314496600021695e+00,-2.120257054457978185e+00
8.100000000000000000e+01,1.011348444868216123e-01,3.998314496600021695e+00,-2.114257054457978402e+00
8.101999999999999602e+01,1.011348444868216123e-01,3.998314496600021695e+00,-2.108257054457978619e+00
8.104000000000000625e+01,1.011348444868216123e-01,3.998314496600021695e+00,-2.102257054457978835e+00
8.106000000000000227e+01,1.011348444868216123e-01,3.998314496600021695e+00,-2.096257054457979052e+00
8.107999999999999829e+01,1.011348444868216123e-01,3.998314496600021695e+00,-2.090257054457979269e+00
8.109999999999999432e+01,1.011348444868216123e-01,3.998314496600021695e+00,-2.084257054457979486e+00
8.112000000000000455e+01,1.011348444868216123e-01,3.998314496600021695e+00,-2.078257054457979702e+00
8.114000000000000057e+01,1.011348444868216123e-01,3.998314496600021695e+00,-2.072257054457979919e+00
8.115999999999999659e+01,1.011348444868216123e-01,3.998314496600021695e+00,-2.066257054457980136e+00
8.118000000000000682e+01,1.011348444868216123e-01,3.998314496600021695e+00,-2.060257054457980352e+00
8.120000000000000284e+01,1.011348444868216123e-01,3.998314496600021695e+00,-2.054257054457980569e+00
8.121999999999999886e+01,1.011348444868216123e-01,3.998314496600021695e+00,-2.048257054457980786e+00
8.123999999999999488e+01,1.011348444868216123e-01,3.998314496600021695e+00,-2.042257054457981003e+00
8.126000000000000512e+01,1.011348444868216123e-01,3.998314496600021695e+00,-2.036257054457981219e+00
8.128000000000000114e+01,1.011348444868216123e-01,3.998314496600021695e+00,-2.030257054457981436e+00
8.129999999999999716e+01,1.011348444868216123e-01,3.998314496600021695e+00,-2.024257054457981653e+00
8.131999999999999318e+01,1.011348444868216123e-01,3.998314496600021695e+00,-2.018257054457981869e+00
8.134000000000000341e+01,1.011348444868216123e-01,3.998314496600021695e+00,-2.012257054457982086e+00
8.135999999999999943e+01,1.011348444868216123e-01,3.998314496600021695e+00,-2.006257054457982303e+00
8.137999999999999545e+01,1.011348444868216123e-01,3.998314496600021695e+00,-2.000257054457982520e+00
8.140000000000000568e+01,1.011348444868216123e-01,3.998314496600021695e+00,-1.994257054457982514e+00
8.142000000000000171e+01,1.011348444868216123e-01,3.998314496600021695e+00,-1.988257054457982509e+00
8.143999999999999773e+01,1.011348444868216123e-01,3.998314496600021695e+00,-1.982257054457982504e+00
8.145999999999999375e+01,1.011348444868216123e-01,3.998314496600021695e+00,-1.976257054457982498e+00
8.148000000000000398e+01,1.011348444868216123e-01,3.998314496600021695e+00,-1.970257054457982493e+00
8.150000000000000000e+01,1.011348444868216123e-01,3.998314496600021695e+00,-1.964257054457982488e+00
8.151999999999999602e+01,1.011348444868216123e-01,3.998314496600021695e+00,-1.958257054457982704e+00
8.154000000000000625e+01,1.011348444868216123e-01,3.998314496600021695e+00,-1.952257054457982477e+00
8.156000000000000227e+01,1.011348444868216123e-01,3.998314496600021695e+00,-1.946257054457982472e+00
8.157999999999999829e+01,1.011348444868216123e-01,3.998314496600021695e+00,-1.940257054457982688e+00
8.159999999999999432e+01,1.011348444868216123e-01,3.998314496600021695e+00,-1.934257054457982461e+00
8.162000000000000455e+01,1.011348444868216123e-01,3.998314496600021695e+00,-1.928257054457982456e+00
8.164000000000000057e+01,1.011348444868216123e-01,3.998314496600021695e+00,-1.922257054457982672e+00
8.165999999999999659e+01,1.011348444868216123e-01,3.998314496600021695e+00,-1.916257054457982667e+00
8.168000000000000682e+01,1.011348444868216123e-01,3.998314496600021695e+00,-1.910257054457982218e+00
8.170000000000000284e+01,1.011348444868216123e-01,3.998314496600021695e+00,-1.904257054457982434e+00
8.171999999999999886e+01,1.011348444868216123e-01,3.998314496600021695e+00,-1.898257054457982429e+00
8.173999999999999488e+01,1.011348444868216123e-01,3.998314496600021695e+00,-1.892257054457982646e+00
8.176000000000000512e+01,1.011348444868216123e-01,3.998314496600021695e+00,-1.886257054457982418e+00
8.178000000000000114e+01,1.011348444868216123e-01,3.998314496600021695e+00,-1.880257054457982413e+00
8.179999999999999716e+01,1.011348444868216123e-01,3.998314496600021695e+00,-1.874257054457982186e+00
8.181999999999999318e+01,1.011348444868216123e-01,3.998314496600021695e+00,-1.868257054457982402e+00
8.184000000000000341e+01,1.011348444868216123e-01,3.998314496600021695e+00,-1.862693619447499227e+00
8.185999999999999943e+01,1.011348444868216123e-01,3.998314496600021695e+00,-1.857130184437016496e+00
8.187999999999999545e+01,1.011348444868216123e-01,3.998314496600021695e+00,-1.851566749426533764e+00
8.190000000000000568e+01,1.011348444868216123e-01,3.998314496600021695e+00,-1.846003314416050589e+00
8.192000000000000171e+01,1.011348444868216123e-01,3.998314496600021695e+00,-1.840439879405567636e+00
8.193999999999999773e+01,1.011348444868216123e-01,3.998314496600021695e+00,-1.835441519195923243e+00
8.195999999999999375e+01,1.011348444868216123e-01,3.998314496600021695e+00,-1.830443158986278851e+00
8.198000000000000398e+01,1.011348444868216123e-01,3.998314496600021695e+00,-1.825444798776634459e+00
8.200000000000000000e+01,1.011348444868216123e-01,3.998314496600021695e+00,-1.820446438566990066e+00
8.201999999999999602e+01,1.011348444868216123e-01,3.998314496600021695e+00,-1.815448078357345674e+00
8.204000000000000625e+01,1.011348444868216123e-01,3.998314496600021695e+00,-1.810960855664682567e+00
8.206000000000000227e+01,1.011348444868216123e-01,3.998314496600021695e+00,-1.806473632972019683e+00
8.207999999999999829e+01,1.011348444868216123e-01,3.998314496600021695e+00,-1.801986410279356354e+00
8.209999999999999432e+01,1.011348444868216123e-01,3.998314496600021695e+00,-1.797499187586693248e+00
8.212000000000000455e+01,1.011348444868216123e-01,3.998314496600021695e+00,-1.793011964894030141e+00
8.214000000000000057e+01,1.011348444868216123e-01,3.998314496600021695e+00,-1.788983687220973007e+00
8.215999999999999659e+01,1.011348444868216123e-01,3.998314496600021695e+00,-1.784955409547915872e+00
8.218000000000000682e+01,1.011348444868216123e-01,3.998314496600021695e+00,-1.780927131874858738e+00
8.220000000000000284e+01,1.011348444868216123e-01,3.998314496600021695e+00,-1.776898854201801603e+00
8.221999999999999886e+01,1.011348444868216123e-01,3.998314496600021695e+00,-1.772870576528744468e+00
8.223999999999999488e+01,1.003391243867184368e-01,3.994394444038416925e+00,-1.769254305523385140e+00
8.226000000000000512e+01,9.955758543111156711e-02,3.990471539575608517e+00,-1.765638034518025812e+00
8.228000000000000114e+01,9.879023784049972834e-02,3.986545834512994269e+00,-1.762021763512666483e+00
8.229999999999999716e+01,9.803709164979573787e-02,3.982617380188596456e+00,-1.758405492507307155e+00
8.231999999999999318e+01,9.729815670819486062e-02,3.978686227976389933e+00,-1.754789221501947827e+00
8.234000000000000341e+01,9.657274178426270006e-02,3.974752558059076790e+00,-1.751529263713363482e+00
8.235999999999999943e+01,9.586015429010841249e-02,3.970816544226096312e+00,-1.748269305924778916e+00
8.237999999999999545e+01,9.516040179862399195e-02,3.966878228306708998e+00,-1.745009348136194571e+00
8.240000000000000568e+01,9.447349174629982027e-02,3.962937652154640222e+00,-1.741749390347610449e+00
8.242000000000000171e+01,9.379943143314570242e-02,3.958994857647635257e+00,-1.738489432559026326e+00
8.243999999999999773e+01,9.313760153224534544e-02,3.955049991409228749e+00,-1.735547066151163387e+00
8.245999999999999375e+01,9.248738172140072433e-02,3.951103194903931026e+00,-1.732604699743300669e+00
8.248000000000000398e+01,9.184877762989894501e-02,3.947154502301187584e+00,-1.729662333335437951e+00
8.250000000000000000e+01,9.122179478646386119e-02,3.943203947786859231e+00,-1.726719966927575234e+00
8.251999999999999602e+01,9.060643861920805731e-02,3.939251565562925883e+00,-1.723777600519712516e+00
8.254000000000000625e+01,9.000214800619868449e-02,3.935297476103881920e+00,-1.721121723757740307e+00
8.256000000000000227e+01,8.940836108638820778e-02,3.931341795670763695e+00,-1.718465846995767654e+00
8.257999999999999829e+01,8.882508204815774133e-02,3.927384552165663845e+00,-1.715809970233795223e+00
8.259999999999999432e+01,8.825231500576921628e-02,3.923425773501700853e+00,-1.713154093471822792e+00
8.262000000000000455e+01,8.769006399933661211e-02,3.919465487602821874e+00,-1.710498216709850361e+00
8.264000000000000057e+01,8.713782087289258238e-02,3.915503793537626898e+00,-1.708100859284533257e+00
8.265999999999999659e+01,8.659507692099389919e-02,3.911540786934101899e+00,-1.705703501859216153e+00
8.268000000000000682e+01,8.606183526296362629e-02,3.907576490568913652e+00,-1.703306144433899272e+00
8.270000000000000284e+01,8.553809896351224906e-02,3.903610927226141225e+00,-1.700908787008581724e+00
8.271999999999999886e+01,8.502387103271964730e-02,3.899644119697145417e+00,-1.698511429583264842e+00
8.273999999999999488e+01,8.451915442601830308e-02,3.895676090780438194e+00,-1.696114072157947739e+00
8.276000000000000512e+01,8.402395204417618946e-02,3.891706863281550799e+00,-1.693716714732630635e+00
8.278000000000000114e+01,8.353826673327940933e-02,3.887736460012903628e+00,-1.691319357307313753e+00
8.279999999999999716e+01,8.306163800614249637e-02,3.883764959186740473e+00,-1.689155289129980586e+00
8.281999999999999318e+01,8.259360498692269736e-02,3.879792436203966410e+00,-1.686991220952647863e+00
8.284000000000000341e+01,8.213372370230498376e-02,3.875818961126848539e+00,-1.685051714226054820e+00
8.285999999999999943e+01,8.168154985945978719e-02,3.871844601580926248e+00,-1.683112207499461555e+00
8.287999999999999545e+01,8.123708515932299978e-02,3.867869372516488546e+00,-1.681172700772868511e+00
8.290000000000000568e+01,8.080033127383079439e-02,3.863893288887095601e+00,-1.679233194046275468e+00
8.292000000000000171e+01,8.037128984591383751e-02,3.859916365649522341e+00,-1.677293687319682425e+00
8.293999999999999773e+01,7.994958669897042625e-02,3.855938657468938047e+00,-1.675543121753331421e+00
8.295999999999999375e+01,7.953484743359490183e-02,3.851960217164524192e+00,-1.673792556186980196e+00
8.298000000000000398e+01,7.912707332074682409e-02,3.847981056928127863e+00,-1.672041990620629415e+00
8.300000000000000000e+01,7.872626561004135437e-02,3.844001188953801940e+00,-1.670291425054278411e+00
8.301999999999999602e+01,7.833242552974543915e-02,3.840020625437768231e+00,-1.668540859487927630e+00
8.304000000000000625e+01,7.794521545067281676e-02,3.836039411423846968e+00,-1.666960506102288964e+00
8.306000000000000227e+01,7.756429757755892163e-02,3.832057590452994322e+00,-1.665380152716650297e+00
8.307999999999999829e+01,7.718967286175244802e-02,3.828075172469873166e+00,-1.663799799331012297e+00
8.309999999999999432e+01,7.682134223888456570e-02,3.824092167420637622e+00,-1.662219445945373630e+00
8.312000000000000455e+01,7.645930662886665785e-02,3.820108585252907307e+00,-1.660639092559735186e+00
8.314000000000000057e+01,7.610326092242032658e-02,3.816124463173853787e+00,-1.659212351722102685e+00
8.315999999999999659e+01,7.575289988609922032e-02,3.812139837165041012e+00,-1.657785610884469962e+00
8.318000000000000682e+01,7.540822423309417877e-02,3.808154715337529694e+00,-1.656358870046837684e+00
8.320000000000000284e+01,7.506923466502365971e-02,3.804169105803390849e+00,-1.654932129209205183e+00
8.321999999999999886e+01,7.473593187193063037e-02,3.800183016675687142e+00,-1.653505388371572682e+00
8.323999999999999488e+01,7.440804017595142872e-02,3.796196478726106882e+00,-1.652217289337821526e+00
8.326000000000000512e+01,7.408528380625126197e-02,3.792209521726896515e+00,-1.650929190304070593e+00
8.328000000000000114e+01,7.376766329834813507e-02,3.788222152293210687e+00,-1.649641091270319215e+00
8.329999999999999716e+01,7.345517917923714835e-02,3.784234377040887942e+00,-1.648352992236567838e+00
8.331999999999999318e+01,7.314783196739156612e-02,3.780246202586440951e+00,-1.647064893202817126e+00
8.334000000000000341e+01,7.284537261713848466e-02,3.776257654412214393e+00,-1.645901928006449744e+00
8.335999999999999943e+01,7.254755201308704660e-02,3.772268757185600840e+00,-1.644738962810082361e+00
8.337999999999999545e+01,7.225437055803517195e-02,3.768279516301535903e+00,-1.643575997613715645e+00
8.340000000000000568e+01,7.196582864850835370e-02,3.764289937155419263e+00,-1.642413032417348040e+00
8.342000000000000171e+01,7.168192667475506430e-02,3.760300025143108460e+00,-1.641250067220981101e+00
8.343999999999999773e+01,7.140243967904681688e-02,3.756309801396353176e+00,-1.640200047244544823e+00
8.345999999999999375e+01,7.112714265128575186e-02,3.752319286382417296e+00,-1.639150027268108545e+00
8.348000000000000398e+01,7.085603589499936406e-02,3.748328484501010749e+00,-1.638100007291672267e+00
8.350000000000000000e+01,7.058911970909377553e-02,3.744337400152160100e+00,-1.637049987315235988e+00
8.351999999999999602e+01,7.032639438785495689e-02,3.740346037736202334e+00,-1.635999967338799488e+00
8.354000000000000625e+01,7.006765675190554377e-02,3.736354414803448876e+00,-1.635051894122433236e+00
8.356000000000000227e+01,6.981270358246391416e-02,3.732362548362429866e+00,-1.634103820906067428e+00
8.357999999999999829e+01,6.956153510869285406e-02,3.728370442001206264e+00,-1.633155747689700954e+00
8.359999999999999432e+01,6.931415155635352321e-02,3.724378099308053081e+00,-1.632207674473334924e+00
8.362000000000000455e+01,6.907055314780408128e-02,3.720385523871459377e+00,-1.631259601256968672e+00
8.364000000000000057e+01,6.883055638774657203e-02,3.716392730290761115e+00,-1.630403549999118074e+00
8.365999999999999659e+01,6.859397775117577478e-02,3.712399732723566714e+00,-1.629547498741267697e+00
8.368000000000000682e+01,6.836081741146338153e-02,3.708406534096039042e+00,-1.628691447483417321e+00
8.370000000000000284e+01,6.813107553947336803e-02,3.704413137334489292e+00,-1.627835396225566722e+00
8.371999999999999886e+01,6.790475230356772529e-02,3.700419545365372986e+00,-1.626979344967716345e+00
8.373999999999999488e+01,6.768184786959970112e-02,3.696425761115289088e+00,-1.626123293709866191e+00
8.376000000000000512e+01,6.746236240092000347e-02,3.692431787510977337e+00,-1.625267242452015815e+00
8.378000000000000114e+01,6.724613016838588975e-02,3.688437636434097389e+00,-1.624494256946576343e+00
8.379999999999999716e+01,6.703298542103316993e-02,3.684443319406118356e+00,-1.623721271441137315e+00
8.381999999999999318e+01,6.682292828621787251e-02,3.680448838813670687e+00,-1.622948285935698065e+00
8.384000000000000341e+01,6.661580246477473433e-02,3.676454205132008379e+00,-1.622253617260881464e+00
8.385999999999999943e+01,6.641145163997072554e-02,3.672459428530371994e+00,-1.621558948586065085e+00
8.387999999999999545e+01,6.620987591041765929e-02,3.668464510936499057e+00,-1.620864279911249151e+00
8.390000000000000568e+01,6.601107537338869735e-02,3.664469454278195482e+00,-1.620169611236432772e+00
8.392000000000000171e+01,6.581505012481897454e-02,3.660474260483333353e+00,-1.619474942561615949e+00
8.393999999999999773e+01,6.562166553554626969e-02,3.656478937983699939e+00,-1.618847714213786704e+00
8.395999999999999375e+01,6.543078696368018199e-02,3.652483494973688849e+00,-1.618220485865957237e+00
8.398000000000000398e+01,6.524241448431455925e-02,3.648487933025168939e+00,-1.617593257518127547e+00
8.400000000000000000e+01,6.505654817155911984e-02,3.644492253710055252e+00,-1.616966029170298302e+00
8.401999999999999602e+01,6.487318809853585833e-02,3.640496458600309904e+00,-1.616338800822468613e+00
8.404000000000000625e+01,6.469221284260022464e-02,3.636500554756501913e+00,-1.615772381820969938e+00
8.406000000000000227e+01,6.451350097144099849e-02,3.632504549045879383e+00,-1.615205962819471042e+00
8.407999999999999829e+01,6.433705254239270588e-02,3.628508442750483010e+00,-1.614639543817972145e+00
8.409999999999999432e+01,6.416286761206618783e-02,3.624512237152385019e+00,-1.614073124816473248e+00
8.412000000000000455e+01,6.399094623634550560e-02,3.620515933533690500e+00,-1.613506705814974351e+00
8.414000000000000057e+01,6.382117877737172873e-02,3.616519537824929742e+00,-1.612995182545165385e+00
8.415999999999999659e+01,6.365345558992036024e-02,3.612523055799007565e+00,-1.612483659275355974e+00
8.418000000000000682e+01,6.348777671787564358e-02,3.608526488501627494e+00,-1.611972136005546785e+00
8.420000000000000284e+01,6.332414220458966458e-02,3.604529836978516144e+00,-1.611460612735737596e+00
8.421999999999999886e+01,6.316255209287796601e-02,3.600533102275421005e+00,-1.610949089465928408e+00
8.423999999999999488e+01,6.300300642502131010e-02,3.596536285438112213e+00,-1.610437566196119441e+00
8.426000000000000512e+01,6.284550524276565076e-02,3.592539387512380777e+00,-1.609926042926310252e+00
8.428000000000000114e+01,6.269004858732302177e-02,3.588542409544039469e+00,-1.609414519656500842e+00
8.429999999999999716e+01,6.253653745185516755e-02,3.584545356373672220e+00,-1.608952556477094120e+00
8.431999999999999318e+01,6.238487282409284351e-02,3.580548232713320456e+00,-1.608490593297687843e+00
8.434000000000000341e+01,6.223495935053741102e-02,3.576551042985316453e+00,-1.608076356429984699e+00
8.435999999999999943e+01,6.208670167314955107e-02,3.572553791500569620e+00,-1.607662119562281777e+00
8.437999999999999545e+01,6.194009981736831039e-02,3.568556478944977073e+00,-1.607247882694578411e+00
8.440000000000000568e+01,6.179515380835078758e-02,3.564559106004446587e+00,-1.606833645826875490e+00
8.442000000000000171e+01,6.165186367096676251e-02,3.560561673364896151e+00,-1.606419408959172124e+00
8.443999999999999773e+01,6.151014912899526593e-02,3.556564184552899910e+00,-1.606045347610374652e+00
8.445999999999999375e+01,6.136992990296051553e-02,3.552566643010640401e+00,-1.605671286261577402e+00
8.448000000000000398e+01,6.123120601248233791e-02,3.548569049297460865e+00,-1.605297224912779708e+00
8.450000000000000000e+01,6.109397747697042219e-02,3.544571403972712531e+00,-1.604923163563982236e+00
8.451999999999999602e+01,6.095824431562550660e-02,3.540573707595753294e+00,-1.604549102215184986e+00
8.454000000000000625e+01,6.082393417002478209e-02,3.536575963152619462e+00,-1.604211249909691661e+00
8.456000000000000227e+01,6.069097467924110950e-02,3.532578173560653845e+00,-1.603873397604198336e+00
8.457999999999999829e+01,6.055936585844978737e-02,3.528580339276180755e+00,-1.603535545298705456e+00
8.459999999999999432e+01,6.042910772267364589e-02,3.524582460755529834e+00,-1.603197692993212353e+00
8.462000000000000455e+01,6.030020028678171468e-02,3.520584538455035606e+00,-1.602859840687719029e+00
8.464000000000000057e+01,6.017257821426365283e-02,3.516586574913125762e+00,-1.602554680573391455e+00
8.465999999999999659e+01,6.004617616668146696e-02,3.512588572612201254e+00,-1.602249520459063437e+00
8.468000000000000682e+01,5.992099415580534605e-02,3.508590531924566047e+00,-1.601944360344736085e+00
8.470000000000000284e+01,5.979703219329052244e-02,3.504592453222528992e+00,-1.601639200230407845e+00
8.471999999999999886e+01,5.967429029068452989e-02,3.500594336878402046e+00,-1.601334040116080271e+00
8.473999999999999488e+01,5.955276845941412378e-02,3.496596183264500279e+00,-1.601028880001752475e+00
8.476000000000000512e+01,5.943240769923363587e-02,3.492597994526321248e+00,-1.600753238986242666e+00
8.478000000000000114e+01,5.931314900841503507e-02,3.488599772763667506e+00,-1.600477597970732191e+00
8.479999999999999716e+01,5.919499239602084295e-02,3.484601518280316057e+00,-1.600201956955222382e+00
8.481999999999999318e+01,5.907793787102657429e-02,3.480603231380045681e+00,-1.599926315939712351e+00
8.484000000000000341e+01,5.896198544232719718e-02,3.476604912366638711e+00,-1.599650674924202542e+00
8.485999999999999943e+01,5.884708064595083055e-02,3.472606563106569677e+00,-1.599402281505188261e+00
8.487999999999999545e+01,5.873316901674902751e-02,3.468608185428253332e+00,-1.599153888086174646e+00
8.490000000000000568e+01,5.862025056175517584e-02,3.464609779578386561e+00,-1.598905494667160809e+00
8.492000000000000171e+01,5.850832528793472459e-02,3.460611345803668470e+00,-1.598657101248146972e+00
8.493999999999999773e+01,5.839734407643068503e-02,3.456612885712095018e+00,-1.598433280138527923e+00
8.495999999999999375e+01,5.828725780747235491e-02,3.452614400880737122e+00,-1.598209459028908874e+00
8.498000000000000398e+01,5.817806648657759122e-02,3.448615891509902553e+00,-1.597985637919289825e+00
8.500000000000000000e+01,5.806977011921464482e-02,3.444617357799899970e+00,-1.597761816809670776e+00
8.501999999999999602e+01,5.796236871080811398e-02,3.440618799951039364e+00,-1.597537995700051727e+00
8.504000000000000625e+01,5.785581899853138588e-02,3.436620219314824087e+00,-1.597335816349711779e+00
8.506000000000000227e+01,5.775007771886165459e-02,3.432621617218181154e+00,-1.597133636999372275e+00
8.507999999999999829e+01,5.764514487612384941e-02,3.428622993824559373e+00,-1.596931457649032771e+00
8.509999999999999432e+01,5.754102047460336183e-02,3.424624349297408887e+00,-1.596729278298692822e+00
8.512000000000000455e+01,5.743770451855922943e-02,3.420625683800179839e+00,-1.596527098948353096e+00
8.514000000000000057e+01,5.733515796197728720e-02,3.416626998496326451e+00,-1.596344451116494811e+00
8.515999999999999659e+01,5.723334175830460668e-02,3.412628294529265194e+00,-1.596161803284636971e+00
8.518000000000000682e+01,5.713225591093541722e-02,3.408629572032394250e+00,-1.595979155452778908e+00
8.520000000000000284e+01,5.703190042324206288e-02,3.404630831139111802e+00,-1.595796507620920845e+00
8.521999999999999886e+01,5.693227529857258079e-02,3.400632071982816473e+00,-1.595613859789063005e+00
8.523999999999999488e+01,5.683338054025311586e-02,3.396633294696908223e+00,-1.595431211957204720e+00
8.526000000000000512e+01,5.673521615157821330e-02,3.392634499414786564e+00,-1.595248564125346658e+00
8.528000000000000114e+01,5.663778213582539717e-02,3.388635686269852787e+00,-1.595065916293488595e+00
8.529999999999999716e+01,5.654104322984851438e-02,3.384636856247487113e+00,-1.594900906805071683e+00
8.531999999999999318e+01,5.644496417007952016e-02,3.380638010316724174e+00,-1.594735897316654771e+00
8.534000000000000341e+01,5.634951098707271372e-02,3.376639149396333917e+00,-1.594587878687894866e+00
8.535999999999999943e+01,5.625464971101742928e-02,3.372640274390900750e+00,-1.594439860059134961e+00
8.537999999999999545e+01,5.616038034399582074e-02,3.368641385388038589e+00,-1.594291841430375056e+00
8.540000000000000568e+01,5.606670288806903796e-02,3.364642482475360907e+00,-1.594143822801614929e+00
8.542000000000000171e+01,5.597361734529524013e-02,3.360643565740481620e+00,-1.593995804172855246e+00
8.543999999999999773e+01,5.588109510981609934e-02,3.356644635932135579e+00,-1.593862093309522665e+00
8.545999999999999375e+01,5.578910757551952537e-02,3.352645693788309345e+00,-1.593728382446190528e+00
8.548000000000000398e+01,5.569765474404954342e-02,3.348646739380498172e+00,-1.593594671582857947e+00
8.550000000000000000e+01,5.560673661704353815e-02,3.344647772780197759e+00,-1.593460960719525810e+00
8.551999999999999602e+01,5.551635319612228947e-02,3.340648794058903803e+00,-1.593327249856193673e+00
8.554000000000000625e+01,5.542647869077173967e-02,3.336649803867139052e+00,-1.593206438310669659e+00
8.556000000000000227e+01,5.533708731025867300e-02,3.332650802846680360e+00,-1.593085626765146312e+00
8.557999999999999829e+01,5.524817905589170935e-02,3.328651791055894371e+00,-1.592964815219622965e+00
8.559999999999999432e+01,5.515975392896475815e-02,3.324652768553148174e+00,-1.592844003674099174e+00
8.562000000000000455e+01,5.507181193077540643e-02,3.320653735396809303e+00,-1.592723192128575604e+00
8.564000000000000057e+01,5.498432976773631048e-02,3.316654692154322959e+00,-1.592614030795523883e+00
8.565999999999999659e+01,5.489728414610976076e-02,3.312655639385993833e+00,-1.592504869462472161e+00
8.568000000000000682e+01,5.481067506693314273e-02,3.308656577139475363e+00,-1.592395708129420662e+00
8.570000000000000284e+01,5.472450253123977565e-02,3.304657505462420986e+00,-1.592286546796368496e+00
8.571999999999999886e+01,5.463876654005077327e-02,3.300658424402484581e+00,-1.592177385463316996e+00
8.573999999999999488e+01,5.455346709439132247e-02,3.296659334007320030e+00,-1.592068224130265275e+00
8.576000000000000512e+01,5.446858315425404107e-02,3.292660234770776295e+00,-1.591969585673730370e+00
8.578000000000000114e+01,5.438409367950886725e-02,3.288661127180866117e+00,-1.591870947217195020e+00
8.579999999999999716e+01,5.429999867097069083e-02,3.284662011276499705e+00,-1.591772308760659893e+00
8.581999999999999318e+01,5.421629812946342220e-02,3.280662887096585933e+00,-1.591673670304124766e+00
8.584000000000000341e+01,5.413297262737077481e-02,3.276663755084493701e+00,-1.591584748168047403e+00
8.585999999999999943e+01,5.405000273696208141e-02,3.272664615678730460e+00,-1.591495826031969818e+00
8.587999999999999545e+01,5.396738845890156760e-02,3.268665468910918470e+00,-1.591406903895892455e+00
8.590000000000000568e+01,5.388512979384346008e-02,3.264666314812679104e+00,-1.591317981759815314e+00
8.592000000000000171e+01,5.380322674243200043e-02,3.260667153415634623e+00,-1.591229059623737729e+00
8.593999999999999773e+01,5.372166216854398074e-02,3.256667985100637264e+00,-1.591148707653897265e+00
8.595999999999999375e+01,5.364041893597019245e-02,3.252668810244676134e+00,-1.591068355684056135e+00
8.598000000000000398e+01,5.355949704523568083e-02,3.248669628873571469e+00,-1.590988003714215004e+00
8.600000000000000000e+01,5.347889649686549812e-02,3.244670441013143503e+00,-1.590907651744374318e+00
8.601999999999999602e+01,5.339861729137362900e-02,3.240671246689212914e+00,-1.590827299774533410e+00
8.604000000000000625e+01,5.331864395818327468e-02,3.236672046236757527e+00,-1.590754684899209126e+00
8.606000000000000227e+01,5.323896102664504165e-02,3.232672839987592361e+00,-1.590682070023885286e+00
8.607999999999999829e+01,5.315956849718090488e-02,3.228673627962804993e+00,-1.590609455148561224e+00
8.609999999999999432e+01,5.308046637021284625e-02,3.224674410183482554e+00,-1.590536840273237384e+00
8.612000000000000455e+01,5.300165464614450123e-02,3.220675186670712620e+00,-1.590464225397913101e+00
8.614000000000000057e+01,5.292311934950079400e-02,3.216675957719850931e+00,-1.590398599822692605e+00
8.615999999999999659e+01,5.284484650472169587e-02,3.212676723623677066e+00,-1.590332974247472331e+00
8.618000000000000682e+01,5.276683611214555425e-02,3.208677484399414581e+00,-1.590267348672252057e+00
8.620000000000000284e+01,5.268908817211748891e-02,3.204678240064287031e+00,-1.590201723097032005e+00
8.621999999999999886e+01,5.261160268496231640e-02,3.200678990635517973e+00,-1.590136097521811731e+00
8.623999999999999488e+01,5.253436702517606804e-02,3.196679736374011593e+00,-1.590076786045329982e+00
8.626000000000000512e+01,5.245736856719424718e-02,3.192680477538578643e+00,-1.590017474568848233e+00
8.628000000000000114e+01,5.238060731130137621e-02,3.188681214143287868e+00,-1.589958163092366483e+00
8.629999999999999716e+01,5.230408325775202927e-02,3.184681946202208014e+00,-1.589898851615884734e+00
8.631999999999999318e+01,5.222779640683072183e-02,3.180682673729408272e+00,-1.589839540139402985e+00
8.634000000000000341e+01,5.215173535218115691e-02,3.176683396955777283e+00,-1.589785932998620366e+00
8.635999999999999943e+01,5.207588868744449095e-02,3.172684116110477071e+00,-1.589732325857838191e+00
8.637999999999999545e+01,5.200025641281953714e-02,3.168684831205000219e+00,-1.589678718717055572e+00
8.640000000000000568e+01,5.192483852852997767e-02,3.164685542250840200e+00,-1.589625111576273397e+00
8.642000000000000171e+01,5.184963503479947389e-02,3.160686249259489156e+00,-1.589571504435491001e+00
8.643999999999999773e+01,5.177463562635604977e-02,3.156686952435588278e+00,-1.589523050943775440e+00
8.645999999999999375e+01,5.169982999788808042e-02,3.152687651982398975e+00,-1.589474597452060101e+00
8.648000000000000398e+01,5.162521814957887756e-02,3.148688347909310181e+00,-1.589426143960344318e+00
8.650000000000000000e+01,5.155080008161174593e-02,3.144689040225711718e+00,-1.589377690468628757e+00
8.651999999999999602e+01,5.147657579414249146e-02,3.140689728940992520e+00,-1.589329236976913418e+00
8.654000000000000625e+01,5.140253597635835447e-02,3.136690414236835256e+00,-1.589285439784096754e+00
8.656000000000000227e+01,5.132867131740855710e-02,3.132691096293777289e+00,-1.589241642591280312e+00
8.657999999999999829e+01,5.125498181742491055e-02,3.128691775119490259e+00,-1.589197845398463649e+00
8.659999999999999432e+01,5.118146747654936379e-02,3.124692450721646253e+00,-1.589154048205647429e+00
8.662000000000000455e+01,5.110812829492387965e-02,3.120693123107916023e+00,-1.589110251012831210e+00
8.664000000000000057e+01,5.103495585989146349e-02,3.116693792439824140e+00,-1.589070660924428280e+00
8.665999999999999659e+01,5.096194175877566401e-02,3.112694458877963033e+00,-1.589031070836025572e+00
8.668000000000000682e+01,5.088908599167744212e-02,3.108695122428601909e+00,-1.588991480747622864e+00
8.670000000000000284e+01,5.081638855873139848e-02,3.104695783098008199e+00,-1.588951890659219934e+00
8.671999999999999886e+01,5.074384946002727381e-02,3.100696440892451111e+00,-1.588912300570817449e+00
8.673999999999999488e+01,5.067146109416972161e-02,3.096697095955731616e+00,-1.588876511871767594e+00
8.676000000000000512e+01,5.059921585969517216e-02,3.092697748430887295e+00,-1.588840723172717295e+00
8.678000000000000114e+01,5.052711375672771371e-02,3.088698398323041605e+00,-1.588804934473667219e+00
8.679999999999999716e+01,5.045515478532939385e-02,3.084699045637316672e+00,-1.588769145774617142e+00
8.681999999999999318e+01,5.038333894562429388e-02,3.080699690378835065e+00,-1.588733357075567065e+00
8.684000000000000341e+01,5.031166623767445445e-02,3.076700332552718908e+00,-1.588697568376516989e+00
8.685999999999999943e+01,5.024013666157915031e-02,3.072700972164091215e+00,-1.588661779677467134e+00
8.687999999999999545e+01,5.016874334867832408e-02,3.068701609340661385e+00,-1.588629425911151305e+00
8.690000000000000568e+01,5.009747943025795458e-02,3.064702244209482451e+00,-1.588597072144835032e+00
8.692000000000000171e+01,5.002634490640039261e-02,3.060702876774739956e+00,-1.588564718378519425e+00
8.693999999999999773e+01,4.995533329447619103e-02,3.056703507155695831e+00,-1.588535606471851658e+00
8.695999999999999375e+01,4.988443811186740739e-02,3.052704135471062674e+00,-1.588506494565183891e+00
8.698000000000000398e+01,4.981365935860455202e-02,3.048704761724230217e+00,-1.588477382658515902e+00
8.700000000000000000e+01,4.974299703477914891e-02,3.044705385918588636e+00,-1.588448270751848357e+00
8.701999999999999602e+01,4.967245114045221871e-02,3.040706008057525889e+00,-1.588419158845180368e+00
8.704000000000000625e+01,4.960201608698276698e-02,3.036706628242815231e+00,-1.588392841705704273e+00
8.706000000000000227e+01,4.953168628577689359e-02,3.032707246575840454e+00,-1.588366524566227511e+00
8.707999999999999829e+01,4.946146173688522468e-02,3.028707863059371785e+00,-1.588340207426750750e+00
8.709999999999999432e+01,4.939134244035837951e-02,3.024708477696178566e+00,-1.588313890287274655e+00
8.712000000000000455e+01,4.932132839623010884e-02,3.020709090489030579e+00,-1.588287573147798115e+00
8.714000000000000057e+01,4.925141456002740670e-02,3.016709701528870635e+00,-1.588263778658612679e+00
8.715999999999999659e+01,4.918159588725191933e-02,3.012710310906278721e+00,-1.588239984169427466e+00
8.718000000000000682e+01,4.911187237795964361e-02,3.008710918623519248e+00,-1.588216189680242252e+00
8.720000000000000284e+01,4.904224403218791078e-02,3.004711524682856627e+00,-1.588192395191057260e+00
8.721999999999999886e+01,4.897271084997403823e-02,3.000712129086555269e+00,-1.588168600701871602e+00
8.723999999999999488e+01,4.890327283135536413e-02,2.996712731836879584e+00,-1.588144806212686833e+00
8.726000000000000512e+01,4.883392997636920585e-02,2.992713332936093540e+00,-1.588121011723501619e+00
8.728000000000000114e+01,4.876468228505289465e-02,2.988713932386462879e+00,-1.588097217234315961e+00
8.729999999999999716e+01,4.869552975744375484e-02,2.984714530190250237e+00,-1.588073422745131191e+00
8.731999999999999318e+01,4.862647239359778328e-02,2.980715126349720911e+00,-1.588049628255945755e+00
8.734000000000000341e+01,4.855750114880750395e-02,2.976715721023045269e+00,-1.588030356801944931e+00
8.735999999999999943e+01,4.848860697839937201e-02,2.972716314367937152e+00,-1.588011085347944107e+00
8.737999999999999545e+01,4.841978988237338744e-02,2.968716906385879817e+00,-1.587991813893943505e+00
8.740000000000000568e+01,4.835104986077564532e-02,2.964717497078360520e+00,-1.587972542439942236e+00
8.742000000000000171e+01,4.828238691360613871e-02,2.960718086446863406e+00,-1.587953270985941634e+00
8.743999999999999773e+01,4.821379725215442502e-02,2.956718674557865967e+00,-1.587935894198569287e+00
8.745999999999999375e+01,4.814527708761711516e-02,2.952719261477604551e+00,-1.587918517411196939e+00
8.748000000000000398e+01,4.807682642007087698e-02,2.948719847207285305e+00,-1.587901140623824592e+00
8.750000000000000000e+01,4.800844524949015452e-02,2.944720431748118816e+00,-1.587883763836452244e+00
8.751999999999999602e+01,4.794013357590051067e-02,2.940721015101309899e+00,-1.587866387049080119e+00
8.754000000000000625e+01,4.787188807243767524e-02,2.936721597324813970e+00,-1.587850673961335612e+00
8.756000000000000227e+01,4.780370541217891789e-02,2.932722178476463881e+00,-1.587834960873591550e+00
8.757999999999999829e+01,4.773558559515250072e-02,2.928722758557246841e+00,-1.587819247785846821e+00
8.759999999999999432e+01,4.766752862135842372e-02,2.924723337568151393e+00,-1.587803534698102759e+00
8.762000000000000455e+01,4.759953449082494903e-02,2.920723915510165192e+00,-1.587787821610358474e+00
8.764000000000000057e+01,4.753160019856968871e-02,2.916724492435340821e+00,-1.587773611246124927e+00
8.765999999999999659e+01,4.746372273958850835e-02,2.912725068395549233e+00,-1.587759400881891603e+00
8.768000000000000682e+01,4.739590211388140101e-02,2.908725643391598670e+00,-1.587745190517658722e+00
8.770000000000000284e+01,4.732813832144837363e-02,2.904726217424295598e+00,-1.587730980153424953e+00
8.771999999999999886e+01,4.726043136232067204e-02,2.900726790494448259e+00,-1.587716769789191629e+00
8.773999999999999488e+01,4.719278123652954904e-02,2.896727362602864897e+00,-1.587702559424958526e+00
8.776000000000000512e+01,4.712518522778916946e-02,2.892727933796241491e+00,-1.587689707399276617e+00
8.778000000000000114e+01,4.705764061978422175e-02,2.888728504121202967e+00,-1.587676855373594931e+00
8.779999999999999716e+01,4.699014741258381728e-02,2.884729073578409242e+00,-1.587664003347913244e+00
8.781999999999999318e+01,4.692270560618795605e-02,2.880729642168522453e+00,-1.587651151322232002e+00
8.784000000000000341e+01,4.685531520056207544e-02,2.876730209892200740e+00,-1.587638299296550093e+00
8.785999999999999943e+01,4.678797368571957493e-02,2.872730776792323582e+00,-1.587626702470857021e+00
8.787999999999999545e+01,4.672067855157424621e-02,2.868731342911767346e+00,-1.587615105645163949e+00
8.790000000000000568e+01,4.665342979820266689e-02,2.864731908251069381e+00,-1.587603508819470877e+00
8.792000000000000171e+01,4.658622742560484392e-02,2.860732472810769700e+00,-1.587591911993777583e+00
8.793999999999999773e+01,4.651906916750542242e-02,2.856733036629479194e+00,-1.587581448434644882e+00
8.795999999999999375e+01,4.645195275779215316e-02,2.852733599745694182e+00,-1.587570984875512181e+00
8.798000000000000398e+01,4.638487819638015958e-02,2.848734162159849870e+00,-1.587560521316378814e+00
8.800000000000000000e+01,4.631784548335431823e-02,2.844734723872387683e+00,-1.587550057757246114e+00
8.801999999999999602e+01,4.625085461871462911e-02,2.840735284883742828e+00,-1.587539594198113413e+00
8.804000000000000625e+01,4.618390360408428097e-02,2.836735845227785990e+00,-1.587530129926711719e+00
8.806000000000000227e+01,4.611699044129577429e-02,2.832736404938365204e+00,-1.587520665655309582e+00
8.807999999999999829e+01,4.605011513025526748e-02,2.828736964015838407e+00,-1.587511201383908110e+00
8.809999999999999432e+01,4.598327767105660213e-02,2.824737522460566197e+00,-1.587501737112506195e+00
8.812000000000000455e+01,4.591647806365285744e-02,2.820738080272903403e+00,-1.587492272841104946e+00
8.814000000000000057e+01,4.584971450249802905e-02,2.816738637483343854e+00,-1.587483711458949731e+00
8.815999999999999659e+01,4.578298518209628076e-02,2.812739194122343633e+00,-1.587475150076794295e+00
8.818000000000000682e+01,4.571629010249948777e-02,2.808739750190194506e+00,-1.587466588694638858e+00
8.820000000000000284e+01,4.564962926365577489e-02,2.804740305687189572e+00,-1.587458027312483866e+00
8.821999999999999886e+01,4.558300266561701036e-02,2.800740860613621042e+00,-1.587449465930328651e+00
8.823999999999999488e+01,4.551641030833132595e-02,2.796741414969785122e+00,-1.587440904548173659e+00
8.826000000000000512e+01,4.544985055938973589e-02,2.792741968783105655e+00,-1.587433159488667922e+00
8.828000000000000114e+01,4.538332178642164039e-02,2.788742522081036235e+00,-1.587425414429162851e+00
8.829999999999999716e+01,4.531682398942703249e-02,2.784743074863817558e+00,-1.587417669369657558e+00
8.831999999999999318e+01,4.525035716834858307e-02,2.780743627131689433e+00,-1.587409924310152265e+00
8.834000000000000341e+01,4.518391981450657624e-02,2.776744178910054650e+00,-1.587402933760384993e+00
8.835999999999999943e+01,4.511751041893220099e-02,2.772744730224084631e+00,-1.587395943210617721e+00
8.837999999999999545e+01,4.505112898168897595e-02,2.768745281073973885e+00,-1.587388952660850450e+00
8.840000000000000568e+01,4.498477550284043364e-02,2.764745831459919145e+00,-1.587381962111082956e+00
8.842000000000000171e+01,4.491844998232304154e-02,2.760746381382112702e+00,-1.587374971561315684e+00
8.843999999999999773e+01,4.485215108798042138e-02,2.756746930862850498e+00,-1.587368647220567919e+00
8.845999999999999375e+01,4.478587748745305880e-02,2.752747479924369411e+00,-1.587362322879819487e+00
8.848000000000000398e+01,4.471962918088139699e-02,2.748748028566834201e+00,-1.587355998539071278e+00
8.850000000000000000e+01,4.465340616812499969e-02,2.744748576790400740e+00,-1.587349674198323290e+00
8.851999999999999602e+01,4.458720844932430316e-02,2.740749124595228903e+00,-1.587343349857574859e+00
8.854000000000000625e+01,4.452103482046979727e-02,2.736749672001360434e+00,-1.587337627589196831e+00
8.856000000000000227e+01,4.445488407751207321e-02,2.732750219028895255e+00,-1.587331905320818803e+00
8.857999999999999829e+01,4.438875622045113101e-02,2.728750765677963930e+00,-1.587326183052440554e+00
8.859999999999999432e+01,4.432265124944217982e-02,2.724751311948695243e+00,-1.587320460784062748e+00
8.862000000000000455e+01,4.425656916433001048e-02,2.720751857841222421e+00,-1.587314738515684720e+00
8.864000000000000057e+01,4.419050887642004405e-02,2.716752403373553726e+00,-1.587309560698380473e+00
8.865999999999999659e+01,4.412446929693705777e-02,2.712752948563889266e+00,-1.587304382881076670e+00
8.868000000000000682e+01,4.405845042588104471e-02,2.708753493412338731e+00,-1.587299205063772645e+00
8.870000000000000284e+01,4.399245226333777653e-02,2.704754037919009590e+00,-1.587294027246468620e+00
8.871999999999999886e+01,4.392647480922148850e-02,2.700754582084006206e+00,-1.587288849429164594e+00
8.873999999999999488e+01,4.386051707887252127e-02,2.696755125923813168e+00,-1.587284163987430441e+00
8.876000000000000512e+01,4.379457808779529254e-02,2.692755669454623302e+00,-1.587279478545695843e+00
8.878000000000000114e+01,4.372865783598979539e-02,2.688756212676525426e+00,-1.587274793103961690e+00
8.879999999999999716e+01,4.366275632336125145e-02,2.684756755589605692e+00,-1.587270107662226870e+00
8.881999999999999318e+01,4.359687265949470369e-02,2.680757298208582551e+00,-1.587265867523745877e+00
8.884000000000000341e+01,4.353100595383573024e-02,2.676757840548241951e+00,-1.587261627385264662e+00
8.885999999999999943e+01,4.346515620648906675e-02,2.672758382608652727e+00,-1.587257387246783669e+00
8.887999999999999545e+01,4.339932341734997756e-02,2.668758924389886822e+00,-1.587253147108302453e+00
8.890000000000000568e+01,4.333350758652319140e-02,2.664759465892016177e+00,-1.587248906969821016e+00
8.892000000000000171e+01,4.326770871390397954e-02,2.660760007115113179e+00,-1.587244666831339801e+00
8.893999999999999773e+01,4.320192601203193261e-02,2.656760548072178540e+00,-1.587240820478094783e+00
8.895999999999999375e+01,4.313615869356293014e-02,2.652761088776248499e+00,-1.587236974124849542e+00
8.898000000000000398e+01,4.307040675838152283e-02,2.648761629227383896e+00,-1.587233127771604746e+00
8.900000000000000000e+01,4.300467020660315998e-02,2.644762169425642906e+00,-1.587229281418359950e+00
8.901999999999999602e+01,4.293894903811238534e-02,2.640762709371086814e+00,-1.587225435065114709e+00
8.904000000000000625e+01,4.287324252328379021e-02,2.636763249075817939e+00,-1.587221953647901751e+00
8.906000000000000227e+01,4.280754993212783355e-02,2.632763788551821804e+00,-1.587218472230688793e+00
8.907999999999999829e+01,4.274187126477208692e-02,2.628764327799146816e+00,-1.587214990813475834e+00
8.909999999999999432e+01,4.267620652121654340e-02,2.624764866817840492e+00,-1.587211509396262876e+00
8.912000000000000455e+01,4.261055570146120297e-02,2.620765405607951237e+00,-1.587208027979049918e+00
8.914000000000000057e+01,4.254491814501820679e-02,2.616765944180407644e+00,-1.587204876854568791e+00
8.915999999999999659e+01,4.247929319141648813e-02,2.612766482546053481e+00,-1.587201725730087665e+00
8.918000000000000682e+01,4.241368084051511111e-02,2.608767020704927830e+00,-1.587198574605606538e+00
8.920000000000000284e+01,4.234808109259594749e-02,2.604767558657066218e+00,-1.587195423481125189e+00
8.921999999999999886e+01,4.228249394723619659e-02,2.600768096402512608e+00,-1.587192272356644285e+00
8.923999999999999488e+01,4.221691940485865213e-02,2.596768633941306526e+00,-1.587189121232163158e+00
8.926000000000000512e+01,4.215135746518145626e-02,2.592769171273483053e+00,-1.587185970107682031e+00
8.928000000000000114e+01,4.208580753096114596e-02,2.588769708408709125e+00,-1.587183117764884077e+00
8.929999999999999716e+01,4.202026900450728936e-02,2.584770245356982521e+00,-1.587180265422085901e+00
8.931999999999999318e+01,4.195474188581989339e-02,2.580770782118332107e+00,-1.587177413079288391e+00
8.934000000000000341e+01,4.188922561048730869e-02,2.576771318702097080e+00,-1.587174843030667581e+00
8.935999999999999943e+01,4.182371961398389376e-02,2.572771855117490514e+00,-1.587172272982046772e+00
8.937999999999999545e+01,4.175822389630965553e-02,2.568772391364544827e+00,-1.587169702933426185e+00
8.940000000000000568e+01,4.169273845746458707e-02,2.564772927443286665e+00,-1.587167132884806042e+00
8.942000000000000171e+01,4.162726329744869530e-02,2.560773463353738233e+00,-1.587164562836185233e+00
8.943999999999999773e+01,4.156179792897385372e-02,2.556773999103874484e+00,-1.587162236441360452e+00
8.945999999999999375e+01,4.149634186493695448e-02,2.552774534701720999e+00,-1.587159910046535671e+00
8.948000000000000398e+01,4.143089510514710166e-02,2.548775070147301314e+00,-1.587157583651711112e+00
8.950000000000000000e+01,4.136545764960429528e-02,2.544775605440639854e+00,-1.587155257256886109e+00
8.951999999999999602e+01,4.130002949849942429e-02,2.540776140581754383e+00,-1.587152930862061329e+00
8.954000000000000625e+01,4.123461021139053495e-02,2.536776675577828044e+00,-1.587150824647045155e+00
8.956000000000000227e+01,4.116919934804273706e-02,2.532777210436126136e+00,-1.587148718432028982e+00
8.957999999999999829e+01,4.110379690845603756e-02,2.528777745156661982e+00,-1.587146612217012809e+00
8.959999999999999432e+01,4.103840289263042951e-02,2.524778279739462228e+00,-1.587144506001996636e+00
8.962000000000000455e+01,4.097301730035507461e-02,2.520778814184526428e+00,-1.587142399786980462e+00
8.964000000000000057e+01,4.090763973356109640e-02,2.516779348498421776e+00,-1.587140492780408696e+00
8.965999999999999659e+01,4.084226979380418260e-02,2.512779882687643074e+00,-1.587138585773836708e+00
8.968000000000000682e+01,4.077690748108433322e-02,2.508780416752219189e+00,-1.587136678767265385e+00
8.970000000000000284e+01,4.071155279516867204e-02,2.504780950692150565e+00,-1.587134771760693397e+00
8.971999999999999886e+01,4.064620573652294455e-02,2.500781484507451413e+00,-1.587132864754121853e+00
8.973999999999999488e+01,4.058086630468140527e-02,2.496782018198151043e+00,-1.587130957747549864e+00
8.976000000000000512e+01,4.051553413960141264e-02,2.492782551770309940e+00,-1.587129230990754314e+00
8.978000000000000114e+01,4.045020888060546493e-02,2.488783085229654635e+00,-1.587127504233958541e+00
8.979999999999999716e+01,4.038489052743637897e-02,2.484783618576209552e+00,-1.587125777477163435e+00
8.981999999999999318e+01,4.031957908060851414e-02,2.480784151809982241e+00,-1.587124050720367885e+00
8.984000000000000341e+01,4.025427453986469423e-02,2.476784684930989133e+00,-1.587122323963572335e+00
8.985999999999999943e+01,4.018897657186831091e-02,2.472785217944494462e+00,-1.587120763936894496e+00
8.987999999999999545e+01,4.012368484293395848e-02,2.468785750856151040e+00,-1.587119203910217102e+00
8.990000000000000568e+01,4.005839935334630508e-02,2.464786283665949984e+00,-1.587117643883539042e+00
8.992000000000000171e+01,3.999312010310535070e-02,2.460786816373909058e+00,-1.587116083856861648e+00
8.993999999999999773e+01,3.992784709221109535e-02,2.456787348980028263e+00,-1.587114523830184032e+00
8.995999999999999375e+01,3.986258032066353901e-02,2.452787881484334243e+00,-1.587112963803506194e+00
8.998000000000000398e+01,3.979731948680648168e-02,2.448788413891967775e+00,-1.587111554467986796e+00
9.000000000000000000e+01,3.973206428955453062e-02,2.444788946207639757e+00,-1.587110145132467176e+00
9.001999999999999602e+01,3.966681472890768584e-02,2.440789478431340420e+00,-1.587108735796947556e+00
9.004000000000000625e+01,3.960157080518104944e-02,2.436790010563089304e+00,-1.587107326461428158e+00
9.006000000000000227e+01,3.953633223951587283e-02,2.432790542607388584e+00,-1.587106056201308402e+00
9.007999999999999829e+01,3.947109875430965253e-02,2.428791074568820818e+00,-1.587104785941188423e+00
9.009999999999999432e+01,3.940587034956238160e-02,2.424791606447396664e+00,-1.587103515681068666e+00
9.012000000000000455e+01,3.934064702527406698e-02,2.420792138243116121e+00,-1.587102245420948909e+00
9.014000000000000057e+01,3.927542853591278749e-02,2.416792669959999973e+00,-1.587101097834465291e+00
9.015999999999999659e+01,3.921021463609495467e-02,2.412793201602040138e+00,-1.587099950247981006e+00
9.018000000000000682e+01,3.914500532620754369e-02,2.408793733169248608e+00,-1.587098802661497388e+00
9.020000000000000284e+01,3.907980060625056151e-02,2.404794264661625824e+00,-1.587097655075013769e+00
9.021999999999999886e+01,3.901460047583702601e-02,2.400794796079171345e+00,-1.587096507488529706e+00
9.023999999999999488e+01,3.894940471867545245e-02,2.396795327425063071e+00,-1.587095468066779480e+00
9.026000000000000512e+01,3.888421311904868144e-02,2.392795858703196110e+00,-1.587094428645029254e+00
9.028000000000000114e+01,3.881902567610221594e-02,2.388796389913570462e+00,-1.587093389223279249e+00
9.029999999999999716e+01,3.875384239069055298e-02,2.384796921056173247e+00,-1.587092349801528801e+00
9.031999999999999318e+01,3.868866326195920247e-02,2.380797452131043990e+00,-1.587091310379778797e+00
9.034000000000000341e+01,3.862348809507553521e-02,2.376797983141763382e+00,-1.587090368799703555e+00
9.035999999999999943e+01,3.855831669425748010e-02,2.372798514091110089e+00,-1.587089427219628535e+00
9.037999999999999545e+01,3.849314905856175001e-02,2.368799044979099211e+00,-1.587088485639553515e+00
9.040000000000000568e+01,3.842798518940326868e-02,2.364799575805730303e+00,-1.587087544059478494e+00
9.042000000000000171e+01,3.836282508536711933e-02,2.360800106570989154e+00,-1.587086602479403474e+00
9.043999999999999773e+01,3.829766857036386030e-02,2.356800637278047006e+00,-1.587085749464929529e+00
9.045999999999999375e+01,3.823251546744887291e-02,2.352801167929529758e+00,-1.587084896450455584e+00
9.048000000000000398e+01,3.816736577558093452e-02,2.348801698525420978e+00,-1.587084043435981640e+00
9.050000000000000000e+01,3.810221949528064950e-02,2.344802229065753085e+00,-1.587083190421507695e+00
9.051999999999999602e+01,3.803707662654802479e-02,2.340802759550509649e+00,-1.587082337407033972e+00
9.054000000000000625e+01,3.797193716990367174e-02,2.336803289979707543e+00,-1.587081484392559805e+00
9.056000000000000227e+01,3.790680096425955853e-02,2.332803820355435320e+00,-1.587080711553350731e+00
9.057999999999999829e+01,3.784166784949881401e-02,2.328804350680829582e+00,-1.587079938714141658e+00
9.059999999999999432e+01,3.777653782562143819e-02,2.324804880955890773e+00,-1.587079165874932807e+00
9.062000000000000455e+01,3.771141089262743801e-02,2.320805411180601130e+00,-1.587078393035723511e+00
9.064000000000000057e+01,3.764628690258825516e-02,2.316805941356881338e+00,-1.587077694394143146e+00
9.065999999999999659e+01,3.758116570621627961e-02,2.312806471487633075e+00,-1.587076995752562114e+00
9.068000000000000682e+01,3.751604730478281385e-02,2.308807001572916295e+00,-1.587076297110981749e+00
9.070000000000000284e+01,3.745093169701656233e-02,2.304807531612691029e+00,-1.587075598469400939e+00
9.071999999999999886e+01,3.738581888355316935e-02,2.300808061606977706e+00,-1.587074899827820795e+00
9.073999999999999488e+01,3.732070886439263491e-02,2.296808591555775880e+00,-1.587074201186239764e+00
9.076000000000000512e+01,3.725560163889931470e-02,2.292809121459085553e+00,-1.587073502544659398e+00
9.078000000000000114e+01,3.719049707676107264e-02,2.288809651319910099e+00,-1.587072869504190020e+00
9.079999999999999716e+01,3.712539504710238997e-02,2.284810181139498741e+00,-1.587072236463720643e+00
9.081999999999999318e+01,3.706029554852022928e-02,2.280810710917895001e+00,-1.587071603423251265e+00
9.084000000000000341e+01,3.699519858171610581e-02,2.276811240655077118e+00,-1.587070970382781665e+00
9.085999999999999943e+01,3.693010402284944982e-02,2.272811770353540428e+00,-1.587070399343006866e+00
9.087999999999999545e+01,3.686501174804437259e-02,2.268812300014820593e+00,-1.587069828303231844e+00
9.090000000000000568e+01,3.679992175730087411e-02,2.264812829638942038e+00,-1.587069257263456823e+00
9.092000000000000171e+01,3.673483404984126399e-02,2.260813359225880337e+00,-1.587068686223682024e+00
9.093999999999999773e+01,3.666974851708990069e-02,2.256813888777543742e+00,-1.587068169995485833e+00
9.095999999999999375e+01,3.660466504895668743e-02,2.252814418295630450e+00,-1.587067653767290309e+00
9.098000000000000398e+01,3.653958364544163118e-02,2.248814947780086282e+00,-1.587067137539094341e+00
9.100000000000000000e+01,3.647450430654472497e-02,2.244815477230964973e+00,-1.587066621310899039e+00
9.101999999999999602e+01,3.640942703140571252e-02,2.240816006648239878e+00,-1.587066105082703071e+00
9.104000000000000625e+01,3.634435172549677073e-02,2.236816536033621183e+00,-1.587065637213598057e+00
9.106000000000000227e+01,3.627927829040986790e-02,2.232817065388569500e+00,-1.587065169344492821e+00
9.107999999999999829e+01,3.621420672614500402e-02,2.228817594713055517e+00,-1.587064701475388029e+00
9.109999999999999432e+01,3.614913703365135039e-02,2.224818124007108544e+00,-1.587064233606282793e+00
9.112000000000000455e+01,3.608406921197973571e-02,2.220818653270698828e+00,-1.587063765737178223e+00
9.114000000000000057e+01,3.601900317466238260e-02,2.216819182504924601e+00,-1.587063341634901370e+00
9.115999999999999659e+01,3.595393883264465240e-02,2.212819711711532467e+00,-1.587062917532624740e+00
9.118000000000000682e+01,3.588887618697367970e-02,2.208820240890555286e+00,-1.587062493430348109e+00
9.120000000000000284e+01,3.582381523764945758e-02,2.204820770041992617e+00,-1.587062069328071479e+00
9.121999999999999886e+01,3.575875598467198602e-02,2.200821299165844902e+00,-1.587061645225794848e+00
9.123999999999999488e+01,3.569369842804127196e-02,2.196821828262079279e+00,-1.587061221123518218e+00
9.126000000000000512e+01,3.562864248788314564e-02,2.192822357331906780e+00,-1.587060836659736962e+00
9.128000000000000114e+01,3.556358808514614028e-02,2.188822886376719179e+00,-1.587060452195955484e+00
9.129999999999999716e+01,3.549853522098534581e-02,2.184823415396516921e+00,-1.587060067732174451e+00
9.131999999999999318e+01,3.543348389424567230e-02,2.180823944391299563e+00,-1.587059683268393195e+00
9.134000000000000341e+01,3.536843410492711975e-02,2.176824473361103518e+00,-1.587059298804611718e+00
9.135999999999999943e+01,3.530338577922457338e-02,2.172825002307865461e+00,-1.587058951041368404e+00
9.137999999999999545e+01,3.523833884543806777e-02,2.168825531232000614e+00,-1.587058603278124869e+00
9.140000000000000568e+01,3.517329330229062440e-02,2.164826060133549390e+00,-1.587058255514881333e+00
9.142000000000000171e+01,3.510824914978223632e-02,2.160826589012471377e+00,-1.587057907751637797e+00
9.143999999999999773e+01,3.504320632075083597e-02,2.156827117867397448e+00,-1.587057593191785632e+00
9.145999999999999375e+01,3.497816475102691336e-02,2.152827646701941156e+00,-1.587057278631933022e+00
9.148000000000000398e+01,3.491312443919869501e-02,2.148828175515969718e+00,-1.587056964072080634e+00
9.150000000000000000e+01,3.484808538526617400e-02,2.144828704309527545e+00,-1.587056649512228468e+00
9.151999999999999602e+01,3.478304758922935724e-02,2.140829233082658600e+00,-1.587056334952375858e+00
9.154000000000000625e+01,3.471801099316673689e-02,2.136829761838701547e+00,-1.587056049731975671e+00
9.156000000000000227e+01,3.465297553838780908e-02,2.132830290576206433e+00,-1.587055764511575928e+00
9.157999999999999829e+01,3.458794122333556931e-02,2.128830819295173260e+00,-1.587055479291176185e+00
9.159999999999999432e+01,3.452290804956702208e-02,2.124831347995553177e+00,-1.587055194070776221e+00
9.162000000000000455e+01,3.445787601552515594e-02,2.120831876677443883e+00,-1.587054908850376034e+00
9.164000000000000057e+01,3.439284506962091148e-02,2.116832405338921141e+00,-1.587054650193712169e+00
9.165999999999999659e+01,3.432781515901105890e-02,2.112832933983551431e+00,-1.587054391537048303e+00
9.168000000000000682e+01,3.426278628197869380e-02,2.108833462611388043e+00,-1.587054132880384438e+00
9.170000000000000284e+01,3.419775843852381619e-02,2.104833991222431422e+00,-1.587053874223720573e+00
9.171999999999999886e+01,3.413273163208023486e-02,2.100834519816627388e+00,-1.587053615567056930e+00
9.173999999999999488e+01,3.406770585749723662e-02,2.096835048394030121e+00,-1.587053356910392843e+00
9.176000000000000512e+01,3.400268111992553466e-02,2.092835576954585441e+00,-1.587053098253728756e+00
9.178000000000000114e+01,3.393765741421441579e-02,2.088836105498347528e+00,-1.587052839597065335e+00
9.179999999999999716e+01,3.387263474551459319e-02,2.084836634025262203e+00,-1.587052580940401247e+00
9.181999999999999318e+01,3.380761310867534675e-02,2.080837162535383644e+00,-1.587052322283737604e+00
9.184000000000000341e+01,3.374259241333083664e-02,2.076837691033500466e+00,-1.587052111433589818e+00
9.185999999999999943e+01,3.367757256045993131e-02,2.072838219517927350e+00,-1.587051900583442254e+00
9.187999999999999545e+01,3.361255355006263074e-02,2.068838747988663851e+00,-1.587051689733294912e+00
9.190000000000000568e+01,3.354753538424511822e-02,2.064839276445644245e+00,-1.587051478883147348e+00
9.192000000000000171e+01,3.348251806090121047e-02,2.060839804888934701e+00,-1.587051268032999785e+00
9.193999999999999773e+01,3.341750158003090748e-02,2.056840333318534775e+00,-1.587051057182851999e+00
9.195999999999999375e+01,3.335248590421006909e-02,2.052840861734892997e+00,-1.587050866442265784e+00
9.198000000000000398e+01,3.328747098972258817e-02,2.048841390138882446e+00,-1.587050675701679348e+00
9.200000000000000000e+01,3.322245683889670648e-02,2.044841918530430291e+00,-1.587050484961093355e+00
9.201999999999999602e+01,3.315744344940418920e-02,2.040842446909609365e+00,-1.587050294220507141e+00
9.204000000000000625e+01,3.309243078709478425e-02,2.036842975276104362e+00,-1.587050121592592733e+00
9.206000000000000227e+01,3.302741881679395475e-02,2.032843503631344806e+00,-1.587049948964678103e+00
9.207999999999999829e+01,3.296240753592918210e-02,2.028844031975410633e+00,-1.587049776336764140e+00
9.209999999999999432e+01,3.289739694450046631e-02,2.024844560308221908e+00,-1.587049603708849510e+00
9.212000000000000455e+01,3.283238704508032596e-02,2.020845088629858566e+00,-1.587049431080935102e+00
9.214000000000000057e+01,3.276737780254911775e-02,2.016845616937304797e+00,-1.587049274461640458e+00
9.215999999999999659e+01,3.270236918665663656e-02,2.012846145234561401e+00,-1.587049117842345813e+00
9.218000000000000682e+01,3.263736120023835036e-02,2.008846673521716308e+00,-1.587048961223051169e+00
9.220000000000000284e+01,3.257235383762332320e-02,2.004847201798592771e+00,-1.587048804603756746e+00
9.221999999999999886e+01,3.250734710164702307e-02,2.000847730065367980e+00,-1.587048647984461880e+00
9.223999999999999488e+01,3.244234098947398198e-02,1.996848258321864522e+00,-1.587048491365167235e+00
9.226000000000000512e+01,3.237733550677513589e-02,1.992848786568259811e+00,-1.587048334745872591e+00
9.228000000000000114e+01,3.231233065071501681e-02,1.988849314804465029e+00,-1.587048178126577946e+00
9.229999999999999716e+01,3.224732639153742725e-02,1.984849843036718076e+00,-1.587048036008186003e+00
9.231999999999999318e+01,3.218232270107043713e-02,1.980850371253444875e+00,-1.587047893889793837e+00
9.234000000000000341e+01,3.211731957618926131e-02,1.976850899460895095e+00,-1.587047751771401671e+00
9.235999999999999943e+01,3.205231699568823756e-02,1.972851427662080326e+00,-1.587047623671678398e+00
9.237999999999999545e+01,3.198731492479888611e-02,1.968851955854923785e+00,-1.587047495571955125e+00
9.240000000000000568e+01,3.192231336698794775e-02,1.964852484039425473e+00,-1.587047367472231851e+00
9.242000000000000171e+01,3.185731232225542248e-02,1.960853012215585167e+00,-1.587047239372508578e+00
9.243999999999999773e+01,3.179231178713456951e-02,1.956853540383403089e+00,-1.587047111272785305e+00
9.245999999999999375e+01,3.172731174330199744e-02,1.952854068546801214e+00,-1.587046995309788322e+00
9.248000000000000398e+01,3.166231216284822597e-02,1.948854596702540354e+00,-1.587046879346791783e+00
9.250000000000000000e+01,3.159731304577325511e-02,1.944855124850859651e+00,-1.587046763383795245e+00
9.251999999999999602e+01,3.153231439207708486e-02,1.940855652991639424e+00,-1.587046647420798262e+00
9.254000000000000625e+01,3.146731618168785438e-02,1.936856181123473908e+00,-1.587046542410834205e+00
9.256000000000000227e+01,3.140231838997157437e-02,1.932856709248436111e+00,-1.587046437400869481e+00
9.257999999999999829e+01,3.133732101692824484e-02,1.928857237366526256e+00,-1.587046332390905201e+00
9.259999999999999432e+01,3.127232406678689264e-02,1.924857765477876459e+00,-1.587046227380941366e+00
9.262000000000000455e+01,3.120732753108947100e-02,1.920858293582486720e+00,-1.587046122370976864e+00
9.264000000000000057e+01,3.114233140154703053e-02,1.916858821678840252e+00,-1.587046027046730590e+00
9.265999999999999659e+01,3.107733565401983589e-02,1.912859349769079342e+00,-1.587045931722484537e+00
9.268000000000000682e+01,3.101234028384916228e-02,1.908859877853203768e+00,-1.587045836398238041e+00
9.270000000000000284e+01,3.094734529569373102e-02,1.904860405931068090e+00,-1.587045741073991767e+00
9.271999999999999886e+01,3.088235068955354559e-02,1.900860934002672309e+00,-1.587045645749745493e+00
9.273999999999999488e+01,3.081735644914818800e-02,1.896861462071148807e+00,-1.587045559202760803e+00
9.276000000000000512e+01,3.075236255253270545e-02,1.892861990134173444e+00,-1.587045472655775891e+00
9.278000000000000114e+01,3.068736899970709794e-02,1.888862518191425366e+00,-1.587045386108791645e+00
9.279999999999999716e+01,3.062237579580255956e-02,1.884863046243065110e+00,-1.587045299561806733e+00
9.281999999999999318e+01,3.055738294081908682e-02,1.880863574289252993e+00,-1.587045213014822043e+00
9.284000000000000341e+01,3.049239041096234865e-02,1.876864102332614470e+00,-1.587045134427443216e+00
9.285999999999999943e+01,3.042739819755586189e-02,1.872864630370854711e+00,-1.587045055840064389e+00
9.287999999999999545e+01,3.036240630059962656e-02,1.868865158404150462e+00,-1.587044977252685563e+00
9.290000000000000568e+01,3.029741471444274276e-02,1.864865686432148451e+00,-1.587044898665306736e+00
9.292000000000000171e+01,3.023242344473611037e-02,1.860866214455201950e+00,-1.587044820077927909e+00
9.293999999999999773e+01,3.016743247238489953e-02,1.856866742472605303e+00,-1.587044748709452335e+00
9.295999999999999375e+01,3.010244178626796108e-02,1.852867270485147433e+00,-1.587044677340976984e+00
9.298000000000000398e+01,3.003745138638529502e-02,1.848867798493411430e+00,-1.587044605972501188e+00
9.300000000000000000e+01,2.997246127273690136e-02,1.844868326496814204e+00,-1.587044534604025614e+00
9.301999999999999602e+01,2.990747144532277663e-02,1.840868854495550044e+00,-1.587044463235550040e+00
9.304000000000000625e+01,2.984248188662266127e-02,1.836869382489016100e+00,-1.587044398414771962e+00
9.306000000000000227e+01,2.977749259511278460e-02,1.832869910478200248e+00,-1.587044333593993883e+00
9.307999999999999829e+01,2.971250355709108282e-02,1.828870438463316539e+00,-1.587044268773215805e+00
9.309999999999999432e+01,2.964751477255755593e-02,1.824870966444151144e+00,-1.587044203952437726e+00
9.312000000000000455e+01,2.958252625521426774e-02,1.820871494420703840e+00,-1.587044139131659648e+00
9.314000000000000057e+01,2.951753798763686112e-02,1.816872022384624863e+00,-1.587044080250386457e+00
9.315999999999999659e+01,2.945254994632284101e-02,1.812872550344539091e+00,-1.587044021369113267e+00
9.318000000000000682e+01,2.938756214635643640e-02,1.808873078300682335e+00,-1.587043962487840076e+00
9.320000000000000284e+01,2.932257458019553106e-02,1.804873606253054374e+00,-1.587043903606566886e+00
9.321999999999999886e+01,2.925758724784012499e-02,1.800874134201655430e+00,-1.587043844725293917e+00
9.323999999999999488e+01,2.919260014157478919e-02,1.796874662152531998e+00,-1.587043791232390477e+00
9.326000000000000512e+01,2.912761325115714381e-02,1.792875190100035931e+00,-1.587043737739487481e+00
9.328000000000000114e+01,2.906262657658718537e-02,1.788875718044167229e+00,-1.587043684246584041e+00
9.329999999999999716e+01,2.899764010956307897e-02,1.784876245984666543e+00,-1.587043630753680823e+00
9.331999999999999318e+01,2.893265386668849443e-02,1.780876773921793221e+00,-1.587043577260777827e+00
9.334000000000000341e+01,2.886766781819152111e-02,1.776877301861889968e+00,-1.587043528656635338e+00
9.335999999999999943e+01,2.880268197070545017e-02,1.772877829798845895e+00,-1.587043480052492850e+00
9.337999999999999545e+01,2.873769630595656571e-02,1.768878357732375450e+00,-1.587043431448350139e+00
9.340000000000000568e+01,2.867271085135544156e-02,1.764878885663049735e+00,-1.587043382844207651e+00
9.342000000000000171e+01,2.860772557949150391e-02,1.760879413590583198e+00,-1.587043334240065162e+00
9.343999999999999773e+01,2.854274049828313051e-02,1.756879941503418419e+00,-1.587043290071999069e+00
9.345999999999999375e+01,2.847775558800179352e-02,1.752880469413740094e+00,-1.587043245903932975e+00
9.348000000000000398e+01,2.841277085870202307e-02,1.748880997320919617e+00,-1.587043201735866882e+00
9.350000000000000000e+01,2.834778631038381916e-02,1.744881525225271401e+00,-1.587043157567800566e+00
9.351999999999999602e+01,2.828280193299264819e-02,1.740882053126795448e+00,-1.587043113399734695e+00
9.354000000000000625e+01,2.821781772943002253e-02,1.736882581029699057e+00,-1.587043073257193182e+00
9.356000000000000227e+01,2.815283368074670070e-02,1.732883108929836879e+00,-1.587043033114651669e+00
9.357999999999999829e+01,2.808784979800549308e-02,1.728883636827554859e+00,-1.587042992972110156e+00
9.359999999999999432e+01,2.802286607014358930e-02,1.724884164722507052e+00,-1.587042952829568421e+00
9.362000000000000455e+01,2.795788250822379972e-02,1.720884692614693456e+00,-1.587042912687026908e+00
9.364000000000000057e+01,2.789289909054576411e-02,1.716885220511439547e+00,-1.587042876197982899e+00
9.365999999999999659e+01,2.782791583108397762e-02,1.712885748405903685e+00,-1.587042839708938669e+00
9.368000000000000682e+01,2.776293270549747699e-02,1.708886276297705509e+00,-1.587042803219894438e+00
9.370000000000000284e+01,2.769794972595674559e-02,1.704886804187225380e+00,-1.587042766730850207e+00
9.371999999999999886e+01,2.763296690463226332e-02,1.700887332074463298e+00,-1.587042730241805977e+00
9.373999999999999488e+01,2.756798420968591817e-02,1.696887859945688692e+00,-1.587042697068815844e+00
9.376000000000000512e+01,2.750300166199736579e-02,1.692888387815240758e+00,-1.587042663895825267e+00
9.378000000000000114e+01,2.743801923479246077e-02,1.688888915682701164e+00,-1.587042630722834913e+00
9.379999999999999716e+01,2.737303694145827582e-02,1.684889443547651355e+00,-1.587042597549844558e+00
9.381999999999999318e+01,2.730805478199481093e-02,1.680889971410928219e+00,-1.587042564376854425e+00
9.384000000000000341e+01,2.724307276042375187e-02,1.676890499276052715e+00,-1.587042534214191392e+00
9.385999999999999943e+01,2.717809084191469618e-02,1.672891027139796982e+00,-1.587042504051528580e+00
9.387999999999999545e+01,2.711310905591393303e-02,1.668891555001240867e+00,-1.587042473888865546e+00
9.390000000000000568e+01,2.704812738769831609e-02,1.664892082860844225e+00,-1.587042443726202956e+00
9.392000000000000171e+01,2.698314583726784538e-02,1.660892610718607276e+00,-1.587042413563540144e+00
9.393999999999999773e+01,2.691816440575997907e-02,1.656893138579356828e+00,-1.587042386133899363e+00
9.395999999999999375e+01,2.685318307139283878e-02,1.652893666438588482e+00,-1.587042358704258360e+00
9.398000000000000398e+01,2.678820186654666882e-02,1.648894194295796423e+00,-1.587042331274618023e+00
9.400000000000000000e+01,2.672322075884122836e-02,1.644894722150980648e+00,-1.587042303844977020e+00
9.401999999999999602e+01,2.665823976446663607e-02,1.640895250004646977e+00,-1.587042276415336239e+00
9.404000000000000625e+01,2.659325887455273041e-02,1.636895777838404564e+00,-1.587042251467076781e+00
9.406000000000000227e+01,2.652827809144127705e-02,1.632896305670493486e+00,-1.587042226518817545e+00
9.407999999999999829e+01,2.646329739733186900e-02,1.628896833500913521e+00,-1.587042201570557864e+00
9.409999999999999432e+01,2.639831681002490979e-02,1.624897361329664891e+00,-1.587042176622298406e+00
9.412000000000000455e+01,2.633333631171999589e-02,1.620897889156747373e+00,-1.587042151674038948e+00
9.414000000000000057e+01,2.626835592264899211e-02,1.616898416996880750e+00,-1.587042128979206934e+00
9.415999999999999659e+01,2.620337561184941239e-02,1.612898944835179593e+00,-1.587042106284374698e+00
9.418000000000000682e+01,2.613839539888911448e-02,1.608899472671644126e+00,-1.587042083589542685e+00
9.420000000000000284e+01,2.607341526420024064e-02,1.604900000506885638e+00,-1.587042060894710893e+00
9.421999999999999886e+01,2.600843524691850636e-02,1.600900528340904128e+00,-1.587042038199878879e+00
9.423999999999999488e+01,2.594345530090932245e-02,1.596901056187016055e+00,-1.587042017551258066e+00
9.426000000000000512e+01,2.587847544092800739e-02,1.592901584031783724e+00,-1.587041996902637253e+00
9.428000000000000114e+01,2.581349564546759137e-02,1.588902111875207135e+00,-1.587041976254016440e+00
9.429999999999999716e+01,2.574851595754201056e-02,1.584902639717286510e+00,-1.587041955605395627e+00
9.431999999999999318e+01,2.568353633413733225e-02,1.580903167557349498e+00,-1.587041934956774814e+00
9.434000000000000341e+01,2.561855678973833442e-02,1.576903695402627203e+00,-1.587041916167070132e+00
9.435999999999999943e+01,2.555357733987817168e-02,1.572904223247166389e+00,-1.587041897377365451e+00
9.437999999999999545e+01,2.548859796092213872e-02,1.568904751090228311e+00,-1.587041878587660992e+00
9.440000000000000568e+01,2.542361865287023209e-02,1.564905278931813193e+00,-1.587041859797956089e+00
9.442000000000000171e+01,2.535863941572245525e-02,1.560905806771920812e+00,-1.587041841008251408e+00
9.443999999999999773e+01,2.529366023846550335e-02,1.556906334573954664e+00,-1.587041823907094029e+00
9.445999999999999375e+01,2.522868113911366783e-02,1.552906862374365371e+00,-1.587041806805936872e+00
9.448000000000000398e+01,2.516370211766694870e-02,1.548907390173153154e+00,-1.587041789704779937e+00
9.450000000000000000e+01,2.509872314815697267e-02,1.544907917971940936e+00,-1.587041772603622780e+00
9.451999999999999602e+01,2.503374425655211302e-02,1.540908445769105573e+00,-1.587041755502465623e+00
9.454000000000000625e+01,2.496876545288026147e-02,1.536908973578983817e+00,-1.587041739935034279e+00
9.456000000000000227e+01,2.490378667773522625e-02,1.532909501387970774e+00,-1.587041724367603157e+00
9.457999999999999829e+01,2.483880798817062960e-02,1.528910029196066223e+00,-1.587041708800171591e+00
9.459999999999999432e+01,2.477382932713284580e-02,1.524910557003270162e+00,-1.587041693232740469e+00
9.462000000000000455e+01,2.470885075167550404e-02,1.520911084808691083e+00,-1.587041677665308903e+00
9.464000000000000057e+01,2.464387225561856173e-02,1.516911612624830985e+00,-1.587041663491700838e+00
9.465999999999999659e+01,2.457889379089374035e-02,1.512912140439991671e+00,-1.587041649318092773e+00
9.468000000000000682e+01,2.451391538883316429e-02,1.508912668254173139e+00,-1.587041635144484708e+00
9.470000000000000284e+01,2.444893704943683008e-02,1.504913196066396397e+00,-1.587041620970876643e+00
9.471999999999999886e+01,2.438395874137261679e-02,1.500913723878619654e+00,-1.587041606797268356e+00
9.473999999999999488e+01,2.431898051869542041e-02,1.496914251672424090e+00,-1.587041593890656355e+00
9.476000000000000512e+01,2.425400233042611028e-02,1.492914779465153163e+00,-1.587041580984044797e+00
9.478000000000000114e+01,2.418902417656468296e-02,1.488915307257882237e+00,-1.587041568077432574e+00
9.479999999999999716e+01,2.412404612592690747e-02,1.484915835049536170e+00,-1.587041555170820573e+00
9.481999999999999318e+01,2.405906807528913199e-02,1.480916362840114742e+00,-1.587041542264208571e+00
9.484000000000000341e+01,2.399409009346712557e-02,1.476916890629618173e+00,-1.587041529357596570e+00
9.485999999999999943e+01,2.392911217851340436e-02,1.472917418410703450e+00,-1.587041517602195695e+00
9.487999999999999545e+01,2.386413430133714486e-02,1.468917946191788726e+00,-1.587041505846794820e+00
9.490000000000000568e+01,2.379915646193835055e-02,1.464918473971693613e+00,-1.587041494091394167e+00
9.492000000000000171e+01,2.373417866031701795e-02,1.460919001750417889e+00,-1.587041482335993292e+00
9.493999999999999773e+01,2.366920091437640580e-02,1.456919529519201006e+00,-1.587041471650096458e+00
9.495999999999999375e+01,2.360422320999423437e-02,1.452920057286685385e+00,-1.587041460964199846e+00
9.498000000000000398e+01,2.353924558872894784e-02,1.448920585054169763e+00,-1.587041450278303456e+00
9.500000000000000000e+01,2.347426796746366132e-02,1.444921112820355624e+00,-1.587041439592406622e+00
9.501999999999999602e+01,2.340929038775681550e-02,1.440921640585242747e+00,-1.587041428906510010e+00
9.504000000000000625e+01,2.334431285342168649e-02,1.436922168392409382e+00,-1.587041419170499568e+00
9.506000000000000227e+01,2.327933536469961595e-02,1.432922696199576018e+00,-1.587041409434488903e+00
9.507999999999999829e+01,2.321435792159060041e-02,1.428923224006742654e+00,-1.587041399698478683e+00
9.509999999999999432e+01,2.314938047848158487e-02,1.424923751812483985e+00,-1.587041389962468019e+00
9.512000000000000455e+01,2.308440312659868626e-02,1.420924279616800012e+00,-1.587041380226457798e+00
9.514000000000000057e+01,2.301942575446311659e-02,1.416924807456008129e+00,-1.587041371353096864e+00
9.515999999999999659e+01,2.295444848242247232e-02,1.412925335295216245e+00,-1.587041362479735929e+00
9.518000000000000682e+01,2.288947121038182805e-02,1.408925863134424361e+00,-1.587041353606374772e+00
9.520000000000000284e+01,2.282449398838864649e-02,1.404926390972068617e+00,-1.587041344733013837e+00
9.521999999999999886e+01,2.275951676639546492e-02,1.400926918809712873e+00,-1.587041335859653124e+00
9.523999999999999488e+01,2.269453965135421331e-02,1.396927446643731363e+00,-1.587041327771409938e+00
9.526000000000000512e+01,2.262956248140744406e-02,1.392927974479465814e+00,-1.587041319683166751e+00
9.528000000000000114e+01,2.256458542127171354e-02,1.388928502311768565e+00,-1.587041311594923565e+00
9.529999999999999716e+01,2.249960836113598303e-02,1.384929030145787054e+00,-1.587041303506680601e+00
9.531999999999999318e+01,2.243463130100025252e-02,1.380929557978089806e+00,-1.587041295418437192e+00
9.534000000000000341e+01,2.236965431425541953e-02,1.376930085707173790e+00,-1.587041288044253040e+00
9.535999999999999943e+01,2.230467732751058654e-02,1.372930613434375946e+00,-1.587041280670068444e+00
9.537999999999999545e+01,2.223970040098790027e-02,1.368931141161578102e+00,-1.587041273295884070e+00
9.540000000000000568e+01,2.217472347446521400e-02,1.364931668888780258e+00,-1.587041265921699695e+00
9.542000000000000171e+01,2.210974660816467444e-02,1.360932196615982415e+00,-1.587041258547515321e+00
9.543999999999999773e+01,2.204476974186413488e-02,1.356932724341302521e+00,-1.587041251173330947e+00
9.545999999999999375e+01,2.197979290816472545e-02,1.352933252166562683e+00,-1.587041244448092803e+00
9.548000000000000398e+01,2.191481607446531601e-02,1.348933779991822846e+00,-1.587041237722855103e+00
9.550000000000000000e+01,2.184983930679914102e-02,1.344934307817083008e+00,-1.587041230997617181e+00
9.551999999999999602e+01,2.178486260516620046e-02,1.340934835640279710e+00,-1.587041224272379258e+00
9.554000000000000625e+01,2.171988589882787452e-02,1.336935363471741356e+00,-1.587041218150458732e+00
9.556000000000000227e+01,2.165490919248954857e-02,1.332935891303203002e+00,-1.587041212028537984e+00
9.557999999999999829e+01,2.158993248615122262e-02,1.328936419132397573e+00,-1.587041205906616792e+00
9.559999999999999432e+01,2.152495585235372766e-02,1.324936946961592144e+00,-1.587041199784696044e+00
9.562000000000000455e+01,2.145997921855623269e-02,1.320937474790786714e+00,-1.587041193662775296e+00
9.564000000000000057e+01,2.139500260048643812e-02,1.316938002512211936e+00,-1.587041188077786158e+00
9.565999999999999659e+01,2.133002606193142719e-02,1.312938530231152257e+00,-1.587041182492796798e+00
9.568000000000000682e+01,2.126504952337641627e-02,1.308939057947607898e+00,-1.587041176907807438e+00
9.570000000000000284e+01,2.120007298482140534e-02,1.304939585666548219e+00,-1.587041171322818078e+00
9.571999999999999886e+01,2.113509644626639442e-02,1.300940113385488539e+00,-1.587041165737828941e+00
9.573999999999999488e+01,2.107011994708719513e-02,1.296940641230994951e+00,-1.587041160641176063e+00
9.576000000000000512e+01,2.100514353504150111e-02,1.292941169079224295e+00,-1.587041155544523185e+00
9.578000000000000114e+01,2.094016703586230183e-02,1.288941696924730707e+00,-1.587041150447870752e+00
9.579999999999999716e+01,2.087519062381660781e-02,1.284942224772960051e+00,-1.587041145351217875e+00
9.581999999999999318e+01,2.081021421177091379e-02,1.280942752618466463e+00,-1.587041140254565441e+00
9.584000000000000341e+01,2.074523788338597866e-02,1.276943280365435696e+00,-1.587041135601706232e+00
9.585999999999999943e+01,2.068026145955667930e-02,1.272943808109422204e+00,-1.587041130948846579e+00
9.587999999999999545e+01,2.061528513117174416e-02,1.268944335853408711e+00,-1.587041126295987148e+00
9.590000000000000568e+01,2.055030880278680902e-02,1.264944863600377944e+00,-1.587041121643127495e+00
9.592000000000000171e+01,2.048533247440187388e-02,1.260945391344364452e+00,-1.587041116990268286e+00
9.593999999999999773e+01,2.042035616808256931e-02,1.256945919208511731e+00,-1.587041112742147542e+00
9.595999999999999375e+01,2.035537996630106330e-02,1.252946447075925729e+00,-1.587041108494026576e+00
9.598000000000000398e+01,2.029040365998175874e-02,1.248946974943339727e+00,-1.587041104245906054e+00
9.600000000000000000e+01,2.022542745820025273e-02,1.244947502807487005e+00,-1.587041099997785087e+00
9.601999999999999602e+01,2.016045115188094816e-02,1.240948030674901004e+00,-1.587041095749664565e+00
9.604000000000000625e+01,2.009547503042671476e-02,1.236948558372714002e+00,-1.587041091870350140e+00
9.606000000000000227e+01,2.003049879449627507e-02,1.232949086074104583e+00,-1.587041087991035271e+00
9.607999999999999829e+01,1.996552267304204167e-02,1.228949613771917582e+00,-1.587041084111720624e+00
9.609999999999999432e+01,1.990054643711160198e-02,1.224950141473308163e+00,-1.587041080232405976e+00
9.612000000000000455e+01,1.983557031565736858e-02,1.220950669171121161e+00,-1.587041076353091329e+00
9.614000000000000057e+01,1.977059415127143185e-02,1.216951196974044969e+00,-1.587041072808315079e+00
9.615999999999999659e+01,1.970561798688549512e-02,1.212951724776968776e+00,-1.587041069263538162e+00
9.618000000000000682e+01,1.964064194777944902e-02,1.208952252575977493e+00,-1.587041065718761690e+00
9.620000000000000284e+01,1.957566590867340292e-02,1.204952780378901300e+00,-1.587041062173985440e+00
9.621999999999999886e+01,1.951068974428746619e-02,1.200953308181825108e+00,-1.587041058629208745e+00
9.623999999999999488e+01,1.944571373339399126e-02,1.196953836015831829e+00,-1.587041055390924438e+00
9.626000000000000512e+01,1.938073772250051632e-02,1.192954363854124233e+00,-1.587041052152640352e+00
9.628000000000000114e+01,1.931576157446985437e-02,1.188954891688130955e+00,-1.587041048914356045e+00
9.629999999999999716e+01,1.925078556357637943e-02,1.184955419526423359e+00,-1.587041045676071516e+00
9.631999999999999318e+01,1.918580955268290450e-02,1.180955947360430081e+00,-1.587041042437787208e+00
9.634000000000000341e+01,1.912083365351735856e-02,1.176956474982612910e+00,-1.587041039475966864e+00
9.635999999999999943e+01,1.905585760441388943e-02,1.172957002600110155e+00,-1.587041036514146297e+00
9.637999999999999545e+01,1.899088170524834349e-02,1.168957530222292984e+00,-1.587041033552325731e+00
9.640000000000000568e+01,1.892590565614487436e-02,1.164958057839790229e+00,-1.587041030590505164e+00
9.642000000000000171e+01,1.886092975697932841e-02,1.160958585457287473e+00,-1.587041027628684375e+00
9.643999999999999773e+01,1.879595374278891784e-02,1.156959113160556329e+00,-1.587041024920988974e+00
9.645999999999999375e+01,1.873097789260852811e-02,1.152959640863825186e+00,-1.587041022213293351e+00
9.648000000000000398e+01,1.866600187841811753e-02,1.148960168567094042e+00,-1.587041019505597950e+00
9.650000000000000000e+01,1.860102602823772780e-02,1.144960696270362899e+00,-1.587041016797902104e+00
9.651999999999999602e+01,1.853605017805733807e-02,1.140961223973631755e+00,-1.587041014090206481e+00
9.654000000000000625e+01,1.847107427883869571e-02,1.136961751699710588e+00,-1.587041011613962160e+00
9.656000000000000227e+01,1.840609837962005335e-02,1.132962279425789420e+00,-1.587041009137718284e+00
9.657999999999999829e+01,1.834112248040141099e-02,1.128962807146263847e+00,-1.587041006661474185e+00
9.659999999999999432e+01,1.827614658118276864e-02,1.124963334872342680e+00,-1.587041004185230308e+00
9.662000000000000455e+01,1.821117086130396093e-02,1.120963862598421512e+00,-1.587041001708986210e+00
9.664000000000000057e+01,1.814619483875966680e-02,1.116964390461138157e+00,-1.587040999442181466e+00
9.665999999999999659e+01,1.808121901212514371e-02,1.112964918317732810e+00,-1.587040997175376722e+00
9.668000000000000682e+01,1.801624338140039167e-02,1.108965446180449455e+00,-1.587040994908571756e+00
9.670000000000000284e+01,1.795126755476586858e-02,1.104965974043166099e+00,-1.587040992641767012e+00
9.671999999999999886e+01,1.788629172813134549e-02,1.100966501899760752e+00,-1.587040990374962268e+00
9.673999999999999488e+01,1.782131590149682240e-02,1.096967029762477397e+00,-1.587040988108157524e+00
9.676000000000000512e+01,1.775634001347823829e-02,1.092967557581635552e+00,-1.587040986035302526e+00
9.678000000000000114e+01,1.769136433970001573e-02,1.088968085400793706e+00,-1.587040983962447527e+00
9.679999999999999716e+01,1.762638866592179318e-02,1.084968613213256772e+00,-1.587040981889592750e+00
9.681999999999999318e+01,1.756141277790320906e-02,1.080969141032414926e+00,-1.587040979816737529e+00
9.684000000000000341e+01,1.749643697007630463e-02,1.076969668844616201e+00,-1.587040977923181329e+00
9.685999999999999943e+01,1.743146139677592341e-02,1.072970196656817476e+00,-1.587040976029624684e+00
9.687999999999999545e+01,1.736648558894901898e-02,1.068970724469018752e+00,-1.587040974136068039e+00
9.690000000000000568e+01,1.730150978112211455e-02,1.064971252281220027e+00,-1.587040972242511838e+00
9.692000000000000171e+01,1.723653420782173332e-02,1.060971780093421302e+00,-1.587040970348955415e+00
9.693999999999999773e+01,1.717155837338733143e-02,1.056972308064246358e+00,-1.587040968611360681e+00
9.695999999999999375e+01,1.710658279452986069e-02,1.052972836035071413e+00,-1.587040966873765502e+00
9.698000000000000398e+01,1.704160696009545881e-02,1.048973364005896469e+00,-1.587040965136170545e+00
9.700000000000000000e+01,1.697663138123798807e-02,1.044973891976721525e+00,-1.587040963398575366e+00
9.701999999999999602e+01,1.691165554680358618e-02,1.040974419939559636e+00,-1.587040961660980853e+00
9.704000000000000625e+01,1.684668003630642591e-02,1.036974947582096629e+00,-1.587040960070952078e+00
9.706000000000000227e+01,1.678170424651288101e-02,1.032975475224633621e+00,-1.587040958480923525e+00
9.707999999999999829e+01,1.671672873601572074e-02,1.028976002867170614e+00,-1.587040956890894972e+00
9.709999999999999432e+01,1.665175294622217583e-02,1.024976530509707606e+00,-1.587040955300866418e+00
9.712000000000000455e+01,1.658677743572501556e-02,1.020977058152244599e+00,-1.587040953710837865e+00
9.714000000000000057e+01,1.652180180920284971e-02,1.016977585684046392e+00,-1.587040952251990822e+00
9.715999999999999659e+01,1.645682587826962848e-02,1.012978113215848186e+00,-1.587040950793143335e+00
9.718000000000000682e+01,1.639185025174746263e-02,1.008978640747649980e+00,-1.587040949334296069e+00
9.720000000000000284e+01,1.632687462522529678e-02,1.004979168279451773e+00,-1.587040947875448804e+00
9.721999999999999886e+01,1.626189899870313094e-02,1.000979695811253567e+00,-1.587040946416601317e+00
9.723999999999999488e+01,1.619692338961446765e-02,9.969802236324264433e-01,-1.587040945076780396e+00
9.726000000000000512e+01,1.613194778052580436e-02,9.929807514535993196e-01,-1.587040943736959253e+00
9.728000000000000114e+01,1.606697217143714107e-02,9.889812792644142592e-01,-1.587040942397138332e+00
9.729999999999999716e+01,1.600199656234847778e-02,9.849818070855871355e-01,-1.587040941057316967e+00
9.731999999999999318e+01,1.593702095325981449e-02,9.809823348964020751e-01,-1.587040939717495602e+00
9.734000000000000341e+01,1.587204557771399599e-02,9.769828626140489858e-01,-1.587040938488255781e+00
9.735999999999999943e+01,1.580706984089682438e-02,9.729833903429855324e-01,-1.587040937259015960e+00
9.737999999999999545e+01,1.574209446535100587e-02,9.689839180606324431e-01,-1.587040936029775695e+00
9.740000000000000568e+01,1.567711872853383426e-02,9.649844457782793539e-01,-1.587040934800535652e+00
9.742000000000000171e+01,1.561214335298801749e-02,9.609849734959262646e-01,-1.587040933571295387e+00
9.743999999999999773e+01,1.554716745303998116e-02,9.569855012178405396e-01,-1.587040932445125563e+00
9.745999999999999375e+01,1.548219194742778831e-02,9.529860289274318941e-01,-1.587040931318955517e+00
9.748000000000000398e+01,1.541721644181559547e-02,9.489865566493461690e-01,-1.587040930192785471e+00
9.750000000000000000e+01,1.535224093620340263e-02,9.449870843589375236e-01,-1.587040929066615425e+00
9.751999999999999602e+01,1.528726543059120979e-02,9.409876120685288781e-01,-1.587040927940445378e+00
9.754000000000000625e+01,1.522229002529281068e-02,9.369881402208813936e-01,-1.587040926906870597e+00
9.756000000000000227e+01,1.515731419033109623e-02,9.329886683598069830e-01,-1.587040925873295594e+00
9.757999999999999829e+01,1.509233878503269712e-02,9.289891964987325723e-01,-1.587040924839721034e+00
9.759999999999999432e+01,1.502736337973429800e-02,9.249897246376581617e-01,-1.587040923806146253e+00
9.762000000000000455e+01,1.496238754477258355e-02,9.209902527765837510e-01,-1.587040922772571694e+00
9.764000000000000057e+01,1.489741245715784507e-02,9.169907807267239086e-01,-1.587040921825670026e+00
9.765999999999999659e+01,1.483243690055112245e-02,9.129913086768640662e-01,-1.587040920878768357e+00
9.768000000000000682e+01,1.476746134394439983e-02,9.089918366270042238e-01,-1.587040919931867355e+00
9.770000000000000284e+01,1.470248578733767721e-02,9.049923645771443814e-01,-1.587040918984965687e+00
9.771999999999999886e+01,1.463751023073095459e-02,9.009928925272845390e-01,-1.587040918038064019e+00
9.773999999999999488e+01,1.457253482111638652e-02,8.969934205031839802e-01,-1.587040917167559240e+00
9.776000000000000512e+01,1.450755941150181846e-02,8.929939484950255579e-01,-1.587040916297054238e+00
9.778000000000000114e+01,1.444258349173603399e-02,8.889944764868671356e-01,-1.587040915426549237e+00
9.779999999999999716e+01,1.437760808212146593e-02,8.849950044627665768e-01,-1.587040914556044013e+00
9.781999999999999318e+01,1.431263267250689787e-02,8.809955324546081545e-01,-1.587040913685539234e+00
9.784000000000000341e+01,1.424765705512590942e-02,8.769960604538703519e-01,-1.587040912880151255e+00
9.785999999999999943e+01,1.418268198914275115e-02,8.729965884703637657e-01,-1.587040912074763277e+00
9.787999999999999545e+01,1.411770637176176270e-02,8.689971164696259631e-01,-1.587040911269375076e+00
9.790000000000000568e+01,1.405273075438077425e-02,8.649976444688881605e-01,-1.587040910463987542e+00
9.792000000000000171e+01,1.398775513699978580e-02,8.609981724681503579e-01,-1.587040909658599341e+00
9.793999999999999773e+01,1.392278014054766297e-02,8.569987007473518492e-01,-1.587040908919186588e+00
9.795999999999999375e+01,1.385780454349844204e-02,8.529992290077846873e-01,-1.587040908179774057e+00
9.798000000000000398e+01,1.379282894644922111e-02,8.489997572682175253e-01,-1.587040907440361082e+00
9.800000000000000000e+01,1.372785334940000018e-02,8.450002855474190167e-01,-1.587040906700948328e+00
9.801999999999999602e+01,1.366287775235077925e-02,8.410008138078518547e-01,-1.587040905961535353e+00
9.804000000000000625e+01,1.359790243272515804e-02,8.370013411991636954e-01,-1.587040905278526592e+00
9.806000000000000227e+01,1.353292711309953683e-02,8.330018685904755360e-01,-1.587040904595517832e+00
9.807999999999999829e+01,1.346795179347391562e-02,8.290023960021059013e-01,-1.587040903912508627e+00
9.809999999999999432e+01,1.340297647384829441e-02,8.250029233934177419e-01,-1.587040903229499644e+00
9.812000000000000455e+01,1.333800050402734506e-02,8.210034507847295826e-01,-1.587040902546490440e+00
9.814000000000000057e+01,1.327302511138745041e-02,8.170039791315650834e-01,-1.587040901927243786e+00
9.815999999999999659e+01,1.320804971874755575e-02,8.130045074559898444e-01,-1.587040901307996688e+00
9.818000000000000682e+01,1.314307432610766109e-02,8.090050358028253452e-01,-1.587040900688750034e+00
9.820000000000000284e+01,1.307809893346776643e-02,8.050055641272501061e-01,-1.587040900069502936e+00
9.821999999999999886e+01,1.301312354082787177e-02,8.010060924516748670e-01,-1.587040899450256282e+00
9.823999999999999488e+01,1.294814815157903365e-02,7.970066205610557564e-01,-1.587040898870582195e+00
9.826000000000000512e+01,1.288317276233019552e-02,7.930071486464959074e-01,-1.587040898290908553e+00
9.828000000000000114e+01,1.281819737308135740e-02,7.890076767558767967e-01,-1.587040897711234466e+00
9.829999999999999716e+01,1.275322198383251927e-02,7.850082048413169478e-01,-1.587040897131560824e+00
9.831999999999999318e+01,1.268824659458368115e-02,7.810087329506978371e-01,-1.587040896551886737e+00
9.834000000000000341e+01,1.262327137618687346e-02,7.770092605511280670e-01,-1.587040896021196135e+00
9.835999999999999943e+01,1.255829532097659830e-02,7.730097881254078818e-01,-1.587040895490505310e+00
9.837999999999999545e+01,1.249332010257979061e-02,7.690103157258381117e-01,-1.587040894959814485e+00
9.840000000000000568e+01,1.242834488418298293e-02,7.650108433262683416e-01,-1.587040894429123883e+00
9.842000000000000171e+01,1.236336966578617524e-02,7.610113709266985715e-01,-1.587040893898432614e+00
9.843999999999999773e+01,1.229839383028117836e-02,7.570118985250621213e-01,-1.587040893408529607e+00
9.845999999999999375e+01,1.223341890125974850e-02,7.530124261517532336e-01,-1.587040892918626156e+00
9.848000000000000398e+01,1.216844306575475335e-02,7.490129537501167833e-01,-1.587040892428723149e+00
9.850000000000000000e+01,1.210346813673332349e-02,7.450134813768078956e-01,-1.587040891938819920e+00
9.851999999999999602e+01,1.203849230122832834e-02,7.410140090034990079e-01,-1.587040891448916691e+00
9.854000000000000625e+01,1.197351693136509097e-02,7.370145360771543919e-01,-1.587040891004488419e+00
9.856000000000000227e+01,1.190854156150185361e-02,7.330150631508097758e-01,-1.587040890560059925e+00
9.857999999999999829e+01,1.184356619163861625e-02,7.290155902244651598e-01,-1.587040890115631431e+00
9.859999999999999432e+01,1.177859082177537889e-02,7.250161172981205437e-01,-1.587040889671202937e+00
9.862000000000000455e+01,1.171361545191214153e-02,7.210166444030020605e-01,-1.587040889226774443e+00
9.864000000000000057e+01,1.164863948449589709e-02,7.170171730897499929e-01,-1.587040888808431305e+00
9.865999999999999659e+01,1.158366457862235709e-02,7.130177017764979253e-01,-1.587040888390087723e+00
9.868000000000000682e+01,1.151868967274881708e-02,7.090182304632458576e-01,-1.587040887971744585e+00
9.870000000000000284e+01,1.145371370533257264e-02,7.050187591831669209e-01,-1.587040887553401447e+00
9.871999999999999886e+01,1.138873879945903264e-02,7.010192878699148533e-01,-1.587040887135058531e+00
9.873999999999999488e+01,1.132376284763791756e-02,6.970198166185088695e-01,-1.587040886741593493e+00
9.876000000000000512e+01,1.125878802447896274e-02,6.930203453671028857e-01,-1.587040886348128454e+00
9.878000000000000114e+01,1.119381207265784765e-02,6.890208741156969019e-01,-1.587040885954663416e+00
9.879999999999999716e+01,1.112883724949889283e-02,6.850214028642909181e-01,-1.587040885561198378e+00
9.881999999999999318e+01,1.106386129767777775e-02,6.810219316128849343e-01,-1.587040885167733562e+00
9.884000000000000341e+01,1.099888689600747767e-02,6.770224605484979064e-01,-1.587040884814044484e+00
9.885999999999999943e+01,1.093391123874465874e-02,6.730229894448735983e-01,-1.587040884460355628e+00
9.887999999999999545e+01,1.086893558148183982e-02,6.690235183804865704e-01,-1.587040884106666772e+00
9.890000000000000568e+01,1.080395992421902089e-02,6.650240472768622624e-01,-1.587040883752977916e+00
9.892000000000000171e+01,1.073898552254872081e-02,6.610245762124752344e-01,-1.587040883399289060e+00
9.893999999999999773e+01,1.067401018078448921e-02,6.570251034313292493e-01,-1.587040883055194307e+00
9.895999999999999375e+01,1.060903354841857306e-02,6.530256306905145580e-01,-1.587040882711099776e+00
9.898000000000000398e+01,1.054405820665434146e-02,6.490261579496998667e-01,-1.587040882367004579e+00
9.900000000000000000e+01,1.047908286489010986e-02,6.450266851685538816e-01,-1.587040882022910049e+00
9.901999999999999602e+01,1.041410752312587826e-02,6.410272124277391903e-01,-1.587040881678815518e+00
9.904000000000000625e+01,1.034913261921280650e-02,6.370277400050616823e-01,-1.587040881352632216e+00
9.906000000000000227e+01,1.028415771529973474e-02,6.330282676249302520e-01,-1.587040881026449135e+00
9.907999999999999829e+01,1.021918144991436524e-02,6.290287952022527440e-01,-1.587040880700266277e+00
9.909999999999999432e+01,1.015420654600129348e-02,6.250293228221213138e-01,-1.587040880374082974e+00
9.912000000000000455e+01,1.008923164208822172e-02,6.210298503994438057e-01,-1.587040880047899893e+00
9.914000000000000057e+01,1.002425611554852436e-02,6.170303793250360158e-01,-1.587040879760746259e+00
9.915999999999999659e+01,9.959280589008826998e-03,6.130309082506282259e-01,-1.587040879473592403e+00
9.918000000000000682e+01,9.894305062469129636e-03,6.090314372245492214e-01,-1.587040879186439213e+00
9.920000000000000284e+01,9.829329535929432274e-03,6.050319661501414314e-01,-1.587040878899285357e+00
9.921999999999999886e+01,9.764354009389734912e-03,6.010324950757336415e-01,-1.587040878612131500e+00
9.923999999999999488e+01,9.699378482850037550e-03,5.970330240013258516e-01,-1.587040878324978310e+00
9.926000000000000512e+01,9.634404595810523372e-03,5.930335508834402303e-01,-1.587040878047884851e+00
9.928000000000000114e+01,9.569429106099959503e-03,5.890340777154711160e-01,-1.587040877770791614e+00
9.929999999999999716e+01,9.504453616389395634e-03,5.850346045975854947e-01,-1.587040877493698598e+00
9.931999999999999318e+01,9.439478126678831765e-03,5.810351314296163805e-01,-1.587040877216605139e+00
9.934000000000000341e+01,9.374502636968267896e-03,5.770356583117307592e-01,-1.587040876939511902e+00
9.935999999999999943e+01,9.309527650897967202e-03,5.730361877881897659e-01,-1.587040876709747472e+00
9.937999999999999545e+01,9.244552664827666508e-03,5.690367172042487542e-01,-1.587040876479982821e+00
9.940000000000000568e+01,9.179575745955924349e-03,5.650372466807077609e-01,-1.587040876250218613e+00
9.942000000000000171e+01,9.114600759885623654e-03,5.610377761571667676e-01,-1.587040876020454183e+00
9.943999999999999773e+01,9.049625914820223424e-03,5.570383054316427884e-01,-1.587040875765010961e+00
9.945999999999999375e+01,8.984651069754823194e-03,5.530388347061188092e-01,-1.587040875509567739e+00
9.948000000000000398e+01,8.919674486185514423e-03,5.490393640349231497e-01,-1.587040875254124517e+00
9.950000000000000000e+01,8.854699641120114192e-03,5.450398933093991705e-01,-1.587040874998681295e+00
9.951999999999999602e+01,8.789724796054713962e-03,5.410404225838751913e-01,-1.587040874743237850e+00
9.954000000000000625e+01,8.724749805241882247e-03,5.370409486927795184e-01,-1.587040874520629696e+00
9.956000000000000227e+01,8.659774814429050532e-03,5.330414747393421582e-01,-1.587040874298020876e+00
9.957999999999999829e+01,8.594797828682512741e-03,5.290420008482464853e-01,-1.587040874075412278e+00
9.959999999999999432e+01,8.529822837869681026e-03,5.250425269571508124e-01,-1.587040873852803680e+00
9.962000000000000455e+01,8.464847847056849311e-03,5.210430530037134522e-01,-1.587040873630195081e+00
9.964000000000000057e+01,8.399871866479261331e-03,5.170435828129495981e-01,-1.587040873420336728e+00
9.965999999999999659e+01,8.334898002038477333e-03,5.130441126221857440e-01,-1.587040873210478598e+00
9.968000000000000682e+01,8.269922021460889353e-03,5.090446423652926766e-01,-1.587040873000620023e+00
9.970000000000000284e+01,8.204946040883301372e-03,5.050451721745288225e-01,-1.587040872790761670e+00
9.971999999999999886e+01,8.139972176442517374e-03,5.010457019837649684e-01,-1.587040872580903539e+00
9.973999999999999488e+01,8.074996195864929394e-03,4.970462317268719010e-01,-1.587040872371045186e+00
9.976000000000000512e+01,8.010020454763502537e-03,4.930467579541348844e-01,-1.587040872164261263e+00
9.978000000000000114e+01,7.945044713662075681e-03,4.890472841813978677e-01,-1.587040871957477561e+00
9.979999999999999716e+01,7.880068972560648824e-03,4.850478104086608511e-01,-1.587040871750693860e+00
9.981999999999999318e+01,7.815095379062629577e-03,4.810483366359238344e-01,-1.587040871543909937e+00
9.984000000000000341e+01,7.750119637961202720e-03,4.770488627960742245e-01,-1.587040871337126458e+00
9.985999999999999943e+01,7.685143557870716818e-03,4.730493918086653427e-01,-1.587040871124971941e+00
9.987999999999999545e+01,7.620169571014343002e-03,4.690499208212564608e-01,-1.587040870912817425e+00
9.990000000000000568e+01,7.555193490923857100e-03,4.650504498992611424e-01,-1.587040870700662909e+00
9.992000000000000171e+01,7.490217410833371198e-03,4.610509789118522606e-01,-1.587040870488508171e+00
9.993999999999999773e+01,7.425244444202370314e-03,4.570515079202413511e-01,-1.587040870336272835e+00
9.995999999999999375e+01,7.360268560453485376e-03,4.530520369286304416e-01,-1.587040870184037056e+00
9.998000000000000398e+01,7.295292676704600437e-03,4.490525660281794451e-01,-1.587040870031801720e+00
1.000000000000000000e+02,7.230316792955715499e-03,4.450530950365685356e-01,-1.587040869879566163e+00
1.000199999999999960e+02,7.165340909206830561e-03,4.410536240449576262e-01,-1.587040869727330605e+00
1.000400000000000063e+02,7.100366954677392144e-03,4.370541517157401357e-01,-1.587040869575165658e+00
1.000600000000000023e+02,7.035390081675396354e-03,4.330546793865226451e-01,-1.587040869423000711e+00
1.000799999999999983e+02,6.970416127145957937e-03,4.290552069661028867e-01,-1.587040869270835985e+00
1.000999999999999943e+02,6.905439254143962147e-03,4.250557346368853961e-01,-1.587040869118670594e+00
1.001200000000000045e+02,6.840465299614523730e-03,4.210562623076679056e-01,-1.587040868966505869e+00
1.001400000000000006e+02,6.775490949092966009e-03,4.170567922677047568e-01,-1.587040868776347091e+00
1.001599999999999966e+02,6.710514263212680706e-03,4.130573223007215633e-01,-1.587040868586188314e+00
1.001800000000000068e+02,6.645539912691122986e-03,4.090578522607584144e-01,-1.587040868396029758e+00
1.002000000000000028e+02,6.580563226810837683e-03,4.050583822937752210e-01,-1.587040868205870980e+00
1.002199999999999989e+02,6.515588876289279963e-03,4.010589123267920275e-01,-1.587040868015712203e+00
1.002399999999999949e+02,6.450614525767722242e-03,3.970594422868288786e-01,-1.587040867825553425e+00
1.002600000000000051e+02,6.385637897506389951e-03,3.930599721228454912e-01,-1.587040867663333854e+00
1.002800000000000011e+02,6.320664006832092327e-03,3.890605019588621039e-01,-1.587040867501114727e+00
1.002999999999999972e+02,6.255687378570760036e-03,3.850610317948787165e-01,-1.587040867338895822e+00
1.003199999999999932e+02,6.190713487896462412e-03,3.810615616308953291e-01,-1.587040867176676695e+00
1.003400000000000034e+02,6.125736859635130122e-03,3.770620914669119417e-01,-1.587040867014457568e+00
1.003599999999999994e+02,6.060763469750363001e-03,3.730626185635373959e-01,-1.587040866888011159e+00
1.003799999999999955e+02,5.995786567790466898e-03,3.690631456601628502e-01,-1.587040866761564750e+00
1.004000000000000057e+02,5.930809665830570794e-03,3.650636726470359306e-01,-1.587040866635118341e+00
1.004200000000000017e+02,5.865836275945803674e-03,3.610641997436613848e-01,-1.587040866508671932e+00
1.004399999999999977e+02,5.800860806544867049e-03,3.570647275680643995e-01,-1.587040866322330102e+00
1.004599999999999937e+02,5.735885337143930424e-03,3.530652554669423404e-01,-1.587040866135988271e+00
1.004800000000000040e+02,5.670909867742993798e-03,3.490657832913453551e-01,-1.587040865949646440e+00
1.005000000000000000e+02,5.605934398342057173e-03,3.450663111157483698e-01,-1.587040865763304609e+00
1.005199999999999960e+02,5.540958928941120548e-03,3.410668390146263107e-01,-1.587040865576962778e+00
1.005400000000000063e+02,5.475983670425834011e-03,3.370673674626457061e-01,-1.587040865469445228e+00
1.005600000000000023e+02,5.411008411910547475e-03,3.330678957815902397e-01,-1.587040865361928121e+00
1.005799999999999983e+02,5.346033153395260938e-03,3.290684242296096351e-01,-1.587040865254411015e+00
1.005999999999999943e+02,5.281057894879974401e-03,3.250689526776290306e-01,-1.587040865146893465e+00
1.006200000000000045e+02,5.216082636364687865e-03,3.210694811256484260e-01,-1.587040865039376136e+00
1.006400000000000006e+02,5.151106312302436430e-03,3.170700114344103260e-01,-1.587040864934013529e+00
1.006599999999999966e+02,5.086134203102929408e-03,3.130705416114577533e-01,-1.587040864828650699e+00
1.006800000000000068e+02,5.021157879040678840e-03,3.090710719202196533e-01,-1.587040864723288314e+00
1.007000000000000028e+02,4.956181554978428272e-03,3.050716022289815532e-01,-1.587040864617925706e+00
1.007199999999999989e+02,4.891209445778921250e-03,3.010721325377434532e-01,-1.587040864512562877e+00
1.007399999999999949e+02,4.826233121716670682e-03,2.970726628465053532e-01,-1.587040864407200713e+00
1.007600000000000051e+02,4.761256759279306264e-03,2.930731931689145031e-01,-1.587040864303122856e+00
1.007800000000000011e+02,4.696280396841941845e-03,2.890737234913236531e-01,-1.587040864199045220e+00
1.007999999999999972e+02,4.631308301305183707e-03,2.850742538137328030e-01,-1.587040864094967585e+00
1.008199999999999932e+02,4.566331938867819289e-03,2.810747841361419530e-01,-1.587040863990889950e+00
1.008400000000000034e+02,4.501355576430454870e-03,2.770753144585511030e-01,-1.587040863886812314e+00
1.008599999999999994e+02,4.436380313406679265e-03,2.730758400142624942e-01,-1.587040863996742379e+00
1.008799999999999955e+02,4.371405050382903661e-03,2.690763655699738854e-01,-1.587040864106672222e+00
1.009000000000000057e+02,4.306429787359128056e-03,2.650768909994432598e-01,-1.587040864216602509e+00
1.009200000000000017e+02,4.241454524335352451e-03,2.610774165551546511e-01,-1.587040864326532796e+00
1.009399999999999977e+02,4.176479960528643905e-03,2.570779397435535851e-01,-1.587040864289152919e+00
1.009599999999999937e+02,4.111505396721935358e-03,2.530784625606862237e-01,-1.587040864251773042e+00
1.009800000000000040e+02,4.046530832915226812e-03,2.490789857490851300e-01,-1.587040864214393610e+00
1.010000000000000000e+02,3.981556269108518266e-03,2.450795085662177963e-01,-1.587040864177013955e+00
1.010199999999999960e+02,3.916581705301809720e-03,2.410800317546167026e-01,-1.587040864139634300e+00
1.010400000000000063e+02,3.851607310582021854e-03,2.370805610431463983e-01,-1.587040864368102211e+00
1.010600000000000023e+02,3.786630972092385351e-03,2.330810903924188937e-01,-1.587040864596569900e+00
1.010799999999999983e+02,3.721656577372597051e-03,2.290816196809485894e-01,-1.587040864825038033e+00
1.010999999999999943e+02,3.656680238882960548e-03,2.250821490302210848e-01,-1.587040865053505945e+00
1.011200000000000045e+02,3.591705844163172248e-03,2.210826783187507805e-01,-1.587040865281973634e+00
1.011400000000000006e+02,3.526729859786825651e-03,2.170832072105516042e-01,-1.587040865548874358e+00
1.011599999999999966e+02,3.461755539285524177e-03,2.130837361023524279e-01,-1.587040865815774859e+00
1.011800000000000068e+02,3.396779554909177580e-03,2.090842649941532516e-01,-1.587040866082675139e+00
1.012000000000000028e+02,3.331805234407876105e-03,2.050847938859540753e-01,-1.587040866349575863e+00
1.012199999999999989e+02,3.266829250031529509e-03,2.010853227777548990e-01,-1.587040866616476142e+00
1.012399999999999949e+02,3.201853265655182912e-03,1.970858516695557228e-01,-1.587040866883376644e+00
1.012600000000000051e+02,3.136878950094286293e-03,1.930863804028117858e-01,-1.587040867284281065e+00
1.012800000000000011e+02,3.071903526815243732e-03,1.890869091360678489e-01,-1.587040867685185486e+00
1.012999999999999972e+02,3.006928103536201172e-03,1.850874378693239120e-01,-1.587040868086090128e+00
1.013199999999999932e+02,2.941952680257158611e-03,1.810879666025799750e-01,-1.587040868486994549e+00
1.013400000000000034e+02,2.876977533033920134e-03,1.770884936766465856e-01,-1.587040868819471262e+00
1.013599999999999994e+02,2.812002385810681657e-03,1.730890207089725574e-01,-1.587040869151947975e+00
1.013799999999999955e+02,2.747027238587443181e-03,1.690895477830391680e-01,-1.587040869484424688e+00
1.014000000000000057e+02,2.682050755663778572e-03,1.650900748571057786e-01,-1.587040869816901179e+00
1.014200000000000017e+02,2.617075608440540095e-03,1.610906019311723891e-01,-1.587040870149378335e+00
1.014399999999999977e+02,2.552100667402508547e-03,1.570911290112902148e-01,-1.587040870392860015e+00
1.014599999999999937e+02,2.487125726364476999e-03,1.530916560914080404e-01,-1.587040870636342360e+00
1.014800000000000040e+02,2.422150785326445451e-03,1.490921832285230231e-01,-1.587040870879824483e+00
1.015000000000000000e+02,2.357174020379222256e-03,1.450927103086408487e-01,-1.587040871123306607e+00
1.015199999999999960e+02,2.292199079341190708e-03,1.410932374457558314e-01,-1.587040871366788952e+00
1.015400000000000063e+02,2.227225083250250655e-03,1.370937652088359271e-01,-1.587040871602632963e+00
1.015600000000000023e+02,2.162249204182549976e-03,1.330942929130730090e-01,-1.587040871838477196e+00
1.015799999999999983e+02,2.097273325114849298e-03,1.290948206761531047e-01,-1.587040872074321429e+00
1.015999999999999943e+02,2.032297446047148619e-03,1.250953484392332005e-01,-1.587040872310165662e+00
1.016200000000000045e+02,1.967323449956208566e-03,1.210958762023132962e-01,-1.587040872546009895e+00
1.016400000000000006e+02,1.902348326121624817e-03,1.170964031270826100e-01,-1.587040872801287916e+00
1.016599999999999966e+02,1.837371462658558136e-03,1.130969300518519238e-01,-1.587040873056566381e+00
1.016800000000000068e+02,1.772396338823974387e-03,1.090974569766212376e-01,-1.587040873311844402e+00
1.017000000000000028e+02,1.707421214989390638e-03,1.050979839013905515e-01,-1.587040873567122867e+00
1.017199999999999989e+02,1.642446091154806890e-03,1.010985108261598653e-01,-1.587040873822400888e+00
1.017399999999999949e+02,1.642446091154806890e-03,1.010985108261598653e-01,-1.587040873822400888e+00
1.017600000000000051e+02,1.642446091154806890e-03,1.010985108261598653e-01,-1.587040873822400888e+00
1.017800000000000011e+02,1.642446091154806890e-03,1.010985108261598653e-01,-1.587040873822400888e+00
1.017999999999999972e+02,1.642446091154806890e-03,1.010985108261598653e-01,-1.587040873822400888e+00
1.018199999999999932e+02,1.642446091154806890e-03,1.010985108261598653e-01,-1.587040873822400888e+00
1.018400000000000034e+02,1.642446091154806890e-03,1.010985108261598653e-01,-1.587040873822400888e+00
1.018599999999999994e+02,1.642446091154806890e-03,1.010985108261598653e-01,-1.587040873822400888e+00
1.018799999999999955e+02,1.642446091154806890e-03,1.010985108261598653e-01,-1.587040873822400888e+00
1.019000000000000057e+02,1.642446091154806890e-03,1.010985108261598653e-01,-1.587040873822400888e+00
1.019200000000000017e+02,1.642446091154806890e-03,1.010985108261598653e-01,-1.587040873822400888e+00
1.019399999999999977e+02,1.642446091154806890e-03,1.010985108261598653e-01,-1.587040873822400888e+00
1.019599999999999937e+02,1.642446091154806890e-03,1.010985108261598653e-01,-1.587040873822400888e+00
1.019800000000000040e+02,1.642446091154806890e-03,1.010985108261598653e-01,-1.587040873822400888e+00
1.020000000000000000e+02,1.642446091154806890e-03,1.010985108261598653e-01,-1.587040873822400888e+00
1.020199999999999960e+02,1.642446091154806890e-03,1.010985108261598653e-01,-1.587040873822400888e+00
1.020400000000000063e+02,1.642446091154806890e-03,1.010985108261598653e-01,-1.587040873822400888e+00
1.020600000000000023e+02,1.642446091154806890e-03,1.010985108261598653e-01,-1.587040873822400888e+00
1.020799999999999983e+02,1.642446091154806890e-03,1.010985108261598653e-01,-1.587040873822400888e+00
1.020999999999999943e+02,1.642446091154806890e-03,1.010985108261598653e-01,-1.587040873822400888e+00
1.021200000000000045e+02,1.642446091154806890e-03,1.010985108261598653e-01,-1.587040873822400888e+00
1.021400000000000006e+02,1.642446091154806890e-03,1.010985108261598653e-01,-1.587040873822400888e+00
1.021599999999999966e+02,1.642446091154806890e-03,1.010985108261598653e-01,-1.587040873822400888e+00
1.021800000000000068e+02,1.642446091154806890e-03,1.010985108261598653e-01,-1.587040873822400888e+00
1.022000000000000028e+02,1.642446091154806890e-03,1.010985108261598653e-01,-1.587040873822400888e+00
1.022199999999999989e+02,1.642446091154806890e-03,1.010985108261598653e-01,-1.587040873822400888e+00
1.022399999999999949e+02,1.642446091154806890e-03,1.010985108261598653e-01,-1.587040873822400888e+00
1.022600000000000051e+02,1.642446091154806890e-03,1.010985108261598653e-01,-1.587040873822400888e+00
1.022800000000000011e+02,1.642446091154806890e-03,1.010985108261598653e-01,-1.587040873822400888e+00
1.022999999999999972e+02,1.642446091154806890e-03,1.010985108261598653e-01,-1.587040873822400888e+00
1.023199999999999932e+02,1.642446091154806890e-03,1.010985108261598653e-01,-1.587040873822400888e+00
1.023400000000000034e+02,1.642446091154806890e-03,1.010985108261598653e-01,-1.587040873822400888e+00
1.023599999999999994e+02,1.642446091154806890e-03,1.010985108261598653e-01,-1.587040873822400888e+00
1.023799999999999955e+02,1.642446091154806890e-03,1.010985108261598653e-01,-1.587040873822400888e+00
1.024000000000000057e+02,1.642446091154806890e-03,1.010985108261598653e-01,-1.587040873822400888e+00
1.024200000000000017e+02,1.642446091154806890e-03,1.010985108261598653e-01,-1.587040873822400888e+00
1.024399999999999977e+02,1.642446091154806890e-03,1.010985108261598653e-01,-1.587040873822400888e+00
1.024599999999999937e+02,1.642446091154806890e-03,1.010985108261598653e-01,-1.587040873822400888e+00
1.024800000000000040e+02,1.642446091154806890e-03,1.010985108261598653e-01,-1.587040873822400888e+00
1.025000000000000000e+02,1.642446091154806890e-03,1.010985108261598653e-01,-1.587040873822400888e+00
1.025199999999999960e+02,1.642446091154806890e-03,1.010985108261598653e-01,-1.587040873822400888e+00
1.025400000000000063e+02,1.642446091154806890e-03,1.010985108261598653e-01,-1.587040873822400888e+00
1.025600000000000023e+02,1.642446091154806890e-03,1.010985108261598653e-01,-1.587040873822400888e+00
1.025799999999999983e+02,1.642446091154806890e-03,1.010985108261598653e-01,-1.587040873822400888e+00
1.025999999999999943e+02,1.642446091154806890e-03,1.010985108261598653e-01,-1.587040873822400888e+00
1.026200000000000045e+02,1.642446091154806890e-03,1.010985108261598653e-01,-1.587040873822400888e+00
1.026400000000000006e+02,1.642446091154806890e-03,1.010985108261598653e-01,-1.587040873822400888e+00
1.026599999999999966e+02,1.642446091154806890e-03,1.010985108261598653e-01,-1.587040873822400888e+00
1.026800000000000068e+02,1.642446091154806890e-03,1.010985108261598653e-01,-1.587040873822400888e+00
1.027000000000000028e+02,1.642446091154806890e-03,1.010985108261598653e-01,-1.587040873822400888e+00
1.027199999999999989e+02,1.642446091154806890e-03,1.010985108261598653e-01,-1.587040873822400888e+00
1.027399999999999949e+02,1.642446091154806890e-03,1.010985108261598653e-01,-1.587040873822400888e+00
1.027600000000000051e+02,1.642446091154806890e-03,1.010985108261598653e-01,-1.587040873822400888e+00
1.027800000000000011e+02,1.642446091154806890e-03,1.010985108261598653e-01,-1.587040873822400888e+00
1.027999999999999972e+02,1.642446091154806890e-03,1.010985108261598653e-01,-1.587040873822400888e+00
1.028199999999999932e+02,1.642446091154806890e-03,1.010985108261598653e-01,-1.587040873822400888e+00
1.028400000000000034e+02,1.642446091154806890e-03,1.010985108261598653e-01,-1.587040873822400888e+00
1.028599999999999994e+02,1.642446091154806890e-03,1.010985108261598653e-01,-1.587040873822400888e+00
1.028799999999999955e+02,1.642446091154806890e-03,1.010985108261598653e-01,-1.587040873822400888e+00
1.029000000000000057e+02,1.642446091154806890e-03,1.010985108261598653e-01,-1.587040873822400888e+00
1.029200000000000017e+02,1.642446091154806890e-03,1.010985108261598653e-01,-1.587040873822400888e+00
1.029399999999999977e+02,1.642446091154806890e-03,1.010985108261598653e-01,-1.587040873822400888e+00
1.029599999999999937e+02,1.642446091154806890e-03,1.010985108261598653e-01,-1.587040873822400888e+00
1.029800000000000040e+02,1.642446091154806890e-03,1.010985108261598653e-01,-1.587040873822400888e+00
1.030000000000000000e+02,1.642446091154806890e-03,1.010985108261598653e-01,-1.587040873822400888e+00
1.030199999999999960e+02,1.642446091154806890e-03,1.010985108261598653e-01,-1.587040873822400888e+00
1.030400000000000063e+02,1.642446091154806890e-03,1.010985108261598653e-01,-1.587040873822400888e+00
1.030600000000000023e+02,1.642446091154806890e-03,1.010985108261598653e-01,-1.587040873822400888e+00
1.030799999999999983e+02,1.642446091154806890e-03,1.010985108261598653e-01,-1.587040873822400888e+00
1.030999999999999943e+02,1.642446091154806890e-03,1.010985108261598653e-01,-1.587040873822400888e+00
1.031200000000000045e+02,1.642446091154806890e-03,1.010985108261598653e-01,-1.587040873822400888e+00
1.031400000000000006e+02,1.642446091154806890e-03,1.010985108261598653e-01,-1.587040873822400888e+00
1.031599999999999966e+02,1.642446091154806890e-03,1.010985108261598653e-01,-1.587040873822400888e+00
1.031800000000000068e+02,1.642446091154806890e-03,1.010985108261598653e-01,-1.587040873822400888e+00
1.032000000000000028e+02,1.642446091154806890e-03,1.010985108261598653e-01,-1.587040873822400888e+00
1.032199999999999989e+02,1.642446091154806890e-03,1.010985108261598653e-01,-1.587040873822400888e+00
1.032399999999999949e+02,1.642446091154806890e-03,1.010985108261598653e-01,-1.587040873822400888e+00
1.032600000000000051e+02,1.642446091154806890e-03,1.010985108261598653e-01,-1.587040873822400888e+00
1.032800000000000011e+02,1.642446091154806890e-03,1.010985108261598653e-01,-1.587040873822400888e+00
1.032999999999999972e+02,1.642446091154806890e-03,1.010985108261598653e-01,-1.587040873822400888e+00
1.033199999999999932e+02,1.642446091154806890e-03,1.010985108261598653e-01,-1.587040873822400888e+00
1.033400000000000034e+02,1.642446091154806890e-03,1.010985108261598653e-01,-1.587040873822400888e+00
1.033599999999999994e+02,1.642446091154806890e-03,1.010985108261598653e-01,-1.587040873822400888e+00
1.033799999999999955e+02,1.642446091154806890e-03,1.010985108261598653e-01,-1.587040873822400888e+00
1.034000000000000057e+02,1.642446091154806890e-03,1.010985108261598653e-01,-1.587040873822400888e+00
1.034200000000000017e+02,1.642446091154806890e-03,1.010985108261598653e-01,-1.587040873822400888e+00
1.034399999999999977e+02,1.642446091154806890e-03,1.010985108261598653e-01,-1.587040873822400888e+00
1.034599999999999937e+02,1.642446091154806890e-03,1.010985108261598653e-01,-1.587040873822400888e+00
1.034800000000000040e+02,1.642446091154806890e-03,1.010985108261598653e-01,-1.587040873822400888e+00
1.035000000000000000e+02,1.642446091154806890e-03,1.010985108261598653e-01,-1.587040873822400888e+00
1.035199999999999960e+02,1.642446091154806890e-03,1.010985108261598653e-01,-1.587040873822400888e+00
1.035400000000000063e+02,1.642446091154806890e-03,1.010985108261598653e-01,-1.587040873822400888e+00
1.035600000000000023e+02,1.642446091154806890e-03,1.010985108261598653e-01,-1.587040873822400888e+00
1.035799999999999983e+02,1.642446091154806890e-03,1.010985108261598653e-01,-1.587040873822400888e+00
1.035999999999999943e+02,1.642446091154806890e-03,1.010985108261598653e-01,-1.587040873822400888e+00
1.036200000000000045e+02,1.642446091154806890e-03,1.010985108261598653e-01,-1.587040873822400888e+00
1.036400000000000006e+02,1.642446091154806890e-03,1.010985108261598653e-01,-1.587040873822400888e+00
1.036599999999999966e+02,1.642446091154806890e-03,1.010985108261598653e-01,-1.587040873822400888e+00
1.036800000000000068e+02,1.642446091154806890e-03,1.010985108261598653e-01,-1.587040873822400888e+00
1.037000000000000028e+02,1.642446091154806890e-03,1.010985108261598653e-01,-1.587040873822400888e+00
1.037199999999999989e+02,1.642446091154806890e-03,1.010985108261598653e-01,-1.587040873822400888e+00
1.037399999999999949e+02,1.642446091154806890e-03,1.010985108261598653e-01,-1.587040873822400888e+00
1.037600000000000051e+02,1.642446091154806890e-03,1.010985108261598653e-01,-1.587040873822400888e+00
1.037800000000000011e+02,1.642446091154806890e-03,1.010985108261598653e-01,-1.587040873822400888e+00
1.037999999999999972e+02,1.642446091154806890e-03,1.010985108261598653e-01,-1.587040873822400888e+00
1.038199999999999932e+02,1.642446091154806890e-03,1.010985108261598653e-01,-1.587040873822400888e+00
1.038400000000000034e+02,1.642446091154806890e-03,1.010985108261598653e-01,-1.587040873822400888e+00
1.038599999999999994e+02,1.642446091154806890e-03,1.010985108261598653e-01,-1.587040873822400888e+00
1.038799999999999955e+02,1.642446091154806890e-03,1.010985108261598653e-01,-1.587040873822400888e+00
1.039000000000000057e+02,1.642446091154806890e-03,1.010985108261598653e-01,-1.587040873822400888e+00
1.039200000000000017e+02,1.642446091154806890e-03,1.010985108261598653e-01,-1.587040873822400888e+00
1.039399999999999977e+02,1.642446091154806890e-03,1.010985108261598653e-01,-1.587040873822400888e+00
1.039599999999999937e+02,1.642446091154806890e-03,1.010985108261598653e-01,-1.587040873822400888e+00
1.039800000000000040e+02,1.642446091154806890e-03,1.010985108261598653e-01,-1.587040873822400888e+00
1.040000000000000000e+02,1.642446091154806890e-03,1.010985108261598653e-01,-1.587040873822400888e+00
1.040199999999999960e+02,1.642446091154806890e-03,1.010985108261598653e-01,-1.587040873822400888e+00
1.040400000000000063e+02,1.642446091154806890e-03,1.010985108261598653e-01,-1.587040873822400888e+00
1.040600000000000023e+02,1.642446091154806890e-03,1.010985108261598653e-01,-1.587040873822400888e+00
1.040799999999999983e+02,1.642446091154806890e-03,1.010985108261598653e-01,-1.587040873822400888e+00
1.040999999999999943e+02,1.642446091154806890e-03,1.010985108261598653e-01,-1.587040873822400888e+00
1.041200000000000045e+02,1.642446091154806890e-03,1.010985108261598653e-01,-1.587040873822400888e+00
1.041400000000000006e+02,1.642446091154806890e-03,1.010985108261598653e-01,-1.587040873822400888e+00
1.041599999999999966e+02,1.642446091154806890e-03,1.010985108261598653e-01,-1.587040873822400888e+00
1.041800000000000068e+02,1.642446091154806890e-03,1.010985108261598653e-01,-1.587040873822400888e+00
1.042000000000000028e+02,1.642446091154806890e-03,1.010985108261598653e-01,-1.587040873822400888e+00
1.042199999999999989e+02,1.642446091154806890e-03,1.010985108261598653e-01,-1.587040873822400888e+00
1.042399999999999949e+02,1.642446091154806890e-03,1.010985108261598653e-01,-1.587040873822400888e+00
1.042600000000000051e+02,1.642446091154806890e-03,1.010985108261598653e-01,-1.587040873822400888e+00
1.042800000000000011e+02,1.642446091154806890e-03,1.010985108261598653e-01,-1.587040873822400888e+00
1.042999999999999972e+02,1.642446091154806890e-03,1.010985108261598653e-01,-1.587040873822400888e+00
1.043199999999999932e+02,1.642446091154806890e-03,1.010985108261598653e-01,-1.587040873822400888e+00
1.043400000000000034e+02,1.642446091154806890e-03,1.010985108261598653e-01,-1.587040873822400888e+00
1.043599999999999994e+02,1.642446091154806890e-03,1.010985108261598653e-01,-1.587040873822400888e+00
1.043799999999999955e+02,1.642446091154806890e-03,1.010985108261598653e-01,-1.587040873822400888e+00
1.044000000000000057e+02,1.642446091154806890e-03,1.010985108261598653e-01,-1.587040873822400888e+00
1.044200000000000017e+02,1.642446091154806890e-03,1.010985108261598653e-01,-1.587040873822400888e+00
1.044399999999999977e+02,1.642446091154806890e-03,1.010985108261598653e-01,-1.587040873822400888e+00
1.044599999999999937e+02,1.642446091154806890e-03,1.010985108261598653e-01,-1.587040873822400888e+00
1.044800000000000040e+02,1.642446091154806890e-03,1.010985108261598653e-01,-1.587040873822400888e+00
1.045000000000000000e+02,1.642446091154806890e-03,1.010985108261598653e-01,-1.587040873822400888e+00
1.045199999999999960e+02,1.642446091154806890e-03,1.010985108261598653e-01,-1.587040873822400888e+00
1.045400000000000063e+02,1.642446091154806890e-03,1.010985108261598653e-01,-1.587040873822400888e+00
1.045600000000000023e+02,1.642446091154806890e-03,1.010985108261598653e-01,-1.587040873822400888e+00
1.045799999999999983e+02,1.642446091154806890e-03,1.010985108261598653e-01,-1.587040873822400888e+00
1.045999999999999943e+02,1.642446091154806890e-03,1.010985108261598653e-01,-1.587040873822400888e+00
1.046200000000000045e+02,1.642446091154806890e-03,1.010985108261598653e-01,-1.587040873822400888e+00
1.046400000000000006e+02,1.642446091154806890e-03,1.010985108261598653e-01,-1.587040873822400888e+00
1.046599999999999966e+02,1.642446091154806890e-03,1.010985108261598653e-01,-1.587040873822400888e+00
1.046800000000000068e+02,1.642446091154806890e-03,1.010985108261598653e-01,-1.587040873822400888e+00
1.047000000000000028e+02,1.642446091154806890e-03,1.010985108261598653e-01,-1.587040873822400888e+00
1.047199999999999989e+02,1.642446091154806890e-03,1.010985108261598653e-01,-1.587040873822400888e+00
1.047399999999999949e+02,1.642446091154806890e-03,1.010985108261598653e-01,-1.587040873822400888e+00
1.047600000000000051e+02,1.642446091154806890e-03,1.010985108261598653e-01,-1.587040873822400888e+00
1.047800000000000011e+02,1.642446091154806890e-03,1.010985108261598653e-01,-1.587040873822400888e+00
1.047999999999999972e+02,1.642446091154806890e-03,1.010985108261598653e-01,-1.587040873822400888e+00
1.048199999999999932e+02,1.642446091154806890e-03,1.010985108261598653e-01,-1.587040873822400888e+00
1.048400000000000034e+02,1.642446091154806890e-03,1.010985108261598653e-01,-1.587040873822400888e+00
1.048599999999999994e+02,1.642446091154806890e-03,1.010985108261598653e-01,-1.587040873822400888e+00
1.048799999999999955e+02,1.642446091154806890e-03,1.010985108261598653e-01,-1.587040873822400888e+00
1.049000000000000057e+02,1.642446091154806890e-03,1.010985108261598653e-01,-1.587040873822400888e+00
1.049200000000000017e+02,1.642446091154806890e-03,1.010985108261598653e-01,-1.587040873822400888e+00
1.049399999999999977e+02,1.642446091154806890e-03,1.010985108261598653e-01,-1.587040873822400888e+00
1.049599999999999937e+02,1.642446091154806890e-03,1.010985108261598653e-01,-1.587040873822400888e+00
1.049800000000000040e+02,1.642446091154806890e-03,1.010985108261598653e-01,-1.587040873822400888e+00
1.050000000000000000e+02,1.642446091154806890e-03,1.010985108261598653e-01,-1.587040873822400888e+00
1.050199999999999960e+02,1.642446091154806890e-03,1.010985108261598653e-01,-1.587040873822400888e+00
1.050400000000000063e+02,1.642446091154806890e-03,1.010985108261598653e-01,-1.587040873822400888e+00
1.050600000000000023e+02,1.642446091154806890e-03,1.010985108261598653e-01,-1.587040873822400888e+00
1.050799999999999983e+02,1.642446091154806890e-03,1.010985108261598653e-01,-1.587040873822400888e+00
1.050999999999999943e+02,1.642446091154806890e-03,1.010985108261598653e-01,-1.587040873822400888e+00
1.051200000000000045e+02,1.642446091154806890e-03,1.010985108261598653e-01,-1.587040873822400888e+00
1.051400000000000006e+02,1.642446091154806890e-03,1.010985108261598653e-01,-1.587040873822400888e+00
1.051599999999999966e+02,1.642446091154806890e-03,1.010985108261598653e-01,-1.587040873822400888e+00
1.051800000000000068e+02,1.642446091154806890e-03,1.010985108261598653e-01,-1.587040873822400888e+00
1.052000000000000028e+02,1.642446091154806890e-03,1.010985108261598653e-01,-1.587040873822400888e+00
1.052199999999999989e+02,1.642446091154806890e-03,1.010985108261598653e-01,-1.587040873822400888e+00
1.052399999999999949e+02,1.642446091154806890e-03,1.010985108261598653e-01,-1.587040873822400888e+00
1.052600000000000051e+02,1.642446091154806890e-03,1.010985108261598653e-01,-1.587040873822400888e+00
1.052800000000000011e+02,1.642446091154806890e-03,1.010985108261598653e-01,-1.587040873822400888e+00
1.052999999999999972e+02,1.642446091154806890e-03,1.010985108261598653e-01,-1.587040873822400888e+00
1.053199999999999932e+02,1.642446091154806890e-03,1.010985108261598653e-01,-1.587040873822400888e+00
1.053400000000000034e+02,1.642446091154806890e-03,1.010985108261598653e-01,-1.587040873822400888e+00
1.053599999999999994e+02,1.642446091154806890e-03,1.010985108261598653e-01,-1.587040873822400888e+00
1.053799999999999955e+02,1.642446091154806890e-03,1.010985108261598653e-01,-1.587040873822400888e+00
1.054000000000000057e+02,1.642446091154806890e-03,1.010985108261598653e-01,-1.587040873822400888e+00
1.054200000000000017e+02,1.642446091154806890e-03,1.010985108261598653e-01,-1.587040873822400888e+00
1.054399999999999977e+02,1.642446091154806890e-03,1.010985108261598653e-01,-1.587040873822400888e+00
1.054599999999999937e+02,1.642446091154806890e-03,1.010985108261598653e-01,-1.587040873822400888e+00
1.054800000000000040e+02,1.642446091154806890e-03,1.010985108261598653e-01,-1.587040873822400888e+00
1.055000000000000000e+02,1.642446091154806890e-03,1.010985108261598653e-01,-1.587040873822400888e+00
1.055199999999999960e+02,1.642446091154806890e-03,1.010985108261598653e-01,-1.587040873822400888e+00
1.055400000000000063e+02,1.642446091154806890e-03,1.010985108261598653e-01,-1.587040873822400888e+00
1.055600000000000023e+02,1.642446091154806890e-03,1.010985108261598653e-01,-1.587040873822400888e+00
1.055799999999999983e+02,1.642446091154806890e-03,1.010985108261598653e-01,-1.587040873822400888e+00
1.055999999999999943e+02,1.642446091154806890e-03,1.010985108261598653e-01,-1.587040873822400888e+00
1.056200000000000045e+02,1.642446091154806890e-03,1.010985108261598653e-01,-1.587040873822400888e+00
1.056400000000000006e+02,1.642446091154806890e-03,1.010985108261598653e-01,-1.587040873822400888e+00
1.056599999999999966e+02,1.642446091154806890e-03,1.010985108261598653e-01,-1.587040873822400888e+00
1.056800000000000068e+02,1.642446091154806890e-03,1.010985108261598653e-01,-1.587040873822400888e+00
1.057000000000000028e+02,1.642446091154806890e-03,1.010985108261598653e-01,-1.587040873822400888e+00
1.057199999999999989e+02,1.642446091154806890e-03,1.010985108261598653e-01,-1.587040873822400888e+00
1.057399999999999949e+02,1.642446091154806890e-03,1.010985108261598653e-01,-1.587040873822400888e+00
1.057600000000000051e+02,1.642446091154806890e-03,1.010985108261598653e-01,-1.587040873822400888e+00
1.057800000000000011e+02,1.642446091154806890e-03,1.010985108261598653e-01,-1.587040873822400888e+00
1.057999999999999972e+02,1.642446091154806890e-03,1.010985108261598653e-01,-1.587040873822400888e+00
1.058199999999999932e+02,1.642446091154806890e-03,1.010985108261598653e-01,-1.587040873822400888e+00
1.058400000000000034e+02,1.642446091154806890e-03,1.010985108261598653e-01,-1.587040873822400888e+00
1.058599999999999994e+02,1.642446091154806890e-03,1.010985108261598653e-01,-1.587040873822400888e+00
1.058799999999999955e+02,1.642446091154806890e-03,1.010985108261598653e-01,-1.587040873822400888e+00
1.059000000000000057e+02,1.642446091154806890e-03,1.010985108261598653e-01,-1.587040873822400888e+00
1.059200000000000017e+02,1.642446091154806890e-03,1.010985108261598653e-01,-1.587040873822400888e+00
1.059399999999999977e+02,1.642446091154806890e-03,1.010985108261598653e-01,-1.587040873822400888e+00
1.059599999999999937e+02,1.642446091154806890e-03,1.010985108261598653e-01,-1.587040873822400888e+00
1.059800000000000040e+02,1.642446091154806890e-03,1.010985108261598653e-01,-1.587040873822400888e+00
1.060000000000000000e+02,1.642446091154806890e-03,1.010985108261598653e-01,-1.587040873822400888e+00
1.060199999999999960e+02,1.642446091154806890e-03,1.010985108261598653e-01,-1.587040873822400888e+00
1.060400000000000063e+02,1.642446091154806890e-03,1.010985108261598653e-01,-1.587040873822400888e+00
1.060600000000000023e+02,1.642446091154806890e-03,1.010985108261598653e-01,-1.587040873822400888e+00
1.060799999999999983e+02,1.642446091154806890e-03,1.010985108261598653e-01,-1.587040873822400888e+00
1.060999999999999943e+02,1.642446091154806890e-03,1.010985108261598653e-01,-1.587040873822400888e+00
1.061200000000000045e+02,1.642446091154806890e-03,1.010985108261598653e-01,-1.587040873822400888e+00
1.061400000000000006e+02,1.642446091154806890e-03,1.010985108261598653e-01,-1.587040873822400888e+00
1.061599999999999966e+02,1.642446091154806890e-03,1.010985108261598653e-01,-1.587040873822400888e+00
1.061800000000000068e+02,1.642446091154806890e-03,1.010985108261598653e-01,-1.587040873822400888e+00
1.062000000000000028e+02,1.642446091154806890e-03,1.010985108261598653e-01,-1.587040873822400888e+00
1.062199999999999989e+02,1.642446091154806890e-03,1.010985108261598653e-01,-1.587040873822400888e+00
1.062399999999999949e+02,1.642446091154806890e-03,1.010985108261598653e-01,-1.587040873822400888e+00
1.062600000000000051e+02,1.642446091154806890e-03,1.010985108261598653e-01,-1.587040873822400888e+00
1.062800000000000011e+02,1.642446091154806890e-03,1.010985108261598653e-01,-1.587040873822400888e+00
1.062999999999999972e+02,1.642446091154806890e-03,1.010985108261598653e-01,-1.587040873822400888e+00
1.063199999999999932e+02,1.642446091154806890e-03,1.010985108261598653e-01,-1.587040873822400888e+00
1.063400000000000034e+02,1.642446091154806890e-03,1.010985108261598653e-01,-1.587040873822400888e+00
1.063599999999999994e+02,1.642446091154806890e-03,1.010985108261598653e-01,-1.587040873822400888e+00
1.063799999999999955e+02,1.642446091154806890e-03,1.010985108261598653e-01,-1.587040873822400888e+00
1.064000000000000057e+02,1.642446091154806890e-03,1.010985108261598653e-01,-1.587040873822400888e+00
1.064200000000000017e+02,1.642446091154806890e-03,1.010985108261598653e-01,-1.587040873822400888e+00
1.064399999999999977e+02,1.642446091154806890e-03,1.010985108261598653e-01,-1.587040873822400888e+00
1.064599999999999937e+02,1.642446091154806890e-03,1.010985108261598653e-01,-1.587040873822400888e+00
1.064800000000000040e+02,1.642446091154806890e-03,1.010985108261598653e-01,-1.587040873822400888e+00
1.065000000000000000e+02,1.642446091154806890e-03,1.010985108261598653e-01,-1.587040873822400888e+00
1.065199999999999960e+02,1.642446091154806890e-03,1.010985108261598653e-01,-1.587040873822400888e+00
1.065400000000000063e+02,1.642446091154806890e-03,1.010985108261598653e-01,-1.587040873822400888e+00
1.065600000000000023e+02,1.642446091154806890e-03,1.010985108261598653e-01,-1.587040873822400888e+00
1.065799999999999983e+02,1.642446091154806890e-03,1.010985108261598653e-01,-1.587040873822400888e+00
1.065999999999999943e+02,1.642446091154806890e-03,1.010985108261598653e-01,-1.587040873822400888e+00
1.066200000000000045e+02,1.642446091154806890e-03,1.010985108261598653e-01,-1.587040873822400888e+00
1.066400000000000006e+02,1.642446091154806890e-03,1.010985108261598653e-01,-1.587040873822400888e+00
1.066599999999999966e+02,1.642446091154806890e-03,1.010985108261598653e-01,-1.587040873822400888e+00
1.066800000000000068e+02,1.642446091154806890e-03,1.010985108261598653e-01,-1.587040873822400888e+00
1.067000000000000028e+02,1.642446091154806890e-03,1.010985108261598653e-01,-1.587040873822400888e+00
1.067199999999999989e+02,1.642446091154806890e-03,1.010985108261598653e-01,-1.587040873822400888e+00
1.067399999999999949e+02,1.642446091154806890e-03,1.010985108261598653e-01,-1.587040873822400888e+00
1.067600000000000051e+02,1.642446091154806890e-03,1.010985108261598653e-01,-1.587040873822400888e+00
1.067800000000000011e+02,1.642446091154806890e-03,1.010985108261598653e-01,-1.587040873822400888e+00
1.067999999999999972e+02,1.642446091154806890e-03,1.010985108261598653e-01,-1.587040873822400888e+00
1.068199999999999932e+02,1.642446091154806890e-03,1.010985108261598653e-01,-1.587040873822400888e+00
1.068400000000000034e+02,1.642446091154806890e-03,1.010985108261598653e-01,-1.587040873822400888e+00
1.068599999999999994e+02,1.642446091154806890e-03,1.010985108261598653e-01,-1.587040873822400888e+00
1.068799999999999955e+02,1.642446091154806890e-03,1.010985108261598653e-01,-1.587040873822400888e+00
1.069000000000000057e+02,1.642446091154806890e-03,1.010985108261598653e-01,-1.587040873822400888e+00
1.069200000000000017e+02,1.642446091154806890e-03,1.010985108261598653e-01,-1.587040873822400888e+00
1.069399999999999977e+02,1.642446091154806890e-03,1.010985108261598653e-01,-1.587040873822400888e+00
1.069599999999999937e+02,1.642446091154806890e-03,1.010985108261598653e-01,-1.587040873822400888e+00
1.069800000000000040e+02,1.642446091154806890e-03,1.010985108261598653e-01,-1.587040873822400888e+00
1.070000000000000000e+02,1.642446091154806890e-03,1.010985108261598653e-01,-1.587040873822400888e+00
1.070199999999999960e+02,1.642446091154806890e-03,1.010985108261598653e-01,-1.587040873822400888e+00
1.070400000000000063e+02,1.642446091154806890e-03,1.010985108261598653e-01,-1.587040873822400888e+00
1.070600000000000023e+02,1.642446091154806890e-03,1.010985108261598653e-01,-1.587040873822400888e+00
1.070799999999999983e+02,1.642446091154806890e-03,1.010985108261598653e-01,-1.587040873822400888e+00
1.070999999999999943e+02,1.642446091154806890e-03,1.010985108261598653e-01,-1.587040873822400888e+00
1.071200000000000045e+02,1.642446091154806890e-03,1.010985108261598653e-01,-1.587040873822400888e+00
1.071400000000000006e+02,1.642446091154806890e-03,1.010985108261598653e-01,-1.587040873822400888e+00
1.071599999999999966e+02,1.642446091154806890e-03,1.010985108261598653e-01,-1.587040873822400888e+00
1.071800000000000068e+02,1.642446091154806890e-03,1.010985108261598653e-01,-1.587040873822400888e+00
1.072000000000000028e+02,1.642446091154806890e-03,1.010985108261598653e-01,-1.587040873822400888e+00
1.072199999999999989e+02,1.642446091154806890e-03,1.010985108261598653e-01,-1.587040873822400888e+00
1.072399999999999949e+02,1.642446091154806890e-03,1.010985108261598653e-01,-1.587040873822400888e+00
1.072600000000000051e+02,1.642446091154806890e-03,1.010985108261598653e-01,-1.587040873822400888e+00
1.072800000000000011e+02,1.642446091154806890e-03,1.010985108261598653e-01,-1.587040873822400888e+00
1.072999999999999972e+02,1.642446091154806890e-03,1.010985108261598653e-01,-1.587040873822400888e+00
1.073199999999999932e+02,1.642446091154806890e-03,1.010985108261598653e-01,-1.587040873822400888e+00
1.073400000000000034e+02,1.642446091154806890e-03,1.010985108261598653e-01,-1.587040873822400888e+00
1.073599999999999994e+02,1.642446091154806890e-03,1.010985108261598653e-01,-1.587040873822400888e+00
1.073799999999999955e+02,1.642446091154806890e-03,1.010985108261598653e-01,-1.587040873822400888e+00
1.074000000000000057e+02,1.642446091154806890e-03,1.010985108261598653e-01,-1.587040873822400888e+00
1.074200000000000017e+02,1.642446091154806890e-03,1.010985108261598653e-01,-1.587040873822400888e+00
1.074399999999999977e+02,1.642446091154806890e-03,1.010985108261598653e-01,-1.587040873822400888e+00
1.074599999999999937e+02,1.642446091154806890e-03,1.010985108261598653e-01,-1.587040873822400888e+00
1.074800000000000040e+02,1.642446091154806890e-03,1.010985108261598653e-01,-1.587040873822400888e+00
1.075000000000000000e+02,1.642446091154806890e-03,1.010985108261598653e-01,-1.587040873822400888e+00
1.075199999999999960e+02,1.642446091154806890e-03,1.010985108261598653e-01,-1.587040873822400888e+00
1.075400000000000063e+02,1.642446091154806890e-03,1.010985108261598653e-01,-1.587040873822400888e+00
1.075600000000000023e+02,1.642446091154806890e-03,1.010985108261598653e-01,-1.587040873822400888e+00
1.075799999999999983e+02,1.642446091154806890e-03,1.010985108261598653e-01,-1.587040873822400888e+00
1.075999999999999943e+02,1.642446091154806890e-03,1.010985108261598653e-01,-1.587040873822400888e+00
1.076200000000000045e+02,1.642446091154806890e-03,1.010985108261598653e-01,-1.587040873822400888e+00
1.076400000000000006e+02,1.642446091154806890e-03,1.010985108261598653e-01,-1.587040873822400888e+00
1.076599999999999966e+02,1.642446091154806890e-03,1.010985108261598653e-01,-1.587040873822400888e+00
1.076800000000000068e+02,1.642446091154806890e-03,1.010985108261598653e-01,-1.587040873822400888e+00
1.077000000000000028e+02,1.642446091154806890e-03,1.010985108261598653e-01,-1.587040873822400888e+00
1.077199999999999989e+02,1.642446091154806890e-03,1.010985108261598653e-01,-1.587040873822400888e+00
1.077399999999999949e+02,1.642446091154806890e-03,1.010985108261598653e-01,-1.587040873822400888e+00
1.077600000000000051e+02,1.642446091154806890e-03,1.010985108261598653e-01,-1.587040873822400888e+00
1.077800000000000011e+02,1.642446091154806890e-03,1.010985108261598653e-01,-1.587040873822400888e+00
1.077999999999999972e+02,1.642446091154806890e-03,1.010985108261598653e-01,-1.587040873822400888e+00
1.078199999999999932e+02,1.642446091154806890e-03,1.010985108261598653e-01,-1.587040873822400888e+00
1.078400000000000034e+02,1.642446091154806890e-03,1.010985108261598653e-01,-1.587040873822400888e+00
1.078599999999999994e+02,1.642446091154806890e-03,1.010985108261598653e-01,-1.587040873822400888e+00
1.078799999999999955e+02,1.642446091154806890e-03,1.010985108261598653e-01,-1.587040873822400888e+00
1.079000000000000057e+02,1.642446091154806890e-03,1.010985108261598653e-01,-1.587040873822400888e+00
1.079200000000000017e+02,1.642446091154806890e-03,1.010985108261598653e-01,-1.587040873822400888e+00
1.079399999999999977e+02,1.642446091154806890e-03,1.010985108261598653e-01,-1.587040873822400888e+00
1.079599999999999937e+02,1.642446091154806890e-03,1.010985108261598653e-01,-1.587040873822400888e+00
1.079800000000000040e+02,1.642446091154806890e-03,1.010985108261598653e-01,-1.587040873822400888e+00
1.080000000000000000e+02,1.642446091154806890e-03,1.010985108261598653e-01,-1.587040873822400888e+00
1.080199999999999960e+02,1.642446091154806890e-03,1.010985108261598653e-01,-1.587040873822400888e+00
1.080400000000000063e+02,1.642446091154806890e-03,1.010985108261598653e-01,-1.587040873822400888e+00
1.080600000000000023e+02,1.642446091154806890e-03,1.010985108261598653e-01,-1.587040873822400888e+00
1.080799999999999983e+02,1.642446091154806890e-03,1.010985108261598653e-01,-1.587040873822400888e+00
1.080999999999999943e+02,1.642446091154806890e-03,1.010985108261598653e-01,-1.587040873822400888e+00
1.081200000000000045e+02,1.642446091154806890e-03,1.010985108261598653e-01,-1.587040873822400888e+00
1.081400000000000006e+02,1.642446091154806890e-03,1.010985108261598653e-01,-1.587040873822400888e+00
1.081599999999999966e+02,1.642446091154806890e-03,1.010985108261598653e-01,-1.587040873822400888e+00
1.081800000000000068e+02,1.642446091154806890e-03,1.010985108261598653e-01,-1.587040873822400888e+00
1.082000000000000028e+02,1.642446091154806890e-03,1.010985108261598653e-01,-1.587040873822400888e+00
1.082199999999999989e+02,1.642446091154806890e-03,1.010985108261598653e-01,-1.587040873822400888e+00
1.082399999999999949e+02,1.642446091154806890e-03,1.010985108261598653e-01,-1.587040873822400888e+00
1.082600000000000051e+02,1.642446091154806890e-03,1.010985108261598653e-01,-1.587040873822400888e+00
1.082800000000000011e+02,1.642446091154806890e-03,1.010985108261598653e-01,-1.587040873822400888e+00
1.082999999999999972e+02,1.642446091154806890e-03,1.010985108261598653e-01,-1.587040873822400888e+00
1.083199999999999932e+02,1.642446091154806890e-03,1.010985108261598653e-01,-1.587040873822400888e+00
1.083400000000000034e+02,1.642446091154806890e-03,1.010985108261598653e-01,-1.587040873822400888e+00
1.083599999999999994e+02,1.642446091154806890e-03,1.010985108261598653e-01,-1.587040873822400888e+00
1.083799999999999955e+02,1.642446091154806890e-03,1.010985108261598653e-01,-1.587040873822400888e+00
1.084000000000000057e+02,1.642446091154806890e-03,1.010985108261598653e-01,-1.587040873822400888e+00
1.084200000000000017e+02,1.642446091154806890e-03,1.010985108261598653e-01,-1.587040873822400888e+00
1.084399999999999977e+02,1.642446091154806890e-03,1.010985108261598653e-01,-1.587040873822400888e+00
1.084599999999999937e+02,1.642446091154806890e-03,1.010985108261598653e-01,-1.587040873822400888e+00
1.084800000000000040e+02,1.642446091154806890e-03,1.010985108261598653e-01,-1.587040873822400888e+00
1.085000000000000000e+02,1.642446091154806890e-03,1.010985108261598653e-01,-1.587040873822400888e+00
1.085199999999999960e+02,1.642446091154806890e-03,1.010985108261598653e-01,-1.587040873822400888e+00
1.085400000000000063e+02,1.642446091154806890e-03,1.010985108261598653e-01,-1.587040873822400888e+00
1.085600000000000023e+02,1.642446091154806890e-03,1.010985108261598653e-01,-1.587040873822400888e+00
1.085799999999999983e+02,1.642446091154806890e-03,1.010985108261598653e-01,-1.587040873822400888e+00
1.085999999999999943e+02,1.642446091154806890e-03,1.010985108261598653e-01,-1.587040873822400888e+00
1.086200000000000045e+02,1.642446091154806890e-03,1.010985108261598653e-01,-1.587040873822400888e+00
1.086400000000000006e+02,1.642446091154806890e-03,1.010985108261598653e-01,-1.587040873822400888e+00
1.086599999999999966e+02,1.642446091154806890e-03,1.010985108261598653e-01,-1.587040873822400888e+00
1.086800000000000068e+02,1.642446091154806890e-03,1.010985108261598653e-01,-1.587040873822400888e+00
1.087000000000000028e+02,1.642446091154806890e-03,1.010985108261598653e-01,-1.587040873822400888e+00
1.087199999999999989e+02,1.642446091154806890e-03,1.010985108261598653e-01,-1.587040873822400888e+00
1.087399999999999949e+02,1.642446091154806890e-03,1.010985108261598653e-01,-1.587040873822400888e+00
1.087600000000000051e+02,1.642446091154806890e-03,1.010985108261598653e-01,-1.587040873822400888e+00
1.087800000000000011e+02,1.642446091154806890e-03,1.010985108261598653e-01,-1.587040873822400888e+00
1.087999999999999972e+02,1.642446091154806890e-03,1.010985108261598653e-01,-1.587040873822400888e+00
1.088199999999999932e+02,1.642446091154806890e-03,1.010985108261598653e-01,-1.587040873822400888e+00
1.088400000000000034e+02,1.642446091154806890e-03,1.010985108261598653e-01,-1.587040873822400888e+00
1.088599999999999994e+02,1.642446091154806890e-03,1.010985108261598653e-01,-1.587040873822400888e+00
1.088799999999999955e+02,1.642446091154806890e-03,1.010985108261598653e-01,-1.587040873822400888e+00
1.089000000000000057e+02,1.642446091154806890e-03,1.010985108261598653e-01,-1.587040873822400888e+00
1.089200000000000017e+02,1.642446091154806890e-03,1.010985108261598653e-01,-1.587040873822400888e+00
1.089399999999999977e+02,1.642446091154806890e-03,1.010985108261598653e-01,-1.587040873822400888e+00
1.089599999999999937e+02,1.642446091154806890e-03,1.010985108261598653e-01,-1.587040873822400888e+00
1.089800000000000040e+02,1.642446091154806890e-03,1.010985108261598653e-01,-1.587040873822400888e+00
1.090000000000000000e+02,1.642446091154806890e-03,1.010985108261598653e-01,-1.587040873822400888e+00
1.090199999999999960e+02,1.642446091154806890e-03,1.010985108261598653e-01,-1.587040873822400888e+00
1.090400000000000063e+02,1.642446091154806890e-03,1.010985108261598653e-01,-1.587040873822400888e+00
1.090600000000000023e+02,1.642446091154806890e-03,1.010985108261598653e-01,-1.587040873822400888e+00
1.090799999999999983e+02,1.642446091154806890e-03,1.010985108261598653e-01,-1.587040873822400888e+00
1.090999999999999943e+02,1.642446091154806890e-03,1.010985108261598653e-01,-1.587040873822400888e+00
1.091200000000000045e+02,1.642446091154806890e-03,1.010985108261598653e-01,-1.587040873822400888e+00
1.091400000000000006e+02,1.642446091154806890e-03,1.010985108261598653e-01,-1.587040873822400888e+00
1.091599999999999966e+02,1.642446091154806890e-03,1.010985108261598653e-01,-1.587040873822400888e+00
1.091800000000000068e+02,1.642446091154806890e-03,1.010985108261598653e-01,-1.587040873822400888e+00
1.092000000000000028e+02,1.642446091154806890e-03,1.010985108261598653e-01,-1.587040873822400888e+00
1.092199999999999989e+02,1.642446091154806890e-03,1.010985108261598653e-01,-1.587040873822400888e+00
1.092399999999999949e+02,1.642446091154806890e-03,1.010985108261598653e-01,-1.587040873822400888e+00
1.092600000000000051e+02,1.642446091154806890e-03,1.010985108261598653e-01,-1.587040873822400888e+00
1.092800000000000011e+02,1.642446091154806890e-03,1.010985108261598653e-01,-1.587040873822400888e+00
1.092999999999999972e+02,1.642446091154806890e-03,1.010985108261598653e-01,-1.587040873822400888e+00
1.093199999999999932e+02,1.642446091154806890e-03,1.010985108261598653e-01,-1.587040873822400888e+00
1.093400000000000034e+02,1.642446091154806890e-03,1.010985108261598653e-01,-1.587040873822400888e+00
1.093599999999999994e+02,1.642446091154806890e-03,1.010985108261598653e-01,-1.587040873822400888e+00
1.093799999999999955e+02,1.642446091154806890e-03,1.010985108261598653e-01,-1.587040873822400888e+00
1.094000000000000057e+02,1.642446091154806890e-03,1.010985108261598653e-01,-1.587040873822400888e+00
1.094200000000000017e+02,1.642446091154806890e-03,1.010985108261598653e-01,-1.587040873822400888e+00
1.094399999999999977e+02,1.642446091154806890e-03,1.010985108261598653e-01,-1.587040873822400888e+00
1.094599999999999937e+02,1.642446091154806890e-03,1.010985108261598653e-01,-1.587040873822400888e+00
1.094800000000000040e+02,1.642446091154806890e-03,1.010985108261598653e-01,-1.587040873822400888e+00
1.095000000000000000e+02,1.642446091154806890e-03,1.010985108261598653e-01,-1.587040873822400888e+00
1.095199999999999960e+02,1.642446091154806890e-03,1.010985108261598653e-01,-1.587040873822400888e+00
1.095400000000000063e+02,1.642446091154806890e-03,1.010985108261598653e-01,-1.587040873822400888e+00
1.095600000000000023e+02,1.642446091154806890e-03,1.010985108261598653e-01,-1.587040873822400888e+00
1.095799999999999983e+02,1.642446091154806890e-03,1.010985108261598653e-01,-1.587040873822400888e+00
1.095999999999999943e+02,1.642446091154806890e-03,1.010985108261598653e-01,-1.587040873822400888e+00
1.096200000000000045e+02,1.642446091154806890e-03,1.010985108261598653e-01,-1.587040873822400888e+00
1.096400000000000006e+02,1.642446091154806890e-03,1.010985108261598653e-01,-1.587040873822400888e+00
1.096599999999999966e+02,1.642446091154806890e-03,1.010985108261598653e-01,-1.587040873822400888e+00
1.096800000000000068e+02,1.642446091154806890e-03,1.010985108261598653e-01,-1.587040873822400888e+00
1.097000000000000028e+02,1.642446091154806890e-03,1.010985108261598653e-01,-1.587040873822400888e+00
1.097199999999999989e+02,1.642446091154806890e-03,1.010985108261598653e-01,-1.587040873822400888e+00
1.097399999999999949e+02,1.642446091154806890e-03,1.010985108261598653e-01,-1.587040873822400888e+00
1.097600000000000051e+02,1.642446091154806890e-03,1.010985108261598653e-01,-1.587040873822400888e+00
1.097800000000000011e+02,1.642446091154806890e-03,1.010985108261598653e-01,-1.587040873822400888e+00
1.097999999999999972e+02,1.642446091154806890e-03,1.010985108261598653e-01,-1.587040873822400888e+00
1.098199999999999932e+02,1.642446091154806890e-03,1.010985108261598653e-01,-1.587040873822400888e+00
1.098400000000000034e+02,1.642446091154806890e-03,1.010985108261598653e-01,-1.587040873822400888e+00
1.098599999999999994e+02,1.642446091154806890e-03,1.010985108261598653e-01,-1.587040873822400888e+00
1.098799999999999955e+02,1.642446091154806890e-03,1.010985108261598653e-01,-1.587040873822400888e+00
1.099000000000000057e+02,1.642446091154806890e-03,1.010985108261598653e-01,-1.587040873822400888e+00
1.099200000000000017e+02,1.642446091154806890e-03,1.010985108261598653e-01,-1.587040873822400888e+00
1.099399999999999977e+02,1.642446091154806890e-03,1.010985108261598653e-01,-1.587040873822400888e+00
1.099599999999999937e+02,1.642446091154806890e-03,1.010985108261598653e-01,-1.587040873822400888e+00
1.099800000000000040e+02,1.642446091154806890e-03,1.010985108261598653e-01,-1.587040873822400888e+00
1.100000000000000000e+02,1.642446091154806890e-03,1.010985108261598653e-01,-1.587040873822400888e+00
1.100199999999999960e+02,1.642446091154806890e-03,1.010985108261598653e-01,-1.587040873822400888e+00
1.100400000000000063e+02,1.642446091154806890e-03,1.010985108261598653e-01,-1.587040873822400888e+00
1.100600000000000023e+02,1.642446091154806890e-03,1.010985108261598653e-01,-1.587040873822400888e+00
1.100799999999999983e+02,1.642446091154806890e-03,1.010985108261598653e-01,-1.587040873822400888e+00
1.100999999999999943e+02,1.642446091154806890e-03,1.010985108261598653e-01,-1.587040873822400888e+00
1.101200000000000045e+02,1.642446091154806890e-03,1.010985108261598653e-01,-1.587040873822400888e+00
1.101400000000000006e+02,1.642446091154806890e-03,1.010985108261598653e-01,-1.587040873822400888e+00
1.101599999999999966e+02,1.642446091154806890e-03,1.010985108261598653e-01,-1.587040873822400888e+00
1.101800000000000068e+02,1.642446091154806890e-03,1.010985108261598653e-01,-1.587040873822400888e+00
1.102000000000000028e+02,1.642446091154806890e-03,1.010985108261598653e-01,-1.587040873822400888e+00
1.102199999999999989e+02,1.642446091154806890e-03,1.010985108261598653e-01,-1.587040873822400888e+00
1.102399999999999949e+02,1.642446091154806890e-03,1.010985108261598653e-01,-1.587040873822400888e+00
1.102600000000000051e+02,1.642446091154806890e-03,1.010985108261598653e-01,-1.587040873822400888e+00
1.102800000000000011e+02,1.642446091154806890e-03,1.010985108261598653e-01,-1.587040873822400888e+00
1.102999999999999972e+02,1.642446091154806890e-03,1.010985108261598653e-01,-1.587040873822400888e+00
1.103199999999999932e+02,1.642446091154806890e-03,1.010985108261598653e-01,-1.587040873822400888e+00
1.103400000000000034e+02,1.642446091154806890e-03,1.010985108261598653e-01,-1.587040873822400888e+00
1.103599999999999994e+02,1.642446091154806890e-03,1.010985108261598653e-01,-1.587040873822400888e+00
1.103799999999999955e+02,1.642446091154806890e-03,1.010985108261598653e-01,-1.587040873822400888e+00
1.104000000000000057e+02,1.642446091154806890e-03,1.010985108261598653e-01,-1.587040873822400888e+00
1.104200000000000017e+02,1.642446091154806890e-03,1.010985108261598653e-01,-1.587040873822400888e+00
1.104399999999999977e+02,1.642446091154806890e-03,1.010985108261598653e-01,-1.587040873822400888e+00
1.104599999999999937e+02,1.642446091154806890e-03,1.010985108261598653e-01,-1.587040873822400888e+00
1.104800000000000040e+02,1.642446091154806890e-03,1.010985108261598653e-01,-1.587040873822400888e+00
1.105000000000000000e+02,1.642446091154806890e-03,1.010985108261598653e-01,-1.587040873822400888e+00
1.105199999999999960e+02,1.642446091154806890e-03,1.010985108261598653e-01,-1.587040873822400888e+00
1.105400000000000063e+02,1.642446091154806890e-03,1.010985108261598653e-01,-1.587040873822400888e+00
1.105600000000000023e+02,1.642446091154806890e-03,1.010985108261598653e-01,-1.587040873822400888e+00
1.105799999999999983e+02,1.642446091154806890e-03,1.010985108261598653e-01,-1.587040873822400888e+00
1.105999999999999943e+02,1.642446091154806890e-03,1.010985108261598653e-01,-1.587040873822400888e+00
1.106200000000000045e+02,1.642446091154806890e-03,1.010985108261598653e-01,-1.587040873822400888e+00
1.106400000000000006e+02,1.642446091154806890e-03,1.010985108261598653e-01,-1.587040873822400888e+00
1.106599999999999966e+02,1.642446091154806890e-03,1.010985108261598653e-01,-1.587040873822400888e+00
1.106800000000000068e+02,1.642446091154806890e-03,1.010985108261598653e-01,-1.587040873822400888e+00
1.107000000000000028e+02,1.642446091154806890e-03,1.010985108261598653e-01,-1.587040873822400888e+00
1.107199999999999989e+02,1.642446091154806890e-03,1.010985108261598653e-01,-1.587040873822400888e+00
1.107399999999999949e+02,1.642446091154806890e-03,1.010985108261598653e-01,-1.587040873822400888e+00
1.107600000000000051e+02,1.642446091154806890e-03,1.010985108261598653e-01,-1.587040873822400888e+00
1.107800000000000011e+02,1.642446091154806890e-03,1.010985108261598653e-01,-1.587040873822400888e+00
1.107999999999999972e+02,1.642446091154806890e-03,1.010985108261598653e-01,-1.587040873822400888e+00
1.108199999999999932e+02,1.642446091154806890e-03,1.010985108261598653e-01,-1.587040873822400888e+00
1.108400000000000034e+02,1.642446091154806890e-03,1.010985108261598653e-01,-1.587040873822400888e+00
1.108599999999999994e+02,1.642446091154806890e-03,1.010985108261598653e-01,-1.587040873822400888e+00
1.108799999999999955e+02,1.642446091154806890e-03,1.010985108261598653e-01,-1.587040873822400888e+00
1.109000000000000057e+02,1.642446091154806890e-03,1.010985108261598653e-01,-1.587040873822400888e+00
1.109200000000000017e+02,1.642446091154806890e-03,1.010985108261598653e-01,-1.587040873822400888e+00
1.109399999999999977e+02,1.642446091154806890e-03,1.010985108261598653e-01,-1.587040873822400888e+00
1.109599999999999937e+02,1.642446091154806890e-03,1.010985108261598653e-01,-1.587040873822400888e+00
1.109800000000000040e+02,1.642446091154806890e-03,1.010985108261598653e-01,-1.587040873822400888e+00
1.110000000000000000e+02,1.642446091154806890e-03,1.010985108261598653e-01,-1.587040873822400888e+00
1.110199999999999960e+02,1.642446091154806890e-03,1.010985108261598653e-01,-1.587040873822400888e+00
1.110400000000000063e+02,1.642446091154806890e-03,1.010985108261598653e-01,-1.587040873822400888e+00
1.110600000000000023e+02,1.642446091154806890e-03,1.010985108261598653e-01,-1.587040873822400888e+00
1.110799999999999983e+02,1.642446091154806890e-03,1.010985108261598653e-01,-1.587040873822400888e+00
1.110999999999999943e+02,1.642446091154806890e-03,1.010985108261598653e-01,-1.587040873822400888e+00
1.111200000000000045e+02,1.642446091154806890e-03,1.010985108261598653e-01,-1.587040873822400888e+00
1.111400000000000006e+02,1.642446091154806890e-03,1.010985108261598653e-01,-1.587040873822400888e+00
1.111599999999999966e+02,1.642446091154806890e-03,1.010985108261598653e-01,-1.587040873822400888e+00
1.111800000000000068e+02,1.642446091154806890e-03,1.010985108261598653e-01,-1.587040873822400888e+00
1.112000000000000028e+02,1.642446091154806890e-03,1.010985108261598653e-01,-1.587040873822400888e+00
1.112199999999999989e+02,1.642446091154806890e-03,1.010985108261598653e-01,-1.587040873822400888e+00
1.112399999999999949e+02,1.642446091154806890e-03,1.010985108261598653e-01,-1.587040873822400888e+00
1.112600000000000051e+02,1.642446091154806890e-03,1.010985108261598653e-01,-1.587040873822400888e+00
1.112800000000000011e+02,1.642446091154806890e-03,1.010985108261598653e-01,-1.587040873822400888e+00
1.112999999999999972e+02,1.642446091154806890e-03,1.010985108261598653e-01,-1.587040873822400888e+00
1.113199999999999932e+02,1.642446091154806890e-03,1.010985108261598653e-01,-1.587040873822400888e+00
1.113400000000000034e+02,1.642446091154806890e-03,1.010985108261598653e-01,-1.587040873822400888e+00
1.113599999999999994e+02,1.642446091154806890e-03,1.010985108261598653e-01,-1.587040873822400888e+00
1.113799999999999955e+02,1.642446091154806890e-03,1.010985108261598653e-01,-1.587040873822400888e+00
1.114000000000000057e+02,1.642446091154806890e-03,1.010985108261598653e-01,-1.587040873822400888e+00
1.114200000000000017e+02,1.642446091154806890e-03,1.010985108261598653e-01,-1.587040873822400888e+00
1.114399999999999977e+02,1.642446091154806890e-03,1.010985108261598653e-01,-1.587040873822400888e+00
1.114599999999999937e+02,1.642446091154806890e-03,1.010985108261598653e-01,-1.587040873822400888e+00
1.114800000000000040e+02,1.642446091154806890e-03,1.010985108261598653e-01,-1.587040873822400888e+00
1.115000000000000000e+02,1.642446091154806890e-03,1.010985108261598653e-01,-1.587040873822400888e+00
1.115199999999999960e+02,1.642446091154806890e-03,1.010985108261598653e-01,-1.587040873822400888e+00
1.115400000000000063e+02,1.642446091154806890e-03,1.010985108261598653e-01,-1.587040873822400888e+00
1.115600000000000023e+02,1.642446091154806890e-03,1.010985108261598653e-01,-1.587040873822400888e+00
1.115799999999999983e+02,1.642446091154806890e-03,1.010985108261598653e-01,-1.587040873822400888e+00
1.115999999999999943e+02,1.642446091154806890e-03,1.010985108261598653e-01,-1.587040873822400888e+00
1.116200000000000045e+02,1.642446091154806890e-03,1.010985108261598653e-01,-1.587040873822400888e+00
1.116400000000000006e+02,1.642446091154806890e-03,1.010985108261598653e-01,-1.587040873822400888e+00
1.116599999999999966e+02,1.642446091154806890e-03,1.010985108261598653e-01,-1.587040873822400888e+00
1.116800000000000068e+02,1.642446091154806890e-03,1.010985108261598653e-01,-1.587040873822400888e+00
1.117000000000000028e+02,1.642446091154806890e-03,1.010985108261598653e-01,-1.587040873822400888e+00
1.117199999999999989e+02,1.642446091154806890e-03,1.010985108261598653e-01,-1.587040873822400888e+00
1.117399999999999949e+02,1.642446091154806890e-03,1.010985108261598653e-01,-1.587040873822400888e+00
1.117600000000000051e+02,1.642446091154806890e-03,1.010985108261598653e-01,-1.587040873822400888e+00
1.117800000000000011e+02,1.642446091154806890e-03,1.010985108261598653e-01,-1.587040873822400888e+00
1.117999999999999972e+02,1.642446091154806890e-03,1.010985108261598653e-01,-1.587040873822400888e+00
1.118199999999999932e+02,1.642446091154806890e-03,1.010985108261598653e-01,-1.587040873822400888e+00
1.118400000000000034e+02,1.642446091154806890e-03,1.010985108261598653e-01,-1.587040873822400888e+00
1.118599999999999994e+02,1.642446091154806890e-03,1.010985108261598653e-01,-1.587040873822400888e+00
1.118799999999999955e+02,1.642446091154806890e-03,1.010985108261598653e-01,-1.587040873822400888e+00
1.119000000000000057e+02,1.642446091154806890e-03,1.010985108261598653e-01,-1.587040873822400888e+00
1.119200000000000017e+02,1.642446091154806890e-03,1.010985108261598653e-01,-1.587040873822400888e+00
1.119399999999999977e+02,1.642446091154806890e-03,1.010985108261598653e-01,-1.587040873822400888e+00
1.119599999999999937e+02,1.642446091154806890e-03,1.010985108261598653e-01,-1.587040873822400888e+00
1.119800000000000040e+02,1.642446091154806890e-03,1.010985108261598653e-01,-1.587040873822400888e+00
1.120000000000000000e+02,1.642446091154806890e-03,1.010985108261598653e-01,-1.587040873822400888e+00
1.120199999999999960e+02,1.642446091154806890e-03,1.010985108261598653e-01,-1.587040873822400888e+00
1.120400000000000063e+02,1.642446091154806890e-03,1.010985108261598653e-01,-1.587040873822400888e+00
1.120600000000000023e+02,1.642446091154806890e-03,1.010985108261598653e-01,-1.587040873822400888e+00
1.120799999999999983e+02,1.642446091154806890e-03,1.010985108261598653e-01,-1.587040873822400888e+00
1.120999999999999943e+02,1.642446091154806890e-03,1.010985108261598653e-01,-1.587040873822400888e+00
1.121200000000000045e+02,1.642446091154806890e-03,1.010985108261598653e-01,-1.587040873822400888e+00
1.121400000000000006e+02,1.642446091154806890e-03,1.010985108261598653e-01,-1.587040873822400888e+00
1.121599999999999966e+02,1.642446091154806890e-03,1.010985108261598653e-01,-1.587040873822400888e+00
1.121800000000000068e+02,1.642446091154806890e-03,1.010985108261598653e-01,-1.587040873822400888e+00
1.122000000000000028e+02,1.642446091154806890e-03,1.010985108261598653e-01,-1.587040873822400888e+00
1.122199999999999989e+02,1.642446091154806890e-03,1.010985108261598653e-01,-1.587040873822400888e+00
1.122399999999999949e+02,1.642446091154806890e-03,1.010985108261598653e-01,-1.587040873822400888e+00
1.122600000000000051e+02,1.642446091154806890e-03,1.010985108261598653e-01,-1.587040873822400888e+00
1.122800000000000011e+02,1.642446091154806890e-03,1.010985108261598653e-01,-1.587040873822400888e+00
1.122999999999999972e+02,1.642446091154806890e-03,1.010985108261598653e-01,-1.587040873822400888e+00
1.123199999999999932e+02,1.642446091154806890e-03,1.010985108261598653e-01,-1.587040873822400888e+00
1.123400000000000034e+02,1.642446091154806890e-03,1.010985108261598653e-01,-1.587040873822400888e+00
1.123599999999999994e+02,1.642446091154806890e-03,1.010985108261598653e-01,-1.587040873822400888e+00
1.123799999999999955e+02,1.642446091154806890e-03,1.010985108261598653e-01,-1.587040873822400888e+00
1.124000000000000057e+02,1.642446091154806890e-03,1.010985108261598653e-01,-1.587040873822400888e+00
1.124200000000000017e+02,1.642446091154806890e-03,1.010985108261598653e-01,-1.587040873822400888e+00
1.124399999999999977e+02,1.642446091154806890e-03,1.010985108261598653e-01,-1.587040873822400888e+00
1.124599999999999937e+02,1.642446091154806890e-03,1.010985108261598653e-01,-1.587040873822400888e+00
1.124800000000000040e+02,1.642446091154806890e-03,1.010985108261598653e-01,-1.587040873822400888e+00
1.125000000000000000e+02,1.642446091154806890e-03,1.010985108261598653e-01,-1.587040873822400888e+00
1.125199999999999960e+02,1.642446091154806890e-03,1.010985108261598653e-01,-1.587040873822400888e+00
1.125400000000000063e+02,1.642446091154806890e-03,1.010985108261598653e-01,-1.587040873822400888e+00
1.125600000000000023e+02,1.642446091154806890e-03,1.010985108261598653e-01,-1.587040873822400888e+00
1.125799999999999983e+02,1.642446091154806890e-03,1.010985108261598653e-01,-1.587040873822400888e+00
1.125999999999999943e+02,1.642446091154806890e-03,1.010985108261598653e-01,-1.587040873822400888e+00
1.126200000000000045e+02,1.642446091154806890e-03,1.010985108261598653e-01,-1.587040873822400888e+00
1.126400000000000006e+02,1.642446091154806890e-03,1.010985108261598653e-01,-1.587040873822400888e+00
1.126599999999999966e+02,1.642446091154806890e-03,1.010985108261598653e-01,-1.587040873822400888e+00
1.126800000000000068e+02,1.642446091154806890e-03,1.010985108261598653e-01,-1.587040873822400888e+00
1.127000000000000028e+02,1.642446091154806890e-03,1.010985108261598653e-01,-1.587040873822400888e+00
1.127199999999999989e+02,1.642446091154806890e-03,1.010985108261598653e-01,-1.587040873822400888e+00
1.127399999999999949e+02,1.642446091154806890e-03,1.010985108261598653e-01,-1.587040873822400888e+00
1.127600000000000051e+02,1.642446091154806890e-03,1.010985108261598653e-01,-1.587040873822400888e+00
1.127800000000000011e+02,1.642446091154806890e-03,1.010985108261598653e-01,-1.587040873822400888e+00
1.127999999999999972e+02,1.642446091154806890e-03,1.010985108261598653e-01,-1.587040873822400888e+00
1.128199999999999932e+02,1.642446091154806890e-03,1.010985108261598653e-01,-1.587040873822400888e+00
1.128400000000000034e+02,1.642446091154806890e-03,1.010985108261598653e-01,-1.587040873822400888e+00
1.128599999999999994e+02,1.642446091154806890e-03,1.010985108261598653e-01,-1.587040873822400888e+00
1.128799999999999955e+02,1.642446091154806890e-03,1.010985108261598653e-01,-1.587040873822400888e+00
1.129000000000000057e+02,1.642446091154806890e-03,1.010985108261598653e-01,-1.587040873822400888e+00
1.129200000000000017e+02,1.642446091154806890e-03,1.010985108261598653e-01,-1.587040873822400888e+00
1.129399999999999977e+02,1.642446091154806890e-03,1.010985108261598653e-01,-1.587040873822400888e+00
1.129599999999999937e+02,1.642446091154806890e-03,1.010985108261598653e-01,-1.587040873822400888e+00
1.129800000000000040e+02,1.642446091154806890e-03,1.010985108261598653e-01,-1.587040873822400888e+00
1.130000000000000000e+02,1.642446091154806890e-03,1.010985108261598653e-01,-1.587040873822400888e+00
1.130199999999999960e+02,1.642446091154806890e-03,1.010985108261598653e-01,-1.587040873822400888e+00
1.130400000000000063e+02,1.642446091154806890e-03,1.010985108261598653e-01,-1.587040873822400888e+00
1.130600000000000023e+02,1.642446091154806890e-03,1.010985108261598653e-01,-1.587040873822400888e+00
1.130799999999999983e+02,1.642446091154806890e-03,1.010985108261598653e-01,-1.587040873822400888e+00
1.130999999999999943e+02,1.642446091154806890e-03,1.010985108261598653e-01,-1.587040873822400888e+00
1.131200000000000045e+02,1.642446091154806890e-03,1.010985108261598653e-01,-1.587040873822400888e+00
1.131400000000000006e+02,1.642446091154806890e-03,1.010985108261598653e-01,-1.587040873822400888e+00
1.131599999999999966e+02,1.642446091154806890e-03,1.010985108261598653e-01,-1.587040873822400888e+00
1.131800000000000068e+02,1.642446091154806890e-03,1.010985108261598653e-01,-1.587040873822400888e+00
1.132000000000000028e+02,1.642446091154806890e-03,1.010985108261598653e-01,-1.587040873822400888e+00
1.132199999999999989e+02,1.642446091154806890e-03,1.010985108261598653e-01,-1.587040873822400888e+00
1.132399999999999949e+02,1.642446091154806890e-03,1.010985108261598653e-01,-1.587040873822400888e+00
1.132600000000000051e+02,1.642446091154806890e-03,1.010985108261598653e-01,-1.587040873822400888e+00
1.132800000000000011e+02,1.642446091154806890e-03,1.010985108261598653e-01,-1.587040873822400888e+00
1.132999999999999972e+02,1.642446091154806890e-03,1.010985108261598653e-01,-1.587040873822400888e+00
1.133199999999999932e+02,1.642446091154806890e-03,1.010985108261598653e-01,-1.587040873822400888e+00
1.133400000000000034e+02,1.642446091154806890e-03,1.010985108261598653e-01,-1.587040873822400888e+00
1.133599999999999994e+02,1.642446091154806890e-03,1.010985108261598653e-01,-1.587040873822400888e+00
1.133799999999999955e+02,1.642446091154806890e-03,1.010985108261598653e-01,-1.587040873822400888e+00
1.134000000000000057e+02,1.642446091154806890e-03,1.010985108261598653e-01,-1.587040873822400888e+00
1.134200000000000017e+02,1.642446091154806890e-03,1.010985108261598653e-01,-1.587040873822400888e+00
1.134399999999999977e+02,1.642446091154806890e-03,1.010985108261598653e-01,-1.587040873822400888e+00
1.134599999999999937e+02,1.642446091154806890e-03,1.010985108261598653e-01,-1.587040873822400888e+00
1.134800000000000040e+02,1.642446091154806890e-03,1.010985108261598653e-01,-1.587040873822400888e+00
1.135000000000000000e+02,1.642446091154806890e-03,1.010985108261598653e-01,-1.587040873822400888e+00
1.135199999999999960e+02,1.642446091154806890e-03,1.010985108261598653e-01,-1.587040873822400888e+00
1.135400000000000063e+02,1.642446091154806890e-03,1.010985108261598653e-01,-1.587040873822400888e+00
1.135600000000000023e+02,1.642446091154806890e-03,1.010985108261598653e-01,-1.587040873822400888e+00
1.135799999999999983e+02,1.642446091154806890e-03,1.010985108261598653e-01,-1.587040873822400888e+00
1.135999999999999943e+02,1.642446091154806890e-03,1.010985108261598653e-01,-1.587040873822400888e+00
1.136200000000000045e+02,1.642446091154806890e-03,1.010985108261598653e-01,-1.587040873822400888e+00
1.136400000000000006e+02,1.642446091154806890e-03,1.010985108261598653e-01,-1.587040873822400888e+00
1.136599999999999966e+02,1.642446091154806890e-03,1.010985108261598653e-01,-1.587040873822400888e+00
1.136800000000000068e+02,1.642446091154806890e-03,1.010985108261598653e-01,-1.587040873822400888e+00
1.137000000000000028e+02,1.642446091154806890e-03,1.010985108261598653e-01,-1.587040873822400888e+00
1.137199999999999989e+02,1.642446091154806890e-03,1.010985108261598653e-01,-1.587040873822400888e+00
1.137399999999999949e+02,1.642446091154806890e-03,1.010985108261598653e-01,-1.587040873822400888e+00
1.137600000000000051e+02,1.642446091154806890e-03,1.010985108261598653e-01,-1.587040873822400888e+00
1.137800000000000011e+02,1.642446091154806890e-03,1.010985108261598653e-01,-1.587040873822400888e+00
1.137999999999999972e+02,1.642446091154806890e-03,1.010985108261598653e-01,-1.587040873822400888e+00
1.138199999999999932e+02,1.642446091154806890e-03,1.010985108261598653e-01,-1.587040873822400888e+00
1.138400000000000034e+02,1.642446091154806890e-03,1.010985108261598653e-01,-1.587040873822400888e+00
1.138599999999999994e+02,1.642446091154806890e-03,1.010985108261598653e-01,-1.587040873822400888e+00
1.138799999999999955e+02,1.642446091154806890e-03,1.010985108261598653e-01,-1.587040873822400888e+00
1.139000000000000057e+02,1.642446091154806890e-03,1.010985108261598653e-01,-1.587040873822400888e+00
1.139200000000000017e+02,1.642446091154806890e-03,1.010985108261598653e-01,-1.587040873822400888e+00
1.139399999999999977e+02,1.642446091154806890e-03,1.010985108261598653e-01,-1.587040873822400888e+00
1.139599999999999937e+02,1.642446091154806890e-03,1.010985108261598653e-01,-1.587040873822400888e+00
1.139800000000000040e+02,1.642446091154806890e-03,1.010985108261598653e-01,-1.587040873822400888e+00
1.140000000000000000e+02,1.642446091154806890e-03,1.010985108261598653e-01,-1.587040873822400888e+00
1.140199999999999960e+02,1.642446091154806890e-03,1.010985108261598653e-01,-1.587040873822400888e+00
1.140400000000000063e+02,1.642446091154806890e-03,1.010985108261598653e-01,-1.587040873822400888e+00
1.140600000000000023e+02,1.642446091154806890e-03,1.010985108261598653e-01,-1.587040873822400888e+00
1.140799999999999983e+02,1.642446091154806890e-03,1.010985108261598653e-01,-1.587040873822400888e+00
1.140999999999999943e+02,1.642446091154806890e-03,1.010985108261598653e-01,-1.587040873822400888e+00
1.141200000000000045e+02,1.642446091154806890e-03,1.010985108261598653e-01,-1.587040873822400888e+00
1.141400000000000006e+02,1.642446091154806890e-03,1.010985108261598653e-01,-1.587040873822400888e+00
1.141599999999999966e+02,1.642446091154806890e-03,1.010985108261598653e-01,-1.587040873822400888e+00
1.141800000000000068e+02,1.642446091154806890e-03,1.010985108261598653e-01,-1.587040873822400888e+00
1.142000000000000028e+02,1.642446091154806890e-03,1.010985108261598653e-01,-1.587040873822400888e+00
1.142199999999999989e+02,1.642446091154806890e-03,1.010985108261598653e-01,-1.587040873822400888e+00
1.142399999999999949e+02,1.642446091154806890e-03,1.010985108261598653e-01,-1.587040873822400888e+00
1.142600000000000051e+02,1.642446091154806890e-03,1.010985108261598653e-01,-1.587040873822400888e+00
1.142800000000000011e+02,1.642446091154806890e-03,1.010985108261598653e-01,-1.587040873822400888e+00
1.142999999999999972e+02,1.642446091154806890e-03,1.010985108261598653e-01,-1.587040873822400888e+00
1.143199999999999932e+02,1.642446091154806890e-03,1.010985108261598653e-01,-1.587040873822400888e+00
1.143400000000000034e+02,1.642446091154806890e-03,1.010985108261598653e-01,-1.587040873822400888e+00
1.143599999999999994e+02,1.642446091154806890e-03,1.010985108261598653e-01,-1.587040873822400888e+00
1.143799999999999955e+02,1.642446091154806890e-03,1.010985108261598653e-01,-1.587040873822400888e+00
1.144000000000000057e+02,1.642446091154806890e-03,1.010985108261598653e-01,-1.587040873822400888e+00
1.144200000000000017e+02,1.642446091154806890e-03,1.010985108261598653e-01,-1.587040873822400888e+00
1.144399999999999977e+02,1.642446091154806890e-03,1.010985108261598653e-01,-1.587040873822400888e+00
1.144599999999999937e+02,1.642446091154806890e-03,1.010985108261598653e-01,-1.587040873822400888e+00
1.144800000000000040e+02,1.642446091154806890e-03,1.010985108261598653e-01,-1.587040873822400888e+00
1.145000000000000000e+02,1.642446091154806890e-03,1.010985108261598653e-01,-1.587040873822400888e+00
1.145199999999999960e+02,1.642446091154806890e-03,1.010985108261598653e-01,-1.587040873822400888e+00
1.145400000000000063e+02,1.642446091154806890e-03,1.010985108261598653e-01,-1.587040873822400888e+00
1.145600000000000023e+02,1.642446091154806890e-03,1.010985108261598653e-01,-1.587040873822400888e+00
1.145799999999999983e+02,1.642446091154806890e-03,1.010985108261598653e-01,-1.587040873822400888e+00
1.145999999999999943e+02,1.642446091154806890e-03,1.010985108261598653e-01,-1.587040873822400888e+00
1.146200000000000045e+02,1.642446091154806890e-03,1.010985108261598653e-01,-1.587040873822400888e+00
1.146400000000000006e+02,1.642446091154806890e-03,1.010985108261598653e-01,-1.587040873822400888e+00
1.146599999999999966e+02,1.642446091154806890e-03,1.010985108261598653e-01,-1.587040873822400888e+00
1.146800000000000068e+02,1.642446091154806890e-03,1.010985108261598653e-01,-1.587040873822400888e+00
1.147000000000000028e+02,1.642446091154806890e-03,1.010985108261598653e-01,-1.587040873822400888e+00
1.147199999999999989e+02,1.642446091154806890e-03,1.010985108261598653e-01,-1.587040873822400888e+00
1.147399999999999949e+02,1.642446091154806890e-03,1.010985108261598653e-01,-1.587040873822400888e+00
1.147600000000000051e+02,1.642446091154806890e-03,1.010985108261598653e-01,-1.587040873822400888e+00
1.147800000000000011e+02,1.642446091154806890e-03,1.010985108261598653e-01,-1.587040873822400888e+00
1.147999999999999972e+02,1.642446091154806890e-03,1.010985108261598653e-01,-1.587040873822400888e+00
1.148199999999999932e+02,1.642446091154806890e-03,1.010985108261598653e-01,-1.587040873822400888e+00
1.148400000000000034e+02,1.642446091154806890e-03,1.010985108261598653e-01,-1.587040873822400888e+00
1.148599999999999994e+02,1.642446091154806890e-03,1.010985108261598653e-01,-1.587040873822400888e+00
1.148799999999999955e+02,1.642446091154806890e-03,1.010985108261598653e-01,-1.587040873822400888e+00
1.149000000000000057e+02,1.642446091154806890e-03,1.010985108261598653e-01,-1.587040873822400888e+00
1.149200000000000017e+02,1.642446091154806890e-03,1.010985108261598653e-01,-1.587040873822400888e+00
1.149399999999999977e+02,1.642446091154806890e-03,1.010985108261598653e-01,-1.587040873822400888e+00
1.149599999999999937e+02,1.642446091154806890e-03,1.010985108261598653e-01,-1.587040873822400888e+00
1.149800000000000040e+02,1.642446091154806890e-03,1.010985108261598653e-01,-1.587040873822400888e+00
1.150000000000000000e+02,1.642446091154806890e-03,1.010985108261598653e-01,-1.587040873822400888e+00
1.150199999999999960e+02,1.642446091154806890e-03,1.010985108261598653e-01,-1.587040873822400888e+00
1.150400000000000063e+02,1.642446091154806890e-03,1.010985108261598653e-01,-1.587040873822400888e+00
1.150600000000000023e+02,1.642446091154806890e-03,1.010985108261598653e-01,-1.587040873822400888e+00
1.150799999999999983e+02,1.642446091154806890e-03,1.010985108261598653e-01,-1.587040873822400888e+00
1.150999999999999943e+02,1.642446091154806890e-03,1.010985108261598653e-01,-1.587040873822400888e+00
1.151200000000000045e+02,1.642446091154806890e-03,1.010985108261598653e-01,-1.587040873822400888e+00
1.151400000000000006e+02,1.642446091154806890e-03,1.010985108261598653e-01,-1.587040873822400888e+00
1.151599999999999966e+02,1.642446091154806890e-03,1.010985108261598653e-01,-1.587040873822400888e+00
1.151800000000000068e+02,1.642446091154806890e-03,1.010985108261598653e-01,-1.587040873822400888e+00
1.152000000000000028e+02,1.642446091154806890e-03,1.010985108261598653e-01,-1.587040873822400888e+00
1.152199999999999989e+02,1.642446091154806890e-03,1.010985108261598653e-01,-1.587040873822400888e+00
1.152399999999999949e+02,1.642446091154806890e-03,1.010985108261598653e-01,-1.587040873822400888e+00
1.152600000000000051e+02,1.642446091154806890e-03,1.010985108261598653e-01,-1.587040873822400888e+00
1.152800000000000011e+02,1.642446091154806890e-03,1.010985108261598653e-01,-1.587040873822400888e+00
1.152999999999999972e+02,1.642446091154806890e-03,1.010985108261598653e-01,-1.587040873822400888e+00
1.153199999999999932e+02,1.642446091154806890e-03,1.010985108261598653e-01,-1.587040873822400888e+00
1.153400000000000034e+02,1.642446091154806890e-03,1.010985108261598653e-01,-1.587040873822400888e+00
1.153599999999999994e+02,1.642446091154806890e-03,1.010985108261598653e-01,-1.587040873822400888e+00
1.153799999999999955e+02,1.642446091154806890e-03,1.010985108261598653e-01,-1.587040873822400888e+00
1.154000000000000057e+02,1.642446091154806890e-03,1.010985108261598653e-01,-1.587040873822400888e+00
1.154200000000000017e+02,1.642446091154806890e-03,1.010985108261598653e-01,-1.587040873822400888e+00
1.154399999999999977e+02,1.642446091154806890e-03,1.010985108261598653e-01,-1.587040873822400888e+00
1.154599999999999937e+02,1.642446091154806890e-03,1.010985108261598653e-01,-1.587040873822400888e+00
1.154800000000000040e+02,1.642446091154806890e-03,1.010985108261598653e-01,-1.587040873822400888e+00
1.155000000000000000e+02,1.642446091154806890e-03,1.010985108261598653e-01,-1.587040873822400888e+00
1.155199999999999960e+02,1.642446091154806890e-03,1.010985108261598653e-01,-1.587040873822400888e+00
1.155400000000000063e+02,1.642446091154806890e-03,1.010985108261598653e-01,-1.587040873822400888e+00
1.155600000000000023e+02,1.642446091154806890e-03,1.010985108261598653e-01,-1.587040873822400888e+00
1.155799999999999983e+02,1.642446091154806890e-03,1.010985108261598653e-01,-1.587040873822400888e+00
1.155999999999999943e+02,1.642446091154806890e-03,1.010985108261598653e-01,-1.587040873822400888e+00
1.156200000000000045e+02,1.642446091154806890e-03,1.010985108261598653e-01,-1.587040873822400888e+00
1.156400000000000006e+02,1.642446091154806890e-03,1.010985108261598653e-01,-1.587040873822400888e+00
1.156599999999999966e+02,1.642446091154806890e-03,1.010985108261598653e-01,-1.587040873822400888e+00
1.156800000000000068e+02,1.642446091154806890e-03,1.010985108261598653e-01,-1.587040873822400888e+00
1.157000000000000028e+02,1.642446091154806890e-03,1.010985108261598653e-01,-1.587040873822400888e+00
1.157199999999999989e+02,1.642446091154806890e-03,1.010985108261598653e-01,-1.587040873822400888e+00
1.157399999999999949e+02,1.642446091154806890e-03,1.010985108261598653e-01,-1.587040873822400888e+00
1.157600000000000051e+02,1.642446091154806890e-03,1.010985108261598653e-01,-1.587040873822400888e+00
1.157800000000000011e+02,1.642446091154806890e-03,1.010985108261598653e-01,-1.587040873822400888e+00
1.157999999999999972e+02,1.642446091154806890e-03,1.010985108261598653e-01,-1.587040873822400888e+00
1.158199999999999932e+02,1.642446091154806890e-03,1.010985108261598653e-01,-1.587040873822400888e+00
1.158400000000000034e+02,1.642446091154806890e-03,1.010985108261598653e-01,-1.587040873822400888e+00
1.158599999999999994e+02,1.642446091154806890e-03,1.010985108261598653e-01,-1.587040873822400888e+00
1.158799999999999955e+02,1.642446091154806890e-03,1.010985108261598653e-01,-1.587040873822400888e+00
1.159000000000000057e+02,1.642446091154806890e-03,1.010985108261598653e-01,-1.587040873822400888e+00
1.159200000000000017e+02,1.642446091154806890e-03,1.010985108261598653e-01,-1.587040873822400888e+00
1.159399999999999977e+02,1.642446091154806890e-03,1.010985108261598653e-01,-1.587040873822400888e+00
1.159599999999999937e+02,1.642446091154806890e-03,1.010985108261598653e-01,-1.587040873822400888e+00
1.159800000000000040e+02,1.642446091154806890e-03,1.010985108261598653e-01,-1.587040873822400888e+00
1.160000000000000000e+02,1.642446091154806890e-03,1.010985108261598653e-01,-1.587040873822400888e+00
1.160199999999999960e+02,1.642446091154806890e-03,1.010985108261598653e-01,-1.587040873822400888e+00
1.160400000000000063e+02,1.642446091154806890e-03,1.010985108261598653e-01,-1.587040873822400888e+00
1.160600000000000023e+02,1.642446091154806890e-03,1.010985108261598653e-01,-1.587040873822400888e+00
1.160799999999999983e+02,1.642446091154806890e-03,1.010985108261598653e-01,-1.587040873822400888e+00
1.160999999999999943e+02,1.642446091154806890e-03,1.010985108261598653e-01,-1.587040873822400888e+00
1.161200000000000045e+02,1.642446091154806890e-03,1.010985108261598653e-01,-1.587040873822400888e+00
1.161400000000000006e+02,1.642446091154806890e-03,1.010985108261598653e-01,-1.587040873822400888e+00
1.161599999999999966e+02,1.642446091154806890e-03,1.010985108261598653e-01,-1.587040873822400888e+00
1.161800000000000068e+02,1.642446091154806890e-03,1.010985108261598653e-01,-1.587040873822400888e+00
1.162000000000000028e+02,1.642446091154806890e-03,1.010985108261598653e-01,-1.587040873822400888e+00
1.162199999999999989e+02,1.642446091154806890e-03,1.010985108261598653e-01,-1.587040873822400888e+00
1.162399999999999949e+02,1.642446091154806890e-03,1.010985108261598653e-01,-1.587040873822400888e+00
1.162600000000000051e+02,1.642446091154806890e-03,1.010985108261598653e-01,-1.587040873822400888e+00
1.162800000000000011e+02,1.642446091154806890e-03,1.010985108261598653e-01,-1.587040873822400888e+00
1.162999999999999972e+02,1.642446091154806890e-03,1.010985108261598653e-01,-1.587040873822400888e+00
1.163199999999999932e+02,1.642446091154806890e-03,1.010985108261598653e-01,-1.587040873822400888e+00
1.163400000000000034e+02,1.642446091154806890e-03,1.010985108261598653e-01,-1.587040873822400888e+00
1.163599999999999994e+02,1.642446091154806890e-03,1.010985108261598653e-01,-1.587040873822400888e+00
1.163799999999999955e+02,1.642446091154806890e-03,1.010985108261598653e-01,-1.587040873822400888e+00
1.164000000000000057e+02,1.642446091154806890e-03,1.010985108261598653e-01,-1.587040873822400888e+00
1.164200000000000017e+02,1.642446091154806890e-03,1.010985108261598653e-01,-1.587040873822400888e+00
1.164399999999999977e+02,1.642446091154806890e-03,1.010985108261598653e-01,-1.587040873822400888e+00
1.164599999999999937e+02,1.642446091154806890e-03,1.010985108261598653e-01,-1.587040873822400888e+00
1.164800000000000040e+02,1.642446091154806890e-03,1.010985108261598653e-01,-1.587040873822400888e+00
1.165000000000000000e+02,1.642446091154806890e-03,1.010985108261598653e-01,-1.587040873822400888e+00
1.165199999999999960e+02,1.642446091154806890e-03,1.010985108261598653e-01,-1.587040873822400888e+00
1.165400000000000063e+02,1.642446091154806890e-03,1.010985108261598653e-01,-1.587040873822400888e+00
1.165600000000000023e+02,1.642446091154806890e-03,1.010985108261598653e-01,-1.587040873822400888e+00
1.165799999999999983e+02,1.642446091154806890e-03,1.010985108261598653e-01,-1.587040873822400888e+00
1.165999999999999943e+02,1.642446091154806890e-03,1.010985108261598653e-01,-1.587040873822400888e+00
1.166200000000000045e+02,1.642446091154806890e-03,1.010985108261598653e-01,-1.587040873822400888e+00
1.166400000000000006e+02,1.642446091154806890e-03,1.010985108261598653e-01,-1.587040873822400888e+00
1.166599999999999966e+02,1.642446091154806890e-03,1.010985108261598653e-01,-1.587040873822400888e+00
1.166800000000000068e+02,1.642446091154806890e-03,1.010985108261598653e-01,-1.587040873822400888e+00
1.167000000000000028e+02,1.642446091154806890e-03,1.010985108261598653e-01,-1.587040873822400888e+00
1.167199999999999989e+02,1.642446091154806890e-03,1.010985108261598653e-01,-1.587040873822400888e+00
1.167399999999999949e+02,1.642446091154806890e-03,1.010985108261598653e-01,-1.587040873822400888e+00
1.167600000000000051e+02,1.642446091154806890e-03,1.010985108261598653e-01,-1.587040873822400888e+00
1.167800000000000011e+02,1.642446091154806890e-03,1.010985108261598653e-01,-1.587040873822400888e+00
1.167999999999999972e+02,1.642446091154806890e-03,1.010985108261598653e-01,-1.587040873822400888e+00
1.168199999999999932e+02,1.642446091154806890e-03,1.010985108261598653e-01,-1.587040873822400888e+00
1.168400000000000034e+02,1.642446091154806890e-03,1.010985108261598653e-01,-1.587040873822400888e+00
1.168599999999999994e+02,1.642446091154806890e-03,1.010985108261598653e-01,-1.587040873822400888e+00
1.168799999999999955e+02,1.642446091154806890e-03,1.010985108261598653e-01,-1.587040873822400888e+00
1.169000000000000057e+02,1.642446091154806890e-03,1.010985108261598653e-01,-1.587040873822400888e+00
1.169200000000000017e+02,1.642446091154806890e-03,1.010985108261598653e-01,-1.587040873822400888e+00
1.169399999999999977e+02,1.642446091154806890e-03,1.010985108261598653e-01,-1.587040873822400888e+00
1.169599999999999937e+02,1.642446091154806890e-03,1.010985108261598653e-01,-1.587040873822400888e+00
1.169800000000000040e+02,1.642446091154806890e-03,1.010985108261598653e-01,-1.587040873822400888e+00
1.170000000000000000e+02,1.642446091154806890e-03,1.010985108261598653e-01,-1.587040873822400888e+00
1.170199999999999960e+02,1.642446091154806890e-03,1.010985108261598653e-01,-1.587040873822400888e+00
1.170400000000000063e+02,1.642446091154806890e-03,1.010985108261598653e-01,-1.587040873822400888e+00
1.170600000000000023e+02,1.642446091154806890e-03,1.010985108261598653e-01,-1.587040873822400888e+00
1.170799999999999983e+02,1.642446091154806890e-03,1.010985108261598653e-01,-1.587040873822400888e+00
1.170999999999999943e+02,1.642446091154806890e-03,1.010985108261598653e-01,-1.587040873822400888e+00
1.171200000000000045e+02,1.642446091154806890e-03,1.010985108261598653e-01,-1.587040873822400888e+00
1.171400000000000006e+02,1.642446091154806890e-03,1.010985108261598653e-01,-1.587040873822400888e+00
1.171599999999999966e+02,1.642446091154806890e-03,1.010985108261598653e-01,-1.587040873822400888e+00
1.171800000000000068e+02,1.642446091154806890e-03,1.010985108261598653e-01,-1.587040873822400888e+00
1.172000000000000028e+02,1.642446091154806890e-03,1.010985108261598653e-01,-1.587040873822400888e+00
1.172199999999999989e+02,1.642446091154806890e-03,1.010985108261598653e-01,-1.587040873822400888e+00
1.172399999999999949e+02,1.642446091154806890e-03,1.010985108261598653e-01,-1.587040873822400888e+00
1.172600000000000051e+02,1.642446091154806890e-03,1.010985108261598653e-01,-1.587040873822400888e+00
1.172800000000000011e+02,1.642446091154806890e-03,1.010985108261598653e-01,-1.587040873822400888e+00
1.172999999999999972e+02,1.642446091154806890e-03,1.010985108261598653e-01,-1.587040873822400888e+00
1.173199999999999932e+02,1.642446091154806890e-03,1.010985108261598653e-01,-1.587040873822400888e+00
1.173400000000000034e+02,1.642446091154806890e-03,1.010985108261598653e-01,-1.587040873822400888e+00
1.173599999999999994e+02,1.642446091154806890e-03,1.010985108261598653e-01,-1.587040873822400888e+00
1.173799999999999955e+02,1.642446091154806890e-03,1.010985108261598653e-01,-1.587040873822400888e+00
1.174000000000000057e+02,1.642446091154806890e-03,1.010985108261598653e-01,-1.587040873822400888e+00
1.174200000000000017e+02,1.642446091154806890e-03,1.010985108261598653e-01,-1.587040873822400888e+00
1.174399999999999977e+02,1.642446091154806890e-03,1.010985108261598653e-01,-1.587040873822400888e+00
1.174599999999999937e+02,1.642446091154806890e-03,1.010985108261598653e-01,-1.587040873822400888e+00
1.174800000000000040e+02,1.642446091154806890e-03,1.010985108261598653e-01,-1.587040873822400888e+00
1.175000000000000000e+02,1.642446091154806890e-03,1.010985108261598653e-01,-1.587040873822400888e+00
1.175199999999999960e+02,1.642446091154806890e-03,1.010985108261598653e-01,-1.587040873822400888e+00
1.175400000000000063e+02,1.642446091154806890e-03,1.010985108261598653e-01,-1.587040873822400888e+00
1.175600000000000023e+02,1.642446091154806890e-03,1.010985108261598653e-01,-1.587040873822400888e+00
1.175799999999999983e+02,1.642446091154806890e-03,1.010985108261598653e-01,-1.587040873822400888e+00
1.175999999999999943e+02,1.642446091154806890e-03,1.010985108261598653e-01,-1.587040873822400888e+00
1.176200000000000045e+02,1.642446091154806890e-03,1.010985108261598653e-01,-1.587040873822400888e+00
1.176400000000000006e+02,1.642446091154806890e-03,1.010985108261598653e-01,-1.587040873822400888e+00
1.176599999999999966e+02,1.642446091154806890e-03,1.010985108261598653e-01,-1.587040873822400888e+00
1.176800000000000068e+02,1.642446091154806890e-03,1.010985108261598653e-01,-1.587040873822400888e+00
1.177000000000000028e+02,1.642446091154806890e-03,1.010985108261598653e-01,-1.587040873822400888e+00
1.177199999999999989e+02,1.642446091154806890e-03,1.010985108261598653e-01,-1.587040873822400888e+00
1.177399999999999949e+02,1.642446091154806890e-03,1.010985108261598653e-01,-1.587040873822400888e+00
1.177600000000000051e+02,1.642446091154806890e-03,1.010985108261598653e-01,-1.587040873822400888e+00
1.177800000000000011e+02,1.642446091154806890e-03,1.010985108261598653e-01,-1.587040873822400888e+00
1.177999999999999972e+02,1.642446091154806890e-03,1.010985108261598653e-01,-1.587040873822400888e+00
1.178199999999999932e+02,1.642446091154806890e-03,1.010985108261598653e-01,-1.587040873822400888e+00
1.178400000000000034e+02,1.642446091154806890e-03,1.010985108261598653e-01,-1.587040873822400888e+00
1.178599999999999994e+02,1.642446091154806890e-03,1.010985108261598653e-01,-1.587040873822400888e+00
1.178799999999999955e+02,1.642446091154806890e-03,1.010985108261598653e-01,-1.587040873822400888e+00
1.179000000000000057e+02,1.642446091154806890e-03,1.010985108261598653e-01,-1.587040873822400888e+00
1.179200000000000017e+02,1.642446091154806890e-03,1.010985108261598653e-01,-1.587040873822400888e+00
1.179399999999999977e+02,1.642446091154806890e-03,1.010985108261598653e-01,-1.587040873822400888e+00
1.179599999999999937e+02,1.642446091154806890e-03,1.010985108261598653e-01,-1.587040873822400888e+00
1.179800000000000040e+02,1.642446091154806890e-03,1.010985108261598653e-01,-1.587040873822400888e+00
1.180000000000000000e+02,1.642446091154806890e-03,1.010985108261598653e-01,-1.587040873822400888e+00
1.180199999999999960e+02,1.642446091154806890e-03,1.010985108261598653e-01,-1.587040873822400888e+00
1.180400000000000063e+02,1.642446091154806890e-03,1.010985108261598653e-01,-1.587040873822400888e+00
1.180600000000000023e+02,1.642446091154806890e-03,1.010985108261598653e-01,-1.587040873822400888e+00
1.180799999999999983e+02,1.642446091154806890e-03,1.010985108261598653e-01,-1.587040873822400888e+00
1.180999999999999943e+02,1.642446091154806890e-03,1.010985108261598653e-01,-1.587040873822400888e+00
1.181200000000000045e+02,1.642446091154806890e-03,1.010985108261598653e-01,-1.587040873822400888e+00
1.181400000000000006e+02,1.642446091154806890e-03,1.010985108261598653e-01,-1.587040873822400888e+00
1.181599999999999966e+02,1.642446091154806890e-03,1.010985108261598653e-01,-1.587040873822400888e+00
1.181800000000000068e+02,1.642446091154806890e-03,1.010985108261598653e-01,-1.587040873822400888e+00
1.182000000000000028e+02,1.642446091154806890e-03,1.010985108261598653e-01,-1.587040873822400888e+00
1.182199999999999989e+02,1.642446091154806890e-03,1.010985108261598653e-01,-1.587040873822400888e+00
1.182399999999999949e+02,1.642446091154806890e-03,1.010985108261598653e-01,-1.587040873822400888e+00
1.182600000000000051e+02,1.642446091154806890e-03,1.010985108261598653e-01,-1.587040873822400888e+00
1.182800000000000011e+02,1.642446091154806890e-03,1.010985108261598653e-01,-1.587040873822400888e+00
1.182999999999999972e+02,1.642446091154806890e-03,1.010985108261598653e-01,-1.587040873822400888e+00
1.183199999999999932e+02,1.642446091154806890e-03,1.010985108261598653e-01,-1.587040873822400888e+00
1.183400000000000034e+02,1.642446091154806890e-03,1.010985108261598653e-01,-1.587040873822400888e+00
1.183599999999999994e+02,1.642446091154806890e-03,1.010985108261598653e-01,-1.587040873822400888e+00
1.183799999999999955e+02,1.642446091154806890e-03,1.010985108261598653e-01,-1.587040873822400888e+00
