# time,x,y,yaw
2.000000000000000042e-02,0.000000000000000000e+00,0.000000000000000000e+00,0.000000000000000000e+00
4.000000000000000083e-02,0.000000000000000000e+00,0.000000000000000000e+00,0.000000000000000000e+00
6.000000000000000472e-02,0.000000000000000000e+00,0.000000000000000000e+00,0.000000000000000000e+00
8.000000000000000167e-02,0.000000000000000000e+00,0.000000000000000000e+00,0.000000000000000000e+00
1.000000000000000056e-01,0.000000000000000000e+00,0.000000000000000000e+00,0.000000000000000000e+00
1.200000000000000094e-01,0.000000000000000000e+00,0.000000000000000000e+00,0.000000000000000000e+00
1.400000000000000133e-01,4.000000000000000083e-03,0.000000000000000000e+00,0.000000000000000000e+00
1.600000000000000033e-01,8.000000000000000167e-03,0.000000000000000000e+00,0.000000000000000000e+00
1.800000000000000211e-01,1.200000000000000025e-02,0.000000000000000000e+00,0.000000000000000000e+00
2.000000000000000111e-01,1.600000000000000033e-02,0.000000000000000000e+00,0.000000000000000000e+00
2.200000000000000011e-01,2.000000000000000042e-02,0.000000000000000000e+00,0.000000000000000000e+00
2.400000000000000189e-01,2.400000000000000050e-02,0.000000000000000000e+00,0.000000000000000000e+00
2.600000000000000089e-01,2.800000000000000058e-02,0.000000000000000000e+00,0.000000000000000000e+00
2.800000000000000266e-01,3.200000000000000067e-02,0.000000000000000000e+00,0.000000000000000000e+00
3.000000000000000444e-01,3.600000000000000422e-02,0.000000000000000000e+00,0.000000000000000000e+00
3.200000000000000067e-01,4.000000000000000777e-02,0.000000000000000000e+00,0.000000000000000000e+00
3.400000000000000244e-01,4.400000000000001132e-02,0.000000000000000000e+00,0.000000000000000000e+00
3.600000000000000422e-01,4.800000000000001488e-02,0.000000000000000000e+00,0.000000000000000000e+00
3.800000000000000044e-01,5.200000000000001843e-02,0.000000000000000000e+00,0.000000000000000000e+00
4.000000000000000222e-01,5.600000000000002198e-02,0.000000000000000000e+00,0.000000000000000000e+00
4.200000000000000400e-01,6.000000000000002554e-02,0.000000000000000000e+00,0.000000000000000000e+00
4.400000000000000022e-01,6.400000000000002909e-02,0.000000000000000000e+00,0.000000000000000000e+00
4.600000000000000200e-01,6.800000000000003264e-02,0.000000000000000000e+00,0.000000000000000000e+00
4.800000000000000377e-01,7.200000000000003619e-02,0.000000000000000000e+00,0.000000000000000000e+00
5.000000000000000000e-01,7.600000000000003975e-02,0.000000000000000000e+00,0.000000000000000000e+00
5.200000000000000178e-01,8.000000000000004330e-02,0.000000000000000000e+00,0.000000000000000000e+00
5.400000000000000355e-01,8.400000000000004685e-02,0.000000000000000000e+00,0.000000000000000000e+00
5.600000000000000533e-01,8.800000000000005040e-02,0.000000000000000000e+00,0.000000000000000000e+00
5.800000000000000711e-01,9.200000000000005396e-02,0.000000000000000000e+00,0.000000000000000000e+00
6.000000000000000888e-01,9.600000000000005751e-02,0.000000000000000000e+00,0.000000000000000000e+00
6.199999999999999956e-01,1.000000000000000611e-01,0.000000000000000000e+00,0.000000000000000000e+00
6.400000000000000133e-01,1.040000000000000646e-01,0.000000000000000000e+00,0.000000000000000000e+00
6.600000000000000311e-01,1.080000000000000682e-01,0.000000000000000000e+00,0.000000000000000000e+00
6.800000000000000488e-01,1.120000000000000717e-01,0.000000000000000000e+00,0.000000000000000000e+00
7.000000000000000666e-01,1.160000000000000753e-01,0.000000000000000000e+00,0.000000000000000000e+00
7.200000000000000844e-01,1.200000000000000788e-01,0.000000000000000000e+00,0.000000000000000000e+00
7.399999999999999911e-01,1.240000000000000824e-01,0.000000000000000000e+00,0.000000000000000000e+00
7.600000000000000089e-01,1.280000000000000859e-01,0.000000000000000000e+00,0.000000000000000000e+00
7.800000000000000266e-01,1.320000000000000895e-01,0.000000000000000000e+00,0.000000000000000000e+00
8.000000000000000444e-01,1.360000000000000930e-01,0.000000000000000000e+00,0.000000000000000000e+00
8.200000000000000622e-01,1.400000000000000966e-01,0.000000000000000000e+00,0.000000000000000000e+00
8.400000000000000799e-01,1.440000000000001001e-01,0.000000000000000000e+00,0.000000000000000000e+00
8.600000000000000977e-01,1.480000000000001037e-01,0.000000000000000000e+00,0.000000000000000000e+00
8.800000000000000044e-01,1.520000000000001072e-01,0.000000000000000000e+00,0.000000000000000000e+00
9.000000000000000222e-01,1.560000000000001108e-01,0.000000000000000000e+00,0.000000000000000000e+00
9.200000000000000400e-01,1.600000000000001144e-01,0.000000000000000000e+00,0.000000000000000000e+00
9.400000000000000577e-01,1.640000000000001179e-01,0.000000000000000000e+00,0.000000000000000000e+00
9.600000000000000755e-01,1.680000000000001215e-01,0.000000000000000000e+00,0.000000000000000000e+00
9.800000000000000933e-01,1.720000000000001250e-01,0.000000000000000000e+00,0.000000000000000000e+00
1.000000000000000000e+00,1.760000000000001286e-01,0.000000000000000000e+00,0.000000000000000000e+00
1.020000000000000018e+00,1.800000000000001321e-01,0.000000000000000000e+00,0.000000000000000000e+00
1.040000000000000036e+00,1.840000000000001357e-01,0.000000000000000000e+00,0.000000000000000000e+00
1.060000000000000053e+00,1.880000000000001392e-01,0.000000000000000000e+00,0.000000000000000000e+00
1.080000000000000071e+00,1.920000000000001428e-01,0.000000000000000000e+00,0.000000000000000000e+00
1.100000000000000089e+00,1.960000000000001463e-01,0.000000000000000000e+00,0.000000000000000000e+00
1.120000000000000107e+00,2.000000000000001499e-01,0.000000000000000000e+00,0.000000000000000000e+00
1.140000000000000124e+00,2.040000000000001534e-01,0.000000000000000000e+00,0.000000000000000000e+00
1.159999999999999920e+00,2.080000000000001570e-01,0.000000000000000000e+00,0.000000000000000000e+00
1.179999999999999938e+00,2.120000000000001605e-01,0.000000000000000000e+00,0.000000000000000000e+00
1.199999999999999956e+00,2.160000000000001641e-01,0.000000000000000000e+00,0.000000000000000000e+00
1.219999999999999973e+00,2.200000000000001676e-01,0.000000000000000000e+00,0.000000000000000000e+00
1.239999999999999991e+00,2.240000000000001712e-01,0.000000000000000000e+00,0.000000000000000000e+00
1.260000000000000009e+00,2.280000000000001747e-01,0.000000000000000000e+00,0.000000000000000000e+00
1.280000000000000027e+00,2.320000000000001783e-01,0.000000000000000000e+00,0.000000000000000000e+00
1.300000000000000044e+00,2.360000000000001819e-01,0.000000000000000000e+00,0.000000000000000000e+00
1.320000000000000062e+00,2.400000000000001854e-01,0.000000000000000000e+00,0.000000000000000000e+00
1.340000000000000080e+00,2.440000000000001890e-01,0.000000000000000000e+00,0.000000000000000000e+00
1.360000000000000098e+00,2.480000000000001925e-01,0.000000000000000000e+00,0.000000000000000000e+00
1.379999999999999893e+00,2.520000000000001683e-01,0.000000000000000000e+00,0.000000000000000000e+00
1.399999999999999911e+00,2.560000000000001719e-01,0.000000000000000000e+00,0.000000000000000000e+00
1.419999999999999929e+00,2.600000000000001754e-01,0.000000000000000000e+00,0.000000000000000000e+00
1.439999999999999947e+00,2.640000000000001790e-01,0.000000000000000000e+00,0.000000000000000000e+00
1.459999999999999964e+00,2.680000000000001825e-01,0.000000000000000000e+00,0.000000000000000000e+00
1.479999999999999982e+00,2.720000000000001861e-01,0.000000000000000000e+00,0.000000000000000000e+00
1.500000000000000000e+00,2.760000000000001896e-01,0.000000000000000000e+00,0.000000000000000000e+00
1.520000000000000018e+00,2.800000000000001932e-01,0.000000000000000000e+00,0.000000000000000000e+00
1.540000000000000036e+00,2.840000000000001967e-01,0.000000000000000000e+00,0.000000000000000000e+00
1.560000000000000053e+00,2.880000000000002003e-01,0.000000000000000000e+00,0.000000000000000000e+00
1.580000000000000071e+00,2.920000000000002038e-01,0.000000000000000000e+00,0.000000000000000000e+00
1.600000000000000089e+00,2.960000000000002074e-01,0.000000000000000000e+00,0.000000000000000000e+00
1.620000000000000107e+00,3.000000000000002109e-01,0.000000000000000000e+00,0.000000000000000000e+00
1.640000000000000124e+00,3.040000000000002145e-01,0.000000000000000000e+00,0.000000000000000000e+00
1.660000000000000142e+00,3.080000000000002180e-01,0.000000000000000000e+00,0.000000000000000000e+00
1.680000000000000160e+00,3.120000000000002216e-01,0.000000000000000000e+00,0.000000000000000000e+00
1.700000000000000178e+00,3.160000000000002252e-01,0.000000000000000000e+00,0.000000000000000000e+00
1.720000000000000195e+00,3.200000000000002287e-01,0.000000000000000000e+00,0.000000000000000000e+00
1.739999999999999991e+00,3.240000000000002323e-01,0.000000000000000000e+00,0.000000000000000000e+00
1.760000000000000009e+00,3.280000000000002358e-01,0.000000000000000000e+00,0.000000000000000000e+00
1.780000000000000027e+00,3.320000000000002394e-01,0.000000000000000000e+00,0.000000000000000000e+00
1.800000000000000044e+00,3.360000000000002429e-01,0.000000000000000000e+00,0.000000000000000000e+00
1.820000000000000062e+00,3.400000000000002465e-01,0.000000000000000000e+00,0.000000000000000000e+00
1.840000000000000080e+00,3.440000000000002500e-01,0.000000000000000000e+00,0.000000000000000000e+00
1.860000000000000098e+00,3.480000000000002536e-01,0.000000000000000000e+00,0.000000000000000000e+00
1.879999999999999893e+00,3.520000000000002571e-01,0.000000000000000000e+00,0.000000000000000000e+00
1.899999999999999911e+00,3.560000000000002607e-01,0.000000000000000000e+00,0.000000000000000000e+00
1.919999999999999929e+00,3.600000000000002642e-01,0.000000000000000000e+00,0.000000000000000000e+00
1.939999999999999947e+00,3.640000000000002678e-01,0.000000000000000000e+00,0.000000000000000000e+00
1.959999999999999964e+00,3.680000000000002713e-01,0.000000000000000000e+00,0.000000000000000000e+00
1.979999999999999982e+00,3.720000000000002749e-01,0.000000000000000000e+00,0.000000000000000000e+00
2.000000000000000000e+00,3.760000000000002784e-01,0.000000000000000000e+00,0.000000000000000000e+00
2.020000000000000018e+00,3.800000000000002820e-01,0.000000000000000000e+00,0.000000000000000000e+00
2.040000000000000036e+00,3.840000000000002855e-01,0.000000000000000000e+00,0.000000000000000000e+00
2.060000000000000053e+00,3.880000000000002891e-01,0.000000000000000000e+00,0.000000000000000000e+00
2.080000000000000071e+00,3.920000000000002927e-01,0.000000000000000000e+00,0.000000000000000000e+00
2.100000000000000089e+00,3.960000000000002962e-01,0.000000000000000000e+00,0.000000000000000000e+00
2.120000000000000107e+00,4.000000000000002998e-01,0.000000000000000000e+00,0.000000000000000000e+00
2.140000000000000124e+00,4.040000000000003033e-01,0.000000000000000000e+00,0.000000000000000000e+00
2.160000000000000142e+00,4.080000000000003069e-01,0.000000000000000000e+00,0.000000000000000000e+00
2.180000000000000160e+00,4.120000000000003104e-01,0.000000000000000000e+00,0.000000000000000000e+00
2.200000000000000178e+00,4.160000000000003140e-01,0.000000000000000000e+00,0.000000000000000000e+00
2.220000000000000195e+00,4.200000000000003175e-01,0.000000000000000000e+00,0.000000000000000000e+00
2.240000000000000213e+00,4.240000000000003211e-01,0.000000000000000000e+00,0.000000000000000000e+00
2.259999999999999787e+00,4.280000000000003246e-01,0.000000000000000000e+00,0.000000000000000000e+00
2.280000000000000249e+00,4.320000000000003282e-01,0.000000000000000000e+00,0.000000000000000000e+00
2.299999999999999822e+00,4.360000000000003317e-01,0.000000000000000000e+00,0.000000000000000000e+00
2.319999999999999840e+00,4.400000000000003353e-01,0.000000000000000000e+00,0.000000000000000000e+00
2.339999999999999858e+00,4.440000000000003388e-01,0.000000000000000000e+00,0.000000000000000000e+00
2.359999999999999876e+00,4.480000000000003424e-01,0.000000000000000000e+00,0.000000000000000000e+00
2.379999999999999893e+00,4.520000000000003459e-01,0.000000000000000000e+00,0.000000000000000000e+00
2.399999999999999911e+00,4.560000000000003495e-01,0.000000000000000000e+00,0.000000000000000000e+00
2.419999999999999929e+00,4.600000000000003531e-01,0.000000000000000000e+00,0.000000000000000000e+00
2.439999999999999947e+00,4.640000000000003566e-01,0.000000000000000000e+00,0.000000000000000000e+00
2.459999999999999964e+00,4.680000000000003602e-01,0.000000000000000000e+00,0.000000000000000000e+00
2.479999999999999982e+00,4.720000000000003637e-01,0.000000000000000000e+00,0.000000000000000000e+00
2.500000000000000000e+00,4.760000000000003673e-01,0.000000000000000000e+00,0.000000000000000000e+00
2.520000000000000018e+00,4.800000000000003708e-01,0.000000000000000000e+00,0.000000000000000000e+00
2.540000000000000036e+00,4.840000000000003744e-01,0.000000000000000000e+00,0.000000000000000000e+00
2.560000000000000053e+00,4.880000000000003779e-01,0.000000000000000000e+00,0.000000000000000000e+00
2.580000000000000071e+00,4.920000000000003815e-01,0.000000000000000000e+00,0.000000000000000000e+00
2.600000000000000089e+00,4.960000000000003850e-01,0.000000000000000000e+00,0.000000000000000000e+00
2.620000000000000107e+00,5.000000000000003331e-01,0.000000000000000000e+00,0.000000000000000000e+00
2.640000000000000124e+00,5.040000000000003366e-01,0.000000000000000000e+00,0.000000000000000000e+00
2.660000000000000142e+00,5.080000000000003402e-01,0.000000000000000000e+00,0.000000000000000000e+00
2.680000000000000160e+00,5.120000000000003437e-01,0.000000000000000000e+00,0.000000000000000000e+00
2.700000000000000178e+00,5.160000000000003473e-01,0.000000000000000000e+00,0.000000000000000000e+00
2.720000000000000195e+00,5.200000000000003508e-01,0.000000000000000000e+00,0.000000000000000000e+00
2.740000000000000213e+00,5.240000000000003544e-01,0.000000000000000000e+00,0.000000000000000000e+00
2.759999999999999787e+00,5.280000000000003579e-01,0.000000000000000000e+00,0.000000000000000000e+00
2.780000000000000249e+00,5.320000000000003615e-01,0.000000000000000000e+00,0.000000000000000000e+00
2.799999999999999822e+00,5.360000000000003650e-01,0.000000000000000000e+00,0.000000000000000000e+00
2.820000000000000284e+00,5.400000000000003686e-01,0.000000000000000000e+00,0.000000000000000000e+00
2.839999999999999858e+00,5.440000000000003721e-01,0.000000000000000000e+00,0.000000000000000000e+00
2.860000000000000320e+00,5.480000000000003757e-01,0.000000000000000000e+00,0.000000000000000000e+00
2.879999999999999893e+00,5.520000000000003793e-01,0.000000000000000000e+00,0.000000000000000000e+00
2.899999999999999911e+00,5.560000000000003828e-01,0.000000000000000000e+00,0.000000000000000000e+00
2.919999999999999929e+00,5.600000000000003864e-01,0.000000000000000000e+00,0.000000000000000000e+00
2.939999999999999947e+00,5.640000000000003899e-01,0.000000000000000000e+00,0.000000000000000000e+00
2.959999999999999964e+00,5.680000000000003935e-01,0.000000000000000000e+00,0.000000000000000000e+00
2.979999999999999982e+00,5.720000000000003970e-01,0.000000000000000000e+00,0.000000000000000000e+00
3.000000000000000000e+00,5.760000000000004006e-01,0.000000000000000000e+00,0.000000000000000000e+00
3.020000000000000018e+00,5.800000000000004041e-01,0.000000000000000000e+00,0.000000000000000000e+00
3.040000000000000036e+00,5.840000000000004077e-01,0.000000000000000000e+00,0.000000000000000000e+00
3.060000000000000053e+00,5.880000000000004112e-01,0.000000000000000000e+00,0.000000000000000000e+00
3.080000000000000071e+00,5.920000000000004148e-01,0.000000000000000000e+00,0.000000000000000000e+00
3.100000000000000089e+00,5.960000000000004183e-01,0.000000000000000000e+00,0.000000000000000000e+00
3.120000000000000107e+00,6.000000000000004219e-01,0.000000000000000000e+00,0.000000000000000000e+00
3.140000000000000124e+00,6.040000000000004254e-01,0.000000000000000000e+00,0.000000000000000000e+00
3.160000000000000142e+00,6.080000000000004290e-01,0.000000000000000000e+00,0.000000000000000000e+00
3.180000000000000160e+00,6.120000000000004325e-01,0.000000000000000000e+00,0.000000000000000000e+00
3.200000000000000178e+00,6.160000000000004361e-01,0.000000000000000000e+00,0.000000000000000000e+00
3.220000000000000195e+00,6.200000000000004396e-01,0.000000000000000000e+00,0.000000000000000000e+00
3.240000000000000213e+00,6.240000000000004432e-01,0.000000000000000000e+00,0.000000000000000000e+00
3.259999999999999787e+00,6.280000000000004468e-01,0.000000000000000000e+00,0.000000000000000000e+00
3.280000000000000249e+00,6.320000000000004503e-01,0.000000000000000000e+00,0.000000000000000000e+00
3.299999999999999822e+00,6.360000000000004539e-01,0.000000000000000000e+00,0.000000000000000000e+00
3.319999999999999840e+00,6.400000000000004574e-01,0.000000000000000000e+00,0.000000000000000000e+00
3.339999999999999858e+00,6.440000000000004610e-01,0.000000000000000000e+00,0.000000000000000000e+00
3.359999999999999876e+00,6.480000000000004645e-01,0.000000000000000000e+00,0.000000000000000000e+00
3.379999999999999893e+00,6.520000000000004681e-01,0.000000000000000000e+00,0.000000000000000000e+00
3.399999999999999911e+00,6.560000000000004716e-01,0.000000000000000000e+00,0.000000000000000000e+00
3.419999999999999929e+00,6.600000000000004752e-01,0.000000000000000000e+00,0.000000000000000000e+00
3.439999999999999947e+00,6.640000000000004787e-01,0.000000000000000000e+00,0.000000000000000000e+00
3.459999999999999964e+00,6.680000000000004823e-01,0.000000000000000000e+00,0.000000000000000000e+00
3.479999999999999982e+00,6.720000000000004858e-01,0.000000000000000000e+00,0.000000000000000000e+00
3.500000000000000000e+00,6.760000000000004894e-01,0.000000000000000000e+00,0.000000000000000000e+00
3.520000000000000018e+00,6.800000000000004929e-01,0.000000000000000000e+00,0.000000000000000000e+00
3.540000000000000036e+00,6.840000000000004965e-01,0.000000000000000000e+00,0.000000000000000000e+00
3.560000000000000053e+00,6.880000000000005000e-01,0.000000000000000000e+00,0.000000000000000000e+00
3.580000000000000071e+00,6.920000000000005036e-01,0.000000000000000000e+00,0.000000000000000000e+00
3.600000000000000089e+00,6.960000000000005071e-01,0.000000000000000000e+00,0.000000000000000000e+00
3.620000000000000107e+00,7.000000000000005107e-01,0.000000000000000000e+00,0.000000000000000000e+00
3.640000000000000124e+00,7.040000000000005143e-01,0.000000000000000000e+00,0.000000000000000000e+00
3.660000000000000142e+00,7.080000000000005178e-01,0.000000000000000000e+00,0.000000000000000000e+00
3.680000000000000160e+00,7.120000000000005214e-01,0.000000000000000000e+00,0.000000000000000000e+00
3.700000000000000178e+00,7.160000000000005249e-01,0.000000000000000000e+00,0.000000000000000000e+00
3.720000000000000195e+00,7.200000000000005285e-01,0.000000000000000000e+00,0.000000000000000000e+00
3.740000000000000213e+00,7.240000000000005320e-01,0.000000000000000000e+00,0.000000000000000000e+00
3.759999999999999787e+00,7.280000000000005356e-01,0.000000000000000000e+00,0.000000000000000000e+00
3.780000000000000249e+00,7.320000000000005391e-01,0.000000000000000000e+00,0.000000000000000000e+00
3.799999999999999822e+00,7.360000000000005427e-01,0.000000000000000000e+00,0.000000000000000000e+00
3.820000000000000284e+00,7.400000000000005462e-01,0.000000000000000000e+00,0.000000000000000000e+00
3.839999999999999858e+00,7.440000000000005498e-01,0.000000000000000000e+00,0.000000000000000000e+00
3.860000000000000320e+00,7.480000000000005533e-01,0.000000000000000000e+00,0.000000000000000000e+00
3.879999999999999893e+00,7.520000000000005569e-01,0.000000000000000000e+00,0.000000000000000000e+00
3.899999999999999911e+00,7.560000000000005604e-01,0.000000000000000000e+00,0.000000000000000000e+00
3.919999999999999929e+00,7.600000000000005640e-01,0.000000000000000000e+00,0.000000000000000000e+00
3.939999999999999947e+00,7.640000000000005675e-01,0.000000000000000000e+00,0.000000000000000000e+00
3.959999999999999964e+00,7.680000000000005711e-01,0.000000000000000000e+00,0.000000000000000000e+00
3.979999999999999982e+00,7.720000000000005747e-01,0.000000000000000000e+00,0.000000000000000000e+00
4.000000000000000000e+00,7.760000000000005782e-01,0.000000000000000000e+00,0.000000000000000000e+00
4.019999999999999574e+00,7.800000000000005818e-01,0.000000000000000000e+00,0.000000000000000000e+00
4.040000000000000036e+00,7.840000000000005853e-01,0.000000000000000000e+00,0.000000000000000000e+00
4.059999999999999609e+00,7.880000000000005889e-01,0.000000000000000000e+00,0.000000000000000000e+00
4.080000000000000071e+00,7.920000000000005924e-01,0.000000000000000000e+00,0.000000000000000000e+00
4.099999999999999645e+00,7.960000000000005960e-01,0.000000000000000000e+00,0.000000000000000000e+00
4.120000000000000107e+00,8.000000000000005995e-01,0.000000000000000000e+00,0.000000000000000000e+00
4.139999999999999680e+00,8.040000000000006031e-01,0.000000000000000000e+00,0.000000000000000000e+00
4.160000000000000142e+00,8.080000000000006066e-01,0.000000000000000000e+00,0.000000000000000000e+00
4.179999999999999716e+00,8.120000000000006102e-01,0.000000000000000000e+00,0.000000000000000000e+00
4.200000000000000178e+00,8.160000000000006137e-01,0.000000000000000000e+00,0.000000000000000000e+00
4.219999999999999751e+00,8.200000000000006173e-01,0.000000000000000000e+00,0.000000000000000000e+00
4.240000000000000213e+00,8.240000000000006208e-01,0.000000000000000000e+00,0.000000000000000000e+00
4.259999999999999787e+00,8.280000000000006244e-01,0.000000000000000000e+00,0.000000000000000000e+00
4.280000000000000249e+00,8.320000000000006279e-01,0.000000000000000000e+00,0.000000000000000000e+00
4.299999999999999822e+00,8.360000000000006315e-01,0.000000000000000000e+00,0.000000000000000000e+00
4.320000000000000284e+00,8.400000000000006350e-01,0.000000000000000000e+00,0.000000000000000000e+00
4.339999999999999858e+00,8.440000000000006386e-01,0.000000000000000000e+00,0.000000000000000000e+00
4.360000000000000320e+00,8.480000000000006422e-01,0.000000000000000000e+00,0.000000000000000000e+00
4.379999999999999893e+00,8.520000000000006457e-01,0.000000000000000000e+00,0.000000000000000000e+00
4.400000000000000355e+00,8.560000000000006493e-01,0.000000000000000000e+00,0.000000000000000000e+00
4.419999999999999929e+00,8.600000000000006528e-01,0.000000000000000000e+00,0.000000000000000000e+00
4.440000000000000391e+00,8.640000000000006564e-01,0.000000000000000000e+00,0.000000000000000000e+00
4.459999999999999964e+00,8.680000000000006599e-01,0.000000000000000000e+00,0.000000000000000000e+00
4.480000000000000426e+00,8.720000000000006635e-01,0.000000000000000000e+00,0.000000000000000000e+00
4.500000000000000000e+00,8.760000000000006670e-01,0.000000000000000000e+00,0.000000000000000000e+00
4.519999999999999574e+00,8.800000000000006706e-01,0.000000000000000000e+00,0.000000000000000000e+00
4.540000000000000036e+00,8.840000000000006741e-01,0.000000000000000000e+00,0.000000000000000000e+00
4.560000000000000497e+00,8.880000000000006777e-01,0.000000000000000000e+00,0.000000000000000000e+00
4.580000000000000071e+00,8.920000000000006812e-01,0.000000000000000000e+00,0.000000000000000000e+00
4.599999999999999645e+00,8.960000000000006848e-01,0.000000000000000000e+00,0.000000000000000000e+00
4.620000000000000107e+00,9.000000000000006883e-01,0.000000000000000000e+00,0.000000000000000000e+00
4.639999999999999680e+00,9.040000000000006919e-01,0.000000000000000000e+00,0.000000000000000000e+00
4.660000000000000142e+00,9.080000000000006954e-01,0.000000000000000000e+00,0.000000000000000000e+00
4.679999999999999716e+00,9.120000000000006990e-01,0.000000000000000000e+00,0.000000000000000000e+00
4.700000000000000178e+00,9.160000000000007025e-01,0.000000000000000000e+00,0.000000000000000000e+00
4.719999999999999751e+00,9.200000000000007061e-01,0.000000000000000000e+00,0.000000000000000000e+00
4.740000000000000213e+00,9.240000000000007097e-01,0.000000000000000000e+00,0.000000000000000000e+00
4.759999999999999787e+00,9.280000000000007132e-01,0.000000000000000000e+00,0.000000000000000000e+00
4.780000000000000249e+00,9.320000000000007168e-01,0.000000000000000000e+00,0.000000000000000000e+00
4.799999999999999822e+00,9.360000000000007203e-01,0.000000000000000000e+00,0.000000000000000000e+00
4.820000000000000284e+00,9.400000000000007239e-01,0.000000000000000000e+00,0.000000000000000000e+00
4.839999999999999858e+00,9.440000000000007274e-01,0.000000000000000000e+00,0.000000000000000000e+00
4.860000000000000320e+00,9.480000000000007310e-01,0.000000000000000000e+00,0.000000000000000000e+00
4.879999999999999893e+00,9.520000000000007345e-01,0.000000000000000000e+00,0.000000000000000000e+00
4.900000000000000355e+00,9.560000000000007381e-01,0.000000000000000000e+00,0.000000000000000000e+00
4.919999999999999929e+00,9.600000000000007416e-01,0.000000000000000000e+00,0.000000000000000000e+00
4.940000000000000391e+00,9.640000000000007452e-01,0.000000000000000000e+00,0.000000000000000000e+00
4.959999999999999964e+00,9.680000000000007487e-01,0.000000000000000000e+00,0.000000000000000000e+00
4.980000000000000426e+00,9.720000000000007523e-01,0.000000000000000000e+00,0.000000000000000000e+00
5.000000000000000000e+00,9.760000000000007558e-01,0.000000000000000000e+00,0.000000000000000000e+00
5.019999999999999574e+00,9.800000000000007594e-01,0.000000000000000000e+00,0.000000000000000000e+00
5.040000000000000036e+00,9.840000000000007629e-01,0.000000000000000000e+00,0.000000000000000000e+00
5.059999999999999609e+00,9.880000000000007665e-01,0.000000000000000000e+00,0.000000000000000000e+00
5.080000000000000071e+00,9.920000000000007701e-01,0.000000000000000000e+00,0.000000000000000000e+00
5.099999999999999645e+00,9.960000000000007736e-01,0.000000000000000000e+00,0.000000000000000000e+00
5.120000000000000107e+00,1.000000000000000666e+00,0.000000000000000000e+00,0.000000000000000000e+00
5.139999999999999680e+00,1.004000000000000670e+00,0.000000000000000000e+00,0.000000000000000000e+00
5.160000000000000142e+00,1.008000000000000673e+00,0.000000000000000000e+00,0.000000000000000000e+00
5.179999999999999716e+00,1.012000000000000677e+00,0.000000000000000000e+00,0.000000000000000000e+00
5.200000000000000178e+00,1.016000000000000680e+00,0.000000000000000000e+00,0.000000000000000000e+00
5.219999999999999751e+00,1.020000000000000684e+00,0.000000000000000000e+00,0.000000000000000000e+00
5.240000000000000213e+00,1.024000000000000687e+00,0.000000000000000000e+00,0.000000000000000000e+00
5.259999999999999787e+00,1.028000000000000691e+00,0.000000000000000000e+00,0.000000000000000000e+00
5.280000000000000249e+00,1.032000000000000695e+00,0.000000000000000000e+00,0.000000000000000000e+00
5.299999999999999822e+00,1.036000000000000698e+00,0.000000000000000000e+00,0.000000000000000000e+00
5.320000000000000284e+00,1.040000000000000702e+00,0.000000000000000000e+00,0.000000000000000000e+00
5.339999999999999858e+00,1.044000000000000705e+00,0.000000000000000000e+00,0.000000000000000000e+00
5.360000000000000320e+00,1.048000000000000709e+00,0.000000000000000000e+00,0.000000000000000000e+00
5.379999999999999893e+00,1.052000000000000712e+00,0.000000000000000000e+00,0.000000000000000000e+00
5.400000000000000355e+00,1.056000000000000716e+00,0.000000000000000000e+00,0.000000000000000000e+00
5.419999999999999929e+00,1.060000000000000719e+00,0.000000000000000000e+00,0.000000000000000000e+00
5.440000000000000391e+00,1.064000000000000723e+00,0.000000000000000000e+00,0.000000000000000000e+00
5.459999999999999964e+00,1.068000000000000727e+00,0.000000000000000000e+00,0.000000000000000000e+00
5.480000000000000426e+00,1.072000000000000730e+00,0.000000000000000000e+00,0.000000000000000000e+00
5.500000000000000000e+00,1.076000000000000734e+00,0.000000000000000000e+00,0.000000000000000000e+00
5.519999999999999574e+00,1.080000000000000737e+00,0.000000000000000000e+00,0.000000000000000000e+00
5.540000000000000036e+00,1.084000000000000741e+00,0.000000000000000000e+00,0.000000000000000000e+00
5.560000000000000497e+00,1.088000000000000744e+00,0.000000000000000000e+00,0.000000000000000000e+00
5.580000000000000071e+00,1.092000000000000748e+00,0.000000000000000000e+00,0.000000000000000000e+00
5.599999999999999645e+00,1.096000000000000751e+00,0.000000000000000000e+00,0.000000000000000000e+00
5.620000000000000107e+00,1.100000000000000755e+00,0.000000000000000000e+00,0.000000000000000000e+00
5.639999999999999680e+00,1.104000000000000759e+00,0.000000000000000000e+00,0.000000000000000000e+00
5.660000000000000142e+00,1.108000000000000762e+00,0.000000000000000000e+00,0.000000000000000000e+00
5.679999999999999716e+00,1.112000000000000766e+00,0.000000000000000000e+00,0.000000000000000000e+00
5.700000000000000178e+00,1.116000000000000769e+00,0.000000000000000000e+00,0.000000000000000000e+00
5.719999999999999751e+00,1.120000000000000773e+00,0.000000000000000000e+00,0.000000000000000000e+00
5.740000000000000213e+00,1.124000000000000776e+00,0.000000000000000000e+00,0.000000000000000000e+00
5.759999999999999787e+00,1.128000000000000780e+00,0.000000000000000000e+00,0.000000000000000000e+00
5.780000000000000249e+00,1.132000000000000783e+00,0.000000000000000000e+00,0.000000000000000000e+00
5.799999999999999822e+00,1.136000000000000787e+00,0.000000000000000000e+00,0.000000000000000000e+00
5.820000000000000284e+00,1.140000000000000790e+00,0.000000000000000000e+00,0.000000000000000000e+00
5.839999999999999858e+00,1.144000000000000794e+00,0.000000000000000000e+00,0.000000000000000000e+00
5.860000000000000320e+00,1.148000000000000798e+00,0.000000000000000000e+00,0.000000000000000000e+00
5.879999999999999893e+00,1.152000000000000801e+00,0.000000000000000000e+00,0.000000000000000000e+00
5.900000000000000355e+00,1.156000000000000805e+00,0.000000000000000000e+00,0.000000000000000000e+00
5.919999999999999929e+00,1.160000000000000808e+00,0.000000000000000000e+00,0.000000000000000000e+00
5.940000000000000391e+00,1.164000000000000812e+00,0.000000000000000000e+00,0.000000000000000000e+00
5.959999999999999964e+00,1.168000000000000815e+00,0.000000000000000000e+00,0.000000000000000000e+00
5.980000000000000426e+00,1.172000000000000819e+00,0.000000000000000000e+00,0.000000000000000000e+00
6.000000000000000000e+00,1.176000000000000822e+00,0.000000000000000000e+00,0.000000000000000000e+00
6.019999999999999574e+00,1.180000000000000826e+00,0.000000000000000000e+00,0.000000000000000000e+00
6.040000000000000036e+00,1.184000000000000830e+00,0.000000000000000000e+00,0.000000000000000000e+00
6.059999999999999609e+00,1.188000000000000833e+00,0.000000000000000000e+00,0.000000000000000000e+00
6.080000000000000071e+00,1.192000000000000837e+00,0.000000000000000000e+00,0.000000000000000000e+00
6.099999999999999645e+00,1.196000000000000840e+00,0.000000000000000000e+00,0.000000000000000000e+00
6.120000000000000107e+00,1.200000000000000844e+00,0.000000000000000000e+00,0.000000000000000000e+00
6.139999999999999680e+00,1.204000000000000847e+00,0.000000000000000000e+00,0.000000000000000000e+00
6.160000000000000142e+00,1.208000000000000851e+00,0.000000000000000000e+00,0.000000000000000000e+00
6.179999999999999716e+00,1.212000000000000854e+00,0.000000000000000000e+00,0.000000000000000000e+00
6.200000000000000178e+00,1.216000000000000858e+00,0.000000000000000000e+00,0.000000000000000000e+00
6.219999999999999751e+00,1.220000000000000862e+00,0.000000000000000000e+00,0.000000000000000000e+00
6.240000000000000213e+00,1.224000000000000865e+00,0.000000000000000000e+00,0.000000000000000000e+00
6.259999999999999787e+00,1.228000000000000869e+00,0.000000000000000000e+00,0.000000000000000000e+00
6.280000000000000249e+00,1.232000000000000872e+00,0.000000000000000000e+00,0.000000000000000000e+00
6.299999999999999822e+00,1.236000000000000876e+00,0.000000000000000000e+00,0.000000000000000000e+00
6.320000000000000284e+00,1.240000000000000879e+00,0.000000000000000000e+00,0.000000000000000000e+00
6.339999999999999858e+00,1.244000000000000883e+00,0.000000000000000000e+00,0.000000000000000000e+00
6.360000000000000320e+00,1.248000000000000886e+00,0.000000000000000000e+00,0.000000000000000000e+00
6.379999999999999893e+00,1.252000000000000890e+00,0.000000000000000000e+00,0.000000000000000000e+00
6.400000000000000355e+00,1.256000000000000894e+00,0.000000000000000000e+00,0.000000000000000000e+00
6.419999999999999929e+00,1.260000000000000897e+00,0.000000000000000000e+00,0.000000000000000000e+00
6.440000000000000391e+00,1.264000000000000901e+00,0.000000000000000000e+00,0.000000000000000000e+00
6.459999999999999964e+00,1.268000000000000904e+00,0.000000000000000000e+00,0.000000000000000000e+00
6.480000000000000426e+00,1.272000000000000908e+00,0.000000000000000000e+00,0.000000000000000000e+00
6.500000000000000000e+00,1.276000000000000911e+00,0.000000000000000000e+00,0.000000000000000000e+00
6.519999999999999574e+00,1.280000000000000915e+00,0.000000000000000000e+00,0.000000000000000000e+00
6.540000000000000036e+00,1.284000000000000918e+00,0.000000000000000000e+00,0.000000000000000000e+00
6.560000000000000497e+00,1.288000000000000922e+00,0.000000000000000000e+00,0.000000000000000000e+00
6.580000000000000071e+00,1.292000000000000925e+00,0.000000000000000000e+00,0.000000000000000000e+00
6.599999999999999645e+00,1.296000000000000929e+00,0.000000000000000000e+00,0.000000000000000000e+00
6.620000000000000107e+00,1.300000000000000933e+00,0.000000000000000000e+00,0.000000000000000000e+00
6.639999999999999680e+00,1.304000000000000936e+00,0.000000000000000000e+00,0.000000000000000000e+00
6.660000000000000142e+00,1.308000000000000940e+00,0.000000000000000000e+00,0.000000000000000000e+00
6.679999999999999716e+00,1.312000000000000943e+00,0.000000000000000000e+00,0.000000000000000000e+00
6.700000000000000178e+00,1.316000000000000947e+00,0.000000000000000000e+00,0.000000000000000000e+00
6.719999999999999751e+00,1.320000000000000950e+00,0.000000000000000000e+00,0.000000000000000000e+00
6.740000000000000213e+00,1.324000000000000954e+00,0.000000000000000000e+00,0.000000000000000000e+00
6.759999999999999787e+00,1.328000000000000957e+00,0.000000000000000000e+00,0.000000000000000000e+00
6.780000000000000249e+00,1.332000000000000961e+00,0.000000000000000000e+00,0.000000000000000000e+00
6.799999999999999822e+00,1.336000000000000965e+00,0.000000000000000000e+00,0.000000000000000000e+00
6.820000000000000284e+00,1.340000000000000968e+00,0.000000000000000000e+00,0.000000000000000000e+00
6.839999999999999858e+00,1.344000000000000972e+00,0.000000000000000000e+00,0.000000000000000000e+00
6.860000000000000320e+00,1.348000000000000975e+00,0.000000000000000000e+00,0.000000000000000000e+00
6.879999999999999893e+00,1.352000000000000979e+00,0.000000000000000000e+00,0.000000000000000000e+00
6.900000000000000355e+00,1.356000000000000982e+00,0.000000000000000000e+00,0.000000000000000000e+00
6.919999999999999929e+00,1.360000000000000986e+00,0.000000000000000000e+00,0.000000000000000000e+00
6.940000000000000391e+00,1.364000000000000989e+00,0.000000000000000000e+00,0.000000000000000000e+00
6.959999999999999964e+00,1.368000000000000993e+00,0.000000000000000000e+00,0.000000000000000000e+00
6.980000000000000426e+00,1.372000000000000997e+00,0.000000000000000000e+00,0.000000000000000000e+00
7.000000000000000000e+00,1.376000000000001000e+00,0.000000000000000000e+00,0.000000000000000000e+00
7.019999999999999574e+00,1.380000000000001004e+00,0.000000000000000000e+00,0.000000000000000000e+00
7.040000000000000036e+00,1.384000000000001007e+00,0.000000000000000000e+00,0.000000000000000000e+00
7.059999999999999609e+00,1.388000000000001011e+00,0.000000000000000000e+00,0.000000000000000000e+00
7.080000000000000071e+00,1.392000000000001014e+00,0.000000000000000000e+00,0.000000000000000000e+00
7.099999999999999645e+00,1.396000000000001018e+00,0.000000000000000000e+00,0.000000000000000000e+00
7.120000000000000107e+00,1.400000000000001021e+00,0.000000000000000000e+00,0.000000000000000000e+00
7.139999999999999680e+00,1.404000000000001025e+00,0.000000000000000000e+00,0.000000000000000000e+00
7.160000000000000142e+00,1.408000000000001029e+00,0.000000000000000000e+00,0.000000000000000000e+00
7.179999999999999716e+00,1.412000000000001032e+00,0.000000000000000000e+00,0.000000000000000000e+00
7.200000000000000178e+00,1.416000000000001036e+00,0.000000000000000000e+00,0.000000000000000000e+00
7.219999999999999751e+00,1.420000000000001039e+00,0.000000000000000000e+00,0.000000000000000000e+00
7.240000000000000213e+00,1.424000000000001043e+00,0.000000000000000000e+00,0.000000000000000000e+00
7.259999999999999787e+00,1.428000000000001046e+00,0.000000000000000000e+00,0.000000000000000000e+00
7.280000000000000249e+00,1.432000000000001050e+00,0.000000000000000000e+00,0.000000000000000000e+00
7.299999999999999822e+00,1.436000000000001053e+00,0.000000000000000000e+00,0.000000000000000000e+00
7.320000000000000284e+00,1.440000000000001057e+00,0.000000000000000000e+00,0.000000000000000000e+00
7.339999999999999858e+00,1.444000000000001060e+00,0.000000000000000000e+00,0.000000000000000000e+00
7.360000000000000320e+00,1.448000000000001064e+00,0.000000000000000000e+00,0.000000000000000000e+00
7.379999999999999893e+00,1.452000000000001068e+00,0.000000000000000000e+00,0.000000000000000000e+00
7.400000000000000355e+00,1.456000000000001071e+00,0.000000000000000000e+00,0.000000000000000000e+00
7.419999999999999929e+00,1.460000000000001075e+00,0.000000000000000000e+00,0.000000000000000000e+00
7.440000000000000391e+00,1.464000000000001078e+00,0.000000000000000000e+00,0.000000000000000000e+00
7.459999999999999964e+00,1.468000000000001082e+00,0.000000000000000000e+00,0.000000000000000000e+00
7.480000000000000426e+00,1.472000000000001085e+00,0.000000000000000000e+00,0.000000000000000000e+00
7.500000000000000000e+00,1.476000000000001089e+00,0.000000000000000000e+00,0.000000000000000000e+00
7.519999999999999574e+00,1.480000000000001092e+00,0.000000000000000000e+00,0.000000000000000000e+00
7.540000000000000036e+00,1.484000000000001096e+00,0.000000000000000000e+00,0.000000000000000000e+00
7.560000000000000497e+00,1.488000000000001100e+00,0.000000000000000000e+00,0.000000000000000000e+00
7.580000000000000071e+00,1.492000000000001103e+00,0.000000000000000000e+00,0.000000000000000000e+00
7.599999999999999645e+00,1.496000000000001107e+00,0.000000000000000000e+00,0.000000000000000000e+00
7.620000000000000107e+00,1.500000000000001110e+00,0.000000000000000000e+00,0.000000000000000000e+00
7.639999999999999680e+00,1.504000000000001114e+00,0.000000000000000000e+00,0.000000000000000000e+00
7.660000000000000142e+00,1.508000000000001117e+00,0.000000000000000000e+00,0.000000000000000000e+00
7.679999999999999716e+00,1.512000000000001121e+00,0.000000000000000000e+00,0.000000000000000000e+00
7.700000000000000178e+00,1.516000000000001124e+00,0.000000000000000000e+00,0.000000000000000000e+00
7.719999999999999751e+00,1.520000000000001128e+00,0.000000000000000000e+00,0.000000000000000000e+00
7.740000000000000213e+00,1.524000000000001132e+00,0.000000000000000000e+00,0.000000000000000000e+00
7.759999999999999787e+00,1.528000000000001135e+00,0.000000000000000000e+00,0.000000000000000000e+00
7.780000000000000249e+00,1.532000000000001139e+00,0.000000000000000000e+00,0.000000000000000000e+00
7.799999999999999822e+00,1.536000000000001142e+00,0.000000000000000000e+00,0.000000000000000000e+00
7.820000000000000284e+00,1.540000000000001146e+00,0.000000000000000000e+00,0.000000000000000000e+00
7.839999999999999858e+00,1.544000000000001149e+00,0.000000000000000000e+00,0.000000000000000000e+00
7.860000000000000320e+00,1.548000000000001153e+00,0.000000000000000000e+00,0.000000000000000000e+00
7.879999999999999893e+00,1.552000000000001156e+00,0.000000000000000000e+00,0.000000000000000000e+00
7.900000000000000355e+00,1.556000000000001160e+00,0.000000000000000000e+00,0.000000000000000000e+00
7.919999999999999929e+00,1.560000000000001164e+00,0.000000000000000000e+00,0.000000000000000000e+00
7.940000000000000391e+00,1.564000000000001167e+00,0.000000000000000000e+00,0.000000000000000000e+00
7.959999999999999964e+00,1.568000000000001171e+00,0.000000000000000000e+00,0.000000000000000000e+00
7.980000000000000426e+00,1.572000000000001174e+00,0.000000000000000000e+00,0.000000000000000000e+00
8.000000000000000000e+00,1.576000000000001178e+00,0.000000000000000000e+00,0.000000000000000000e+00
8.019999999999999574e+00,1.580000000000001181e+00,0.000000000000000000e+00,0.000000000000000000e+00
8.039999999999999147e+00,1.584000000000001185e+00,0.000000000000000000e+00,0.000000000000000000e+00
8.060000000000000497e+00,1.588000000000001188e+00,0.000000000000000000e+00,0.000000000000000000e+00
8.080000000000000071e+00,1.592000000000001192e+00,0.000000000000000000e+00,0.000000000000000000e+00
8.099999999999999645e+00,1.596000000000001195e+00,0.000000000000000000e+00,0.000000000000000000e+00
8.119999999999999218e+00,1.600000000000001199e+00,0.000000000000000000e+00,0.000000000000000000e+00
8.140000000000000568e+00,1.604000000000001203e+00,0.000000000000000000e+00,0.000000000000000000e+00
8.160000000000000142e+00,1.608000000000001206e+00,0.000000000000000000e+00,0.000000000000000000e+00
8.179999999999999716e+00,1.612000000000001210e+00,0.000000000000000000e+00,0.000000000000000000e+00
8.199999999999999289e+00,1.616000000000001213e+00,0.000000000000000000e+00,0.000000000000000000e+00
8.220000000000000639e+00,1.620000000000001217e+00,0.000000000000000000e+00,0.000000000000000000e+00
8.240000000000000213e+00,1.624000000000001220e+00,0.000000000000000000e+00,0.000000000000000000e+00
8.259999999999999787e+00,1.628000000000001224e+00,0.000000000000000000e+00,0.000000000000000000e+00
8.279999999999999361e+00,1.632000000000001227e+00,0.000000000000000000e+00,0.000000000000000000e+00
8.300000000000000711e+00,1.636000000000001231e+00,0.000000000000000000e+00,0.000000000000000000e+00
8.320000000000000284e+00,1.640000000000001235e+00,0.000000000000000000e+00,0.000000000000000000e+00
8.339999999999999858e+00,1.644000000000001238e+00,0.000000000000000000e+00,0.000000000000000000e+00
8.359999999999999432e+00,1.648000000000001242e+00,0.000000000000000000e+00,0.000000000000000000e+00
8.380000000000000782e+00,1.652000000000001245e+00,0.000000000000000000e+00,0.000000000000000000e+00
8.400000000000000355e+00,1.656000000000001249e+00,0.000000000000000000e+00,0.000000000000000000e+00
8.419999999999999929e+00,1.660000000000001252e+00,0.000000000000000000e+00,0.000000000000000000e+00
8.439999999999999503e+00,1.664000000000001256e+00,0.000000000000000000e+00,0.000000000000000000e+00
8.460000000000000853e+00,1.668000000000001259e+00,0.000000000000000000e+00,0.000000000000000000e+00
8.480000000000000426e+00,1.672000000000001263e+00,0.000000000000000000e+00,0.000000000000000000e+00
8.500000000000000000e+00,1.676000000000001267e+00,0.000000000000000000e+00,0.000000000000000000e+00
8.519999999999999574e+00,1.680000000000001270e+00,0.000000000000000000e+00,0.000000000000000000e+00
8.539999999999999147e+00,1.684000000000001274e+00,0.000000000000000000e+00,0.000000000000000000e+00
8.560000000000000497e+00,1.688000000000001277e+00,0.000000000000000000e+00,0.000000000000000000e+00
8.580000000000000071e+00,1.692000000000001281e+00,0.000000000000000000e+00,0.000000000000000000e+00
8.599999999999999645e+00,1.696000000000001284e+00,0.000000000000000000e+00,0.000000000000000000e+00
8.619999999999999218e+00,1.700000000000001288e+00,0.000000000000000000e+00,0.000000000000000000e+00
8.640000000000000568e+00,1.704000000000001291e+00,0.000000000000000000e+00,0.000000000000000000e+00
8.660000000000000142e+00,1.708000000000001295e+00,0.000000000000000000e+00,0.000000000000000000e+00
8.679999999999999716e+00,1.712000000000001299e+00,0.000000000000000000e+00,0.000000000000000000e+00
8.699999999999999289e+00,1.716000000000001302e+00,0.000000000000000000e+00,0.000000000000000000e+00
8.720000000000000639e+00,1.720000000000001306e+00,0.000000000000000000e+00,0.000000000000000000e+00
8.740000000000000213e+00,1.724000000000001309e+00,0.000000000000000000e+00,0.000000000000000000e+00
8.759999999999999787e+00,1.728000000000001313e+00,0.000000000000000000e+00,0.000000000000000000e+00
8.779999999999999361e+00,1.732000000000001316e+00,0.000000000000000000e+00,0.000000000000000000e+00
8.800000000000000711e+00,1.736000000000001320e+00,0.000000000000000000e+00,0.000000000000000000e+00
8.820000000000000284e+00,1.740000000000001323e+00,0.000000000000000000e+00,0.000000000000000000e+00
8.839999999999999858e+00,1.744000000000001327e+00,0.000000000000000000e+00,0.000000000000000000e+00
8.859999999999999432e+00,1.748000000000001330e+00,0.000000000000000000e+00,0.000000000000000000e+00
8.880000000000000782e+00,1.752000000000001334e+00,0.000000000000000000e+00,0.000000000000000000e+00
8.900000000000000355e+00,1.756000000000001338e+00,0.000000000000000000e+00,0.000000000000000000e+00
8.919999999999999929e+00,1.760000000000001341e+00,0.000000000000000000e+00,0.000000000000000000e+00
8.939999999999999503e+00,1.764000000000001345e+00,0.000000000000000000e+00,0.000000000000000000e+00
8.960000000000000853e+00,1.768000000000001348e+00,0.000000000000000000e+00,0.000000000000000000e+00
8.980000000000000426e+00,1.772000000000001352e+00,0.000000000000000000e+00,0.000000000000000000e+00
9.000000000000000000e+00,1.776000000000001355e+00,0.000000000000000000e+00,0.000000000000000000e+00
9.019999999999999574e+00,1.780000000000001359e+00,0.000000000000000000e+00,0.000000000000000000e+00
9.039999999999999147e+00,1.784000000000001362e+00,0.000000000000000000e+00,0.000000000000000000e+00
9.060000000000000497e+00,1.788000000000001366e+00,0.000000000000000000e+00,0.000000000000000000e+00
9.080000000000000071e+00,1.792000000000001370e+00,0.000000000000000000e+00,0.000000000000000000e+00
9.099999999999999645e+00,1.796000000000001373e+00,0.000000000000000000e+00,0.000000000000000000e+00
9.119999999999999218e+00,1.800000000000001377e+00,0.000000000000000000e+00,0.000000000000000000e+00
9.140000000000000568e+00,1.804000000000001380e+00,0.000000000000000000e+00,0.000000000000000000e+00
9.160000000000000142e+00,1.808000000000001384e+00,0.000000000000000000e+00,0.000000000000000000e+00
9.179999999999999716e+00,1.812000000000001387e+00,0.000000000000000000e+00,0.000000000000000000e+00
9.199999999999999289e+00,1.816000000000001391e+00,0.000000000000000000e+00,0.000000000000000000e+00
9.220000000000000639e+00,1.820000000000001394e+00,0.000000000000000000e+00,0.000000000000000000e+00
9.240000000000000213e+00,1.824000000000001398e+00,0.000000000000000000e+00,0.000000000000000000e+00
9.259999999999999787e+00,1.828000000000001402e+00,0.000000000000000000e+00,0.000000000000000000e+00
9.279999999999999361e+00,1.832000000000001405e+00,0.000000000000000000e+00,0.000000000000000000e+00
9.300000000000000711e+00,1.836000000000001409e+00,0.000000000000000000e+00,0.000000000000000000e+00
9.320000000000000284e+00,1.840000000000001412e+00,0.000000000000000000e+00,0.000000000000000000e+00
9.339999999999999858e+00,1.844000000000001416e+00,0.000000000000000000e+00,0.000000000000000000e+00
9.359999999999999432e+00,1.848000000000001419e+00,0.000000000000000000e+00,0.000000000000000000e+00
9.380000000000000782e+00,1.852000000000001423e+00,0.000000000000000000e+00,0.000000000000000000e+00
9.400000000000000355e+00,1.856000000000001426e+00,0.000000000000000000e+00,0.000000000000000000e+00
9.419999999999999929e+00,1.860000000000001430e+00,0.000000000000000000e+00,0.000000000000000000e+00
9.439999999999999503e+00,1.864000000000001434e+00,0.000000000000000000e+00,0.000000000000000000e+00
9.460000000000000853e+00,1.868000000000001437e+00,0.000000000000000000e+00,0.000000000000000000e+00
9.480000000000000426e+00,1.872000000000001441e+00,0.000000000000000000e+00,0.000000000000000000e+00
9.500000000000000000e+00,1.876000000000001444e+00,0.000000000000000000e+00,0.000000000000000000e+00
9.519999999999999574e+00,1.880000000000001448e+00,0.000000000000000000e+00,0.000000000000000000e+00
9.539999999999999147e+00,1.884000000000001451e+00,0.000000000000000000e+00,0.000000000000000000e+00
9.560000000000000497e+00,1.888000000000001455e+00,0.000000000000000000e+00,0.000000000000000000e+00
9.580000000000000071e+00,1.892000000000001458e+00,0.000000000000000000e+00,0.000000000000000000e+00
9.599999999999999645e+00,1.896000000000001462e+00,0.000000000000000000e+00,0.000000000000000000e+00
9.619999999999999218e+00,1.900000000000001465e+00,0.000000000000000000e+00,0.000000000000000000e+00
9.640000000000000568e+00,1.904000000000001469e+00,0.000000000000000000e+00,0.000000000000000000e+00
9.660000000000000142e+00,1.908000000000001473e+00,0.000000000000000000e+00,0.000000000000000000e+00
9.679999999999999716e+00,1.912000000000001476e+00,0.000000000000000000e+00,0.000000000000000000e+00
9.699999999999999289e+00,1.916000000000001480e+00,0.000000000000000000e+00,0.000000000000000000e+00
9.720000000000000639e+00,1.920000000000001483e+00,0.000000000000000000e+00,0.000000000000000000e+00
9.740000000000000213e+00,1.924000000000001487e+00,0.000000000000000000e+00,0.000000000000000000e+00
9.759999999999999787e+00,1.928000000000001490e+00,0.000000000000000000e+00,0.000000000000000000e+00
9.779999999999999361e+00,1.932000000000001494e+00,0.000000000000000000e+00,0.000000000000000000e+00
9.800000000000000711e+00,1.936000000000001497e+00,0.000000000000000000e+00,0.000000000000000000e+00
9.820000000000000284e+00,1.940000000000001501e+00,0.000000000000000000e+00,0.000000000000000000e+00
9.839999999999999858e+00,1.944000000000001505e+00,0.000000000000000000e+00,0.000000000000000000e+00
9.859999999999999432e+00,1.948000000000001508e+00,0.000000000000000000e+00,0.000000000000000000e+00
9.880000000000000782e+00,1.952000000000001512e+00,0.000000000000000000e+00,0.000000000000000000e+00
9.900000000000000355e+00,1.956000000000001515e+00,0.000000000000000000e+00,0.000000000000000000e+00
9.919999999999999929e+00,1.960000000000001519e+00,0.000000000000000000e+00,0.000000000000000000e+00
9.939999999999999503e+00,1.964000000000001522e+00,0.000000000000000000e+00,0.000000000000000000e+00
9.960000000000000853e+00,1.968000000000001526e+00,0.000000000000000000e+00,0.000000000000000000e+00
9.980000000000000426e+00,1.972000000000001529e+00,0.000000000000000000e+00,0.000000000000000000e+00
1.000000000000000000e+01,1.976000000000001533e+00,0.000000000000000000e+00,0.000000000000000000e+00
1.001999999999999957e+01,1.980000000000001537e+00,0.000000000000000000e+00,0.000000000000000000e+00
1.003999999999999915e+01,1.984000000000001540e+00,0.000000000000000000e+00,0.000000000000000000e+00
1.006000000000000050e+01,1.988000000000001544e+00,0.000000000000000000e+00,0.000000000000000000e+00
1.008000000000000007e+01,1.992000000000001547e+00,0.000000000000000000e+00,0.000000000000000000e+00
1.009999999999999964e+01,1.996000000000001551e+00,0.000000000000000000e+00,0.000000000000000000e+00
1.011999999999999922e+01,2.000000000000001332e+00,0.000000000000000000e+00,0.000000000000000000e+00
1.014000000000000057e+01,2.004000000000001336e+00,0.000000000000000000e+00,0.000000000000000000e+00
1.016000000000000014e+01,2.008000000000001339e+00,0.000000000000000000e+00,0.000000000000000000e+00
1.017999999999999972e+01,2.012000000000001343e+00,0.000000000000000000e+00,0.000000000000000000e+00
1.019999999999999929e+01,2.016000000000001346e+00,0.000000000000000000e+00,0.000000000000000000e+00
1.022000000000000064e+01,2.020000000000001350e+00,0.000000000000000000e+00,0.000000000000000000e+00
1.024000000000000021e+01,2.024000000000001354e+00,0.000000000000000000e+00,0.000000000000000000e+00
1.025999999999999979e+01,2.028000000000001357e+00,0.000000000000000000e+00,0.000000000000000000e+00
1.027999999999999936e+01,2.032000000000001361e+00,0.000000000000000000e+00,0.000000000000000000e+00
1.030000000000000071e+01,2.036000000000001364e+00,0.000000000000000000e+00,0.000000000000000000e+00
1.032000000000000028e+01,2.040000000000001368e+00,0.000000000000000000e+00,0.000000000000000000e+00
1.033999999999999986e+01,2.044000000000001371e+00,0.000000000000000000e+00,0.000000000000000000e+00
1.035999999999999943e+01,2.048000000000001375e+00,0.000000000000000000e+00,0.000000000000000000e+00
1.038000000000000078e+01,2.052000000000001378e+00,0.000000000000000000e+00,0.000000000000000000e+00
1.040000000000000036e+01,2.056000000000001382e+00,0.000000000000000000e+00,0.000000000000000000e+00
1.041999999999999993e+01,2.060000000000001386e+00,0.000000000000000000e+00,0.000000000000000000e+00
1.043999999999999950e+01,2.064000000000001389e+00,0.000000000000000000e+00,0.000000000000000000e+00
1.046000000000000085e+01,2.068000000000001393e+00,0.000000000000000000e+00,0.000000000000000000e+00
1.048000000000000043e+01,2.072000000000001396e+00,0.000000000000000000e+00,0.000000000000000000e+00
1.050000000000000000e+01,2.076000000000001400e+00,0.000000000000000000e+00,0.000000000000000000e+00
1.051999999999999957e+01,2.080000000000001403e+00,0.000000000000000000e+00,0.000000000000000000e+00
1.053999999999999915e+01,2.084000000000001407e+00,0.000000000000000000e+00,0.000000000000000000e+00
1.056000000000000050e+01,2.088000000000001410e+00,0.000000000000000000e+00,0.000000000000000000e+00
1.058000000000000007e+01,2.092000000000001414e+00,0.000000000000000000e+00,0.000000000000000000e+00
1.059999999999999964e+01,2.096000000000001418e+00,0.000000000000000000e+00,0.000000000000000000e+00
1.061999999999999922e+01,2.100000000000001421e+00,0.000000000000000000e+00,0.000000000000000000e+00
1.064000000000000057e+01,2.104000000000001425e+00,0.000000000000000000e+00,0.000000000000000000e+00
1.066000000000000014e+01,2.108000000000001428e+00,0.000000000000000000e+00,0.000000000000000000e+00
1.067999999999999972e+01,2.112000000000001432e+00,0.000000000000000000e+00,0.000000000000000000e+00
1.069999999999999929e+01,2.116000000000001435e+00,0.000000000000000000e+00,0.000000000000000000e+00
1.072000000000000064e+01,2.120000000000001439e+00,0.000000000000000000e+00,0.000000000000000000e+00
1.074000000000000021e+01,2.124000000000001442e+00,0.000000000000000000e+00,0.000000000000000000e+00
1.075999999999999979e+01,2.128000000000001446e+00,0.000000000000000000e+00,0.000000000000000000e+00
1.077999999999999936e+01,2.132000000000001450e+00,0.000000000000000000e+00,0.000000000000000000e+00
1.080000000000000071e+01,2.136000000000001453e+00,0.000000000000000000e+00,0.000000000000000000e+00
1.082000000000000028e+01,2.140000000000001457e+00,0.000000000000000000e+00,0.000000000000000000e+00
1.083999999999999986e+01,2.144000000000001460e+00,0.000000000000000000e+00,0.000000000000000000e+00
1.085999999999999943e+01,2.148000000000001464e+00,0.000000000000000000e+00,0.000000000000000000e+00
1.088000000000000078e+01,2.152000000000001467e+00,0.000000000000000000e+00,0.000000000000000000e+00
1.090000000000000036e+01,2.156000000000001471e+00,0.000000000000000000e+00,0.000000000000000000e+00
1.091999999999999993e+01,2.160000000000001474e+00,0.000000000000000000e+00,0.000000000000000000e+00
1.093999999999999950e+01,2.164000000000001478e+00,0.000000000000000000e+00,0.000000000000000000e+00
1.096000000000000085e+01,2.168000000000001481e+00,0.000000000000000000e+00,0.000000000000000000e+00
1.098000000000000043e+01,2.172000000000001485e+00,0.000000000000000000e+00,0.000000000000000000e+00
1.100000000000000000e+01,2.176000000000001489e+00,0.000000000000000000e+00,0.000000000000000000e+00
1.101999999999999957e+01,2.180000000000001492e+00,0.000000000000000000e+00,0.000000000000000000e+00
1.103999999999999915e+01,2.184000000000001496e+00,0.000000000000000000e+00,0.000000000000000000e+00
1.106000000000000050e+01,2.188000000000001499e+00,0.000000000000000000e+00,0.000000000000000000e+00
1.108000000000000007e+01,2.192000000000001503e+00,0.000000000000000000e+00,0.000000000000000000e+00
1.109999999999999964e+01,2.196000000000001506e+00,0.000000000000000000e+00,0.000000000000000000e+00
1.111999999999999922e+01,2.200000000000001510e+00,0.000000000000000000e+00,0.000000000000000000e+00
1.114000000000000057e+01,2.204000000000001513e+00,0.000000000000000000e+00,0.000000000000000000e+00
1.116000000000000014e+01,2.208000000000001517e+00,0.000000000000000000e+00,0.000000000000000000e+00
1.117999999999999972e+01,2.212000000000001521e+00,0.000000000000000000e+00,0.000000000000000000e+00
1.119999999999999929e+01,2.216000000000001524e+00,0.000000000000000000e+00,0.000000000000000000e+00
1.122000000000000064e+01,2.220000000000001528e+00,0.000000000000000000e+00,0.000000000000000000e+00
1.124000000000000021e+01,2.224000000000001531e+00,0.000000000000000000e+00,0.000000000000000000e+00
1.125999999999999979e+01,2.228000000000001535e+00,0.000000000000000000e+00,0.000000000000000000e+00
1.127999999999999936e+01,2.232000000000001538e+00,0.000000000000000000e+00,0.000000000000000000e+00
1.130000000000000071e+01,2.236000000000001542e+00,0.000000000000000000e+00,0.000000000000000000e+00
1.132000000000000028e+01,2.240000000000001545e+00,0.000000000000000000e+00,0.000000000000000000e+00
1.133999999999999986e+01,2.244000000000001549e+00,0.000000000000000000e+00,0.000000000000000000e+00
1.135999999999999943e+01,2.248000000000001553e+00,0.000000000000000000e+00,0.000000000000000000e+00
1.138000000000000078e+01,2.252000000000001556e+00,0.000000000000000000e+00,0.000000000000000000e+00
1.140000000000000036e+01,2.256000000000001560e+00,0.000000000000000000e+00,0.000000000000000000e+00
1.141999999999999993e+01,2.260000000000001563e+00,0.000000000000000000e+00,0.000000000000000000e+00
1.143999999999999950e+01,2.264000000000001567e+00,0.000000000000000000e+00,0.000000000000000000e+00
1.146000000000000085e+01,2.268000000000001570e+00,0.000000000000000000e+00,0.000000000000000000e+00
1.148000000000000043e+01,2.272000000000001574e+00,0.000000000000000000e+00,0.000000000000000000e+00
1.150000000000000000e+01,2.276000000000001577e+00,0.000000000000000000e+00,0.000000000000000000e+00
1.151999999999999957e+01,2.280000000000001581e+00,0.000000000000000000e+00,0.000000000000000000e+00
1.153999999999999915e+01,2.284000000000001585e+00,0.000000000000000000e+00,0.000000000000000000e+00
1.156000000000000050e+01,2.288000000000001588e+00,0.000000000000000000e+00,0.000000000000000000e+00
1.158000000000000007e+01,2.292000000000001592e+00,0.000000000000000000e+00,0.000000000000000000e+00
1.159999999999999964e+01,2.296000000000001595e+00,0.000000000000000000e+00,0.000000000000000000e+00
1.161999999999999922e+01,2.300000000000001599e+00,0.000000000000000000e+00,0.000000000000000000e+00
1.164000000000000057e+01,2.304000000000001602e+00,0.000000000000000000e+00,0.000000000000000000e+00
1.166000000000000014e+01,2.308000000000001606e+00,0.000000000000000000e+00,0.000000000000000000e+00
1.167999999999999972e+01,2.312000000000001609e+00,0.000000000000000000e+00,0.000000000000000000e+00
1.169999999999999929e+01,2.316000000000001613e+00,0.000000000000000000e+00,0.000000000000000000e+00
1.172000000000000064e+01,2.320000000000001616e+00,0.000000000000000000e+00,0.000000000000000000e+00
1.174000000000000021e+01,2.324000000000001620e+00,0.000000000000000000e+00,0.000000000000000000e+00
1.175999999999999979e+01,2.328000000000001624e+00,0.000000000000000000e+00,0.000000000000000000e+00
1.177999999999999936e+01,2.332000000000001627e+00,0.000000000000000000e+00,0.000000000000000000e+00
1.180000000000000071e+01,2.336000000000001631e+00,0.000000000000000000e+00,0.000000000000000000e+00
1.182000000000000028e+01,2.340000000000001634e+00,0.000000000000000000e+00,0.000000000000000000e+00
1.183999999999999986e+01,2.344000000000001638e+00,0.000000000000000000e+00,0.000000000000000000e+00
1.185999999999999943e+01,2.348000000000001641e+00,0.000000000000000000e+00,0.000000000000000000e+00
1.188000000000000078e+01,2.352000000000001645e+00,0.000000000000000000e+00,0.000000000000000000e+00
1.190000000000000036e+01,2.356000000000001648e+00,0.000000000000000000e+00,0.000000000000000000e+00
1.191999999999999993e+01,2.360000000000001652e+00,0.000000000000000000e+00,0.000000000000000000e+00
1.193999999999999950e+01,2.364000000000001656e+00,0.000000000000000000e+00,0.000000000000000000e+00
1.196000000000000085e+01,2.368000000000001659e+00,0.000000000000000000e+00,0.000000000000000000e+00
1.198000000000000043e+01,2.372000000000001663e+00,0.000000000000000000e+00,0.000000000000000000e+00
1.200000000000000000e+01,2.376000000000001666e+00,0.000000000000000000e+00,0.000000000000000000e+00
1.201999999999999957e+01,2.380000000000001670e+00,0.000000000000000000e+00,0.000000000000000000e+00
1.203999999999999915e+01,2.384000000000001673e+00,0.000000000000000000e+00,0.000000000000000000e+00
1.206000000000000050e+01,2.388000000000001677e+00,0.000000000000000000e+00,0.000000000000000000e+00
1.208000000000000007e+01,2.392000000000001680e+00,0.000000000000000000e+00,0.000000000000000000e+00
1.209999999999999964e+01,2.396000000000001684e+00,0.000000000000000000e+00,0.000000000000000000e+00
1.211999999999999922e+01,2.400000000000001688e+00,0.000000000000000000e+00,0.000000000000000000e+00
1.214000000000000057e+01,2.404000000000001691e+00,0.000000000000000000e+00,0.000000000000000000e+00
1.216000000000000014e+01,2.408000000000001695e+00,0.000000000000000000e+00,0.000000000000000000e+00
1.217999999999999972e+01,2.412000000000001698e+00,0.000000000000000000e+00,0.000000000000000000e+00
1.219999999999999929e+01,2.416000000000001702e+00,0.000000000000000000e+00,0.000000000000000000e+00
1.222000000000000064e+01,2.420000000000001705e+00,0.000000000000000000e+00,0.000000000000000000e+00
1.224000000000000021e+01,2.424000000000001709e+00,0.000000000000000000e+00,0.000000000000000000e+00
1.225999999999999979e+01,2.428000000000001712e+00,0.000000000000000000e+00,0.000000000000000000e+00
1.227999999999999936e+01,2.432000000000001716e+00,0.000000000000000000e+00,0.000000000000000000e+00
1.230000000000000071e+01,2.436000000000001720e+00,0.000000000000000000e+00,0.000000000000000000e+00
1.232000000000000028e+01,2.440000000000001723e+00,0.000000000000000000e+00,0.000000000000000000e+00
1.233999999999999986e+01,2.444000000000001727e+00,0.000000000000000000e+00,0.000000000000000000e+00
1.235999999999999943e+01,2.448000000000001730e+00,0.000000000000000000e+00,0.000000000000000000e+00
1.238000000000000078e+01,2.452000000000001734e+00,0.000000000000000000e+00,0.000000000000000000e+00
1.240000000000000036e+01,2.456000000000001737e+00,0.000000000000000000e+00,0.000000000000000000e+00
1.241999999999999993e+01,2.460000000000001741e+00,0.000000000000000000e+00,0.000000000000000000e+00
1.243999999999999950e+01,2.464000000000001744e+00,0.000000000000000000e+00,0.000000000000000000e+00
1.246000000000000085e+01,2.468000000000001748e+00,0.000000000000000000e+00,0.000000000000000000e+00
1.248000000000000043e+01,2.472000000000001751e+00,0.000000000000000000e+00,0.000000000000000000e+00
1.250000000000000000e+01,2.476000000000001755e+00,0.000000000000000000e+00,0.000000000000000000e+00
1.251999999999999957e+01,2.480000000000001759e+00,0.000000000000000000e+00,0.000000000000000000e+00
1.253999999999999915e+01,2.484000000000001762e+00,0.000000000000000000e+00,0.000000000000000000e+00
1.256000000000000050e+01,2.488000000000001766e+00,0.000000000000000000e+00,0.000000000000000000e+00
1.258000000000000007e+01,2.492000000000001769e+00,0.000000000000000000e+00,0.000000000000000000e+00
1.259999999999999964e+01,2.496000000000001773e+00,0.000000000000000000e+00,0.000000000000000000e+00
1.261999999999999922e+01,2.500000000000001776e+00,0.000000000000000000e+00,0.000000000000000000e+00
1.264000000000000057e+01,2.504000000000001780e+00,0.000000000000000000e+00,0.000000000000000000e+00
1.266000000000000014e+01,2.508000000000001783e+00,0.000000000000000000e+00,0.000000000000000000e+00
1.267999999999999972e+01,2.512000000000001787e+00,0.000000000000000000e+00,0.000000000000000000e+00
1.269999999999999929e+01,2.516000000000001791e+00,0.000000000000000000e+00,0.000000000000000000e+00
1.272000000000000064e+01,2.520000000000001794e+00,0.000000000000000000e+00,0.000000000000000000e+00
1.274000000000000021e+01,2.524000000000001798e+00,0.000000000000000000e+00,0.000000000000000000e+00
1.275999999999999979e+01,2.528000000000001801e+00,0.000000000000000000e+00,0.000000000000000000e+00
1.277999999999999936e+01,2.532000000000001805e+00,0.000000000000000000e+00,0.000000000000000000e+00
1.280000000000000071e+01,2.536000000000001808e+00,0.000000000000000000e+00,0.000000000000000000e+00
1.282000000000000028e+01,2.540000000000001812e+00,0.000000000000000000e+00,0.000000000000000000e+00
1.283999999999999986e+01,2.544000000000001815e+00,0.000000000000000000e+00,0.000000000000000000e+00
1.285999999999999943e+01,2.548000000000001819e+00,0.000000000000000000e+00,0.000000000000000000e+00
1.288000000000000078e+01,2.552000000000001823e+00,0.000000000000000000e+00,0.000000000000000000e+00
1.290000000000000036e+01,2.556000000000001826e+00,0.000000000000000000e+00,0.000000000000000000e+00
1.291999999999999993e+01,2.560000000000001830e+00,0.000000000000000000e+00,0.000000000000000000e+00
1.293999999999999950e+01,2.564000000000001833e+00,0.000000000000000000e+00,0.000000000000000000e+00
1.296000000000000085e+01,2.568000000000001837e+00,0.000000000000000000e+00,0.000000000000000000e+00
1.298000000000000043e+01,2.572000000000001840e+00,0.000000000000000000e+00,0.000000000000000000e+00
1.300000000000000000e+01,2.576000000000001844e+00,0.000000000000000000e+00,0.000000000000000000e+00
1.301999999999999957e+01,2.580000000000001847e+00,0.000000000000000000e+00,0.000000000000000000e+00
1.303999999999999915e+01,2.584000000000001851e+00,0.000000000000000000e+00,0.000000000000000000e+00
1.306000000000000050e+01,2.588000000000001855e+00,0.000000000000000000e+00,0.000000000000000000e+00
1.308000000000000007e+01,2.592000000000001858e+00,0.000000000000000000e+00,0.000000000000000000e+00
1.309999999999999964e+01,2.596000000000001862e+00,0.000000000000000000e+00,0.000000000000000000e+00
1.311999999999999922e+01,2.600000000000001865e+00,0.000000000000000000e+00,0.000000000000000000e+00
1.314000000000000057e+01,2.604000000000001869e+00,0.000000000000000000e+00,0.000000000000000000e+00
1.316000000000000014e+01,2.608000000000001872e+00,0.000000000000000000e+00,0.000000000000000000e+00
1.317999999999999972e+01,2.612000000000001876e+00,0.000000000000000000e+00,0.000000000000000000e+00
1.319999999999999929e+01,2.616000000000001879e+00,0.000000000000000000e+00,0.000000000000000000e+00
1.322000000000000064e+01,2.620000000000001883e+00,0.000000000000000000e+00,0.000000000000000000e+00
1.324000000000000021e+01,2.624000000000001886e+00,0.000000000000000000e+00,0.000000000000000000e+00
1.325999999999999979e+01,2.628000000000001890e+00,0.000000000000000000e+00,0.000000000000000000e+00
1.327999999999999936e+01,2.632000000000001894e+00,0.000000000000000000e+00,0.000000000000000000e+00
1.330000000000000071e+01,2.636000000000001897e+00,0.000000000000000000e+00,0.000000000000000000e+00
1.332000000000000028e+01,2.640000000000001901e+00,0.000000000000000000e+00,0.000000000000000000e+00
1.333999999999999986e+01,2.644000000000001904e+00,0.000000000000000000e+00,0.000000000000000000e+00
1.335999999999999943e+01,2.648000000000001908e+00,0.000000000000000000e+00,0.000000000000000000e+00
1.338000000000000078e+01,2.652000000000001911e+00,0.000000000000000000e+00,0.000000000000000000e+00
1.340000000000000036e+01,2.656000000000001915e+00,0.000000000000000000e+00,0.000000000000000000e+00
1.341999999999999993e+01,2.660000000000001918e+00,0.000000000000000000e+00,0.000000000000000000e+00
1.343999999999999950e+01,2.664000000000001922e+00,0.000000000000000000e+00,0.000000000000000000e+00
1.346000000000000085e+01,2.668000000000001926e+00,0.000000000000000000e+00,0.000000000000000000e+00
1.348000000000000043e+01,2.672000000000001929e+00,0.000000000000000000e+00,0.000000000000000000e+00
1.350000000000000000e+01,2.676000000000001933e+00,0.000000000000000000e+00,0.000000000000000000e+00
1.351999999999999957e+01,2.680000000000001936e+00,0.000000000000000000e+00,0.000000000000000000e+00
1.353999999999999915e+01,2.684000000000001940e+00,0.000000000000000000e+00,0.000000000000000000e+00
1.356000000000000050e+01,2.688000000000001943e+00,0.000000000000000000e+00,0.000000000000000000e+00
1.358000000000000007e+01,2.692000000000001947e+00,0.000000000000000000e+00,0.000000000000000000e+00
1.359999999999999964e+01,2.696000000000001950e+00,0.000000000000000000e+00,0.000000000000000000e+00
1.361999999999999922e+01,2.700000000000001954e+00,0.000000000000000000e+00,0.000000000000000000e+00
1.364000000000000057e+01,2.704000000000001958e+00,0.000000000000000000e+00,0.000000000000000000e+00
1.366000000000000014e+01,2.708000000000001961e+00,0.000000000000000000e+00,0.000000000000000000e+00
1.367999999999999972e+01,2.712000000000001965e+00,0.000000000000000000e+00,0.000000000000000000e+00
1.369999999999999929e+01,2.716000000000001968e+00,0.000000000000000000e+00,0.000000000000000000e+00
1.372000000000000064e+01,2.720000000000001972e+00,0.000000000000000000e+00,0.000000000000000000e+00
1.374000000000000021e+01,2.724000000000001975e+00,0.000000000000000000e+00,0.000000000000000000e+00
1.375999999999999979e+01,2.728000000000001979e+00,0.000000000000000000e+00,0.000000000000000000e+00
1.377999999999999936e+01,2.732000000000001982e+00,0.000000000000000000e+00,0.000000000000000000e+00
1.380000000000000071e+01,2.736000000000001986e+00,0.000000000000000000e+00,0.000000000000000000e+00
1.382000000000000028e+01,2.740000000000001990e+00,0.000000000000000000e+00,0.000000000000000000e+00
1.383999999999999986e+01,2.744000000000001993e+00,0.000000000000000000e+00,0.000000000000000000e+00
1.385999999999999943e+01,2.748000000000001997e+00,0.000000000000000000e+00,0.000000000000000000e+00
1.388000000000000078e+01,2.752000000000002000e+00,0.000000000000000000e+00,0.000000000000000000e+00
1.390000000000000036e+01,2.756000000000002004e+00,0.000000000000000000e+00,0.000000000000000000e+00
1.391999999999999993e+01,2.760000000000002007e+00,0.000000000000000000e+00,0.000000000000000000e+00
1.393999999999999950e+01,2.764000000000002011e+00,0.000000000000000000e+00,0.000000000000000000e+00
1.396000000000000085e+01,2.768000000000002014e+00,0.000000000000000000e+00,0.000000000000000000e+00
1.398000000000000043e+01,2.772000000000002018e+00,0.000000000000000000e+00,0.000000000000000000e+00
1.400000000000000000e+01,2.776000000000002021e+00,0.000000000000000000e+00,0.000000000000000000e+00
1.401999999999999957e+01,2.780000000000002025e+00,0.000000000000000000e+00,0.000000000000000000e+00
1.403999999999999915e+01,2.784000000000002029e+00,0.000000000000000000e+00,0.000000000000000000e+00
1.406000000000000050e+01,2.788000000000002032e+00,0.000000000000000000e+00,0.000000000000000000e+00
1.408000000000000007e+01,2.792000000000002036e+00,0.000000000000000000e+00,0.000000000000000000e+00
1.409999999999999964e+01,2.796000000000002039e+00,0.000000000000000000e+00,0.000000000000000000e+00
1.411999999999999922e+01,2.800000000000002043e+00,0.000000000000000000e+00,0.000000000000000000e+00
1.414000000000000057e+01,2.804000000000002046e+00,0.000000000000000000e+00,0.000000000000000000e+00
1.416000000000000014e+01,2.808000000000002050e+00,0.000000000000000000e+00,0.000000000000000000e+00
1.417999999999999972e+01,2.812000000000002053e+00,0.000000000000000000e+00,0.000000000000000000e+00
1.419999999999999929e+01,2.816000000000002057e+00,0.000000000000000000e+00,0.000000000000000000e+00
1.422000000000000064e+01,2.820000000000002061e+00,0.000000000000000000e+00,0.000000000000000000e+00
1.424000000000000021e+01,2.824000000000002064e+00,0.000000000000000000e+00,0.000000000000000000e+00
1.425999999999999979e+01,2.828000000000002068e+00,0.000000000000000000e+00,0.000000000000000000e+00
1.427999999999999936e+01,2.832000000000002071e+00,0.000000000000000000e+00,0.000000000000000000e+00
1.430000000000000071e+01,2.836000000000002075e+00,0.000000000000000000e+00,0.000000000000000000e+00
1.432000000000000028e+01,2.840000000000002078e+00,0.000000000000000000e+00,0.000000000000000000e+00
1.433999999999999986e+01,2.844000000000002082e+00,0.000000000000000000e+00,0.000000000000000000e+00
1.435999999999999943e+01,2.848000000000002085e+00,0.000000000000000000e+00,0.000000000000000000e+00
1.438000000000000078e+01,2.852000000000002089e+00,0.000000000000000000e+00,0.000000000000000000e+00
1.440000000000000036e+01,2.856000000000002093e+00,0.000000000000000000e+00,0.000000000000000000e+00
1.441999999999999993e+01,2.860000000000002096e+00,0.000000000000000000e+00,0.000000000000000000e+00
1.443999999999999950e+01,2.864000000000002100e+00,0.000000000000000000e+00,0.000000000000000000e+00
1.446000000000000085e+01,2.868000000000002103e+00,0.000000000000000000e+00,0.000000000000000000e+00
1.448000000000000043e+01,2.872000000000002107e+00,0.000000000000000000e+00,0.000000000000000000e+00
1.450000000000000000e+01,2.876000000000002110e+00,0.000000000000000000e+00,0.000000000000000000e+00
1.451999999999999957e+01,2.880000000000002114e+00,0.000000000000000000e+00,0.000000000000000000e+00
1.453999999999999915e+01,2.884000000000002117e+00,0.000000000000000000e+00,0.000000000000000000e+00
1.456000000000000050e+01,2.888000000000002121e+00,0.000000000000000000e+00,0.000000000000000000e+00
1.458000000000000007e+01,2.892000000000002125e+00,0.000000000000000000e+00,0.000000000000000000e+00
1.459999999999999964e+01,2.896000000000002128e+00,0.000000000000000000e+00,0.000000000000000000e+00
1.461999999999999922e+01,2.900000000000002132e+00,0.000000000000000000e+00,0.000000000000000000e+00
1.464000000000000057e+01,2.904000000000002135e+00,0.000000000000000000e+00,0.000000000000000000e+00
1.466000000000000014e+01,2.908000000000002139e+00,0.000000000000000000e+00,0.000000000000000000e+00
1.467999999999999972e+01,2.912000000000002142e+00,0.000000000000000000e+00,0.000000000000000000e+00
1.469999999999999929e+01,2.916000000000002146e+00,0.000000000000000000e+00,0.000000000000000000e+00
1.472000000000000064e+01,2.920000000000002149e+00,0.000000000000000000e+00,0.000000000000000000e+00
1.474000000000000021e+01,2.924000000000002153e+00,0.000000000000000000e+00,0.000000000000000000e+00
1.475999999999999979e+01,2.928000000000002156e+00,0.000000000000000000e+00,0.000000000000000000e+00
1.477999999999999936e+01,2.932000000000002160e+00,0.000000000000000000e+00,0.000000000000000000e+00
1.480000000000000071e+01,2.936000000000002164e+00,0.000000000000000000e+00,0.000000000000000000e+00
1.482000000000000028e+01,2.940000000000002167e+00,0.000000000000000000e+00,0.000000000000000000e+00
1.483999999999999986e+01,2.944000000000002171e+00,0.000000000000000000e+00,0.000000000000000000e+00
1.485999999999999943e+01,2.948000000000002174e+00,0.000000000000000000e+00,0.000000000000000000e+00
1.488000000000000078e+01,2.952000000000002178e+00,0.000000000000000000e+00,0.000000000000000000e+00
1.490000000000000036e+01,2.956000000000002181e+00,0.000000000000000000e+00,0.000000000000000000e+00
1.491999999999999993e+01,2.960000000000002185e+00,0.000000000000000000e+00,0.000000000000000000e+00
1.493999999999999950e+01,2.964000000000002188e+00,0.000000000000000000e+00,0.000000000000000000e+00
1.496000000000000085e+01,2.968000000000002192e+00,0.000000000000000000e+00,0.000000000000000000e+00
1.498000000000000043e+01,2.972000000000002196e+00,0.000000000000000000e+00,0.000000000000000000e+00
1.500000000000000000e+01,2.976000000000002199e+00,0.000000000000000000e+00,0.000000000000000000e+00
1.501999999999999957e+01,2.980000000000002203e+00,0.000000000000000000e+00,0.000000000000000000e+00
1.503999999999999915e+01,2.984000000000002206e+00,0.000000000000000000e+00,0.000000000000000000e+00
1.506000000000000050e+01,2.988000000000002210e+00,0.000000000000000000e+00,0.000000000000000000e+00
1.508000000000000007e+01,2.992000000000002213e+00,0.000000000000000000e+00,0.000000000000000000e+00
1.509999999999999964e+01,2.996000000000002217e+00,0.000000000000000000e+00,0.000000000000000000e+00
1.511999999999999922e+01,3.000000000000002220e+00,0.000000000000000000e+00,0.000000000000000000e+00
1.514000000000000057e+01,3.004000000000002224e+00,0.000000000000000000e+00,0.000000000000000000e+00
1.516000000000000014e+01,3.008000000000002228e+00,0.000000000000000000e+00,0.000000000000000000e+00
1.517999999999999972e+01,3.012000000000002231e+00,0.000000000000000000e+00,0.000000000000000000e+00
1.519999999999999929e+01,3.016000000000002235e+00,0.000000000000000000e+00,0.000000000000000000e+00
1.522000000000000064e+01,3.020000000000002238e+00,0.000000000000000000e+00,0.000000000000000000e+00
1.524000000000000021e+01,3.024000000000002242e+00,0.000000000000000000e+00,0.000000000000000000e+00
1.525999999999999979e+01,3.028000000000002245e+00,0.000000000000000000e+00,0.000000000000000000e+00
1.527999999999999936e+01,3.032000000000002249e+00,0.000000000000000000e+00,0.000000000000000000e+00
1.530000000000000071e+01,3.036000000000002252e+00,0.000000000000000000e+00,0.000000000000000000e+00
1.532000000000000028e+01,3.040000000000002256e+00,0.000000000000000000e+00,0.000000000000000000e+00
1.533999999999999986e+01,3.044000000000002260e+00,0.000000000000000000e+00,0.000000000000000000e+00
1.535999999999999943e+01,3.048000000000002263e+00,0.000000000000000000e+00,0.000000000000000000e+00
1.538000000000000078e+01,3.052000000000002267e+00,0.000000000000000000e+00,0.000000000000000000e+00
1.540000000000000036e+01,3.056000000000002270e+00,0.000000000000000000e+00,0.000000000000000000e+00
1.541999999999999993e+01,3.060000000000002274e+00,0.000000000000000000e+00,0.000000000000000000e+00
1.543999999999999950e+01,3.064000000000002277e+00,0.000000000000000000e+00,0.000000000000000000e+00
1.546000000000000085e+01,3.068000000000002281e+00,0.000000000000000000e+00,0.000000000000000000e+00
1.548000000000000043e+01,3.072000000000002284e+00,0.000000000000000000e+00,0.000000000000000000e+00
1.550000000000000000e+01,3.076000000000002288e+00,0.000000000000000000e+00,0.000000000000000000e+00
1.551999999999999957e+01,3.080000000000002292e+00,0.000000000000000000e+00,0.000000000000000000e+00
1.553999999999999915e+01,3.084000000000002295e+00,0.000000000000000000e+00,0.000000000000000000e+00
1.556000000000000050e+01,3.088000000000002299e+00,0.000000000000000000e+00,0.000000000000000000e+00
1.558000000000000007e+01,3.092000000000002302e+00,0.000000000000000000e+00,0.000000000000000000e+00
1.559999999999999964e+01,3.096000000000002306e+00,0.000000000000000000e+00,0.000000000000000000e+00
1.561999999999999922e+01,3.100000000000002309e+00,0.000000000000000000e+00,0.000000000000000000e+00
1.564000000000000057e+01,3.104000000000002313e+00,0.000000000000000000e+00,0.000000000000000000e+00
1.566000000000000014e+01,3.108000000000002316e+00,0.000000000000000000e+00,0.000000000000000000e+00
1.567999999999999972e+01,3.112000000000002320e+00,0.000000000000000000e+00,0.000000000000000000e+00
1.569999999999999929e+01,3.116000000000002323e+00,0.000000000000000000e+00,0.000000000000000000e+00
1.572000000000000064e+01,3.120000000000002327e+00,0.000000000000000000e+00,0.000000000000000000e+00
1.574000000000000021e+01,3.124000000000002331e+00,0.000000000000000000e+00,0.000000000000000000e+00
1.575999999999999979e+01,3.128000000000002334e+00,0.000000000000000000e+00,0.000000000000000000e+00
1.577999999999999936e+01,3.132000000000002338e+00,0.000000000000000000e+00,0.000000000000000000e+00
1.580000000000000071e+01,3.136000000000002341e+00,0.000000000000000000e+00,0.000000000000000000e+00
1.582000000000000028e+01,3.140000000000002345e+00,0.000000000000000000e+00,0.000000000000000000e+00
1.583999999999999986e+01,3.144000000000002348e+00,0.000000000000000000e+00,0.000000000000000000e+00
1.585999999999999943e+01,3.148000000000002352e+00,0.000000000000000000e+00,0.000000000000000000e+00
1.588000000000000078e+01,3.152000000000002355e+00,0.000000000000000000e+00,0.000000000000000000e+00
1.590000000000000036e+01,3.156000000000002359e+00,0.000000000000000000e+00,0.000000000000000000e+00
1.591999999999999993e+01,3.160000000000002363e+00,0.000000000000000000e+00,0.000000000000000000e+00
1.593999999999999950e+01,3.164000000000002366e+00,0.000000000000000000e+00,0.000000000000000000e+00
1.596000000000000085e+01,3.168000000000002370e+00,0.000000000000000000e+00,0.000000000000000000e+00
1.598000000000000043e+01,3.172000000000002373e+00,0.000000000000000000e+00,0.000000000000000000e+00
1.600000000000000000e+01,3.176000000000002377e+00,0.000000000000000000e+00,0.000000000000000000e+00
1.601999999999999957e+01,3.180000000000002380e+00,0.000000000000000000e+00,0.000000000000000000e+00
1.603999999999999915e+01,3.184000000000002384e+00,0.000000000000000000e+00,0.000000000000000000e+00
1.605999999999999872e+01,3.188000000000002387e+00,0.000000000000000000e+00,0.000000000000000000e+00
1.607999999999999829e+01,3.192000000000002391e+00,0.000000000000000000e+00,0.000000000000000000e+00
1.610000000000000142e+01,3.196000000000002395e+00,0.000000000000000000e+00,0.000000000000000000e+00
1.612000000000000099e+01,3.200000000000002398e+00,0.000000000000000000e+00,0.000000000000000000e+00
1.614000000000000057e+01,3.204000000000002402e+00,0.000000000000000000e+00,0.000000000000000000e+00
1.616000000000000014e+01,3.208000000000002405e+00,0.000000000000000000e+00,0.000000000000000000e+00
1.617999999999999972e+01,3.212000000000002409e+00,0.000000000000000000e+00,0.000000000000000000e+00
1.619999999999999929e+01,3.216000000000002412e+00,0.000000000000000000e+00,0.000000000000000000e+00
1.621999999999999886e+01,3.220000000000002416e+00,0.000000000000000000e+00,0.000000000000000000e+00
1.623999999999999844e+01,3.224000000000002419e+00,0.000000000000000000e+00,0.000000000000000000e+00
1.626000000000000156e+01,3.228000000000002423e+00,0.000000000000000000e+00,0.000000000000000000e+00
1.628000000000000114e+01,3.232000000000002427e+00,0.000000000000000000e+00,0.000000000000000000e+00
1.630000000000000071e+01,3.236000000000002430e+00,0.000000000000000000e+00,0.000000000000000000e+00
1.632000000000000028e+01,3.240000000000002434e+00,0.000000000000000000e+00,0.000000000000000000e+00
1.633999999999999986e+01,3.244000000000002437e+00,0.000000000000000000e+00,0.000000000000000000e+00
1.635999999999999943e+01,3.248000000000002441e+00,0.000000000000000000e+00,0.000000000000000000e+00
1.637999999999999901e+01,3.252000000000002444e+00,0.000000000000000000e+00,0.000000000000000000e+00
1.639999999999999858e+01,3.256000000000002448e+00,0.000000000000000000e+00,0.000000000000000000e+00
1.642000000000000171e+01,3.260000000000002451e+00,0.000000000000000000e+00,0.000000000000000000e+00
1.644000000000000128e+01,3.264000000000002455e+00,0.000000000000000000e+00,0.000000000000000000e+00
1.646000000000000085e+01,3.268000000000002458e+00,0.000000000000000000e+00,0.000000000000000000e+00
1.648000000000000043e+01,3.272000000000002462e+00,0.000000000000000000e+00,0.000000000000000000e+00
1.650000000000000000e+01,3.276000000000002466e+00,0.000000000000000000e+00,0.000000000000000000e+00
1.651999999999999957e+01,3.280000000000002469e+00,0.000000000000000000e+00,0.000000000000000000e+00
1.653999999999999915e+01,3.284000000000002473e+00,0.000000000000000000e+00,0.000000000000000000e+00
1.655999999999999872e+01,3.288000000000002476e+00,0.000000000000000000e+00,0.000000000000000000e+00
1.657999999999999829e+01,3.292000000000002480e+00,0.000000000000000000e+00,0.000000000000000000e+00
1.660000000000000142e+01,3.296000000000002483e+00,0.000000000000000000e+00,0.000000000000000000e+00
1.662000000000000099e+01,3.300000000000002487e+00,0.000000000000000000e+00,0.000000000000000000e+00
1.664000000000000057e+01,3.304000000000002490e+00,0.000000000000000000e+00,0.000000000000000000e+00
1.666000000000000014e+01,3.308000000000002494e+00,0.000000000000000000e+00,0.000000000000000000e+00
1.667999999999999972e+01,3.312000000000002498e+00,0.000000000000000000e+00,0.000000000000000000e+00
1.669999999999999929e+01,3.316000000000002501e+00,0.000000000000000000e+00,0.000000000000000000e+00
1.671999999999999886e+01,3.320000000000002505e+00,0.000000000000000000e+00,0.000000000000000000e+00
1.673999999999999844e+01,3.324000000000002508e+00,0.000000000000000000e+00,0.000000000000000000e+00
1.676000000000000156e+01,3.328000000000002512e+00,0.000000000000000000e+00,0.000000000000000000e+00
1.678000000000000114e+01,3.332000000000002515e+00,0.000000000000000000e+00,0.000000000000000000e+00
1.680000000000000071e+01,3.336000000000002519e+00,0.000000000000000000e+00,0.000000000000000000e+00
1.682000000000000028e+01,3.340000000000002522e+00,0.000000000000000000e+00,0.000000000000000000e+00
1.683999999999999986e+01,3.344000000000002526e+00,0.000000000000000000e+00,0.000000000000000000e+00
1.685999999999999943e+01,3.348000000000002530e+00,0.000000000000000000e+00,0.000000000000000000e+00
1.687999999999999901e+01,3.352000000000002533e+00,0.000000000000000000e+00,0.000000000000000000e+00
1.689999999999999858e+01,3.356000000000002537e+00,0.000000000000000000e+00,0.000000000000000000e+00
1.692000000000000171e+01,3.360000000000002540e+00,0.000000000000000000e+00,0.000000000000000000e+00
1.694000000000000128e+01,3.364000000000002544e+00,0.000000000000000000e+00,0.000000000000000000e+00
1.696000000000000085e+01,3.368000000000002547e+00,0.000000000000000000e+00,0.000000000000000000e+00
1.698000000000000043e+01,3.372000000000002551e+00,0.000000000000000000e+00,0.000000000000000000e+00
1.700000000000000000e+01,3.376000000000002554e+00,0.000000000000000000e+00,0.000000000000000000e+00
1.701999999999999957e+01,3.380000000000002558e+00,0.000000000000000000e+00,0.000000000000000000e+00
1.703999999999999915e+01,3.384000000000002562e+00,0.000000000000000000e+00,0.000000000000000000e+00
1.705999999999999872e+01,3.388000000000002565e+00,0.000000000000000000e+00,0.000000000000000000e+00
1.707999999999999829e+01,3.392000000000002569e+00,0.000000000000000000e+00,0.000000000000000000e+00
1.710000000000000142e+01,3.396000000000002572e+00,0.000000000000000000e+00,0.000000000000000000e+00
1.712000000000000099e+01,3.400000000000002576e+00,0.000000000000000000e+00,0.000000000000000000e+00
1.714000000000000057e+01,3.404000000000002579e+00,0.000000000000000000e+00,0.000000000000000000e+00
1.716000000000000014e+01,3.408000000000002583e+00,0.000000000000000000e+00,0.000000000000000000e+00
1.717999999999999972e+01,3.412000000000002586e+00,0.000000000000000000e+00,0.000000000000000000e+00
1.719999999999999929e+01,3.416000000000002590e+00,0.000000000000000000e+00,0.000000000000000000e+00
1.721999999999999886e+01,3.420000000000002593e+00,0.000000000000000000e+00,0.000000000000000000e+00
1.723999999999999844e+01,3.424000000000002597e+00,0.000000000000000000e+00,0.000000000000000000e+00
1.726000000000000156e+01,3.428000000000002601e+00,0.000000000000000000e+00,0.000000000000000000e+00
1.728000000000000114e+01,3.432000000000002604e+00,0.000000000000000000e+00,0.000000000000000000e+00
1.730000000000000071e+01,3.436000000000002608e+00,0.000000000000000000e+00,0.000000000000000000e+00
1.732000000000000028e+01,3.440000000000002611e+00,0.000000000000000000e+00,0.000000000000000000e+00
1.733999999999999986e+01,3.444000000000002615e+00,0.000000000000000000e+00,0.000000000000000000e+00
1.735999999999999943e+01,3.448000000000002618e+00,0.000000000000000000e+00,0.000000000000000000e+00
1.737999999999999901e+01,3.452000000000002622e+00,0.000000000000000000e+00,0.000000000000000000e+00
1.739999999999999858e+01,3.456000000000002625e+00,0.000000000000000000e+00,0.000000000000000000e+00
1.742000000000000171e+01,3.460000000000002629e+00,0.000000000000000000e+00,0.000000000000000000e+00
1.744000000000000128e+01,3.464000000000002633e+00,0.000000000000000000e+00,0.000000000000000000e+00
1.746000000000000085e+01,3.468000000000002636e+00,0.000000000000000000e+00,0.000000000000000000e+00
1.748000000000000043e+01,3.472000000000002640e+00,0.000000000000000000e+00,0.000000000000000000e+00
1.750000000000000000e+01,3.476000000000002643e+00,0.000000000000000000e+00,0.000000000000000000e+00
1.751999999999999957e+01,3.480000000000002647e+00,0.000000000000000000e+00,0.000000000000000000e+00
1.753999999999999915e+01,3.484000000000002650e+00,0.000000000000000000e+00,0.000000000000000000e+00
1.755999999999999872e+01,3.488000000000002654e+00,0.000000000000000000e+00,0.000000000000000000e+00
1.757999999999999829e+01,3.492000000000002657e+00,0.000000000000000000e+00,0.000000000000000000e+00
1.760000000000000142e+01,3.496000000000002661e+00,0.000000000000000000e+00,0.000000000000000000e+00
1.762000000000000099e+01,3.500000000000002665e+00,0.000000000000000000e+00,0.000000000000000000e+00
1.764000000000000057e+01,3.504000000000002668e+00,0.000000000000000000e+00,0.000000000000000000e+00
1.766000000000000014e+01,3.508000000000002672e+00,0.000000000000000000e+00,0.000000000000000000e+00
1.767999999999999972e+01,3.512000000000002675e+00,0.000000000000000000e+00,0.000000000000000000e+00
1.769999999999999929e+01,3.516000000000002679e+00,0.000000000000000000e+00,0.000000000000000000e+00
1.771999999999999886e+01,3.520000000000002682e+00,0.000000000000000000e+00,0.000000000000000000e+00
1.773999999999999844e+01,3.524000000000002686e+00,0.000000000000000000e+00,0.000000000000000000e+00
1.776000000000000156e+01,3.528000000000002689e+00,0.000000000000000000e+00,0.000000000000000000e+00
1.778000000000000114e+01,3.532000000000002693e+00,0.000000000000000000e+00,0.000000000000000000e+00
1.780000000000000071e+01,3.536000000000002697e+00,0.000000000000000000e+00,0.000000000000000000e+00
1.782000000000000028e+01,3.540000000000002700e+00,0.000000000000000000e+00,0.000000000000000000e+00
1.783999999999999986e+01,3.544000000000002704e+00,0.000000000000000000e+00,0.000000000000000000e+00
1.785999999999999943e+01,3.548000000000002707e+00,0.000000000000000000e+00,0.000000000000000000e+00
1.787999999999999901e+01,3.552000000000002711e+00,0.000000000000000000e+00,0.000000000000000000e+00
1.789999999999999858e+01,3.556000000000002714e+00,0.000000000000000000e+00,0.000000000000000000e+00
1.792000000000000171e+01,3.560000000000002718e+00,0.000000000000000000e+00,0.000000000000000000e+00
1.794000000000000128e+01,3.564000000000002721e+00,0.000000000000000000e+00,0.000000000000000000e+00
1.796000000000000085e+01,3.568000000000002725e+00,0.000000000000000000e+00,0.000000000000000000e+00
1.798000000000000043e+01,3.572000000000002728e+00,0.000000000000000000e+00,0.000000000000000000e+00
1.800000000000000000e+01,3.576000000000002732e+00,0.000000000000000000e+00,0.000000000000000000e+00
1.801999999999999957e+01,3.580000000000002736e+00,0.000000000000000000e+00,0.000000000000000000e+00
1.803999999999999915e+01,3.584000000000002739e+00,0.000000000000000000e+00,0.000000000000000000e+00
1.805999999999999872e+01,3.588000000000002743e+00,0.000000000000000000e+00,0.000000000000000000e+00
1.807999999999999829e+01,3.592000000000002746e+00,0.000000000000000000e+00,0.000000000000000000e+00
1.810000000000000142e+01,3.596000000000002750e+00,0.000000000000000000e+00,0.000000000000000000e+00
1.812000000000000099e+01,3.600000000000002753e+00,0.000000000000000000e+00,0.000000000000000000e+00
1.814000000000000057e+01,3.604000000000002757e+00,0.000000000000000000e+00,0.000000000000000000e+00
1.816000000000000014e+01,3.608000000000002760e+00,0.000000000000000000e+00,0.000000000000000000e+00
1.817999999999999972e+01,3.612000000000002764e+00,0.000000000000000000e+00,0.000000000000000000e+00
1.819999999999999929e+01,3.616000000000002768e+00,0.000000000000000000e+00,0.000000000000000000e+00
1.821999999999999886e+01,3.620000000000002771e+00,0.000000000000000000e+00,0.000000000000000000e+00
1.823999999999999844e+01,3.624000000000002775e+00,0.000000000000000000e+00,0.000000000000000000e+00
1.826000000000000156e+01,3.628000000000002778e+00,0.000000000000000000e+00,0.000000000000000000e+00
1.828000000000000114e+01,3.632000000000002782e+00,0.000000000000000000e+00,0.000000000000000000e+00
1.830000000000000071e+01,3.636000000000002785e+00,0.000000000000000000e+00,0.000000000000000000e+00
1.832000000000000028e+01,3.640000000000002789e+00,0.000000000000000000e+00,0.000000000000000000e+00
1.833999999999999986e+01,3.644000000000002792e+00,0.000000000000000000e+00,0.000000000000000000e+00
1.835999999999999943e+01,3.648000000000002796e+00,0.000000000000000000e+00,0.000000000000000000e+00
1.837999999999999901e+01,3.652000000000002800e+00,0.000000000000000000e+00,0.000000000000000000e+00
1.839999999999999858e+01,3.656000000000002803e+00,0.000000000000000000e+00,0.000000000000000000e+00
1.842000000000000171e+01,3.660000000000002807e+00,0.000000000000000000e+00,0.000000000000000000e+00
1.844000000000000128e+01,3.664000000000002810e+00,0.000000000000000000e+00,0.000000000000000000e+00
1.846000000000000085e+01,3.668000000000002814e+00,0.000000000000000000e+00,0.000000000000000000e+00
1.848000000000000043e+01,3.672000000000002817e+00,0.000000000000000000e+00,0.000000000000000000e+00
1.850000000000000000e+01,3.676000000000002821e+00,0.000000000000000000e+00,0.000000000000000000e+00
1.851999999999999957e+01,3.680000000000002824e+00,0.000000000000000000e+00,0.000000000000000000e+00
1.853999999999999915e+01,3.684000000000002828e+00,0.000000000000000000e+00,0.000000000000000000e+00
1.855999999999999872e+01,3.688000000000002832e+00,0.000000000000000000e+00,0.000000000000000000e+00
1.857999999999999829e+01,3.692000000000002835e+00,0.000000000000000000e+00,0.000000000000000000e+00
1.860000000000000142e+01,3.696000000000002839e+00,0.000000000000000000e+00,0.000000000000000000e+00
1.862000000000000099e+01,3.700000000000002842e+00,0.000000000000000000e+00,0.000000000000000000e+00
1.864000000000000057e+01,3.704000000000002846e+00,0.000000000000000000e+00,0.000000000000000000e+00
1.866000000000000014e+01,3.708000000000002849e+00,0.000000000000000000e+00,0.000000000000000000e+00
1.867999999999999972e+01,3.712000000000002853e+00,0.000000000000000000e+00,0.000000000000000000e+00
1.869999999999999929e+01,3.716000000000002856e+00,0.000000000000000000e+00,0.000000000000000000e+00
1.871999999999999886e+01,3.720000000000002860e+00,0.000000000000000000e+00,0.000000000000000000e+00
1.873999999999999844e+01,3.724000000000002863e+00,0.000000000000000000e+00,0.000000000000000000e+00
1.876000000000000156e+01,3.728000000000002867e+00,0.000000000000000000e+00,0.000000000000000000e+00
1.878000000000000114e+01,3.732000000000002871e+00,0.000000000000000000e+00,0.000000000000000000e+00
1.880000000000000071e+01,3.736000000000002874e+00,0.000000000000000000e+00,0.000000000000000000e+00
1.882000000000000028e+01,3.740000000000002878e+00,0.000000000000000000e+00,0.000000000000000000e+00
1.883999999999999986e+01,3.744000000000002881e+00,0.000000000000000000e+00,0.000000000000000000e+00
1.885999999999999943e+01,3.748000000000002885e+00,0.000000000000000000e+00,0.000000000000000000e+00
1.887999999999999901e+01,3.752000000000002888e+00,0.000000000000000000e+00,0.000000000000000000e+00
1.889999999999999858e+01,3.756000000000002892e+00,0.000000000000000000e+00,0.000000000000000000e+00
1.892000000000000171e+01,3.760000000000002895e+00,0.000000000000000000e+00,0.000000000000000000e+00
1.894000000000000128e+01,3.764000000000002899e+00,0.000000000000000000e+00,0.000000000000000000e+00
1.896000000000000085e+01,3.768000000000002903e+00,0.000000000000000000e+00,0.000000000000000000e+00
1.898000000000000043e+01,3.772000000000002906e+00,0.000000000000000000e+00,0.000000000000000000e+00
1.900000000000000000e+01,3.776000000000002910e+00,0.000000000000000000e+00,0.000000000000000000e+00
1.901999999999999957e+01,3.780000000000002913e+00,0.000000000000000000e+00,0.000000000000000000e+00
1.903999999999999915e+01,3.784000000000002917e+00,0.000000000000000000e+00,0.000000000000000000e+00
1.905999999999999872e+01,3.788000000000002920e+00,0.000000000000000000e+00,0.000000000000000000e+00
1.907999999999999829e+01,3.792000000000002924e+00,0.000000000000000000e+00,0.000000000000000000e+00
1.910000000000000142e+01,3.796000000000002927e+00,0.000000000000000000e+00,0.000000000000000000e+00
1.912000000000000099e+01,3.800000000000002931e+00,0.000000000000000000e+00,0.000000000000000000e+00
1.914000000000000057e+01,3.804000000000002935e+00,0.000000000000000000e+00,0.000000000000000000e+00
1.916000000000000014e+01,3.808000000000002938e+00,0.000000000000000000e+00,0.000000000000000000e+00
1.917999999999999972e+01,3.812000000000002942e+00,0.000000000000000000e+00,0.000000000000000000e+00
1.919999999999999929e+01,3.816000000000002945e+00,0.000000000000000000e+00,0.000000000000000000e+00
1.921999999999999886e+01,3.820000000000002949e+00,0.000000000000000000e+00,0.000000000000000000e+00
1.923999999999999844e+01,3.824000000000002952e+00,0.000000000000000000e+00,0.000000000000000000e+00
1.926000000000000156e+01,3.828000000000002956e+00,0.000000000000000000e+00,0.000000000000000000e+00
1.928000000000000114e+01,3.832000000000002959e+00,0.000000000000000000e+00,0.000000000000000000e+00
1.930000000000000071e+01,3.836000000000002963e+00,0.000000000000000000e+00,0.000000000000000000e+00
1.932000000000000028e+01,3.840000000000002967e+00,0.000000000000000000e+00,0.000000000000000000e+00
1.933999999999999986e+01,3.844000000000002970e+00,0.000000000000000000e+00,0.000000000000000000e+00
1.935999999999999943e+01,3.848000000000002974e+00,0.000000000000000000e+00,0.000000000000000000e+00
1.937999999999999901e+01,3.852000000000002977e+00,0.000000000000000000e+00,0.000000000000000000e+00
1.939999999999999858e+01,3.856000000000002981e+00,0.000000000000000000e+00,0.000000000000000000e+00
1.942000000000000171e+01,3.860000000000002984e+00,0.000000000000000000e+00,0.000000000000000000e+00
1.944000000000000128e+01,3.864000000000002988e+00,0.000000000000000000e+00,0.000000000000000000e+00
1.946000000000000085e+01,3.868000000000002991e+00,0.000000000000000000e+00,0.000000000000000000e+00
1.948000000000000043e+01,3.872000000000002995e+00,0.000000000000000000e+00,0.000000000000000000e+00
1.950000000000000000e+01,3.876000000000002998e+00,0.000000000000000000e+00,0.000000000000000000e+00
1.951999999999999957e+01,3.880000000000003002e+00,0.000000000000000000e+00,0.000000000000000000e+00
1.953999999999999915e+01,3.884000000000003006e+00,0.000000000000000000e+00,0.000000000000000000e+00
1.955999999999999872e+01,3.888000000000003009e+00,0.000000000000000000e+00,0.000000000000000000e+00
1.957999999999999829e+01,3.892000000000003013e+00,0.000000000000000000e+00,0.000000000000000000e+00
1.960000000000000142e+01,3.896000000000003016e+00,0.000000000000000000e+00,0.000000000000000000e+00
1.962000000000000099e+01,3.900000000000003020e+00,0.000000000000000000e+00,0.000000000000000000e+00
1.964000000000000057e+01,3.900000000000003020e+00,0.000000000000000000e+00,0.000000000000000000e+00
1.966000000000000014e+01,3.900000000000003020e+00,0.000000000000000000e+00,0.000000000000000000e+00
1.967999999999999972e+01,3.900000000000003020e+00,0.000000000000000000e+00,0.000000000000000000e+00
1.969999999999999929e+01,3.900000000000003020e+00,0.000000000000000000e+00,0.000000000000000000e+00
1.971999999999999886e+01,3.900000000000003020e+00,0.000000000000000000e+00,0.000000000000000000e+00
1.973999999999999844e+01,3.900000000000003020e+00,0.000000000000000000e+00,0.000000000000000000e+00
1.976000000000000156e+01,3.900000000000003020e+00,0.000000000000000000e+00,5.999999999999999258e-03
1.978000000000000114e+01,3.900000000000003020e+00,0.000000000000000000e+00,1.200000000000000198e-02
1.980000000000000071e+01,3.900000000000003020e+00,0.000000000000000000e+00,1.800000000000000558e-02
1.982000000000000028e+01,3.900000000000003020e+00,0.000000000000000000e+00,2.400000000000000397e-02
1.983999999999999986e+01,3.900000000000003020e+00,0.000000000000000000e+00,2.999999999999999542e-02
1.985999999999999943e+01,3.900000000000003020e+00,0.000000000000000000e+00,3.599999999999999728e-02
1.987999999999999901e+01,3.900000000000003020e+00,0.000000000000000000e+00,4.200000000000000261e-02
1.989999999999999858e+01,3.900000000000003020e+00,0.000000000000000000e+00,4.799999999999998712e-02
1.992000000000000171e+01,3.900000000000003020e+00,0.000000000000000000e+00,5.399999999999999245e-02
1.994000000000000128e+01,3.900000000000003020e+00,0.000000000000000000e+00,5.999999999999999778e-02
1.996000000000000085e+01,3.900000000000003020e+00,0.000000000000000000e+00,6.599999999999998923e-02
1.998000000000000043e+01,3.900000000000003020e+00,0.000000000000000000e+00,7.199999999999999456e-02
2.000000000000000000e+01,3.900000000000003020e+00,0.000000000000000000e+00,7.799999999999999989e-02
2.001999999999999957e+01,3.900000000000003020e+00,0.000000000000000000e+00,8.399999999999999134e-02
2.003999999999999915e+01,3.900000000000003020e+00,0.000000000000000000e+00,8.999999999999999667e-02
2.005999999999999872e+01,3.900000000000003020e+00,0.000000000000000000e+00,9.600000000000001588e-02
2.007999999999999829e+01,3.900000000000003020e+00,0.000000000000000000e+00,1.020000000000000073e-01
2.010000000000000142e+01,3.900000000000003020e+00,0.000000000000000000e+00,1.080000000000000127e-01
2.012000000000000099e+01,3.900000000000003020e+00,0.000000000000000000e+00,1.140000000000000180e-01
2.014000000000000057e+01,3.900000000000003020e+00,0.000000000000000000e+00,1.200000000000000233e-01
2.016000000000000014e+01,3.900000000000003020e+00,0.000000000000000000e+00,1.260000000000000286e-01
2.017999999999999972e+01,3.900000000000003020e+00,0.000000000000000000e+00,1.320000000000000340e-01
2.019999999999999929e+01,3.900000000000003020e+00,0.000000000000000000e+00,1.380000000000000393e-01
2.021999999999999886e+01,3.900000000000003020e+00,0.000000000000000000e+00,1.440000000000000446e-01
2.023999999999999844e+01,3.900000000000003020e+00,0.000000000000000000e+00,1.500000000000000500e-01
2.026000000000000156e+01,3.900000000000003020e+00,0.000000000000000000e+00,1.560000000000000553e-01
2.028000000000000114e+01,3.900000000000003020e+00,0.000000000000000000e+00,1.620000000000000606e-01
2.030000000000000071e+01,3.900000000000003020e+00,0.000000000000000000e+00,1.680000000000000659e-01
2.032000000000000028e+01,3.900000000000003020e+00,0.000000000000000000e+00,1.740000000000000990e-01
2.033999999999999986e+01,3.900000000000003020e+00,0.000000000000000000e+00,1.800000000000000488e-01
2.035999999999999943e+01,3.900000000000003020e+00,0.000000000000000000e+00,1.860000000000000819e-01
2.037999999999999901e+01,3.900000000000003020e+00,0.000000000000000000e+00,1.920000000000000873e-01
2.039999999999999858e+01,3.900000000000003020e+00,0.000000000000000000e+00,1.980000000000000648e-01
2.042000000000000171e+01,3.900000000000003020e+00,0.000000000000000000e+00,2.040000000000000979e-01
2.044000000000000128e+01,3.900000000000003020e+00,0.000000000000000000e+00,2.100000000000000477e-01
2.046000000000000085e+01,3.900000000000003020e+00,0.000000000000000000e+00,2.160000000000001363e-01
2.048000000000000043e+01,3.900000000000003020e+00,0.000000000000000000e+00,2.220000000000001417e-01
2.050000000000000000e+01,3.900000000000003020e+00,0.000000000000000000e+00,2.280000000000000637e-01
2.051999999999999957e+01,3.900000000000003020e+00,0.000000000000000000e+00,2.340000000000000691e-01
2.053999999999999915e+01,3.900000000000003020e+00,0.000000000000000000e+00,2.400000000000001021e-01
2.055999999999999872e+01,3.900000000000003020e+00,0.000000000000000000e+00,2.460000000000000797e-01
2.057999999999999829e+01,3.900000000000003020e+00,0.000000000000000000e+00,2.520000000000001128e-01
2.060000000000000142e+01,3.900000000000003020e+00,0.000000000000000000e+00,2.580000000000001181e-01
2.062000000000000099e+01,3.900000000000003020e+00,0.000000000000000000e+00,2.640000000000000679e-01
2.064000000000000057e+01,3.900000000000003020e+00,0.000000000000000000e+00,2.700000000000000733e-01
2.066000000000000014e+01,3.900000000000003020e+00,0.000000000000000000e+00,2.760000000000001341e-01
2.067999999999999972e+01,3.900000000000003020e+00,0.000000000000000000e+00,2.820000000000002505e-01
2.069999999999999929e+01,3.900000000000003020e+00,0.000000000000000000e+00,2.880000000000002558e-01
2.071999999999999886e+01,3.900000000000003020e+00,0.000000000000000000e+00,2.940000000000002611e-01
2.073999999999999844e+01,3.900000000000003020e+00,0.000000000000000000e+00,3.000000000000002665e-01
2.076000000000000156e+01,3.900000000000003020e+00,0.000000000000000000e+00,3.060000000000002718e-01
2.078000000000000114e+01,3.900000000000003020e+00,0.000000000000000000e+00,3.120000000000002771e-01
2.080000000000000071e+01,3.900000000000003020e+00,0.000000000000000000e+00,3.180000000000003935e-01
2.082000000000000028e+01,3.900000000000003020e+00,0.000000000000000000e+00,3.240000000000003433e-01
2.083999999999999986e+01,3.900000000000003020e+00,0.000000000000000000e+00,3.300000000000003486e-01
2.085999999999999943e+01,3.900000000000003020e+00,0.000000000000000000e+00,3.360000000000003539e-01
2.087999999999999901e+01,3.900000000000003020e+00,0.000000000000000000e+00,3.420000000000004148e-01
2.089999999999999858e+01,3.900000000000003020e+00,0.000000000000000000e+00,3.480000000000003091e-01
2.092000000000000171e+01,3.900000000000003020e+00,0.000000000000000000e+00,3.540000000000004254e-01
2.094000000000000128e+01,3.900000000000003020e+00,0.000000000000000000e+00,3.600000000000003753e-01
2.096000000000000085e+01,3.900000000000003020e+00,0.000000000000000000e+00,3.660000000000003806e-01
2.098000000000000043e+01,3.900000000000003020e+00,0.000000000000000000e+00,3.720000000000003859e-01
2.100000000000000000e+01,3.900000000000003020e+00,0.000000000000000000e+00,3.780000000000003357e-01
2.101999999999999957e+01,3.900000000000003020e+00,0.000000000000000000e+00,3.840000000000003966e-01
2.103999999999999915e+01,3.900000000000003020e+00,0.000000000000000000e+00,3.900000000000004019e-01
2.105999999999999872e+01,3.900000000000003020e+00,0.000000000000000000e+00,3.960000000000004072e-01
2.107999999999999829e+01,3.900000000000003020e+00,0.000000000000000000e+00,4.020000000000004126e-01
2.110000000000000142e+01,3.900000000000003020e+00,0.000000000000000000e+00,4.080000000000004179e-01
2.112000000000000099e+01,3.900000000000003020e+00,0.000000000000000000e+00,4.140000000000003677e-01
2.114000000000000057e+01,3.900000000000003020e+00,0.000000000000000000e+00,4.200000000000003175e-01
2.116000000000000014e+01,3.900000000000003020e+00,0.000000000000000000e+00,4.260000000000003784e-01
2.117999999999999972e+01,3.900000000000003020e+00,0.000000000000000000e+00,4.320000000000003837e-01
2.119999999999999929e+01,3.900000000000003020e+00,0.000000000000000000e+00,4.380000000000004445e-01
2.121999999999999886e+01,3.900000000000003020e+00,0.000000000000000000e+00,4.440000000000003944e-01
2.123999999999999844e+01,3.900000000000003020e+00,0.000000000000000000e+00,4.500000000000003997e-01
2.126000000000000156e+01,3.900000000000003020e+00,0.000000000000000000e+00,4.560000000000004050e-01
2.128000000000000114e+01,3.900000000000003020e+00,0.000000000000000000e+00,4.620000000000004103e-01
2.130000000000000071e+01,3.900000000000003020e+00,0.000000000000000000e+00,4.680000000000003602e-01
2.132000000000000028e+01,3.900000000000003020e+00,0.000000000000000000e+00,4.740000000000003655e-01
2.133999999999999986e+01,3.900000000000003020e+00,0.000000000000000000e+00,4.800000000000004818e-01
2.135999999999999943e+01,3.900000000000003020e+00,0.000000000000000000e+00,4.860000000000004317e-01
2.137999999999999901e+01,3.900000000000003020e+00,0.000000000000000000e+00,4.920000000000003815e-01
2.139999999999999858e+01,3.900000000000003020e+00,0.000000000000000000e+00,4.980000000000003868e-01
2.142000000000000171e+01,3.900000000000003020e+00,0.000000000000000000e+00,5.040000000000003366e-01
2.144000000000000128e+01,3.900000000000003020e+00,0.000000000000000000e+00,5.100000000000003419e-01
2.146000000000000085e+01,3.900000000000003020e+00,0.000000000000000000e+00,5.160000000000004583e-01
2.148000000000000043e+01,3.900000000000003020e+00,0.000000000000000000e+00,5.220000000000003526e-01
2.150000000000000000e+01,3.900000000000003020e+00,0.000000000000000000e+00,5.280000000000004690e-01
2.151999999999999957e+01,3.900000000000003020e+00,0.000000000000000000e+00,5.340000000000003633e-01
2.153999999999999915e+01,3.900000000000003020e+00,0.000000000000000000e+00,5.400000000000003686e-01
2.155999999999999872e+01,3.900000000000003020e+00,0.000000000000000000e+00,5.460000000000003739e-01
2.157999999999999829e+01,3.900000000000003020e+00,0.000000000000000000e+00,5.520000000000002682e-01
2.160000000000000142e+01,3.900000000000003020e+00,0.000000000000000000e+00,5.580000000000002736e-01
2.162000000000000099e+01,3.900000000000003020e+00,0.000000000000000000e+00,5.640000000000003899e-01
2.164000000000000057e+01,3.900000000000003020e+00,0.000000000000000000e+00,5.700000000000002842e-01
2.166000000000000014e+01,3.900000000000003020e+00,0.000000000000000000e+00,5.760000000000004006e-01
2.167999999999999972e+01,3.900000000000003020e+00,0.000000000000000000e+00,5.820000000000002949e-01
2.169999999999999929e+01,3.900000000000003020e+00,0.000000000000000000e+00,5.880000000000001892e-01
2.171999999999999886e+01,3.900000000000003020e+00,0.000000000000000000e+00,5.940000000000003055e-01
2.173999999999999844e+01,3.900000000000003020e+00,0.000000000000000000e+00,6.000000000000003109e-01
2.176000000000000156e+01,3.900000000000003020e+00,0.000000000000000000e+00,6.060000000000004272e-01
2.178000000000000114e+01,3.900000000000003020e+00,0.000000000000000000e+00,6.120000000000003215e-01
2.180000000000000071e+01,3.900000000000003020e+00,0.000000000000000000e+00,6.180000000000003268e-01
2.182000000000000028e+01,3.900000000000003020e+00,0.000000000000000000e+00,6.240000000000003322e-01
2.183999999999999986e+01,3.900000000000003020e+00,0.000000000000000000e+00,6.300000000000005596e-01
2.185999999999999943e+01,3.900000000000003020e+00,0.000000000000000000e+00,6.360000000000005649e-01
2.187999999999999901e+01,3.900000000000003020e+00,0.000000000000000000e+00,6.420000000000005702e-01
2.189999999999999858e+01,3.900000000000003020e+00,0.000000000000000000e+00,6.480000000000004645e-01
2.192000000000000171e+01,3.900000000000003020e+00,0.000000000000000000e+00,6.540000000000004698e-01
2.194000000000000128e+01,3.900000000000003020e+00,0.000000000000000000e+00,6.600000000000005862e-01
2.196000000000000085e+01,3.900000000000003020e+00,0.000000000000000000e+00,6.660000000000004805e-01
2.198000000000000043e+01,3.900000000000003020e+00,0.000000000000000000e+00,6.720000000000003748e-01
2.200000000000000000e+01,3.900000000000003020e+00,0.000000000000000000e+00,6.780000000000003801e-01
2.201999999999999957e+01,3.900000000000003020e+00,0.000000000000000000e+00,6.840000000000004965e-01
2.203999999999999915e+01,3.900000000000003020e+00,0.000000000000000000e+00,6.900000000000003908e-01
2.205999999999999872e+01,3.900000000000003020e+00,0.000000000000000000e+00,6.960000000000002851e-01
2.207999999999999829e+01,3.900000000000003020e+00,0.000000000000000000e+00,7.020000000000005125e-01
2.210000000000000142e+01,3.900000000000003020e+00,0.000000000000000000e+00,7.080000000000005178e-01
2.212000000000000099e+01,3.900000000000003020e+00,0.000000000000000000e+00,7.140000000000003011e-01
2.214000000000000057e+01,3.900000000000003020e+00,0.000000000000000000e+00,7.200000000000004174e-01
2.216000000000000014e+01,3.900000000000003020e+00,0.000000000000000000e+00,7.260000000000004228e-01
2.217999999999999972e+01,3.900000000000003020e+00,0.000000000000000000e+00,7.320000000000003171e-01
2.219999999999999929e+01,3.900000000000003020e+00,0.000000000000000000e+00,7.380000000000003224e-01
2.221999999999999886e+01,3.900000000000003020e+00,0.000000000000000000e+00,7.440000000000004388e-01
2.223999999999999844e+01,3.900000000000003020e+00,0.000000000000000000e+00,7.500000000000005551e-01
2.226000000000000156e+01,3.900000000000003020e+00,0.000000000000000000e+00,7.560000000000004494e-01
2.228000000000000114e+01,3.900000000000003020e+00,0.000000000000000000e+00,7.620000000000004547e-01
2.230000000000000071e+01,3.900000000000003020e+00,0.000000000000000000e+00,7.680000000000005711e-01
2.232000000000000028e+01,3.900000000000003020e+00,0.000000000000000000e+00,7.740000000000005764e-01
2.233999999999999986e+01,3.900000000000003020e+00,0.000000000000000000e+00,7.800000000000003597e-01
2.235999999999999943e+01,3.900000000000003020e+00,0.000000000000000000e+00,7.860000000000004761e-01
2.237999999999999901e+01,3.900000000000003020e+00,0.000000000000000000e+00,7.920000000000003704e-01
2.239999999999999858e+01,3.900000000000003020e+00,0.000000000000000000e+00,7.980000000000003757e-01
2.242000000000000171e+01,3.900000000000003020e+00,0.000000000000000000e+00,8.040000000000003810e-01
2.244000000000000128e+01,3.900000000000003020e+00,0.000000000000000000e+00,8.100000000000003864e-01
2.246000000000000085e+01,3.900000000000003020e+00,0.000000000000000000e+00,8.160000000000003917e-01
2.248000000000000043e+01,3.900000000000003020e+00,0.000000000000000000e+00,8.220000000000003970e-01
2.250000000000000000e+01,3.900000000000003020e+00,0.000000000000000000e+00,8.280000000000004023e-01
2.251999999999999957e+01,3.900000000000003020e+00,0.000000000000000000e+00,8.340000000000002967e-01
2.253999999999999915e+01,3.900000000000003020e+00,0.000000000000000000e+00,8.400000000000004130e-01
2.255999999999999872e+01,3.900000000000003020e+00,0.000000000000000000e+00,8.460000000000005294e-01
2.257999999999999829e+01,3.900000000000003020e+00,0.000000000000000000e+00,8.520000000000003126e-01
2.260000000000000142e+01,3.900000000000003020e+00,0.000000000000000000e+00,8.580000000000003180e-01
2.262000000000000099e+01,3.900000000000003020e+00,0.000000000000000000e+00,8.640000000000003233e-01
2.264000000000000057e+01,3.900000000000003020e+00,0.000000000000000000e+00,8.700000000000005507e-01
2.266000000000000014e+01,3.900000000000003020e+00,0.000000000000000000e+00,8.760000000000003340e-01
2.267999999999999972e+01,3.900000000000003020e+00,0.000000000000000000e+00,8.820000000000004503e-01
2.269999999999999929e+01,3.900000000000003020e+00,0.000000000000000000e+00,8.880000000000004556e-01
2.271999999999999886e+01,3.900000000000003020e+00,0.000000000000000000e+00,8.940000000000004610e-01
2.273999999999999844e+01,3.900000000000003020e+00,0.000000000000000000e+00,9.000000000000003553e-01
2.276000000000000156e+01,3.900000000000003020e+00,0.000000000000000000e+00,9.060000000000003606e-01
2.278000000000000114e+01,3.900000000000003020e+00,0.000000000000000000e+00,9.120000000000005880e-01
2.280000000000000071e+01,3.900000000000003020e+00,0.000000000000000000e+00,9.180000000000005933e-01
2.282000000000000028e+01,3.900000000000003020e+00,0.000000000000000000e+00,9.240000000000005986e-01
2.283999999999999986e+01,3.900000000000003020e+00,0.000000000000000000e+00,9.300000000000004929e-01
2.285999999999999943e+01,3.900000000000003020e+00,0.000000000000000000e+00,9.360000000000006093e-01
2.287999999999999901e+01,3.900000000000003020e+00,0.000000000000000000e+00,9.420000000000006146e-01
2.289999999999999858e+01,3.900000000000003020e+00,0.000000000000000000e+00,9.480000000000007310e-01
2.292000000000000171e+01,3.900000000000003020e+00,0.000000000000000000e+00,9.540000000000006253e-01
2.294000000000000128e+01,3.900000000000003020e+00,0.000000000000000000e+00,9.600000000000006306e-01
2.296000000000000085e+01,3.900000000000003020e+00,0.000000000000000000e+00,9.660000000000005249e-01
2.298000000000000043e+01,3.900000000000003020e+00,0.000000000000000000e+00,9.720000000000005302e-01
2.300000000000000000e+01,3.900000000000003020e+00,0.000000000000000000e+00,9.780000000000006466e-01
2.301999999999999957e+01,3.900000000000003020e+00,0.000000000000000000e+00,9.840000000000006519e-01
2.303999999999999915e+01,3.900000000000003020e+00,0.000000000000000000e+00,9.900000000000006573e-01
2.305999999999999872e+01,3.900000000000003020e+00,0.000000000000000000e+00,9.960000000000006626e-01
2.307999999999999829e+01,3.900000000000003020e+00,0.000000000000000000e+00,1.002000000000000668e+00
2.310000000000000142e+01,3.900000000000003020e+00,0.000000000000000000e+00,1.008000000000000895e+00
2.312000000000000099e+01,3.900000000000003020e+00,0.000000000000000000e+00,1.014000000000000679e+00
2.314000000000000057e+01,3.900000000000003020e+00,0.000000000000000000e+00,1.020000000000000684e+00
2.316000000000000014e+01,3.900000000000003020e+00,0.000000000000000000e+00,1.026000000000000689e+00
2.317999999999999972e+01,3.900000000000003020e+00,0.000000000000000000e+00,1.032000000000000695e+00
2.319999999999999929e+01,3.900000000000003020e+00,0.000000000000000000e+00,1.038000000000000700e+00
2.321999999999999886e+01,3.900000000000003020e+00,0.000000000000000000e+00,1.044000000000000705e+00
2.323999999999999844e+01,3.900000000000003020e+00,0.000000000000000000e+00,1.050000000000000711e+00
2.326000000000000156e+01,3.900000000000003020e+00,0.000000000000000000e+00,1.056000000000000938e+00
2.328000000000000114e+01,3.900000000000003020e+00,0.000000000000000000e+00,1.062000000000000721e+00
2.330000000000000071e+01,3.900000000000003020e+00,0.000000000000000000e+00,1.068000000000000727e+00
2.332000000000000028e+01,3.900000000000003020e+00,0.000000000000000000e+00,1.074000000000000732e+00
2.333999999999999986e+01,3.900000000000003020e+00,0.000000000000000000e+00,1.080000000000000737e+00
2.335999999999999943e+01,3.900000000000003020e+00,0.000000000000000000e+00,1.086000000000000743e+00
2.337999999999999901e+01,3.900000000000003020e+00,0.000000000000000000e+00,1.092000000000000748e+00
2.339999999999999858e+01,3.900000000000003020e+00,0.000000000000000000e+00,1.098000000000000753e+00
2.342000000000000171e+01,3.900000000000003020e+00,0.000000000000000000e+00,1.104000000000000759e+00
2.344000000000000128e+01,3.900000000000003020e+00,0.000000000000000000e+00,1.110000000000000764e+00
2.346000000000000085e+01,3.900000000000003020e+00,0.000000000000000000e+00,1.116000000000000769e+00
2.348000000000000043e+01,3.900000000000003020e+00,0.000000000000000000e+00,1.122000000000000997e+00
2.350000000000000000e+01,3.900000000000003020e+00,0.000000000000000000e+00,1.128000000000001002e+00
2.351999999999999957e+01,3.900000000000003020e+00,0.000000000000000000e+00,1.134000000000000563e+00
2.353999999999999915e+01,3.900000000000003020e+00,0.000000000000000000e+00,1.140000000000000568e+00
2.355999999999999872e+01,3.900000000000003020e+00,0.000000000000000000e+00,1.146000000000001018e+00
2.357999999999999829e+01,3.900000000000003020e+00,0.000000000000000000e+00,1.152000000000000801e+00
2.360000000000000142e+01,3.900000000000003020e+00,0.000000000000000000e+00,1.158000000000000806e+00
2.362000000000000099e+01,3.900000000000003020e+00,0.000000000000000000e+00,1.164000000000000812e+00
2.364000000000000057e+01,3.900000000000003020e+00,0.000000000000000000e+00,1.170000000000000817e+00
2.366000000000000014e+01,3.900000000000003020e+00,0.000000000000000000e+00,1.176000000000000822e+00
2.367999999999999972e+01,3.900000000000003020e+00,0.000000000000000000e+00,1.182000000000000606e+00
2.369999999999999929e+01,3.900000000000003020e+00,0.000000000000000000e+00,1.188000000000000833e+00
2.371999999999999886e+01,3.900000000000003020e+00,0.000000000000000000e+00,1.194000000000000838e+00
2.373999999999999844e+01,3.900000000000003020e+00,0.000000000000000000e+00,1.200000000000000844e+00
2.376000000000000156e+01,3.900000000000003020e+00,0.000000000000000000e+00,1.206000000000000627e+00
2.378000000000000114e+01,3.900000000000003020e+00,0.000000000000000000e+00,1.212000000000000854e+00
2.380000000000000071e+01,3.900000000000003020e+00,0.000000000000000000e+00,1.218000000000000860e+00
2.382000000000000028e+01,3.900000000000003020e+00,0.000000000000000000e+00,1.224000000000000865e+00
2.383999999999999986e+01,3.900000000000003020e+00,0.000000000000000000e+00,1.230000000000000870e+00
2.385999999999999943e+01,3.900000000000003020e+00,0.000000000000000000e+00,1.236000000000000876e+00
2.387999999999999901e+01,3.900000000000003020e+00,0.000000000000000000e+00,1.242000000000000881e+00
2.389999999999999858e+01,3.900000000000003020e+00,0.000000000000000000e+00,1.248000000000000886e+00
2.392000000000000171e+01,3.900000000000003020e+00,0.000000000000000000e+00,1.254000000000000892e+00
2.394000000000000128e+01,3.900000000000003020e+00,0.000000000000000000e+00,1.260000000000000897e+00
2.396000000000000085e+01,3.900000000000003020e+00,0.000000000000000000e+00,1.266000000000000680e+00
2.398000000000000043e+01,3.900000000000003020e+00,0.000000000000000000e+00,1.272000000000000908e+00
2.400000000000000000e+01,3.900000000000003020e+00,0.000000000000000000e+00,1.278000000000000691e+00
2.401999999999999957e+01,3.900000000000003020e+00,0.000000000000000000e+00,1.284000000000000918e+00
2.403999999999999915e+01,3.900000000000003020e+00,0.000000000000000000e+00,1.290000000000000924e+00
2.405999999999999872e+01,3.900000000000003020e+00,0.000000000000000000e+00,1.296000000000000707e+00
2.407999999999999829e+01,3.900000000000003020e+00,0.000000000000000000e+00,1.302000000000000934e+00
2.410000000000000142e+01,3.900000000000003020e+00,0.000000000000000000e+00,1.308000000000000718e+00
2.412000000000000099e+01,3.900000000000003020e+00,0.000000000000000000e+00,1.314000000000000945e+00
2.414000000000000057e+01,3.900000000000003020e+00,0.000000000000000000e+00,1.320000000000000950e+00
2.416000000000000014e+01,3.900000000000003020e+00,0.000000000000000000e+00,1.326000000000001178e+00
2.417999999999999972e+01,3.900000000000003020e+00,0.000000000000000000e+00,1.332000000000000961e+00
2.419999999999999929e+01,3.900000000000003020e+00,0.000000000000000000e+00,1.338000000000000744e+00
2.421999999999999886e+01,3.900000000000003020e+00,0.000000000000000000e+00,1.344000000000000750e+00
2.423999999999999844e+01,3.900000000000003020e+00,0.000000000000000000e+00,1.350000000000000977e+00
2.426000000000000156e+01,3.900000000000003020e+00,0.000000000000000000e+00,1.356000000000000982e+00
2.428000000000000114e+01,3.900000000000003020e+00,0.000000000000000000e+00,1.362000000000000766e+00
2.430000000000000071e+01,3.900000000000003020e+00,0.000000000000000000e+00,1.368000000000000993e+00
2.432000000000000028e+01,3.900000000000003020e+00,0.000000000000000000e+00,1.374000000000000998e+00
2.433999999999999986e+01,3.900000000000003020e+00,0.000000000000000000e+00,1.380000000000001004e+00
2.435999999999999943e+01,3.900000000000003020e+00,0.000000000000000000e+00,1.386000000000001009e+00
2.437999999999999901e+01,3.900000000000003020e+00,0.000000000000000000e+00,1.392000000000001014e+00
2.439999999999999858e+01,3.900000000000003020e+00,0.000000000000000000e+00,1.398000000000001020e+00
2.442000000000000171e+01,3.900000000000003020e+00,0.000000000000000000e+00,1.404000000000001025e+00
2.444000000000000128e+01,3.900000000000003020e+00,0.000000000000000000e+00,1.410000000000001252e+00
2.446000000000000085e+01,3.900000000000003020e+00,0.000000000000000000e+00,1.416000000000001036e+00
2.448000000000000043e+01,3.900000000000003020e+00,0.000000000000000000e+00,1.422000000000001263e+00
2.450000000000000000e+01,3.900000000000003020e+00,0.000000000000000000e+00,1.428000000000001268e+00
2.451999999999999957e+01,3.900000000000003020e+00,0.000000000000000000e+00,1.434000000000001052e+00
2.453999999999999915e+01,3.900000000000003020e+00,0.000000000000000000e+00,1.440000000000001057e+00
2.455999999999999872e+01,3.900000000000003020e+00,0.000000000000000000e+00,1.446000000000000840e+00
2.457999999999999829e+01,3.900000000000003020e+00,0.000000000000000000e+00,1.452000000000000846e+00
2.460000000000000142e+01,3.900000000000003020e+00,0.000000000000000000e+00,1.458000000000001073e+00
2.462000000000000099e+01,3.900000000000003020e+00,0.000000000000000000e+00,1.464000000000001300e+00
2.464000000000000057e+01,3.900000000000003020e+00,0.000000000000000000e+00,1.470000000000001084e+00
2.466000000000000014e+01,3.900000000000003020e+00,0.000000000000000000e+00,1.476000000000000867e+00
2.467999999999999972e+01,3.900000000000003020e+00,0.000000000000000000e+00,1.482000000000001094e+00
2.469999999999999929e+01,3.900000000000003020e+00,0.000000000000000000e+00,1.488000000000001100e+00
2.471999999999999886e+01,3.900000000000003020e+00,0.000000000000000000e+00,1.494000000000001105e+00
2.473999999999999844e+01,3.900000000000003020e+00,0.000000000000000000e+00,1.500000000000001110e+00
2.476000000000000156e+01,3.900000000000003020e+00,0.000000000000000000e+00,1.506000000000001116e+00
2.478000000000000114e+01,3.900000000000003020e+00,0.000000000000000000e+00,1.512000000000001121e+00
2.480000000000000071e+01,3.900000000000003020e+00,0.000000000000000000e+00,1.518000000000001126e+00
2.482000000000000028e+01,3.900000000000003020e+00,0.000000000000000000e+00,1.524000000000001354e+00
2.483999999999999986e+01,3.900000000000003020e+00,0.000000000000000000e+00,1.530000000000001137e+00
2.485999999999999943e+01,3.900000000000003020e+00,0.000000000000000000e+00,1.536000000000001142e+00
2.487999999999999901e+01,3.900000000000003020e+00,0.000000000000000000e+00,1.542000000000001148e+00
2.489999999999999858e+01,3.900000000000003020e+00,0.000000000000000000e+00,1.548000000000001153e+00
2.492000000000000171e+01,3.900000000000003020e+00,0.000000000000000000e+00,1.554000000000001158e+00
2.494000000000000128e+01,3.900000000000003020e+00,0.000000000000000000e+00,1.560000000000001164e+00
2.496000000000000085e+01,3.900000000000003020e+00,0.000000000000000000e+00,1.566000000000001169e+00
2.498000000000000043e+01,3.900000000000003020e+00,0.000000000000000000e+00,1.572000000000001174e+00
2.500000000000000000e+01,3.900000000000003020e+00,0.000000000000000000e+00,1.578000000000001180e+00
2.501999999999999957e+01,3.900000000000003020e+00,0.000000000000000000e+00,1.584000000000001407e+00
2.503999999999999915e+01,3.900000000000003020e+00,0.000000000000000000e+00,1.590000000000000968e+00
2.505999999999999872e+01,3.900000000000003020e+00,0.000000000000000000e+00,1.596000000000001195e+00
2.507999999999999829e+01,3.900000000000003020e+00,0.000000000000000000e+00,1.602000000000001201e+00
2.510000000000000142e+01,3.900000000000003020e+00,0.000000000000000000e+00,1.608000000000001206e+00
2.512000000000000099e+01,3.900000000000003020e+00,0.000000000000000000e+00,1.614000000000001434e+00
2.514000000000000057e+01,3.900000000000003020e+00,0.000000000000000000e+00,1.620000000000001217e+00
2.516000000000000014e+01,3.900000000000003020e+00,0.000000000000000000e+00,1.626000000000001000e+00
2.517999999999999972e+01,3.900000000000003020e+00,0.000000000000000000e+00,1.632000000000001005e+00
2.519999999999999929e+01,3.900000000000003020e+00,0.000000000000000000e+00,1.638000000000001455e+00
2.521999999999999886e+01,3.900000000000003020e+00,0.000000000000000000e+00,1.644000000000001238e+00
2.523999999999999844e+01,3.900000000000003020e+00,0.000000000000000000e+00,1.650000000000001465e+00
2.526000000000000156e+01,3.900000000000003020e+00,0.000000000000000000e+00,1.656000000000001249e+00
2.528000000000000114e+01,3.900000000000003020e+00,0.000000000000000000e+00,1.662000000000001254e+00
2.530000000000000071e+01,3.900000000000003020e+00,0.000000000000000000e+00,1.668000000000001259e+00
2.532000000000000028e+01,3.900000000000003020e+00,0.000000000000000000e+00,1.674000000000001043e+00
2.533999999999999986e+01,3.900000000000003020e+00,0.000000000000000000e+00,1.680000000000001270e+00
2.535999999999999943e+01,3.900000000000003020e+00,0.000000000000000000e+00,1.686000000000001497e+00
2.537999999999999901e+01,3.900000000000003020e+00,0.000000000000000000e+00,1.692000000000001281e+00
2.539999999999999858e+01,3.900000000000003020e+00,0.000000000000000000e+00,1.698000000000001508e+00
2.542000000000000171e+01,3.900000000000003020e+00,0.000000000000000000e+00,1.704000000000001291e+00
2.544000000000000128e+01,3.900000000000003020e+00,0.000000000000000000e+00,1.710000000000001297e+00
2.546000000000000085e+01,3.900000000000003020e+00,0.000000000000000000e+00,1.716000000000001080e+00
2.548000000000000043e+01,3.900000000000003020e+00,0.000000000000000000e+00,1.722000000000001307e+00
2.550000000000000000e+01,3.900000000000003020e+00,0.000000000000000000e+00,1.728000000000001313e+00
2.551999999999999957e+01,3.900000000000003020e+00,0.000000000000000000e+00,1.734000000000001318e+00
2.553999999999999915e+01,3.900000000000003020e+00,0.000000000000000000e+00,1.740000000000001323e+00
2.555999999999999872e+01,3.900000000000003020e+00,0.000000000000000000e+00,1.746000000000001107e+00
2.557999999999999829e+01,3.900000000000003020e+00,0.000000000000000000e+00,1.752000000000001556e+00
2.560000000000000142e+01,3.900000000000003020e+00,0.000000000000000000e+00,1.758000000000001561e+00
2.562000000000000099e+01,3.900000000000003020e+00,0.000000000000000000e+00,1.764000000000001345e+00
2.564000000000000057e+01,3.900000000000003020e+00,0.000000000000000000e+00,1.770000000000001350e+00
2.566000000000000014e+01,3.900000000000003020e+00,0.000000000000000000e+00,1.776000000000001355e+00
2.567999999999999972e+01,3.900000000000003020e+00,0.000000000000000000e+00,1.782000000000001583e+00
2.569999999999999929e+01,3.900000000000003020e+00,0.000000000000000000e+00,1.788000000000001144e+00
2.571999999999999886e+01,3.900000000000003020e+00,0.000000000000000000e+00,1.794000000000001371e+00
2.573999999999999844e+01,3.900000000000003020e+00,0.000000000000000000e+00,1.800000000000001599e+00
2.576000000000000156e+01,3.900000000000003020e+00,0.000000000000000000e+00,1.806000000000001160e+00
2.578000000000000114e+01,3.900000000000003020e+00,0.000000000000000000e+00,1.812000000000001387e+00
2.580000000000000071e+01,3.900000000000003020e+00,0.000000000000000000e+00,1.818000000000001615e+00
2.582000000000000028e+01,3.900000000000003020e+00,0.000000000000000000e+00,1.824000000000001398e+00
2.583999999999999986e+01,3.900000000000003020e+00,0.000000000000000000e+00,1.830000000000001181e+00
2.585999999999999943e+01,3.900000000000003020e+00,0.000000000000000000e+00,1.836000000000001409e+00
2.587999999999999901e+01,3.900000000000003020e+00,0.000000000000000000e+00,1.842000000000001414e+00
2.589999999999999858e+01,3.900000000000003020e+00,0.000000000000000000e+00,1.848000000000001419e+00
2.592000000000000171e+01,3.900000000000003020e+00,0.000000000000000000e+00,1.854000000000001425e+00
2.594000000000000128e+01,3.900000000000003020e+00,0.000000000000000000e+00,1.860000000000001208e+00
2.596000000000000085e+01,3.900000000000003020e+00,0.000000000000000000e+00,1.866000000000001213e+00
2.598000000000000043e+01,3.900000000000003020e+00,0.000000000000000000e+00,1.872000000000001663e+00
2.600000000000000000e+01,3.900000000000003020e+00,0.000000000000000000e+00,1.878000000000001446e+00
2.601999999999999957e+01,3.900000000000003020e+00,0.000000000000000000e+00,1.884000000000001673e+00
2.603999999999999915e+01,3.900000000000003020e+00,0.000000000000000000e+00,1.890000000000001235e+00
2.605999999999999872e+01,3.900000000000003020e+00,0.000000000000000000e+00,1.896000000000001240e+00
2.607999999999999829e+01,3.900000000000003020e+00,0.000000000000000000e+00,1.902000000000001467e+00
2.610000000000000142e+01,3.900000000000003020e+00,0.000000000000000000e+00,1.908000000000001473e+00
2.612000000000000099e+01,3.900000000000003020e+00,0.000000000000000000e+00,1.914000000000001256e+00
2.614000000000000057e+01,3.900000000000003020e+00,0.000000000000000000e+00,1.920000000000001483e+00
2.616000000000000014e+01,3.900000000000003020e+00,0.000000000000000000e+00,1.926000000000001489e+00
2.617999999999999972e+01,3.900000000000003020e+00,0.000000000000000000e+00,1.932000000000001494e+00
2.619999999999999929e+01,3.900000000000003020e+00,0.000000000000000000e+00,1.938000000000001721e+00
2.621999999999999886e+01,3.900000000000003020e+00,0.000000000000000000e+00,1.944000000000001505e+00
2.623999999999999844e+01,3.900000000000003020e+00,0.000000000000000000e+00,1.950000000000001510e+00
2.626000000000000156e+01,3.900000000000003020e+00,0.000000000000000000e+00,1.956000000000001293e+00
2.628000000000000114e+01,3.900000000000003020e+00,0.000000000000000000e+00,1.962000000000001521e+00
2.630000000000000071e+01,3.900000000000003020e+00,0.000000000000000000e+00,1.968000000000001526e+00
2.632000000000000028e+01,3.900000000000003020e+00,0.000000000000000000e+00,1.974000000000001753e+00
2.633999999999999986e+01,3.900000000000003020e+00,0.000000000000000000e+00,1.980000000000001537e+00
2.635999999999999943e+01,3.900000000000003020e+00,0.000000000000000000e+00,1.986000000000001320e+00
2.637999999999999901e+01,3.900000000000003020e+00,0.000000000000000000e+00,1.992000000000001547e+00
2.639999999999999858e+01,3.900000000000003020e+00,0.000000000000000000e+00,1.998000000000001553e+00
2.642000000000000171e+01,3.900000000000003020e+00,0.000000000000000000e+00,2.004000000000001336e+00
2.644000000000000128e+01,3.900000000000003020e+00,0.000000000000000000e+00,2.010000000000001119e+00
2.646000000000000085e+01,3.900000000000003020e+00,0.000000000000000000e+00,2.016000000000000902e+00
2.648000000000000043e+01,3.900000000000003020e+00,0.000000000000000000e+00,2.022000000000000686e+00
2.650000000000000000e+01,3.900000000000003020e+00,0.000000000000000000e+00,2.028000000000000469e+00
2.651999999999999957e+01,3.900000000000003020e+00,0.000000000000000000e+00,2.034000000000000252e+00
2.653999999999999915e+01,3.900000000000003020e+00,0.000000000000000000e+00,2.040000000000000036e+00
2.655999999999999872e+01,3.900000000000003020e+00,0.000000000000000000e+00,2.045999999999999819e+00
2.657999999999999829e+01,3.900000000000003020e+00,0.000000000000000000e+00,2.051999999999999602e+00
2.660000000000000142e+01,3.900000000000003020e+00,0.000000000000000000e+00,2.057999999999999385e+00
2.662000000000000099e+01,3.900000000000003020e+00,0.000000000000000000e+00,2.063999999999998725e+00
2.664000000000000057e+01,3.900000000000003020e+00,0.000000000000000000e+00,2.069999999999998952e+00
2.666000000000000014e+01,3.900000000000003020e+00,0.000000000000000000e+00,2.075999999999998735e+00
2.667999999999999972e+01,3.900000000000003020e+00,0.000000000000000000e+00,2.081999999999998519e+00
2.669999999999999929e+01,3.900000000000003020e+00,0.000000000000000000e+00,2.087999999999998302e+00
2.671999999999999886e+01,3.900000000000003020e+00,0.000000000000000000e+00,2.093999999999998085e+00
2.673999999999999844e+01,3.900000000000003020e+00,0.000000000000000000e+00,2.099999999999997868e+00
2.676000000000000156e+01,3.900000000000003020e+00,0.000000000000000000e+00,2.105999999999997652e+00
2.678000000000000114e+01,3.900000000000003020e+00,0.000000000000000000e+00,2.111999999999997435e+00
2.680000000000000071e+01,3.900000000000003020e+00,0.000000000000000000e+00,2.117999999999997218e+00
2.682000000000000028e+01,3.900000000000003020e+00,0.000000000000000000e+00,2.123999999999997002e+00
2.683999999999999986e+01,3.900000000000003020e+00,0.000000000000000000e+00,2.129999999999996785e+00
2.685999999999999943e+01,3.900000000000003020e+00,0.000000000000000000e+00,2.135999999999996568e+00
2.687999999999999901e+01,3.900000000000003020e+00,0.000000000000000000e+00,2.141999999999996351e+00
2.689999999999999858e+01,3.900000000000003020e+00,0.000000000000000000e+00,2.147999999999996135e+00
2.692000000000000171e+01,3.900000000000003020e+00,0.000000000000000000e+00,2.153999999999995918e+00
2.694000000000000128e+01,3.900000000000003020e+00,0.000000000000000000e+00,2.159999999999995701e+00
2.696000000000000085e+01,3.900000000000003020e+00,0.000000000000000000e+00,2.165999999999995485e+00
2.698000000000000043e+01,3.900000000000003020e+00,0.000000000000000000e+00,2.171999999999995268e+00
2.700000000000000000e+01,3.900000000000003020e+00,0.000000000000000000e+00,2.177999999999995051e+00
2.701999999999999957e+01,3.900000000000003020e+00,0.000000000000000000e+00,2.183999999999994834e+00
2.703999999999999915e+01,3.900000000000003020e+00,0.000000000000000000e+00,2.189999999999994618e+00
2.705999999999999872e+01,3.900000000000003020e+00,0.000000000000000000e+00,2.195999999999994401e+00
2.707999999999999829e+01,3.900000000000003020e+00,0.000000000000000000e+00,2.201999999999994184e+00
2.710000000000000142e+01,3.900000000000003020e+00,0.000000000000000000e+00,2.207999999999993967e+00
2.712000000000000099e+01,3.900000000000003020e+00,0.000000000000000000e+00,2.213999999999993751e+00
2.714000000000000057e+01,3.900000000000003020e+00,0.000000000000000000e+00,2.219999999999993534e+00
2.716000000000000014e+01,3.900000000000003020e+00,0.000000000000000000e+00,2.225999999999993317e+00
2.717999999999999972e+01,3.900000000000003020e+00,0.000000000000000000e+00,2.231999999999993101e+00
2.719999999999999929e+01,3.900000000000003020e+00,0.000000000000000000e+00,2.237999999999992884e+00
2.721999999999999886e+01,3.900000000000003020e+00,0.000000000000000000e+00,2.243999999999992667e+00
2.723999999999999844e+01,3.900000000000003020e+00,0.000000000000000000e+00,2.249999999999992450e+00
2.726000000000000156e+01,3.900000000000003020e+00,0.000000000000000000e+00,2.255999999999992234e+00
2.728000000000000114e+01,3.900000000000003020e+00,0.000000000000000000e+00,2.261999999999992017e+00
2.730000000000000071e+01,3.900000000000003020e+00,0.000000000000000000e+00,2.267999999999991800e+00
2.732000000000000028e+01,3.900000000000003020e+00,0.000000000000000000e+00,2.273999999999991584e+00
2.733999999999999986e+01,3.900000000000003020e+00,0.000000000000000000e+00,2.279999999999991367e+00
2.735999999999999943e+01,3.900000000000003020e+00,0.000000000000000000e+00,2.285999999999991150e+00
2.737999999999999901e+01,3.900000000000003020e+00,0.000000000000000000e+00,2.291999999999990933e+00
2.739999999999999858e+01,3.900000000000003020e+00,0.000000000000000000e+00,2.297999999999990717e+00
2.742000000000000171e+01,3.900000000000003020e+00,0.000000000000000000e+00,2.303999999999990500e+00
2.744000000000000128e+01,3.900000000000003020e+00,0.000000000000000000e+00,2.309999999999990283e+00
2.746000000000000085e+01,3.900000000000003020e+00,0.000000000000000000e+00,2.315999999999990067e+00
2.748000000000000043e+01,3.900000000000003020e+00,0.000000000000000000e+00,2.321999999999989850e+00
2.750000000000000000e+01,3.900000000000003020e+00,0.000000000000000000e+00,2.327999999999989633e+00
2.751999999999999957e+01,3.900000000000003020e+00,0.000000000000000000e+00,2.333999999999989416e+00
2.753999999999999915e+01,3.900000000000003020e+00,0.000000000000000000e+00,2.339999999999989200e+00
2.755999999999999872e+01,3.900000000000003020e+00,0.000000000000000000e+00,2.345999999999988983e+00
2.757999999999999829e+01,3.900000000000003020e+00,0.000000000000000000e+00,2.351999999999988766e+00
2.760000000000000142e+01,3.900000000000003020e+00,0.000000000000000000e+00,2.357999999999988550e+00
2.762000000000000099e+01,3.900000000000003020e+00,0.000000000000000000e+00,2.363999999999988333e+00
2.764000000000000057e+01,3.900000000000003020e+00,0.000000000000000000e+00,2.369999999999988116e+00
2.766000000000000014e+01,3.900000000000003020e+00,0.000000000000000000e+00,2.375999999999987899e+00
2.767999999999999972e+01,3.900000000000003020e+00,0.000000000000000000e+00,2.381999999999987683e+00
2.769999999999999929e+01,3.900000000000003020e+00,0.000000000000000000e+00,2.387999999999987466e+00
2.771999999999999886e+01,3.900000000000003020e+00,0.000000000000000000e+00,2.393999999999987249e+00
2.773999999999999844e+01,3.900000000000003020e+00,0.000000000000000000e+00,2.399999999999987033e+00
2.776000000000000156e+01,3.900000000000003020e+00,0.000000000000000000e+00,2.405999999999986816e+00
2.778000000000000114e+01,3.900000000000003020e+00,0.000000000000000000e+00,2.411999999999986599e+00
2.780000000000000071e+01,3.900000000000003020e+00,0.000000000000000000e+00,2.417999999999986382e+00
2.782000000000000028e+01,3.900000000000003020e+00,0.000000000000000000e+00,2.423999999999986166e+00
2.783999999999999986e+01,3.900000000000003020e+00,0.000000000000000000e+00,2.429999999999985949e+00
2.785999999999999943e+01,3.900000000000003020e+00,0.000000000000000000e+00,2.435999999999985732e+00
2.787999999999999901e+01,3.900000000000003020e+00,0.000000000000000000e+00,2.441999999999985516e+00
2.789999999999999858e+01,3.900000000000003020e+00,0.000000000000000000e+00,2.447999999999985299e+00
2.792000000000000171e+01,3.900000000000003020e+00,0.000000000000000000e+00,2.453999999999985082e+00
2.794000000000000128e+01,3.900000000000003020e+00,0.000000000000000000e+00,2.459999999999984865e+00
2.796000000000000085e+01,3.900000000000003020e+00,0.000000000000000000e+00,2.465999999999984649e+00
2.798000000000000043e+01,3.900000000000003020e+00,0.000000000000000000e+00,2.471999999999984432e+00
2.800000000000000000e+01,3.900000000000003020e+00,0.000000000000000000e+00,2.477999999999984215e+00
2.801999999999999957e+01,3.900000000000003020e+00,0.000000000000000000e+00,2.483999999999983999e+00
2.803999999999999915e+01,3.900000000000003020e+00,0.000000000000000000e+00,2.489999999999983782e+00
2.805999999999999872e+01,3.900000000000003020e+00,0.000000000000000000e+00,2.495999999999983565e+00
2.807999999999999829e+01,3.900000000000003020e+00,0.000000000000000000e+00,2.501999999999983348e+00
2.810000000000000142e+01,3.900000000000003020e+00,0.000000000000000000e+00,2.507999999999983132e+00
2.812000000000000099e+01,3.900000000000003020e+00,0.000000000000000000e+00,2.513999999999982915e+00
2.814000000000000057e+01,3.900000000000003020e+00,0.000000000000000000e+00,2.519999999999982698e+00
2.816000000000000014e+01,3.900000000000003020e+00,0.000000000000000000e+00,2.525999999999982482e+00
2.817999999999999972e+01,3.900000000000003020e+00,0.000000000000000000e+00,2.531999999999982265e+00
2.819999999999999929e+01,3.900000000000003020e+00,0.000000000000000000e+00,2.537999999999982048e+00
2.821999999999999886e+01,3.900000000000003020e+00,0.000000000000000000e+00,2.543999999999981831e+00
2.823999999999999844e+01,3.900000000000003020e+00,0.000000000000000000e+00,2.549999999999981615e+00
2.826000000000000156e+01,3.900000000000003020e+00,0.000000000000000000e+00,2.555999999999981398e+00
2.828000000000000114e+01,3.900000000000003020e+00,0.000000000000000000e+00,2.561999999999981181e+00
2.830000000000000071e+01,3.900000000000003020e+00,0.000000000000000000e+00,2.567999999999980965e+00
2.832000000000000028e+01,3.900000000000003020e+00,0.000000000000000000e+00,2.573999999999980748e+00
2.833999999999999986e+01,3.900000000000003020e+00,0.000000000000000000e+00,2.579999999999980531e+00
2.835999999999999943e+01,3.900000000000003020e+00,0.000000000000000000e+00,2.585999999999980314e+00
2.837999999999999901e+01,3.900000000000003020e+00,0.000000000000000000e+00,2.591999999999980098e+00
2.839999999999999858e+01,3.900000000000003020e+00,0.000000000000000000e+00,2.597999999999979881e+00
2.842000000000000171e+01,3.900000000000003020e+00,0.000000000000000000e+00,2.603999999999979664e+00
2.844000000000000128e+01,3.900000000000003020e+00,0.000000000000000000e+00,2.609999999999979448e+00
2.846000000000000085e+01,3.900000000000003020e+00,0.000000000000000000e+00,2.615999999999979231e+00
2.848000000000000043e+01,3.900000000000003020e+00,0.000000000000000000e+00,2.621999999999979014e+00
2.850000000000000000e+01,3.900000000000003020e+00,0.000000000000000000e+00,2.627999999999978797e+00
2.851999999999999957e+01,3.900000000000003020e+00,0.000000000000000000e+00,2.633999999999978581e+00
2.853999999999999915e+01,3.900000000000003020e+00,0.000000000000000000e+00,2.639999999999978364e+00
2.855999999999999872e+01,3.900000000000003020e+00,0.000000000000000000e+00,2.645999999999978147e+00
2.857999999999999829e+01,3.900000000000003020e+00,0.000000000000000000e+00,2.651999999999977931e+00
2.860000000000000142e+01,3.900000000000003020e+00,0.000000000000000000e+00,2.657999999999977714e+00
2.862000000000000099e+01,3.900000000000003020e+00,0.000000000000000000e+00,2.663999999999977497e+00
2.864000000000000057e+01,3.900000000000003020e+00,0.000000000000000000e+00,2.669999999999977280e+00
2.866000000000000014e+01,3.900000000000003020e+00,0.000000000000000000e+00,2.675999999999977064e+00
2.867999999999999972e+01,3.900000000000003020e+00,0.000000000000000000e+00,2.681999999999976847e+00
2.869999999999999929e+01,3.900000000000003020e+00,0.000000000000000000e+00,2.687999999999976630e+00
2.871999999999999886e+01,3.900000000000003020e+00,0.000000000000000000e+00,2.693999999999976414e+00
2.873999999999999844e+01,3.900000000000003020e+00,0.000000000000000000e+00,2.699999999999976197e+00
2.876000000000000156e+01,3.900000000000003020e+00,0.000000000000000000e+00,2.705999999999975980e+00
2.878000000000000114e+01,3.900000000000003020e+00,0.000000000000000000e+00,2.711999999999975763e+00
2.880000000000000071e+01,3.900000000000003020e+00,0.000000000000000000e+00,2.717999999999975547e+00
2.882000000000000028e+01,3.900000000000003020e+00,0.000000000000000000e+00,2.723999999999975330e+00
2.883999999999999986e+01,3.900000000000003020e+00,0.000000000000000000e+00,2.729999999999975113e+00
2.885999999999999943e+01,3.900000000000003020e+00,0.000000000000000000e+00,2.735999999999974897e+00
2.887999999999999901e+01,3.900000000000003020e+00,0.000000000000000000e+00,2.741999999999974680e+00
2.889999999999999858e+01,3.900000000000003020e+00,0.000000000000000000e+00,2.747999999999974463e+00
2.892000000000000171e+01,3.900000000000003020e+00,0.000000000000000000e+00,2.753999999999974246e+00
2.894000000000000128e+01,3.900000000000003020e+00,0.000000000000000000e+00,2.759999999999974030e+00
2.896000000000000085e+01,3.900000000000003020e+00,0.000000000000000000e+00,2.765999999999973813e+00
2.898000000000000043e+01,3.900000000000003020e+00,0.000000000000000000e+00,2.771999999999973596e+00
2.900000000000000000e+01,3.900000000000003020e+00,0.000000000000000000e+00,2.777999999999973380e+00
2.901999999999999957e+01,3.900000000000003020e+00,0.000000000000000000e+00,2.783999999999973163e+00
2.903999999999999915e+01,3.900000000000003020e+00,0.000000000000000000e+00,2.789999999999972946e+00
2.905999999999999872e+01,3.900000000000003020e+00,0.000000000000000000e+00,2.795999999999972729e+00
2.907999999999999829e+01,3.900000000000003020e+00,0.000000000000000000e+00,2.801999999999972513e+00
2.910000000000000142e+01,3.900000000000003020e+00,0.000000000000000000e+00,2.807999999999972296e+00
2.912000000000000099e+01,3.900000000000003020e+00,0.000000000000000000e+00,2.813999999999972079e+00
2.914000000000000057e+01,3.900000000000003020e+00,0.000000000000000000e+00,2.819999999999971863e+00
2.916000000000000014e+01,3.900000000000003020e+00,0.000000000000000000e+00,2.825999999999971646e+00
2.917999999999999972e+01,3.900000000000003020e+00,0.000000000000000000e+00,2.831999999999971429e+00
2.919999999999999929e+01,3.900000000000003020e+00,0.000000000000000000e+00,2.837999999999971212e+00
2.921999999999999886e+01,3.900000000000003020e+00,0.000000000000000000e+00,2.843999999999970996e+00
2.923999999999999844e+01,3.900000000000003020e+00,0.000000000000000000e+00,2.849999999999970779e+00
2.926000000000000156e+01,3.900000000000003020e+00,0.000000000000000000e+00,2.855999999999970562e+00
2.928000000000000114e+01,3.900000000000003020e+00,0.000000000000000000e+00,2.861999999999970345e+00
2.930000000000000071e+01,3.900000000000003020e+00,0.000000000000000000e+00,2.867999999999970129e+00
2.932000000000000028e+01,3.900000000000003020e+00,0.000000000000000000e+00,2.873999999999969912e+00
2.933999999999999986e+01,3.900000000000003020e+00,0.000000000000000000e+00,2.879999999999969695e+00
2.935999999999999943e+01,3.900000000000003020e+00,0.000000000000000000e+00,2.885471853071766013e+00
2.937999999999999901e+01,3.900000000000003020e+00,0.000000000000000000e+00,2.890943706143562331e+00
2.939999999999999858e+01,3.900000000000003020e+00,0.000000000000000000e+00,2.896415559215358648e+00
2.942000000000000171e+01,3.900000000000003020e+00,0.000000000000000000e+00,2.901887412287154966e+00
2.944000000000000128e+01,3.900000000000003020e+00,0.000000000000000000e+00,2.906790954174643726e+00
2.946000000000000085e+01,3.900000000000003020e+00,0.000000000000000000e+00,2.911694496062132487e+00
2.948000000000000043e+01,3.900000000000003020e+00,0.000000000000000000e+00,2.916598037949621247e+00
2.950000000000000000e+01,3.900000000000003020e+00,0.000000000000000000e+00,2.921501579837110008e+00
2.951999999999999957e+01,3.900000000000003020e+00,0.000000000000000000e+00,2.926405121724598768e+00
2.953999999999999915e+01,3.900000000000003020e+00,0.000000000000000000e+00,2.930806943199652626e+00
2.955999999999999872e+01,3.900000000000003020e+00,0.000000000000000000e+00,2.935208764674706483e+00
2.957999999999999829e+01,3.900000000000003020e+00,0.000000000000000000e+00,2.939610586149760341e+00
2.960000000000000142e+01,3.900000000000003020e+00,0.000000000000000000e+00,2.944012407624814198e+00
2.962000000000000099e+01,3.900000000000003020e+00,0.000000000000000000e+00,2.948414229099868056e+00
2.964000000000000057e+01,3.896072896958432619e+00,7.601584575981333580e-04,2.952365834019167856e+00
2.966000000000000014e+01,3.892142820739952658e+00,1.504792660887111552e-03,2.956317438938467657e+00
2.967999999999999972e+01,3.888209832713336311e+00,2.233890982283940913e-03,2.960269043857767457e+00
2.969999999999999929e+01,3.884273994292825716e+00,2.947442036800912782e-03,2.964220648777067257e+00
2.971999999999999886e+01,3.880335366937171404e+00,3.645434682223279519e-03,2.968172253696367058e+00
2.973999999999999844e+01,3.876394012148674406e+00,4.327858019283334877e-03,2.972123858615666858e+00
2.976000000000000156e+01,3.872450120763713421e+00,4.995468549949741432e-03,2.975686474991841024e+00
2.978000000000000114e+01,3.868503875971946560e+00,5.649024301573943654e-03,2.979249091368015190e+00
2.980000000000000071e+01,3.864555327859989120e+00,6.288516979081063690e-03,2.982811707744189356e+00
2.982000000000000028e+01,3.860604526543690351e+00,6.913938465888201830e-03,2.986374324120363521e+00
2.983999999999999986e+01,3.856651630180338408e+00,7.525981452548017453e-03,2.989582487591022186e+00
2.985999999999999943e+01,3.852696790628607815e+00,8.125339773579209890e-03,2.992790651061680851e+00
2.987999999999999901e+01,3.848740048592909968e+00,8.712007260203593825e-03,2.995998814532339516e+00
2.989999999999999858e+01,3.844781444797236603e+00,9.285977874260987336e-03,2.999206978002998181e+00
2.992000000000000171e+01,3.840821019984741458e+00,9.847245708271366166e-03,3.002415141473656846e+00
2.994000000000000128e+01,3.836858900266238326e+00,1.039642341511183045e-02,3.005311159212573191e+00
2.996000000000000085e+01,3.832895206736553817e+00,1.093412446605030244e-02,3.008207176951489537e+00
2.998000000000000043e+01,3.828929972638840162e+00,1.146034435143463391e-02,3.011103194690405882e+00
3.000000000000000000e+01,3.824963231229170812e+00,1.197507865790461631e-02,3.013999212429322228e+00
3.001999999999999957e+01,3.820995015776260217e+00,1.247832306842831807e-02,3.016895230168238573e+00
3.003999999999999915e+01,3.817025359561185383e+00,1.297007336233888843e-02,3.019791247907154919e+00
3.005999999999999872e+01,3.813054363263335578e+00,1.345088443587118092e-02,3.022405731918060390e+00
3.007999999999999829e+01,3.809082123465971748e+00,1.392131177160559063e-02,3.025020215928965861e+00
3.010000000000000142e+01,3.805108667321429383e+00,1.438135215392573503e-02,3.027634699939871332e+00
3.012000000000000099e+01,3.801134021990358214e+00,1.483100243821473471e-02,3.030249183950776803e+00
3.014000000000000057e+01,3.797158271506607008e+00,1.527077590016143703e-02,3.032603932369231536e+00
3.016000000000000014e+01,3.793181496490394267e+00,1.570118625935975482e-02,3.034958680787686269e+00
3.017999999999999972e+01,3.789203718992291137e+00,1.612223112925428511e-02,3.037313429206141002e+00
3.019999999999999929e+01,3.785224961068427874e+00,1.653390817521947428e-02,3.039668177624595735e+00
3.021999999999999886e+01,3.781245244780370829e+00,1.693621511457320608e-02,3.042022926043050468e+00
3.023999999999999844e+01,3.777264637022175631e+00,1.732960531494952966e-02,3.044148775247411010e+00
3.026000000000000156e+01,3.773283201971013412e+00,1.771453246095290243e-02,3.046274624451771551e+00
3.028000000000000114e+01,3.769300957619917014e+00,1.809099481300783033e-02,3.048400473656132093e+00
3.030000000000000071e+01,3.765317921965577241e+00,1.845899066979336464e-02,3.050526322860492634e+00
3.032000000000000028e+01,3.761334113008260704e+00,1.881851836825020399e-02,3.052652172064853175e+00
3.033999999999999986e+01,3.757349584876798598e+00,1.916998765224858792e-02,3.054571545342047223e+00
3.035999999999999943e+01,3.753364389484485475e+00,1.951380849672007881e-02,3.056490918619241270e+00
3.037999999999999901e+01,3.749378541512752072e+00,1.984997963503076085e-02,3.058410291896435318e+00
3.039999999999999858e+01,3.745392055645432539e+00,2.017849982872898726e-02,3.060329665173629365e+00
3.042000000000000171e+01,3.741404946568711587e+00,2.049936786754838133e-02,3.062249038450823413e+00
3.044000000000000128e+01,3.737417228971069871e+00,2.081258256941385595e-02,3.064168411728017460e+00
3.046000000000000085e+01,3.733428945920063580e+00,2.111851442559818312e-02,3.065901421522508663e+00
3.048000000000000043e+01,3.729440138675468752e+00,2.141753409224533486e-02,3.067634431316999866e+00
3.050000000000000000e+01,3.725450819216959086e+00,2.170964067130334851e-02,3.069367441111491068e+00
3.051999999999999957e+01,3.721460999525746161e+00,2.199483328548215363e-02,3.071100450905982271e+00
3.053999999999999915e+01,3.717470715431320905e+00,2.227345416876435821e-02,3.072661501560201014e+00
3.055999999999999872e+01,3.713480001257678964e+00,2.254584567949767526e-02,3.074222552214419757e+00
3.057999999999999829e+01,3.709488866729707013e+00,2.281200715389724784e-02,3.075783602868638500e+00
3.060000000000000142e+01,3.705497321573315350e+00,2.307193794335954048e-02,3.077344653522857243e+00
3.062000000000000099e+01,3.701505375515415253e+00,2.332563741446490660e-02,3.078905704177075986e+00
3.064000000000000057e+01,3.697513056974062184e+00,2.357340750042198271e-02,3.080315190728002417e+00
3.066000000000000014e+01,3.693520393169894778e+00,2.381555022283475195e-02,3.081724677278928848e+00
3.067999999999999972e+01,3.689527392034946285e+00,2.405206510064997541e-02,3.083134163829855279e+00
3.069999999999999929e+01,3.685534061501920977e+00,2.428295166399441554e-02,3.084543650380781710e+00
3.071999999999999886e+01,3.681540409504176381e+00,2.450820945417735500e-02,3.085953136931708141e+00
3.073999999999999844e+01,3.677546458939356278e+00,2.472811108196878646e-02,3.087225889487384300e+00
3.076000000000000156e+01,3.673552231729150908e+00,2.494292922223446951e-02,3.088498642043060460e+00
3.078000000000000114e+01,3.669557734343804167e+00,2.515266352699129654e-02,3.089771394598736620e+00
3.080000000000000071e+01,3.665562973253998269e+00,2.535731365649068411e-02,3.091044147154412780e+00
3.082000000000000028e+01,3.661567954930841751e+00,2.555687927921996075e-02,3.092316899710088940e+00
3.083999999999999986e+01,3.657572697806119599e+00,2.575160664272581681e-02,3.093466221897477553e+00
3.085999999999999943e+01,3.653577219515717456e+00,2.594174204097269079e-02,3.094615544084866166e+00
3.087999999999999901e+01,3.649581525337427745e+00,2.612728522280367144e-02,3.095764866272254778e+00
3.089999999999999858e+01,3.645585620549327999e+00,2.630823594312666630e-02,3.096914188459643391e+00
3.092000000000000171e+01,3.641589510429774634e+00,2.648459396291632378e-02,3.098063510647032004e+00
3.094000000000000128e+01,3.637593200257394077e+00,2.665635904921442520e-02,3.099212832834420617e+00
3.096000000000000085e+01,3.633596704590356552e+00,2.682375363408549124e-02,3.100250728903737762e+00
3.098000000000000043e+01,3.629600037337737284e+00,2.698700018239598084e-02,3.101288624973054908e+00
3.100000000000000000e+01,3.625603202804859038e+00,2.714609851829248924e-02,3.102326521042372054e+00
3.101999999999999957e+01,3.621606205297224435e+00,2.730104847038990895e-02,3.103364417111689200e+00
3.103999999999999915e+01,3.617609056845425997e+00,2.745205538574716289e-02,3.104299483624529898e+00
3.105999999999999872e+01,3.613611768939590352e+00,2.759932463596876523e-02,3.105234550137370597e+00
3.107999999999999829e+01,3.609614345074743547e+00,2.774285609228940852e-02,3.106169616650211296e+00
3.110000000000000142e+01,3.605616788746030199e+00,2.788264962921270518e-02,3.107104683163051995e+00
3.112000000000000099e+01,3.601619103448711279e+00,2.801870512451072950e-02,3.108039749675892693e+00
3.114000000000000057e+01,3.597621298652539767e+00,2.815120365652336656e-02,3.108884168303521989e+00
3.116000000000000014e+01,3.593623383397456017e+00,2.828032632085917750e-02,3.109728586931151284e+00
3.117999999999999972e+01,3.589625360534144605e+00,2.840607302544794280e-02,3.110573005558780579e+00
3.119999999999999929e+01,3.585627232913366935e+00,2.852844368062706221e-02,3.111417424186409875e+00
3.121999999999999886e+01,3.581629003385958576e+00,2.864743819914103082e-02,3.112261842814039170e+00
3.123999999999999844e+01,3.577630679512526335e+00,2.876322000980705354e-02,3.113024470701153401e+00
3.126000000000000156e+01,3.573632268503380338e+00,2.887595255381134388e-02,3.113787098588267632e+00
3.128000000000000114e+01,3.569633772684001283e+00,2.898563576558937233e-02,3.114549726475381863e+00
3.130000000000000071e+01,3.565635194379919160e+00,2.909226958134801533e-02,3.115312354362496094e+00
3.132000000000000028e+01,3.561636535916712809e+00,2.919585393907020432e-02,3.116074982249610326e+00
3.133999999999999986e+01,3.557637803316827885e+00,2.929653642045222661e-02,3.116763766026945159e+00
3.135999999999999943e+01,3.553639002317034112e+00,2.939446461602424412e-02,3.117452549804279993e+00
3.137999999999999901e+01,3.549640134814455283e+00,2.948963847932664986e-02,3.118141333581614827e+00
3.139999999999999858e+01,3.545641202706245831e+00,2.958205796520737424e-02,3.118830117358949661e+00
3.142000000000000171e+01,3.541642207889591720e+00,2.967172302981995954e-02,3.119518901136284494e+00
3.144000000000000128e+01,3.537643155146644069e+00,2.975876694453614621e-02,3.120141012351894894e+00
3.146000000000000085e+01,3.533644049026565703e+00,2.984332298700471953e-02,3.120763123567505293e+00
3.148000000000000043e+01,3.529644891077099889e+00,2.992539112450243871e-02,3.121385234783115692e+00
3.150000000000000000e+01,3.525645682846010764e+00,3.000497132526547261e-02,3.122007345998726091e+00
3.151999999999999957e+01,3.521646425881080678e+00,3.008206355849581473e-02,3.122629457214336490e+00
3.153999999999999915e+01,3.517647123965610412e+00,3.015678817235625461e-02,3.123191369051308452e+00
3.155999999999999872e+01,3.513647780692876754e+00,3.022926551945276721e-02,3.123753280888280415e+00
3.157999999999999829e+01,3.509648397325652258e+00,3.029949557690010675e-02,3.124315192725252377e+00
3.160000000000000142e+01,3.505648975126721467e+00,3.036747832252352161e-02,3.124877104562224339e+00
3.162000000000000099e+01,3.501649515358881803e+00,3.043321373485796677e-02,3.125439016399196301e+00
3.164000000000000057e+01,3.497650021002221443e+00,3.049681049231187102e-02,3.125946571871718760e+00
3.166000000000000014e+01,3.493650494881840096e+00,3.055837727641300822e-02,3.126454127344241218e+00
3.167999999999999972e+01,3.489650938028066030e+00,3.061791407130103060e-02,3.126961682816763677e+00
3.169999999999999929e+01,3.485651351471235060e+00,3.067542086163881770e-02,3.127469238289286135e+00
3.171999999999999886e+01,3.481651736241690998e+00,3.073089763261159860e-02,3.127976793761808594e+00
3.173999999999999844e+01,3.477652094674726690e+00,3.078444252529215219e-02,3.128435267215111448e+00
3.176000000000000156e+01,3.473652428979209450e+00,3.083615368292862494e-02,3.128893740668414303e+00
3.178000000000000114e+01,3.469652739995860546e+00,3.088603109465012930e-02,3.129352214121717157e+00
3.180000000000000071e+01,3.465653028565406579e+00,3.093407474997419970e-02,3.129810687575020012e+00
3.182000000000000028e+01,3.461653295528578145e+00,3.098028463880097422e-02,3.130269161028322866e+00
3.183999999999999986e+01,3.457653542704041350e+00,3.102474938774276922e-02,3.130683313621648090e+00
3.185999999999999943e+01,3.453653771807337680e+00,3.106755762491342221e-02,3.131097466214973313e+00
3.187999999999999901e+01,3.449653983524517020e+00,3.110870934297100404e-02,3.131511618808298536e+00
3.189999999999999858e+01,3.445654178541632806e+00,3.114820453485666815e-02,3.131925771401623759e+00
3.192000000000000171e+01,3.441654357544740694e+00,3.118604319379572609e-02,3.132339923994948983e+00
3.194000000000000128e+01,3.437654521939496721e+00,3.122230535572372706e-02,3.132714053758272499e+00
3.196000000000000085e+01,3.433654673047433548e+00,3.125707105760038712e-02,3.133088183521596015e+00
3.198000000000000043e+01,3.429654811428422434e+00,3.129034029455903670e-02,3.133462313284919531e+00
3.200000000000000000e+01,3.425654937642336417e+00,3.132211306194310207e-02,3.133836443048243048e+00
3.202000000000000313e+01,3.421655052249049866e+00,3.135238935530611226e-02,3.134210572811566564e+00
3.203999999999999915e+01,3.417655156324895138e+00,3.138124145409797172e-02,3.134548559808146173e+00
3.206000000000000227e+01,3.413655250877570602e+00,3.140874163845730482e-02,3.134886546804725782e+00
3.207999999999999829e+01,3.409655336364006750e+00,3.143488990524383186e-02,3.135224533801305391e+00
3.210000000000000142e+01,3.405655413241134077e+00,3.145968625146838143e-02,3.135562520797885000e+00
3.211999999999999744e+01,3.401655481965885297e+00,3.148313067429944073e-02,3.135900507794464609e+00
3.214000000000000057e+01,3.397655543352775531e+00,3.150528844992420141e-02,3.136205854868924892e+00
3.215999999999999659e+01,3.393655598160324693e+00,3.152622485498092486e-02,3.136511201943385174e+00
3.217999999999999972e+01,3.389655646761474905e+00,3.154593988751928924e-02,3.136816549017845457e+00
3.220000000000000284e+01,3.385655689529169177e+00,3.156443354569805904e-02,3.137121896092305740e+00
3.221999999999999886e+01,3.381655726836350961e+00,3.158170582779670776e-02,3.137427243166766022e+00
3.224000000000000199e+01,3.377655759290112414e+00,3.159781568679606578e-02,3.137703112711258679e+00
3.225999999999999801e+01,3.373655787451861343e+00,3.161282207597274074e-02,3.137978982255751337e+00
3.228000000000000114e+01,3.369655811626011133e+00,3.162672499418218292e-02,3.138254851800243994e+00
3.229999999999999716e+01,3.365655832116976498e+00,3.163952444036837591e-02,3.138530721344736651e+00
3.232000000000000028e+01,3.361655849229171711e+00,3.165122041355739740e-02,3.138806590889229309e+00
3.234000000000000341e+01,3.357655863406037167e+00,3.166186615750712224e-02,3.139055838017703604e+00
3.235999999999999943e+01,3.353655875053729751e+00,3.167151491615525366e-02,3.139305085146177898e+00
3.238000000000000256e+01,3.349655884420744911e+00,3.168016668890491494e-02,3.139554332274652193e+00
3.239999999999999858e+01,3.345655891755578537e+00,3.168782147521623932e-02,3.139803579403126488e+00
3.242000000000000171e+01,3.341655897306726519e+00,3.169447927461529341e-02,3.140052826531600783e+00
3.243999999999999773e+01,3.337655901389128044e+00,3.170018817593256433e-02,3.140278029013909844e+00
3.246000000000000085e+01,3.333655904287303073e+00,3.170499626810323324e-02,3.140503231496218906e+00
3.247999999999999687e+01,3.329655906204116000e+00,3.170890355088278739e-02,3.140728433978527967e+00
3.250000000000000000e+01,3.325655907342431217e+00,3.171191002407402343e-02,3.140953636460837028e+00
3.252000000000000313e+01,3.321655907905113558e+00,3.171401568752510447e-02,3.141178838943146090e+00
3.253999999999999915e+01,3.317655908106788232e+00,3.171526397554122467e-02,3.141382324216179356e+00
3.256000000000000227e+01,3.313655908137267403e+00,3.171569832248978538e-02,3.141585809489212622e+00
3.257999999999999829e+01,3.309655908162175919e+00,3.171531872834678495e-02,-3.141396012417340788e+00
3.260000000000000142e+01,3.305655908347138627e+00,3.171412519312967471e-02,-3.141192527144307522e+00
3.261999999999999744e+01,3.301655908857780819e+00,3.171211771689083636e-02,-3.140989041871274257e+00
3.264000000000000057e+01,3.297655909830989440e+00,3.170933553115973941e-02,-3.140805172329367512e+00
3.265999999999999659e+01,3.293655911383373436e+00,3.170581786749392811e-02,-3.140621302787460767e+00
3.267999999999999972e+01,3.289655913650164631e+00,3.170156472600691583e-02,-3.140437433245554022e+00
3.270000000000000284e+01,3.285655916766594853e+00,3.169657610684603610e-02,-3.140253563703647277e+00
3.271999999999999886e+01,3.281655920867896370e+00,3.169085201018035508e-02,-3.140069694161740532e+00
3.274000000000000199e+01,3.277655926031189271e+00,3.168442787258743398e-02,-3.139903542836231409e+00
3.275999999999999801e+01,3.273655932317073525e+00,3.167733913063927598e-02,-3.139737391510722286e+00
3.278000000000000114e+01,3.269655939835974134e+00,3.166958578453633877e-02,-3.139571240185213163e+00
3.279999999999999716e+01,3.265655948698315658e+00,3.166116783448977290e-02,-3.139405088859704041e+00
3.282000000000000028e+01,3.261655959014523543e+00,3.165208528073479299e-02,-3.139238937534194918e+00
3.284000000000000341e+01,3.257655970816304425e+00,3.164237013305457730e-02,-3.139088791024668978e+00
3.285999999999999943e+01,3.253655984121869071e+00,3.163205440121948098e-02,-3.138938644515143039e+00
3.288000000000000256e+01,3.249655999021392461e+00,3.162113808546020838e-02,-3.138788498005617100e+00
3.289999999999999858e+01,3.245656015605050460e+00,3.160962118602816950e-02,-3.138638351496091161e+00
3.292000000000000171e+01,3.241656033963018491e+00,3.159750370318067936e-02,-3.138488204986565222e+00
3.293999999999999773e+01,3.237656054185471977e+00,3.158478563718985360e-02,-3.138338058477039283e+00
3.296000000000000085e+01,3.233656076265726931e+00,3.157149590341182949e-02,-3.138202369584609297e+00
3.297999999999999687e+01,3.229656100186073964e+00,3.155766341718855422e-02,-3.138066680692179311e+00
3.300000000000000000e+01,3.225656126020158165e+00,3.154328817876875940e-02,-3.137930991799749325e+00
3.302000000000000313e+01,3.221656153841625514e+00,3.152837018841754546e-02,-3.137795302907319339e+00
3.303999999999999915e+01,3.217656183620438259e+00,3.151293614793274078e-02,-3.137672964876084158e+00
3.306000000000000227e+01,3.213656215317354459e+00,3.149701275908115689e-02,-3.137550626844848978e+00
3.307999999999999829e+01,3.209656248992239558e+00,3.148060002210600200e-02,-3.137428288813613797e+00
3.310000000000000142e+01,3.205656284704959447e+00,3.146369793724686226e-02,-3.137305950782378616e+00
3.311999999999999744e+01,3.201656322515380015e+00,3.144630650475783301e-02,-3.137183612751143436e+00
3.314000000000000057e+01,3.197656362377681916e+00,3.142844927918334030e-02,-3.137073051978114702e+00
3.315999999999999659e+01,3.193656404238739643e+00,3.141014981503235937e-02,-3.136962491205085968e+00
3.317999999999999972e+01,3.189656448147447421e+00,3.139140811253383900e-02,-3.136851930432057234e+00
3.320000000000000284e+01,3.185656494152699469e+00,3.137222417190869972e-02,-3.136741369659028500e+00
3.321999999999999886e+01,3.181656542303390012e+00,3.135259799339794318e-02,-3.136630808885999766e+00
3.324000000000000199e+01,3.177656592541397096e+00,3.133255084412583935e-02,-3.136530881690980266e+00
3.325999999999999801e+01,3.173656644802630211e+00,3.131210399119550153e-02,-3.136430954495960766e+00
3.328000000000000114e+01,3.169656699127030741e+00,3.129125743481136340e-02,-3.136331027300941265e+00
3.329999999999999716e+01,3.165656755554539625e+00,3.127001117517785173e-02,-3.136231100105921765e+00
3.332000000000000028e+01,3.161656814125098247e+00,3.124836521250828891e-02,-3.136131172910902265e+00
3.334000000000000341e+01,3.157656874772495570e+00,3.122633876048365453e-02,-3.136040852593200423e+00
3.335999999999999943e+01,3.153656937425644458e+00,3.120395103275847709e-02,-3.135950532275498581e+00
3.338000000000000256e+01,3.149657002117175253e+00,3.118120202950976430e-02,-3.135860211957796739e+00
3.339999999999999858e+01,3.145657068879718299e+00,3.115809175092927250e-02,-3.135769891640094897e+00
3.342000000000000171e+01,3.141657137745904382e+00,3.113462019719892213e-02,-3.135679571322393056e+00
3.343999999999999773e+01,3.137657208644727191e+00,3.111080472772022321e-02,-3.135597930760466223e+00
3.346000000000000085e+01,3.133657281501188496e+00,3.108666270186041108e-02,-3.135516290198539391e+00
3.347999999999999687e+01,3.129657356341948748e+00,3.106219411977723457e-02,-3.135434649636612559e+00
3.350000000000000000e+01,3.125657433193667956e+00,3.103739898164475930e-02,-3.135353009074685726e+00
3.352000000000000313e+01,3.121657512083006125e+00,3.101227728762073060e-02,-3.135271368512758894e+00
3.353999999999999915e+01,3.117657593036623709e+00,3.098682903786833739e-02,-3.135189727950832062e+00
3.356000000000000227e+01,3.113657675979933703e+00,3.096106991705560585e-02,-3.135115929795354361e+00
3.357999999999999829e+01,3.109657760835111695e+00,3.093501560980777693e-02,-3.135042131639876661e+00
3.360000000000000142e+01,3.105657847623941592e+00,3.090866611627528932e-02,-3.134968333484398961e+00
3.361999999999999744e+01,3.101657936368207302e+00,3.088202143659654966e-02,-3.134894535328921261e+00
3.364000000000000057e+01,3.097658026991965574e+00,3.085509605791088988e-02,-3.134827980837311845e+00
3.365999999999999659e+01,3.093658119416587748e+00,3.082790446735272569e-02,-3.134761426345702429e+00
3.367999999999999972e+01,3.089658213659791208e+00,3.080044666504216239e-02,-3.134694871854093012e+00
3.370000000000000284e+01,3.085658309739293337e+00,3.077272265109930877e-02,-3.134628317362483596e+00
3.371999999999999886e+01,3.081658407672811961e+00,3.074473242564426667e-02,-3.134561762870874180e+00
3.374000000000000199e+01,3.077658507387673215e+00,3.071648877123561369e-02,-3.134501599757275159e+00
3.375999999999999801e+01,3.073658608809000103e+00,3.068800447042950574e-02,-3.134441436643676138e+00
3.378000000000000114e+01,3.069658711951269936e+00,3.065927952332189732e-02,-3.134381273530077117e+00
3.379999999999999716e+01,3.065658816828960909e+00,3.063031393001613284e-02,-3.134321110416478096e+00
3.382000000000000028e+01,3.061658923456551662e+00,3.060110769061554978e-02,-3.134260947302879075e+00
3.384000000000000341e+01,3.057659031763419133e+00,3.057167234898556726e-02,-3.134206556225548557e+00
3.385999999999999943e+01,3.053659141677222966e+00,3.054201944898886356e-02,-3.134152165148218039e+00
3.388000000000000256e+01,3.049659253209796805e+00,3.051214899069891809e-02,-3.134097774070887521e+00
3.389999999999999858e+01,3.045659366372973409e+00,3.048206097421371150e-02,-3.134043382993557003e+00
3.392000000000000171e+01,3.041659481178586422e+00,3.045175539961489028e-02,-3.133988991916226485e+00
3.393999999999999773e+01,3.037659597638468600e+00,3.042123226700043162e-02,-3.133934600838895967e+00
3.396000000000000085e+01,3.033659715684230207e+00,3.039050200802084073e-02,-3.133885425697061855e+00
3.397999999999999687e+01,3.029659835245992916e+00,3.035957505431111439e-02,-3.133836250555227743e+00
3.400000000000000000e+01,3.025659956333428990e+00,3.032845140595253133e-02,-3.133787075413393630e+00
3.402000000000000313e+01,3.021660078956211137e+00,3.029713106301733933e-02,-3.133737900271559518e+00
3.403999999999999915e+01,3.017660203048019518e+00,3.026562366221637740e-02,-3.133693543599071152e+00
3.406000000000000227e+01,3.013660328541326372e+00,3.023393884027384543e-02,-3.133649186926582786e+00
3.407999999999999829e+01,3.009660455444001403e+00,3.020207659722979124e-02,-3.133604830254094420e+00
3.410000000000000142e+01,3.005660583763914318e+00,3.017003693315429766e-02,-3.133560473581606054e+00
3.411999999999999744e+01,3.001660713508935263e+00,3.013781984811744405e-02,-3.133516116909117688e+00
3.414000000000000057e+01,2.997660844618000642e+00,3.010543384636176975e-02,-3.133476012468171756e+00
3.415999999999999659e+01,2.993660977029104941e+00,3.007288743213192700e-02,-3.133435908027225825e+00
3.417999999999999972e+01,2.989661110748681683e+00,3.004018060546113575e-02,-3.133395803586279893e+00
3.420000000000000284e+01,2.985661245783163942e+00,3.000731336642690691e-02,-3.133355699145333961e+00
3.421999999999999886e+01,2.981661382138985239e+00,2.997428571506246392e-02,-3.133315594704388030e+00
3.424000000000000199e+01,2.977661519758787012e+00,2.994110533277125064e-02,-3.133279331063290041e+00
3.425999999999999801e+01,2.973661658584460188e+00,2.990777990092900393e-02,-3.133243067422192052e+00
3.428000000000000114e+01,2.969661798621265003e+00,2.987430941957246178e-02,-3.133206803781094063e+00
3.429999999999999716e+01,2.965661939874461694e+00,2.984069388875060930e-02,-3.133170540139996074e+00
3.432000000000000028e+01,2.961662082349309610e+00,2.980693330851242814e-02,-3.133134276498898085e+00
3.434000000000000341e+01,2.957662225992186755e+00,2.977303462130867495e-02,-3.133101484187021502e+00
3.435999999999999943e+01,2.953662370748831201e+00,2.973900476958481892e-02,-3.133068691875144918e+00
3.438000000000000256e+01,2.949662516623543507e+00,2.970484375338148728e-02,-3.133035899563268334e+00
3.439999999999999858e+01,2.945662663620625121e+00,2.967055157272576599e-02,-3.133003107251391750e+00
3.442000000000000171e+01,2.941662811744377048e+00,2.963612822767182700e-02,-3.132970314939515166e+00
3.443999999999999773e+01,2.937662960944861457e+00,2.960157999315389879e-02,-3.132940660204738492e+00
3.446000000000000085e+01,2.933663111171623150e+00,2.956691314414004734e-02,-3.132911005469961818e+00
3.447999999999999687e+01,2.929663262428179760e+00,2.953212768066022439e-02,-3.132881350735185144e+00
3.450000000000000000e+01,2.925663414718048916e+00,2.949722360274438168e-02,-3.132851696000408470e+00
3.452000000000000313e+01,2.921663568044747805e+00,2.946220091040748987e-02,-3.132822041265631796e+00
3.453999999999999915e+01,2.917663722361972578e+00,2.942706527556423687e-02,-3.132795222566415738e+00
3.456000000000000227e+01,2.913663877622928222e+00,2.939182237007477785e-02,-3.132768403867199680e+00
3.457999999999999829e+01,2.909664033830490659e+00,2.935647219395567248e-02,-3.132741585167983622e+00
3.460000000000000142e+01,2.905664190987537587e+00,2.932101474724004009e-02,-3.132714766468767564e+00
3.461999999999999744e+01,2.901664349096945372e+00,2.928545002996099655e-02,-3.132687947769551506e+00
3.464000000000000057e+01,2.897664508115807003e+00,2.924978316908854667e-02,-3.132663692655099474e+00
3.465999999999999659e+01,2.893664668000949014e+00,2.921401929165064540e-02,-3.132639437540647442e+00
3.467999999999999972e+01,2.889664828754725079e+00,2.917815839762898447e-02,-3.132615182426195410e+00
3.470000000000000284e+01,2.885664990379487094e+00,2.914220048706018043e-02,-3.132590927311743378e+00
3.471999999999999886e+01,2.881665152877589620e+00,2.910614555996254155e-02,-3.132566672197291346e+00
3.474000000000000199e+01,2.877665316209484736e+00,2.906999825098924642e-02,-3.132544734491716998e+00
3.475999999999999801e+01,2.873665480335331424e+00,2.903376319479830311e-02,-3.132522796786142649e+00
3.478000000000000114e+01,2.869665645257054365e+00,2.899744039136946741e-02,-3.132500859080568301e+00
3.479999999999999716e+01,2.865665810976579131e+00,2.896102984076347198e-02,-3.132478921374993952e+00
3.482000000000000028e+01,2.861665977495829960e+00,2.892453154298031334e-02,-3.132456983669419603e+00
3.484000000000000341e+01,2.857666144778427508e+00,2.888794968778805872e-02,-3.132437140929289932e+00
3.485999999999999943e+01,2.853666312787697112e+00,2.885128846496138461e-02,-3.132417298189160260e+00
3.488000000000000256e+01,2.849666481525213069e+00,2.881454787450029448e-02,-3.132397455449030588e+00
3.489999999999999858e+01,2.845666650992550117e+00,2.877772791644954767e-02,-3.132377612708900916e+00
3.492000000000000171e+01,2.841666821191283887e+00,2.874082859080914765e-02,-3.132357769968771244e+00
3.493999999999999773e+01,2.837666992087974016e+00,2.870385368534617704e-02,-3.132339821187397622e+00
3.496000000000000085e+01,2.833667163648963427e+00,2.866680698782765602e-02,-3.132321872406023999e+00
3.497999999999999687e+01,2.829667335875539980e+00,2.862968849827832521e-02,-3.132303923624650377e+00
3.500000000000000000e+01,2.825667508768992420e+00,2.859249821669818808e-02,-3.132285974843276755e+00
3.502000000000000313e+01,2.821667682330609495e+00,2.855523614308724117e-02,-3.132268026061903132e+00
3.503999999999999915e+01,2.817667856529693537e+00,2.851790570197927296e-02,-3.132251789596368852e+00
3.506000000000000227e+01,2.813668031335418984e+00,2.848051031783196962e-02,-3.132235553130834571e+00
3.507999999999999829e+01,2.809668206748840547e+00,2.844304999064533115e-02,-3.132219316665300290e+00
3.510000000000000142e+01,2.805668382771012492e+00,2.840552472047405685e-02,-3.132203080199766010e+00
3.511999999999999744e+01,2.801668559402989533e+00,2.836793450729080054e-02,-3.132186843734231729e+00
3.514000000000000057e+01,2.797668736616617302e+00,2.833028244730827552e-02,-3.132172155433488037e+00
3.515999999999999659e+01,2.793668914383721447e+00,2.829257163674771952e-02,-3.132157467132744344e+00
3.517999999999999972e+01,2.789669092705164832e+00,2.825480207557889631e-02,-3.132142778832000651e+00
3.520000000000000284e+01,2.785669271581810325e+00,2.821697376386227835e-02,-3.132128090531256959e+00
3.521999999999999886e+01,2.781669451014520789e+00,2.817908670153739317e-02,-3.132113402230513266e+00
3.524000000000000199e+01,2.777669630977567472e+00,2.814114368817629414e-02,-3.132100113744987979e+00
3.525999999999999801e+01,2.773669811445171884e+00,2.810314752324251028e-02,-3.132086825259462692e+00
3.528000000000000114e+01,2.769669992418041460e+00,2.806509820680288050e-02,-3.132073536773937406e+00
3.529999999999999716e+01,2.765670173896881856e+00,2.802699573879056591e-02,-3.132060248288412119e+00
3.532000000000000028e+01,2.761670355882399619e+00,2.798884011927240539e-02,-3.132046959802886832e+00
3.534000000000000341e+01,2.757670538351185030e+00,2.795063387961895310e-02,-3.132034937057957880e+00
3.535999999999999943e+01,2.753670721279604106e+00,2.791237955117199798e-02,-3.132022914313028927e+00
3.538000000000000256e+01,2.749670904668233273e+00,2.787407713393154352e-02,-3.132010891568099975e+00
3.539999999999999858e+01,2.745671088517652070e+00,2.783572662789758623e-02,-3.131998868823171023e+00
3.542000000000000171e+01,2.741671272828438699e+00,2.779732803314400105e-02,-3.131986846078242070e+00
3.543999999999999773e+01,2.737671457579132550e+00,2.775888363862648311e-02,-3.131975967895644697e+00
3.546000000000000085e+01,2.733671642748269015e+00,2.772039573340475890e-02,-3.131965089713047323e+00
3.547999999999999687e+01,2.729671828336319717e+00,2.768186431743800691e-02,-3.131954211530449950e+00
3.550000000000000000e+01,2.725672014343758942e+00,2.764328939080787362e-02,-3.131943333347852576e+00
3.552000000000000313e+01,2.721672200771059646e+00,2.760467095343270907e-02,-3.131932455165255202e+00
3.553999999999999915e+01,2.717672387598710770e+00,2.756601107536153783e-02,-3.131922612018051666e+00
3.556000000000000227e+01,2.713672574807090232e+00,2.752731182652606509e-02,-3.131912768870848129e+00
3.557999999999999829e+01,2.709672762396585721e+00,2.748857320692629086e-02,-3.131902925723644593e+00
3.560000000000000142e+01,2.705672950367585816e+00,2.744979521660733182e-02,-3.131893082576441056e+00
3.561999999999999744e+01,2.701673138720476430e+00,2.741097785556919145e-02,-3.131883239429237520e+00
3.564000000000000057e+01,2.697673327437437596e+00,2.737212299573087149e-02,-3.131874332317369003e+00
3.565999999999999659e+01,2.693673516500641796e+00,2.733323250918717404e-02,-3.131865425205500486e+00
3.567999999999999972e+01,2.689673705910406998e+00,2.729430639583838025e-02,-3.131856518093631969e+00
3.570000000000000284e+01,2.685673895667050282e+00,2.725534465573434609e-02,-3.131847610981763452e+00
3.571999999999999886e+01,2.681674085770888727e+00,2.721634728892493443e-02,-3.131838703869894935e+00
3.574000000000000199e+01,2.677674276205643356e+00,2.717731598830564615e-02,-3.131830643304604145e+00
3.575999999999999801e+01,2.673674466955142659e+00,2.713825244697721378e-02,-3.131822582739313354e+00
3.578000000000000114e+01,2.669674658019645541e+00,2.709915666493963732e-02,-3.131814522174022564e+00
3.579999999999999716e+01,2.665674849399413127e+00,2.706002864219292023e-02,-3.131806461608731773e+00
3.582000000000000028e+01,2.661675041079803794e+00,2.702086990996075896e-02,-3.131799166695287351e+00
3.584000000000000341e+01,2.657675233045960095e+00,2.698168199947335519e-02,-3.131791871781842929e+00
3.585999999999999943e+01,2.653675425298094748e+00,2.694246491073070543e-02,-3.131784576868398506e+00
3.588000000000000256e+01,2.649675617836422248e+00,2.690321864373281316e-02,-3.131777281954954084e+00
3.589999999999999858e+01,2.645675810661153093e+00,2.686394319847967838e-02,-3.131769987041509662e+00
3.592000000000000171e+01,2.641676003772502224e+00,2.682463857497130108e-02,-3.131762692128065240e+00
3.593999999999999773e+01,2.637676197157240221e+00,2.678530612740336395e-02,-3.131756074320027228e+00
3.596000000000000085e+01,2.633676390802359712e+00,2.674594720986103735e-02,-3.131749456511989216e+00
3.597999999999999687e+01,2.629676584708037446e+00,2.670656182234432130e-02,-3.131742838703951204e+00
3.600000000000000000e+01,2.625676778874447059e+00,2.666714996492032183e-02,-3.131736220895913192e+00
3.602000000000000313e+01,2.621676973301764413e+00,2.662771163752193290e-02,-3.131729603087875180e+00
3.603999999999999915e+01,2.617677167990165366e+00,2.658824684014915452e-02,-3.131722985279837168e+00
3.606000000000000227e+01,2.613677362927680381e+00,2.654875682793857855e-02,-3.131716995002034931e+00
3.607999999999999829e+01,2.609677558101822559e+00,2.650924285566856956e-02,-3.131711004724232694e+00
3.610000000000000142e+01,2.605677753512735784e+00,2.646970492356152949e-02,-3.131705014446430457e+00
3.611999999999999744e+01,2.601677949160564829e+00,2.643014303139505639e-02,-3.131699024168628220e+00
3.614000000000000057e+01,2.597678145033899710e+00,2.639055834056110508e-02,-3.131693614496472655e+00
3.615999999999999659e+01,2.593678341121433473e+00,2.635095201199559242e-02,-3.131688204824317090e+00
3.617999999999999972e+01,2.589678537423284688e+00,2.631132404586270304e-02,-3.131682795152161525e+00
3.620000000000000284e+01,2.585678733939567042e+00,2.627167444216243694e-02,-3.131677385480005960e+00
3.621999999999999886e+01,2.581678930670399996e+00,2.623200320073061295e-02,-3.131671975807850394e+00
3.624000000000000199e+01,2.577679127605478460e+00,2.619231134747150580e-02,-3.131667079046731583e+00
3.625999999999999801e+01,2.573679324734967633e+00,2.615259990817012103e-02,-3.131662182285612772e+00
3.628000000000000114e+01,2.569679522058962107e+00,2.611286888273576731e-02,-3.131657285524493961e+00
3.629999999999999716e+01,2.565679719577558249e+00,2.607311827125913598e-02,-3.131652388763375150e+00
3.632000000000000028e+01,2.561679917290851094e+00,2.603334807374022702e-02,-3.131647492002256339e+00
3.634000000000000341e+01,2.557680115190068992e+00,2.599355921752692297e-02,-3.131643058986613326e+00
3.635999999999999943e+01,2.553680313265710655e+00,2.595375263016529849e-02,-3.131638625970970313e+00
3.638000000000000256e+01,2.549680511517854686e+00,2.591392831165535357e-02,-3.131634192955327300e+00
3.639999999999999858e+01,2.545680709946578801e+00,2.587408626189690794e-02,-3.131629759939684288e+00
3.642000000000000171e+01,2.541680908551964713e+00,2.583422648099014535e-02,-3.131625326924041275e+00
3.643999999999999773e+01,2.537681107325484575e+00,2.579434980790561160e-02,-3.131621313465802636e+00
3.646000000000000085e+01,2.533681306259080390e+00,2.575445708182771271e-02,-3.131617300007563998e+00
3.647999999999999687e+01,2.529681505352816107e+00,2.571454830275644865e-02,-3.131613286549325359e+00
3.650000000000000000e+01,2.525681704606755673e+00,2.567462347058116837e-02,-3.131609273091086720e+00
3.652000000000000313e+01,2.521681904020963483e+00,2.563468258541252293e-02,-3.131605259632848082e+00
3.653999999999999915e+01,2.517682103587985054e+00,2.559472640642017002e-02,-3.131601625780812359e+00
3.656000000000000227e+01,2.513682303300227350e+00,2.555475569275181269e-02,-3.131597991928776636e+00
3.657999999999999829e+01,2.509682503157741884e+00,2.551477044428523966e-02,-3.131594358076740914e+00
3.660000000000000142e+01,2.505682703160585501e+00,2.547477066126487000e-02,-3.131590724224705191e+00
3.661999999999999744e+01,2.501682903308807937e+00,2.543475634356849244e-02,-3.131587090372669469e+00
3.664000000000000057e+01,2.497683103595620846e+00,2.539472817806542534e-02,-3.131583799999280160e+00
3.665999999999999659e+01,2.493683304014164825e+00,2.535468685160279650e-02,-3.131580509625890851e+00
3.667999999999999972e+01,2.489683504564479843e+00,2.531463236445053930e-02,-3.131577219252501543e+00
3.670000000000000284e+01,2.485683705246610753e+00,2.527456471647368530e-02,-3.131573928879112234e+00
3.671999999999999886e+01,2.481683906060601519e+00,2.523448390767223451e-02,-3.131570638505722926e+00
3.674000000000000199e+01,2.477684107000424074e+00,2.519439055956730622e-02,-3.131567658939424348e+00
3.675999999999999801e+01,2.473684308059722614e+00,2.515428529383086434e-02,-3.131564679373125770e+00
3.678000000000000114e+01,2.469684509238536219e+00,2.511416811031386490e-02,-3.131561699806827193e+00
3.679999999999999716e+01,2.465684710536900415e+00,2.507403900931439583e-02,-3.131558720240528615e+00
3.682000000000000028e+01,2.461684911954849841e+00,2.503389799053436574e-02,-3.131555740674230037e+00
3.684000000000000341e+01,2.457685113486437700e+00,2.499374561654510440e-02,-3.131553042367412942e+00
3.685999999999999943e+01,2.453685315126383770e+00,2.495358245001222039e-02,-3.131550344060595847e+00
3.688000000000000256e+01,2.449685516874716473e+00,2.491340849060655685e-02,-3.131547645753778752e+00
3.689999999999999858e+01,2.445685718731466896e+00,2.487322373865727063e-02,-3.131544947446961658e+00
3.692000000000000171e+01,2.441685920696660350e+00,2.483302819399978156e-02,-3.131542249140144563e+00
3.693999999999999773e+01,2.437686122765240881e+00,2.479282236574228970e-02,-3.131539805369123908e+00
3.696000000000000085e+01,2.433686324932088141e+00,2.475260676279055980e-02,-3.131537361598103253e+00
3.697999999999999687e+01,2.429686527197227885e+00,2.471238138532631801e-02,-3.131534917827082598e+00
3.700000000000000000e+01,2.425686729560676547e+00,2.467214623334956433e-02,-3.131532474056061943e+00
3.702000000000000313e+01,2.421686932022466099e+00,2.463190130667857261e-02,-3.131530030285041288e+00
3.703999999999999915e+01,2.417687134582615638e+00,2.459164660531334631e-02,-3.131527586514020634e+00
3.706000000000000227e+01,2.413687337236630537e+00,2.455138259022555253e-02,-3.131525373107930221e+00
3.707999999999999829e+01,2.409687539979775028e+00,2.451110972186832868e-02,-3.131523159701839809e+00
3.710000000000000142e+01,2.405687742812070873e+00,2.447082800044231288e-02,-3.131520946295749397e+00
3.711999999999999744e+01,2.401687945733533613e+00,2.443053742574687048e-02,-3.131518732889658985e+00
3.714000000000000057e+01,2.397688148740019454e+00,2.439023842432759548e-02,-3.131516732619592958e+00
3.715999999999999659e+01,2.393688351827121252e+00,2.434993142194524091e-02,-3.131514732349526930e+00
3.717999999999999972e+01,2.389688554994859437e+00,2.430961641904383699e-02,-3.131512732079460903e+00
3.720000000000000284e+01,2.385688758243240670e+00,2.426929341540137036e-02,-3.131510731809394876e+00
3.721999999999999886e+01,2.381688961572289820e+00,2.422896241123985439e-02,-3.131508731539328849e+00
3.724000000000000199e+01,2.377689164978352920e+00,2.418862378298402421e-02,-3.131506919661509958e+00
3.725999999999999801e+01,2.373689368457509108e+00,2.414827790764474333e-02,-3.131505107783691066e+00
3.728000000000000114e+01,2.369689572009777478e+00,2.410792478522201174e-02,-3.131503295905872175e+00
3.729999999999999716e+01,2.365689775635165581e+00,2.406756441547073036e-02,-3.131501484028053284e+00
3.732000000000000028e+01,2.361689979333684963e+00,2.402719679888109736e-02,-3.131499672150234392e+00
3.734000000000000341e+01,2.357690183102094661e+00,2.398682227566214728e-02,-3.131498030705395230e+00
3.735999999999999943e+01,2.353690386936780232e+00,2.394644118733146865e-02,-3.131496389260556068e+00
3.738000000000000256e+01,2.349690590837758108e+00,2.390605353334796651e-02,-3.131494747815716906e+00
3.739999999999999858e+01,2.345690794805033175e+00,2.386565931398218834e-02,-3.131493106370877744e+00
3.742000000000000171e+01,2.341690998838617421e+00,2.382525852923413068e-02,-3.131491464926038581e+00
3.743999999999999773e+01,2.337691202935262336e+00,2.378485148746668776e-02,-3.131489977765549160e+00
3.746000000000000085e+01,2.333691407092003622e+00,2.374443849727799274e-02,-3.131488490605059738e+00
3.747999999999999687e+01,2.329691611308850607e+00,2.370401955896666094e-02,-3.131487003444570316e+00
3.750000000000000000e+01,2.325691815585812616e+00,2.366359467223407703e-02,-3.131485516284080894e+00
3.752000000000000313e+01,2.321692019922894534e+00,2.362316383708024450e-02,-3.131484029123591473e+00
3.753999999999999915e+01,2.317692224320110128e+00,2.358272705380377518e-02,-3.131482541963102051e+00
3.756000000000000227e+01,2.313692428773670429e+00,2.354228460145492072e-02,-3.131481194479333929e+00
3.757999999999999829e+01,2.309692633281733354e+00,2.350183675933061392e-02,-3.131479846995565808e+00
3.760000000000000142e+01,2.305692837844298460e+00,2.346138352743085131e-02,-3.131478499511797686e+00
3.761999999999999744e+01,2.301693042461376404e+00,2.342092490608520261e-02,-3.131477152028029565e+00
3.764000000000000057e+01,2.297693247131228578e+00,2.338046115368190569e-02,-3.131475933815147883e+00
3.765999999999999659e+01,2.293693451850373322e+00,2.333999252845173414e-02,-3.131474715602266201e+00
3.767999999999999972e+01,2.289693656618822626e+00,2.329951903075922967e-02,-3.131473497389384519e+00
3.770000000000000284e+01,2.285693861436576046e+00,2.325904066060439229e-02,-3.131472279176502838e+00
3.771999999999999886e+01,2.281694066303645130e+00,2.321855741762268374e-02,-3.131471060963621156e+00
3.774000000000000199e+01,2.277694271217968414e+00,2.317806953077824333e-02,-3.131469957051841835e+00
3.775999999999999801e+01,2.273694476176989721e+00,2.313757722843316419e-02,-3.131468853140062514e+00
3.778000000000000114e+01,2.269694681180715268e+00,2.309708051058744632e-02,-3.131467749228283193e+00
3.779999999999999716e+01,2.265694886229144611e+00,2.305657937724108972e-02,-3.131466645316503872e+00
3.782000000000000028e+01,2.261695091322284412e+00,2.301607382879638022e-02,-3.131465541404724551e+00
3.784000000000000341e+01,2.257695296457100209e+00,2.297556407146630897e-02,-3.131464540931439444e+00
3.785999999999999943e+01,2.253695501632448028e+00,2.293505031256589527e-02,-3.131463540458154338e+00
3.788000000000000256e+01,2.249695706848334087e+00,2.289453255209513913e-02,-3.131462539984869231e+00
3.789999999999999858e+01,2.245695912104752168e+00,2.285401079005403707e-02,-3.131461539511584125e+00
3.792000000000000171e+01,2.241696117401715593e+00,2.281348502599871500e-02,-3.131460539038299018e+00
3.793999999999999773e+01,2.237696322738687460e+00,2.277295544774773570e-02,-3.131459632233496215e+00
3.796000000000000085e+01,2.233696528112419699e+00,2.273242224255887789e-02,-3.131458725428693413e+00
3.797999999999999687e+01,2.229696733522897212e+00,2.269188540994241179e-02,-3.131457818623890610e+00
3.800000000000000000e+01,2.225696938970142646e+00,2.265134495087779698e-02,-3.131456911819087807e+00
3.802000000000000313e+01,2.221697144454148454e+00,2.261080086438557388e-02,-3.131456005014285005e+00
3.803999999999999915e+01,2.217697349974929732e+00,2.257025315095547574e-02,-3.131455098209482202e+00
3.806000000000000227e+01,2.213697555530411254e+00,2.252970198015583070e-02,-3.131454276233002432e+00
3.807999999999999829e+01,2.209697761119220782e+00,2.248914752127313676e-02,-3.131453454256522662e+00
3.810000000000000142e+01,2.205697966741375193e+00,2.244858977484766316e-02,-3.131452632280042891e+00
3.811999999999999744e+01,2.201698172396866049e+00,2.240802874087940988e-02,-3.131451810303563121e+00
3.814000000000000057e+01,2.197698378083161153e+00,2.236746457643181904e-02,-3.131451066862298127e+00
3.815999999999999659e+01,2.193698583799603696e+00,2.232689743781494235e-02,-3.131450323421033133e+00
3.817999999999999972e+01,2.189698789546211888e+00,2.228632732622346305e-02,-3.131449579979768139e+00
3.820000000000000284e+01,2.185698995322986171e+00,2.224575424046269789e-02,-3.131448836538503144e+00
3.821999999999999886e+01,2.181699201129926102e+00,2.220517818112999198e-02,-3.131448093097238150e+00
3.824000000000000199e+01,2.177699406964947126e+00,2.216459928728658352e-02,-3.131447419121431874e+00
3.825999999999999801e+01,2.173699612827312944e+00,2.212401769784350797e-02,-3.131446745145625599e+00
3.828000000000000114e+01,2.169699818717033768e+00,2.208343341214185837e-02,-3.131446071169819323e+00
3.829999999999999716e+01,2.165700024634099385e+00,2.204284643149945211e-02,-3.131445397194013047e+00
3.832000000000000028e+01,2.161700230578530224e+00,2.200225675459847180e-02,-3.131444723218206772e+00
3.834000000000000341e+01,2.157700436550785028e+00,2.196166450726540903e-02,-3.131444112128253465e+00
3.835999999999999943e+01,2.153700642547850208e+00,2.192106981598444110e-02,-3.131443501038300159e+00
3.838000000000000256e+01,2.149700848569726208e+00,2.188047268075556454e-02,-3.131442889948346853e+00
3.839999999999999858e+01,2.145701054616401038e+00,2.183987310157878281e-02,-3.131442278858393546e+00
3.842000000000000171e+01,2.141701260687886688e+00,2.179927107772737516e-02,-3.131441667768440240e+00
3.843999999999999773e+01,2.137701466781944060e+00,2.175866672309112460e-02,-3.131441113644879870e+00
3.846000000000000085e+01,2.133701672898504320e+00,2.171806015251107752e-02,-3.131440559521319500e+00
3.847999999999999687e+01,2.129701879037567025e+00,2.167745136598723740e-02,-3.131440005397759130e+00
3.850000000000000000e+01,2.125702085199132174e+00,2.163684036271817587e-02,-3.131439451274198760e+00
3.852000000000000313e+01,2.121702291383199768e+00,2.159622714270389293e-02,-3.131438897150638390e+00
3.853999999999999915e+01,2.117702497589770250e+00,2.155561170674581348e-02,-3.131438343027078020e+00
3.856000000000000227e+01,2.113702703818843176e+00,2.151499405404251261e-02,-3.131437788903517649e+00
3.857999999999999829e+01,2.109702910070620163e+00,2.147437428909435703e-02,-3.131437286388665697e+00
3.860000000000000142e+01,2.105703116342791947e+00,2.143375251276875143e-02,-3.131436783873813745e+00
3.861999999999999744e+01,2.101703322635386506e+00,2.139312872771689800e-02,-3.131436281358961793e+00
3.864000000000000057e+01,2.097703528945369822e+00,2.135250302955409366e-02,-3.131435827678695549e+00
3.865999999999999659e+01,2.093703735273783284e+00,2.131187551756475243e-02,-3.131435373998429306e+00
3.867999999999999972e+01,2.089703941620626892e+00,2.127124619077001497e-02,-3.131434920318163062e+00
3.870000000000000284e+01,2.085704147985900647e+00,2.123061504819102191e-02,-3.131434466637896818e+00
3.871999999999999886e+01,2.081704354369619647e+00,2.118998209178549197e-02,-3.131434012957630575e+00
3.874000000000000199e+01,2.077704560771768794e+00,2.114934732155342514e-02,-3.131433559277364331e+00
3.875999999999999801e+01,2.073704767191971499e+00,2.110871082061492945e-02,-3.131433147817598517e+00
3.878000000000000114e+01,2.069704973628886613e+00,2.106807267374139619e-02,-3.131432736357832702e+00
3.879999999999999716e+01,2.065705180082530568e+00,2.102743288093282537e-02,-3.131432324898066888e+00
3.882000000000000028e+01,2.061705386552903807e+00,2.098679144218921697e-02,-3.131431913438301073e+00
3.884000000000000341e+01,2.057705593038265945e+00,2.094614843647311236e-02,-3.131431541042065003e+00
3.885999999999999943e+01,2.053705799538739551e+00,2.090550394010952384e-02,-3.131431168645828933e+00
3.888000000000000256e+01,2.049706006054380580e+00,2.086485795548348801e-02,-3.131430796249592863e+00
3.889999999999999858e+01,2.045706212585133077e+00,2.082421048140248310e-02,-3.131430423853356793e+00
3.892000000000000171e+01,2.041706419131034345e+00,2.078356151667399426e-02,-3.131430051457120722e+00
3.893999999999999773e+01,2.037706625694143181e+00,2.074291113186528535e-02,-3.131429713630109468e+00
3.896000000000000085e+01,2.033706832270972598e+00,2.070225939701764162e-02,-3.131429375803098214e+00
3.897999999999999687e+01,2.029707038861543467e+00,2.066160630950197169e-02,-3.131429037976086960e+00
3.900000000000000000e+01,2.025707245465855344e+00,2.062095187194736695e-02,-3.131428700149075706e+00
3.902000000000000313e+01,2.021707452083887802e+00,2.058029608303928171e-02,-3.131428362322064451e+00
3.903999999999999915e+01,2.017707658715661267e+00,2.053963894146316679e-02,-3.131428024495053197e+00
3.906000000000000227e+01,2.013707865361175742e+00,2.049898044984811707e-02,-3.131427686668041943e+00
3.907999999999999829e+01,2.009708072016993530e+00,2.045832067011120817e-02,-3.131427380152797646e+00
3.910000000000000142e+01,2.005708278685284895e+00,2.041765966321327716e-02,-3.131427073637553349e+00
3.911999999999999744e+01,2.001708485366027190e+00,2.037699743060315469e-02,-3.131426767122309052e+00
3.914000000000000057e+01,1.997708692059852131e+00,2.033633403199804068e-02,-3.131426490246949967e+00
3.915999999999999659e+01,1.993708898764954718e+00,2.029566952507600927e-02,-3.131426213371590883e+00
3.917999999999999972e+01,1.989709105481284768e+00,2.025500390983706392e-02,-3.131425936496231799e+00
3.920000000000000284e+01,1.985709312208892463e+00,2.021433718948906569e-02,-3.131425659620872715e+00
3.921999999999999886e+01,1.981709518947777804e+00,2.017366935922021778e-02,-3.131425382745513630e+00
3.924000000000000199e+01,1.977709725697890830e+00,2.013300042384232047e-02,-3.131425105870154546e+00
3.925999999999999801e+01,1.973709932458569849e+00,2.009233043160902829e-02,-3.131424854631391419e+00
3.928000000000000114e+01,1.969710139229467805e+00,2.005165943361230524e-02,-3.131424603392628292e+00
3.929999999999999716e+01,1.965710346010584697e+00,2.001098743161975127e-02,-3.131424352153865165e+00
3.932000000000000028e+01,1.961710552801920526e+00,1.997031442386376296e-02,-3.131424100915102038e+00
3.934000000000000341e+01,1.957710759602907746e+00,1.992964045852489013e-02,-3.131423873405748015e+00
3.935999999999999943e+01,1.953710966413136241e+00,1.988896558357255290e-02,-3.131423645896393992e+00
3.938000000000000256e+01,1.949711173232636652e+00,1.984828979900675125e-02,-3.131423418387039970e+00
3.939999999999999858e+01,1.945711380061408757e+00,1.980761310482748172e-02,-3.131423190877685947e+00
3.942000000000000171e+01,1.941711586899391717e+00,1.976693549908278835e-02,-3.131422963368331924e+00
3.943999999999999773e+01,1.937711793750634737e+00,1.972625702696225239e-02,-3.131422756867368484e+00
3.946000000000000085e+01,1.933712000610244619e+00,1.968557772903319070e-02,-3.131422550366405044e+00
3.947999999999999687e+01,1.929712207478288644e+00,1.964489760529559981e-02,-3.131422343865441604e+00
3.950000000000000000e+01,1.925712414354733282e+00,1.960421665359893956e-02,-3.131422137364478164e+00
3.952000000000000313e+01,1.921712621239544783e+00,1.956353487824429721e-02,-3.131421930863514724e+00
3.953999999999999915e+01,1.917712828132790426e+00,1.952285227493058550e-02,-3.131421724362551284e+00
3.956000000000000227e+01,1.913713035031171961e+00,1.948216888440601827e-02,-3.131421536898448821e+00
3.957999999999999829e+01,1.909713241937178507e+00,1.944148474529978562e-02,-3.131421349434346357e+00
3.960000000000000142e+01,1.905713448850846925e+00,1.940079985524295614e-02,-3.131421161970243894e+00
3.961999999999999744e+01,1.901713655772103495e+00,1.936011421423552981e-02,-3.131420974506141430e+00
3.964000000000000057e+01,1.897713862695477705e+00,1.931942785887642844e-02,-3.131420804687380155e+00
3.965999999999999659e+01,1.893714069625798357e+00,1.927874082621227128e-02,-3.131420634868618880e+00
3.967999999999999972e+01,1.889714276562983519e+00,1.923805311362798004e-02,-3.131420465049857604e+00
3.970000000000000284e+01,1.885714483507114902e+00,1.919736472112355818e-02,-3.131420295231096329e+00
3.971999999999999886e+01,1.881714690458151873e+00,1.915667564869900225e-02,-3.131420125412335054e+00
3.974000000000000199e+01,1.877714897422909646e+00,1.911598593087351222e-02,-3.131419971220774645e+00
3.975999999999999801e+01,1.873715104393967712e+00,1.907529559382359699e-02,-3.131419817029214236e+00
3.978000000000000114e+01,1.869715311371280997e+00,1.903460464330948565e-02,-3.131419662837653828e+00
3.979999999999999716e+01,1.865715518354894575e+00,1.899391307357095257e-02,-3.131419508646093419e+00
3.982000000000000028e+01,1.861715725344763372e+00,1.895322088748811057e-02,-3.131419354454533011e+00
3.984000000000000341e+01,1.857715932339121467e+00,1.891252811024915839e-02,-3.131419214427504816e+00
3.985999999999999943e+01,1.853716139339178337e+00,1.887183477800584083e-02,-3.131419074400476621e+00
3.988000000000000256e+01,1.849716346344933982e+00,1.883114088124379984e-02,-3.131418934373448426e+00
3.989999999999999858e+01,1.845716553356388179e+00,1.879044642630594078e-02,-3.131418794346420231e+00
3.992000000000000171e+01,1.841716760373541151e+00,1.874975141319226365e-02,-3.131418654319392036e+00
3.993999999999999773e+01,1.837716967396559209e+00,1.870905586425744213e-02,-3.131418527139763430e+00
3.996000000000000085e+01,1.833717174424705831e+00,1.866835980551593763e-02,-3.131418399960134824e+00
3.997999999999999687e+01,1.829717381458090264e+00,1.862766323696775014e-02,-3.131418272780506218e+00
4.000000000000000000e+01,1.825717588496603261e+00,1.858696616210470456e-02,-3.131418145600877612e+00
4.002000000000000313e+01,1.821717795540299445e+00,1.854626857743497600e-02,-3.131418018421249005e+00
4.003999999999999915e+01,1.817718002581765413e+00,1.850557051057394320e-02,-3.131417902895588412e+00
4.006000000000000227e+01,1.813718209627856348e+00,1.846487197857993312e-02,-3.131417787369927819e+00
4.007999999999999829e+01,1.809718416678692376e+00,1.842417298529702013e-02,-3.131417671844267225e+00
4.010000000000000142e+01,1.805718623734273276e+00,1.838347352688112987e-02,-3.131417556318606632e+00
4.011999999999999744e+01,1.801718830794479143e+00,1.834277361102041107e-02,-3.131417440792946039e+00
4.014000000000000057e+01,1.797719037857617774e+00,1.830207325297062218e-02,-3.131417335839745686e+00
4.015999999999999659e+01,1.793719244925053635e+00,1.826137247179013615e-02,-3.131417230886545333e+00
4.017999999999999972e+01,1.789719451996786947e+00,1.822067127594156552e-02,-3.131417125933344980e+00
4.020000000000000284e+01,1.785719659072751542e+00,1.817996965696229428e-02,-3.131417020980144628e+00
4.021999999999999886e+01,1.781719866165857091e+00,1.813926763879991286e-02,-3.131416925619181502e+00
4.024000000000000199e+01,1.777720073262819112e+00,1.809856523876937281e-02,-3.131416830258218376e+00
4.025999999999999801e+01,1.773720280363710433e+00,1.805786245687067762e-02,-3.131416734897255250e+00
4.028000000000000114e+01,1.769720487468458447e+00,1.801715929310382727e-02,-3.131416639536292124e+00
4.029999999999999716e+01,1.765720694577135541e+00,1.797645574746882177e-02,-3.131416544175328998e+00
4.032000000000000028e+01,1.761720901689596497e+00,1.793575181996565765e-02,-3.131416448814365872e+00
4.034000000000000341e+01,1.757721108797872134e+00,1.789504753128871861e-02,-3.131416361963443418e+00
4.035999999999999943e+01,1.753721315909583245e+00,1.785434289491177190e-02,-3.131416275112520964e+00
4.038000000000000256e+01,1.749721523024889702e+00,1.781363791083481751e-02,-3.131416188261598510e+00
4.039999999999999858e+01,1.745721730143711570e+00,1.777293257905785892e-02,-3.131416101410676056e+00
4.042000000000000171e+01,1.741721937266128561e+00,1.773222689958089265e-02,-3.131416014559753602e+00
4.043999999999999773e+01,1.737722144397488400e+00,1.769152088330632616e-02,-3.131415935620631696e+00
4.046000000000000085e+01,1.733722351532100747e+00,1.765081455761728993e-02,-3.131415856681509791e+00
4.047999999999999687e+01,1.729722558669877452e+00,1.761010791688806879e-02,-3.131415777742387885e+00
4.050000000000000000e+01,1.725722765810906445e+00,1.756940095549294062e-02,-3.131415698803265979e+00
4.052000000000000313e+01,1.721722972955100017e+00,1.752869368468334618e-02,-3.131415619864144073e+00
4.053999999999999915e+01,1.717723180102545877e+00,1.748798609320784472e-02,-3.131415540925022167e+00
4.056000000000000227e+01,1.713723387241083751e+00,1.744727820293108175e-02,-3.131415469170679255e+00
4.057999999999999829e+01,1.709723594382522860e+00,1.740657002177028317e-02,-3.131415397416336344e+00
4.060000000000000142e+01,1.705723801526862982e+00,1.736586155591446703e-02,-3.131415325661993432e+00
4.061999999999999744e+01,1.701724008674104116e+00,1.732515280536363680e-02,-3.131415253907650520e+00
4.064000000000000057e+01,1.697724215828193328e+00,1.728444378112726360e-02,-3.131415188819596906e+00
4.065999999999999659e+01,1.693724422984947742e+00,1.724373449079783308e-02,-3.131415123731543293e+00
4.067999999999999972e+01,1.689724630144367357e+00,1.720302494802114154e-02,-3.131415058643489679e+00
4.070000000000000284e+01,1.685724837306452173e+00,1.716231513915139270e-02,-3.131414993555436066e+00
4.071999999999999886e+01,1.681725044471095609e+00,1.712160507101148643e-02,-3.131414928467382452e+00
4.074000000000000199e+01,1.677725251645758142e+00,1.708089475199492044e-02,-3.131414869289277370e+00
4.075999999999999801e+01,1.673725458822765910e+00,1.704018420034560111e-02,-3.131414810111172287e+00
4.078000000000000114e+01,1.669725666002118691e+00,1.699947340855924652e-02,-3.131414750933067204e+00
4.079999999999999716e+01,1.665725873183933725e+00,1.695876238414013859e-02,-3.131414691754962121e+00
4.082000000000000028e+01,1.661726080368211234e+00,1.691805112708828079e-02,-3.131414632576857038e+00
4.084000000000000341e+01,1.657726287560910672e+00,1.687733963022979011e-02,-3.131414578761103407e+00
4.085999999999999943e+01,1.653726494755930920e+00,1.683662792707055211e-02,-3.131414524945349775e+00
4.088000000000000256e+01,1.649726701953014185e+00,1.679591600935853579e-02,-3.131414471129596144e+00
4.089999999999999858e+01,1.645726909152418482e+00,1.675520387709374115e-02,-3.131414417313842513e+00
4.092000000000000171e+01,1.641727116353885796e+00,1.671449153027616819e-02,-3.131414363498088882e+00
4.093999999999999773e+01,1.637727323561461334e+00,1.667377897430378370e-02,-3.131414314551033584e+00
4.096000000000000085e+01,1.633727530770879843e+00,1.663306621872873842e-02,-3.131414265603978286e+00
4.097999999999999687e+01,1.629727737982282987e+00,1.659235327262387552e-02,-3.131414216656922989e+00
4.100000000000000000e+01,1.625727945195670765e+00,1.655164013598919848e-02,-3.131414167709867691e+00
4.102000000000000313e+01,1.621728152411185064e+00,1.651092679067901053e-02,-3.131414118762812393e+00
4.103999999999999915e+01,1.617728359632151225e+00,1.647021326419899345e-02,-3.131414074236848588e+00
4.106000000000000227e+01,1.613728566854987667e+00,1.642949956816584442e-02,-3.131414029710884783e+00
4.107999999999999829e+01,1.609728774079538294e+00,1.638878568263213778e-02,-3.131413985184920978e+00
4.110000000000000142e+01,1.605728981306114855e+00,1.634807162754530266e-02,-3.131413940658957173e+00
4.111999999999999744e+01,1.601729188534249726e+00,1.630735738295790993e-02,-3.131413896132993369e+00
4.114000000000000057e+01,1.597729395765188798e+00,1.626664297599175399e-02,-3.131413855622218190e+00
4.115999999999999659e+01,1.593729602997498107e+00,1.622592840459186059e-02,-3.131413815111443011e+00
4.117999999999999972e+01,1.589729810231691465e+00,1.618521367972048167e-02,-3.131413774600667832e+00
4.120000000000000284e+01,1.585730017467426478e+00,1.614449877945311682e-02,-3.131413734089892653e+00
4.121999999999999886e+01,1.581730224704702925e+00,1.610378372571426298e-02,-3.131413693579117474e+00
4.124000000000000199e+01,1.577730431912625075e+00,1.606306851645177697e-02,-3.131413656715364979e+00
4.125999999999999801e+01,1.573730639122053132e+00,1.602235316262802869e-02,-3.131413619851612484e+00
4.128000000000000114e+01,1.569730846332986873e+00,1.598163765219624832e-02,-3.131413582987859989e+00
4.129999999999999716e+01,1.565731053545426521e+00,1.594092199720320915e-02,-3.131413546124107494e+00
4.132000000000000028e+01,1.561731260759372075e+00,1.590020619764890772e-02,-3.131413509260354999e+00
4.134000000000000341e+01,1.557731468005231878e+00,1.585949026381317656e-02,-3.131413475709424077e+00
4.135999999999999943e+01,1.553731675252332467e+00,1.581877418437846461e-02,-3.131413442158493154e+00
4.138000000000000256e+01,1.549731882500880786e+00,1.577805797258104506e-02,-3.131413408607562232e+00
4.139999999999999858e+01,1.545732089750670113e+00,1.573734162842091791e-02,-3.131413375056631310e+00
4.142000000000000171e+01,1.541732297001907170e+00,1.569662515189808316e-02,-3.131413341505700387e+00
4.143999999999999773e+01,1.537732504209668116e+00,1.565590854221996300e-02,-3.131413310964488161e+00
4.146000000000000085e+01,1.533732711418565042e+00,1.561519181621660868e-02,-3.131413280423275936e+00
4.147999999999999687e+01,1.529732918628825100e+00,1.557447497388801845e-02,-3.131413249882063710e+00
4.150000000000000000e+01,1.525733125840221138e+00,1.553375800069353892e-02,-3.131413219340851484e+00
4.152000000000000313e+01,1.521733333052980308e+00,1.549304089663316834e-02,-3.131413188799639258e+00
4.153999999999999915e+01,1.517733540268031645e+00,1.545232367964732324e-02,-3.131413160993020917e+00
4.156000000000000227e+01,1.513733747484081071e+00,1.541160636683769868e-02,-3.131413133186402575e+00
4.157999999999999829e+01,1.509733954701128589e+00,1.537088892626303424e-02,-3.131413105379784234e+00
4.160000000000000142e+01,1.505734161919673353e+00,1.533017138986458860e-02,-3.131413077573165893e+00
4.161999999999999744e+01,1.501734369138966851e+00,1.528945372570110310e-02,-3.131413049766547552e+00
4.164000000000000057e+01,1.497734576403336293e+00,1.524873596180963131e-02,-3.131413024445092397e+00
4.165999999999999659e+01,1.493734783668527744e+00,1.520801811022785832e-02,-3.131412999123637242e+00
4.167999999999999972e+01,1.489734990934815428e+00,1.516730013587966157e-02,-3.131412973802182087e+00
4.170000000000000284e+01,1.485735198202199125e+00,1.512658207384116361e-02,-3.131412948480726932e+00
4.171999999999999886e+01,1.481735405470405054e+00,1.508586390657430491e-02,-3.131412923159271777e+00
4.174000000000000199e+01,1.477735612690662448e+00,1.504514563229792691e-02,-3.131412900096486318e+00
4.175999999999999801e+01,1.473735819911822453e+00,1.500442728099889850e-02,-3.131412877033700859e+00
4.178000000000000114e+01,1.469736027133885070e+00,1.496370883342155837e-02,-3.131412853970915400e+00
4.179999999999999716e+01,1.465736234356850298e+00,1.492299028956590480e-02,-3.131412830908129941e+00
4.182000000000000028e+01,1.461736441580718138e+00,1.488227164943193952e-02,-3.131412807845344481e+00
4.184000000000000341e+01,1.457736648842976601e+00,1.484155293920465940e-02,-3.131412786835671369e+00
4.185999999999999943e+01,1.453736856105895647e+00,1.480083412329053633e-02,-3.131412765825998257e+00
4.188000000000000256e+01,1.449737063369805457e+00,1.476011524396430609e-02,-3.131412744816325144e+00
4.189999999999999858e+01,1.445737270634706251e+00,1.471939625895123116e-02,-3.131412723806652032e+00
4.192000000000000171e+01,1.441737477900267628e+00,1.467867721052605080e-02,-3.131412702796978920e+00
4.193999999999999773e+01,1.437737685130279885e+00,1.463795807287311158e-02,-3.131412683653830964e+00
4.196000000000000085e+01,1.433737892361017119e+00,1.459723884242682124e-02,-3.131412664510683008e+00
4.197999999999999687e+01,1.429738099592116951e+00,1.455651956558385446e-02,-3.131412645367535053e+00
4.200000000000000000e+01,1.425738306824304136e+00,1.451580019594753655e-02,-3.131412626224387097e+00
4.202000000000000313e+01,1.421738514057578673e+00,1.447508075671620660e-02,-3.131412607081239141e+00
4.203999999999999915e+01,1.417738721291215809e+00,1.443436122469152379e-02,-3.131412587938091185e+00
4.206000000000000227e+01,1.413738928561151464e+00,1.439364163809118448e-02,-3.131412570491849845e+00
4.207999999999999829e+01,1.409739135832280388e+00,1.435292197512668018e-02,-3.131412553045608504e+00
4.210000000000000142e+01,1.405739343103806993e+00,1.431220223579801262e-02,-3.131412535599367164e+00
4.211999999999999744e+01,1.401739550375731280e+00,1.427148242010518181e-02,-3.131412518153125824e+00
4.214000000000000057e+01,1.397739757640450664e+00,1.423076255160115287e-02,-3.131412502284399491e+00
4.215999999999999659e+01,1.393739964905170048e+00,1.419004262712675844e-02,-3.131412486415673158e+00
4.217999999999999972e+01,1.389740172170763843e+00,1.414932264668199852e-02,-3.131412470546946825e+00
4.220000000000000284e+01,1.385740379437232273e+00,1.410860258228168948e-02,-3.131412454678220492e+00
4.221999999999999886e+01,1.381740586704137908e+00,1.406788246191101495e-02,-3.131412438809494159e+00
4.224000000000000199e+01,1.377740793934352004e+00,1.402716225344998076e-02,-3.131412424341867951e+00
4.225999999999999801e+01,1.373741001165525333e+00,1.398644201429357151e-02,-3.131412409874241742e+00
4.228000000000000114e+01,1.369741208396698662e+00,1.394572171374641040e-02,-3.131412395406615534e+00
4.229999999999999716e+01,1.365741415628831223e+00,1.390500135180849917e-02,-3.131412380938989326e+00
4.232000000000000028e+01,1.361741622861443402e+00,1.386428092847983781e-02,-3.131412366471363118e+00
4.234000000000000341e+01,1.357741830147163986e+00,1.382356047959736566e-02,-3.131412353277903904e+00
4.235999999999999943e+01,1.353742037433936396e+00,1.378283996339529222e-02,-3.131412340084444690e+00
4.238000000000000256e+01,1.349742244720708806e+00,1.374211937987361749e-02,-3.131412326890985476e+00
4.239999999999999858e+01,1.345742452008007239e+00,1.370139872903234149e-02,-3.131412313697526262e+00
4.242000000000000171e+01,1.341742659295831475e+00,1.366067804453126484e-02,-3.131412300504067048e+00
4.243999999999999773e+01,1.337742866508166095e+00,1.361995731296327186e-02,-3.131412288469574534e+00
4.246000000000000085e+01,1.333743073721654016e+00,1.357923654449391150e-02,-3.131412276435082020e+00
4.247999999999999687e+01,1.329743280935141936e+00,1.353851570222181812e-02,-3.131412264400589507e+00
4.250000000000000000e+01,1.325743488149206506e+00,1.349779482304835909e-02,-3.131412252366096993e+00
4.252000000000000313e+01,1.321743695363847504e+00,1.345707390697353442e-02,-3.131412240331604480e+00
4.253999999999999915e+01,1.317743902579065152e+00,1.341635295399734237e-02,-3.131412228297111966e+00
4.256000000000000227e+01,1.313744109869323884e+00,1.337563192561272776e-02,-3.131412217317098179e+00
4.257999999999999829e+01,1.309744317160214555e+00,1.333491085678288092e-02,-3.131412206337084392e+00
4.260000000000000142e+01,1.305744524451105226e+00,1.329418974750780011e-02,-3.131412195357070605e+00
4.261999999999999744e+01,1.301744731743259775e+00,1.325346859778748707e-02,-3.131412184377056818e+00
4.264000000000000057e+01,1.297744938986513219e+00,1.321274742027416654e-02,-3.131412174377737223e+00
4.265999999999999659e+01,1.293745146229766663e+00,1.317202615393695854e-02,-3.131412164378417629e+00
4.267999999999999972e+01,1.289745353473713996e+00,1.313130488759975054e-02,-3.131412154379098034e+00
4.270000000000000284e+01,1.285745560718355440e+00,1.309058357685059966e-02,-3.131412144379778439e+00
4.271999999999999886e+01,1.281745767962996885e+00,1.304986222168950591e-02,-3.131412134380458845e+00
4.274000000000000199e+01,1.277745975301806558e+00,1.300914083075989380e-02,-3.131412125253265177e+00
4.275999999999999801e+01,1.273746182641376512e+00,1.296841939117466917e-02,-3.131412116126071510e+00
4.278000000000000114e+01,1.269746389980946466e+00,1.292769795158944454e-02,-3.131412106998877842e+00
4.279999999999999716e+01,1.265746597320516420e+00,1.288697646334860739e-02,-3.131412097871684175e+00
4.282000000000000028e+01,1.261746804660846655e+00,1.284625492645215597e-02,-3.131412088744490507e+00
4.284000000000000341e+01,1.257747011908580514e+00,1.280553330511495502e-02,-3.131412080410330034e+00
4.285999999999999943e+01,1.253747219157146819e+00,1.276481173706317009e-02,-3.131412072076169562e+00
4.288000000000000256e+01,1.249747426405713124e+00,1.272409006244055139e-02,-3.131412063742009089e+00
4.289999999999999858e+01,1.245747633654279429e+00,1.268336838781793270e-02,-3.131412055407848616e+00
4.292000000000000171e+01,1.241747840903678402e+00,1.264264671319531401e-02,-3.131412047073688143e+00
4.293999999999999773e+01,1.237748048256551492e+00,1.260192496503371139e-02,-3.131412039462672769e+00
4.296000000000000085e+01,1.233748255610336297e+00,1.256120321687210876e-02,-3.131412031851657396e+00
4.297999999999999687e+01,1.229748462964121103e+00,1.252048141036228579e-02,-3.131412024240642022e+00
4.300000000000000000e+01,1.225748670317905908e+00,1.247975954550424246e-02,-3.131412016629626649e+00
4.302000000000000313e+01,1.221748877672602429e+00,1.243903773899441949e-02,-3.131412009018611275e+00
4.303999999999999915e+01,1.217749085027298950e+00,1.239831581578815581e-02,-3.131412001407595902e+00
4.306000000000000227e+01,1.213749292265801749e+00,1.235759388179717699e-02,-3.131411994454461833e+00
4.307999999999999829e+01,1.209749499505302417e+00,1.231687194780619818e-02,-3.131411987501327765e+00
4.310000000000000142e+01,1.205749706743805216e+00,1.227614994994629186e-02,-3.131411980548193696e+00
4.311999999999999744e+01,1.201749913983305884e+00,1.223542795208638553e-02,-3.131411973595059628e+00
4.314000000000000057e+01,1.197750121397712419e+00,1.219470592586518846e-02,-3.131411967254420503e+00
4.315999999999999659e+01,1.193750328812118955e+00,1.215398389964399140e-02,-3.131411960913781378e+00
4.317999999999999972e+01,1.189750536226525490e+00,1.211326180338424124e-02,-3.131411954573142253e+00
4.320000000000000284e+01,1.185750743642026261e+00,1.207253970712449109e-02,-3.131411948232503129e+00
4.321999999999999886e+01,1.181750951056432797e+00,1.203181761086474094e-02,-3.131411941891864004e+00
4.324000000000000199e+01,1.177751158306054036e+00,1.199109542402464895e-02,-3.131411936095720439e+00
4.325999999999999801e+01,1.173751365555675275e+00,1.195037323718455696e-02,-3.131411930299576873e+00
4.328000000000000114e+01,1.169751572805296513e+00,1.190965105034446497e-02,-3.131411924503433308e+00
4.329999999999999716e+01,1.165751780054917752e+00,1.186892878688632254e-02,-3.131411918707289743e+00
4.332000000000000028e+01,1.161751987305736034e+00,1.182820660004623055e-02,-3.131411912911146178e+00
4.334000000000000341e+01,1.157752194605330187e+00,1.178748431733768476e-02,-3.131411907611731493e+00
4.335999999999999943e+01,1.153752401904924341e+00,1.174676203462913897e-02,-3.131411902312316808e+00
4.338000000000000256e+01,1.149752609205827891e+00,1.170603966812092112e-02,-3.131411897012902124e+00
4.339999999999999858e+01,1.145752816506731442e+00,1.166531738541237533e-02,-3.131411891713487439e+00
4.342000000000000171e+01,1.141753023807634992e+00,1.162459501890415747e-02,-3.131411886414072754e+00
4.343999999999999773e+01,1.137753231086109595e+00,1.158387260937534732e-02,-3.131411881565891342e+00
4.346000000000000085e+01,1.133753438366015498e+00,1.154315019984653717e-02,-3.131411876717709930e+00
4.347999999999999687e+01,1.129753645647352700e+00,1.150242779031772702e-02,-3.131411871869528518e+00
4.350000000000000000e+01,1.125753852927258603e+00,1.146170538078891687e-02,-3.131411867021347106e+00
4.352000000000000313e+01,1.121754060207164505e+00,1.142098297126010673e-02,-3.131411862173165694e+00
4.353999999999999915e+01,1.117754267366955157e+00,1.138026051202250047e-02,-3.131411857737743443e+00
4.356000000000000227e+01,1.113754474526745808e+00,1.133953795266156792e-02,-3.131411853302321191e+00
4.357999999999999829e+01,1.109754681684972155e+00,1.129881549342396166e-02,-3.131411848866898939e+00
4.360000000000000142e+01,1.105754888844762807e+00,1.125809293406302911e-02,-3.131411844431476688e+00
4.361999999999999744e+01,1.101755096004553458e+00,1.121737037470209655e-02,-3.131411839996054436e+00
4.364000000000000057e+01,1.097755303165908636e+00,1.117664781534116400e-02,-3.131411835560632184e+00
4.365999999999999659e+01,1.093755510392483421e+00,1.113592527210414788e-02,-3.131411831500893861e+00
4.367999999999999972e+01,1.089755717619058206e+00,1.109520261947850167e-02,-3.131411827441155538e+00
4.370000000000000284e+01,1.085755924845632991e+00,1.105448007624148556e-02,-3.131411823381417214e+00
4.371999999999999886e+01,1.081756132072207777e+00,1.101375742361583934e-02,-3.131411819321678891e+00
4.374000000000000199e+01,1.077756339298782562e+00,1.097303477099019313e-02,-3.131411815261940568e+00
4.375999999999999801e+01,1.073756546394793787e+00,1.093231216871974262e-02,-3.131411811551873203e+00
4.378000000000000114e+01,1.069756753490805012e+00,1.089158944675086386e-02,-3.131411807841805839e+00
4.379999999999999716e+01,1.065756960588686519e+00,1.085086672478198511e-02,-3.131411804131738474e+00
4.382000000000000028e+01,1.061757167684697745e+00,1.081014412251153460e-02,-3.131411800421671110e+00
4.384000000000000341e+01,1.057757374780708970e+00,1.076942140054265584e-02,-3.131411796711603746e+00
4.385999999999999943e+01,1.053757581911890062e+00,1.072869866059229967e-02,-3.131411793321736248e+00
4.388000000000000256e+01,1.049757789041024125e+00,1.068797592064194349e-02,-3.131411789931868750e+00
4.389999999999999858e+01,1.045757996172205218e+00,1.064725304968669461e-02,-3.131411786542001252e+00
4.392000000000000171e+01,1.041758203303386310e+00,1.060653030973633844e-02,-3.131411783152133754e+00
4.393999999999999773e+01,1.037758410717016799e+00,1.056580753369464054e-02,-3.131411780052947069e+00
4.396000000000000085e+01,1.033758618130647289e+00,1.052508475765294264e-02,-3.131411776953760384e+00
4.397999999999999687e+01,1.029758825542038680e+00,1.048436198161124475e-02,-3.131411773854573699e+00
4.400000000000000000e+01,1.025759032955669170e+00,1.044363906227737358e-02,-3.131411770755387014e+00
4.402000000000000313e+01,1.021759240369299659e+00,1.040291628623567569e-02,-3.131411767656200329e+00
4.403999999999999915e+01,1.017759447844670095e+00,1.036219350728037267e-02,-3.131411764815575705e+00
4.406000000000000227e+01,1.013759655317597819e+00,1.032147057199001884e-02,-3.131411761974951080e+00
4.407999999999999829e+01,1.009759862792968255e+00,1.028074779303471582e-02,-3.131411759134326456e+00
4.410000000000000142e+01,1.005760070268338691e+00,1.024002485774436200e-02,-3.131411756293701831e+00
4.411999999999999744e+01,1.001760277743709127e+00,1.019930192245400817e-02,-3.131411753453077207e+00
4.414000000000000057e+01,9.977604849736357862e-01,1.015857908705680018e-02,-3.131411750846666564e+00
4.415999999999999659e+01,9.937606922062246495e-01,1.011785608127615047e-02,-3.131411748240255921e+00
4.417999999999999972e+01,9.897608994361513091e-01,1.007713324587894248e-02,-3.131411745633845278e+00
4.420000000000000284e+01,9.857611066687401724e-01,1.003641024009829276e-02,-3.131411743027434635e+00
4.421999999999999886e+01,9.817613139013290358e-01,9.995687404701084772e-03,-3.131411740421023993e+00
4.424000000000000199e+01,9.777615211871375500e-01,9.954964292799163561e-03,-3.131411738030879022e+00
4.425999999999999801e+01,9.737617284729460643e-01,9.914241366697357227e-03,-3.131411735640734051e+00
4.428000000000000114e+01,9.697619357587545785e-01,9.873518440595550894e-03,-3.131411733250589080e+00
4.429999999999999716e+01,9.657621430445630928e-01,9.832795514493744560e-03,-3.131411730860444109e+00
4.432000000000000028e+01,9.617623503303716070e-01,9.792072402591823349e-03,-3.131411728470299138e+00
4.434000000000000341e+01,9.577625577931059286e-01,9.751349545277683550e-03,-3.131411726274632823e+00
4.435999999999999943e+01,9.537627652526800004e-01,9.710626485706402161e-03,-3.131411724078966508e+00
4.438000000000000256e+01,9.497629727154143220e-01,9.669903426135120772e-03,-3.131411721883300192e+00
4.439999999999999858e+01,9.457631801813088934e-01,9.629180366563839383e-03,-3.131411719687633877e+00
4.442000000000000171e+01,9.417633876440432150e-01,9.588457306992557994e-03,-3.131411717491967561e+00
4.443999999999999773e+01,9.377635950508272922e-01,9.547734291963259554e-03,-3.131411715477923519e+00
4.446000000000000085e+01,9.337638024576113693e-01,9.507011276933961114e-03,-3.131411713463879476e+00
4.447999999999999687e+01,9.297640098643954465e-01,9.466288261904662674e-03,-3.131411711449835433e+00
4.450000000000000000e+01,9.257642172711795236e-01,9.425565246875364234e-03,-3.131411709435791391e+00
4.452000000000000313e+01,9.217644246779636008e-01,9.384842011349795246e-03,-3.131411707421747348e+00
4.453999999999999915e+01,9.177646316920775593e-01,9.344118974178260845e-03,-3.131411705568478254e+00
4.456000000000000227e+01,9.137648387061915178e-01,9.303395937006726443e-03,-3.131411703715209160e+00
4.457999999999999829e+01,9.097650457203054764e-01,9.262672899835192042e-03,-3.131411701861940067e+00
4.460000000000000142e+01,9.057652527344194349e-01,9.221949623038855001e-03,-3.131411700008670973e+00
4.461999999999999744e+01,9.017654597485333934e-01,9.181226585867320600e-03,-3.131411698155401879e+00
4.464000000000000057e+01,8.977656667812055069e-01,9.140503420263389536e-03,-3.131411696455224103e+00
4.465999999999999659e+01,8.937658738097963296e-01,9.099780254659458473e-03,-3.131411694755046327e+00
4.467999999999999972e+01,8.897660808424684431e-01,9.059057089055527409e-03,-3.131411693054868550e+00
4.470000000000000284e+01,8.857662878710592658e-01,9.018334184653246932e-03,-3.131411691354690774e+00
4.471999999999999886e+01,8.817664948996500884e-01,8.977611019049315869e-03,-3.131411689654512998e+00
4.474000000000000199e+01,8.777667019983015351e-01,8.936887862730162613e-03,-3.131411688086100931e+00
4.475999999999999801e+01,8.737669090969529817e-01,8.896164706411009357e-03,-3.131411686517688864e+00
4.478000000000000114e+01,8.697671161956044283e-01,8.855441266946092321e-03,-3.131411684949276797e+00
4.479999999999999716e+01,8.657673232942558750e-01,8.814718110626939065e-03,-3.131411683380864730e+00
4.482000000000000028e+01,8.617675303929073216e-01,8.773994954307785810e-03,-3.131411681812452663e+00
4.484000000000000341e+01,8.577677375262312554e-01,8.733271771682574527e-03,-3.131411680375044249e+00
4.485999999999999943e+01,8.537679446547278284e-01,8.692548589057363245e-03,-3.131411678937635834e+00
4.488000000000000256e+01,8.497681517832244014e-01,8.651825406432151963e-03,-3.131411677500227420e+00
4.489999999999999858e+01,8.457683589117209744e-01,8.611102223806940681e-03,-3.131411676062819005e+00
4.492000000000000171e+01,8.417685660450449081e-01,8.570379041181729399e-03,-3.131411674625410591e+00
4.493999999999999773e+01,8.377687731582076358e-01,8.529655760927705097e-03,-3.131411673300164011e+00
4.496000000000000085e+01,8.337689802713703635e-01,8.488932480673680794e-03,-3.131411671974917432e+00
4.497999999999999687e+01,8.297691873897690140e-01,8.448209535518978047e-03,-3.131411670649670853e+00
4.500000000000000000e+01,8.257693945029317417e-01,8.407486255264953745e-03,-3.131411669324424274e+00
4.502000000000000313e+01,8.217696016213303922e-01,8.366762975010929443e-03,-3.131411667999177695e+00
4.503999999999999915e+01,8.177698087344931199e-01,8.326039694756905141e-03,-3.131411666673931116e+00
4.506000000000000227e+01,8.137700163599191905e-01,8.285316336489306072e-03,-3.131411665449569615e+00
4.507999999999999829e+01,8.097702239796779056e-01,8.244593340932535389e-03,-3.131411664225208114e+00
4.510000000000000142e+01,8.057704316051039761e-01,8.203869982664936319e-03,-3.131411663000846612e+00
4.511999999999999744e+01,8.017706392248626912e-01,8.163146624397337250e-03,-3.131411661776485111e+00
4.514000000000000057e+01,7.977708470032375265e-01,8.122423572125834698e-03,-3.131411660650958328e+00
4.515999999999999659e+01,7.937710547816123619e-01,8.081700125293168890e-03,-3.131411659525431546e+00
4.517999999999999972e+01,7.897712625538221287e-01,8.040976678460503083e-03,-3.131411658399904763e+00
4.520000000000000284e+01,7.857714703321969640e-01,8.000253626189000530e-03,-3.131411657274377980e+00
4.521999999999999886e+01,7.817716781105717994e-01,7.959530179356334723e-03,-3.131411656148851197e+00
4.524000000000000199e+01,7.777718848629361359e-01,7.918806951122814644e-03,-3.131411655111365544e+00
4.525999999999999801e+01,7.737720916219886780e-01,7.878083722889294566e-03,-3.131411654073879891e+00
4.528000000000000114e+01,7.697722983810412201e-01,7.837360494655774487e-03,-3.131411653036394238e+00
4.529999999999999716e+01,7.657725051334055566e-01,7.796637266422253541e-03,-3.131411651998908585e+00
4.532000000000000028e+01,7.617727118924580987e-01,7.755913610144962896e-03,-3.131411650961422932e+00
4.534000000000000341e+01,7.577729185998232087e-01,7.715190567545663486e-03,-3.131411650000617275e+00
4.535999999999999943e+01,7.537731253144103194e-01,7.674467062741263494e-03,-3.131411649039811618e+00
4.538000000000000256e+01,7.497733320289974301e-01,7.633744020141964085e-03,-3.131411648079005960e+00
4.539999999999999858e+01,7.457735387363625401e-01,7.593020515337564093e-03,-3.131411647118200303e+00
4.542000000000000171e+01,7.417737454509496509e-01,7.552297010533164101e-03,-3.131411646157394646e+00
4.543999999999999773e+01,7.377739526328874753e-01,7.511573960022777108e-03,-3.131411645273993738e+00
4.546000000000000085e+01,7.337741598148252997e-01,7.470850406808330312e-03,-3.131411644390592830e+00
4.547999999999999687e+01,7.297743670046179520e-01,7.430127356297943318e-03,-3.131411643507191922e+00
4.550000000000000000e+01,7.257745741865557765e-01,7.389403803083496522e-03,-3.131411642623791014e+00
4.552000000000000313e+01,7.217747813684936009e-01,7.348680752573109529e-03,-3.131411641740390106e+00
4.553999999999999915e+01,7.177749885504314253e-01,7.307957199358662732e-03,-3.131411640856989198e+00
4.556000000000000227e+01,7.137751956430280487e-01,7.267233703194340977e-03,-3.131411640041601441e+00
4.557999999999999829e+01,7.097754027271147015e-01,7.226510751665660495e-03,-3.131411639226213683e+00
4.560000000000000142e+01,7.057756098112013543e-01,7.185787255501338740e-03,-3.131411638410825926e+00
4.561999999999999744e+01,7.017758168952880071e-01,7.145063759337016984e-03,-3.131411637595438169e+00
4.564000000000000057e+01,6.977760239878846305e-01,7.104340263172695229e-03,-3.131411636780050411e+00
4.565999999999999659e+01,6.937762311477638777e-01,7.063616899472947505e-03,-3.131411636021191658e+00
4.567999999999999972e+01,6.897764383167870328e-01,7.022893535773199782e-03,-3.131411635262332904e+00
4.570000000000000284e+01,6.857766454766662800e-01,6.982170172073452058e-03,-3.131411634503474151e+00
4.571999999999999886e+01,6.817768526365455273e-01,6.941446808373704334e-03,-3.131411633744615397e+00
4.574000000000000199e+01,6.777770603057028387e-01,6.900723475416360025e-03,-3.131411633050193988e+00
4.575999999999999801e+01,6.737772679648678098e-01,6.860000142459015716e-03,-3.131411632355772579e+00
4.578000000000000114e+01,6.697774756340251212e-01,6.819276809501671407e-03,-3.131411631661351169e+00
4.579999999999999716e+01,6.657776832931900923e-01,6.778553476544327099e-03,-3.131411630966929760e+00
4.582000000000000028e+01,6.617778909523550634e-01,6.737830143586982790e-03,-3.131411630272508351e+00
4.584000000000000341e+01,6.577780976018497983e-01,6.697106644041429975e-03,-3.131411629623290782e+00
4.585999999999999943e+01,6.537783042513445331e-01,6.656383144495877160e-03,-3.131411628974073214e+00
4.588000000000000256e+01,6.497785109008392679e-01,6.615659644950324346e-03,-3.131411628324855645e+00
4.589999999999999858e+01,6.457787175503340027e-01,6.574936145404771531e-03,-3.131411627675638076e+00
4.592000000000000171e+01,6.417789241998287375e-01,6.534213329896903719e-03,-3.131411627026420508e+00
4.593999999999999773e+01,6.377791302969191278e-01,6.493489437616482840e-03,-3.131411626434481565e+00
4.596000000000000085e+01,6.337793364057318080e-01,6.452766295564356380e-03,-3.131411625842542623e+00
4.597999999999999687e+01,6.297795425145444881e-01,6.412042403283935502e-03,-3.131411625250603681e+00
4.600000000000000000e+01,6.257797486116348784e-01,6.371319261231809042e-03,-3.131411624658664739e+00
4.602000000000000313e+01,6.217799547204475585e-01,6.330596119179682582e-03,-3.131411624066725796e+00
4.603999999999999915e+01,6.177801625312724365e-01,6.289872886971462594e-03,-3.131411623510709674e+00
4.606000000000000227e+01,6.137803703545769984e-01,6.249148856064904237e-03,-3.131411622954693552e+00
4.607999999999999829e+01,6.097805781654018764e-01,6.208425623856684249e-03,-3.131411622398677430e+00
4.610000000000000142e+01,6.057807859762267544e-01,6.167702391648464261e-03,-3.131411621842661308e+00
4.611999999999999744e+01,6.017809937995313163e-01,6.126979159440244273e-03,-3.131411621286645186e+00
4.614000000000000057e+01,5.977812004192993856e-01,6.086255239653655912e-03,-3.131411620762556858e+00
4.615999999999999659e+01,5.937814070523074195e-01,6.045532167222868528e-03,-3.131411620238468529e+00
4.617999999999999972e+01,5.897816136853154534e-01,6.004808247436280166e-03,-3.131411619714380201e+00
4.620000000000000284e+01,5.857818203050835226e-01,5.964085175005492782e-03,-3.131411619190291873e+00
4.621999999999999886e+01,5.817820269380915565e-01,5.923361255218904421e-03,-3.131411618666203545e+00
4.624000000000000199e+01,5.777822360728441797e-01,5.882638465423800991e-03,-3.131411618179898326e+00
4.625999999999999801e+01,5.737824451933282166e-01,5.841914762438811873e-03,-3.131411617693593108e+00
4.628000000000000114e+01,5.697826543280808398e-01,5.801191059453822754e-03,-3.131411617207287890e+00
4.629999999999999716e+01,5.657828634628334630e-01,5.760468269658719324e-03,-3.131411616720982671e+00
4.632000000000000028e+01,5.617830725975860862e-01,5.719744566673730206e-03,-3.131411616234677453e+00
4.634000000000000341e+01,5.577832815147338863e-01,5.679021424920617164e-03,-3.131411615773588952e+00
4.635999999999999943e+01,5.537834904318816864e-01,5.638297320035633858e-03,-3.131411615312500452e+00
4.638000000000000256e+01,5.497836993640783376e-01,5.597574178282520817e-03,-3.131411614851411951e+00
4.639999999999999858e+01,5.457839082812261378e-01,5.556851036529407775e-03,-3.131411614390323450e+00
4.642000000000000171e+01,5.417841172134227890e-01,5.516126931644424469e-03,-3.131411613929234949e+00
4.643999999999999773e+01,5.377843225177428854e-01,5.475403972258340891e-03,-3.131411613501448254e+00
4.646000000000000085e+01,5.337845278382834513e-01,5.434679974762759644e-03,-3.131411613073661560e+00
4.647999999999999687e+01,5.297847331426035478e-01,5.393957015376676066e-03,-3.131411612645874865e+00
4.650000000000000000e+01,5.257849384631441136e-01,5.353233017881094818e-03,-3.131411612218088170e+00
4.652000000000000313e+01,5.217851437674642101e-01,5.312510058495011241e-03,-3.131411611790301475e+00
4.653999999999999915e+01,5.177853513536299079e-01,5.271786675153913339e-03,-3.131411611415845009e+00
4.656000000000000227e+01,5.137855589583262272e-01,5.231063291812815437e-03,-3.131411611041388543e+00
4.657999999999999829e+01,5.097857665444919251e-01,5.190339908471717535e-03,-3.131411610666932077e+00
4.660000000000000142e+01,5.057859741306576229e-01,5.149616525130619633e-03,-3.131411610292475611e+00
4.661999999999999744e+01,5.017861817168233207e-01,5.108893141789521732e-03,-3.131411609918019145e+00
4.664000000000000057e+01,4.977863887548157340e-01,5.068168790179368617e-03,-3.131411609534618723e+00
4.665999999999999659e+01,4.937865957747098467e-01,5.027445596860168238e-03,-3.131411609151218300e+00
4.667999999999999972e+01,4.897868027946039593e-01,4.986722403540967859e-03,-3.131411608767817878e+00
4.670000000000000284e+01,4.857870098325963726e-01,4.945999210221767479e-03,-3.131411608384417455e+00
4.671999999999999886e+01,4.817872168524904852e-01,4.905274858611614365e-03,-3.131411608001017033e+00
4.674000000000000199e+01,4.777874259348211528e-01,4.864551343367180987e-03,-3.131411607638273864e+00
4.675999999999999801e+01,4.737876349980228441e-01,4.823827828122747609e-03,-3.131411607275530695e+00
4.678000000000000114e+01,4.697878440612245354e-01,4.783105537130215475e-03,-3.131411606912787526e+00
4.679999999999999716e+01,4.657880531244262268e-01,4.742382021885782097e-03,-3.131411606550044358e+00
4.682000000000000028e+01,4.617882622067568943e-01,4.701658506641348718e-03,-3.131411606187301189e+00
4.684000000000000341e+01,4.577884686877867204e-01,4.660934713196133485e-03,-3.131411605840121570e+00
4.685999999999999943e+01,4.537886751688165465e-01,4.620210919750918251e-03,-3.131411605492941952e+00
4.688000000000000256e+01,4.497888816698328851e-01,4.579487126305703017e-03,-3.131411605145762334e+00
4.689999999999999858e+01,4.457890881508627112e-01,4.538764611994622333e-03,-3.131411604798582715e+00
4.692000000000000171e+01,4.417892946318925373e-01,4.498040818549407099e-03,-3.131411604451403097e+00
4.693999999999999773e+01,4.377894995759641361e-01,4.457317575919976342e-03,-3.131411604122397385e+00
4.696000000000000085e+01,4.337897044989452167e-01,4.416592983497949314e-03,-3.131411603793391674e+00
4.697999999999999687e+01,4.297899094219262972e-01,4.375869740868518556e-03,-3.131411603464385962e+00
4.700000000000000000e+01,4.257901143659978960e-01,4.335146498239087799e-03,-3.131411603135380251e+00
4.702000000000000313e+01,4.217903192889789765e-01,4.294423255609657042e-03,-3.131411602806374539e+00
4.703999999999999915e+01,4.177905267277135515e-01,4.253699105958570585e-03,-3.131411602521039228e+00
4.706000000000000227e+01,4.137907341421297458e-01,4.212976512684066428e-03,-3.131411602235703917e+00
4.707999999999999829e+01,4.097909415808643208e-01,4.172252363032979972e-03,-3.131411601950368606e+00
4.710000000000000142e+01,4.057911490195988957e-01,4.131528213381893515e-03,-3.131411601665033295e+00
4.711999999999999744e+01,4.017913564340150900e-01,4.090805620107389358e-03,-3.131411601379697984e+00
4.714000000000000057e+01,3.977915605173267810e-01,4.050082342203610922e-03,-3.131411601147867430e+00
4.715999999999999659e+01,3.937917646006384720e-01,4.009359064299832486e-03,-3.131411600916036875e+00
4.717999999999999972e+01,3.897919687138811096e-01,3.968633870817809411e-03,-3.131411600684206320e+00
4.720000000000000284e+01,3.857921727971928005e-01,3.927910592914030975e-03,-3.131411600452375765e+00
4.721999999999999886e+01,3.817923768805044915e-01,3.887187315010252973e-03,-3.131411600220545211e+00
4.724000000000000199e+01,3.777925809638161825e-01,3.846464037106474970e-03,-3.131411599988714656e+00
4.725999999999999801e+01,3.737927895434808301e-01,3.805739804796707398e-03,-3.131411599767554677e+00
4.728000000000000114e+01,3.697929981545204359e-01,3.765017580486165923e-03,-3.131411599546394697e+00
4.729999999999999716e+01,3.657932067341850835e-01,3.724293348176398351e-03,-3.131411599325234718e+00
4.732000000000000028e+01,3.617934153452246893e-01,3.683569115866630779e-03,-3.131411599104074739e+00
4.734000000000000341e+01,3.577936257358347860e-01,3.642846159038016628e-03,-3.131411598875503355e+00
4.735999999999999943e+01,3.537938361568025436e-01,3.602123202209402478e-03,-3.131411598646931971e+00
4.738000000000000256e+01,3.497940465777703012e-01,3.561400245380788327e-03,-3.131411598418360587e+00
4.739999999999999858e+01,3.457942569987380588e-01,3.520675345663012556e-03,-3.131411598189789203e+00
4.742000000000000171e+01,3.417944673893481555e-01,3.479952388834398405e-03,-3.131411597961217819e+00
4.743999999999999773e+01,3.377946777810421630e-01,3.439229238203569527e-03,-3.131411597775373590e+00
4.746000000000000085e+01,3.337948881353990371e-01,3.398506087572740648e-03,-3.131411597589529361e+00
4.747999999999999687e+01,3.297950984897559112e-01,3.357782936941911770e-03,-3.131411597403685132e+00
4.750000000000000000e+01,3.257953088814499187e-01,3.317059786311082892e-03,-3.131411597217840903e+00
4.752000000000000313e+01,3.217955192358067928e-01,3.276334246104462868e-03,-3.131411597031996674e+00
4.753999999999999915e+01,3.177957277503967171e-01,3.235611971200525600e-03,-3.131411596739112735e+00
4.756000000000000227e+01,3.137959362649866413e-01,3.194888180033606407e-03,-3.131411596446228796e+00
4.757999999999999829e+01,3.097961447795765655e-01,3.154164388866687214e-03,-3.131411596153344856e+00
4.760000000000000142e+01,3.057963533178580939e-01,3.113440597699768022e-03,-3.131411595860460917e+00
4.761999999999999744e+01,3.017965618324480181e-01,3.072716806532848829e-03,-3.131411595567576978e+00
4.764000000000000057e+01,2.977967735536308225e-01,3.031993120394180490e-03,-3.131411595391200731e+00
4.765999999999999659e+01,2.937969853141549903e-01,2.991269434255512151e-03,-3.131411595214824484e+00
4.767999999999999972e+01,2.897971970353377946e-01,2.950548265965621808e-03,-3.131411595038448237e+00
4.770000000000000284e+01,2.857974087565205989e-01,2.909824579826953469e-03,-3.131411594862071990e+00
4.771999999999999886e+01,2.817976128945018921e-01,2.869101156688892533e-03,-3.131411594593503267e+00
4.774000000000000199e+01,2.777978170324831853e-01,2.828376080009206792e-03,-3.131411594324934544e+00
4.775999999999999801e+01,2.737980211704644784e-01,2.787652656871145856e-03,-3.131411594056365821e+00
4.778000000000000114e+01,2.697982252826092164e-01,2.746929233733084921e-03,-3.131411593787797099e+00
4.779999999999999716e+01,2.657984294205905096e-01,2.706205810595023985e-03,-3.131411593519228376e+00
4.782000000000000028e+01,2.617986335585718027e-01,2.665482387456963049e-03,-3.131411593250659653e+00
4.784000000000000341e+01,2.577988375101781804e-01,2.624759711817156380e-03,-3.131411593060276388e+00
4.785999999999999943e+01,2.537990414617845580e-01,2.584034703569053522e-03,-3.131411592869893123e+00
4.788000000000000256e+01,2.497992454133909634e-01,2.543312027929246853e-03,-3.131411592679509859e+00
4.789999999999999858e+01,2.457994493285503568e-01,2.502589352289440183e-03,-3.131411592489126594e+00
4.792000000000000171e+01,2.417996532801567622e-01,2.461864344041337326e-03,-3.131411592298743329e+00
4.793999999999999773e+01,2.377998576095901595e-01,2.421140607655247311e-03,-3.131411592000002742e+00
4.796000000000000085e+01,2.338000619622507270e-01,2.380416871269157297e-03,-3.131411591701262154e+00
4.797999999999999687e+01,2.298002662916841243e-01,2.339693134883067283e-03,-3.131411591402521566e+00
4.800000000000000000e+01,2.258004706211175217e-01,2.298970885035995018e-03,-3.131411591103780978e+00
4.802000000000000313e+01,2.218006749505509190e-01,2.258247148649905004e-03,-3.131411590805040390e+00
4.803999999999999915e+01,2.178008792015747874e-01,2.217522698499238033e-03,-3.131411590561373970e+00
4.806000000000000227e+01,2.138010834525986559e-01,2.176800070879345364e-03,-3.131411590317707550e+00
4.807999999999999829e+01,2.098012876751454703e-01,2.136075620728678393e-03,-3.131411590074041129e+00
4.810000000000000142e+01,2.058014919261693387e-01,2.095352993108785724e-03,-3.131411589830374709e+00
4.811999999999999744e+01,2.018016961771932072e-01,2.054628542958118753e-03,-3.131411589586708288e+00
4.814000000000000057e+01,1.978019031833435082e-01,2.013905207333373422e-03,-3.131411589345303614e+00
4.815999999999999659e+01,1.938021101894938092e-01,1.973181871708628091e-03,-3.131411589103898940e+00
4.817999999999999972e+01,1.898023172243879508e-01,1.932458536083882759e-03,-3.131411588862494266e+00
4.820000000000000284e+01,1.858025242305382518e-01,1.891735200459137428e-03,-3.131411588621089592e+00
4.821999999999999886e+01,1.818027312366885528e-01,1.851010025229403791e-03,-3.131411588379684918e+00
4.824000000000000199e+01,1.778029382428388538e-01,1.810286689604658460e-03,-3.131411588138280244e+00
4.825999999999999801e+01,1.738031436758377124e-01,1.769563108354726922e-03,-3.131411587894227022e+00
4.828000000000000114e+01,1.698033490804046475e-01,1.728839527104795385e-03,-3.131411587650173800e+00
4.829999999999999716e+01,1.658035544849715825e-01,1.688115945854863848e-03,-3.131411587406120578e+00
4.832000000000000028e+01,1.618037599179704411e-01,1.647392364604932311e-03,-3.131411587162067356e+00
4.834000000000000341e+01,1.578039680644665599e-01,1.606670166765097321e-03,-3.131411587082818304e+00
4.835999999999999943e+01,1.538041762985207506e-01,1.565947968925262331e-03,-3.131411587003569252e+00
4.838000000000000256e+01,1.498043845325749412e-01,1.525225771085427342e-03,-3.131411586924320201e+00
4.839999999999999858e+01,1.458045926790710600e-01,1.484497969530463712e-03,-3.131411586845071149e+00
4.842000000000000171e+01,1.418048009131252507e-01,1.443775771690628722e-03,-3.131411586765822097e+00
4.843999999999999773e+01,1.378049942172885067e-01,1.403051609294018445e-03,-3.131411586712606443e+00
4.846000000000000085e+01,1.338051875214517628e-01,1.362327446897408168e-03,-3.131411586659390789e+00
4.847999999999999687e+01,1.298053806952225997e-01,1.321603284500797891e-03,-3.131411586606175135e+00
4.850000000000000000e+01,1.258055739993858557e-01,1.280879122104187614e-03,-3.131411586552959481e+00
4.852000000000000313e+01,1.218057673035491117e-01,1.240154959707577336e-03,-3.131411586499743827e+00
4.853999999999999915e+01,1.178059746100126037e-01,1.199431394883481534e-03,-3.131411586518316081e+00
4.856000000000000227e+01,1.138061819164753463e-01,1.158707830133670928e-03,-3.131411586536888336e+00
4.857999999999999829e+01,1.098063892229373256e-01,1.117984265458145518e-03,-3.131411586555460591e+00
4.860000000000000142e+01,1.058065965293985555e-01,1.077260700856905304e-03,-3.131411586574032846e+00
4.861999999999999744e+01,1.018068038358590222e-01,1.036537136329950069e-03,-3.131411586592605101e+00
4.864000000000000057e+01,1.018068038358590222e-01,1.036537136329950069e-03,-3.131411586592605101e+00
4.865999999999999659e+01,1.018068038358590222e-01,1.036537136329950069e-03,-3.131411586592605101e+00
4.867999999999999972e+01,1.018068038358590222e-01,1.036537136329950069e-03,-3.131411586592605101e+00
4.870000000000000284e+01,1.018068038358590222e-01,1.036537136329950069e-03,-3.131411586592605101e+00
4.871999999999999886e+01,1.018068038358590222e-01,1.036537136329950069e-03,-3.131411586592605101e+00
4.874000000000000199e+01,1.018068038358590222e-01,1.036537136329950069e-03,-3.137411586592604884e+00
4.875999999999999801e+01,1.018068038358590222e-01,1.036537136329950069e-03,3.139773720586982009e+00
4.878000000000000114e+01,1.018068038358590222e-01,1.036537136329950069e-03,3.133773720586982225e+00
4.879999999999999716e+01,1.018068038358590222e-01,1.036537136329950069e-03,3.127773720586982442e+00
4.882000000000000028e+01,1.018068038358590222e-01,1.036537136329950069e-03,3.121773720586982659e+00
4.884000000000000341e+01,1.018068038358590222e-01,1.036537136329950069e-03,3.115773720586982876e+00
4.885999999999999943e+01,1.018068038358590222e-01,1.036537136329950069e-03,3.109773720586983092e+00
4.888000000000000256e+01,1.018068038358590222e-01,1.036537136329950069e-03,3.103773720586983309e+00
4.889999999999999858e+01,1.018068038358590222e-01,1.036537136329950069e-03,3.097773720586983526e+00
4.892000000000000171e+01,1.018068038358590222e-01,1.036537136329950069e-03,3.091773720586983742e+00
4.893999999999999773e+01,1.018068038358590222e-01,1.036537136329950069e-03,3.085773720586983959e+00
4.896000000000000085e+01,1.018068038358590222e-01,1.036537136329950069e-03,3.079773720586984176e+00
4.897999999999999687e+01,1.018068038358590222e-01,1.036537136329950069e-03,3.073773720586984393e+00
4.900000000000000000e+01,1.018068038358590222e-01,1.036537136329950069e-03,3.067773720586984609e+00
4.902000000000000313e+01,1.018068038358590222e-01,1.036537136329950069e-03,3.061773720586984826e+00
4.903999999999999915e+01,1.018068038358590222e-01,1.036537136329950069e-03,3.055773720586985043e+00
4.906000000000000227e+01,1.018068038358590222e-01,1.036537136329950069e-03,3.049773720586985259e+00
4.907999999999999829e+01,1.018068038358590222e-01,1.036537136329950069e-03,3.043773720586985476e+00
4.910000000000000142e+01,1.018068038358590222e-01,1.036537136329950069e-03,3.037773720586985693e+00
4.911999999999999744e+01,1.018068038358590222e-01,1.036537136329950069e-03,3.031773720586985910e+00
4.914000000000000057e+01,1.018068038358590222e-01,1.036537136329950069e-03,3.025773720586986126e+00
4.915999999999999659e+01,1.018068038358590222e-01,1.036537136329950069e-03,3.019773720586986343e+00
4.917999999999999972e+01,1.018068038358590222e-01,1.036537136329950069e-03,3.013773720586986560e+00
4.920000000000000284e+01,1.018068038358590222e-01,1.036537136329950069e-03,3.007773720586986776e+00
4.921999999999999886e+01,1.018068038358590222e-01,1.036537136329950069e-03,3.001773720586986993e+00
4.924000000000000199e+01,1.018068038358590222e-01,1.036537136329950069e-03,2.995773720586987210e+00
4.925999999999999801e+01,1.018068038358590222e-01,1.036537136329950069e-03,2.989773720586987427e+00
4.928000000000000114e+01,1.018068038358590222e-01,1.036537136329950069e-03,2.983773720586987643e+00
4.929999999999999716e+01,1.018068038358590222e-01,1.036537136329950069e-03,2.977773720586987860e+00
4.932000000000000028e+01,1.018068038358590222e-01,1.036537136329950069e-03,2.971773720586988077e+00
4.934000000000000341e+01,1.018068038358590222e-01,1.036537136329950069e-03,2.965773720586988293e+00
4.935999999999999943e+01,1.018068038358590222e-01,1.036537136329950069e-03,2.959773720586988510e+00
4.938000000000000256e+01,1.018068038358590222e-01,1.036537136329950069e-03,2.953773720586988727e+00
4.939999999999999858e+01,1.018068038358590222e-01,1.036537136329950069e-03,2.947773720586988944e+00
4.942000000000000171e+01,1.018068038358590222e-01,1.036537136329950069e-03,2.941773720586989160e+00
4.943999999999999773e+01,1.018068038358590222e-01,1.036537136329950069e-03,2.935773720586989377e+00
4.946000000000000085e+01,1.018068038358590222e-01,1.036537136329950069e-03,2.929773720586989594e+00
4.947999999999999687e+01,1.018068038358590222e-01,1.036537136329950069e-03,2.923773720586989810e+00
4.950000000000000000e+01,1.018068038358590222e-01,1.036537136329950069e-03,2.917773720586990027e+00
4.952000000000000313e+01,1.018068038358590222e-01,1.036537136329950069e-03,2.911773720586990244e+00
4.953999999999999915e+01,1.018068038358590222e-01,1.036537136329950069e-03,2.905773720586990461e+00
4.956000000000000227e+01,1.018068038358590222e-01,1.036537136329950069e-03,2.899773720586990677e+00
4.957999999999999829e+01,1.018068038358590222e-01,1.036537136329950069e-03,2.893773720586990894e+00
4.960000000000000142e+01,1.018068038358590222e-01,1.036537136329950069e-03,2.887773720586991111e+00
4.961999999999999744e+01,1.018068038358590222e-01,1.036537136329950069e-03,2.881773720586991328e+00
4.964000000000000057e+01,1.018068038358590222e-01,1.036537136329950069e-03,2.875773720586991544e+00
4.965999999999999659e+01,1.018068038358590222e-01,1.036537136329950069e-03,2.869773720586991761e+00
4.967999999999999972e+01,1.018068038358590222e-01,1.036537136329950069e-03,2.863773720586991978e+00
4.970000000000000284e+01,1.018068038358590222e-01,1.036537136329950069e-03,2.857773720586992194e+00
4.971999999999999886e+01,1.018068038358590222e-01,1.036537136329950069e-03,2.851773720586992411e+00
4.974000000000000199e+01,1.018068038358590222e-01,1.036537136329950069e-03,2.845773720586992628e+00
4.975999999999999801e+01,1.018068038358590222e-01,1.036537136329950069e-03,2.839773720586992845e+00
4.978000000000000114e+01,1.018068038358590222e-01,1.036537136329950069e-03,2.833773720586993061e+00
4.979999999999999716e+01,1.018068038358590222e-01,1.036537136329950069e-03,2.827773720586993278e+00
4.982000000000000028e+01,1.018068038358590222e-01,1.036537136329950069e-03,2.821773720586993495e+00
4.984000000000000341e+01,1.018068038358590222e-01,1.036537136329950069e-03,2.815773720586993711e+00
4.985999999999999943e+01,1.018068038358590222e-01,1.036537136329950069e-03,2.809773720586993928e+00
4.988000000000000256e+01,1.018068038358590222e-01,1.036537136329950069e-03,2.803773720586994145e+00
4.989999999999999858e+01,1.018068038358590222e-01,1.036537136329950069e-03,2.797773720586994362e+00
4.992000000000000171e+01,1.018068038358590222e-01,1.036537136329950069e-03,2.791773720586994578e+00
4.993999999999999773e+01,1.018068038358590222e-01,1.036537136329950069e-03,2.785773720586994795e+00
4.996000000000000085e+01,1.018068038358590222e-01,1.036537136329950069e-03,2.779773720586995012e+00
4.997999999999999687e+01,1.018068038358590222e-01,1.036537136329950069e-03,2.773773720586995228e+00
5.000000000000000000e+01,1.018068038358590222e-01,1.036537136329950069e-03,2.767773720586995445e+00
5.002000000000000313e+01,1.018068038358590222e-01,1.036537136329950069e-03,2.761773720586995662e+00
5.003999999999999915e+01,1.018068038358590222e-01,1.036537136329950069e-03,2.755773720586995879e+00
5.006000000000000227e+01,1.018068038358590222e-01,1.036537136329950069e-03,2.749773720586996095e+00
5.007999999999999829e+01,1.018068038358590222e-01,1.036537136329950069e-03,2.743773720586996312e+00
5.010000000000000142e+01,1.018068038358590222e-01,1.036537136329950069e-03,2.737773720586996529e+00
5.011999999999999744e+01,1.018068038358590222e-01,1.036537136329950069e-03,2.731773720586996745e+00
5.014000000000000057e+01,1.018068038358590222e-01,1.036537136329950069e-03,2.725773720586996962e+00
5.015999999999999659e+01,1.018068038358590222e-01,1.036537136329950069e-03,2.719773720586997179e+00
5.017999999999999972e+01,1.018068038358590222e-01,1.036537136329950069e-03,2.713773720586997396e+00
5.020000000000000284e+01,1.018068038358590222e-01,1.036537136329950069e-03,2.707773720586997612e+00
5.021999999999999886e+01,1.018068038358590222e-01,1.036537136329950069e-03,2.701773720586997829e+00
5.024000000000000199e+01,1.018068038358590222e-01,1.036537136329950069e-03,2.695773720586998046e+00
5.025999999999999801e+01,1.018068038358590222e-01,1.036537136329950069e-03,2.689773720586998262e+00
5.028000000000000114e+01,1.018068038358590222e-01,1.036537136329950069e-03,2.683773720586998479e+00
5.029999999999999716e+01,1.018068038358590222e-01,1.036537136329950069e-03,2.677773720586998696e+00
5.032000000000000028e+01,1.018068038358590222e-01,1.036537136329950069e-03,2.671773720586998913e+00
5.034000000000000341e+01,1.018068038358590222e-01,1.036537136329950069e-03,2.665773720586999129e+00
5.035999999999999943e+01,1.018068038358590222e-01,1.036537136329950069e-03,2.659773720586999346e+00
5.038000000000000256e+01,1.018068038358590222e-01,1.036537136329950069e-03,2.653773720586999563e+00
5.039999999999999858e+01,1.018068038358590222e-01,1.036537136329950069e-03,2.647773720586999779e+00
5.042000000000000171e+01,1.018068038358590222e-01,1.036537136329950069e-03,2.641773720586999996e+00
5.043999999999999773e+01,1.018068038358590222e-01,1.036537136329950069e-03,2.635773720587000213e+00
5.046000000000000085e+01,1.018068038358590222e-01,1.036537136329950069e-03,2.629773720587000430e+00
5.047999999999999687e+01,1.018068038358590222e-01,1.036537136329950069e-03,2.623773720587000646e+00
5.050000000000000000e+01,1.018068038358590222e-01,1.036537136329950069e-03,2.617773720587000863e+00
5.052000000000000313e+01,1.018068038358590222e-01,1.036537136329950069e-03,2.611773720587001080e+00
5.053999999999999915e+01,1.018068038358590222e-01,1.036537136329950069e-03,2.605773720587001296e+00
5.056000000000000227e+01,1.018068038358590222e-01,1.036537136329950069e-03,2.599773720587001513e+00
5.057999999999999829e+01,1.018068038358590222e-01,1.036537136329950069e-03,2.593773720587001730e+00
5.060000000000000142e+01,1.018068038358590222e-01,1.036537136329950069e-03,2.587773720587001947e+00
5.061999999999999744e+01,1.018068038358590222e-01,1.036537136329950069e-03,2.581773720587002163e+00
5.064000000000000057e+01,1.018068038358590222e-01,1.036537136329950069e-03,2.575773720587002380e+00
5.065999999999999659e+01,1.018068038358590222e-01,1.036537136329950069e-03,2.569773720587002597e+00
5.067999999999999972e+01,1.018068038358590222e-01,1.036537136329950069e-03,2.563773720587002813e+00
5.070000000000000284e+01,1.018068038358590222e-01,1.036537136329950069e-03,2.557773720587003030e+00
5.071999999999999886e+01,1.018068038358590222e-01,1.036537136329950069e-03,2.551773720587003247e+00
5.074000000000000199e+01,1.018068038358590222e-01,1.036537136329950069e-03,2.545773720587003464e+00
5.075999999999999801e+01,1.018068038358590222e-01,1.036537136329950069e-03,2.539773720587003680e+00
5.078000000000000114e+01,1.018068038358590222e-01,1.036537136329950069e-03,2.533773720587003897e+00
5.079999999999999716e+01,1.018068038358590222e-01,1.036537136329950069e-03,2.527773720587004114e+00
5.082000000000000028e+01,1.018068038358590222e-01,1.036537136329950069e-03,2.521773720587004330e+00
5.084000000000000341e+01,1.018068038358590222e-01,1.036537136329950069e-03,2.515773720587004547e+00
5.085999999999999943e+01,1.018068038358590222e-01,1.036537136329950069e-03,2.509773720587004764e+00
5.088000000000000256e+01,1.018068038358590222e-01,1.036537136329950069e-03,2.503773720587004981e+00
5.089999999999999858e+01,1.018068038358590222e-01,1.036537136329950069e-03,2.497773720587005197e+00
5.092000000000000171e+01,1.018068038358590222e-01,1.036537136329950069e-03,2.491773720587005414e+00
5.093999999999999773e+01,1.018068038358590222e-01,1.036537136329950069e-03,2.485773720587005631e+00
5.096000000000000085e+01,1.018068038358590222e-01,1.036537136329950069e-03,2.479773720587005847e+00
5.097999999999999687e+01,1.018068038358590222e-01,1.036537136329950069e-03,2.473773720587006064e+00
5.100000000000000000e+01,1.018068038358590222e-01,1.036537136329950069e-03,2.467773720587006281e+00
5.102000000000000313e+01,1.018068038358590222e-01,1.036537136329950069e-03,2.461773720587006498e+00
5.103999999999999915e+01,1.018068038358590222e-01,1.036537136329950069e-03,2.455773720587006714e+00
5.106000000000000227e+01,1.018068038358590222e-01,1.036537136329950069e-03,2.449773720587006931e+00
5.107999999999999829e+01,1.018068038358590222e-01,1.036537136329950069e-03,2.443773720587007148e+00
5.110000000000000142e+01,1.018068038358590222e-01,1.036537136329950069e-03,2.437773720587007364e+00
5.111999999999999744e+01,1.018068038358590222e-01,1.036537136329950069e-03,2.431773720587007581e+00
5.114000000000000057e+01,1.018068038358590222e-01,1.036537136329950069e-03,2.425773720587007798e+00
5.115999999999999659e+01,1.018068038358590222e-01,1.036537136329950069e-03,2.419773720587008015e+00
5.117999999999999972e+01,1.018068038358590222e-01,1.036537136329950069e-03,2.413773720587008231e+00
5.120000000000000284e+01,1.018068038358590222e-01,1.036537136329950069e-03,2.407773720587008448e+00
5.121999999999999886e+01,1.018068038358590222e-01,1.036537136329950069e-03,2.401773720587008665e+00
5.124000000000000199e+01,1.018068038358590222e-01,1.036537136329950069e-03,2.395773720587008881e+00
5.125999999999999801e+01,1.018068038358590222e-01,1.036537136329950069e-03,2.389773720587009098e+00
5.128000000000000114e+01,1.018068038358590222e-01,1.036537136329950069e-03,2.383773720587009315e+00
5.129999999999999716e+01,1.018068038358590222e-01,1.036537136329950069e-03,2.377773720587009532e+00
5.132000000000000028e+01,1.018068038358590222e-01,1.036537136329950069e-03,2.371773720587009748e+00
5.134000000000000341e+01,1.018068038358590222e-01,1.036537136329950069e-03,2.365773720587009965e+00
5.135999999999999943e+01,1.018068038358590222e-01,1.036537136329950069e-03,2.359773720587010182e+00
5.138000000000000256e+01,1.018068038358590222e-01,1.036537136329950069e-03,2.353773720587010398e+00
5.139999999999999858e+01,1.018068038358590222e-01,1.036537136329950069e-03,2.347773720587010615e+00
5.142000000000000171e+01,1.018068038358590222e-01,1.036537136329950069e-03,2.341773720587010832e+00
5.143999999999999773e+01,1.018068038358590222e-01,1.036537136329950069e-03,2.335773720587011049e+00
5.146000000000000085e+01,1.018068038358590222e-01,1.036537136329950069e-03,2.329773720587011265e+00
5.147999999999999687e+01,1.018068038358590222e-01,1.036537136329950069e-03,2.323773720587011482e+00
5.150000000000000000e+01,1.018068038358590222e-01,1.036537136329950069e-03,2.317773720587011699e+00
5.152000000000000313e+01,1.018068038358590222e-01,1.036537136329950069e-03,2.311773720587011915e+00
5.153999999999999915e+01,1.018068038358590222e-01,1.036537136329950069e-03,2.305773720587012132e+00
5.156000000000000227e+01,1.018068038358590222e-01,1.036537136329950069e-03,2.299773720587012349e+00
5.157999999999999829e+01,1.018068038358590222e-01,1.036537136329950069e-03,2.293773720587012566e+00
5.160000000000000142e+01,1.018068038358590222e-01,1.036537136329950069e-03,2.287773720587012782e+00
5.161999999999999744e+01,1.018068038358590222e-01,1.036537136329950069e-03,2.281773720587012999e+00
5.164000000000000057e+01,1.018068038358590222e-01,1.036537136329950069e-03,2.275773720587013216e+00
5.165999999999999659e+01,1.018068038358590222e-01,1.036537136329950069e-03,2.269773720587013432e+00
5.167999999999999972e+01,1.018068038358590222e-01,1.036537136329950069e-03,2.263773720587013649e+00
5.170000000000000284e+01,1.018068038358590222e-01,1.036537136329950069e-03,2.257773720587013866e+00
5.171999999999999886e+01,1.018068038358590222e-01,1.036537136329950069e-03,2.251773720587014083e+00
5.174000000000000199e+01,1.018068038358590222e-01,1.036537136329950069e-03,2.245773720587014299e+00
5.175999999999999801e+01,1.018068038358590222e-01,1.036537136329950069e-03,2.239773720587014516e+00
5.178000000000000114e+01,1.018068038358590222e-01,1.036537136329950069e-03,2.233773720587014733e+00
5.179999999999999716e+01,1.018068038358590222e-01,1.036537136329950069e-03,2.227773720587014950e+00
5.182000000000000028e+01,1.018068038358590222e-01,1.036537136329950069e-03,2.221773720587015166e+00
5.184000000000000341e+01,1.018068038358590222e-01,1.036537136329950069e-03,2.215773720587015383e+00
5.185999999999999943e+01,1.018068038358590222e-01,1.036537136329950069e-03,2.209773720587015600e+00
5.188000000000000256e+01,1.018068038358590222e-01,1.036537136329950069e-03,2.203773720587015816e+00
5.189999999999999858e+01,1.018068038358590222e-01,1.036537136329950069e-03,2.197773720587016033e+00
5.192000000000000171e+01,1.018068038358590222e-01,1.036537136329950069e-03,2.191773720587016250e+00
5.193999999999999773e+01,1.018068038358590222e-01,1.036537136329950069e-03,2.185773720587016467e+00
5.196000000000000085e+01,1.018068038358590222e-01,1.036537136329950069e-03,2.179773720587016683e+00
5.197999999999999687e+01,1.018068038358590222e-01,1.036537136329950069e-03,2.173773720587016900e+00
5.200000000000000000e+01,1.018068038358590222e-01,1.036537136329950069e-03,2.167773720587017117e+00
5.202000000000000313e+01,1.018068038358590222e-01,1.036537136329950069e-03,2.161773720587017333e+00
5.203999999999999915e+01,1.018068038358590222e-01,1.036537136329950069e-03,2.155773720587017550e+00
5.206000000000000227e+01,1.018068038358590222e-01,1.036537136329950069e-03,2.149773720587017767e+00
5.207999999999999829e+01,1.018068038358590222e-01,1.036537136329950069e-03,2.143773720587017984e+00
5.210000000000000142e+01,1.018068038358590222e-01,1.036537136329950069e-03,2.137773720587018200e+00
5.211999999999999744e+01,1.018068038358590222e-01,1.036537136329950069e-03,2.131773720587018417e+00
5.214000000000000057e+01,1.018068038358590222e-01,1.036537136329950069e-03,2.125773720587018634e+00
5.215999999999999659e+01,1.018068038358590222e-01,1.036537136329950069e-03,2.119773720587018850e+00
5.217999999999999972e+01,1.018068038358590222e-01,1.036537136329950069e-03,2.113773720587019067e+00
5.220000000000000284e+01,1.018068038358590222e-01,1.036537136329950069e-03,2.107773720587019284e+00
5.221999999999999886e+01,1.018068038358590222e-01,1.036537136329950069e-03,2.101773720587019501e+00
5.224000000000000199e+01,1.018068038358590222e-01,1.036537136329950069e-03,2.095773720587019717e+00
5.225999999999999801e+01,1.018068038358590222e-01,1.036537136329950069e-03,2.089773720587019934e+00
5.228000000000000114e+01,1.018068038358590222e-01,1.036537136329950069e-03,2.083773720587020151e+00
5.229999999999999716e+01,1.018068038358590222e-01,1.036537136329950069e-03,2.077773720587020367e+00
5.232000000000000028e+01,1.018068038358590222e-01,1.036537136329950069e-03,2.071773720587020584e+00
5.234000000000000341e+01,1.018068038358590222e-01,1.036537136329950069e-03,2.065773720587020801e+00
5.235999999999999943e+01,1.018068038358590222e-01,1.036537136329950069e-03,2.059773720587021018e+00
5.238000000000000256e+01,1.018068038358590222e-01,1.036537136329950069e-03,2.053773720587021234e+00
5.239999999999999858e+01,1.018068038358590222e-01,1.036537136329950069e-03,2.047773720587021007e+00
5.242000000000000171e+01,1.018068038358590222e-01,1.036537136329950069e-03,2.041773720587021668e+00
5.243999999999999773e+01,1.018068038358590222e-01,1.036537136329950069e-03,2.035773720587021884e+00
5.246000000000000085e+01,1.018068038358590222e-01,1.036537136329950069e-03,2.029773720587022101e+00
5.247999999999999687e+01,1.018068038358590222e-01,1.036537136329950069e-03,2.023773720587022318e+00
5.250000000000000000e+01,1.018068038358590222e-01,1.036537136329950069e-03,2.017773720587022535e+00
5.252000000000000313e+01,1.018068038358590222e-01,1.036537136329950069e-03,2.011773720587022751e+00
5.253999999999999915e+01,1.018068038358590222e-01,1.036537136329950069e-03,2.005773720587022968e+00
5.256000000000000227e+01,1.018068038358590222e-01,1.036537136329950069e-03,1.999773720587022963e+00
5.257999999999999829e+01,1.018068038358590222e-01,1.036537136329950069e-03,1.993773720587022957e+00
5.260000000000000142e+01,1.018068038358590222e-01,1.036537136329950069e-03,1.987773720587022952e+00
5.261999999999999744e+01,1.018068038358590222e-01,1.036537136329950069e-03,1.981773720587022947e+00
5.264000000000000057e+01,1.018068038358590222e-01,1.036537136329950069e-03,1.975773720587022719e+00
5.265999999999999659e+01,1.018068038358590222e-01,1.036537136329950069e-03,1.969773720587023158e+00
5.267999999999999972e+01,1.018068038358590222e-01,1.036537136329950069e-03,1.963773720587023153e+00
5.270000000000000284e+01,1.018068038358590222e-01,1.036537136329950069e-03,1.957773720587022925e+00
5.271999999999999886e+01,1.018068038358590222e-01,1.036537136329950069e-03,1.951773720587022920e+00
5.274000000000000199e+01,1.018068038358590222e-01,1.036537136329950069e-03,1.945773720587022915e+00
5.275999999999999801e+01,1.018068038358590222e-01,1.036537136329950069e-03,1.939773720587022687e+00
5.278000000000000114e+01,1.018068038358590222e-01,1.036537136329950069e-03,1.933773720587022904e+00
5.279999999999999716e+01,1.018068038358590222e-01,1.036537136329950069e-03,1.927773720587022899e+00
5.282000000000000028e+01,1.018068038358590222e-01,1.036537136329950069e-03,1.921773720587022671e+00
5.284000000000000341e+01,1.018068038358590222e-01,1.036537136329950069e-03,1.915773720587022666e+00
5.285999999999999943e+01,1.018068038358590222e-01,1.036537136329950069e-03,1.909773720587022883e+00
5.288000000000000256e+01,1.018068038358590222e-01,1.036537136329950069e-03,1.903773720587023099e+00
5.289999999999999858e+01,1.018068038358590222e-01,1.036537136329950069e-03,1.897773720587022872e+00
5.292000000000000171e+01,1.018068038358590222e-01,1.036537136329950069e-03,1.891773720587022867e+00
5.293999999999999773e+01,1.018068038358590222e-01,1.036537136329950069e-03,1.885773720587022861e+00
5.296000000000000085e+01,1.018068038358590222e-01,1.036537136329950069e-03,1.879773720587022856e+00
5.297999999999999687e+01,1.018068038358590222e-01,1.036537136329950069e-03,1.873773720587022851e+00
5.300000000000000000e+01,1.018068038358590222e-01,1.036537136329950069e-03,1.867773720587022845e+00
5.302000000000000313e+01,1.018068038358590222e-01,1.036537136329950069e-03,1.861773720587022840e+00
5.303999999999999915e+01,1.018068038358590222e-01,1.036537136329950069e-03,1.855773720587022835e+00
5.306000000000000227e+01,1.018068038358590222e-01,1.036537136329950069e-03,1.850343228714420363e+00
5.307999999999999829e+01,1.018068038358590222e-01,1.036537136329950069e-03,1.844912736841817891e+00
5.310000000000000142e+01,1.018068038358590222e-01,1.036537136329950069e-03,1.839482244969215197e+00
5.311999999999999744e+01,1.018068038358590222e-01,1.036537136329950069e-03,1.834051753096612947e+00
5.314000000000000057e+01,1.018068038358590222e-01,1.036537136329950069e-03,1.828621261224010475e+00
5.315999999999999659e+01,1.018068038358590222e-01,1.036537136329950069e-03,1.823756598863764289e+00
5.317999999999999972e+01,1.018068038358590222e-01,1.036537136329950069e-03,1.818891936503518103e+00
5.320000000000000284e+01,1.018068038358590222e-01,1.036537136329950069e-03,1.814027274143271917e+00
5.321999999999999886e+01,1.018068038358590222e-01,1.036537136329950069e-03,1.809162611783025731e+00
5.324000000000000199e+01,1.018068038358590222e-01,1.036537136329950069e-03,1.804807048839298211e+00
5.325999999999999801e+01,1.018068038358590222e-01,1.036537136329950069e-03,1.800451485895571135e+00
5.328000000000000114e+01,1.018068038358590222e-01,1.036537136329950069e-03,1.796095922951843837e+00
5.329999999999999716e+01,1.018068038358590222e-01,1.036537136329950069e-03,1.791740360008116539e+00
5.332000000000000028e+01,1.018068038358590222e-01,1.036537136329950069e-03,1.787384797064389241e+00
5.334000000000000341e+01,1.009548467435460312e-01,4.944752679332036979e-03,1.783474972403364944e+00
5.335999999999999943e+01,1.001181765616225294e-01,8.856269344819464595e-03,1.779565147742340647e+00
5.338000000000000256e+01,9.929680608002253162e-02,1.277102733857358313e-02,1.775655323081316350e+00
5.339999999999999858e+01,9.849074785479801364e-02,1.668896681682659894e-02,1.771745498420292053e+00
5.342000000000000171e+01,9.770001420792667757e-02,2.061002788717622783e-02,1.767835673759267756e+00
5.343999999999999773e+01,9.692386125008896347e-02,2.453400164124435595e-02,1.764311106570143783e+00
5.346000000000000085e+01,9.616154339366496384e-02,2.846068661999588342e-02,1.760786539381020477e+00
5.347999999999999687e+01,9.541307010859469140e-02,3.239003404394707325e-02,1.757261972191896504e+00
5.350000000000000000e+01,9.467845069283313542e-02,3.632199510053981534e-02,1.753737405002772975e+00
5.352000000000000313e+01,9.395769427223492343e-02,4.025652094474801990e-02,1.750212837813649003e+00
5.353999999999999915e+01,9.325013378227761662e-02,4.419344165258949630e-02,1.747031655704479380e+00
5.356000000000000227e+01,9.255510091314232690e-02,4.813259331476257841e-02,1.743850473595309536e+00
5.357999999999999829e+01,9.187260269849974181e-02,5.207393606740275821e-02,1.740669291486140136e+00
5.360000000000000142e+01,9.120264604517114293e-02,5.601743002447182734e-02,1.737488109376970291e+00
5.361999999999999744e+01,9.054523773305823975e-02,5.996303527816160273e-02,1.734306927267800891e+00
5.364000000000000057e+01,8.989977296777450222e-02,6.391061228733015132e-02,1.731435499311883008e+00
5.365999999999999659e+01,8.926564603085490601e-02,6.786002642545391206e-02,1.728564071355965570e+00
5.367999999999999972e+01,8.864286215073488573e-02,7.181124512924663694e-02,1.725692643400047688e+00
5.370000000000000284e+01,8.803142646232542390e-02,7.576423582054329919e-02,1.722821215444130472e+00
5.371999999999999886e+01,8.743134400697034903e-02,7.971896590656861459e-02,1.719949787488212589e+00
5.374000000000000199e+01,8.684261973240536836e-02,8.367540278020589584e-02,1.717078359532294929e+00
5.375999999999999801e+01,8.626470529561373890e-02,8.763343334430788445e-02,1.714486441659017535e+00
5.378000000000000114e+01,8.569705167872206097e-02,9.159294851839767937e-02,1.711894523785739919e+00
5.379999999999999716e+01,8.513966269524708697e-02,9.555392170231578886e-02,1.709302605912462747e+00
5.382000000000000028e+01,8.459254208974723022e-02,9.951632628610770914e-02,1.706710688039185353e+00
5.384000000000000341e+01,8.405569353779739072e-02,1.034801356502026981e-01,1.704118770165907959e+00
5.385999999999999943e+01,8.352860943114691350e-02,1.074452554567940227e-01,1.701784691953001971e+00
5.388000000000000256e+01,8.301078165160091782e-02,1.114115947169729698e-01,1.699450613740096205e+00
5.389999999999999858e+01,8.250221302024299264e-02,1.153791318224460238e-01,1.697116535527189995e+00
5.392000000000000171e+01,8.200290630771357725e-02,1.193478451583937783e-01,1.694782457314284008e+00
5.393999999999999773e+01,8.151286423419509819e-02,1.233177131035889940e-01,1.692448379101378020e+00
5.396000000000000085e+01,8.103162807436151138e-02,1.272886583146083939e-01,1.690346674348910394e+00
5.397999999999999687e+01,8.055873872565433302e-02,1.312606061710547833e-01,1.688244969596443212e+00
5.400000000000000000e+01,8.009419827690224258e-02,1.352335391281939969e-01,1.686143264843976031e+00
5.402000000000000313e+01,7.963800878005540540e-02,1.392074396369405442e-01,1.684041560091508405e+00
5.403999999999999915e+01,7.919017225017614681e-02,1.431822901439351592e-01,1.681939855339041223e+00
5.406000000000000227e+01,7.875027480412276348e-02,1.471580272405599576e-01,1.680047341280933137e+00
5.407999999999999829e+01,7.831790227969487317e-02,1.511345897290219120e-01,1.678154827222825496e+00
5.410000000000000142e+01,7.789305622548163555e-02,1.551119633668314179e-01,1.676262313164717410e+00
5.411999999999999744e+01,7.747573816311496830e-02,1.590901339085937227e-01,1.674369799106609547e+00
5.414000000000000057e+01,7.706557492692585332e-02,1.630690486158085928e-01,1.672665601202157015e+00
5.415999999999999659e+01,7.666219314117685146e-02,1.670486565440520155e-01,1.670961403297704484e+00
5.417999999999999972e+01,7.626559397740577395e-02,1.710289461353892981e-01,1.669257205393251953e+00
5.420000000000000284e+01,7.587577858745120363e-02,1.750099058299060262e-01,1.667553007488799421e+00
5.421999999999999886e+01,7.549274810345042719e-02,1.789915240657415640e-01,1.665848809584346890e+00
5.424000000000000199e+01,7.511617360168147683e-02,1.829737581734823815e-01,1.664310361068594091e+00
5.425999999999999801e+01,7.474572600529104383e-02,1.869565669088556481e-01,1.662771912552841291e+00
5.428000000000000114e+01,7.438140619106295426e-02,1.909399408452565339e-01,1.661233464037088492e+00
5.429999999999999716e+01,7.402321502127788555e-02,1.949238705547425288e-01,1.659695015521335915e+00
5.432000000000000028e+01,7.367115334371129864e-02,1.989083466080556473e-01,1.658156567005583115e+00
5.434000000000000341e+01,7.332492410297451746e-02,2.028933337774988799e-01,1.656767620291643928e+00
5.435999999999999943e+01,7.298423012926021081e-02,2.068787979968894908e-01,1.655378673577705406e+00
5.438000000000000256e+01,7.264907207982550241e-02,2.108647315775789011e-01,1.653989726863766663e+00
5.439999999999999858e+01,7.231945060124879421e-02,2.148511268300130339e-01,1.652600780149827919e+00
5.442000000000000171e+01,7.199536632942660219e-02,2.188379760637470250e-01,1.651211833435889176e+00
5.443999999999999773e+01,7.167655087618188259e-02,2.228252501463802993e-01,1.649957819975549134e+00
5.446000000000000085e+01,7.136273576767319937e-02,2.268129208926854823e-01,1.648703806515209092e+00
5.447999999999999687e+01,7.105392149738992691e-02,2.308009820318527305e-01,1.647449793054869049e+00
5.450000000000000000e+01,7.075010855095788254e-02,2.347894272924582471e-01,1.646195779594528785e+00
5.452000000000000313e+01,7.045129740613789715e-02,2.387782504024743013e-01,1.644941766134188965e+00
5.453999999999999915e+01,7.015724560828939804e-02,2.427674272387331800e-01,1.643809542428278148e+00
5.456000000000000227e+01,6.986771063853376706e-02,2.467569344504136619e-01,1.642677318722367330e+00
5.457999999999999829e+01,6.958269286803465958e-02,2.507467669232453233e-01,1.641545095016456512e+00
5.460000000000000142e+01,6.930219266216527951e-02,2.547369195425406851e-01,1.640412871310545695e+00
5.461999999999999744e+01,6.902621038050758828e-02,2.587273871932018743e-01,1.639280647604634877e+00
5.464000000000000057e+01,6.875452702197704102e-02,2.627181498720952413e-01,1.638258353655327904e+00
5.465999999999999659e+01,6.848692353724139537e-02,2.667091882058510444e-01,1.637236059706020930e+00
5.467999999999999972e+01,6.822340020596948107e-02,2.707004980234956615e-01,1.636213765756713956e+00
5.470000000000000284e+01,6.796395730356556697e-02,2.746920751537717531e-01,1.635191471807406982e+00
5.471999999999999886e+01,6.770859510116937485e-02,2.786839154251425921e-01,1.634169177858100230e+00
5.474000000000000199e+01,6.745711580079610803e-02,2.826760022259796057e-01,1.633246111475258333e+00
5.475999999999999801e+01,6.720932156815899450e-02,2.866683194581400307e-01,1.632323045092416658e+00
5.478000000000000114e+01,6.696521261439258854e-02,2.906608637199640799e-01,1.631399978709575205e+00
5.479999999999999716e+01,6.672478914748937451e-02,2.946536316095984542e-01,1.630476912326733308e+00
5.482000000000000028e+01,6.648805137230263951e-02,2.986466197249993959e-01,1.629553845943891632e+00
5.484000000000000341e+01,6.625482065381507746e-02,3.026398142488940235e-01,1.628720349436900472e+00
5.485999999999999943e+01,6.602491832964414720e-02,3.066332017826865486e-01,1.627886852929909089e+00
5.488000000000000256e+01,6.579834455950651917e-02,3.106267795521051034e-01,1.627053356422918151e+00
5.489999999999999858e+01,6.557509950080704642e-02,3.146205447827458701e-01,1.626219859915926991e+00
5.492000000000000171e+01,6.535518330863766823e-02,3.186144947000745797e-01,1.625386363408936052e+00
5.493999999999999773e+01,6.513843466303470553e-02,3.226086177914843645e-01,1.624633721399775022e+00
5.496000000000000085e+01,6.492469222336716417e-02,3.266029028857395100e-01,1.623881079390614657e+00
5.497999999999999687e+01,6.471395611071370513e-02,3.305973477201973876e-01,1.623128437381453848e+00
5.500000000000000000e+01,6.450622644445012932e-02,3.345919500321249962e-01,1.622375795372293483e+00
5.502000000000000313e+01,6.430150334224819797e-02,3.385867075587001285e-01,1.621623153363132896e+00
5.503999999999999915e+01,6.409978692007858858e-02,3.425816180370125363e-01,1.620870511353972310e+00
5.506000000000000227e+01,6.390093149317452315e-02,3.465766719669725049e-01,1.620190858614541041e+00
5.507999999999999829e+01,6.370479136133808118e-02,3.505718601268444368e-01,1.619511205875109994e+00
5.510000000000000142e+01,6.351136661517053916e-02,3.545671806711396812e-01,1.618831553135678503e+00
5.511999999999999744e+01,6.332065734402127222e-02,3.585626317543085806e-01,1.618151900396247234e+00
5.514000000000000057e+01,6.313252907136547576e-02,3.625582052116671505e-01,1.617539604110748375e+00
5.515999999999999659e+01,6.294684730860863886e-02,3.665538931102774178e-01,1.616927307825249516e+00
5.517999999999999972e+01,6.276361212536360479e-02,3.705496939521290556e-01,1.616315011539750435e+00
5.520000000000000284e+01,6.258282359032718567e-02,3.745456062391694374e-01,1.615702715254252020e+00
5.521999999999999886e+01,6.240448177127795593e-02,3.785416284733041370e-01,1.615090418968752939e+00
5.524000000000000199e+01,6.222846809852101285e-02,3.825377539442286756e-01,1.614537498182117892e+00
5.525999999999999801e+01,6.205466399339634037e-02,3.865339761259160567e-01,1.613984577395483289e+00
5.528000000000000114e+01,6.188306950903842835e-02,3.905302937966357857e-01,1.613431656608848241e+00
5.529999999999999716e+01,6.171368469790790984e-02,3.945267057346281137e-01,1.612878735822213860e+00
5.532000000000000028e+01,6.154650961178995822e-02,3.985232107181043704e-01,1.612325815035578813e+00
5.534000000000000341e+01,6.138143724759601016e-02,4.025198031143981114e-01,1.611826466762737331e+00
5.535999999999999943e+01,6.121836059540954750e-02,4.065164774410159332e-01,1.611327118489895849e+00
5.538000000000000256e+01,6.105727969589374443e-02,4.105132327013921167e-01,1.610827770217054367e+00
5.539999999999999858e+01,6.089819458921465201e-02,4.145100678989411813e-01,1.610328421944212662e+00
5.542000000000000171e+01,6.074110531503761762e-02,4.185069820370573290e-01,1.609829073671371402e+00
5.543999999999999773e+01,6.058601191253529250e-02,4.225039741191153331e-01,1.609329725398529698e+00
5.546000000000000085e+01,6.043281775866993916e-02,4.265010394525875492e-01,1.608878743295669933e+00
5.547999999999999687e+01,6.028142622525217709e-02,4.304981734674078742e-01,1.608427761192809724e+00
5.550000000000000000e+01,6.013183734307112061e-02,4.344953753506197169e-01,1.607976779089949959e+00
5.552000000000000313e+01,5.998405114255251497e-02,4.384926442892527754e-01,1.607525796987089972e+00
5.553999999999999915e+01,5.983806765375284525e-02,4.424899794703230915e-01,1.607074814884230207e+00
5.556000000000000227e+01,5.969379768648535450e-02,4.464873768681788535e-01,1.606668471631853112e+00
5.557999999999999829e+01,5.955115204654242572e-02,4.504848325591458980e-01,1.606262128379476684e+00
5.560000000000000142e+01,5.941013075747914735e-02,4.544823458831849239e-01,1.605855785127100033e+00
5.561999999999999744e+01,5.927073384257849215e-02,4.584799161802473599e-01,1.605449441874723382e+00
5.564000000000000057e+01,5.913296132485785367e-02,4.624775427902748648e-01,1.605043098622346953e+00
5.565999999999999659e+01,5.899673277189949189e-02,4.664752223175325230e-01,1.604677006201251199e+00
5.567999999999999972e+01,5.886196774821261801e-02,4.704729514491380327e-01,1.604310913780155001e+00
5.570000000000000284e+01,5.872866627186199701e-02,4.744707296493010928e-01,1.603944821359059469e+00
5.571999999999999886e+01,5.859682836071104101e-02,4.784685563822248522e-01,1.603578728937963715e+00
5.574000000000000199e+01,5.846638156286913107e-02,4.824664287523591222e-01,1.603248890502490198e+00
5.575999999999999801e+01,5.833725342406456682e-02,4.864643439313892648e-01,1.602919052067016459e+00
5.578000000000000114e+01,5.820944395834956597e-02,4.904623014843684792e-01,1.602589213631543164e+00
5.579999999999999716e+01,5.808295317962688942e-02,4.944603009763455237e-01,1.602259375196069646e+00
5.582000000000000028e+01,5.795778110165927116e-02,4.984583419723643827e-01,1.601929536760595907e+00
5.584000000000000341e+01,5.783386391810715899e-02,5.024564220632686817e-01,1.601631623567222773e+00
5.585999999999999943e+01,5.771113782084207056e-02,5.064545388933169301e-01,1.601333710373849417e+00
5.588000000000000256e+01,5.758960282075928361e-02,5.104526921076671941e-01,1.601035797180476061e+00
5.589999999999999858e+01,5.746925892864376828e-02,5.144508813514743206e-01,1.600737883987102705e+00
5.592000000000000171e+01,5.735010615517615457e-02,5.184491062698899366e-01,1.600439970793729572e+00
5.593999999999999773e+01,5.723208691702762890e-02,5.224473648111642721e-01,1.600170867048098966e+00
5.596000000000000085e+01,5.711514362948975215e-02,5.264456549670867291e-01,1.599901763302468360e+00
5.597999999999999687e+01,5.699927630103161780e-02,5.304439764481138075e-01,1.599632659556838199e+00
5.600000000000000000e+01,5.688448494004146039e-02,5.344423289646996755e-01,1.599363555811207815e+00
5.602000000000000313e+01,5.677076955483325443e-02,5.384407122272963919e-01,1.599094452065577432e+00
5.603999999999999915e+01,5.665807814536757275e-02,5.424391244831114900e-01,1.598851362747018001e+00
5.606000000000000227e+01,5.654635871053281804e-02,5.464375640148664282e-01,1.598608273428458793e+00
5.607999999999999829e+01,5.643561125693125069e-02,5.504360305862836533e-01,1.598365184109898918e+00
5.610000000000000142e+01,5.632583579110483907e-02,5.544345239610840581e-01,1.598122094791339709e+00
5.611999999999999744e+01,5.621703231954258001e-02,5.584330439029870918e-01,1.597879005472780278e+00
5.614000000000000057e+01,5.610915388236646650e-02,5.624315889106740185e-01,1.597659407825283040e+00
5.615999999999999659e+01,5.600215351886055071e-02,5.664301575118007026e-01,1.597439810177786246e+00
5.617999999999999972e+01,5.589603123418570435e-02,5.704287495135434982e-01,1.597220212530289229e+00
5.620000000000000284e+01,5.579078703345830698e-02,5.744273647230778712e-01,1.597000614882792435e+00
5.621999999999999886e+01,5.568642092175631747e-02,5.784260029475780662e-01,1.596781017235295419e+00
5.624000000000000199e+01,5.558289048978363317e-02,5.824246628977609586e-01,1.596582633835658349e+00
5.625999999999999801e+01,5.548015332759990981e-02,5.864233433079771851e-01,1.596384250436021501e+00
5.628000000000000114e+01,5.537820943924570694e-02,5.904220440208548526e-01,1.596185867036384654e+00
5.629999999999999716e+01,5.527705882873473753e-02,5.944207648790210685e-01,1.595987483636747806e+00
5.632000000000000028e+01,5.517670150004488211e-02,5.984195057251023853e-01,1.595789100237110958e+00
5.634000000000000341e+01,5.507709915251112615e-02,6.024182654490095601e-01,1.595609875069810224e+00
5.635999999999999943e+01,5.497821348495292998e-02,6.064170429599405887e-01,1.595430649902509490e+00
5.638000000000000256e+01,5.488004450054687067e-02,6.104158381294482183e-01,1.595251424735208756e+00
5.639999999999999858e+01,5.478259220244970085e-02,6.144146508290844189e-01,1.595072199567908244e+00
5.642000000000000171e+01,5.468585659378596281e-02,6.184134809304007163e-01,1.594892974400607510e+00
5.643999999999999773e+01,5.458983767766781292e-02,6.224123283049480815e-01,1.594713749233306777e+00
5.646000000000000085e+01,5.449450086288998296e-02,6.264111920006477652e-01,1.594551826111360704e+00
5.647999999999999687e+01,5.439981155785068856e-02,6.304100710811588737e-01,1.594389902989414631e+00
5.650000000000000000e+01,5.430576976503746073e-02,6.344089654416342761e-01,1.594227979867468337e+00
5.652000000000000313e+01,5.421237548691314884e-02,6.384078749772266193e-01,1.594066056745522264e+00
5.653999999999999915e+01,5.411959678710648314e-02,6.424067988430280929e-01,1.593920107319610979e+00
5.656000000000000227e+01,5.402740172893012033e-02,6.464057362072364032e-01,1.593774157893699694e+00
5.657999999999999829e+01,5.393579031434359711e-02,6.504046869846693557e-01,1.593628208467788632e+00
5.660000000000000142e+01,5.384476254530341094e-02,6.544036510901443116e-01,1.593482259041877125e+00
5.661999999999999744e+01,5.375431842374475688e-02,6.584026284384784100e-01,1.593336309615965840e+00
5.664000000000000057e+01,5.366442978392065022e-02,6.624016183120919887e-01,1.593204447576699989e+00
5.665999999999999659e+01,5.357506845983604771e-02,6.664006200038383732e-01,1.593072585537434582e+00
5.667999999999999972e+01,5.348623445304689222e-02,6.703996334441846283e-01,1.592940723498168953e+00
5.670000000000000284e+01,5.339792776509227901e-02,6.743986585635975972e-01,1.592808861458903325e+00
5.671999999999999886e+01,5.331014839751467560e-02,6.783976952925436787e-01,1.592676999419637474e+00
5.674000000000000199e+01,5.322289635183297812e-02,6.823967435614893828e-01,1.592545137380372289e+00
5.675999999999999801e+01,5.313614620310582598e-02,6.863958027499408310e-01,1.592425991558430676e+00
5.678000000000000114e+01,5.304987252618503790e-02,6.903948722459254395e-01,1.592306845736488619e+00
5.679999999999999716e+01,5.296407532229688297e-02,6.943939519926732862e-01,1.592187699914547228e+00
5.682000000000000028e+01,5.287875459266390410e-02,6.983930419334145601e-01,1.592068554092605615e+00
5.684000000000000341e+01,5.279388686185215729e-02,7.023921415136781254e-01,1.591961149227033578e+00
5.685999999999999943e+01,5.270944865428137810e-02,7.063912501860823978e-01,1.591853744361461764e+00
5.688000000000000256e+01,5.262543997093149101e-02,7.103903679044945019e-01,1.591746339495889506e+00
5.689999999999999858e+01,5.254186081276174952e-02,7.143894946227813403e-01,1.591638934630317692e+00
5.692000000000000171e+01,5.245871118073967831e-02,7.183886302948099267e-01,1.591531529764745434e+00
5.693999999999999773e+01,5.237599107582867342e-02,7.223877748744469418e-01,1.591424124899173398e+00
5.696000000000000085e+01,5.229367979220854445e-02,7.263869278897807646e-01,1.591327075607721131e+00
5.697999999999999687e+01,5.221175662393967576e-02,7.303860888745330460e-01,1.591230026316268864e+00
5.700000000000000000e+01,5.213022157179996591e-02,7.343852577910374713e-01,1.591132977024816597e+00
5.702000000000000313e+01,5.204907463654901562e-02,7.383844346016278370e-01,1.591035927733364108e+00
5.703999999999999915e+01,5.196829670964349390e-02,7.423836188829894267e-01,1.590948435044982734e+00
5.706000000000000227e+01,5.188786868242740991e-02,7.463828102165223077e-01,1.590860942356601360e+00
5.707999999999999829e+01,5.180779055551999746e-02,7.503820085716125243e-01,1.590773449668220207e+00
5.710000000000000142e+01,5.172806232954049732e-02,7.543812139176466758e-01,1.590685956979838833e+00
5.711999999999999744e+01,5.164868400508784013e-02,7.583804262240105842e-01,1.590598464291457459e+00
5.714000000000000057e+01,5.156963872737560517e-02,7.623796451272132346e-01,1.590519400944178097e+00
5.715999999999999659e+01,5.149090964155001587e-02,7.663788702675006226e-01,1.590440337596898734e+00
5.717999999999999972e+01,5.141249674809413028e-02,7.703781016198733012e-01,1.590361274249619372e+00
5.720000000000000284e+01,5.133440004749661306e-02,7.743773391593323785e-01,1.590282210902340232e+00
5.721999999999999886e+01,5.125661954025175632e-02,7.783765828608781856e-01,1.590203147555060648e+00
5.724000000000000199e+01,5.117914000927033941e-02,7.823758324049089330e-01,1.590131694420386932e+00
5.725999999999999801e+01,5.110194623740095532e-02,7.863750874748857145e-01,1.590060241285712772e+00
5.728000000000000114e+01,5.102503822504137615e-02,7.903743480503904184e-01,1.589988788151038834e+00
5.729999999999999716e+01,5.094841597258314980e-02,7.943736141110042670e-01,1.589917335016364675e+00
5.732000000000000028e+01,5.087207948041783112e-02,7.983728856363091486e-01,1.589845881881690959e+00
5.734000000000000341e+01,5.079602874893075770e-02,8.023721626058863965e-01,1.589774428747017021e+00
5.735999999999999943e+01,5.072025003114163239e-02,8.063714447390193385e-01,1.589709850530534707e+00
5.738000000000000256e+01,5.064472958001496605e-02,8.103707317574675439e-01,1.589645272314052837e+00
5.739999999999999858e+01,5.056946739587397238e-02,8.143700236445524654e-01,1.589580694097570746e+00
5.742000000000000171e+01,5.049446347902122184e-02,8.183693203835959995e-01,1.589516115881088432e+00
5.743999999999999773e+01,5.041971782977992811e-02,8.223686219579191548e-01,1.589451537664606340e+00
5.746000000000000085e+01,5.034521775248321923e-02,8.263679281144915567e-01,1.589393308533846527e+00
5.747999999999999687e+01,5.027095055144087388e-02,8.303672386023582819e-01,1.589335079403086493e+00
5.750000000000000000e+01,5.019691622688932098e-02,8.343665534079595103e-01,1.589276850272326458e+00
5.752000000000000313e+01,5.012311477908786006e-02,8.383658725177352000e-01,1.589218621141566201e+00
5.753999999999999915e+01,5.004954620828816481e-02,8.423651959181248650e-01,1.589160392010806389e+00
5.756000000000000227e+01,4.997621051474191584e-02,8.463645235955681301e-01,1.589102162880046354e+00
5.757999999999999829e+01,4.990309624317462028e-02,8.503638553271987144e-01,1.589049662464787849e+00
5.760000000000000142e+01,4.983019193827711163e-02,8.543631908918470907e-01,1.588997162049529344e+00
5.761999999999999744e+01,4.975749760026931118e-02,8.583625302784899658e-01,1.588944661634271061e+00
5.764000000000000057e+01,4.968500267461366249e-02,8.623618732848918889e-01,1.588897439444746595e+00
5.765999999999999659e+01,4.961269660677121440e-02,8.663612197101852042e-01,1.588850217255222574e+00
5.767999999999999972e+01,4.954057939690184598e-02,8.703605695454699198e-01,1.588802995065698553e+00
5.770000000000000284e+01,4.946865104517483153e-02,8.743599227818281694e-01,1.588755772876174310e+00
5.771999999999999886e+01,4.939691155175004317e-02,8.783592794103415313e-01,1.588708550686650511e+00
5.774000000000000199e+01,4.932536091676854167e-02,8.823586394220914730e-01,1.588661328497126712e+00
5.775999999999999801e+01,4.925399005910766070e-02,8.863580026461812533e-01,1.588618647682987550e+00
5.778000000000000114e+01,4.918278989758198549e-02,8.903573689127943780e-01,1.588575966868849054e+00
5.779999999999999716e+01,4.911176043233719118e-02,8.943567382146455635e-01,1.588533286054710336e+00
5.782000000000000028e+01,4.904090166348772095e-02,8.983561105444496375e-01,1.588490605240571618e+00
5.784000000000000341e+01,4.897021359116884853e-02,9.023554858949209834e-01,1.588447924426432678e+00
5.785999999999999943e+01,4.889969621551583379e-02,9.063548642587738735e-01,1.588405243612294182e+00
5.788000000000000256e+01,4.882934115877578252e-02,9.103542454814240736e-01,1.588366752386410674e+00
5.789999999999999858e+01,4.875914004315532596e-02,9.143536294091640926e-01,1.588328261160527610e+00
5.792000000000000171e+01,4.868909286879290893e-02,9.183530160360684480e-01,1.588289769934644324e+00
5.793999999999999773e+01,4.861919963576930015e-02,9.223524053562119907e-01,1.588251278708761038e+00
5.796000000000000085e+01,4.854945261606363055e-02,9.263517972289280200e-01,1.588216652139483598e+00
5.797999999999999687e+01,4.847984408160702086e-02,9.303511915143467537e-01,1.588182025570205491e+00
5.800000000000000000e+01,4.841037403250208343e-02,9.343505882076723612e-01,1.588147399000928051e+00
5.802000000000000313e+01,4.834104246883858674e-02,9.383499873041099004e-01,1.588112772431650388e+00
5.803999999999999915e+01,4.827184258473652539e-02,9.423493886811722398e-01,1.588081549333750120e+00
5.806000000000000227e+01,4.820276757439373450e-02,9.463487922169196986e-01,1.588050326235849852e+00
5.807999999999999829e+01,4.813381743783865657e-02,9.503481979074532848e-01,1.588019103137949362e+00
5.810000000000000142e+01,4.806499217514240835e-02,9.543476057488745612e-01,1.587987880040049316e+00
5.811999999999999744e+01,4.799629178640455601e-02,9.583470157372840914e-01,1.587956656942149047e+00
5.814000000000000057e+01,4.792771028049598592e-02,9.623464277660657151e-01,1.587928429867837998e+00
5.815999999999999659e+01,4.785924166630783905e-02,9.663458417291095337e-01,1.587900202793526949e+00
5.817999999999999972e+01,4.779088594390304423e-02,9.703452576232286519e-01,1.587871975719215900e+00
5.820000000000000284e+01,4.772264311334453724e-02,9.743446754452366187e-01,1.587843748644904851e+00
5.821999999999999886e+01,4.765451317466377901e-02,9.783440951919466499e-01,1.587815521570593580e+00
5.824000000000000199e+01,4.758649071722326901e-02,9.823435167681782154e-01,1.587790000247092603e+00
5.825999999999999801e+01,4.751857033032570732e-02,9.863429400791298152e-01,1.587764478923591405e+00
5.828000000000000114e+01,4.745075201402329523e-02,9.903423651221977542e-01,1.587738957600089984e+00
5.829999999999999716e+01,4.738303576836823405e-02,9.943417918947763390e-01,1.587713436276588785e+00
5.832000000000000028e+01,4.731542159341273202e-02,9.983412203942604313e-01,1.587687914953087809e+00
5.834000000000000341e+01,4.724790459935523240e-02,1.002340650535511468e+00,1.587664838890306518e+00
5.835999999999999943e+01,4.718047989641061674e-02,1.006340082233724287e+00,1.587641762827525449e+00
5.838000000000000256e+01,4.711314748461736812e-02,1.010339515486768480e+00,1.587618686764743936e+00
5.839999999999999858e+01,4.704590736401398354e-02,1.014338950292514863e+00,1.587595610701962645e+00
5.842000000000000171e+01,4.697875511531664910e-02,1.018338386574674015e+00,1.587574744613443611e+00
5.843999999999999773e+01,4.691168631923888638e-02,1.022337824257167460e+00,1.587553878524925022e+00
5.846000000000000085e+01,4.684470097578069536e-02,1.026337263338253480e+00,1.587533012436406210e+00
5.847999999999999687e+01,4.677779908498463923e-02,1.030336703816190802e+00,1.587512146347887398e+00
5.850000000000000000e+01,4.671098064689328117e-02,1.034336145689238373e+00,1.587491280259368587e+00
5.852000000000000313e+01,4.664424566152790969e-02,1.038335588955654920e+00,1.587470414170849775e+00
5.853999999999999915e+01,4.657759022355623113e-02,1.042335033548632994e+00,1.587451501025848977e+00
5.856000000000000227e+01,4.651101042767563642e-02,1.046334479401558992e+00,1.587432587880848178e+00
5.857999999999999829e+01,4.644450627390960679e-02,1.050333926513003613e+00,1.587413674735847158e+00
5.860000000000000142e+01,4.637807776228161649e-02,1.054333374881535779e+00,1.587394761590846359e+00
5.861999999999999744e+01,4.631172489279167248e-02,1.058332824505724856e+00,1.587375848445845783e+00
5.864000000000000057e+01,4.624544404872734521e-02,1.062332275324179953e+00,1.587358743935319616e+00
5.865999999999999659e+01,4.617923161333840898e-02,1.066331727275752206e+00,1.587341639424793449e+00
5.867999999999999972e+01,4.611308758659889845e-02,1.070331180359269885e+00,1.587324534914267060e+00
5.870000000000000284e+01,4.604701196856073736e-02,1.074330634573564813e+00,1.587307430403740893e+00
5.871999999999999886e+01,4.598100475924989106e-02,1.078330089917464596e+00,1.587290325893214948e+00
5.874000000000000199e+01,4.591506268757253317e-02,1.082329546335883963e+00,1.587274857161919073e+00
5.875999999999999801e+01,4.584918248239487626e-02,1.086329003773865320e+00,1.587259388430623419e+00
5.878000000000000114e+01,4.578336414377433272e-02,1.090328462230450324e+00,1.587243919699327321e+00
5.879999999999999716e+01,4.571760767168218942e-02,1.094327921704683515e+00,1.587228450968031446e+00
5.882000000000000028e+01,4.565191306617587264e-02,1.098327382195607660e+00,1.587212982236735792e+00
5.884000000000000341e+01,4.558627737037540539e-02,1.102326843653720134e+00,1.587198992160297584e+00
5.885999999999999943e+01,4.552069762731937586e-02,1.106326306029689954e+00,1.587185002083859597e+00
5.888000000000000256e+01,4.545517383707127490e-02,1.110325769322733525e+00,1.587171012007421611e+00
5.889999999999999858e+01,4.538970599959935709e-02,1.114325233532069248e+00,1.587157021930983625e+00
5.892000000000000171e+01,4.532429411496710636e-02,1.118324698656913307e+00,1.587143031854545860e+00
5.893999999999999773e+01,4.525893818317452272e-02,1.122324164696483217e+00,1.587129041778107874e+00
5.896000000000000085e+01,4.519363820422160616e-02,1.126323631649996049e+00,1.587115051701669666e+00
5.897999999999999687e+01,4.512839150512454323e-02,1.130323099473068860e+00,1.587102398287676852e+00
5.900000000000000000e+01,4.506319541299282777e-02,1.134322568121415964e+00,1.587089744873684038e+00
5.902000000000000313e+01,4.499804992775625900e-02,1.138322037594395653e+00,1.587077091459691225e+00
5.903999999999999915e+01,4.493295252574279475e-02,1.142321507850334372e+00,1.587065700094379084e+00
5.906000000000000227e+01,4.486790068314671504e-02,1.146320978847561456e+00,1.587054308729066499e+00
5.907999999999999829e+01,4.480289439996802681e-02,1.150320450585559318e+00,1.587042917363754135e+00
5.910000000000000142e+01,4.473793367624571277e-02,1.154319923063807485e+00,1.587031525998441772e+00
5.911999999999999744e+01,4.467301851201876256e-02,1.158319396281787039e+00,1.587020134633129409e+00
5.914000000000000057e+01,4.460814673052058976e-02,1.162318870203653542e+00,1.587009831756641010e+00
5.915999999999999659e+01,4.454331615511582937e-02,1.166318344793672912e+00,1.586999528880152832e+00
5.917999999999999972e+01,4.447852678584758579e-02,1.170317820051422153e+00,1.586989226003664211e+00
5.920000000000000284e+01,4.441377862262965714e-02,1.174317295976475606e+00,1.586978923127176033e+00
5.921999999999999886e+01,4.434907166554824531e-02,1.178316772568409165e+00,1.586968620250687190e+00
5.924000000000000199e+01,4.428440394898014443e-02,1.182316249795070773e+00,1.586959300301901354e+00
5.925999999999999801e+01,4.421977350737811563e-02,1.186315727624256411e+00,1.586949980353115741e+00
5.928000000000000114e+01,4.415518034064686709e-02,1.190315206055622133e+00,1.586940660404330128e+00
5.929999999999999716e+01,4.409062444888169063e-02,1.194314685088819772e+00,1.586931340455544293e+00
5.932000000000000028e+01,4.402610583203494382e-02,1.198314164723500719e+00,1.586922020506758235e+00
5.934000000000000341e+01,4.396162271303863389e-02,1.202313644930685488e+00,1.586913589230945831e+00
5.935999999999999943e+01,4.389717331480144646e-02,1.206313125681405474e+00,1.586905157955133205e+00
5.938000000000000256e+01,4.383275763721803525e-02,1.210312606975372685e+00,1.586896726679321246e+00
5.939999999999999858e+01,4.376837568044641968e-02,1.214312088812304014e+00,1.586888295403508620e+00
5.942000000000000171e+01,4.370402744432858727e-02,1.218311571191916354e+00,1.586879864127696216e+00
5.943999999999999773e+01,4.363971132220764021e-02,1.222311054088012883e+00,1.586872236368684463e+00
5.946000000000000085e+01,4.357542570714979802e-02,1.226310537474579521e+00,1.586864608609672933e+00
5.947999999999999687e+01,4.351117059915506069e-02,1.230310021351387118e+00,1.586856980850661625e+00
5.950000000000000000e+01,4.344694599828165249e-02,1.234309505718198974e+00,1.586849353091650316e+00
5.952000000000000313e+01,4.338275190452956648e-02,1.238308990574785939e+00,1.586841725332638342e+00
5.953999999999999915e+01,4.331858686493407495e-02,1.242308475897669684e+00,1.586834824129013333e+00
5.956000000000000227e+01,4.325444942665379600e-02,1.246307961663274178e+00,1.586827922925388101e+00
5.957999999999999829e+01,4.319033958956002700e-02,1.250307447871408462e+00,1.586821021721762870e+00
5.960000000000000142e+01,4.312625735378147057e-02,1.254306934521883354e+00,1.586814120518137639e+00
5.961999999999999744e+01,4.306220271931812671e-02,1.258306421614505899e+00,1.586807219314512629e+00
5.964000000000000057e+01,4.299817437227871492e-02,1.262305909128004444e+00,1.586800975107661493e+00
5.965999999999999659e+01,4.293417099881135374e-02,1.266305397041231906e+00,1.586794730900811023e+00
5.967999999999999972e+01,4.287019259905828356e-02,1.270304885354030411e+00,1.586788486693960332e+00
5.970000000000000284e+01,4.280623917287726399e-02,1.274304374066246526e+00,1.586782242487109640e+00
5.971999999999999886e+01,4.274231072033941176e-02,1.278303863177722599e+00,1.586775998280258726e+00
5.974000000000000199e+01,4.267840605338354965e-02,1.282303352669322827e+00,1.586770348199681546e+00
5.975999999999999801e+01,4.261452398380100731e-02,1.286302842521924505e+00,1.586764698119104144e+00
5.978000000000000114e+01,4.255066451174898540e-02,1.290302332735402402e+00,1.586759048038526521e+00
5.979999999999999716e+01,4.248682763707028326e-02,1.294301823309628841e+00,1.586753397957949341e+00
5.982000000000000028e+01,4.242301335984349775e-02,1.298301314244473703e+00,1.586747747877371939e+00
5.984000000000000341e+01,4.235922060563263730e-02,1.302300805522752736e+00,1.586742635095216736e+00
5.985999999999999943e+01,4.229544829993901744e-02,1.306300297127136911e+00,1.586737522313061532e+00
5.988000000000000256e+01,4.223169644276263818e-02,1.310299789057523201e+00,1.586732409530906329e+00
5.989999999999999858e+01,4.216796503410349950e-02,1.314299281313805912e+00,1.586727296748751348e+00
5.992000000000000171e+01,4.210425407396160835e-02,1.318298773895881570e+00,1.586722183966595701e+00
5.993999999999999773e+01,4.204056259064841566e-02,1.322298266788114240e+00,1.586717557114698085e+00
5.996000000000000085e+01,4.197688961244443184e-02,1.326297759974996104e+00,1.586712930262800247e+00
5.997999999999999687e+01,4.191323513925367811e-02,1.330297253456440343e+00,1.586708303410902410e+00
6.000000000000000000e+01,4.184959917107614752e-02,1.334296747232359914e+00,1.586703676559004572e+00
6.002000000000000313e+01,4.178598170810380458e-02,1.338296241302670664e+00,1.586699049707106512e+00
6.003999999999999915e+01,4.172238187118368358e-02,1.342295735653199706e+00,1.586694862350449098e+00
6.006000000000000227e+01,4.165879878169281847e-02,1.346295230270009080e+00,1.586690674993791461e+00
6.007999999999999829e+01,4.159523243941910114e-02,1.350294725153029285e+00,1.586686487637134046e+00
6.010000000000000142e+01,4.153168284446857872e-02,1.354294220302187268e+00,1.586682300280476188e+00
6.011999999999999744e+01,4.146814999684125813e-02,1.358293715717416861e+00,1.586678112923818773e+00
6.014000000000000057e+01,4.140463310162241506e-02,1.362293211386156333e+00,1.586674323084944271e+00
6.015999999999999659e+01,4.134113136384785087e-02,1.366292707295585052e+00,1.586670533246069992e+00
6.017999999999999972e+01,4.127764478351756555e-02,1.370292203445644397e+00,1.586666743407195712e+00
6.020000000000000284e+01,4.121417336051438202e-02,1.374291699836282854e+00,1.586662953568321432e+00
6.021999999999999886e+01,4.115071709507265446e-02,1.378291196467438473e+00,1.586659163729447375e+00
6.024000000000000199e+01,4.108727526804890895e-02,1.382290693327633768e+00,1.586655733458873785e+00
6.025999999999999801e+01,4.102384716035742396e-02,1.386290190405430112e+00,1.586652303188300417e+00
6.028000000000000114e+01,4.096043277199819949e-02,1.390289687700778876e+00,1.586648872917726827e+00
6.029999999999999716e+01,4.089703210297123553e-02,1.394289185213635873e+00,1.586645442647153459e+00
6.032000000000000028e+01,4.083364515340599799e-02,1.398288682943944261e+00,1.586642012376580313e+00
6.034000000000000341e+01,4.077027127270559798e-02,1.402288180881460455e+00,1.586638907364758655e+00
6.035999999999999943e+01,4.070690981043711965e-02,1.406287679015736591e+00,1.586635802352936997e+00
6.038000000000000256e+01,4.064356076674358054e-02,1.410287177346728038e+00,1.586632697341115561e+00
6.039999999999999858e+01,4.058022414148196311e-02,1.414286675874398824e+00,1.586629592329293903e+00
6.042000000000000171e+01,4.051689993479528490e-02,1.418286174598713423e+00,1.586626487317471801e+00
6.043999999999999773e+01,4.045358755819468410e-02,1.422285673510121917e+00,1.586623676544254957e+00
6.046000000000000085e+01,4.039028642312405409e-02,1.426285172599467854e+00,1.586620865771038114e+00
6.047999999999999687e+01,4.032699652989939210e-02,1.430284671866726365e+00,1.586618054997820604e+00
6.050000000000000000e+01,4.026371787836269950e-02,1.434284171311858147e+00,1.586615244224603760e+00
6.052000000000000313e+01,4.020045046835597768e-02,1.438283670934843439e+00,1.586612433451386694e+00
6.053999999999999915e+01,4.013719376777833553e-02,1.442283170727456598e+00,1.586609888869373597e+00
6.056000000000000227e+01,4.007394724436065536e-02,1.446282670681018567e+00,1.586607344287360055e+00
6.057999999999999829e+01,4.001071089792841012e-02,1.450282170795502035e+00,1.586604799705346736e+00
6.060000000000000142e+01,3.994748472848159981e-02,1.454281671070885240e+00,1.586602255123333416e+00
6.061999999999999744e+01,3.988426873619475149e-02,1.458281171507135543e+00,1.586599710541320096e+00
6.064000000000000057e+01,3.982106243932562184e-02,1.462280672096349265e+00,1.586597406789788556e+00
6.065999999999999659e+01,3.975786535637378105e-02,1.466280172831162965e+00,1.586595103038256793e+00
6.067999999999999972e+01,3.969467748714645278e-02,1.470279673711552437e+00,1.586592799286725253e+00
6.070000000000000284e+01,3.963149883202917584e-02,1.474279174737505693e+00,1.586590495535193712e+00
6.071999999999999886e+01,3.956832939044364200e-02,1.478278675908992756e+00,1.586588191783662172e+00
6.074000000000000199e+01,3.950516872711561100e-02,1.482278177219386706e+00,1.586586105930137602e+00
6.075999999999999801e+01,3.944201640626771727e-02,1.486277678661515944e+00,1.586584020076612367e+00
6.078000000000000114e+01,3.937887242768705470e-02,1.490277180235360266e+00,1.586581934223087575e+00
6.079999999999999716e+01,3.931573679158652940e-02,1.494276681940906570e+00,1.586579848369562562e+00
6.082000000000000028e+01,3.925260949775323527e-02,1.498276183778134651e+00,1.586577762516037327e+00
6.084000000000000341e+01,3.918949015183171430e-02,1.502275685740531497e+00,1.586575873822795524e+00
6.085999999999999943e+01,3.912637835994476482e-02,1.506275187822132100e+00,1.586573985129553721e+00
6.088000000000000256e+01,3.906327412209238681e-02,1.510274690022921806e+00,1.586572096436311918e+00
6.089999999999999858e+01,3.900017743780431756e-02,1.514274192342893288e+00,1.586570207743070116e+00
6.092000000000000171e+01,3.893708830731568843e-02,1.518273694782031891e+00,1.586568319049828535e+00
6.093999999999999773e+01,3.887400637412964655e-02,1.522273197334682804e+00,1.586566608762946640e+00
6.096000000000000085e+01,3.881093128110719298e-02,1.526272699995221638e+00,1.586564898476064522e+00
6.097999999999999687e+01,3.874786302824832773e-02,1.530272202763631961e+00,1.586563188189182627e+00
6.100000000000000000e+01,3.868480161581270421e-02,1.534271705639897565e+00,1.586561477902300510e+00
6.102000000000000313e+01,3.862174704380032936e-02,1.538271208624010455e+00,1.586559767615418837e+00
6.103999999999999915e+01,3.855869898896192860e-02,1.542270711711163367e+00,1.586558218774172468e+00
6.106000000000000227e+01,3.849565712907183912e-02,1.546270214895972384e+00,1.586556669932926100e+00
6.107999999999999829e+01,3.843262146355661685e-02,1.550269718178410860e+00,1.586555121091679732e+00
6.110000000000000142e+01,3.836959199270299076e-02,1.554269221558478575e+00,1.586553572250433586e+00
6.111999999999999744e+01,3.830656871622423187e-02,1.558268725036157765e+00,1.586552023409187218e+00
6.114000000000000057e+01,3.824355134226165021e-02,1.562268228606769283e+00,1.586550620673832457e+00
6.115999999999999659e+01,3.818053957887197064e-02,1.566267732265768098e+00,1.586549217938477918e+00
6.117999999999999972e+01,3.811753342542202605e-02,1.570267236013154433e+00,1.586547815203123379e+00
6.120000000000000284e+01,3.805453288222840347e-02,1.574266739848908303e+00,1.586546412467768841e+00
6.121999999999999886e+01,3.799153768491940475e-02,1.578266243768542187e+00,1.586545141963918049e+00
6.124000000000000199e+01,3.792854756884241757e-02,1.582265747768198283e+00,1.586543871460066812e+00
6.125999999999999801e+01,3.786556253434698177e-02,1.586265251847876812e+00,1.586542600956215798e+00
6.128000000000000114e+01,3.780258258108356445e-02,1.590264756007588431e+00,1.586541330452364784e+00
6.129999999999999716e+01,3.773960770940169851e-02,1.594264260247300724e+00,1.586540059948513770e+00
6.132000000000000028e+01,3.767663791895185105e-02,1.598263764567024348e+00,1.586538789444662756e+00
6.134000000000000341e+01,3.761367297603131904e-02,1.602263268963609155e+00,1.586537635958255921e+00
6.135999999999999943e+01,3.755071264653402768e-02,1.606262773432814095e+00,1.586536482471849085e+00
6.138000000000000256e+01,3.748775693007498633e-02,1.610262277974651157e+00,1.586535328985442250e+00
6.139999999999999858e+01,3.742480582703919256e-02,1.614261782589096139e+00,1.586534175499035415e+00
6.142000000000000171e+01,3.736185933781163704e-02,1.618261287276149263e+00,1.586533022012628580e+00
6.143999999999999773e+01,3.729891724428557181e-02,1.622260792032378607e+00,1.586531977047639597e+00
6.146000000000000085e+01,3.723597933043770736e-02,1.626260296854373566e+00,1.586530932082650613e+00
6.147999999999999687e+01,3.717304559626803673e-02,1.630259801742134362e+00,1.586529887117661408e+00
6.150000000000000000e+01,3.711011604092660093e-02,1.634259306695660774e+00,1.586528842152672647e+00
6.152000000000000313e+01,3.704719066526335897e-02,1.638258811714939478e+00,1.586527797187683664e+00
6.153999999999999915e+01,3.698426927233534889e-02,1.642258316796868955e+00,1.586526850514727860e+00
6.156000000000000227e+01,3.692135166555544218e-02,1.646257821938374777e+00,1.586525903841771612e+00
6.157999999999999829e+01,3.685843784492363190e-02,1.650257327139427632e+00,1.586524957168815808e+00
6.160000000000000142e+01,3.679552781043991805e-02,1.654256832400042176e+00,1.586524010495859560e+00
6.161999999999999744e+01,3.673262156210430757e-02,1.658256337720203755e+00,1.586523063822903534e+00
6.164000000000000057e+01,3.666971892267016642e-02,1.662255843096553498e+00,1.586522206131269375e+00
6.165999999999999659e+01,3.660681971296159132e-02,1.666255348526848756e+00,1.586521348439634993e+00
6.167999999999999972e+01,3.654392393401412892e-02,1.670254854011089307e+00,1.586520490748001055e+00
6.170000000000000284e+01,3.648103158479223257e-02,1.674254359549275373e+00,1.586519633056366896e+00
6.171999999999999886e+01,3.641814266633144892e-02,1.678253865141406731e+00,1.586518775364732958e+00
6.174000000000000199e+01,3.635525701717759461e-02,1.682253370785723234e+00,1.586517998229673987e+00
6.175999999999999801e+01,3.629237447610796086e-02,1.686252876478916196e+00,1.586517221094615238e+00
6.178000000000000114e+01,3.622949504312254765e-02,1.690252382220967631e+00,1.586516443959556710e+00
6.179999999999999716e+01,3.616661871879279372e-02,1.694251888011895302e+00,1.586515666824497517e+00
6.182000000000000028e+01,3.610374550197581467e-02,1.698251393851681446e+00,1.586514889689438990e+00
6.184000000000000341e+01,3.604087524760331979e-02,1.702250899737477008e+00,1.586514185488578255e+00
6.185999999999999943e+01,3.597800780961819822e-02,1.706250405667554482e+00,1.586513481287717298e+00
6.188000000000000256e+01,3.591514318865107747e-02,1.710249911641894327e+00,1.586512777086856341e+00
6.189999999999999858e+01,3.585228138344069559e-02,1.714249417660496322e+00,1.586512072885995162e+00
6.192000000000000171e+01,3.578942239524831453e-02,1.718248923723360466e+00,1.586511368685134205e+00
6.193999999999999773e+01,3.572656622281267236e-02,1.722248429830506744e+00,1.586510664484273248e+00
6.196000000000000085e+01,3.566371286739503099e-02,1.726247935981895409e+00,1.586509960283412290e+00
6.197999999999999687e+01,3.560086219652237177e-02,1.730247442175731898e+00,1.586509322119947107e+00
6.200000000000000000e+01,3.553801407746475655e-02,1.734246948409668754e+00,1.586508683956482368e+00
6.202000000000000313e+01,3.547516851091808004e-02,1.738246454683706199e+00,1.586508045793017407e+00
6.203999999999999915e+01,3.541232537170733302e-02,1.742245960995757237e+00,1.586507470081812476e+00
6.206000000000000227e+01,3.534948453582222733e-02,1.746245467343990665e+00,1.586506894370607545e+00
6.207999999999999829e+01,3.528664600172001786e-02,1.750244973728406261e+00,1.586506318659402837e+00
6.210000000000000142e+01,3.522380977017207371e-02,1.754244480148980045e+00,1.586505742948197684e+00
6.211999999999999744e+01,3.516097584117839486e-02,1.758243986605736220e+00,1.586505167236992753e+00
6.214000000000000057e+01,3.509814421551035735e-02,1.762243493098674563e+00,1.586504591525787822e+00
6.215999999999999659e+01,3.503531478389113052e-02,1.766242999625247778e+00,1.586504069774607784e+00
6.217999999999999972e+01,3.497248743844380559e-02,1.770242506184643405e+00,1.586503548023427745e+00
6.220000000000000284e+01,3.490966218087068751e-02,1.774242012776781729e+00,1.586503026272247929e+00
6.221999999999999886e+01,3.484683900946947827e-02,1.778241519401716042e+00,1.586502504521067447e+00
6.224000000000000199e+01,3.478401782492667599e-02,1.782241026058750233e+00,1.586502032665583650e+00
6.225999999999999801e+01,3.472119852834106707e-02,1.786240532745430931e+00,1.586501560810099631e+00
6.228000000000000114e+01,3.465838111783033776e-02,1.790240039461757915e+00,1.586501088954615613e+00
6.229999999999999716e+01,3.459556559527680181e-02,1.794239546207731406e+00,1.586500617099131594e+00
6.232000000000000028e+01,3.453275195973930234e-02,1.798239052983321873e+00,1.586500145243647797e+00
6.234000000000000341e+01,3.446994012246367561e-02,1.802238559787331162e+00,1.586499717515795549e+00
6.235999999999999943e+01,3.440712999726525806e-02,1.806238066618172766e+00,1.586499289787943745e+00
6.238000000000000256e+01,3.434432158206754404e-02,1.810237573475879103e+00,1.586498862060091497e+00
6.239999999999999858e+01,3.428151487687054050e-02,1.814237080360482590e+00,1.586498434332239249e+00
6.242000000000000171e+01,3.421870988271249331e-02,1.818236587271918392e+00,1.586498006604387445e+00
6.243999999999999773e+01,3.415590651992610888e-02,1.822236094209782387e+00,1.586497618821520073e+00
6.246000000000000085e+01,3.409310470774146867e-02,1.826235601172017553e+00,1.586497231038652478e+00
6.247999999999999687e+01,3.403030444730376775e-02,1.830235108158588364e+00,1.586496843255785327e+00
6.250000000000000000e+01,3.396750573632260906e-02,1.834234615169494598e+00,1.586496455472917955e+00
6.252000000000000313e+01,3.390470857708839658e-02,1.838234122204772225e+00,1.586496067690050804e+00
6.253999999999999915e+01,3.384191289692629195e-02,1.842233629261447181e+00,1.586495716089453722e+00
6.256000000000000227e+01,3.377911862253907271e-02,1.846233136340225567e+00,1.586495364488856863e+00
6.257999999999999829e+01,3.371632575392674580e-02,1.850232643441067859e+00,1.586495012888260003e+00
6.260000000000000142e+01,3.365353429235236338e-02,1.854232150563974058e+00,1.586494661287662922e+00
6.261999999999999744e+01,3.359074423655286634e-02,1.858231657708944162e+00,1.586494309687066062e+00
6.264000000000000057e+01,3.352795552050476940e-02,1.862231164877057088e+00,1.586493990863336867e+00
6.265999999999999659e+01,3.346516808174492680e-02,1.866230672065149365e+00,1.586493672039607450e+00
6.267999999999999972e+01,3.340238191609464641e-02,1.870230179273264737e+00,1.586493353215877811e+00
6.270000000000000284e+01,3.333959702633972760e-02,1.874229686501359460e+00,1.586493034392148838e+00
6.271999999999999886e+01,3.327681341248016345e-02,1.878229193749520576e+00,1.586492715568419198e+00
6.274000000000000199e+01,3.321403101341358077e-02,1.882228701016833261e+00,1.586492426438868675e+00
6.275999999999999801e+01,3.315124977091910702e-02,1.886228208302289433e+00,1.586492137309318373e+00
6.278000000000000114e+01,3.308846968499674912e-02,1.890227715605888870e+00,1.586491848179767628e+00
6.279999999999999716e+01,3.302569075564650014e-02,1.894227222927631793e+00,1.586491559050217104e+00
6.282000000000000028e+01,3.296291298133241510e-02,1.898226730267566165e+00,1.586491269920666580e+00
6.284000000000000341e+01,3.290013631082726320e-02,1.902226237624242700e+00,1.586491007694596833e+00
6.285999999999999943e+01,3.283736068862071200e-02,1.906225744997378291e+00,1.586490745468527086e+00
6.288000000000000256e+01,3.277458611640628877e-02,1.910225252386972938e+00,1.586490483242457339e+00
6.289999999999999858e+01,3.271181259079693204e-02,1.914224759793026642e+00,1.586490221016387370e+00
6.292000000000000171e+01,3.264904011517970328e-02,1.918224267215539403e+00,1.586489958790318067e+00
6.293999999999999773e+01,3.258626863991925804e-02,1.922223774652123574e+00,1.586489720941147263e+00
6.296000000000000085e+01,3.252349811688200892e-02,1.926223282103644463e+00,1.586489483091976238e+00
6.297999999999999687e+01,3.246072854233374161e-02,1.930222789570102293e+00,1.586489245242805435e+00
6.300000000000000000e+01,3.239795992187577411e-02,1.934222297051496842e+00,1.586489007393634632e+00
6.302000000000000313e+01,3.233519224990679536e-02,1.938221804547769933e+00,1.586488769544464050e+00
6.303999999999999915e+01,3.227242548761295043e-02,1.942221312057985427e+00,1.586488553784658251e+00
6.306000000000000227e+01,3.220965958772894350e-02,1.946220819581708117e+00,1.586488338024852895e+00
6.307999999999999829e+01,3.214689455025477455e-02,1.950220327119002395e+00,1.586488122265047984e+00
6.310000000000000142e+01,3.208413037519044358e-02,1.954219834669868483e+00,1.586487906505242185e+00
6.311999999999999744e+01,3.202136706253595061e-02,1.958219342234241767e+00,1.586487690745437051e+00
6.314000000000000057e+01,3.195860461434955196e-02,1.962218849812122468e+00,1.586487474985631474e+00
6.315999999999999659e+01,3.189584299004853685e-02,1.966218357404602601e+00,1.586487279243872894e+00
6.317999999999999972e+01,3.183308214619769150e-02,1.970217865009277203e+00,1.586487083502113871e+00
6.320000000000000284e+01,3.177032208506576361e-02,1.974217372626288158e+00,1.586486887760354403e+00
6.321999999999999886e+01,3.170756280892150086e-02,1.978216880255635468e+00,1.586486692018595601e+00
6.324000000000000199e+01,3.164480427793422285e-02,1.982216387898585452e+00,1.586486514822393223e+00
6.325999999999999801e+01,3.158204645369548647e-02,1.986215895552656763e+00,1.586486337626190846e+00
6.328000000000000114e+01,3.151928934121769194e-02,1.990215403217771017e+00,1.586486160429988468e+00
6.329999999999999716e+01,3.145653293548843210e-02,1.994214910894084980e+00,1.586485983233785868e+00
6.332000000000000028e+01,3.139377723901391748e-02,1.998214418581520047e+00,1.586485806037583712e+00
6.334000000000000341e+01,3.133102221753474720e-02,2.002213926274860611e+00,1.586485645256950017e+00
6.335999999999999943e+01,3.126826783962056294e-02,2.006213433978213612e+00,1.586485484476316765e+00
6.338000000000000256e+01,3.120551410527135777e-02,2.010212941691751798e+00,1.586485323695683292e+00
6.339999999999999858e+01,3.114276101448713863e-02,2.014212449415302419e+00,1.586485162915049818e+00
6.342000000000000171e+01,3.108000856450582328e-02,2.018211957148952074e+00,1.586485002134416344e+00
6.343999999999999773e+01,3.101725673181301990e-02,2.022211464891655819e+00,1.586484856224976037e+00
6.346000000000000085e+01,3.095450547740322481e-02,2.026210972643490482e+00,1.586484710315536173e+00
6.347999999999999687e+01,3.089175481040722093e-02,2.030210480404456064e+00,1.586484564406096309e+00
6.350000000000000000e+01,3.082900472473781850e-02,2.034209988174647155e+00,1.586484418496656001e+00
6.352000000000000313e+01,3.076625522648220729e-02,2.038209495953969164e+00,1.586484272587215916e+00
6.353999999999999915e+01,3.070350627910656965e-02,2.042209003747200935e+00,1.586484140158759715e+00
6.356000000000000227e+01,3.064075786492588549e-02,2.046208511548711417e+00,1.586484007730303292e+00
6.357999999999999829e+01,3.057800998058672615e-02,2.050208019358605416e+00,1.586483875301847313e+00
6.360000000000000142e+01,3.051526262608909162e-02,2.054207527176778125e+00,1.586483742873391112e+00
6.361999999999999744e+01,3.045251579807955328e-02,2.058207035003229546e+00,1.586483610444935133e+00
6.364000000000000057e+01,3.038976947760763103e-02,2.062206542837873524e+00,1.586483490238499661e+00
6.365999999999999659e+01,3.032702363740614679e-02,2.066206050680137185e+00,1.586483370032064411e+00
6.367999999999999972e+01,3.026427828116948562e-02,2.070205558529789602e+00,1.586483249825629160e+00
6.370000000000000284e+01,3.020153340150887739e-02,2.074205066387061702e+00,1.586483129619193910e+00
6.371999999999999886e+01,3.013878900581309223e-02,2.078204574251953485e+00,1.586483009412758660e+00
6.374000000000000199e+01,3.007604506639231789e-02,2.082204082123840561e+00,1.586482900287865316e+00
6.375999999999999801e+01,3.001330156241339281e-02,2.086203590002595032e+00,1.586482791162971973e+00
6.378000000000000114e+01,2.995055849794586722e-02,2.090203097888216899e+00,1.586482682038078629e+00
6.379999999999999716e+01,2.988781586892019435e-02,2.094202605780706161e+00,1.586482572913185285e+00
6.382000000000000028e+01,2.982507367533637072e-02,2.098202113680062375e+00,1.586482463788291719e+00
6.384000000000000341e+01,2.976233189739369359e-02,2.102201621580868540e+00,1.586482364711838233e+00
6.385999999999999943e+01,2.969959051837465711e-02,2.106201129487978108e+00,1.586482265635384525e+00
6.388000000000000256e+01,2.963684953379697173e-02,2.110200637401390633e+00,1.586482166558930818e+00
6.389999999999999858e+01,2.957410894366064094e-02,2.114200145320966673e+00,1.586482067482477332e+00
6.392000000000000171e+01,2.951136875244795080e-02,2.118199653246705783e+00,1.586481968406023624e+00
6.393999999999999773e+01,2.944862895567661176e-02,2.122199161178607962e+00,1.586481869329569916e+00
6.396000000000000085e+01,2.938588953927018591e-02,2.126198669120618501e+00,1.586481779365517486e+00
6.397999999999999687e+01,2.932315048321338172e-02,2.130198177068336474e+00,1.586481689401465056e+00
6.400000000000000000e+01,2.926041178256990477e-02,2.134197685021607782e+00,1.586481599437412626e+00
6.401999999999999602e+01,2.919767344721234392e-02,2.138197192980586969e+00,1.586481509473359974e+00
6.404000000000000625e+01,2.913493544881814654e-02,2.142196700943438170e+00,1.586481427957307178e+00
6.406000000000000227e+01,2.907219778274428360e-02,2.146196208911567371e+00,1.586481346441254603e+00
6.407999999999999829e+01,2.900946043809500205e-02,2.150195716884803598e+00,1.586481264925201584e+00
6.409999999999999432e+01,2.894672342031818016e-02,2.154195224862977209e+00,1.586481183409148787e+00
6.412000000000000455e+01,2.888398672941381792e-02,2.158194732846428376e+00,1.586481101893095991e+00
6.414000000000000057e+01,2.882125034875923641e-02,2.162194240831944114e+00,1.586481027860265458e+00
6.415999999999999659e+01,2.875851426803186645e-02,2.166193748821958920e+00,1.586480953827434259e+00
6.418000000000000682e+01,2.869577848123316260e-02,2.170193256816660199e+00,1.586480879794603727e+00
6.420000000000000284e+01,2.863304298836312489e-02,2.174192764816047507e+00,1.586480805761772972e+00
6.421999999999999886e+01,2.857030778942175678e-02,2.178192272820121289e+00,1.586480731728942217e+00
6.423999999999999488e+01,2.850757287945577742e-02,2.182191780830390559e+00,1.586480664480240055e+00
6.426000000000000512e+01,2.844483823363717565e-02,2.186191288844787195e+00,1.586480597231537892e+00
6.428000000000000114e+01,2.838210385856963780e-02,2.190190796863517697e+00,1.586480529982835730e+00
6.429999999999999716e+01,2.831936975425316388e-02,2.194190304886581622e+00,1.586480462734133567e+00
6.431999999999999318e+01,2.825663591408406755e-02,2.198189812913566410e+00,1.586480395485431627e+00
6.434000000000000341e+01,2.819390233494044329e-02,2.202189320945557860e+00,1.586480334391154656e+00
6.435999999999999943e+01,2.813116900293998607e-02,2.206188828981410666e+00,1.586480273296878352e+00
6.437999999999999545e+01,2.806843591081378125e-02,2.210188337021125271e+00,1.586480212202601825e+00
6.440000000000000568e+01,2.800570305856182884e-02,2.214187845064701232e+00,1.586480151108325298e+00
6.442000000000000171e+01,2.794297046072196505e-02,2.218187353111911619e+00,1.586480090014048772e+00
6.443999999999999773e+01,2.788023808826527519e-02,2.222186861154916482e+00,1.586480034503574110e+00
6.445999999999999375e+01,2.781750593981131489e-02,2.226186369217421746e+00,1.586479978993099227e+00
6.448000000000000398e+01,2.775477401536008415e-02,2.230185877283176854e+00,1.586479923482624566e+00
6.450000000000000000e+01,2.769204230691148585e-02,2.234185385352682296e+00,1.586479867972149460e+00
6.451999999999999602e+01,2.762931083046571423e-02,2.238184893425437583e+00,1.586479812461674577e+00
6.454000000000000625e+01,2.756657956129338408e-02,2.242184401499847102e+00,1.586479762017842132e+00
6.456000000000000227e+01,2.750384848580107733e-02,2.246183909577282645e+00,1.586479711574009688e+00
6.457999999999999829e+01,2.744111762159606727e-02,2.250183417657744656e+00,1.586479661130177243e+00
6.459999999999999432e+01,2.737838695987471899e-02,2.254182925741508026e+00,1.586479610686344577e+00
6.462000000000000455e+01,2.731565649183339411e-02,2.258182433828297420e+00,1.586479560242512354e+00
6.464000000000000057e+01,2.725292622077648413e-02,2.262181941920522465e+00,1.586479514396576862e+00
6.465999999999999659e+01,2.719019613376413153e-02,2.266181450016077292e+00,1.586479468550642036e+00
6.468000000000000682e+01,2.712746623079633976e-02,2.270180958114053738e+00,1.586479422704706543e+00
6.470000000000000284e+01,2.706473651187310883e-02,2.274180466215057539e+00,1.586479376858771273e+00
6.471999999999999886e+01,2.700200697699443875e-02,2.278179974319088252e+00,1.586479331012836003e+00
6.473999999999999488e+01,2.693927761404213764e-02,2.282179482416760496e+00,1.586479289339712828e+00
6.476000000000000512e+01,2.687654842159367327e-02,2.286178990517096832e+00,1.586479247666589654e+00
6.478000000000000114e+01,2.681381938899255607e-02,2.290178498620097258e+00,1.586479205993466701e+00
6.479999999999999716e+01,2.675109052689527214e-02,2.294178006725761776e+00,1.586479164320343305e+00
6.481999999999999318e+01,2.668836183530182496e-02,2.298177514833757318e+00,1.586479122647220130e+00
6.484000000000000341e+01,2.662563329355395469e-02,2.302177022949137619e+00,1.586479084761636127e+00
6.485999999999999943e+01,2.656290491591201466e-02,2.306176531066716162e+00,1.586479046876051902e+00
6.487999999999999545e+01,2.650017667893229956e-02,2.310176039186858876e+00,1.586479008990468120e+00
6.490000000000000568e+01,2.643744859433665856e-02,2.314175547309565761e+00,1.586478971104883895e+00
6.492000000000000171e+01,2.637472066212509514e-02,2.318175055434104070e+00,1.586478933219300114e+00
6.493999999999999773e+01,2.631199287398621953e-02,2.322174563563315086e+00,1.586478898771884305e+00
6.495999999999999375e+01,2.624926522765714740e-02,2.326174071694540491e+00,1.586478864324468718e+00
6.498000000000000398e+01,2.618653772313788222e-02,2.330173579827779839e+00,1.586478829877052910e+00
6.500000000000000000e+01,2.612381034753662179e-02,2.334173087963436366e+00,1.586478795429637101e+00
6.501999999999999602e+01,2.606108311374516484e-02,2.338172596101107281e+00,1.586478760982221070e+00
6.504000000000000625e+01,2.599835601819448089e-02,2.342172104230894725e+00,1.586478729656191522e+00
6.506000000000000227e+01,2.593562903605471301e-02,2.346171612362454528e+00,1.586478698330162640e+00
6.507999999999999829e+01,2.587290218150222615e-02,2.350171120495786248e+00,1.586478667004133092e+00
6.509999999999999432e+01,2.581017545453702031e-02,2.354170628631333084e+00,1.586478635678103766e+00
6.512000000000000455e+01,2.574744885515909548e-02,2.358170136768651837e+00,1.586478604352074218e+00
6.514000000000000057e+01,2.568472237073350997e-02,2.362169644898934884e+00,1.586478575860176043e+00
6.515999999999999659e+01,2.562199601099999016e-02,2.366169153031166150e+00,1.586478547368278091e+00
6.518000000000000682e+01,2.555926974478552050e-02,2.370168661164858470e+00,1.586478518876379917e+00
6.520000000000000284e+01,2.549654360326311653e-02,2.374168169300499009e+00,1.586478490384481965e+00
6.521999999999999886e+01,2.543381758643278173e-02,2.378167677438088212e+00,1.586478461892583569e+00
6.523999999999999488e+01,2.537109166955619707e-02,2.382167185598191850e+00,1.586478435974188583e+00
6.526000000000000512e+01,2.530836585548440487e-02,2.386166693760437330e+00,1.586478410055793375e+00
6.528000000000000114e+01,2.524564014421740860e-02,2.390166201923753952e+00,1.586478384137398390e+00
6.529999999999999716e+01,2.518291453575520478e-02,2.394165710089211974e+00,1.586478358219003404e+00
6.531999999999999318e+01,2.512018903009779688e-02,2.398165218256276709e+00,1.586478332300608640e+00
6.534000000000000341e+01,2.505746363057918119e-02,2.402164726431541553e+00,1.586478308719561303e+00
6.535999999999999943e+01,2.499473832522288233e-02,2.406164234607983232e+00,1.586478285138514410e+00
6.537999999999999545e+01,2.493201309519644041e-02,2.410163742786190610e+00,1.586478261557467073e+00
6.540000000000000568e+01,2.486928797816477868e-02,2.414163250966163243e+00,1.586478237976420402e+00
6.542000000000000171e+01,2.480656295529543379e-02,2.418162759147313157e+00,1.586478214395373065e+00
6.543999999999999773e+01,2.474383802627133297e-02,2.422162267327844010e+00,1.586478192937163412e+00
6.545999999999999375e+01,2.468111315933384925e-02,2.426161775510315088e+00,1.586478171478953758e+00
6.548000000000000398e+01,2.461838839587405722e-02,2.430161283693432761e+00,1.586478150020743882e+00
6.550000000000000000e+01,2.455566371519642133e-02,2.434160791878490659e+00,1.586478128562534673e+00
6.551999999999999602e+01,2.449293913799648059e-02,2.438160300064842190e+00,1.586478107104324797e+00
6.554000000000000625e+01,2.443021460771636205e-02,2.442159808261114673e+00,1.586478087574483720e+00
6.556000000000000227e+01,2.436749019113128301e-02,2.446159316458098143e+00,1.586478068044642642e+00
6.557999999999999829e+01,2.430476582002422115e-02,2.450158824656502699e+00,1.586478048514801564e+00
6.559999999999999432e+01,2.424204156261219878e-02,2.454158332856328339e+00,1.586478028984960265e+00
6.562000000000000455e+01,2.417931735067819360e-02,2.458157841057575066e+00,1.586478009455119409e+00
6.564000000000000057e+01,2.411659324134693416e-02,2.462157349224832092e+00,1.586477991677506694e+00
6.565999999999999659e+01,2.405386918197617574e-02,2.466156857392869828e+00,1.586477973899894423e+00
6.568000000000000682e+01,2.399114519754616884e-02,2.470156365562468537e+00,1.586477956122282151e+00
6.570000000000000284e+01,2.392842128805691346e-02,2.474155873732847954e+00,1.586477938344669436e+00
6.571999999999999886e+01,2.386569745350840960e-02,2.478155381904788790e+00,1.586477920567057165e+00
6.573999999999999488e+01,2.380297367059815497e-02,2.482154890113808854e+00,1.586477904381243142e+00
6.576000000000000512e+01,2.374024996999872517e-02,2.486154398323686454e+00,1.586477888195430008e+00
6.578000000000000114e+01,2.367752632427317511e-02,2.490153906534421591e+00,1.586477872009616208e+00
6.579999999999999716e+01,2.361480273342150826e-02,2.494153414746013819e+00,1.586477855823802630e+00
6.581999999999999318e+01,2.355207922488066624e-02,2.498152922959321121e+00,1.586477839637989051e+00
6.584000000000000341e+01,2.348935578794796725e-02,2.502152431166766000e+00,1.586477824898582023e+00
6.585999999999999943e+01,2.342663238114464988e-02,2.506151939376093818e+00,1.586477810159175661e+00
6.587999999999999545e+01,2.336390906472947740e-02,2.510151447585421636e+00,1.586477795419768633e+00
6.590000000000000568e+01,2.330118577844368655e-02,2.514150955795690923e+00,1.586477780680361604e+00
6.592000000000000171e+01,2.323846255241665895e-02,2.518150464006901679e+00,1.586477765940955242e+00
6.593999999999999773e+01,2.317573939824062873e-02,2.522149972230161907e+00,1.586477752516449291e+00
6.595999999999999375e+01,2.311301631022557798e-02,2.526149480454455976e+00,1.586477739091943562e+00
6.598000000000000398e+01,2.305029325529101697e-02,2.530148988679783884e+00,1.586477725667438055e+00
6.600000000000000000e+01,2.298757023343694222e-02,2.534148496905111791e+00,1.586477712242932103e+00
6.601999999999999602e+01,2.292484731082433669e-02,2.538148005131473539e+00,1.586477698818426374e+00
6.604000000000000625e+01,2.286212439764837359e-02,2.542147513341548759e+00,1.586477686588818603e+00
6.606000000000000227e+01,2.279940155709766700e-02,2.546147021551623979e+00,1.586477674359210832e+00
6.607999999999999829e+01,2.273667878917222038e-02,2.550146529762834291e+00,1.586477662129603283e+00
6.609999999999999432e+01,2.267395602124677376e-02,2.554146037975179251e+00,1.586477649899995290e+00
6.612000000000000455e+01,2.261123332594658364e-02,2.558145546188658859e+00,1.586477637670387519e+00
6.614000000000000057e+01,2.254851069445452938e-02,2.562145054391497201e+00,1.586477626527401874e+00
6.615999999999999659e+01,2.248578806296247512e-02,2.566144562595580769e+00,1.586477615384416895e+00
6.618000000000000682e+01,2.242306551117782126e-02,2.570144070800910008e+00,1.586477604241431250e+00
6.620000000000000284e+01,2.236034299924686761e-02,2.574143579006239246e+00,1.586477593098445604e+00
6.621999999999999886e+01,2.229762052716961762e-02,2.578143087212813711e+00,1.586477581955460403e+00
6.623999999999999488e+01,2.223489809876984247e-02,2.582142595409887331e+00,1.586477571800456676e+00
6.626000000000000512e+01,2.217217571410113816e-02,2.586142103609694320e+00,1.586477561645452727e+00
6.628000000000000114e+01,2.210945337316350817e-02,2.590141611808134403e+00,1.586477551490449223e+00
6.629999999999999716e+01,2.204673103222587818e-02,2.594141120007941392e+00,1.586477541335445496e+00
6.631999999999999318e+01,2.198400877875039336e-02,2.598140628209114844e+00,1.586477531180441991e+00
6.634000000000000341e+01,2.192128656106532777e-02,2.602140136377558921e+00,1.586477521923435052e+00
6.635999999999999943e+01,2.185856434338026219e-02,2.606139644546002998e+00,1.586477512666428336e+00
6.637999999999999545e+01,2.179584222164180490e-02,2.610139152714447075e+00,1.586477503409421841e+00
6.640000000000000568e+01,2.173312009990334762e-02,2.614138660884389953e+00,1.586477494152414902e+00
6.642000000000000171e+01,2.167039802613819621e-02,2.618138169054332831e+00,1.586477484895408185e+00
6.643999999999999773e+01,2.160767595237304481e-02,2.622137677224275709e+00,1.586477475638401469e+00
6.645999999999999375e+01,2.154495395250508039e-02,2.626137185387581230e+00,1.586477467198731173e+00
6.648000000000000398e+01,2.148223200525637561e-02,2.630136693550886751e+00,1.586477458759060877e+00
6.650000000000000000e+01,2.141951005800767083e-02,2.634136201715836734e+00,1.586477450319390359e+00
6.651999999999999602e+01,2.135678816337822569e-02,2.638135709879142254e+00,1.586477441879720285e+00
6.654000000000000625e+01,2.129406623979532634e-02,2.642135218114918693e+00,1.586477434199711878e+00
6.656000000000000227e+01,2.123134443186053266e-02,2.646134726348888133e+00,1.586477426519703693e+00
6.657999999999999829e+01,2.116862262392573898e-02,2.650134234582857573e+00,1.586477418839695064e+00
6.659999999999999432e+01,2.110590081599094531e-02,2.654133742818634012e+00,1.586477411159686657e+00
6.662000000000000455e+01,2.104317906588020620e-02,2.658133251054410451e+00,1.586477403479678028e+00
6.664000000000000057e+01,2.098045733991446560e-02,2.662132759228205359e+00,1.586477396474335277e+00
6.665999999999999659e+01,2.091773567734165479e-02,2.666132267400019185e+00,1.586477389468992749e+00
6.668000000000000682e+01,2.085501401476884398e-02,2.670131775573814092e+00,1.586477382463649999e+00
6.670000000000000284e+01,2.079229235219603317e-02,2.674131283747609000e+00,1.586477375458307248e+00
6.671999999999999886e+01,2.072957075301615215e-02,2.678130791921403908e+00,1.586477368452964498e+00
6.673999999999999488e+01,2.066684915748301724e-02,2.682130300134236478e+00,1.586477362061541996e+00
6.676000000000000512e+01,2.060412763143194478e-02,2.686129808344897896e+00,1.586477355670119493e+00
6.678000000000000114e+01,2.054140610538087233e-02,2.690129316557730466e+00,1.586477349278696991e+00
6.679999999999999716e+01,2.047868457932979988e-02,2.694128824770563035e+00,1.586477342887274711e+00
6.681999999999999318e+01,2.041596305327872743e-02,2.698128332983395605e+00,1.586477336495852208e+00
6.684000000000000341e+01,2.035324161791491476e-02,2.702127841223780802e+00,1.586477330663278673e+00
6.685999999999999943e+01,2.029052018255110210e-02,2.706127349466545429e+00,1.586477324830705360e+00
6.687999999999999545e+01,2.022779882332679038e-02,2.710126857706930625e+00,1.586477318998132047e+00
6.690000000000000568e+01,2.016507738796297772e-02,2.714126365947315822e+00,1.586477313165558733e+00
6.692000000000000171e+01,2.010235602873866601e-02,2.718125874190080449e+00,1.586477307332985420e+00
6.693999999999999773e+01,2.003963468603546516e-02,2.722125382391706427e+00,1.586477302008475476e+00
6.695999999999999375e+01,1.997691334333226432e-02,2.726124890590726046e+00,1.586477296683965532e+00
6.698000000000000398e+01,1.991419208403377369e-02,2.730124398792352025e+00,1.586477291359455588e+00
6.700000000000000000e+01,1.985147082473528307e-02,2.734123906993978004e+00,1.586477286034945422e+00
6.701999999999999602e+01,1.978874956543679245e-02,2.738123415195603982e+00,1.586477280710435700e+00
6.704000000000000625e+01,1.972602831525200121e-02,2.742122923507007481e+00,1.586477275849327295e+00
6.706000000000000227e+01,1.966330706506720996e-02,2.746122431815555931e+00,1.586477270988219335e+00
6.707999999999999829e+01,1.960058590623797031e-02,2.750121940126959430e+00,1.586477266127110930e+00
6.709999999999999432e+01,1.953786474740873066e-02,2.754121448435507880e+00,1.586477261266002969e+00
6.712000000000000455e+01,1.947514358857949102e-02,2.758120956746911379e+00,1.586477256404894787e+00
6.714000000000000057e+01,1.941242242478601401e-02,2.762120464889993965e+00,1.586477251965310087e+00
6.715999999999999659e+01,1.934970126099253701e-02,2.766119973033076551e+00,1.586477247525725387e+00
6.718000000000000682e+01,1.928698019722850654e-02,2.770119481179285081e+00,1.586477243086140909e+00
6.720000000000000284e+01,1.922425913346447607e-02,2.774118989322367668e+00,1.586477238646555987e+00
6.721999999999999886e+01,1.916153806970044560e-02,2.778118497465450254e+00,1.586477234206971065e+00
6.723999999999999488e+01,1.909881696380683752e-02,2.782118005774421032e+00,1.586477230150926676e+00
6.726000000000000512e+01,1.903609596740147084e-02,2.786117514079970103e+00,1.586477226094881621e+00
6.728000000000000114e+01,1.897337497099610415e-02,2.790117022388940882e+00,1.586477222038836787e+00
6.729999999999999716e+01,1.891065397459073746e-02,2.794116530697911660e+00,1.586477217982791732e+00
6.731999999999999318e+01,1.884793297818537078e-02,2.798116039006882438e+00,1.586477213926747121e+00
6.734000000000000341e+01,1.878521195141988689e-02,2.802115547195009881e+00,1.586477210220518019e+00
6.735999999999999943e+01,1.872249104447678766e-02,2.806115055386881441e+00,1.586477206514288696e+00
6.737999999999999545e+01,1.865977001771130378e-02,2.810114563578753000e+00,1.586477202808059817e+00
6.740000000000000568e+01,1.859704911076820455e-02,2.814114071770624559e+00,1.586477199101830715e+00
6.742000000000000171e+01,1.853432820382510532e-02,2.818113579966240678e+00,1.586477195395601614e+00
6.743999999999999773e+01,1.847160738382809184e-02,2.822113088185616459e+00,1.586477192006286563e+00
6.745999999999999375e+01,1.840888643280483988e-02,2.826112596404992239e+00,1.586477188616971512e+00
6.748000000000000398e+01,1.834616561280782640e-02,2.830112104624368019e+00,1.586477185227656239e+00
6.750000000000000000e+01,1.828344479281081292e-02,2.834111612847838302e+00,1.586477181838341410e+00
6.751999999999999602e+01,1.822072384178756096e-02,2.838111121067214082e+00,1.586477178449026137e+00
6.754000000000000625e+01,1.815800307131000199e-02,2.842110629342796457e+00,1.586477175351556301e+00
6.756000000000000227e+01,1.809528230083244302e-02,2.846110137613898416e+00,1.586477172254086243e+00
6.757999999999999829e+01,1.803256138698329167e-02,2.850109645885000376e+00,1.586477169156616407e+00
6.759999999999999432e+01,1.796984061650573269e-02,2.854109154156102335e+00,1.586477166059146127e+00
6.762000000000000455e+01,1.790711984602817372e-02,2.858108662431684710e+00,1.586477162961676068e+00
6.764000000000000057e+01,1.784439913596285246e-02,2.862108170558346654e+00,1.586477160127035546e+00
6.765999999999999659e+01,1.778167842589753120e-02,2.866107678685008597e+00,1.586477157292395024e+00
6.768000000000000682e+01,1.771895755916712625e-02,2.870107186811670541e+00,1.586477154457754501e+00
6.770000000000000284e+01,1.765623684910180499e-02,2.874106694938332485e+00,1.586477151623113979e+00
6.771999999999999886e+01,1.759351613903648373e-02,2.878106203064994428e+00,1.586477148788473457e+00
6.773999999999999488e+01,1.753079546105575440e-02,2.882105711138964299e+00,1.586477146195040655e+00
6.776000000000000512e+01,1.746807478307502506e-02,2.886105219218285445e+00,1.586477143601607409e+00
6.778000000000000114e+01,1.740535410509429573e-02,2.890104727292255316e+00,1.586477141008174607e+00
6.779999999999999716e+01,1.734263342711356640e-02,2.894104235371576461e+00,1.586477138414741361e+00
6.781999999999999318e+01,1.727991274913283706e-02,2.898103743445546332e+00,1.586477135821308337e+00
6.784000000000000341e+01,1.721719199168170525e-02,2.902103251524519756e+00,1.586477133448957799e+00
6.785999999999999943e+01,1.715447142142430617e-02,2.906102759603493180e+00,1.586477131076606817e+00
6.787999999999999545e+01,1.709175066397317436e-02,2.910102267682466604e+00,1.586477128704256057e+00
6.790000000000000568e+01,1.702903009371577528e-02,2.914101775761440027e+00,1.586477126331905296e+00
6.792000000000000171e+01,1.696630952345837620e-02,2.918101283834563908e+00,1.586477123959554536e+00
6.793999999999999773e+01,1.690358895320097712e-02,2.922100791913537332e+00,1.586477121587203776e+00
6.795999999999999375e+01,1.684086838294357805e-02,2.926100299992510756e+00,1.586477119214853015e+00
6.798000000000000398e+01,1.677814769358867975e-02,2.930099808100701697e+00,1.586477117041105389e+00
6.800000000000000000e+01,1.671542720853037844e-02,2.934099316202507968e+00,1.586477114867358207e+00
6.801999999999999602e+01,1.665270651917548014e-02,2.938098824310698909e+00,1.586477112693610803e+00
6.804000000000000625e+01,1.658998591424592703e-02,2.942098332437970143e+00,1.586477110712908534e+00
6.806000000000000227e+01,1.652726530931637391e-02,2.946097840565241377e+00,1.586477108732206265e+00
6.807999999999999829e+01,1.646454492859477162e-02,2.950097348692512611e+00,1.586477106751503996e+00
6.809999999999999432e+01,1.640182432366521850e-02,2.954096856819783845e+00,1.586477104770801727e+00
6.812000000000000455e+01,1.633910371873566539e-02,2.958096364954061919e+00,1.586477102790099458e+00
6.814000000000000057e+01,1.627638335446841486e-02,2.962095872982792422e+00,1.586477100973755494e+00
6.815999999999999659e+01,1.621366274570497021e-02,2.966095381011522925e+00,1.586477099157411530e+00
6.818000000000000682e+01,1.615094213694152556e-02,2.970094889047893982e+00,1.586477097341067566e+00
6.820000000000000284e+01,1.608822177267427503e-02,2.974094397076624485e+00,1.586477095524723602e+00
6.821999999999999886e+01,1.602550116391083038e-02,2.978093905105354988e+00,1.586477093708379416e+00
6.823999999999999488e+01,1.596278074311808723e-02,2.982093413506683000e+00,1.586477092044316528e+00
6.826000000000000512e+01,1.590006032232534408e-02,2.986092921899671015e+00,1.586477090380253419e+00
6.828000000000000114e+01,1.583733963466217587e-02,2.990092430300999027e+00,1.586477088716190309e+00
6.829999999999999716e+01,1.577461921386943272e-02,2.994091938702327038e+00,1.586477087052127422e+00
6.831999999999999318e+01,1.571189879307668957e-02,2.998091447095315054e+00,1.586477085388064090e+00
6.834000000000000341e+01,1.564917824704770491e-02,3.002090955575758002e+00,1.586477083859785697e+00
6.835999999999999943e+01,1.558645799160013855e-02,3.006090464056200950e+00,1.586477082331507749e+00
6.837999999999999545e+01,1.552373744557115388e-02,3.010089972545724635e+00,1.586477080803229800e+00
6.840000000000000568e+01,1.546101689954216922e-02,3.014089481026167583e+00,1.586477079274951407e+00
6.842000000000000171e+01,1.539829664409460286e-02,3.018088989506610531e+00,1.586477077746673015e+00
6.843999999999999773e+01,1.533557614136247908e-02,3.022088497465322376e+00,1.586477076344086079e+00
6.845999999999999375e+01,1.527285563863035531e-02,3.026088005424034222e+00,1.586477074941499366e+00
6.848000000000000398e+01,1.521013513589823153e-02,3.030087513382746067e+00,1.586477073538912430e+00
6.850000000000000000e+01,1.514741494978760761e-02,3.034087021341457913e+00,1.586477072136325495e+00
6.851999999999999602e+01,1.508469444705548383e-02,3.038086529310064510e+00,1.586477070733738559e+00
6.854000000000000625e+01,1.502197416365477593e-02,3.042086037673329635e+00,1.586477069449730326e+00
6.856000000000000227e+01,1.495925353439240407e-02,3.046085546036594760e+00,1.586477068165722093e+00
6.857999999999999829e+01,1.489653325099169617e-02,3.050085054399859885e+00,1.586477066881713860e+00
6.859999999999999432e+01,1.483381296759098827e-02,3.054084562763125010e+00,1.586477065597705627e+00
6.862000000000000455e+01,1.477109233832861641e-02,3.058084071126390135e+00,1.586477064313697394e+00
6.864000000000000057e+01,1.470837207102594461e-02,3.062083579650545673e+00,1.586477063134925869e+00
6.865999999999999659e+01,1.464565180372327281e-02,3.066083088174701210e+00,1.586477061956154344e+00
6.868000000000000682e+01,1.458293153642060101e-02,3.070082596698856747e+00,1.586477060777382819e+00
6.870000000000000284e+01,1.452021089237889862e-02,3.074082105223012285e+00,1.586477059598611072e+00
6.871999999999999886e+01,1.445749062507622681e-02,3.078081613747167822e+00,1.586477058419839770e+00
6.873999999999999488e+01,1.439477029398797923e-02,3.082081122100441384e+00,1.586477057332754459e+00
6.876000000000000512e+01,1.433204996289973165e-02,3.086080630453714946e+00,1.586477056245669148e+00
6.878000000000000114e+01,1.426932963181148407e-02,3.090080138806988508e+00,1.586477055158583838e+00
6.879999999999999716e+01,1.420660930072323649e-02,3.094079647160262070e+00,1.586477054071498305e+00
6.881999999999999318e+01,1.414388896963498891e-02,3.098079155513535632e+00,1.586477052984412994e+00
6.884000000000000341e+01,1.408116847780270520e-02,3.102078663878252041e+00,1.586477051988817166e+00
6.885999999999999943e+01,1.401844843202404434e-02,3.106078172242968449e+00,1.586477050993221116e+00
6.887999999999999545e+01,1.395572794019176062e-02,3.110077680607684858e+00,1.586477049997625288e+00
6.890000000000000568e+01,1.389300744835947690e-02,3.114077188972401267e+00,1.586477049002028794e+00
6.892000000000000171e+01,1.383028740258081604e-02,3.118076697337117675e+00,1.586477048006432966e+00
6.893999999999999773e+01,1.376756694736300940e-02,3.122076205962447393e+00,1.586477047086384706e+00
6.895999999999999375e+01,1.370484649214520276e-02,3.126075714602860600e+00,1.586477046166336446e+00
6.898000000000000398e+01,1.364212651960778656e-02,3.130075223228190318e+00,1.586477045246288187e+00
6.900000000000000000e+01,1.357940606438997992e-02,3.134074731853520035e+00,1.586477044326239927e+00
6.901999999999999602e+01,1.351668560917217328e-02,3.138074240478849752e+00,1.586477043406191667e+00
6.904000000000000625e+01,1.345396539747825346e-02,3.142073748279787360e+00,1.586477042563827045e+00
6.906000000000000227e+01,1.339124518578433364e-02,3.146073256064250145e+00,1.586477041721462422e+00
6.907999999999999829e+01,1.332852497409041381e-02,3.150072763865187753e+00,1.586477040879097800e+00
6.909999999999999432e+01,1.326580476239649399e-02,3.154072271666125360e+00,1.586477040036733177e+00
6.912000000000000455e+01,1.320308455070257417e-02,3.158071779467062967e+00,1.586477039194368777e+00
6.914000000000000057e+01,1.314036394899878446e-02,3.162071288133977642e+00,1.586477038422013264e+00
6.915999999999999659e+01,1.307764392227552842e-02,3.166070796818860167e+00,1.586477037649658195e+00
6.918000000000000682e+01,1.301492332057173872e-02,3.170070305503742691e+00,1.586477036877302682e+00
6.920000000000000284e+01,1.295220329384848268e-02,3.174069814170657367e+00,1.586477036104947613e+00
6.921999999999999886e+01,1.288948269214469297e-02,3.178069322855539891e+00,1.586477035332592100e+00
6.923999999999999488e+01,1.282676257238909816e-02,3.182068831666593489e+00,1.586477034619317550e+00
6.926000000000000512e+01,1.276404245263350334e-02,3.186068340477647087e+00,1.586477033906042777e+00
6.928000000000000114e+01,1.270132233287790853e-02,3.190067849288700685e+00,1.586477033192768449e+00
6.929999999999999716e+01,1.263860159051595142e-02,3.194067358099754284e+00,1.586477032479493898e+00
6.931999999999999318e+01,1.257588147076035660e-02,3.198066866910807882e+00,1.586477031766219126e+00
6.934000000000000341e+01,1.251316107184420254e-02,3.202066375084070327e+00,1.586477031099657875e+00
6.935999999999999943e+01,1.245044133916697535e-02,3.206065883236512981e+00,1.586477030433096402e+00
6.937999999999999545e+01,1.238772094025082128e-02,3.210065391409775426e+00,1.586477029766535152e+00
6.940000000000000568e+01,1.232500054133466721e-02,3.214064899562218081e+00,1.586477029099973457e+00
6.942000000000000171e+01,1.226228014241851315e-02,3.218064407735480525e+00,1.586477028433411762e+00
6.943999999999999773e+01,1.219955986036261320e-02,3.222063916280071272e+00,1.586477027822990271e+00
6.945999999999999375e+01,1.213683957830671324e-02,3.226063424847396721e+00,1.586477027212568558e+00
6.948000000000000398e+01,1.207412002376301655e-02,3.230062933414722171e+00,1.586477026602146845e+00
6.950000000000000000e+01,1.201139974170711659e-02,3.234062441959312917e+00,1.586477025991724910e+00
6.951999999999999602e+01,1.194867945965121664e-02,3.238061950526638366e+00,1.586477025381303418e+00
6.954000000000000625e+01,1.188595897197984412e-02,3.242061459473608576e+00,1.586477024827895654e+00
6.956000000000000227e+01,1.182323848430847160e-02,3.246060968420578785e+00,1.586477024274487446e+00
6.957999999999999829e+01,1.176051879909983944e-02,3.250060477367548994e+00,1.586477023721079460e+00
6.959999999999999432e+01,1.169779831142846692e-02,3.254059986314519204e+00,1.586477023167671696e+00
6.962000000000000455e+01,1.163507782375709440e-02,3.258059495261489413e+00,1.586477022614263488e+00
6.964000000000000057e+01,1.157235798416638220e-02,3.262059002837509603e+00,1.586477022095827749e+00
6.965999999999999659e+01,1.150963728798130165e-02,3.266058510386761427e+00,1.586477021577392010e+00
6.968000000000000682e+01,1.144691744839058944e-02,3.270058017936013250e+00,1.586477021058956050e+00
6.970000000000000284e+01,1.138419760879987724e-02,3.274057525485265074e+00,1.586477020540520533e+00
6.971999999999999886e+01,1.132147691261479669e-02,3.278057033061285264e+00,1.586477020022084794e+00
6.973999999999999488e+01,1.125875709611851017e-02,3.282056541233312252e+00,1.586477019551300494e+00
6.976000000000000512e+01,1.119603633632523798e-02,3.286056049375861043e+00,1.586477019080516859e+00
6.978000000000000114e+01,1.113331651982895146e-02,3.290055557547888032e+00,1.586477018609732559e+00
6.979999999999999716e+01,1.107059670333266493e-02,3.294055065719915021e+00,1.586477018138948258e+00
6.981999999999999318e+01,1.100787594353939275e-02,3.298054573891942010e+00,1.586477017668164624e+00
6.984000000000000341e+01,1.094515613756042241e-02,3.302054082590553996e+00,1.586477017234970699e+00
6.985999999999999943e+01,1.088243530642975590e-02,3.306053591257130275e+00,1.586477016801776996e+00
6.987999999999999545e+01,1.081971550045078556e-02,3.310053099955742262e+00,1.586477016368583293e+00
6.990000000000000568e+01,1.075699569447181522e-02,3.314052608654354248e+00,1.586477015935389367e+00
6.992000000000000171e+01,1.069427486334114871e-02,3.318052117352966235e+00,1.586477015502195886e+00
6.993999999999999773e+01,1.063155468769946647e-02,3.322051625820366727e+00,1.586477015100243859e+00
6.995999999999999375e+01,1.056883451205778424e-02,3.326051134287767219e+00,1.586477014698291832e+00
6.998000000000000398e+01,1.050611433641610200e-02,3.330050642755167711e+00,1.586477014296339805e+00
7.000000000000000000e+01,1.044339416077441976e-02,3.334050151188042044e+00,1.586477013894387778e+00
7.001999999999999602e+01,1.038067398513273752e-02,3.338049659655442536e+00,1.586477013492435750e+00
7.004000000000000625e+01,1.031795364779310165e-02,3.342049167466413451e+00,1.586477013101756928e+00
7.006000000000000227e+01,1.025523444716509164e-02,3.346048675241862114e+00,1.586477012711078105e+00
7.007999999999999829e+01,1.019251410982545576e-02,3.350048183017310777e+00,1.586477012320399282e+00
7.009999999999999432e+01,1.012979377248581989e-02,3.354047690828281691e+00,1.586477011929720238e+00
7.012000000000000455e+01,1.006707343514618401e-02,3.358047198603730354e+00,1.586477011539041637e+00
7.014000000000000057e+01,1.000435273788662441e-02,3.362046705604722963e+00,1.586477011190330799e+00
7.015999999999999659e+01,9.941633314143759684e-03,3.366046212645512625e+00,1.586477010841620183e+00
7.018000000000000682e+01,9.878912616884200082e-03,3.370045719646505233e+00,1.586477010492908901e+00
7.020000000000000284e+01,9.816193193141335357e-03,3.374045226687294896e+00,1.586477010144198285e+00
7.021999999999999886e+01,9.753472495881775756e-03,3.378044733688287504e+00,1.586477009795487447e+00
7.023999999999999488e+01,9.690753254914544201e-03,3.382044242406991863e+00,1.586477009477335276e+00
7.026000000000000512e+01,9.628032618108153112e-03,3.386043751082076447e+00,1.586477009159183327e+00
7.028000000000000114e+01,9.565311981301762023e-03,3.390043259757161032e+00,1.586477008841030933e+00
7.029999999999999716e+01,9.502592740334530469e-03,3.394042768475865390e+00,1.586477008522878540e+00
7.031999999999999318e+01,9.439872103528139380e-03,3.398042277150949975e+00,1.586477008204726591e+00
7.034000000000000341e+01,9.377151189685347527e-03,3.402041786748452257e+00,1.586477007920752635e+00
7.035999999999999943e+01,9.314431839682130870e-03,3.406041296394824780e+00,1.586477007636779346e+00
7.037999999999999545e+01,9.251710925839339017e-03,3.410040805992327062e+00,1.586477007352805391e+00
7.040000000000000568e+01,9.188991575836122361e-03,3.414040315638699585e+00,1.586477007068831657e+00
7.042000000000000171e+01,9.126270661993330507e-03,3.418039825236201867e+00,1.586477006784857924e+00
7.043999999999999773e+01,9.063551674289896040e-03,3.422039334923500320e+00,1.586477006510427001e+00
7.045999999999999375e+01,9.000831068366025450e-03,3.426038844560229446e+00,1.586477006235996301e+00
7.048000000000000398e+01,8.938110462442154860e-03,3.430038354247527899e+00,1.586477005961566045e+00
7.050000000000000000e+01,8.875389856518284271e-03,3.434037863884257025e+00,1.586477005687135122e+00
7.051999999999999602e+01,8.812670868814849803e-03,3.438037373571555477e+00,1.586477005412704422e+00
7.054000000000000625e+01,8.749950628131695357e-03,3.442036882422538024e+00,1.586477005125987549e+00
7.056000000000000227e+01,8.687230387448540911e-03,3.446036391321922743e+00,1.586477004839270677e+00
7.057999999999999829e+01,8.624510146765386465e-03,3.450035900172905290e+00,1.586477004552553804e+00
7.059999999999999432e+01,8.561789906082232018e-03,3.454035409023887837e+00,1.586477004265836932e+00
7.062000000000000455e+01,8.499069665399077572e-03,3.458034917874870384e+00,1.586477003979120060e+00
7.064000000000000057e+01,8.436349179571448961e-03,3.462034427778414969e+00,1.586477003740983438e+00
7.065999999999999659e+01,8.373628693743820350e-03,3.466033937681959554e+00,1.586477003502846594e+00
7.068000000000000682e+01,8.310908207916191739e-03,3.470033447527227644e+00,1.586477003264709529e+00
7.070000000000000284e+01,8.248189586938139972e-03,3.474032957430772228e+00,1.586477003026572685e+00
7.071999999999999886e+01,8.185469101110511361e-03,3.478032467334316813e+00,1.586477002788435842e+00
7.073999999999999488e+01,8.122748890208079942e-03,3.482031974742850089e+00,1.586477002584701923e+00
7.076000000000000512e+01,8.060028679305648522e-03,3.486031482219500877e+00,1.586477002380968671e+00
7.078000000000000114e+01,7.997308468403217102e-03,3.490030989696151664e+00,1.586477002177234752e+00
7.079999999999999716e+01,7.934588257500785682e-03,3.494030497104684940e+00,1.586477001973501277e+00
7.081999999999999318e+01,7.871868046598354263e-03,3.498030004581335728e+00,1.586477001769767359e+00
7.084000000000000341e+01,7.809147484201597877e-03,3.502029512236041864e+00,1.586477001552135890e+00
7.085999999999999943e+01,7.746426921804841492e-03,3.506029019954515658e+00,1.586477001334504422e+00
7.087999999999999545e+01,7.683708399963845061e-03,3.510028527609221793e+00,1.586477001116872954e+00
7.090000000000000568e+01,7.620987837567087808e-03,3.514028035263927929e+00,1.586477000899241485e+00
7.092000000000000171e+01,7.558267275170331423e-03,3.518027542982401723e+00,1.586477000681610017e+00
7.093999999999999773e+01,7.495547227258590392e-03,3.522027052107371770e+00,1.586477000484071143e+00
7.095999999999999375e+01,7.432827179346849361e-03,3.526026561232341816e+00,1.586477000286532046e+00
7.098000000000000398e+01,7.370107131435108330e-03,3.530026070357311863e+00,1.586477000088993394e+00
7.100000000000000000e+01,7.307387083523367299e-03,3.534025579552535490e+00,1.586476999891454520e+00
7.101999999999999602e+01,7.244667035611626268e-03,3.538025088677505536e+00,1.586476999693915868e+00
7.104000000000000625e+01,7.181947443359426586e-03,3.542024598328439300e+00,1.586476999504808028e+00
7.106000000000000227e+01,7.119225502762451321e-03,3.546024107979373063e+00,1.586476999315700853e+00
7.107999999999999829e+01,7.056505910510251639e-03,3.550023617630306827e+00,1.586476999126593679e+00
7.109999999999999432e+01,6.993786318258051957e-03,3.554023127281240590e+00,1.586476998937486060e+00
7.112000000000000455e+01,6.931066726005852274e-03,3.558022636932174354e+00,1.586476998748378664e+00
7.114000000000000057e+01,6.868344785408877010e-03,3.562022146583108118e+00,1.586476998559271490e+00
7.115999999999999659e+01,6.805625620015931000e-03,3.566021653234649147e+00,1.586476998378383296e+00
7.118000000000000682e+01,6.742906454622984991e-03,3.570021159886190176e+00,1.586476998197495325e+00
7.120000000000000284e+01,6.680184834179920053e-03,3.574020666614451613e+00,1.586476998016607132e+00
7.121999999999999886e+01,6.617465668786974044e-03,3.578020173265992643e+00,1.586476997835719382e+00
7.123999999999999488e+01,6.554745756862626234e-03,3.582019683143622402e+00,1.586476997621448781e+00
7.126000000000000512e+01,6.492025844938278424e-03,3.586019193086019463e+00,1.586476997407178180e+00
7.128000000000000114e+01,6.429305933013930614e-03,3.590018702963649222e+00,1.586476997192907579e+00
7.129999999999999716e+01,6.366586021089582804e-03,3.594018212841278981e+00,1.586476996978636977e+00
7.131999999999999318e+01,6.303864036601890090e-03,3.598017722783676042e+00,1.586476996764366598e+00
7.134000000000000341e+01,6.241146635345031293e-03,3.602017228280336880e+00,1.586476996650825866e+00
7.135999999999999943e+01,6.178425322806522374e-03,3.606016733899225279e+00,1.586476996537285356e+00
7.137999999999999545e+01,6.115704010268013455e-03,3.610016239518113679e+00,1.586476996423744623e+00
7.140000000000000568e+01,6.052986609011154658e-03,3.614015745137002078e+00,1.586476996310204335e+00
7.142000000000000171e+01,5.990265296472645738e-03,3.618015250633662916e+00,1.586476996196664047e+00
7.143999999999999773e+01,5.927543983934136819e-03,3.622014756252551315e+00,1.586476996083123314e+00
7.145999999999999375e+01,5.864828129639524691e-03,3.626014264103327278e+00,1.586476996028861830e+00
7.148000000000000398e+01,5.802104091101888822e-03,3.630013772209860878e+00,1.586476995974600346e+00
7.150000000000000000e+01,5.739388236807276694e-03,3.634013280060636841e+00,1.586476995920338862e+00
7.151999999999999602e+01,5.676664198269640825e-03,3.638012787911412804e+00,1.586476995866077377e+00
7.154000000000000625e+01,5.613944593143103262e-03,3.642012299801958175e+00,1.586476995929604117e+00
7.156000000000000227e+01,5.551224988016565699e-03,3.646011811692503546e+00,1.586476995993130856e+00
7.157999999999999829e+01,5.488505382890028136e-03,3.650011323583048917e+00,1.586476996056657596e+00
7.159999999999999432e+01,5.425778787169962918e-03,3.654010835473594287e+00,1.586476996120184335e+00
7.162000000000000455e+01,5.363059182043425355e-03,3.658010347364139658e+00,1.586476996183710853e+00
7.164000000000000057e+01,5.300339026885077763e-03,3.662009855892939481e+00,1.586476995744338536e+00
7.165999999999999659e+01,5.237618871726730171e-03,3.666009364421739303e+00,1.586476995304965998e+00
7.168000000000000682e+01,5.174898716568382580e-03,3.670008872950539125e+00,1.586476994865593682e+00
7.170000000000000284e+01,5.112178561410034988e-03,3.674008381479338947e+00,1.586476994426220699e+00
7.171999999999999886e+01,5.049458406251687397e-03,3.678007890008138769e+00,1.586476993986848383e+00
7.173999999999999488e+01,4.986737876388651521e-03,3.682007397604463605e+00,1.586476993577953021e+00
7.176000000000000512e+01,4.924018432595396629e-03,3.686006905200788442e+00,1.586476993169056993e+00
7.178000000000000114e+01,4.861297902732360753e-03,3.690006412797113278e+00,1.586476992760161631e+00
7.179999999999999716e+01,4.798578458939105860e-03,3.694005920359498596e+00,1.586476992351266047e+00
7.181999999999999318e+01,4.735857929076069985e-03,3.698005427955823432e+00,1.586476991942370462e+00
7.184000000000000341e+01,4.673138239353521670e-03,3.702004936111193079e+00,1.586476991571881268e+00
7.185999999999999943e+01,4.610417350974695821e-03,3.706004444266562725e+00,1.586476991201392073e+00
7.187999999999999545e+01,4.547697661252147507e-03,3.710003952421932372e+00,1.586476990830902878e+00
7.190000000000000568e+01,4.484977971529599192e-03,3.714003460539843982e+00,1.586476990460413683e+00
7.192000000000000171e+01,4.422257083150773344e-03,3.718002968695213628e+00,1.586476990089924266e+00
7.193999999999999773e+01,4.359536733290026583e-03,3.722002476406402138e+00,1.586476989728240250e+00
7.195999999999999375e+01,4.296817611265892588e-03,3.726001984117590649e+00,1.586476989366556012e+00
7.198000000000000398e+01,4.234097261405145828e-03,3.730001491828779159e+00,1.586476989004871774e+00
7.200000000000000000e+01,4.171376911544399067e-03,3.734000999501597473e+00,1.586476988643187536e+00
7.201999999999999602e+01,4.108656561683652307e-03,3.738000507212785983e+00,1.586476988281503298e+00
7.204000000000000625e+01,4.045937468773802212e-03,3.742000016116715067e+00,1.586476987878312261e+00
7.206000000000000227e+01,3.983217274427552565e-03,3.745999525020644150e+00,1.586476987475121447e+00
7.207999999999999829e+01,3.920497080081302918e-03,3.749999033924573233e+00,1.586476987071930189e+00
7.209999999999999432e+01,3.857776885735053271e-03,3.753998542828502316e+00,1.586476986668738931e+00
7.212000000000000455e+01,3.795056691388803624e-03,3.757998051732431399e+00,1.586476986265548117e+00
7.214000000000000057e+01,3.732336495595383469e-03,3.761997559590166240e+00,1.586476985900959757e+00
7.215999999999999659e+01,3.669616299801963313e-03,3.765997067447901081e+00,1.586476985536371842e+00
7.218000000000000682e+01,3.606896104008543158e-03,3.769996575305635922e+00,1.586476985171783705e+00
7.220000000000000284e+01,3.544175908215123003e-03,3.773996083163370763e+00,1.586476984807195567e+00
7.221999999999999886e+01,3.481455712421702847e-03,3.777995591021105604e+00,1.586476984442607430e+00
7.223999999999999488e+01,3.418735730548789001e-03,3.781995099418522521e+00,1.586476984025855907e+00
7.226000000000000512e+01,3.356015748675875154e-03,3.785994607849239468e+00,1.586476983609104163e+00
7.228000000000000114e+01,3.293295766802961308e-03,3.789994116246656386e+00,1.586476983192352641e+00
7.229999999999999716e+01,3.230575784930047462e-03,3.793993624677373333e+00,1.586476982775601341e+00
7.231999999999999318e+01,3.167855803057133615e-03,3.797993133074790251e+00,1.586476982358849819e+00
7.234000000000000341e+01,3.105136441300280267e-03,3.801992640498094378e+00,1.586476981960687871e+00
7.235999999999999943e+01,3.042415964195468395e-03,3.805992147886544164e+00,1.586476981562525701e+00
7.237999999999999545e+01,2.979695487090656524e-03,3.809991655274993949e+00,1.586476981164364197e+00
7.240000000000000568e+01,2.916976125333803176e-03,3.813991162663443735e+00,1.586476980766202027e+00
7.242000000000000171e+01,2.854255648228991304e-03,3.817990670086747862e+00,1.586476980368040302e+00
7.243999999999999773e+01,2.791536246766466913e-03,3.821990177830971724e+00,1.586476980027181405e+00
7.245999999999999375e+01,2.728815542449736925e-03,3.825989685615910130e+00,1.586476979686322730e+00
7.248000000000000398e+01,2.666096140987212534e-03,3.829989193400848535e+00,1.586476979345464056e+00
7.250000000000000000e+01,2.603375436670482546e-03,3.833988701185786940e+00,1.586476979004605603e+00
7.251999999999999602e+01,2.540656035207958154e-03,3.837988208930010803e+00,1.586476978663746706e+00
7.254000000000000625e+01,2.477936045883886561e-03,3.841987716747849557e+00,1.586476978256426529e+00
7.256000000000000227e+01,2.415216056559814969e-03,3.845987224565688312e+00,1.586476977849106351e+00
7.257999999999999829e+01,2.352496067235743376e-03,3.849986732383527066e+00,1.586476977441786174e+00
7.259999999999999432e+01,2.289776077911671783e-03,3.853986240167294852e+00,1.586476977034465996e+00
7.262000000000000455e+01,2.227056088587600190e-03,3.857985747985133607e+00,1.586476976627145818e+00
7.264000000000000057e+01,2.164335279703749181e-03,3.861985255737536704e+00,1.586476976312782616e+00
7.265999999999999659e+01,2.101615883482545622e-03,3.865984763445794226e+00,1.586476975998419414e+00
7.268000000000000682e+01,2.038895074598694613e-03,3.869984271198197323e+00,1.586476975684056212e+00
7.270000000000000284e+01,1.976175678377491054e-03,3.873983778950600421e+00,1.586476975369693010e+00
7.271999999999999886e+01,1.913454869493639828e-03,3.877983286658857942e+00,1.586476975055329586e+00
7.273999999999999488e+01,1.850735801685713744e-03,3.881982794234070777e+00,1.586476974679179808e+00
7.276000000000000512e+01,1.788015553261346679e-03,3.885982301846178100e+00,1.586476974303029364e+00
7.278000000000000114e+01,1.725295304836979614e-03,3.889981809421390935e+00,1.586476973926878919e+00
7.279999999999999716e+01,1.662575056412612549e-03,3.893981316996603770e+00,1.586476973550728697e+00
7.281999999999999318e+01,1.599854807988245484e-03,3.897980824571816605e+00,1.586476973174578919e+00
7.284000000000000341e+01,1.599854807988245484e-03,3.897980824571816605e+00,1.586476973174578919e+00
7.285999999999999943e+01,1.599854807988245484e-03,3.897980824571816605e+00,1.586476973174578919e+00
7.287999999999999545e+01,1.599854807988245484e-03,3.897980824571816605e+00,1.586476973174578919e+00
7.290000000000000568e+01,1.599854807988245484e-03,3.897980824571816605e+00,1.586476973174578919e+00
7.292000000000000171e+01,1.599854807988245484e-03,3.897980824571816605e+00,1.592476973174578703e+00
7.293999999999999773e+01,1.599854807988245484e-03,3.897980824571816605e+00,1.598476973174578708e+00
7.295999999999999375e+01,1.599854807988245484e-03,3.897980824571816605e+00,1.604476973174578491e+00
7.298000000000000398e+01,1.599854807988245484e-03,3.897980824571816605e+00,1.610476973174578719e+00
7.300000000000000000e+01,1.599854807988245484e-03,3.897980824571816605e+00,1.616476973174578946e+00
7.301999999999999602e+01,1.599854807988245484e-03,3.897980824571816605e+00,1.622476973174578729e+00
7.304000000000000625e+01,1.599854807988245484e-03,3.897980824571816605e+00,1.628476973174578735e+00
7.306000000000000227e+01,1.599854807988245484e-03,3.897980824571816605e+00,1.634476973174578962e+00
7.307999999999999829e+01,1.599854807988245484e-03,3.897980824571816605e+00,1.640476973174578745e+00
7.309999999999999432e+01,1.599854807988245484e-03,3.897980824571816605e+00,1.646476973174578751e+00
7.312000000000000455e+01,1.599854807988245484e-03,3.897980824571816605e+00,1.652476973174578756e+00
7.314000000000000057e+01,1.599854807988245484e-03,3.897980824571816605e+00,1.658476973174578539e+00
7.315999999999999659e+01,1.599854807988245484e-03,3.897980824571816605e+00,1.664476973174578767e+00
7.318000000000000682e+01,1.599854807988245484e-03,3.897980824571816605e+00,1.670476973174578550e+00
7.320000000000000284e+01,1.599854807988245484e-03,3.897980824571816605e+00,1.676476973174578555e+00
7.321999999999999886e+01,1.599854807988245484e-03,3.897980824571816605e+00,1.682476973174578783e+00
7.323999999999999488e+01,1.599854807988245484e-03,3.897980824571816605e+00,1.688476973174578566e+00
7.326000000000000512e+01,1.599854807988245484e-03,3.897980824571816605e+00,1.694476973174578571e+00
7.328000000000000114e+01,1.599854807988245484e-03,3.897980824571816605e+00,1.700476973174578799e+00
7.329999999999999716e+01,1.599854807988245484e-03,3.897980824571816605e+00,1.706476973174578804e+00
7.331999999999999318e+01,1.599854807988245484e-03,3.897980824571816605e+00,1.712476973174578809e+00
7.334000000000000341e+01,1.599854807988245484e-03,3.897980824571816605e+00,1.718476973174578815e+00
7.335999999999999943e+01,1.599854807988245484e-03,3.897980824571816605e+00,1.724476973174579042e+00
7.337999999999999545e+01,1.599854807988245484e-03,3.897980824571816605e+00,1.730476973174578825e+00
7.340000000000000568e+01,1.599854807988245484e-03,3.897980824571816605e+00,1.736476973174579053e+00
7.342000000000000171e+01,1.599854807988245484e-03,3.897980824571816605e+00,1.742476973174578614e+00
7.343999999999999773e+01,1.599854807988245484e-03,3.897980824571816605e+00,1.748476973174578841e+00
7.345999999999999375e+01,1.599854807988245484e-03,3.897980824571816605e+00,1.754476973174579069e+00
7.348000000000000398e+01,1.599854807988245484e-03,3.897980824571816605e+00,1.760476973174578852e+00
7.350000000000000000e+01,1.599854807988245484e-03,3.897980824571816605e+00,1.766476973174578857e+00
7.351999999999999602e+01,1.599854807988245484e-03,3.897980824571816605e+00,1.772476973174578863e+00
7.354000000000000625e+01,1.599854807988245484e-03,3.897980824571816605e+00,1.778476973174578868e+00
7.356000000000000227e+01,1.599854807988245484e-03,3.897980824571816605e+00,1.784476973174578873e+00
7.357999999999999829e+01,1.599854807988245484e-03,3.897980824571816605e+00,1.790476973174578879e+00
7.359999999999999432e+01,1.599854807988245484e-03,3.897980824571816605e+00,1.796476973174578884e+00
7.362000000000000455e+01,1.599854807988245484e-03,3.897980824571816605e+00,1.802476973174578889e+00
7.364000000000000057e+01,1.599854807988245484e-03,3.897980824571816605e+00,1.808476973174578895e+00
7.365999999999999659e+01,1.599854807988245484e-03,3.897980824571816605e+00,1.814476973174579122e+00
7.368000000000000682e+01,1.599854807988245484e-03,3.897980824571816605e+00,1.820476973174578905e+00
7.370000000000000284e+01,1.599854807988245484e-03,3.897980824571816605e+00,1.826476973174578911e+00
7.371999999999999886e+01,1.599854807988245484e-03,3.897980824571816605e+00,1.832476973174578916e+00
7.373999999999999488e+01,1.599854807988245484e-03,3.897980824571816605e+00,1.838476973174578921e+00
7.376000000000000512e+01,1.599854807988245484e-03,3.897980824571816605e+00,1.844476973174579149e+00
7.378000000000000114e+01,1.599854807988245484e-03,3.897980824571816605e+00,1.850476973174578932e+00
7.379999999999999716e+01,1.599854807988245484e-03,3.897980824571816605e+00,1.856476973174578937e+00
7.381999999999999318e+01,1.599854807988245484e-03,3.897980824571816605e+00,1.862476973174578943e+00
7.384000000000000341e+01,1.599854807988245484e-03,3.897980824571816605e+00,1.868476973174578948e+00
7.385999999999999943e+01,1.599854807988245484e-03,3.897980824571816605e+00,1.874476973174579175e+00
7.387999999999999545e+01,1.599854807988245484e-03,3.897980824571816605e+00,1.880476973174579181e+00
7.390000000000000568e+01,1.599854807988245484e-03,3.897980824571816605e+00,1.886476973174578964e+00
7.392000000000000171e+01,1.599854807988245484e-03,3.897980824571816605e+00,1.892476973174578969e+00
7.393999999999999773e+01,1.599854807988245484e-03,3.897980824571816605e+00,1.898476973174578974e+00
7.395999999999999375e+01,1.599854807988245484e-03,3.897980824571816605e+00,1.904476973174578980e+00
7.398000000000000398e+01,1.599854807988245484e-03,3.897980824571816605e+00,1.910476973174579207e+00
7.400000000000000000e+01,1.599854807988245484e-03,3.897980824571816605e+00,1.916476973174579213e+00
7.401999999999999602e+01,1.599854807988245484e-03,3.897980824571816605e+00,1.922476973174578774e+00
7.404000000000000625e+01,1.599854807988245484e-03,3.897980824571816605e+00,1.928476973174579001e+00
7.406000000000000227e+01,1.599854807988245484e-03,3.897980824571816605e+00,1.934476973174579006e+00
7.407999999999999829e+01,1.599854807988245484e-03,3.897980824571816605e+00,1.940476973174579012e+00
7.409999999999999432e+01,1.599854807988245484e-03,3.897980824571816605e+00,1.946476973174579017e+00
7.412000000000000455e+01,1.599854807988245484e-03,3.897980824571816605e+00,1.952476973174578800e+00
7.414000000000000057e+01,1.599854807988245484e-03,3.897980824571816605e+00,1.958476973174579028e+00
7.415999999999999659e+01,1.599854807988245484e-03,3.897980824571816605e+00,1.964476973174579255e+00
7.418000000000000682e+01,1.599854807988245484e-03,3.897980824571816605e+00,1.970476973174578816e+00
7.420000000000000284e+01,1.599854807988245484e-03,3.897980824571816605e+00,1.976476973174578822e+00
7.421999999999999886e+01,1.599854807988245484e-03,3.897980824571816605e+00,1.982476973174579049e+00
7.423999999999999488e+01,1.599854807988245484e-03,3.897980824571816605e+00,1.988476973174579054e+00
7.426000000000000512e+01,1.599854807988245484e-03,3.897980824571816605e+00,1.994476973174579282e+00
7.428000000000000114e+01,1.599854807988245484e-03,3.897980824571816605e+00,2.000476973174579065e+00
7.429999999999999716e+01,1.599854807988245484e-03,3.897980824571816605e+00,2.006476973174578848e+00
7.431999999999999318e+01,1.599854807988245484e-03,3.897980824571816605e+00,2.012476973174578632e+00
7.434000000000000341e+01,1.599854807988245484e-03,3.897980824571816605e+00,2.018476973174578415e+00
7.435999999999999943e+01,1.599854807988245484e-03,3.897980824571816605e+00,2.024476973174578198e+00
7.437999999999999545e+01,1.599854807988245484e-03,3.897980824571816605e+00,2.030476973174577981e+00
7.440000000000000568e+01,1.599854807988245484e-03,3.897980824571816605e+00,2.036476973174577765e+00
7.442000000000000171e+01,1.599854807988245484e-03,3.897980824571816605e+00,2.042476973174577548e+00
7.443999999999999773e+01,1.599854807988245484e-03,3.897980824571816605e+00,2.048476973174577331e+00
7.445999999999999375e+01,1.599854807988245484e-03,3.897980824571816605e+00,2.054476973174577115e+00
7.448000000000000398e+01,1.599854807988245484e-03,3.897980824571816605e+00,2.060476973174576898e+00
7.450000000000000000e+01,1.599854807988245484e-03,3.897980824571816605e+00,2.066476973174576681e+00
7.451999999999999602e+01,1.599854807988245484e-03,3.897980824571816605e+00,2.072476973174576464e+00
7.454000000000000625e+01,1.599854807988245484e-03,3.897980824571816605e+00,2.078476973174576248e+00
7.456000000000000227e+01,1.599854807988245484e-03,3.897980824571816605e+00,2.084476973174576031e+00
7.457999999999999829e+01,1.599854807988245484e-03,3.897980824571816605e+00,2.090476973174575814e+00
7.459999999999999432e+01,1.599854807988245484e-03,3.897980824571816605e+00,2.096476973174575598e+00
7.462000000000000455e+01,1.599854807988245484e-03,3.897980824571816605e+00,2.102476973174575381e+00
7.464000000000000057e+01,1.599854807988245484e-03,3.897980824571816605e+00,2.108476973174575164e+00
7.465999999999999659e+01,1.599854807988245484e-03,3.897980824571816605e+00,2.114476973174574947e+00
7.468000000000000682e+01,1.599854807988245484e-03,3.897980824571816605e+00,2.120476973174574731e+00
7.470000000000000284e+01,1.599854807988245484e-03,3.897980824571816605e+00,2.126476973174574514e+00
7.471999999999999886e+01,1.599854807988245484e-03,3.897980824571816605e+00,2.132476973174574297e+00
7.473999999999999488e+01,1.599854807988245484e-03,3.897980824571816605e+00,2.138476973174574081e+00
7.476000000000000512e+01,1.599854807988245484e-03,3.897980824571816605e+00,2.144476973174573864e+00
7.478000000000000114e+01,1.599854807988245484e-03,3.897980824571816605e+00,2.150476973174573647e+00
7.479999999999999716e+01,1.599854807988245484e-03,3.897980824571816605e+00,2.156476973174573430e+00
7.481999999999999318e+01,1.599854807988245484e-03,3.897980824571816605e+00,2.162476973174573214e+00
7.484000000000000341e+01,1.599854807988245484e-03,3.897980824571816605e+00,2.168476973174572997e+00
7.485999999999999943e+01,1.599854807988245484e-03,3.897980824571816605e+00,2.174476973174572780e+00
7.487999999999999545e+01,1.599854807988245484e-03,3.897980824571816605e+00,2.180476973174572564e+00
7.490000000000000568e+01,1.599854807988245484e-03,3.897980824571816605e+00,2.186476973174572347e+00
7.492000000000000171e+01,1.599854807988245484e-03,3.897980824571816605e+00,2.192476973174572130e+00
7.493999999999999773e+01,1.599854807988245484e-03,3.897980824571816605e+00,2.198476973174571913e+00
7.495999999999999375e+01,1.599854807988245484e-03,3.897980824571816605e+00,2.204476973174571697e+00
7.498000000000000398e+01,1.599854807988245484e-03,3.897980824571816605e+00,2.210476973174571480e+00
7.500000000000000000e+01,1.599854807988245484e-03,3.897980824571816605e+00,2.216476973174571263e+00
7.501999999999999602e+01,1.599854807988245484e-03,3.897980824571816605e+00,2.222476973174571047e+00
7.504000000000000625e+01,1.599854807988245484e-03,3.897980824571816605e+00,2.228476973174570830e+00
7.506000000000000227e+01,1.599854807988245484e-03,3.897980824571816605e+00,2.234476973174570613e+00
7.507999999999999829e+01,1.599854807988245484e-03,3.897980824571816605e+00,2.240476973174570396e+00
7.509999999999999432e+01,1.599854807988245484e-03,3.897980824571816605e+00,2.246476973174570180e+00
7.512000000000000455e+01,1.599854807988245484e-03,3.897980824571816605e+00,2.252476973174569963e+00
7.514000000000000057e+01,1.599854807988245484e-03,3.897980824571816605e+00,2.258476973174569746e+00
7.515999999999999659e+01,1.599854807988245484e-03,3.897980824571816605e+00,2.264476973174569530e+00
7.518000000000000682e+01,1.599854807988245484e-03,3.897980824571816605e+00,2.270476973174569313e+00
7.520000000000000284e+01,1.599854807988245484e-03,3.897980824571816605e+00,2.276476973174569096e+00
7.521999999999999886e+01,1.599854807988245484e-03,3.897980824571816605e+00,2.282476973174568879e+00
7.523999999999999488e+01,1.599854807988245484e-03,3.897980824571816605e+00,2.288476973174568663e+00
7.526000000000000512e+01,1.599854807988245484e-03,3.897980824571816605e+00,2.294476973174568446e+00
7.528000000000000114e+01,1.599854807988245484e-03,3.897980824571816605e+00,2.300476973174568229e+00
7.529999999999999716e+01,1.599854807988245484e-03,3.897980824571816605e+00,2.306476973174568013e+00
7.531999999999999318e+01,1.599854807988245484e-03,3.897980824571816605e+00,2.312476973174567796e+00
7.534000000000000341e+01,1.599854807988245484e-03,3.897980824571816605e+00,2.318476973174567579e+00
7.535999999999999943e+01,1.599854807988245484e-03,3.897980824571816605e+00,2.324476973174567362e+00
7.537999999999999545e+01,1.599854807988245484e-03,3.897980824571816605e+00,2.330476973174567146e+00
7.540000000000000568e+01,1.599854807988245484e-03,3.897980824571816605e+00,2.336476973174566929e+00
7.542000000000000171e+01,1.599854807988245484e-03,3.897980824571816605e+00,2.342476973174566712e+00
7.543999999999999773e+01,1.599854807988245484e-03,3.897980824571816605e+00,2.348476973174566496e+00
7.545999999999999375e+01,1.599854807988245484e-03,3.897980824571816605e+00,2.354476973174566279e+00
7.548000000000000398e+01,1.599854807988245484e-03,3.897980824571816605e+00,2.360476973174566062e+00
7.550000000000000000e+01,1.599854807988245484e-03,3.897980824571816605e+00,2.366476973174565845e+00
7.551999999999999602e+01,1.599854807988245484e-03,3.897980824571816605e+00,2.372476973174565629e+00
7.554000000000000625e+01,1.599854807988245484e-03,3.897980824571816605e+00,2.378476973174565412e+00
7.556000000000000227e+01,1.599854807988245484e-03,3.897980824571816605e+00,2.384476973174565195e+00
7.557999999999999829e+01,1.599854807988245484e-03,3.897980824571816605e+00,2.390476973174564979e+00
7.559999999999999432e+01,1.599854807988245484e-03,3.897980824571816605e+00,2.396476973174564762e+00
7.562000000000000455e+01,1.599854807988245484e-03,3.897980824571816605e+00,2.402476973174564545e+00
7.564000000000000057e+01,1.599854807988245484e-03,3.897980824571816605e+00,2.408476973174564328e+00
7.565999999999999659e+01,1.599854807988245484e-03,3.897980824571816605e+00,2.414476973174564112e+00
7.568000000000000682e+01,1.599854807988245484e-03,3.897980824571816605e+00,2.420476973174563895e+00
7.570000000000000284e+01,1.599854807988245484e-03,3.897980824571816605e+00,2.426476973174563678e+00
7.571999999999999886e+01,1.599854807988245484e-03,3.897980824571816605e+00,2.432476973174563462e+00
7.573999999999999488e+01,1.599854807988245484e-03,3.897980824571816605e+00,2.438476973174563245e+00
7.576000000000000512e+01,1.599854807988245484e-03,3.897980824571816605e+00,2.444476973174563028e+00
7.578000000000000114e+01,1.599854807988245484e-03,3.897980824571816605e+00,2.450476973174562811e+00
7.579999999999999716e+01,1.599854807988245484e-03,3.897980824571816605e+00,2.456476973174562595e+00
7.581999999999999318e+01,1.599854807988245484e-03,3.897980824571816605e+00,2.462476973174562378e+00
7.584000000000000341e+01,1.599854807988245484e-03,3.897980824571816605e+00,2.468476973174562161e+00
7.585999999999999943e+01,1.599854807988245484e-03,3.897980824571816605e+00,2.474476973174561945e+00
7.587999999999999545e+01,1.599854807988245484e-03,3.897980824571816605e+00,2.480476973174561728e+00
7.590000000000000568e+01,1.599854807988245484e-03,3.897980824571816605e+00,2.486476973174561511e+00
7.592000000000000171e+01,1.599854807988245484e-03,3.897980824571816605e+00,2.492476973174561294e+00
7.593999999999999773e+01,1.599854807988245484e-03,3.897980824571816605e+00,2.498476973174561078e+00
7.595999999999999375e+01,1.599854807988245484e-03,3.897980824571816605e+00,2.504476973174560861e+00
7.598000000000000398e+01,1.599854807988245484e-03,3.897980824571816605e+00,2.510476973174560644e+00
7.600000000000000000e+01,1.599854807988245484e-03,3.897980824571816605e+00,2.516476973174560428e+00
7.601999999999999602e+01,1.599854807988245484e-03,3.897980824571816605e+00,2.522476973174560211e+00
7.604000000000000625e+01,1.599854807988245484e-03,3.897980824571816605e+00,2.528476973174559994e+00
7.606000000000000227e+01,1.599854807988245484e-03,3.897980824571816605e+00,2.534476973174559777e+00
7.607999999999999829e+01,1.599854807988245484e-03,3.897980824571816605e+00,2.540476973174559561e+00
7.609999999999999432e+01,1.599854807988245484e-03,3.897980824571816605e+00,2.546476973174559344e+00
7.612000000000000455e+01,1.599854807988245484e-03,3.897980824571816605e+00,2.552476973174559127e+00
7.614000000000000057e+01,1.599854807988245484e-03,3.897980824571816605e+00,2.558476973174558911e+00
7.615999999999999659e+01,1.599854807988245484e-03,3.897980824571816605e+00,2.564476973174558694e+00
7.618000000000000682e+01,1.599854807988245484e-03,3.897980824571816605e+00,2.570476973174558477e+00
7.620000000000000284e+01,1.599854807988245484e-03,3.897980824571816605e+00,2.576476973174558260e+00
7.621999999999999886e+01,1.599854807988245484e-03,3.897980824571816605e+00,2.582476973174558044e+00
7.623999999999999488e+01,1.599854807988245484e-03,3.897980824571816605e+00,2.588476973174557827e+00
7.626000000000000512e+01,1.599854807988245484e-03,3.897980824571816605e+00,2.594476973174557610e+00
7.628000000000000114e+01,1.599854807988245484e-03,3.897980824571816605e+00,2.600476973174557394e+00
7.629999999999999716e+01,1.599854807988245484e-03,3.897980824571816605e+00,2.606476973174557177e+00
7.631999999999999318e+01,1.599854807988245484e-03,3.897980824571816605e+00,2.612476973174556960e+00
7.634000000000000341e+01,1.599854807988245484e-03,3.897980824571816605e+00,2.618476973174556743e+00
7.635999999999999943e+01,1.599854807988245484e-03,3.897980824571816605e+00,2.624476973174556527e+00
7.637999999999999545e+01,1.599854807988245484e-03,3.897980824571816605e+00,2.630476973174556310e+00
7.640000000000000568e+01,1.599854807988245484e-03,3.897980824571816605e+00,2.636476973174556093e+00
7.642000000000000171e+01,1.599854807988245484e-03,3.897980824571816605e+00,2.642476973174555877e+00
7.643999999999999773e+01,1.599854807988245484e-03,3.897980824571816605e+00,2.648476973174555660e+00
7.645999999999999375e+01,1.599854807988245484e-03,3.897980824571816605e+00,2.654476973174555443e+00
7.648000000000000398e+01,1.599854807988245484e-03,3.897980824571816605e+00,2.660476973174555226e+00
7.650000000000000000e+01,1.599854807988245484e-03,3.897980824571816605e+00,2.666476973174555010e+00
7.651999999999999602e+01,1.599854807988245484e-03,3.897980824571816605e+00,2.672476973174554793e+00
7.654000000000000625e+01,1.599854807988245484e-03,3.897980824571816605e+00,2.678476973174554576e+00
7.656000000000000227e+01,1.599854807988245484e-03,3.897980824571816605e+00,2.684476973174554360e+00
7.657999999999999829e+01,1.599854807988245484e-03,3.897980824571816605e+00,2.690476973174554143e+00
7.659999999999999432e+01,1.599854807988245484e-03,3.897980824571816605e+00,2.696476973174553926e+00
7.662000000000000455e+01,1.599854807988245484e-03,3.897980824571816605e+00,2.702476973174553709e+00
7.664000000000000057e+01,1.599854807988245484e-03,3.897980824571816605e+00,2.708476973174553493e+00
7.665999999999999659e+01,1.599854807988245484e-03,3.897980824571816605e+00,2.714476973174553276e+00
7.668000000000000682e+01,1.599854807988245484e-03,3.897980824571816605e+00,2.720476973174553059e+00
7.670000000000000284e+01,1.599854807988245484e-03,3.897980824571816605e+00,2.726476973174552842e+00
7.671999999999999886e+01,1.599854807988245484e-03,3.897980824571816605e+00,2.732476973174552626e+00
7.673999999999999488e+01,1.599854807988245484e-03,3.897980824571816605e+00,2.738476973174552409e+00
7.676000000000000512e+01,1.599854807988245484e-03,3.897980824571816605e+00,2.744476973174552192e+00
7.678000000000000114e+01,1.599854807988245484e-03,3.897980824571816605e+00,2.750476973174551976e+00
7.679999999999999716e+01,1.599854807988245484e-03,3.897980824571816605e+00,2.756476973174551759e+00
7.681999999999999318e+01,1.599854807988245484e-03,3.897980824571816605e+00,2.762476973174551542e+00
7.684000000000000341e+01,1.599854807988245484e-03,3.897980824571816605e+00,2.768476973174551325e+00
7.685999999999999943e+01,1.599854807988245484e-03,3.897980824571816605e+00,2.774476973174551109e+00
7.687999999999999545e+01,1.599854807988245484e-03,3.897980824571816605e+00,2.780476973174550892e+00
7.690000000000000568e+01,1.599854807988245484e-03,3.897980824571816605e+00,2.786476973174550675e+00
7.692000000000000171e+01,1.599854807988245484e-03,3.897980824571816605e+00,2.792476973174550459e+00
7.693999999999999773e+01,1.599854807988245484e-03,3.897980824571816605e+00,2.798476973174550242e+00
7.695999999999999375e+01,1.599854807988245484e-03,3.897980824571816605e+00,2.804476973174550025e+00
7.698000000000000398e+01,1.599854807988245484e-03,3.897980824571816605e+00,2.810476973174549808e+00
7.700000000000000000e+01,1.599854807988245484e-03,3.897980824571816605e+00,2.816476973174549592e+00
7.701999999999999602e+01,1.599854807988245484e-03,3.897980824571816605e+00,2.822476973174549375e+00
7.704000000000000625e+01,1.599854807988245484e-03,3.897980824571816605e+00,2.828476973174549158e+00
7.706000000000000227e+01,1.599854807988245484e-03,3.897980824571816605e+00,2.834476973174548942e+00
7.707999999999999829e+01,1.599854807988245484e-03,3.897980824571816605e+00,2.840476973174548725e+00
7.709999999999999432e+01,1.599854807988245484e-03,3.897980824571816605e+00,2.846476973174548508e+00
7.712000000000000455e+01,1.599854807988245484e-03,3.897980824571816605e+00,2.852476973174548291e+00
7.714000000000000057e+01,1.599854807988245484e-03,3.897980824571816605e+00,2.858476973174548075e+00
7.715999999999999659e+01,1.599854807988245484e-03,3.897980824571816605e+00,2.864476973174547858e+00
7.718000000000000682e+01,1.599854807988245484e-03,3.897980824571816605e+00,2.870476973174547641e+00
7.720000000000000284e+01,1.599854807988245484e-03,3.897980824571816605e+00,2.876476973174547425e+00
7.721999999999999886e+01,1.599854807988245484e-03,3.897980824571816605e+00,2.882476973174547208e+00
7.723999999999999488e+01,1.599854807988245484e-03,3.897980824571816605e+00,2.888476973174546991e+00
7.726000000000000512e+01,1.599854807988245484e-03,3.897980824571816605e+00,2.894476973174546774e+00
7.728000000000000114e+01,1.599854807988245484e-03,3.897980824571816605e+00,2.900476973174546558e+00
7.729999999999999716e+01,1.599854807988245484e-03,3.897980824571816605e+00,2.906476973174546341e+00
7.731999999999999318e+01,1.599854807988245484e-03,3.897980824571816605e+00,2.912476973174546124e+00
7.734000000000000341e+01,1.599854807988245484e-03,3.897980824571816605e+00,2.918476973174545908e+00
7.735999999999999943e+01,1.599854807988245484e-03,3.897980824571816605e+00,2.924476973174545691e+00
7.737999999999999545e+01,1.599854807988245484e-03,3.897980824571816605e+00,2.930476973174545474e+00
7.740000000000000568e+01,1.599854807988245484e-03,3.897980824571816605e+00,2.936476973174545257e+00
7.742000000000000171e+01,1.599854807988245484e-03,3.897980824571816605e+00,2.942476973174545041e+00
7.743999999999999773e+01,1.599854807988245484e-03,3.897980824571816605e+00,2.948476973174544824e+00
7.745999999999999375e+01,1.599854807988245484e-03,3.897980824571816605e+00,2.954476973174544607e+00
7.748000000000000398e+01,1.599854807988245484e-03,3.897980824571816605e+00,2.960476973174544391e+00
7.750000000000000000e+01,1.599854807988245484e-03,3.897980824571816605e+00,2.966476973174544174e+00
7.751999999999999602e+01,1.599854807988245484e-03,3.897980824571816605e+00,2.972476973174543957e+00
7.754000000000000625e+01,1.599854807988245484e-03,3.897980824571816605e+00,2.978476973174543740e+00
7.756000000000000227e+01,1.599854807988245484e-03,3.897980824571816605e+00,2.984476973174543524e+00
7.757999999999999829e+01,1.599854807988245484e-03,3.897980824571816605e+00,2.990476973174543307e+00
7.759999999999999432e+01,1.599854807988245484e-03,3.897980824571816605e+00,2.996476973174543090e+00
7.762000000000000455e+01,1.599854807988245484e-03,3.897980824571816605e+00,3.002476973174542874e+00
7.764000000000000057e+01,1.599854807988245484e-03,3.897980824571816605e+00,3.008476973174542657e+00
7.765999999999999659e+01,1.599854807988245484e-03,3.897980824571816605e+00,3.014476973174542440e+00
7.768000000000000682e+01,1.599854807988245484e-03,3.897980824571816605e+00,3.020476973174542223e+00
7.770000000000000284e+01,1.599854807988245484e-03,3.897980824571816605e+00,3.026476973174542007e+00
7.771999999999999886e+01,1.599854807988245484e-03,3.897980824571816605e+00,3.032476973174541790e+00
7.773999999999999488e+01,1.599854807988245484e-03,3.897980824571816605e+00,3.038476973174541573e+00
7.776000000000000512e+01,1.599854807988245484e-03,3.897980824571816605e+00,3.044476973174541357e+00
7.778000000000000114e+01,1.599854807988245484e-03,3.897980824571816605e+00,3.050476973174541140e+00
7.779999999999999716e+01,1.599854807988245484e-03,3.897980824571816605e+00,3.056476973174540923e+00
7.781999999999999318e+01,1.599854807988245484e-03,3.897980824571816605e+00,3.062476973174540706e+00
7.784000000000000341e+01,1.599854807988245484e-03,3.897980824571816605e+00,3.068476973174540490e+00
7.785999999999999943e+01,1.599854807988245484e-03,3.897980824571816605e+00,3.074476973174540273e+00
7.787999999999999545e+01,1.599854807988245484e-03,3.897980824571816605e+00,3.080476973174540056e+00
7.790000000000000568e+01,1.599854807988245484e-03,3.897980824571816605e+00,3.086476973174539840e+00
7.792000000000000171e+01,1.599854807988245484e-03,3.897980824571816605e+00,3.092476973174539623e+00
7.793999999999999773e+01,1.599854807988245484e-03,3.897980824571816605e+00,3.098476973174539406e+00
7.795999999999999375e+01,1.599854807988245484e-03,3.897980824571816605e+00,3.104476973174539189e+00
7.798000000000000398e+01,1.599854807988245484e-03,3.897980824571816605e+00,3.110476973174538973e+00
7.800000000000000000e+01,1.599854807988245484e-03,3.897980824571816605e+00,3.116476973174538756e+00
7.801999999999999602e+01,1.599854807988245484e-03,3.897980824571816605e+00,3.122476973174538539e+00
7.804000000000000625e+01,1.599854807988245484e-03,3.897980824571816605e+00,3.128476973174538323e+00
7.806000000000000227e+01,1.599854807988245484e-03,3.897980824571816605e+00,3.134476973174538106e+00
7.807999999999999829e+01,1.599854807988245484e-03,3.897980824571816605e+00,3.140476973174537889e+00
7.809999999999999432e+01,1.599854807988245484e-03,3.897980824571816605e+00,-3.136708334005049004e+00
7.812000000000000455e+01,1.599854807988245484e-03,3.897980824571816605e+00,-3.130708334005049220e+00
7.814000000000000057e+01,1.599854807988245484e-03,3.897980824571816605e+00,-3.124708334005049437e+00
7.815999999999999659e+01,1.599854807988245484e-03,3.897980824571816605e+00,-3.118708334005049654e+00
7.818000000000000682e+01,1.599854807988245484e-03,3.897980824571816605e+00,-3.112708334005049871e+00
7.820000000000000284e+01,1.599854807988245484e-03,3.897980824571816605e+00,-3.106708334005050087e+00
7.821999999999999886e+01,1.599854807988245484e-03,3.897980824571816605e+00,-3.100708334005050304e+00
7.823999999999999488e+01,1.599854807988245484e-03,3.897980824571816605e+00,-3.094708334005050521e+00
7.826000000000000512e+01,1.599854807988245484e-03,3.897980824571816605e+00,-3.088708334005050737e+00
7.828000000000000114e+01,1.599854807988245484e-03,3.897980824571816605e+00,-3.082708334005050954e+00
7.829999999999999716e+01,1.599854807988245484e-03,3.897980824571816605e+00,-3.076708334005051171e+00
7.831999999999999318e+01,1.599854807988245484e-03,3.897980824571816605e+00,-3.070708334005051388e+00
7.834000000000000341e+01,1.599854807988245484e-03,3.897980824571816605e+00,-3.064708334005051604e+00
7.835999999999999943e+01,1.599854807988245484e-03,3.897980824571816605e+00,-3.058708334005051821e+00
7.837999999999999545e+01,1.599854807988245484e-03,3.897980824571816605e+00,-3.052708334005052038e+00
7.840000000000000568e+01,1.599854807988245484e-03,3.897980824571816605e+00,-3.046708334005052254e+00
7.842000000000000171e+01,1.599854807988245484e-03,3.897980824571816605e+00,-3.040708334005052471e+00
7.843999999999999773e+01,1.599854807988245484e-03,3.897980824571816605e+00,-3.034708334005052688e+00
7.845999999999999375e+01,1.599854807988245484e-03,3.897980824571816605e+00,-3.028708334005052905e+00
7.848000000000000398e+01,1.599854807988245484e-03,3.897980824571816605e+00,-3.022708334005053121e+00
7.850000000000000000e+01,1.599854807988245484e-03,3.897980824571816605e+00,-3.016708334005053338e+00
7.851999999999999602e+01,1.599854807988245484e-03,3.897980824571816605e+00,-3.010708334005053555e+00
7.854000000000000625e+01,1.599854807988245484e-03,3.897980824571816605e+00,-3.004708334005053771e+00
7.856000000000000227e+01,1.599854807988245484e-03,3.897980824571816605e+00,-2.998708334005053988e+00
7.857999999999999829e+01,1.599854807988245484e-03,3.897980824571816605e+00,-2.992708334005054205e+00
7.859999999999999432e+01,1.599854807988245484e-03,3.897980824571816605e+00,-2.986708334005054422e+00
7.862000000000000455e+01,1.599854807988245484e-03,3.897980824571816605e+00,-2.980708334005054638e+00
7.864000000000000057e+01,1.599854807988245484e-03,3.897980824571816605e+00,-2.974708334005054855e+00
7.865999999999999659e+01,1.599854807988245484e-03,3.897980824571816605e+00,-2.968708334005055072e+00
7.868000000000000682e+01,1.599854807988245484e-03,3.897980824571816605e+00,-2.962708334005055288e+00
7.870000000000000284e+01,1.599854807988245484e-03,3.897980824571816605e+00,-2.956708334005055505e+00
7.871999999999999886e+01,1.599854807988245484e-03,3.897980824571816605e+00,-2.950708334005055722e+00
7.873999999999999488e+01,1.599854807988245484e-03,3.897980824571816605e+00,-2.944708334005055939e+00
7.876000000000000512e+01,1.599854807988245484e-03,3.897980824571816605e+00,-2.938708334005056155e+00
7.878000000000000114e+01,1.599854807988245484e-03,3.897980824571816605e+00,-2.932708334005056372e+00
7.879999999999999716e+01,1.599854807988245484e-03,3.897980824571816605e+00,-2.926708334005056589e+00
7.881999999999999318e+01,1.599854807988245484e-03,3.897980824571816605e+00,-2.920708334005056805e+00
7.884000000000000341e+01,1.599854807988245484e-03,3.897980824571816605e+00,-2.914708334005057022e+00
7.885999999999999943e+01,1.599854807988245484e-03,3.897980824571816605e+00,-2.908708334005057239e+00
7.887999999999999545e+01,1.599854807988245484e-03,3.897980824571816605e+00,-2.902708334005057456e+00
7.890000000000000568e+01,1.599854807988245484e-03,3.897980824571816605e+00,-2.896708334005057672e+00
7.892000000000000171e+01,1.599854807988245484e-03,3.897980824571816605e+00,-2.890708334005057889e+00
7.893999999999999773e+01,1.599854807988245484e-03,3.897980824571816605e+00,-2.884708334005058106e+00
7.895999999999999375e+01,1.599854807988245484e-03,3.897980824571816605e+00,-2.878708334005058322e+00
7.898000000000000398e+01,1.599854807988245484e-03,3.897980824571816605e+00,-2.872708334005058539e+00
7.900000000000000000e+01,1.599854807988245484e-03,3.897980824571816605e+00,-2.866708334005058756e+00
7.901999999999999602e+01,1.599854807988245484e-03,3.897980824571816605e+00,-2.860708334005058973e+00
7.904000000000000625e+01,1.599854807988245484e-03,3.897980824571816605e+00,-2.854708334005059189e+00
7.906000000000000227e+01,1.599854807988245484e-03,3.897980824571816605e+00,-2.848708334005059406e+00
7.907999999999999829e+01,1.599854807988245484e-03,3.897980824571816605e+00,-2.842708334005059623e+00
7.909999999999999432e+01,1.599854807988245484e-03,3.897980824571816605e+00,-2.836708334005059839e+00
7.912000000000000455e+01,1.599854807988245484e-03,3.897980824571816605e+00,-2.830708334005060056e+00
7.914000000000000057e+01,1.599854807988245484e-03,3.897980824571816605e+00,-2.824708334005060273e+00
7.915999999999999659e+01,1.599854807988245484e-03,3.897980824571816605e+00,-2.818708334005060490e+00
7.918000000000000682e+01,1.599854807988245484e-03,3.897980824571816605e+00,-2.812708334005060706e+00
7.920000000000000284e+01,1.599854807988245484e-03,3.897980824571816605e+00,-2.806708334005060923e+00
7.921999999999999886e+01,1.599854807988245484e-03,3.897980824571816605e+00,-2.800708334005061140e+00
7.923999999999999488e+01,1.599854807988245484e-03,3.897980824571816605e+00,-2.794708334005061356e+00
7.926000000000000512e+01,1.599854807988245484e-03,3.897980824571816605e+00,-2.788708334005061573e+00
7.928000000000000114e+01,1.599854807988245484e-03,3.897980824571816605e+00,-2.782708334005061790e+00
7.929999999999999716e+01,1.599854807988245484e-03,3.897980824571816605e+00,-2.776708334005062007e+00
7.931999999999999318e+01,1.599854807988245484e-03,3.897980824571816605e+00,-2.770708334005062223e+00
7.934000000000000341e+01,1.599854807988245484e-03,3.897980824571816605e+00,-2.764708334005062440e+00
7.935999999999999943e+01,1.599854807988245484e-03,3.897980824571816605e+00,-2.758708334005062657e+00
7.937999999999999545e+01,1.599854807988245484e-03,3.897980824571816605e+00,-2.752708334005062873e+00
7.940000000000000568e+01,1.599854807988245484e-03,3.897980824571816605e+00,-2.746708334005063090e+00
7.942000000000000171e+01,1.599854807988245484e-03,3.897980824571816605e+00,-2.740708334005063307e+00
7.943999999999999773e+01,1.599854807988245484e-03,3.897980824571816605e+00,-2.734708334005063524e+00
7.945999999999999375e+01,1.599854807988245484e-03,3.897980824571816605e+00,-2.728708334005063740e+00
7.948000000000000398e+01,1.599854807988245484e-03,3.897980824571816605e+00,-2.722708334005063957e+00
7.950000000000000000e+01,1.599854807988245484e-03,3.897980824571816605e+00,-2.716708334005064174e+00
7.951999999999999602e+01,1.599854807988245484e-03,3.897980824571816605e+00,-2.710708334005064390e+00
7.954000000000000625e+01,1.599854807988245484e-03,3.897980824571816605e+00,-2.704708334005064607e+00
7.956000000000000227e+01,1.599854807988245484e-03,3.897980824571816605e+00,-2.698708334005064824e+00
7.957999999999999829e+01,1.599854807988245484e-03,3.897980824571816605e+00,-2.692708334005065041e+00
7.959999999999999432e+01,1.599854807988245484e-03,3.897980824571816605e+00,-2.686708334005065257e+00
7.962000000000000455e+01,1.599854807988245484e-03,3.897980824571816605e+00,-2.680708334005065474e+00
7.964000000000000057e+01,1.599854807988245484e-03,3.897980824571816605e+00,-2.674708334005065691e+00
7.965999999999999659e+01,1.599854807988245484e-03,3.897980824571816605e+00,-2.668708334005065907e+00
7.968000000000000682e+01,1.599854807988245484e-03,3.897980824571816605e+00,-2.662708334005066124e+00
7.970000000000000284e+01,1.599854807988245484e-03,3.897980824571816605e+00,-2.656708334005066341e+00
7.971999999999999886e+01,1.599854807988245484e-03,3.897980824571816605e+00,-2.650708334005066558e+00
7.973999999999999488e+01,1.599854807988245484e-03,3.897980824571816605e+00,-2.644708334005066774e+00
7.976000000000000512e+01,1.599854807988245484e-03,3.897980824571816605e+00,-2.638708334005066991e+00
7.978000000000000114e+01,1.599854807988245484e-03,3.897980824571816605e+00,-2.632708334005067208e+00
7.979999999999999716e+01,1.599854807988245484e-03,3.897980824571816605e+00,-2.626708334005067424e+00
7.981999999999999318e+01,1.599854807988245484e-03,3.897980824571816605e+00,-2.620708334005067641e+00
7.984000000000000341e+01,1.599854807988245484e-03,3.897980824571816605e+00,-2.614708334005067858e+00
7.985999999999999943e+01,1.599854807988245484e-03,3.897980824571816605e+00,-2.608708334005068075e+00
7.987999999999999545e+01,1.599854807988245484e-03,3.897980824571816605e+00,-2.602708334005068291e+00
7.990000000000000568e+01,1.599854807988245484e-03,3.897980824571816605e+00,-2.596708334005068508e+00
7.992000000000000171e+01,1.599854807988245484e-03,3.897980824571816605e+00,-2.590708334005068725e+00
7.993999999999999773e+01,1.599854807988245484e-03,3.897980824571816605e+00,-2.584708334005068942e+00
7.995999999999999375e+01,1.599854807988245484e-03,3.897980824571816605e+00,-2.578708334005069158e+00
7.998000000000000398e+01,1.599854807988245484e-03,3.897980824571816605e+00,-2.572708334005069375e+00
8.000000000000000000e+01,1.599854807988245484e-03,3.897980824571816605e+00,-2.566708334005069592e+00
8.001999999999999602e+01,1.599854807988245484e-03,3.897980824571816605e+00,-2.560708334005069808e+00
8.004000000000000625e+01,1.599854807988245484e-03,3.897980824571816605e+00,-2.554708334005070025e+00
8.006000000000000227e+01,1.599854807988245484e-03,3.897980824571816605e+00,-2.548708334005070242e+00
8.007999999999999829e+01,1.599854807988245484e-03,3.897980824571816605e+00,-2.542708334005070459e+00
8.009999999999999432e+01,1.599854807988245484e-03,3.897980824571816605e+00,-2.536708334005070675e+00
8.012000000000000455e+01,1.599854807988245484e-03,3.897980824571816605e+00,-2.530708334005070892e+00
8.014000000000000057e+01,1.599854807988245484e-03,3.897980824571816605e+00,-2.524708334005071109e+00
8.015999999999999659e+01,1.599854807988245484e-03,3.897980824571816605e+00,-2.518708334005071325e+00
8.018000000000000682e+01,1.599854807988245484e-03,3.897980824571816605e+00,-2.512708334005071542e+00
8.020000000000000284e+01,1.599854807988245484e-03,3.897980824571816605e+00,-2.506708334005071759e+00
8.021999999999999886e+01,1.599854807988245484e-03,3.897980824571816605e+00,-2.500708334005071976e+00
8.023999999999999488e+01,1.599854807988245484e-03,3.897980824571816605e+00,-2.494708334005072192e+00
8.026000000000000512e+01,1.599854807988245484e-03,3.897980824571816605e+00,-2.488708334005072409e+00
8.028000000000000114e+01,1.599854807988245484e-03,3.897980824571816605e+00,-2.482708334005072626e+00
8.029999999999999716e+01,1.599854807988245484e-03,3.897980824571816605e+00,-2.476708334005072842e+00
8.031999999999999318e+01,1.599854807988245484e-03,3.897980824571816605e+00,-2.470708334005073059e+00
8.034000000000000341e+01,1.599854807988245484e-03,3.897980824571816605e+00,-2.464708334005073276e+00
8.035999999999999943e+01,1.599854807988245484e-03,3.897980824571816605e+00,-2.458708334005073493e+00
8.037999999999999545e+01,1.599854807988245484e-03,3.897980824571816605e+00,-2.452708334005073709e+00
8.040000000000000568e+01,1.599854807988245484e-03,3.897980824571816605e+00,-2.446708334005073926e+00
8.042000000000000171e+01,1.599854807988245484e-03,3.897980824571816605e+00,-2.440708334005074143e+00
8.043999999999999773e+01,1.599854807988245484e-03,3.897980824571816605e+00,-2.434708334005074359e+00
8.045999999999999375e+01,1.599854807988245484e-03,3.897980824571816605e+00,-2.428708334005074576e+00
8.048000000000000398e+01,1.599854807988245484e-03,3.897980824571816605e+00,-2.422708334005074793e+00
8.050000000000000000e+01,1.599854807988245484e-03,3.897980824571816605e+00,-2.416708334005075010e+00
8.051999999999999602e+01,1.599854807988245484e-03,3.897980824571816605e+00,-2.410708334005075226e+00
8.054000000000000625e+01,1.599854807988245484e-03,3.897980824571816605e+00,-2.404708334005075443e+00
8.056000000000000227e+01,1.599854807988245484e-03,3.897980824571816605e+00,-2.398708334005075660e+00
8.057999999999999829e+01,1.599854807988245484e-03,3.897980824571816605e+00,-2.392708334005075876e+00
8.059999999999999432e+01,1.599854807988245484e-03,3.897980824571816605e+00,-2.386708334005076093e+00
8.062000000000000455e+01,1.599854807988245484e-03,3.897980824571816605e+00,-2.380708334005076310e+00
8.064000000000000057e+01,1.599854807988245484e-03,3.897980824571816605e+00,-2.374708334005076527e+00
8.065999999999999659e+01,1.599854807988245484e-03,3.897980824571816605e+00,-2.368708334005076743e+00
8.068000000000000682e+01,1.599854807988245484e-03,3.897980824571816605e+00,-2.362708334005076960e+00
8.070000000000000284e+01,1.599854807988245484e-03,3.897980824571816605e+00,-2.356708334005077177e+00
8.071999999999999886e+01,1.599854807988245484e-03,3.897980824571816605e+00,-2.350708334005077393e+00
8.073999999999999488e+01,1.599854807988245484e-03,3.897980824571816605e+00,-2.344708334005077610e+00
8.076000000000000512e+01,1.599854807988245484e-03,3.897980824571816605e+00,-2.338708334005077827e+00
8.078000000000000114e+01,1.599854807988245484e-03,3.897980824571816605e+00,-2.332708334005078044e+00
8.079999999999999716e+01,1.599854807988245484e-03,3.897980824571816605e+00,-2.326708334005078704e+00
8.081999999999999318e+01,1.599854807988245484e-03,3.897980824571816605e+00,-2.320708334005078477e+00
8.084000000000000341e+01,1.599854807988245484e-03,3.897980824571816605e+00,-2.314708334005078694e+00
8.085999999999999943e+01,1.599854807988245484e-03,3.897980824571816605e+00,-2.308708334005078910e+00
8.087999999999999545e+01,1.599854807988245484e-03,3.897980824571816605e+00,-2.302708334005079127e+00
8.090000000000000568e+01,1.599854807988245484e-03,3.897980824571816605e+00,-2.296708334005079344e+00
8.092000000000000171e+01,1.599854807988245484e-03,3.897980824571816605e+00,-2.290708334005079561e+00
8.093999999999999773e+01,1.599854807988245484e-03,3.897980824571816605e+00,-2.284708334005079777e+00
8.095999999999999375e+01,1.599854807988245484e-03,3.897980824571816605e+00,-2.278708334005079994e+00
8.098000000000000398e+01,1.599854807988245484e-03,3.897980824571816605e+00,-2.272708334005080211e+00
8.100000000000000000e+01,1.599854807988245484e-03,3.897980824571816605e+00,-2.266708334005080427e+00
8.101999999999999602e+01,1.599854807988245484e-03,3.897980824571816605e+00,-2.260708334005080644e+00
8.104000000000000625e+01,1.599854807988245484e-03,3.897980824571816605e+00,-2.254708334005080861e+00
8.106000000000000227e+01,1.599854807988245484e-03,3.897980824571816605e+00,-2.248708334005081078e+00
8.107999999999999829e+01,1.599854807988245484e-03,3.897980824571816605e+00,-2.242708334005081294e+00
8.109999999999999432e+01,1.599854807988245484e-03,3.897980824571816605e+00,-2.236708334005081511e+00
8.112000000000000455e+01,1.599854807988245484e-03,3.897980824571816605e+00,-2.230708334005081728e+00
8.114000000000000057e+01,1.599854807988245484e-03,3.897980824571816605e+00,-2.224708334005081944e+00
8.115999999999999659e+01,1.599854807988245484e-03,3.897980824571816605e+00,-2.218708334005082161e+00
8.118000000000000682e+01,1.599854807988245484e-03,3.897980824571816605e+00,-2.212708334005082378e+00
8.120000000000000284e+01,1.599854807988245484e-03,3.897980824571816605e+00,-2.206708334005082595e+00
8.121999999999999886e+01,1.599854807988245484e-03,3.897980824571816605e+00,-2.200708334005082811e+00
8.123999999999999488e+01,1.599854807988245484e-03,3.897980824571816605e+00,-2.194708334005083028e+00
8.126000000000000512e+01,1.599854807988245484e-03,3.897980824571816605e+00,-2.188708334005083245e+00
8.128000000000000114e+01,1.599854807988245484e-03,3.897980824571816605e+00,-2.182708334005083461e+00
8.129999999999999716e+01,1.599854807988245484e-03,3.897980824571816605e+00,-2.176708334005083678e+00
8.131999999999999318e+01,1.599854807988245484e-03,3.897980824571816605e+00,-2.170708334005083895e+00
8.134000000000000341e+01,1.599854807988245484e-03,3.897980824571816605e+00,-2.164708334005084112e+00
8.135999999999999943e+01,1.599854807988245484e-03,3.897980824571816605e+00,-2.158708334005084328e+00
8.137999999999999545e+01,1.599854807988245484e-03,3.897980824571816605e+00,-2.152708334005084545e+00
8.140000000000000568e+01,1.599854807988245484e-03,3.897980824571816605e+00,-2.146708334005084762e+00
8.142000000000000171e+01,1.599854807988245484e-03,3.897980824571816605e+00,-2.140708334005084978e+00
8.143999999999999773e+01,1.599854807988245484e-03,3.897980824571816605e+00,-2.134708334005085195e+00
8.145999999999999375e+01,1.599854807988245484e-03,3.897980824571816605e+00,-2.128708334005085412e+00
8.148000000000000398e+01,1.599854807988245484e-03,3.897980824571816605e+00,-2.122708334005085629e+00
8.150000000000000000e+01,1.599854807988245484e-03,3.897980824571816605e+00,-2.116708334005085845e+00
8.151999999999999602e+01,1.599854807988245484e-03,3.897980824571816605e+00,-2.110708334005086062e+00
8.154000000000000625e+01,1.599854807988245484e-03,3.897980824571816605e+00,-2.104708334005086279e+00
8.156000000000000227e+01,1.599854807988245484e-03,3.897980824571816605e+00,-2.098708334005086495e+00
8.157999999999999829e+01,1.599854807988245484e-03,3.897980824571816605e+00,-2.092708334005086712e+00
8.159999999999999432e+01,1.599854807988245484e-03,3.897980824571816605e+00,-2.086708334005086929e+00
8.162000000000000455e+01,1.599854807988245484e-03,3.897980824571816605e+00,-2.080708334005087146e+00
8.164000000000000057e+01,1.599854807988245484e-03,3.897980824571816605e+00,-2.074708334005087362e+00
8.165999999999999659e+01,1.599854807988245484e-03,3.897980824571816605e+00,-2.068708334005087579e+00
8.168000000000000682e+01,1.599854807988245484e-03,3.897980824571816605e+00,-2.062708334005087796e+00
8.170000000000000284e+01,1.599854807988245484e-03,3.897980824571816605e+00,-2.056708334005088012e+00
8.171999999999999886e+01,1.599854807988245484e-03,3.897980824571816605e+00,-2.050708334005088229e+00
8.173999999999999488e+01,1.599854807988245484e-03,3.897980824571816605e+00,-2.044708334005088446e+00
8.176000000000000512e+01,1.599854807988245484e-03,3.897980824571816605e+00,-2.038708334005088663e+00
8.178000000000000114e+01,1.599854807988245484e-03,3.897980824571816605e+00,-2.032708334005088879e+00
8.179999999999999716e+01,1.599854807988245484e-03,3.897980824571816605e+00,-2.026708334005089096e+00
8.181999999999999318e+01,1.599854807988245484e-03,3.897980824571816605e+00,-2.020708334005088869e+00
8.184000000000000341e+01,1.599854807988245484e-03,3.897980824571816605e+00,-2.014708334005089529e+00
8.185999999999999943e+01,1.599854807988245484e-03,3.897980824571816605e+00,-2.008708334005089746e+00
8.187999999999999545e+01,1.599854807988245484e-03,3.897980824571816605e+00,-2.002708334005089963e+00
8.190000000000000568e+01,1.599854807988245484e-03,3.897980824571816605e+00,-1.996708334005089958e+00
8.192000000000000171e+01,1.599854807988245484e-03,3.897980824571816605e+00,-1.990708334005089952e+00
8.193999999999999773e+01,1.599854807988245484e-03,3.897980824571816605e+00,-1.984708334005089947e+00
8.195999999999999375e+01,1.599854807988245484e-03,3.897980824571816605e+00,-1.978708334005089942e+00
8.198000000000000398e+01,1.599854807988245484e-03,3.897980824571816605e+00,-1.972708334005090158e+00
8.200000000000000000e+01,1.599854807988245484e-03,3.897980824571816605e+00,-1.966708334005089709e+00
8.201999999999999602e+01,1.599854807988245484e-03,3.897980824571816605e+00,-1.960708334005089926e+00
8.204000000000000625e+01,1.599854807988245484e-03,3.897980824571816605e+00,-1.954708334005089698e+00
8.206000000000000227e+01,1.599854807988245484e-03,3.897980824571816605e+00,-1.948708334005090137e+00
8.207999999999999829e+01,1.599854807988245484e-03,3.897980824571816605e+00,-1.942708334005090132e+00
8.209999999999999432e+01,1.599854807988245484e-03,3.897980824571816605e+00,-1.936708334005089904e+00
8.212000000000000455e+01,1.599854807988245484e-03,3.897980824571816605e+00,-1.930708334005089899e+00
8.214000000000000057e+01,1.599854807988245484e-03,3.897980824571816605e+00,-1.924708334005089894e+00
8.215999999999999659e+01,1.599854807988245484e-03,3.897980824571816605e+00,-1.918708334005089666e+00
8.218000000000000682e+01,1.599854807988245484e-03,3.897980824571816605e+00,-1.912708334005089883e+00
8.220000000000000284e+01,1.599854807988245484e-03,3.897980824571816605e+00,-1.906708334005089878e+00
8.221999999999999886e+01,1.599854807988245484e-03,3.897980824571816605e+00,-1.900708334005089650e+00
8.223999999999999488e+01,1.599854807988245484e-03,3.897980824571816605e+00,-1.894708334005089645e+00
8.226000000000000512e+01,1.599854807988245484e-03,3.897980824571816605e+00,-1.888708334005089640e+00
8.228000000000000114e+01,1.599854807988245484e-03,3.897980824571816605e+00,-1.882708334005089634e+00
8.229999999999999716e+01,1.599854807988245484e-03,3.897980824571816605e+00,-1.876708334005090073e+00
8.231999999999999318e+01,1.599854807988245484e-03,3.897980824571816605e+00,-1.870708334005089846e+00
8.234000000000000341e+01,1.599854807988245484e-03,3.897980824571816605e+00,-1.864708334005089840e+00
8.235999999999999943e+01,1.599854807988245484e-03,3.897980824571816605e+00,-1.858708334005089835e+00
8.237999999999999545e+01,1.599854807988245484e-03,3.897980824571816605e+00,-1.852708334005089830e+00
8.240000000000000568e+01,1.599854807988245484e-03,3.897980824571816605e+00,-1.846708334005089824e+00
8.242000000000000171e+01,1.599854807988245484e-03,3.897980824571816605e+00,-1.840708334005089819e+00
8.243999999999999773e+01,1.599854807988245484e-03,3.897980824571816605e+00,-1.835198302493971312e+00
8.245999999999999375e+01,1.599854807988245484e-03,3.897980824571816605e+00,-1.829688270982852583e+00
8.248000000000000398e+01,1.599854807988245484e-03,3.897980824571816605e+00,-1.824178239471734297e+00
8.250000000000000000e+01,1.599854807988245484e-03,3.897980824571816605e+00,-1.818668207960616012e+00
8.251999999999999602e+01,1.599854807988245484e-03,3.897980824571816605e+00,-1.813158176449497283e+00
8.254000000000000625e+01,1.599854807988245484e-03,3.897980824571816605e+00,-1.808208947459268412e+00
8.256000000000000227e+01,1.599854807988245484e-03,3.897980824571816605e+00,-1.803259718469039541e+00
8.257999999999999829e+01,1.599854807988245484e-03,3.897980824571816605e+00,-1.798310489478810670e+00
8.259999999999999432e+01,1.599854807988245484e-03,3.897980824571816605e+00,-1.793361260488582021e+00
8.262000000000000455e+01,1.599854807988245484e-03,3.897980824571816605e+00,-1.788412031498352928e+00
8.264000000000000057e+01,1.599854807988245484e-03,3.897980824571816605e+00,-1.783968941457564794e+00
8.265999999999999659e+01,1.599854807988245484e-03,3.897980824571816605e+00,-1.779525851416776661e+00
8.268000000000000682e+01,1.599854807988245484e-03,3.897980824571816605e+00,-1.775082761375988527e+00
8.270000000000000284e+01,1.599854807988245484e-03,3.897980824571816605e+00,-1.770639671335200394e+00
8.271999999999999886e+01,1.599854807988245484e-03,3.897980824571816605e+00,-1.766196581294412482e+00
8.273999999999999488e+01,8.310456126772682766e-04,3.894055405968827710e+00,-1.762207923036691826e+00
8.276000000000000512e+01,7.789964481268337165e-05,3.890126952082300082e+00,-1.758219264778970725e+00
8.278000000000000114e+01,-6.595711135251434596e-04,3.886195525411474172e+00,-1.754230606521250291e+00
8.279999999999999716e+01,-1.381354929638367807e-03,3.882261188502885485e+00,-1.750241948263529856e+00
8.281999999999999318e+01,-2.087440320398492328e-03,3.878324003949370269e+00,-1.746253290005809200e+00
8.284000000000000341e+01,-2.778589599196036684e-03,3.874384169507095965e+00,-1.742657261337706931e+00
8.285999999999999943e+01,-3.455566682159893870e-03,3.870441875151361621e+00,-1.739061232669604662e+00
8.287999999999999545e+01,-4.118362815022716394e-03,3.866497171861585258e+00,-1.735465204001502837e+00
8.290000000000000568e+01,-4.766969426897244358e-03,3.862550110648335089e+00,-1.731869175333400568e+00
8.292000000000000171e+01,-5.401378130386589628e-03,3.858600742552670937e+00,-1.728273146665298743e+00
8.293999999999999773e+01,-6.022272088395144891e-03,3.854649226812728369e+00,-1.725027006690450504e+00
8.295999999999999375e+01,-6.630335624417694855e-03,3.850695716387009693e+00,-1.721780866715602265e+00
8.298000000000000398e+01,-7.225562331036286534e-03,3.846740252935297200e+00,-1.718534726740754026e+00
8.300000000000000000e+01,-7.807945936099769911e-03,3.842782878137952718e+00,-1.715288586765905787e+00
8.301999999999999602e+01,-8.377480302790014932e-03,3.838823633695478410e+00,-1.712042446791057548e+00
8.304000000000000625e+01,-8.934784639909900544e-03,3.834862648915713379e+00,-1.709111964712381360e+00
8.306000000000000227e+01,-9.480479005745922824e-03,3.830900047975825728e+00,-1.706181482633704727e+00
8.307999999999999829e+01,-1.001455871402837788e-02,3.826935864905519402e+00,-1.703251000555028316e+00
8.309999999999999432e+01,-1.053701917823071654e-02,3.822970133748084809e+00,-1.700320518476351905e+00
8.312000000000000455e+01,-1.104785591160909429e-02,3.819002888560107056e+00,-1.697390036397675495e+00
8.314000000000000057e+01,-1.154762984777525474e-02,3.815034234294439219e+00,-1.694744427924685271e+00
8.315999999999999659e+01,-1.203690254181916629e-02,3.811064271712935714e+00,-1.692098819451694380e+00
8.318000000000000682e+01,-1.251567056920340967e-02,3.807093028602317908e+00,-1.689453210978704378e+00
8.320000000000000284e+01,-1.298393057891600484e-02,3.803120532758269778e+00,-1.686807602505713710e+00
8.321999999999999886e+01,-1.344167929349239163e-02,3.799146811985243843e+00,-1.684161994032723264e+00
8.323999999999999488e+01,-1.388942451078557794e-02,3.795171951407338984e+00,-1.681773488378434767e+00
8.326000000000000512e+01,-1.432767448295726130e-02,3.791196032726671383e+00,-1.679384982724146269e+00
8.328000000000000114e+01,-1.475642670981007140e-02,3.787219078625684077e+00,-1.676996477069857772e+00
8.329999999999999716e+01,-1.517567874533116111e-02,3.783241111792727818e+00,-1.674607971415569274e+00
8.331999999999999318e+01,-1.558542819770614499e-02,3.779262154921930073e+00,-1.672219465761280999e+00
8.334000000000000341e+01,-1.598613450974650449e-02,3.775282277002812936e+00,-1.670063007491191520e+00
8.335999999999999943e+01,-1.637825745608181144e-02,3.771301544231759006e+00,-1.667906549221102264e+00
8.337999999999999545e+01,-1.676179521321847360e-02,3.767319975120411613e+00,-1.665750090951013007e+00
8.340000000000000568e+01,-1.713674599758681361e-02,3.763337588184303417e+00,-1.663593632680923973e+00
8.342000000000000171e+01,-1.750310806554950666e-02,3.759354401942769819e+00,-1.661437174410834716e+00
8.343999999999999773e+01,-1.786129692673062153e-02,3.755370472264019988e+00,-1.659490156859035448e+00
8.345999999999999375e+01,-1.821172833287796819e-02,3.751385852737003201e+00,-1.657543139307236402e+00
8.348000000000000398e+01,-1.855440095554976992e-02,3.747400558466918330e+00,-1.655596121755437355e+00
8.350000000000000000e+01,-1.888931349571651083e-02,3.743414604561522641e+00,-1.653649104203638531e+00
8.351999999999999602e+01,-1.921646468376618164e-02,3.739428006131074067e+00,-1.651702086651839485e+00
8.354000000000000625e+01,-1.953585327950884548e-02,3.735440778288273034e+00,-1.649755069100040439e+00
8.356000000000000227e+01,-1.984785501597447280e-02,3.731452965504828079e+00,-1.647997094176524069e+00
8.357999999999999829e+01,-2.015284579906137172e-02,3.727464610392554611e+00,-1.646239119253007699e+00
8.359999999999999432e+01,-2.045082468620302088e-02,3.723475725277364923e+00,-1.644481144329491773e+00
8.362000000000000455e+01,-2.074179075650314438e-02,3.719486322486808660e+00,-1.642723169405975403e+00
8.364000000000000057e+01,-2.102574311073849081e-02,3.715496414350035526e+00,-1.640965194482459255e+00
8.365999999999999659e+01,-2.130302890315395603e-02,3.711506037269376890e+00,-1.639381651200804590e+00
8.368000000000000682e+01,-2.157399541573086846e-02,3.707515226098000660e+00,-1.637798107919150148e+00
8.370000000000000284e+01,-2.183864196899120216e-02,3.703523990843299529e+00,-1.636214564637495483e+00
8.371999999999999886e+01,-2.209696789930489305e-02,3.699532341513730671e+00,-1.634631021355840597e+00
8.373999999999999488e+01,-2.234928642930927856e-02,3.695540307865703422e+00,-1.633204723576770601e+00
8.376000000000000512e+01,-2.259591087586898875e-02,3.691547918396986372e+00,-1.631778425797699716e+00
8.378000000000000114e+01,-2.283684073727015873e-02,3.687555181229396961e+00,-1.630352128018629720e+00
8.379999999999999716e+01,-2.307207552338269921e-02,3.683562104485460065e+00,-1.628925830239559058e+00
8.381999999999999318e+01,-2.330161475566245102e-02,3.679568696288392005e+00,-1.627499532460488618e+00
8.384000000000000341e+01,-2.352573441400623855e-02,3.675574980203427433e+00,-1.626211673572137473e+00
8.385999999999999943e+01,-2.374471054515358420e-02,3.671580978795998096e+00,-1.624923814683786105e+00
8.387999999999999545e+01,-2.395854278591557154e-02,3.667586698690475711e+00,-1.623635955795435182e+00
8.390000000000000568e+01,-2.416723078163431765e-02,3.663592146511694736e+00,-1.622348096907084036e+00
8.392000000000000171e+01,-2.437077418618366700e-02,3.659597328884940381e+00,-1.621060238018732891e+00
8.393999999999999773e+01,-2.456942214368778785e-02,3.655602264782117583e+00,-1.619897272645694164e+00
8.395999999999999375e+01,-2.476342384669035987e-02,3.651606972360289749e+00,-1.618734307272655881e+00
8.398000000000000398e+01,-2.495277903280588780e-02,3.647611457023042902e+00,-1.617571341899617376e+00
8.400000000000000000e+01,-2.513748744593390441e-02,3.643615724174265047e+00,-1.616408376526578872e+00
8.401999999999999602e+01,-2.531754883625819685e-02,3.639619779218138174e+00,-1.615245411153540367e+00
8.404000000000000625e+01,-2.549318823598472478e-02,3.635623637412515041e+00,-1.614195191345891622e+00
8.406000000000000227e+01,-2.566463071234243234e-02,3.631627313350744402e+00,-1.613144971538242878e+00
8.407999999999999829e+01,-2.583187607623669071e-02,3.627630811440618164e+00,-1.612094751730594133e+00
8.409999999999999432e+01,-2.599492414320312209e-02,3.623634136090124525e+00,-1.611044531922945389e+00
8.412000000000000455e+01,-2.615377473340505660e-02,3.619637291707442195e+00,-1.609994312115296644e+00
8.414000000000000057e+01,-2.630863108820222576e-02,3.615640290542818214e+00,-1.609045876142993992e+00
8.415999999999999659e+01,-2.645969647423300486e-02,3.611643144304591768e+00,-1.608097440170691117e+00
8.418000000000000682e+01,-2.660697075560955818e-02,3.607645856588318267e+00,-1.607149004198388687e+00
8.420000000000000284e+01,-2.675045379985326738e-02,3.603648430989681017e+00,-1.606200568226086034e+00
8.421999999999999886e+01,-2.689014547789798926e-02,3.599650871104487226e+00,-1.605252132253783381e+00
8.423999999999999488e+01,-2.702622934017294420e-02,3.595653186749237840e+00,-1.604395586980238431e+00
8.426000000000000512e+01,-2.715888895530667313e-02,3.591655387298503754e+00,-1.603539041706693924e+00
8.428000000000000114e+01,-2.728812422597075293e-02,3.587657475685349429e+00,-1.602682496433148973e+00
8.429999999999999716e+01,-2.741393505734923686e-02,3.583659454842921921e+00,-1.601825951159604466e+00
8.431999999999999318e+01,-2.753632135713867182e-02,3.579661327704448226e+00,-1.600969405886059738e+00
8.434000000000000341e+01,-2.765544888608633886e-02,3.575663102118774361e+00,-1.600195822297431514e+00
8.435999999999999943e+01,-2.777148341800057818e-02,3.571664785574340417e+00,-1.599422238708803290e+00
8.437999999999999545e+01,-2.788442488344333031e-02,3.567666380463864861e+00,-1.598648655120175066e+00
8.440000000000000568e+01,-2.799427321482618469e-02,3.563667889180119897e+00,-1.597875071531546842e+00
8.442000000000000171e+01,-2.810102834641324196e-02,3.559669314115928795e+00,-1.597101487942918618e+00
8.443999999999999773e+01,-2.820483996960166176e-02,3.555670661530867527e+00,-1.596402806952557096e+00
8.445999999999999375e+01,-2.830585778513077660e-02,3.551671937390585398e+00,-1.595704125962195130e+00
8.448000000000000398e+01,-2.840408174368862573e-02,3.547673143647080529e+00,-1.595005444971833386e+00
8.450000000000000000e+01,-2.849951179732663348e-02,3.543674282252384344e+00,-1.594306763981471420e+00
8.451999999999999602e+01,-2.859214789946024765e-02,3.539675355158561576e+00,-1.593608082991109898e+00
8.454000000000000625e+01,-2.868212522797389946e-02,3.535676367342953430e+00,-1.592977030472778166e+00
8.456000000000000227e+01,-2.876957896740734572e-02,3.531677323543182201e+00,-1.592345977954445990e+00
8.457999999999999829e+01,-2.885450908293450689e-02,3.527678225351776220e+00,-1.591714925436114036e+00
8.459999999999999432e+01,-2.893691554073422184e-02,3.523679074361285579e+00,-1.591083872917782083e+00
8.462000000000000455e+01,-2.901679830798884960e-02,3.519679872164281242e+00,-1.590452820399449907e+00
8.464000000000000057e+01,-2.909415735288778393e-02,3.515680620353354602e+00,-1.589821767881118175e+00
8.465999999999999659e+01,-2.916911474876113589e-02,3.511681322795580762e+00,-1.589251778022802819e+00
8.468000000000000682e+01,-2.924179257353366757e-02,3.507681983162516559e+00,-1.588681788164487463e+00
8.470000000000000284e+01,-2.931219080359187545e-02,3.503682602753500852e+00,-1.588111798306172107e+00
8.471999999999999886e+01,-2.938030941606553995e-02,3.499683182867886266e+00,-1.587541808447856528e+00
8.473999999999999488e+01,-2.944626109799356947e-02,3.495683726651862333e+00,-1.587028180739780359e+00
8.476000000000000512e+01,-2.951015853978196726e-02,3.491684237088783505e+00,-1.586514553031703523e+00
8.478000000000000114e+01,-2.957200172457424142e-02,3.487684715233769328e+00,-1.586000925323627131e+00
8.479999999999999716e+01,-2.963179063605600461e-02,3.483685162141946901e+00,-1.585487297615550295e+00
8.481999999999999318e+01,-2.968952525845325666e-02,3.479685578868452200e+00,-1.584973669907473459e+00
8.484000000000000341e+01,-2.974520557653584016e-02,3.475685966468428756e+00,-1.584460042199397289e+00
8.485999999999999943e+01,-2.979893095655955504e-02,3.471686327322634380e+00,-1.583996109384850470e+00
8.487999999999999545e+01,-2.985080076702150559e-02,3.467686663682302495e+00,-1.583532176570303651e+00
8.490000000000000568e+01,-2.990081499675851032e-02,3.463686976408295592e+00,-1.583068243755757276e+00
8.492000000000000171e+01,-2.994897363500558657e-02,3.459687266361480606e+00,-1.582604310941210679e+00
8.493999999999999773e+01,-2.999527667139691850e-02,3.455687534402730243e+00,-1.582140378126664082e+00
8.495999999999999375e+01,-3.003981578169314173e-02,3.451687782406093863e+00,-1.581722290974374889e+00
8.498000000000000398e+01,-3.008268264322247129e-02,3.447688012137800406e+00,-1.581304203822085697e+00
8.500000000000000000e+01,-3.012387724849326098e-02,3.443688224296996836e+00,-1.580886116669796504e+00
8.501999999999999602e+01,-3.016339959030490611e-02,3.439688419582833667e+00,-1.580468029517507311e+00
8.504000000000000625e+01,-3.020124966174784001e-02,3.435688598694464524e+00,-1.580049942365218119e+00
8.506000000000000227e+01,-3.023751014200744963e-02,3.431688763074300930e+00,-1.579673199784134452e+00
8.507999999999999829e+01,-3.027226371133531421e-02,3.427688914077128945e+00,-1.579296457203050785e+00
8.509999999999999432e+01,-3.030551036479596505e-02,3.423689052270666888e+00,-1.578919714621966897e+00
8.512000000000000455e+01,-3.033725009767318168e-02,3.419689178222635295e+00,-1.578542972040883452e+00
8.514000000000000057e+01,-3.036755739376589130e-02,3.415689293060016674e+00,-1.578203474662597694e+00
8.515999999999999659e+01,-3.039650673761241928e-02,3.411689397838661097e+00,-1.577863977284311492e+00
8.518000000000000682e+01,-3.042409812587455048e-02,3.407689493019590454e+00,-1.577524479906025512e+00
8.520000000000000284e+01,-3.045033155537365394e-02,3.403689579063827075e+00,-1.577184982527739754e+00
8.521999999999999886e+01,-3.047520702308675888e-02,3.399689656432395513e+00,-1.576845485149453330e+00
8.523999999999999488e+01,-3.049879013223679922e-02,3.395689725969057715e+00,-1.576538791375229565e+00
8.526000000000000512e+01,-3.052114648652550638e-02,3.391689788461046184e+00,-1.576232097601005577e+00
8.528000000000000114e+01,-3.054227608385184922e-02,3.387689844284599072e+00,-1.575925403826781368e+00
8.529999999999999716e+01,-3.056217892222629073e-02,3.383689893815955863e+00,-1.575618710052557603e+00
8.531999999999999318e+01,-3.058085499977947555e-02,3.379689937431355595e+00,-1.575312016278333616e+00
8.534000000000000341e+01,-3.059836352806495283e-02,3.375689975762905970e+00,-1.575034929436263553e+00
8.535999999999999943e+01,-3.061476371894372370e-02,3.371690009396626664e+00,-1.574757842594193047e+00
8.537999999999999545e+01,-3.063005557115926897e-02,3.367690038639623129e+00,-1.574480755752122763e+00
8.540000000000000568e+01,-3.064423908353680268e-02,3.363690063799001706e+00,-1.574203668910052478e+00
8.542000000000000171e+01,-3.065731425498648480e-02,3.359690085181868735e+00,-1.573926582067981972e+00
8.543999999999999773e+01,-3.066933456219166770e-02,3.355690103253326839e+00,-1.573676234186078382e+00
8.545999999999999375e+01,-3.068035348202776541e-02,3.351690118440874055e+00,-1.573425886304174792e+00
8.548000000000000398e+01,-3.069037101380295979e-02,3.347690130995205848e+00,-1.573175538422270980e+00
8.550000000000000000e+01,-3.069938715689106770e-02,3.343690141167017682e+00,-1.572925190540366724e+00
8.551999999999999602e+01,-3.070740191072444600e-02,3.339690149207005021e+00,-1.572674842658463135e+00
8.554000000000000625e+01,-3.071446357468614677e-02,3.335690155448925776e+00,-1.572448644753101643e+00
8.556000000000000227e+01,-3.072062044826311469e-02,3.331690160195843742e+00,-1.572222446847740374e+00
8.557999999999999829e+01,-3.072587253114318975e-02,3.327690163652420541e+00,-1.571996248942378438e+00
8.559999999999999432e+01,-3.073021982305740307e-02,3.323690166023318238e+00,-1.571770051037017168e+00
8.562000000000000455e+01,-3.073366232378194063e-02,3.319690167513198453e+00,-1.571543853131655677e+00
8.564000000000000057e+01,-3.073624365796874883e-02,3.315690168353072398e+00,-1.571339467643231957e+00
8.565999999999999659e+01,-3.073800745032669382e-02,3.311690168748905982e+00,-1.571135082154808238e+00
8.568000000000000682e+01,-3.073895370077755693e-02,3.307690168867792657e+00,-1.570930696666384518e+00
8.570000000000000284e+01,-3.073908240928657082e-02,3.303690168876826316e+00,-1.570726311177960799e+00
8.571999999999999886e+01,-3.073839357584721987e-02,3.299690168943100854e+00,-1.570521925689537079e+00
8.573999999999999488e+01,-3.073692660406955254e-02,3.295690169217787791e+00,-1.570337241993845723e+00
8.576000000000000512e+01,-3.073472089758788259e-02,3.291690169831616775e+00,-1.570152558298154366e+00
8.578000000000000114e+01,-3.073177645647915540e-02,3.287690170921019561e+00,-1.569967874602463009e+00
8.579999999999999716e+01,-3.072809328084436312e-02,3.283690172622428793e+00,-1.569783190906771653e+00
8.581999999999999318e+01,-3.072367137080854460e-02,3.279690175072276670e+00,-1.569598507211080296e+00
8.584000000000000341e+01,-3.071854631851783646e-02,3.275690178360189275e+00,-1.569431619529279454e+00
8.585999999999999943e+01,-3.071275371612277108e-02,3.271690182559112703e+00,-1.569264731847478611e+00
8.587999999999999545e+01,-3.070629356378566654e-02,3.267690187780453392e+00,-1.569097844165677769e+00
8.590000000000000568e+01,-3.069916586168481079e-02,3.263690194135616451e+00,-1.568930956483876926e+00
8.592000000000000171e+01,-3.069137061001978029e-02,3.259690201736008319e+00,-1.568764068802076084e+00
8.593999999999999773e+01,-3.068293995922666967e-02,3.255690210624290426e+00,-1.568613256266246481e+00
8.595999999999999375e+01,-3.067390605972884765e-02,3.251690220829508871e+00,-1.568462443730416656e+00
8.598000000000000398e+01,-3.066426891173243754e-02,3.247690232442641545e+00,-1.568311631194587275e+00
8.600000000000000000e+01,-3.065402851545534491e-02,3.243690245554665452e+00,-1.568160818658757671e+00
8.601999999999999602e+01,-3.064318487113019962e-02,3.239690260256558485e+00,-1.568010006122928068e+00
8.604000000000000625e+01,-3.063176702128399612e-02,3.235690276555601930e+00,-1.567873714786240047e+00
8.606000000000000227e+01,-3.061980400841957106e-02,3.231690294447949974e+00,-1.567737423449551804e+00
8.607999999999999829e+01,-3.060729583275849375e-02,3.227690314007903627e+00,-1.567601132112863338e+00
8.609999999999999432e+01,-3.059424249453536818e-02,3.223690335309763455e+00,-1.567464840776175317e+00
8.612000000000000455e+01,-3.058064399399457178e-02,3.219690358427830912e+00,-1.567328549439486629e+00
8.614000000000000057e+01,-3.056652656709117968e-02,3.215690383343151826e+00,-1.567205376040848419e+00
8.615999999999999659e+01,-3.055191644977327606e-02,3.211690410027707276e+00,-1.567082202642209765e+00
8.618000000000000682e+01,-3.053681364226078915e-02,3.207690438542183831e+00,-1.566959029243571777e+00
8.620000000000000284e+01,-3.052121814477725542e-02,3.203690468947267611e+00,-1.566835855844933345e+00
8.621999999999999886e+01,-3.050512995756784335e-02,3.199690501303644741e+00,-1.566712682446294691e+00
8.623999999999999488e+01,-3.048857278208685212e-02,3.195690535573364688e+00,-1.566601359757994638e+00
8.626000000000000512e+01,-3.047157031976955102e-02,3.191690571711059299e+00,-1.566490037069694807e+00
8.628000000000000114e+01,-3.045412257083135454e-02,3.187690609766299144e+00,-1.566378714381394532e+00
8.629999999999999716e+01,-3.043622953548369425e-02,3.183690649788654348e+00,-1.566267391693094257e+00
8.631999999999999318e+01,-3.041789121394996437e-02,3.179690691827695481e+00,-1.566156069004794427e+00
8.634000000000000341e+01,-3.039910760645755244e-02,3.175690735932993114e+00,-1.566044746316494596e+00
8.635999999999999943e+01,-3.037987871324181882e-02,3.171690782154117816e+00,-1.565933423628194543e+00
8.637999999999999545e+01,-3.036022594685568177e-02,3.167690830435002436e+00,-1.565832807231838375e+00
8.640000000000000568e+01,-3.034017071984838193e-02,3.163690880713524667e+00,-1.565732190835481985e+00
8.642000000000000171e+01,-3.031971303241412161e-02,3.159690933030178783e+00,-1.565631574439125595e+00
8.643999999999999773e+01,-3.029887308973261764e-02,3.155690987319812901e+00,-1.565541060666287398e+00
8.645999999999999375e+01,-3.027767109696079262e-02,3.151691043512134360e+00,-1.565450546893449202e+00
8.648000000000000398e+01,-3.025610705427037028e-02,3.147691101639913391e+00,-1.565360033120610561e+00
8.650000000000000000e+01,-3.023418096183797671e-02,3.143691161735920669e+00,-1.565269519347772365e+00
8.651999999999999602e+01,-3.021189281984514724e-02,3.139691223832926426e+00,-1.565179005574933724e+00
8.654000000000000625e+01,-3.018924262847341375e-02,3.135691287963701335e+00,-1.565088491802095083e+00
8.656000000000000227e+01,-3.016624780274112724e-02,3.131691354060611499e+00,-1.565006685591108893e+00
8.657999999999999829e+01,-3.014292575765131765e-02,3.127691422052025327e+00,-1.564924879380122480e+00
8.659999999999999432e+01,-3.011927649336141113e-02,3.123691491964711631e+00,-1.564843073169136067e+00
8.662000000000000455e+01,-3.009530001001798141e-02,3.119691563825439218e+00,-1.564761266958149655e+00
8.664000000000000057e+01,-3.007101237378325548e-02,3.115691637563190675e+00,-1.564687493888965664e+00
8.665999999999999659e+01,-3.004642965077574529e-02,3.111691713103600154e+00,-1.564613720819781673e+00
8.668000000000000682e+01,-3.002155184112788658e-02,3.107691790468437354e+00,-1.564539947750597459e+00
8.670000000000000284e+01,-2.999637894498414711e-02,3.103691869679471971e+00,-1.564466174681413690e+00
8.671999999999999886e+01,-2.997091096247094313e-02,3.099691950758472814e+00,-1.564392401612229699e+00
8.673999999999999488e+01,-2.994516206805054176e-02,3.095692033635767171e+00,-1.564325715846864417e+00
8.676000000000000512e+01,-2.991914643614758049e-02,3.091692118239039999e+00,-1.564259030081499136e+00
8.678000000000000114e+01,-2.989286406688858658e-02,3.087692204586078848e+00,-1.564192344316134076e+00
8.679999999999999716e+01,-2.986631496038011369e-02,3.083692292694671266e+00,-1.564125658550768572e+00
8.681999999999999318e+01,-2.983949911674868907e-02,3.079692382582605248e+00,-1.564058972785403290e+00
8.684000000000000341e+01,-2.981242933638714870e-02,3.075692474180880431e+00,-1.563998687309295477e+00
8.685999999999999943e+01,-2.978511841969901097e-02,3.071692567418338626e+00,-1.563938401833187219e+00
8.687999999999999545e+01,-2.975756636677267045e-02,3.067692662309516649e+00,-1.563878116357078962e+00
8.690000000000000568e+01,-2.972977317771862901e-02,3.063692758868951760e+00,-1.563817830880971371e+00
8.692000000000000171e+01,-2.970173885262528124e-02,3.059692857111181219e+00,-1.563757545404863114e+00
8.693999999999999773e+01,-2.967347495822639930e-02,3.055692956968896645e+00,-1.563703043381891478e+00
8.695999999999999375e+01,-2.964499306121724798e-02,3.051693058372992429e+00,-1.563648541358919619e+00
8.698000000000000398e+01,-2.961629316167931070e-02,3.047693161335349732e+00,-1.563594039335948427e+00
8.700000000000000000e+01,-2.958737525971036342e-02,3.043693265867850606e+00,-1.563539537312976568e+00
8.701999999999999602e+01,-2.955823935538373637e-02,3.039693371982376657e+00,-1.563485035290004932e+00
8.704000000000000625e+01,-2.952889590120873903e-02,3.035693479614011370e+00,-1.563435759614556275e+00
8.706000000000000227e+01,-2.949935534966880574e-02,3.031693588696420250e+00,-1.563386483939107396e+00
8.707999999999999829e+01,-2.946961770084505217e-02,3.027693699239315972e+00,-1.563337208263658962e+00
8.709999999999999432e+01,-2.943968295479154965e-02,3.023693811252410324e+00,-1.563287932588210305e+00
8.712000000000000455e+01,-2.940955111160743068e-02,3.019693924745415536e+00,-1.563238656912761648e+00
8.714000000000000057e+01,-2.937923161726030755e-02,3.015694039656374059e+00,-1.563194104335173362e+00
8.715999999999999659e+01,-2.934873391776174692e-02,3.011694155922113758e+00,-1.563149551757585520e+00
8.718000000000000682e+01,-2.931805801315161622e-02,3.007694273550574504e+00,-1.563104999179997456e+00
8.720000000000000284e+01,-2.928720390350965722e-02,3.003694392549695724e+00,-1.563060446602409392e+00
8.721999999999999886e+01,-2.925618012559250483e-02,2.999694512861124096e+00,-1.563020162504915600e+00
8.723999999999999488e+01,-2.922499521616468005e-02,2.995694634425563052e+00,-1.562979878407421808e+00
8.726000000000000512e+01,-2.919364917525925363e-02,2.991694757249503400e+00,-1.562939594309928237e+00
8.728000000000000114e+01,-2.916214200294237058e-02,2.987694881339436392e+00,-1.562899310212434223e+00
8.729999999999999716e+01,-2.913047369925812410e-02,2.983695006701852837e+00,-1.562859026114940431e+00
8.731999999999999318e+01,-2.909864426426163331e-02,2.979695133343243985e+00,-1.562818742017446416e+00
8.734000000000000341e+01,-2.906665369799699833e-02,2.975695261270100200e+00,-1.562778457919952624e+00
8.735999999999999943e+01,-2.903450954406794349e-02,2.971695390428227501e+00,-1.562741945717750491e+00
8.737999999999999545e+01,-2.900221934607121951e-02,2.967695520762674732e+00,-1.562705433515547471e+00
8.740000000000000568e+01,-2.896978310404331805e-02,2.963695652278774517e+00,-1.562668921313345116e+00
8.742000000000000171e+01,-2.893720081803288768e-02,2.959695784981858591e+00,-1.562632409111142540e+00
8.743999999999999773e+01,-2.890447962553369110e-02,2.955695918818832535e+00,-1.562599465754146211e+00
8.745999999999999375e+01,-2.887162666404195083e-02,2.951696053735922476e+00,-1.562566522397149438e+00
8.748000000000000398e+01,-2.883864193357114913e-02,2.947696189737469830e+00,-1.562533579040153109e+00
8.750000000000000000e+01,-2.880552543417520470e-02,2.943696326827815124e+00,-1.562500635683156336e+00
8.751999999999999602e+01,-2.877227716588107859e-02,2.939696465011299775e+00,-1.562467692326159563e+00
8.754000000000000625e+01,-2.873890343555910581e-02,2.935696604239605989e+00,-1.562437902496551345e+00
8.756000000000000227e+01,-2.870541055009867559e-02,2.931696744463885285e+00,-1.562408112666942905e+00
8.757999999999999829e+01,-2.867179850949979139e-02,2.927696885687686823e+00,-1.562378322837334466e+00
8.759999999999999432e+01,-2.863806731380717091e-02,2.923697027914559765e+00,-1.562348533007725804e+00
8.762000000000000455e+01,-2.860421696305063405e-02,2.919697171148054160e+00,-1.562318743178117808e+00
8.764000000000000057e+01,-2.857025315476233868e-02,2.915697315343305451e+00,-1.562291802206825952e+00
8.765999999999999659e+01,-2.853618158649126602e-02,2.911697460455026754e+00,-1.562264861235534319e+00
8.768000000000000682e+01,-2.850200225825389941e-02,2.907697606486120634e+00,-1.562237920264242685e+00
8.770000000000000284e+01,-2.846771517008320554e-02,2.903697753439490548e+00,-1.562210979292951052e+00
8.771999999999999886e+01,-2.843332032199566775e-02,2.899697901318039062e+00,-1.562184038321659640e+00
8.773999999999999488e+01,-2.839882286412009210e-02,2.895698050080225183e+00,-1.562159672501333585e+00
8.776000000000000512e+01,-2.836422794660748217e-02,2.891698199684157089e+00,-1.562135306681007751e+00
8.778000000000000114e+01,-2.832953556947606644e-02,2.887698350132209768e+00,-1.562110940860682140e+00
8.779999999999999716e+01,-2.829474573272584143e-02,2.883698501426758209e+00,-1.562086575040356085e+00
8.781999999999999318e+01,-2.825985843639326062e-02,2.879698653570176958e+00,-1.562062209220030251e+00
8.784000000000000341e+01,-2.822487368049654902e-02,2.875698806564840559e+00,-1.562037843399704196e+00
8.785999999999999943e+01,-2.818979612063520282e-02,2.871698960372268239e+00,-1.562015805453094375e+00
8.787999999999999545e+01,-2.815463041237858607e-02,2.867699114953704331e+00,-1.561993767506484110e+00
8.790000000000000568e+01,-2.811937655574685280e-02,2.863699270311091727e+00,-1.561971729559874511e+00
8.792000000000000171e+01,-2.808403455078030062e-02,2.859699426446373316e+00,-1.561949691613264468e+00
8.793999999999999773e+01,-2.804860869972978371e-02,2.855699583323374480e+00,-1.561929804886748929e+00
8.795999999999999375e+01,-2.801310330490396419e-02,2.851699740905671021e+00,-1.561909918160233390e+00
8.798000000000000398e+01,-2.797751836630284553e-02,2.847699899194844342e+00,-1.561890031433718296e+00
8.800000000000000000e+01,-2.794185388397108644e-02,2.843700058192476732e+00,-1.561870144707202979e+00
8.801999999999999602e+01,-2.790610985788635756e-02,2.839700217900149593e+00,-1.561850257980687662e+00
8.804000000000000625e+01,-2.787029008613610415e-02,2.835700378285425316e+00,-1.561832270358090247e+00
8.806000000000000227e+01,-2.783439836679518775e-02,2.831700539315660237e+00,-1.561814282735492831e+00
8.807999999999999829e+01,-2.779843469986361185e-02,2.827700700992149319e+00,-1.561796295112895416e+00
8.809999999999999432e+01,-2.776239908534137296e-02,2.823700863316185750e+00,-1.561778307490298001e+00
8.812000000000000455e+01,-2.772629152327784827e-02,2.819701026289064494e+00,-1.561760319867700364e+00
8.814000000000000057e+01,-2.769011544540313924e-02,2.815701189881022692e+00,-1.561744048203054014e+00
8.815999999999999659e+01,-2.765387428356519059e-02,2.811701354062154934e+00,-1.561727776538407442e+00
8.818000000000000682e+01,-2.761756803773670818e-02,2.807701518833520815e+00,-1.561711504873761092e+00
8.820000000000000284e+01,-2.758119670794498615e-02,2.803701684196179489e+00,-1.561695233209114297e+00
8.821999999999999886e+01,-2.754476029419002450e-02,2.799701850151189220e+00,-1.561678961544467725e+00
8.823999999999999488e+01,-2.750826189921333834e-02,2.795702016671310464e+00,-1.561664241322024083e+00
8.826000000000000512e+01,-2.747170462580589972e-02,2.791702183729129594e+00,-1.561649521099580440e+00
8.828000000000000114e+01,-2.743508847399788245e-02,2.787702351325513028e+00,-1.561634800877136797e+00
8.829999999999999716e+01,-2.739841344375911272e-02,2.783702519461327629e+00,-1.561620080654693155e+00
8.831999999999999318e+01,-2.736167953508959402e-02,2.779702688137440258e+00,-1.561605360432249512e+00
8.834000000000000341e+01,-2.732488674804966350e-02,2.775702857354717779e+00,-1.561590640209805869e+00
8.835999999999999943e+01,-2.728803788803423058e-02,2.771703027088128213e+00,-1.561577322771930065e+00
8.837999999999999545e+01,-2.725113576057426601e-02,2.767703197312625374e+00,-1.561564005334054261e+00
8.840000000000000568e+01,-2.721418036560307313e-02,2.763703368028919805e+00,-1.561550687896178236e+00
8.842000000000000171e+01,-2.717717170315400027e-02,2.759703539237719827e+00,-1.561537370458302654e+00
8.843999999999999773e+01,-2.714011236639032529e-02,2.755703710915703653e+00,-1.561525349649707683e+00
8.845999999999999375e+01,-2.710300494845535937e-02,2.751703883039459786e+00,-1.561513328841112935e+00
8.848000000000000398e+01,-2.706584944934910600e-02,2.747704055609565987e+00,-1.561501308032517743e+00
8.850000000000000000e+01,-2.702864586910850436e-02,2.743704228626600461e+00,-1.561489287223922773e+00
8.851999999999999602e+01,-2.699139420769661180e-02,2.739704402091140967e+00,-1.561477266415327803e+00
8.854000000000000625e+01,-2.695409675492562579e-02,2.735704575982441877e+00,-1.561466390550908745e+00
8.856000000000000227e+01,-2.691675580059165601e-02,2.731704750279620786e+00,-1.561455514686489909e+00
8.857999999999999829e+01,-2.687937134473553091e-02,2.727704924983152424e+00,-1.561444638822070408e+00
8.859999999999999432e+01,-2.684194338727559012e-02,2.723705100093507969e+00,-1.561433762957651572e+00
8.862000000000000455e+01,-2.680447192829349401e-02,2.719705275611161266e+00,-1.561422887093232514e+00
8.864000000000000057e+01,-2.676695903718210451e-02,2.715705451517179014e+00,-1.561413046001382643e+00
8.865999999999999659e+01,-2.672940678346440516e-02,2.711705627792558193e+00,-1.561403204909532327e+00
8.868000000000000682e+01,-2.669181516714039595e-02,2.707705804437686492e+00,-1.561393363817682456e+00
8.870000000000000284e+01,-2.665418418816495327e-02,2.703705981452950713e+00,-1.561383522725832140e+00
8.871999999999999886e+01,-2.661651384653807365e-02,2.699706158838738990e+00,-1.561373681633982269e+00
8.873999999999999488e+01,-2.657880601383505459e-02,2.695706336577756268e+00,-1.561364776330701254e+00
8.876000000000000512e+01,-2.654106256145342263e-02,2.691706514652731475e+00,-1.561355871027420461e+00
8.878000000000000114e+01,-2.650328348949291396e-02,2.687706693063982577e+00,-1.561346965724139890e+00
8.879999999999999716e+01,-2.646546879785379239e-02,2.683706871811826655e+00,-1.561338060420858875e+00
8.881999999999999318e+01,-2.642761848663579063e-02,2.679707050896580345e+00,-1.561329155117578082e+00
8.884000000000000341e+01,-2.638973424838967838e-02,2.675707230302550865e+00,-1.561321096141579545e+00
8.885999999999999943e+01,-2.635181777569533049e-02,2.671707410013959283e+00,-1.561313037165581008e+00
8.887999999999999545e+01,-2.631386906849764520e-02,2.667707590031065834e+00,-1.561304978189582471e+00
8.890000000000000568e+01,-2.627588812685172776e-02,2.663707770354129423e+00,-1.561296919213583934e+00
8.892000000000000171e+01,-2.623787495081267990e-02,2.659707950983411173e+00,-1.561288860237585396e+00
8.893999999999999773e+01,-2.619983107112786036e-02,2.655708131904594538e+00,-1.561281566718918379e+00
8.895999999999999375e+01,-2.616175801868953973e-02,2.651708313103357639e+00,-1.561274273200251361e+00
8.898000000000000398e+01,-2.612365579349771802e-02,2.647708494579914529e+00,-1.561266979681584344e+00
8.900000000000000000e+01,-2.608552439555239522e-02,2.643708676334476593e+00,-1.561259686162917104e+00
8.901999999999999602e+01,-2.604736382485357132e-02,2.639708858367256550e+00,-1.561252392644250531e+00
8.904000000000000625e+01,-2.600917546608783743e-02,2.635709040665211056e+00,-1.561245791475781797e+00
8.906000000000000227e+01,-2.597096070382801797e-02,2.631709223215339399e+00,-1.561239190307312841e+00
8.907999999999999829e+01,-2.593271953807410948e-02,2.627709406017816995e+00,-1.561232589138843885e+00
8.909999999999999432e+01,-2.589445196889338802e-02,2.623709589072817927e+00,-1.561225987970375595e+00
8.912000000000000455e+01,-2.585615799621857752e-02,2.619709772380517165e+00,-1.561219386801906639e+00
8.914000000000000057e+01,-2.581783887257358204e-02,2.615709955929151231e+00,-1.561213411891225089e+00
8.915999999999999659e+01,-2.577949585040290731e-02,2.611710139706809208e+00,-1.561207436980543539e+00
8.918000000000000682e+01,-2.574112892963222737e-02,2.607710323713635425e+00,-1.561201462069861989e+00
8.920000000000000284e+01,-2.570273811033586819e-02,2.603710507949772435e+00,-1.561195487159180439e+00
8.921999999999999886e+01,-2.566432339251382977e-02,2.599710692415362345e+00,-1.561189512248498668e+00
8.923999999999999488e+01,-2.562588590909273614e-02,2.595710877099600022e+00,-1.561184103842164994e+00
8.926000000000000512e+01,-2.558742679305758827e-02,2.591711061991783804e+00,-1.561178695435831099e+00
8.928000000000000114e+01,-2.554894604432627475e-02,2.587711247092027822e+00,-1.561173287029497203e+00
8.929999999999999716e+01,-2.551044366306301839e-02,2.583711432400449759e+00,-1.561167878623163308e+00
8.931999999999999318e+01,-2.547192067408204572e-02,2.579711617907420429e+00,-1.561162982696283619e+00
8.934000000000000341e+01,-2.543337810225226522e-02,2.575711803603045080e+00,-1.561158086769403486e+00
8.935999999999999943e+01,-2.539481594766438213e-02,2.571711989487418748e+00,-1.561153190842523575e+00
8.937999999999999545e+01,-2.535623421022768775e-02,2.567712175560637800e+00,-1.561148294915643664e+00
8.940000000000000568e+01,-2.531763289003289077e-02,2.563712361822798602e+00,-1.561143398988763753e+00
8.942000000000000171e+01,-2.527901198707999120e-02,2.559712548273995747e+00,-1.561138503061884064e+00
8.943999999999999773e+01,-2.524037240783732691e-02,2.555712734905489114e+00,-1.561134060445121818e+00
8.945999999999999375e+01,-2.520171505899565859e-02,2.551712921708681137e+00,-1.561129617828359573e+00
8.948000000000000398e+01,-2.516303994055498622e-02,2.547713108683653527e+00,-1.561125175211597327e+00
8.950000000000000000e+01,-2.512434705241535157e-02,2.543713295830484000e+00,-1.561120732594835081e+00
8.951999999999999602e+01,-2.508563639467671288e-02,2.539713483149251161e+00,-1.561116289978072613e+00
8.954000000000000625e+01,-2.504690880758967536e-02,2.535713670631888572e+00,-1.561112267571298506e+00
8.956000000000000227e+01,-2.500816513179062242e-02,2.531713858270335127e+00,-1.561108245164524622e+00
8.957999999999999829e+01,-2.496940536705874805e-02,2.527714046064657882e+00,-1.561104222757750959e+00
8.959999999999999432e+01,-2.493062951339404879e-02,2.523714234014921232e+00,-1.561100200350977074e+00
8.962000000000000455e+01,-2.489183757090692936e-02,2.519714422121188235e+00,-1.561096177944203189e+00
8.964000000000000057e+01,-2.485303030031676963e-02,2.515714610376204252e+00,-1.561092535960687089e+00
8.965999999999999659e+01,-2.481420846251033638e-02,2.511714798772584079e+00,-1.561088893977171210e+00
8.968000000000000682e+01,-2.477537205748762961e-02,2.507714987310377452e+00,-1.561085251993654888e+00
8.970000000000000284e+01,-2.473652108524864932e-02,2.503715175989639441e+00,-1.561081610010138787e+00
8.971999999999999886e+01,-2.469765554567146179e-02,2.499715364810421558e+00,-1.561077968026622464e+00
8.973999999999999488e+01,-2.465877612724804574e-02,2.495715553765936789e+00,-1.561074670267966091e+00
8.976000000000000512e+01,-2.461988351849063450e-02,2.491715742849688109e+00,-1.561071372509309496e+00
8.978000000000000114e+01,-2.458097771926456843e-02,2.487715932061719482e+00,-1.561068074750652901e+00
8.979999999999999716e+01,-2.454205872970451063e-02,2.483716121402074872e+00,-1.561064776991996306e+00
8.981999999999999318e+01,-2.450312654967579801e-02,2.479716310870796470e+00,-1.561061479233339711e+00
8.984000000000000341e+01,-2.446418180221381425e-02,2.475716500462072922e+00,-1.561058492958883992e+00
8.985999999999999943e+01,-2.442522511020689402e-02,2.471716690169668773e+00,-1.561055506684428495e+00
8.987999999999999545e+01,-2.438625647365504079e-02,2.467716879993616441e+00,-1.561052520409972777e+00
8.990000000000000568e+01,-2.434727589255825456e-02,2.463717069933952786e+00,-1.561049534135516836e+00
8.992000000000000171e+01,-2.430828336691653185e-02,2.459717259990715110e+00,-1.561046547861061340e+00
8.993999999999999773e+01,-2.426927946053366453e-02,2.455717450158443782e+00,-1.561043843460448555e+00
8.995999999999999375e+01,-2.423026473699136166e-02,2.451717640431669842e+00,-1.561041139059835992e+00
8.998000000000000398e+01,-2.419123919645383217e-02,2.447717830810423933e+00,-1.561038434659223428e+00
9.000000000000000000e+01,-2.415220283875686366e-02,2.443718021294731368e+00,-1.561035730258610865e+00
9.001999999999999602e+01,-2.411315566406466854e-02,2.439718211884623233e+00,-1.561033025857998080e+00
9.004000000000000625e+01,-2.407409818227728912e-02,2.435718402574862829e+00,-1.561030576550656468e+00
9.006000000000000227e+01,-2.403503090383116506e-02,2.431718593360775671e+00,-1.561028127243314190e+00
9.007999999999999829e+01,-2.399595382854498651e-02,2.427718784242390182e+00,-1.561025677935972134e+00
9.009999999999999432e+01,-2.395686695660006332e-02,2.423718975219729010e+00,-1.561023228628630299e+00
9.012000000000000455e+01,-2.391777028781508566e-02,2.419719166292814805e+00,-1.561020779321288021e+00
9.014000000000000057e+01,-2.387866428402960622e-02,2.415719357457429162e+00,-1.561018560884779527e+00
9.015999999999999659e+01,-2.383954940701370553e-02,2.411719548708809668e+00,-1.561016342448270811e+00
9.018000000000000682e+01,-2.380042565656720344e-02,2.407719740046971424e+00,-1.561014124011762538e+00
9.020000000000000284e+01,-2.376129303289028008e-02,2.403719931471937077e+00,-1.561011905575254044e+00
9.021999999999999886e+01,-2.372215153578275185e-02,2.399720122983724835e+00,-1.561009687138745550e+00
9.023999999999999488e+01,-2.368300158329936927e-02,2.395720314577986176e+00,-1.561007677663292847e+00
9.026000000000000512e+01,-2.364384359335503991e-02,2.391720506250922362e+00,-1.561005668187840367e+00
9.028000000000000114e+01,-2.360467756572876691e-02,2.387720698002558262e+00,-1.561003658712387221e+00
9.029999999999999716e+01,-2.356550350064154711e-02,2.383720889832903644e+00,-1.561001649236934741e+00
9.031999999999999318e+01,-2.352632139809338052e-02,2.379721081741975830e+00,-1.560999639761482038e+00
9.034000000000000341e+01,-2.348713163629185044e-02,2.375721273726205673e+00,-1.560997819428146194e+00
9.035999999999999943e+01,-2.344793459349282100e-02,2.371721465781778448e+00,-1.560995999094810349e+00
9.037999999999999545e+01,-2.340873026969628873e-02,2.367721657908709698e+00,-1.560994178761474505e+00
9.040000000000000568e+01,-2.336951866514621820e-02,2.363721850107010969e+00,-1.560992358428138660e+00
9.042000000000000171e+01,-2.333029977935468721e-02,2.359722042376697360e+00,-1.560990538094802815e+00
9.043999999999999773e+01,-2.329107395496201813e-02,2.355722234714701102e+00,-1.560988888975011868e+00
9.045999999999999375e+01,-2.325184153461363687e-02,2.351722427117397540e+00,-1.560987239855220254e+00
9.048000000000000398e+01,-2.321260251777096731e-02,2.347722619584794668e+00,-1.560985590735429307e+00
9.050000000000000000e+01,-2.317335690497258557e-02,2.343722812116909360e+00,-1.560983941615638138e+00
9.051999999999999602e+01,-2.313410469621849166e-02,2.339723004713750054e+00,-1.560982292495846968e+00
9.054000000000000625e+01,-2.309484620091718787e-02,2.335723197372155280e+00,-1.560980798370238842e+00
9.056000000000000227e+01,-2.305558172964063471e-02,2.331723390089220249e+00,-1.560979304244631383e+00
9.057999999999999829e+01,-2.301631128209160812e-02,2.327723582864954288e+00,-1.560977810119023257e+00
9.059999999999999432e+01,-2.297703485827010811e-02,2.323723775699371608e+00,-1.560976315993415353e+00
9.062000000000000455e+01,-2.293775245817613467e-02,2.319723968592476648e+00,-1.560974821867807449e+00
9.064000000000000057e+01,-2.289846436265076737e-02,2.315724161541186099e+00,-1.560973468062486713e+00
9.065999999999999659e+01,-2.285917085200066604e-02,2.311724354543087667e+00,-1.560972114257165533e+00
9.068000000000000682e+01,-2.281987192655386340e-02,2.307724547598192011e+00,-1.560970760451844352e+00
9.070000000000000284e+01,-2.278056758631035947e-02,2.303724740706503571e+00,-1.560969406646523616e+00
9.071999999999999886e+01,-2.274125783061409223e-02,2.299724933868028121e+00,-1.560968052841202658e+00
9.073999999999999488e+01,-2.270194291449062832e-02,2.295725127080193051e+00,-1.560966826079763337e+00
9.076000000000000512e+01,-2.266262309143982773e-02,2.291725320340589178e+00,-1.560965599318324015e+00
9.078000000000000114e+01,-2.262329836146169393e-02,2.287725513649221831e+00,-1.560964372556884472e+00
9.079999999999999716e+01,-2.258396872455622345e-02,2.283725707006102557e+00,-1.560963145795445595e+00
9.081999999999999318e+01,-2.254463418108541839e-02,2.279725900411236683e+00,-1.560961919034006051e+00
9.084000000000000341e+01,-2.250529473068728012e-02,2.275726093864624655e+00,-1.560960692272566730e+00
9.085999999999999943e+01,-2.246595060371416736e-02,2.271726287364492336e+00,-1.560959580542341740e+00
9.087999999999999545e+01,-2.242660202957837134e-02,2.267726480908100584e+00,-1.560958468812116751e+00
9.090000000000000568e+01,-2.238724900907880511e-02,2.263726674495462277e+00,-1.560957357081891761e+00
9.092000000000000171e+01,-2.234789154181601040e-02,2.259726868126570754e+00,-1.560956245351666771e+00
9.093999999999999773e+01,-2.230852984084676430e-02,2.255727061799143396e+00,-1.560955240097672059e+00
9.095999999999999375e+01,-2.226916411934547549e-02,2.251727255511288828e+00,-1.560954234843677346e+00
9.098000000000000398e+01,-2.222979437642860420e-02,2.247727449263007049e+00,-1.560953229589682634e+00
9.100000000000000000e+01,-2.219042061297969021e-02,2.243727643054304721e+00,-1.560952224335687699e+00
9.101999999999999602e+01,-2.215104282899873003e-02,2.239727836885182288e+00,-1.560951219081693209e+00
9.104000000000000625e+01,-2.211166121185213426e-02,2.235728030754047690e+00,-1.560950307987579500e+00
9.106000000000000227e+01,-2.207227595121054320e-02,2.231728224658784399e+00,-1.560949396893466012e+00
9.107999999999999829e+01,-2.203288704609910817e-02,2.227728418599415061e+00,-1.560948485799352081e+00
9.109999999999999432e+01,-2.199349449651782917e-02,2.223728612575932573e+00,-1.560947574705238594e+00
9.112000000000000455e+01,-2.195409830295413228e-02,2.219728806588344483e+00,-1.560946663611124663e+00
9.114000000000000057e+01,-2.191469863526121845e-02,2.215729000634726553e+00,-1.560945837740664421e+00
9.115999999999999659e+01,-2.187529566487610849e-02,2.211729194713657254e+00,-1.560945011870203736e+00
9.118000000000000682e+01,-2.183588939072335366e-02,2.207729388825128591e+00,-1.560944185999743494e+00
9.120000000000000284e+01,-2.179647981334067661e-02,2.203729582969140566e+00,-1.560943360129282809e+00
9.121999999999999886e+01,-2.175706693272807732e-02,2.199729777145710052e+00,-1.560942534258822345e+00
9.123999999999999488e+01,-2.171765090307048104e-02,2.195729971353296950e+00,-1.560941785573706442e+00
9.126000000000000512e+01,-2.167823187914695929e-02,2.191730165590402901e+00,-1.560941036888590538e+00
9.128000000000000114e+01,-2.163880986036435458e-02,2.187730359857018581e+00,-1.560940288203474635e+00
9.129999999999999716e+01,-2.159938484672266346e-02,2.183730554153143988e+00,-1.560939539518358510e+00
9.131999999999999318e+01,-2.155995683881504685e-02,2.179730748478797331e+00,-1.560938790833242829e+00
9.134000000000000341e+01,-2.152052583664150476e-02,2.175730942833969728e+00,-1.560938042148126925e+00
9.135999999999999943e+01,-2.148109197900583897e-02,2.171731137217355556e+00,-1.560937363374182318e+00
9.137999999999999545e+01,-2.144165540687863192e-02,2.167731331627514635e+00,-1.560936684600237934e+00
9.140000000000000568e+01,-2.140221611960562917e-02,2.163731526064436750e+00,-1.560936005826293105e+00
9.142000000000000171e+01,-2.136277411718683072e-02,2.159731720528132115e+00,-1.560935327052348498e+00
9.143999999999999773e+01,-2.132332952970488957e-02,2.155731915017331524e+00,-1.560934713012811281e+00
9.145999999999999375e+01,-2.128388248542504788e-02,2.151732109530747561e+00,-1.560934098973273843e+00
9.148000000000000398e+01,-2.124443298579375625e-02,2.147732304068380227e+00,-1.560933484933736848e+00
9.150000000000000000e+01,-2.120498103008779112e-02,2.143732498630241068e+00,-1.560932870894199853e+00
9.151999999999999602e+01,-2.116552661830714901e-02,2.139732693216330084e+00,-1.560932256854662414e+00
9.154000000000000625e+01,-2.112606986458829758e-02,2.135732887825399384e+00,-1.560931700082643481e+00
9.156000000000000227e+01,-2.108661088472850789e-02,2.131733082456428008e+00,-1.560931143310625213e+00
9.157999999999999829e+01,-2.104714967713254906e-02,2.127733277109428389e+00,-1.560930586538606279e+00
9.159999999999999432e+01,-2.100768624259803652e-02,2.123733471784400528e+00,-1.560930029766587568e+00
9.162000000000000455e+01,-2.096822058112497028e-02,2.119733666481344425e+00,-1.560929472994569078e+00
9.164000000000000057e+01,-2.092875279683443016e-02,2.115733861198818566e+00,-1.560928968073888257e+00
9.165999999999999659e+01,-2.088928299228020452e-02,2.111734055936205667e+00,-1.560928463153207657e+00
9.168000000000000682e+01,-2.084981116834181553e-02,2.107734250693533262e+00,-1.560927958232527057e+00
9.170000000000000284e+01,-2.081033732501926317e-02,2.103734445470773817e+00,-1.560927453311846236e+00
9.171999999999999886e+01,-2.077086146231254746e-02,2.099734640267968633e+00,-1.560926948391165858e+00
9.173999999999999488e+01,-2.073138367391343106e-02,2.095734835083749470e+00,-1.560926490448458104e+00
9.176000000000000512e+01,-2.069190405365958080e-02,2.091735029917622057e+00,-1.560926032505750571e+00
9.178000000000000114e+01,-2.065242260155099319e-02,2.087735224769571296e+00,-1.560925574563042595e+00
9.179999999999999716e+01,-2.061293931758767170e-02,2.083735419639597186e+00,-1.560925116620334618e+00
9.181999999999999318e+01,-2.057345420273936146e-02,2.079735614527699727e+00,-1.560924658677627086e+00
9.184000000000000341e+01,-2.053396725603631734e-02,2.075735809433894463e+00,-1.560924200734919332e+00
9.185999999999999943e+01,-2.049447847747853935e-02,2.071736004358165850e+00,-1.560923742792211577e+00
9.187999999999999545e+01,-2.045498795199779743e-02,2.067736199301336786e+00,-1.560923327416023465e+00
9.190000000000000568e+01,-2.041549576509627331e-02,2.063736394260912377e+00,-1.560922912039834909e+00
9.192000000000000171e+01,-2.037600191677396699e-02,2.059736589236909055e+00,-1.560922496663646575e+00
9.193999999999999773e+01,-2.033650648813731948e-02,2.055736784228004765e+00,-1.560922121572373866e+00
9.195999999999999375e+01,-2.029700955943637003e-02,2.051736979233918401e+00,-1.560921746481100714e+00
9.198000000000000398e+01,-2.025751112948716640e-02,2.047737174254649961e+00,-1.560921371389827783e+00
9.200000000000000000e+01,-2.021801119947366082e-02,2.043737369290199446e+00,-1.560920996298554853e+00
9.201999999999999602e+01,-2.017850976939585331e-02,2.039737564340566855e+00,-1.560920621207281700e+00
9.204000000000000625e+01,-2.013900690893758241e-02,2.035737759403723146e+00,-1.560920280950993444e+00
9.206000000000000227e+01,-2.009950268719647506e-02,2.031737954480318464e+00,-1.560919940694704966e+00
9.207999999999999829e+01,-2.005999710417253126e-02,2.027738149570373238e+00,-1.560919600438416266e+00
9.209999999999999432e+01,-2.002049016117090838e-02,2.023738344673867040e+00,-1.560919260182128232e+00
9.212000000000000455e+01,-1.998098185688644904e-02,2.019738539790779441e+00,-1.560918919925839532e+00
9.214000000000000057e+01,-1.994147225387880515e-02,2.015738734920834219e+00,-1.560918611203709450e+00
9.215999999999999659e+01,-1.990196141665920987e-02,2.011738930063070807e+00,-1.560918302481579589e+00
9.218000000000000682e+01,-1.986244934378919233e-02,2.007739125217489651e+00,-1.560917993759449507e+00
9.220000000000000284e+01,-1.982293603814569774e-02,2.003739320384135603e+00,-1.560917685037319202e+00
9.221999999999999886e+01,-1.978342149541330308e-02,1.999739515562963588e+00,-1.560917376315189120e+00
9.223999999999999488e+01,-1.974390577611291608e-02,1.995739710753102303e+00,-1.560917096174373242e+00
9.226000000000000512e+01,-1.970438893605092057e-02,1.991739905954288181e+00,-1.560916816033557808e+00
9.228000000000000114e+01,-1.966487097522731653e-02,1.987740101166570739e+00,-1.560916535892742152e+00
9.229999999999999716e+01,-1.962535189522733592e-02,1.983740296389925106e+00,-1.560916255751926274e+00
9.231999999999999318e+01,-1.958583169288051137e-02,1.979740491624326637e+00,-1.560915975611110840e+00
9.234000000000000341e+01,-1.954631037135731372e-02,1.975740686869824847e+00,-1.560915695470295184e+00
9.235999999999999943e+01,-1.950678792907250408e-02,1.971740882126370220e+00,-1.560915415329479528e+00
9.237999999999999545e+01,-1.946726441816449757e-02,1.967741077394068006e+00,-1.560915161096541715e+00
9.240000000000000568e+01,-1.942773989063007259e-02,1.963741272671809757e+00,-1.560914906863603901e+00
9.242000000000000171e+01,-1.938821434472245281e-02,1.959741467959622785e+00,-1.560914652630666088e+00
9.243999999999999773e+01,-1.934868783119154598e-02,1.955741663258546925e+00,-1.560914422926882983e+00
9.245999999999999375e+01,-1.930916040127048094e-02,1.951741858566533372e+00,-1.560914193223100099e+00
9.248000000000000398e+01,-1.926963205109263541e-02,1.947742053883612545e+00,-1.560913963519317438e+00
9.250000000000000000e+01,-1.923010278065800938e-02,1.943742249209784223e+00,-1.560913733815534554e+00
9.251999999999999602e+01,-1.919057259383322861e-02,1.939742444545018207e+00,-1.560913504111751671e+00
9.254000000000000625e+01,-1.915104152997717732e-02,1.935742639887603866e+00,-1.560913295628252095e+00
9.256000000000000227e+01,-1.911150963112473108e-02,1.931742835238376976e+00,-1.560913087144752520e+00
9.257999999999999829e+01,-1.907197689940598462e-02,1.927743030597437457e+00,-1.560912878661252945e+00
9.259999999999999432e+01,-1.903244333269084321e-02,1.923743225964718917e+00,-1.560912670177753370e+00
9.262000000000000455e+01,-1.899290893310940156e-02,1.919743421340254441e+00,-1.560912461694253794e+00
9.264000000000000057e+01,-1.895337373786788390e-02,1.915743616725549048e+00,-1.560912272428478520e+00
9.265999999999999659e+01,-1.891383778709238017e-02,1.911743812118359420e+00,-1.560912083162703246e+00
9.268000000000000682e+01,-1.887430107609013377e-02,1.907744007518648699e+00,-1.560911893896927971e+00
9.270000000000000284e+01,-1.883476360955390130e-02,1.903744202926453744e+00,-1.560911704631152697e+00
9.271999999999999886e+01,-1.879522538748368277e-02,1.899744398341701279e+00,-1.560911515365377644e+00
9.273999999999999488e+01,-1.875568644129455009e-02,1.895744593764967512e+00,-1.560911343525330119e+00
9.276000000000000512e+01,-1.871614681026132973e-02,1.891744789195058063e+00,-1.560911171685282373e+00
9.278000000000000114e+01,-1.867660648921538880e-02,1.887744984631932299e+00,-1.560910999845235070e+00
9.279999999999999716e+01,-1.863706548074104200e-02,1.883745180075590442e+00,-1.560910828005187101e+00
9.281999999999999318e+01,-1.859752378742260751e-02,1.879745375526032491e+00,-1.560910656165139576e+00
9.284000000000000341e+01,-1.855798143592525193e-02,1.875745570981739441e+00,-1.560910500127794531e+00
9.285999999999999943e+01,-1.851843846114418005e-02,1.871745766443627668e+00,-1.560910344090449264e+00
9.287999999999999545e+01,-1.847889486307938839e-02,1.867745961911697172e+00,-1.560910188053103997e+00
9.290000000000000568e+01,-1.843935063888483064e-02,1.863746157385903546e+00,-1.560910032015758730e+00
9.292000000000000171e+01,-1.839980579425259943e-02,1.859746352866291197e+00,-1.560909875978413686e+00
9.293999999999999773e+01,-1.836026035060816033e-02,1.855746548353715886e+00,-1.560909734273264515e+00
9.295999999999999375e+01,-1.832071433972853186e-02,1.851746743846722776e+00,-1.560909592568115789e+00
9.298000000000000398e+01,-1.828116776474760993e-02,1.847746939345360939e+00,-1.560909450862966397e+00
9.300000000000000000e+01,-1.824162062253149863e-02,1.843747134849581304e+00,-1.560909309157817448e+00
9.301999999999999602e+01,-1.820207291308020142e-02,1.839747330359383870e+00,-1.560909167452668944e+00
9.304000000000000625e+01,-1.816252466243179625e-02,1.835747525869301455e+00,-1.560909038747250399e+00
9.306000000000000227e+01,-1.812297589766911909e-02,1.831747721384286764e+00,-1.560908910041832298e+00
9.307999999999999829e+01,-1.808342661534174250e-02,1.827747916904340020e+00,-1.560908781336413753e+00
9.309999999999999432e+01,-1.804387682235052484e-02,1.823748112429514956e+00,-1.560908652630995652e+00
9.312000000000000455e+01,-1.800432651179460428e-02,1.819748307959757616e+00,-1.560908523925576885e+00
9.314000000000000057e+01,-1.796477571089180950e-02,1.815748503494315491e+00,-1.560908407012460364e+00
9.315999999999999659e+01,-1.792522444277905302e-02,1.811748699033443266e+00,-1.560908290099343843e+00
9.318000000000000682e+01,-1.788567270745633486e-02,1.807748894577200449e+00,-1.560908173186226877e+00
9.320000000000000284e+01,-1.784612050492365501e-02,1.803749090125587040e+00,-1.560908056273110134e+00
9.321999999999999886e+01,-1.780656783138255539e-02,1.799749285678603039e+00,-1.560907939359993390e+00
9.323999999999999488e+01,-1.776701471636807014e-02,1.795749481238835044e+00,-1.560907833144914658e+00
9.326000000000000512e+01,-1.772746117070674032e-02,1.791749676803313429e+00,-1.560907726929836370e+00
9.328000000000000114e+01,-1.768790720276063738e-02,1.787749872371972915e+00,-1.560907620714757860e+00
9.329999999999999716e+01,-1.764835281252976132e-02,1.783750067944813500e+00,-1.560907514499679349e+00
9.331999999999999318e+01,-1.760879799583307814e-02,1.779750263521834963e+00,-1.560907408284600839e+00
9.334000000000000341e+01,-1.756924277354433156e-02,1.775750459100666312e+00,-1.560907311775851181e+00
9.335999999999999943e+01,-1.752968716472592947e-02,1.771750654683236448e+00,-1.560907215267101522e+00
9.337999999999999545e+01,-1.749013116937787535e-02,1.767750850269689034e+00,-1.560907118758351864e+00
9.340000000000000568e+01,-1.745057479210170709e-02,1.763751045859952349e+00,-1.560907022249602205e+00
9.342000000000000171e+01,-1.741101802369434196e-02,1.759751241453954451e+00,-1.560906925740852325e+00
9.343999999999999773e+01,-1.737146089108326449e-02,1.755751437058705955e+00,-1.560906838039472166e+00
9.345999999999999375e+01,-1.733190340401659715e-02,1.751751632666859626e+00,-1.560906750338091786e+00
9.348000000000000398e+01,-1.729234556755799082e-02,1.747751828278494735e+00,-1.560906662636711406e+00
9.350000000000000000e+01,-1.725278738170744203e-02,1.743752023893611058e+00,-1.560906574935331026e+00
9.351999999999999602e+01,-1.721322884140130335e-02,1.739752219512208598e+00,-1.560906487233950868e+00
9.354000000000000625e+01,-1.717366996701955029e-02,1.735752415128440918e+00,-1.560906407525123107e+00
9.356000000000000227e+01,-1.713411077506838895e-02,1.731752610747894217e+00,-1.560906327816296013e+00
9.357999999999999829e+01,-1.709455126554782281e-02,1.727752806370481453e+00,-1.560906248107468697e+00
9.359999999999999432e+01,-1.705499143845785187e-02,1.723753001996202627e+00,-1.560906168398641380e+00
9.362000000000000455e+01,-1.701543128822707862e-02,1.719753197625057517e+00,-1.560906088689813842e+00
9.364000000000000057e+01,-1.697587083686494247e-02,1.715753393259734860e+00,-1.560906016234859139e+00
9.365999999999999659e+01,-1.693631009743151034e-02,1.711753588897285239e+00,-1.560905943779904659e+00
9.368000000000000682e+01,-1.689674906379760172e-02,1.707753784537708652e+00,-1.560905871324950178e+00
9.370000000000000284e+01,-1.685718774209239712e-02,1.703753980181005101e+00,-1.560905798869995253e+00
9.371999999999999886e+01,-1.681762613231589307e-02,1.699754175827174585e+00,-1.560905726415040551e+00
9.373999999999999488e+01,-1.677806424028373961e-02,1.695754371468600086e+00,-1.560905660544224638e+00
9.376000000000000512e+01,-1.673850209206240863e-02,1.691754567112659258e+00,-1.560905594673408503e+00
9.378000000000000114e+01,-1.669893967416826233e-02,1.687754762759351879e+00,-1.560905528802592812e+00
9.379999999999999716e+01,-1.665937699334311961e-02,1.683754958408677949e+00,-1.560905462931776899e+00
9.381999999999999318e+01,-1.661981405632880285e-02,1.679755154060532218e+00,-1.560905397060960764e+00
9.384000000000000341e+01,-1.658025084964167076e-02,1.675755349715020159e+00,-1.560905331190145073e+00
9.385999999999999943e+01,-1.654068738983872563e-02,1.671755545384054242e+00,-1.560905271296269214e+00
9.387999999999999545e+01,-1.650112369276853994e-02,1.667755741055637175e+00,-1.560905211402393356e+00
9.390000000000000568e+01,-1.646155975843111366e-02,1.663755936729421236e+00,-1.560905151508517497e+00
9.392000000000000171e+01,-1.642199557941184315e-02,1.659756132405638240e+00,-1.560905091614641416e+00
9.393999999999999773e+01,-1.638243117947868130e-02,1.655756328082142348e+00,-1.560905037267545925e+00
9.395999999999999375e+01,-1.634286655891903708e-02,1.651756523760689266e+00,-1.560904982920450212e+00
9.398000000000000398e+01,-1.630330171773290704e-02,1.647756719441534345e+00,-1.560904928573354500e+00
9.400000000000000000e+01,-1.626373666409164365e-02,1.643756915124422457e+00,-1.560904874226258787e+00
9.401999999999999602e+01,-1.622417138982389789e-02,1.639757110809481055e+00,-1.560904819879163297e+00
9.404000000000000625e+01,-1.618460590683095529e-02,1.635757306487261475e+00,-1.560904770450734835e+00
9.406000000000000227e+01,-1.614504022617923792e-02,1.631757502167007212e+00,-1.560904721022306374e+00
9.407999999999999829e+01,-1.610547434786874579e-02,1.627757697848858598e+00,-1.560904671593878357e+00
9.409999999999999432e+01,-1.606590827189947543e-02,1.623757893532534968e+00,-1.560904622165449895e+00
9.412000000000000455e+01,-1.602634200725592054e-02,1.619758089218036323e+00,-1.560904572737021878e+00
9.414000000000000057e+01,-1.598677554169115542e-02,1.615758284916084531e+00,-1.560904527772637440e+00
9.415999999999999659e+01,-1.594720889835000641e-02,1.611758480615984590e+00,-1.560904482808253002e+00
9.418000000000000682e+01,-1.590764207723247003e-02,1.607758676317582180e+00,-1.560904437843868564e+00
9.420000000000000284e+01,-1.586807507833854630e-02,1.603758872020877302e+00,-1.560904392879484126e+00
9.421999999999999886e+01,-1.582850790166823868e-02,1.599759067726024275e+00,-1.560904347915099466e+00
9.423999999999999488e+01,-1.578894054482103682e-02,1.595759263426909547e+00,-1.560904307004747693e+00
9.426000000000000512e+01,-1.574937303600132399e-02,1.591759459129321375e+00,-1.560904266094395698e+00
9.428000000000000114e+01,-1.570980535349874099e-02,1.587759654833429179e+00,-1.560904225184043703e+00
9.429999999999999716e+01,-1.567023750816846916e-02,1.583759850539063541e+00,-1.560904184273691708e+00
9.431999999999999318e+01,-1.563066950001050504e-02,1.579760046246394101e+00,-1.560904143363339713e+00
9.434000000000000341e+01,-1.559110134549986960e-02,1.575760241944747841e+00,-1.560904106135255542e+00
9.435999999999999943e+01,-1.555153302398496439e-02,1.571760437644406316e+00,-1.560904068907172038e+00
9.437999999999999545e+01,-1.551196457125241825e-02,1.567760633345742338e+00,-1.560904031679087645e+00
9.440000000000000568e+01,-1.547239596344448034e-02,1.563760829048383094e+00,-1.560903994451003918e+00
9.442000000000000171e+01,-1.543282720056114894e-02,1.559761024752514880e+00,-1.560903957222919969e+00
9.443999999999999773e+01,-1.539325829280913452e-02,1.555761220464285444e+00,-1.560903923339739929e+00
9.445999999999999375e+01,-1.535368926709880337e-02,1.551761416177489528e+00,-1.560903889456560112e+00
9.448000000000000398e+01,-1.531412009721719661e-02,1.547761611891922184e+00,-1.560903855573379628e+00
9.450000000000000000e+01,-1.527455078316431250e-02,1.543761807607788361e+00,-1.560903821690199811e+00
9.451999999999999602e+01,-1.523498133804663222e-02,1.539762003324883333e+00,-1.560903787807019771e+00
9.454000000000000625e+01,-1.519541177040980261e-02,1.535762199046193599e+00,-1.560903756962908062e+00
9.456000000000000227e+01,-1.515584207319223102e-02,1.531762394768853675e+00,-1.560903726118796797e+00
9.457999999999999829e+01,-1.511627226079177537e-02,1.527762590492638406e+00,-1.560903695274685310e+00
9.459999999999999432e+01,-1.507670231881057775e-02,1.523762786217548015e+00,-1.560903664430573823e+00
9.462000000000000455e+01,-1.503713224724863642e-02,1.519762981943807434e+00,-1.560903633586462336e+00
9.464000000000000057e+01,-1.499756206241272677e-02,1.515763177665441219e+00,-1.560903605503579206e+00
9.465999999999999659e+01,-1.495799176688218310e-02,1.511763373388063325e+00,-1.560903577420696076e+00
9.468000000000000682e+01,-1.491842136065700541e-02,1.507763569111673752e+00,-1.560903549337812946e+00
9.470000000000000284e+01,-1.487885084373719372e-02,1.503763764836519634e+00,-1.560903521254929815e+00
9.471999999999999886e+01,-1.483928020030922910e-02,1.499763960562353837e+00,-1.560903493172046907e+00
9.473999999999999488e+01,-1.479970946428268291e-02,1.495764156289458358e+00,-1.560903467598539152e+00
9.476000000000000512e+01,-1.476013862406490296e-02,1.491764352017376893e+00,-1.560903442025031618e+00
9.478000000000000114e+01,-1.472056767965589097e-02,1.487764547746109445e+00,-1.560903416451524084e+00
9.479999999999999716e+01,-1.468099663105564695e-02,1.483764743476198689e+00,-1.560903390878016550e+00
9.481999999999999318e+01,-1.464142547826417090e-02,1.479764939207101948e+00,-1.560903365304508794e+00
9.484000000000000341e+01,-1.460185423734658774e-02,1.475765134944122758e+00,-1.560903342011755957e+00
9.485999999999999943e+01,-1.456228290110124154e-02,1.471765330682335060e+00,-1.560903318719002897e+00
9.487999999999999545e+01,-1.452271146952813230e-02,1.467765526421441091e+00,-1.560903295426250059e+00
9.490000000000000568e+01,-1.448313994262726001e-02,1.463765722161440852e+00,-1.560903272133496777e+00
9.492000000000000171e+01,-1.444356832039862468e-02,1.459765917902334342e+00,-1.560903248840743718e+00
9.493999999999999773e+01,-1.440399661018085774e-02,1.455766113663627070e+00,-1.560903227620997757e+00
9.495999999999999375e+01,-1.436442481625064584e-02,1.451766309426227863e+00,-1.560903206401251797e+00
9.498000000000000398e+01,-1.432485293860798724e-02,1.447766505189482578e+00,-1.560903185181505837e+00
9.500000000000000000e+01,-1.428528097725288368e-02,1.443766700953391213e+00,-1.560903163961759654e+00
9.501999999999999602e+01,-1.424570893218533342e-02,1.439766896718281064e+00,-1.560903142742014138e+00
9.504000000000000625e+01,-1.420613679216781167e-02,1.435767092484630858e+00,-1.560903123407009208e+00
9.506000000000000227e+01,-1.416656458324585220e-02,1.431767288252057124e+00,-1.560903104072004499e+00
9.507999999999999829e+01,-1.412699230541945503e-02,1.427767484019842437e+00,-1.560903084736999791e+00
9.509999999999999432e+01,-1.408741993572047366e-02,1.423767679788704221e+00,-1.560903065401995082e+00
9.512000000000000455e+01,-1.404784749711705631e-02,1.419767875557925052e+00,-1.560903046066990152e+00
9.514000000000000057e+01,-1.400827498493784420e-02,1.415768071292646590e+00,-1.560903028445825402e+00
9.515999999999999659e+01,-1.396870239715252739e-02,1.411768267028155721e+00,-1.560903010824660431e+00
9.518000000000000682e+01,-1.392912975896314076e-02,1.407768462764058759e+00,-1.560902993203495459e+00
9.520000000000000284e+01,-1.388955701996561626e-02,1.403768658500749167e+00,-1.560902975582330487e+00
9.521999999999999886e+01,-1.384998423056402195e-02,1.399768854238227167e+00,-1.560902957961165516e+00
9.523999999999999488e+01,-1.381041136015883665e-02,1.395769050008760725e+00,-1.560902941898388629e+00
9.526000000000000512e+01,-1.377083843445944984e-02,1.391769245779726161e+00,-1.560902925835611299e+00
9.528000000000000114e+01,-1.373126545346586326e-02,1.387769441551987448e+00,-1.560902909772834191e+00
9.529999999999999716e+01,-1.369169238953097528e-02,1.383769637324248736e+00,-1.560902893710057082e+00
9.531999999999999318e+01,-1.365211927030188753e-02,1.379769833097373999e+00,-1.560902877647279974e+00
9.534000000000000341e+01,-1.361254609577860000e-02,1.375770028871363237e+00,-1.560902861584502865e+00
9.535999999999999943e+01,-1.357297283831401108e-02,1.371770224645784575e+00,-1.560902845521725757e+00
9.537999999999999545e+01,-1.353339954638031577e-02,1.367770420392703912e+00,-1.560902830876305325e+00
9.540000000000000568e+01,-1.349382616347841526e-02,1.363770616140570935e+00,-1.560902816230884671e+00
9.542000000000000171e+01,-1.345425275025377912e-02,1.359770811889385644e+00,-1.560902801585463795e+00
9.543999999999999773e+01,-1.341467927587367340e-02,1.355771007630204972e+00,-1.560902788286479659e+00
9.545999999999999375e+01,-1.337510573470813459e-02,1.351771203371546104e+00,-1.560902774987495079e+00
9.548000000000000398e+01,-1.333553216014987837e-02,1.347771399113930846e+00,-1.560902761688510942e+00
9.550000000000000000e+01,-1.329595851880619080e-02,1.343771594856315588e+00,-1.560902748389526140e+00
9.551999999999999602e+01,-1.325638481067707014e-02,1.339771790599221912e+00,-1.560902735090542226e+00
9.554000000000000625e+01,-1.321681106662192517e-02,1.335771986364603148e+00,-1.560902722960288314e+00
9.556000000000000227e+01,-1.317723728595672841e-02,1.331772182129984383e+00,-1.560902710830033957e+00
9.557999999999999829e+01,-1.313766343207143153e-02,1.327772377895937828e+00,-1.560902698699780267e+00
9.559999999999999432e+01,-1.309808954157608285e-02,1.323772573661891272e+00,-1.560902686569526354e+00
9.562000000000000455e+01,-1.305851557786063405e-02,1.319772769428988690e+00,-1.560902674439272220e+00
9.564000000000000057e+01,-1.301894162570893000e-02,1.315772965225461943e+00,-1.560902663371782628e+00
9.565999999999999659e+01,-1.297936759330610944e-02,1.311773161021935197e+00,-1.560902652304292815e+00
9.568000000000000682e+01,-1.293979352077773148e-02,1.307773356819035282e+00,-1.560902641236803001e+00
9.570000000000000284e+01,-1.290021940812379440e-02,1.303773552616762421e+00,-1.560902630169313188e+00
9.571999999999999886e+01,-1.286064521521874254e-02,1.299773748414489560e+00,-1.560902619101823374e+00
9.573999999999999488e+01,-1.282107100036503425e-02,1.295773944139737566e+00,-1.560902609001132202e+00
9.576000000000000512e+01,-1.278149678551132595e-02,1.291774139953604905e+00,-1.560902598900441252e+00
9.578000000000000114e+01,-1.274192248272517682e-02,1.287774335768159251e+00,-1.560902588799750301e+00
9.579999999999999716e+01,-1.270234817993902768e-02,1.283774531582713596e+00,-1.560902578699059573e+00
9.581999999999999318e+01,-1.266277378922043770e-02,1.279774727397954948e+00,-1.560902568598368401e+00
9.584000000000000341e+01,-1.262319941560908522e-02,1.275774923181184572e+00,-1.560902559377909116e+00
9.585999999999999943e+01,-1.258362494567081234e-02,1.271775118964414197e+00,-1.560902550157450497e+00
9.587999999999999545e+01,-1.254405047573253947e-02,1.267775314748396331e+00,-1.560902540936991212e+00
9.590000000000000568e+01,-1.250447595763080726e-02,1.263775510532378465e+00,-1.560902531716532149e+00
9.592000000000000171e+01,-1.246490139136561572e-02,1.259775706317113109e+00,-1.560902522496073086e+00
9.593999999999999773e+01,-1.242532679840905804e-02,1.255775902094507401e+00,-1.560902514077098457e+00
9.595999999999999375e+01,-1.238575220545250037e-02,1.251776097871901694e+00,-1.560902505658124273e+00
9.598000000000000398e+01,-1.234617755974733166e-02,1.247776293650120216e+00,-1.560902497239149866e+00
9.600000000000000000e+01,-1.230660286129355192e-02,1.243776489429162968e+00,-1.560902488820175460e+00
9.601999999999999602e+01,-1.226702811009115941e-02,1.239776685207381490e+00,-1.560902480401201053e+00
9.604000000000000625e+01,-1.222745337438944230e-02,1.235776881037944364e+00,-1.560902472711589439e+00
9.606000000000000227e+01,-1.218787858093588715e-02,1.231777076868507237e+00,-1.560902465021977825e+00
9.607999999999999829e+01,-1.214830378748233200e-02,1.227777272699972499e+00,-1.560902457332366211e+00
9.609999999999999432e+01,-1.210872893627693882e-02,1.223777468531437762e+00,-1.560902449642754597e+00
9.612000000000000455e+01,-1.206915402731970760e-02,1.219777664362903025e+00,-1.560902441953142983e+00
9.614000000000000057e+01,-1.202957911775674217e-02,1.215777860167098323e+00,-1.560902434927888160e+00
9.615999999999999659e+01,-1.199000420819377674e-02,1.211778055971293622e+00,-1.560902427902633338e+00
9.618000000000000682e+01,-1.195042923541755897e-02,1.207778251776476575e+00,-1.560902420877378516e+00
9.620000000000000284e+01,-1.191085426264134120e-02,1.203778447581659528e+00,-1.560902413852123694e+00
9.621999999999999886e+01,-1.187127922665187109e-02,1.199778643386842480e+00,-1.560902406826869093e+00
9.623999999999999488e+01,-1.183170415501725962e-02,1.195778839158970319e+00,-1.560902400406702917e+00
9.626000000000000512e+01,-1.179212908338264816e-02,1.191779034931098158e+00,-1.560902393986536296e+00
9.628000000000000114e+01,-1.175255401174803670e-02,1.187779230704306910e+00,-1.560902387566370342e+00
9.629999999999999716e+01,-1.171297887094244032e-02,1.183779426477515662e+00,-1.560902381146204165e+00
9.631999999999999318e+01,-1.167340373013684394e-02,1.179779622250724413e+00,-1.560902374726037989e+00
9.634000000000000341e+01,-1.163382858346668006e-02,1.175779818000002530e+00,-1.560902368857629785e+00
9.635999999999999943e+01,-1.159425336112195580e-02,1.171780013748098259e+00,-1.560902362989221803e+00
9.637999999999999545e+01,-1.155467813877723154e-02,1.167780209497376376e+00,-1.560902357120813377e+00
9.640000000000000568e+01,-1.151510291643250729e-02,1.163780405247836880e+00,-1.560902351252405174e+00
9.642000000000000171e+01,-1.147552761841322266e-02,1.159780600997114997e+00,-1.560902345383996970e+00
9.643999999999999773e+01,-1.143595235079493226e-02,1.155780796744706684e+00,-1.560902340017236378e+00
9.645999999999999375e+01,-1.139637700042855049e-02,1.151780992492298372e+00,-1.560902334650475565e+00
9.648000000000000398e+01,-1.135680173281026009e-02,1.147781188239890060e+00,-1.560902329283714751e+00
9.650000000000000000e+01,-1.131722629969578696e-02,1.143781383987481748e+00,-1.560902323916953938e+00
9.651999999999999602e+01,-1.127765094932940519e-02,1.139781579735073436e+00,-1.560902318550192902e+00
9.654000000000000625e+01,-1.123807556485607873e-02,1.135781775600255061e+00,-1.560902313642120731e+00
9.656000000000000227e+01,-1.119850018038275226e-02,1.131781971464022929e+00,-1.560902308734048560e+00
9.657999999999999829e+01,-1.115892470542803432e-02,1.127782167329204555e+00,-1.560902303825976389e+00
9.659999999999999432e+01,-1.111934923047331637e-02,1.123782363194386180e+00,-1.560902298917903996e+00
9.662000000000000455e+01,-1.107977375551859843e-02,1.119782559059567806e+00,-1.560902294009832048e+00
9.664000000000000057e+01,-1.104019828017813523e-02,1.115782754767353557e+00,-1.560902289518721675e+00
9.665999999999999659e+01,-1.100062280483767203e-02,1.111782950473594322e+00,-1.560902285027611525e+00
9.668000000000000682e+01,-1.096104723061537729e-02,1.107783146181380074e+00,-1.560902280536500930e+00
9.670000000000000284e+01,-1.092147165639308255e-02,1.103783341889165825e+00,-1.560902276045390558e+00
9.671999999999999886e+01,-1.088189618105261935e-02,1.099783537596951577e+00,-1.560902271554280407e+00
9.673999999999999488e+01,-1.084232052285727041e-02,1.095783733423604023e+00,-1.560902267443648128e+00
9.676000000000000512e+01,-1.080274497269620264e-02,1.091783929250256469e+00,-1.560902263333015627e+00
9.678000000000000114e+01,-1.076316931450085369e-02,1.087784125076908914e+00,-1.560902259222383348e+00
9.679999999999999716e+01,-1.072359365630550475e-02,1.083784320903561360e+00,-1.560902255111751069e+00
9.681999999999999318e+01,-1.068401799811015580e-02,1.079784516730213806e+00,-1.560902251001119012e+00
9.684000000000000341e+01,-1.064444233991480686e-02,1.075784712556866252e+00,-1.560902246890486511e+00
9.685999999999999943e+01,-1.060486671717742087e-02,1.071784908412003468e+00,-1.560902243126632838e+00
9.687999999999999545e+01,-1.056529097645212377e-02,1.067785104267140683e+00,-1.560902239362779609e+00
9.690000000000000568e+01,-1.052571535371473778e-02,1.063785300122277899e+00,-1.560902235598926158e+00
9.692000000000000171e+01,-1.048613961298944068e-02,1.059785495977415115e+00,-1.560902231835072707e+00
9.693999999999999773e+01,-1.044656378584356629e-02,1.055785691799919102e+00,-1.560902228392603286e+00
9.695999999999999375e+01,-1.040698808770078483e-02,1.051785887620407367e+00,-1.560902224950133865e+00
9.698000000000000398e+01,-1.036741226055491044e-02,1.047786083440895633e+00,-1.560902221507664445e+00
9.700000000000000000e+01,-1.032783656241212898e-02,1.043786279261383898e+00,-1.560902218065195024e+00
9.701999999999999602e+01,-1.028826073526625459e-02,1.039786475083887884e+00,-1.560902214622725603e+00
9.704000000000000625e+01,-1.024868487913519789e-02,1.035786670936914344e+00,-1.560902211468767398e+00
9.706000000000000227e+01,-1.020910916380790914e-02,1.031786866789940804e+00,-1.560902208314809192e+00
9.707999999999999829e+01,-1.016953330767685244e-02,1.027787062642967264e+00,-1.560902205160850986e+00
9.709999999999999432e+01,-1.012995745154579574e-02,1.023787258495993724e+00,-1.560902202006892781e+00
9.712000000000000455e+01,-1.009038159541473904e-02,1.019787454349020184e+00,-1.560902198852934575e+00
9.714000000000000057e+01,-1.005080573835138991e-02,1.015787650272153897e+00,-1.560902195961811012e+00
9.715999999999999659e+01,-1.001122972768367717e-02,1.011787846192887530e+00,-1.560902193070687671e+00
9.718000000000000682e+01,-9.971653870620328028e-03,1.007788042113621163e+00,-1.560902190179563886e+00
9.720000000000000284e+01,-9.932078013556978890e-03,1.003788238034354796e+00,-1.560902187288440324e+00
9.721999999999999886e+01,-9.892502156493629753e-03,9.997884339574885093e-01,-1.560902184397316761e+00
9.723999999999999488e+01,-9.852926144503332609e-03,9.957886298501410494e-01,-1.560902181746483430e+00
9.726000000000000512e+01,-9.813350132513035465e-03,9.917888257454112733e-01,-1.560902179095650100e+00
9.728000000000000114e+01,-9.773774288050885925e-03,9.877890216380638133e-01,-1.560902176444816991e+00
9.729999999999999716e+01,-9.734198276060588781e-03,9.837892175333340372e-01,-1.560902173793983216e+00
9.731999999999999318e+01,-9.694622264070291637e-03,9.797894134259865773e-01,-1.560902171143150108e+00
9.734000000000000341e+01,-9.655046419608142097e-03,9.757896093212568012e-01,-1.560902168492316777e+00
9.735999999999999943e+01,-9.615470344028912222e-03,9.717898049334818822e-01,-1.560902166061175045e+00
9.737999999999999545e+01,-9.575894268449682348e-03,9.677900005457069632e-01,-1.560902163630033757e+00
9.740000000000000568e+01,-9.536318375537413891e-03,9.637901961579320442e-01,-1.560902161198892246e+00
9.742000000000000171e+01,-9.496742299958184017e-03,9.597903917701571253e-01,-1.560902158767750736e+00
9.743999999999999773e+01,-9.457166183439601539e-03,9.557905873581162837e-01,-1.560902156539433872e+00
9.745999999999999375e+01,-9.417590266214593761e-03,9.517907829460754421e-01,-1.560902154311117007e+00
9.748000000000000398e+01,-9.378014149696011284e-03,9.477909785340346005e-01,-1.560902152082799921e+00
9.750000000000000000e+01,-9.338438033177428807e-03,9.437911741219937589e-01,-1.560902149854483056e+00
9.751999999999999602e+01,-9.298862115952421029e-03,9.397913697099529173e-01,-1.560902147626166636e+00
9.754000000000000625e+01,-9.259286064334725300e-03,9.357915656994172382e-01,-1.560902145582804490e+00
9.756000000000000227e+01,-9.219709795384415860e-03,9.317917616854857199e-01,-1.560902143539442788e+00
9.757999999999999829e+01,-9.180133743766720131e-03,9.277919576749500408e-01,-1.560902141496080642e+00
9.759999999999999432e+01,-9.140557692149024402e-03,9.237921536644143616e-01,-1.560902139452718718e+00
9.762000000000000455e+01,-9.100981640531328673e-03,9.197923496504828433e-01,-1.560902137409356794e+00
9.764000000000000057e+01,-9.061405515389791415e-03,9.157925456206258419e-01,-1.560902135530590318e+00
9.765999999999999659e+01,-9.021829390248254157e-03,9.117927415870754615e-01,-1.560902133651823842e+00
9.768000000000000682e+01,-8.982253265106716900e-03,9.077929375572184600e-01,-1.560902131773057366e+00
9.770000000000000284e+01,-8.942677139965179642e-03,9.037931335236680797e-01,-1.560902129894290669e+00
9.771999999999999886e+01,-8.903101014823642384e-03,8.997933294938110782e-01,-1.560902128015524415e+00
9.773999999999999488e+01,-8.863524774535325862e-03,8.957935253930205954e-01,-1.560902126287305736e+00
9.776000000000000512e+01,-8.823948534247009340e-03,8.917937212962451232e-01,-1.560902124559087278e+00
9.778000000000000114e+01,-8.784372550922237011e-03,8.877939171994696510e-01,-1.560902122830868377e+00
9.779999999999999716e+01,-8.744796310633920489e-03,8.837941130986791682e-01,-1.560902121102649698e+00
9.781999999999999318e+01,-8.705220070345603967e-03,8.797943090019036960e-01,-1.560902119374431019e+00
9.784000000000000341e+01,-8.665644062603752168e-03,8.757945049239328483e-01,-1.560902117785793575e+00
9.785999999999999943e+01,-8.626067775320964831e-03,8.717947008503298401e-01,-1.560902116197155909e+00
9.787999999999999545e+01,-8.586491488038177494e-03,8.677948967723589924e-01,-1.560902114608518687e+00
9.790000000000000568e+01,-8.546915480296325696e-03,8.637950926943881447e-01,-1.560902113019881243e+00
9.792000000000000171e+01,-8.507339193013538359e-03,8.597952886207851364e-01,-1.560902111431243577e+00
9.793999999999999773e+01,-8.467763020603194177e-03,8.557954846745607913e-01,-1.560902109966359586e+00
9.795999999999999375e+01,-8.428186848192849995e-03,8.517956807330733238e-01,-1.560902108501475150e+00
9.798000000000000398e+01,-8.388610372626000705e-03,8.477958767868489787e-01,-1.560902107036591158e+00
9.800000000000000000e+01,-8.349034200215656523e-03,8.437960728453615111e-01,-1.560902105571706944e+00
9.801999999999999602e+01,-8.309458027805312341e-03,8.397962688991371660e-01,-1.560902104106822730e+00
9.804000000000000625e+01,-8.269881885489256332e-03,8.357964648123599183e-01,-1.560902102761992261e+00
9.806000000000000227e+01,-8.230305412953735703e-03,8.317966607204230201e-01,-1.560902101417161791e+00
9.807999999999999829e+01,-8.190729270637679693e-03,8.277968566284861218e-01,-1.560902100072331322e+00
9.809999999999999432e+01,-8.151153128321623684e-03,8.237970525365492236e-01,-1.560902098727500631e+00
9.812000000000000455e+01,-8.111576655786103054e-03,8.197972484446123254e-01,-1.560902097382670384e+00
9.814000000000000057e+01,-8.072000477578892413e-03,8.157974441069305582e-01,-1.560902096139246353e+00
9.815999999999999659e+01,-8.032424299371681772e-03,8.117976397692487911e-01,-1.560902094895822545e+00
9.818000000000000682e+01,-7.992847764014203438e-03,8.077978354315670240e-01,-1.560902093652398293e+00
9.820000000000000284e+01,-7.953271585806992797e-03,8.037980310883047208e-01,-1.560902092408974262e+00
9.821999999999999886e+01,-7.913695407599782156e-03,7.997982267506229537e-01,-1.560902091165550232e+00
9.823999999999999488e+01,-7.874119114925182822e-03,7.957984223569838367e-01,-1.560902090022681987e+00
9.826000000000000512e+01,-7.834542822250583488e-03,7.917986179572732430e-01,-1.560902088879813743e+00
9.828000000000000114e+01,-7.794966529575984154e-03,7.877988135636341260e-01,-1.560902087736945498e+00
9.829999999999999716e+01,-7.755390236901384821e-03,7.837990091699950090e-01,-1.560902086594077032e+00
9.831999999999999318e+01,-7.715813555652483412e-03,7.797992047702844154e-01,-1.560902085451209231e+00
9.834000000000000341e+01,-7.676237483942557720e-03,7.757994003465932265e-01,-1.560902084392448153e+00
9.835999999999999943e+01,-7.636660992790194648e-03,7.717995959163482800e-01,-1.560902083333687518e+00
9.837999999999999545e+01,-7.597084921080268956e-03,7.677997914861033335e-01,-1.560902082274926661e+00
9.840000000000000568e+01,-7.557508429927905884e-03,7.637999870624121446e-01,-1.560902081216165582e+00
9.842000000000000171e+01,-7.517931938775542812e-03,7.598001826321671981e-01,-1.560902080157404725e+00
9.843999999999999773e+01,-7.478355966050768792e-03,7.558003780987991860e-01,-1.560902079184270042e+00
9.845999999999999375e+01,-7.438779536976782014e-03,7.518005735583006555e-01,-1.560902078211135358e+00
9.848000000000000398e+01,-7.399203107902795236e-03,7.478007690178021249e-01,-1.560902077238000674e+00
9.850000000000000000e+01,-7.359626678828808458e-03,7.438009644844341128e-01,-1.560902076264866212e+00
9.851999999999999602e+01,-7.320050249754821679e-03,7.398011599439355823e-01,-1.560902075291731306e+00
9.854000000000000625e+01,-7.280474147785700664e-03,7.358013557326970044e-01,-1.560902074392884087e+00
9.856000000000000227e+01,-7.240897551751413266e-03,7.318015515291782513e-01,-1.560902073494036424e+00
9.857999999999999829e+01,-7.201321449782292251e-03,7.278017473179396735e-01,-1.560902072595189205e+00
9.859999999999999432e+01,-7.161744853748004853e-03,7.238019431067010956e-01,-1.560902071696341542e+00
9.862000000000000455e+01,-7.122168257713717456e-03,7.198021389031823425e-01,-1.560902070797494323e+00
9.864000000000000057e+01,-7.082592361512271908e-03,7.158023348796678231e-01,-1.560902069966283445e+00
9.865999999999999659e+01,-7.043015931042906526e-03,7.118025308645011817e-01,-1.560902069135073011e+00
9.868000000000000682e+01,-7.003439500573541143e-03,7.078027268493345403e-01,-1.560902068303862134e+00
9.870000000000000284e+01,-6.963863070104175761e-03,7.038029228341678989e-01,-1.560902067472651700e+00
9.871999999999999886e+01,-6.924286639634810378e-03,6.998031188190012575e-01,-1.560902066641440822e+00
9.873999999999999488e+01,-6.884710437197304883e-03,6.958033146058254514e-01,-1.560902065868754685e+00
9.876000000000000512e+01,-6.845133660025520123e-03,6.918035104016297954e-01,-1.560902065096068325e+00
9.878000000000000114e+01,-6.805557457588014628e-03,6.878037061884539893e-01,-1.560902064323382188e+00
9.879999999999999716e+01,-6.765980680416229867e-03,6.838039019842583333e-01,-1.560902063550696495e+00
9.881999999999999318e+01,-6.726404477978724372e-03,6.798040977710825272e-01,-1.560902062778010357e+00
9.884000000000000341e+01,-6.686828275541218877e-03,6.758042935668868711e-01,-1.560902062005323998e+00
9.885999999999999943e+01,-6.647251989091018144e-03,6.718044899299867589e-01,-1.560902061301166821e+00
9.887999999999999545e+01,-6.607675071973176904e-03,6.678046863029408753e-01,-1.560902060597009422e+00
9.890000000000000568e+01,-6.568098785522976171e-03,6.638048826758949916e-01,-1.560902059892852689e+00
9.892000000000000171e+01,-6.528522499072775438e-03,6.598050790488491080e-01,-1.560902059188695290e+00
9.893999999999999773e+01,-6.488946212622574705e-03,6.558052754218032243e-01,-1.560902058484538113e+00
9.895999999999999375e+01,-6.449369441835086682e-03,6.518054714053689302e-01,-1.560902057828583489e+00
9.898000000000000398e+01,-6.409793348059655317e-03,6.478056673783563202e-01,-1.560902057172628865e+00
9.900000000000000000e+01,-6.370216577272167294e-03,6.438058633619220261e-01,-1.560902056516674019e+00
9.901999999999999602e+01,-6.330640483496735929e-03,6.398060593454877321e-01,-1.560902055860719395e+00
9.904000000000000625e+01,-6.291063814654422430e-03,6.358062547582711277e-01,-1.560902055255515730e+00
9.906000000000000227e+01,-6.251487145812108931e-03,6.318064501710545233e-01,-1.560902054650312065e+00
9.907999999999999829e+01,-6.211911210754329435e-03,6.278066455723725348e-01,-1.560902054045107956e+00
9.909999999999999432e+01,-6.172334541912015936e-03,6.238068409851559304e-01,-1.560902053439904069e+00
9.912000000000000455e+01,-6.132757873069702437e-03,6.198070363979393260e-01,-1.560902052834700182e+00
9.914000000000000057e+01,-6.093181938011922941e-03,6.158072318107227217e-01,-1.560902052229496073e+00
9.915999999999999659e+01,-6.053605407049580771e-03,6.118074272477939113e-01,-1.560902051661465562e+00
9.918000000000000682e+01,-6.014028876087238601e-03,6.078076226970807738e-01,-1.560902051093434828e+00
9.920000000000000284e+01,-5.974452345124896431e-03,6.038078181463676364e-01,-1.560902050525403872e+00
9.921999999999999886e+01,-5.934875814162554261e-03,5.998080135956544989e-01,-1.560902049957373361e+00
9.923999999999999488e+01,-5.895299502606150821e-03,5.958082085903321223e-01,-1.560902049426851512e+00
9.926000000000000512e+01,-5.855723191049747381e-03,5.918084035719304303e-01,-1.560902048896329886e+00
9.928000000000000114e+01,-5.816146042413212168e-03,5.878085985666080537e-01,-1.560902048365808037e+00
9.929999999999999716e+01,-5.776569730856808728e-03,5.838087935482063617e-01,-1.560902047835285966e+00
9.931999999999999318e+01,-5.736993419300405288e-03,5.798089885428839851e-01,-1.560902047304764118e+00
9.934000000000000341e+01,-5.697417107744001848e-03,5.758091835244822931e-01,-1.560902046774242269e+00
9.935999999999999943e+01,-5.657840609407629312e-03,5.718093798253371940e-01,-1.560902046289022405e+00
9.937999999999999545e+01,-5.618264111071256776e-03,5.678095761404926556e-01,-1.560902045803802540e+00
9.940000000000000568e+01,-5.578687612734884241e-03,5.638097724413475564e-01,-1.560902045318582676e+00
9.942000000000000171e+01,-5.539111114398511705e-03,5.598099687422024573e-01,-1.560902044833362812e+00
9.943999999999999773e+01,-5.499534347248639064e-03,5.558101646907056548e-01,-1.560902044373000619e+00
9.945999999999999375e+01,-5.459957580098766423e-03,5.518103606392088523e-01,-1.560902043912638426e+00
9.948000000000000398e+01,-5.420381777600638551e-03,5.478105565877120497e-01,-1.560902043452276233e+00
9.950000000000000000e+01,-5.380805010450765910e-03,5.438107525362152472e-01,-1.560902042991914040e+00
9.951999999999999602e+01,-5.341228243300893269e-03,5.398109484847184447e-01,-1.560902042531551848e+00
9.954000000000000625e+01,-5.301652235267964412e-03,5.358111439687621713e-01,-1.560902042108614607e+00
9.956000000000000227e+01,-5.262075177222882809e-03,5.318113394692123297e-01,-1.560902041685677588e+00
9.957999999999999829e+01,-5.222499169189953952e-03,5.278115349696624881e-01,-1.560902041262740347e+00
9.959999999999999432e+01,-5.182922111144872349e-03,5.238117304701126464e-01,-1.560902040839802885e+00
9.962000000000000455e+01,-5.143346103111943492e-03,5.198119259705628048e-01,-1.560902040416865644e+00
9.964000000000000057e+01,-5.103769016235470621e-03,5.158121211527282313e-01,-1.560902040037690064e+00
9.965999999999999659e+01,-5.064193100555934926e-03,5.118123163348936577e-01,-1.560902039658514484e+00
9.968000000000000682e+01,-5.024616013679462055e-03,5.078125115170590842e-01,-1.560902039279338904e+00
9.970000000000000284e+01,-4.985040097999926360e-03,5.038127066992245107e-01,-1.560902038900163324e+00
9.971999999999999886e+01,-4.945463011123453489e-03,4.998129018813899371e-01,-1.560902038520987745e+00
9.973999999999999488e+01,-4.905887133382079955e-03,4.958130988100893921e-01,-1.560902038145537407e+00
9.976000000000000512e+01,-4.866310072823594804e-03,4.918132957387888471e-01,-1.560902037770087070e+00
9.978000000000000114e+01,-4.826734195082221270e-03,4.878134926674883021e-01,-1.560902037394636732e+00
9.979999999999999716e+01,-4.787157134523736118e-03,4.838136895961877570e-01,-1.560902037019186173e+00
9.981999999999999318e+01,-4.747581256782362584e-03,4.798138865248872120e-01,-1.560902036643736057e+00
9.984000000000000341e+01,-4.708004456469345837e-03,4.758140834260212171e-01,-1.560902036309946617e+00
9.985999999999999943e+01,-4.668427656156329091e-03,4.718142803479434821e-01,-1.560902035976156954e+00
9.987999999999999545e+01,-4.628850855843312344e-03,4.678144772490774872e-01,-1.560902035642367736e+00
9.990000000000000568e+01,-4.589275385977073518e-03,4.638146741709997523e-01,-1.560902035308578295e+00
9.992000000000000171e+01,-4.549698585664056771e-03,4.598148710721337573e-01,-1.560902034974788855e+00
9.993999999999999773e+01,-4.510122288013834226e-03,4.558150658384177434e-01,-1.560902034627933643e+00
9.995999999999999375e+01,-4.470545990363611680e-03,4.518152606047017295e-01,-1.560902034281078432e+00
9.998000000000000398e+01,-4.430968412382839221e-03,4.478154553709857155e-01,-1.560902033934222999e+00
1.000000000000000000e+02,-4.391392114732616675e-03,4.438156501372697016e-01,-1.560902033587368010e+00
1.000199999999999960e+02,-4.351815817082394129e-03,4.398158449035536877e-01,-1.560902033240512798e+00
1.000400000000000063e+02,-4.312239076254609227e-03,4.358160410089094161e-01,-1.560902032941317019e+00
1.000600000000000023e+02,-4.272662335426824325e-03,4.318162370910733072e-01,-1.560902032642121240e+00
1.000799999999999983e+02,-4.233085594599039422e-03,4.278164331732371983e-01,-1.560902032342925461e+00
1.000999999999999943e+02,-4.193510338047462538e-03,4.238166292785929268e-01,-1.560902032043729681e+00
1.001200000000000045e+02,-4.153933597219677636e-03,4.198168253607568179e-01,-1.560902031744534124e+00
1.001400000000000006e+02,-4.114356228773440732e-03,4.158170207778818517e-01,-1.560902031421655733e+00
1.001599999999999966e+02,-4.074780235735316752e-03,4.118172161735161318e-01,-1.560902031098777565e+00
1.001800000000000068e+02,-4.035204242697192772e-03,4.078174115906411656e-01,-1.560902030775899618e+00
1.002000000000000028e+02,-3.995626874250955869e-03,4.038176069862754458e-01,-1.560902030453021228e+00
1.002199999999999989e+02,-3.956050881212831889e-03,3.998178024034004796e-01,-1.560902030130143059e+00
1.002399999999999949e+02,-3.916473295599227564e-03,3.958179992553148563e-01,-1.560902029861967799e+00
1.002600000000000051e+02,-3.876897365951548820e-03,3.918181961072292330e-01,-1.560902029593792761e+00
1.002800000000000011e+02,-3.837321436303870077e-03,3.878183929591436097e-01,-1.560902029325617280e+00
1.002999999999999972e+02,-3.797743850690266185e-03,3.838185898110579863e-01,-1.560902029057442020e+00
1.003199999999999932e+02,-3.758167921042587442e-03,3.798187866629723630e-01,-1.560902028789266760e+00
1.003400000000000034e+02,-3.718591991394908699e-03,3.758189835148867397e-01,-1.560902028521091722e+00
1.003599999999999994e+02,-3.679014735152511331e-03,3.718191793049549498e-01,-1.560902028285802157e+00
1.003799999999999955e+02,-3.639437478910113963e-03,3.678193750950231600e-01,-1.560902028050512591e+00
1.004000000000000057e+02,-3.599862110085154214e-03,3.638195708850913701e-01,-1.560902027815223470e+00
1.004200000000000017e+02,-3.560284853842756846e-03,3.598197666751595802e-01,-1.560902027579934126e+00
1.004399999999999977e+02,-3.520708285208700838e-03,3.558199622754653069e-01,-1.560902027303538109e+00
1.004599999999999937e+02,-3.481131716574644829e-03,3.518201578757710335e-01,-1.560902027027142092e+00
1.004800000000000040e+02,-3.441555147940588821e-03,3.478203534760767601e-01,-1.560902026750745852e+00
1.005000000000000000e+02,-3.401978579306532812e-03,3.438205490763824868e-01,-1.560902026474350279e+00
1.005199999999999960e+02,-3.362402010672476804e-03,3.398207446766882134e-01,-1.560902026197954040e+00
1.005400000000000063e+02,-3.322824941311007269e-03,3.358209404860595937e-01,-1.560902025977217056e+00
1.005600000000000023e+02,-3.283249883797309011e-03,3.318211362639958417e-01,-1.560902025756480294e+00
1.005799999999999983e+02,-3.243672814435839477e-03,3.278213320733672220e-01,-1.560902025535743087e+00
1.005999999999999943e+02,-3.204095745074369943e-03,3.238215278513034701e-01,-1.560902025315005881e+00
1.006200000000000045e+02,-3.164518675712900408e-03,3.198217236606748504e-01,-1.560902025094269119e+00
1.006400000000000006e+02,-3.124942809157106247e-03,3.158219210578376845e-01,-1.560902024886463568e+00
1.006599999999999966e+02,-3.085366942601312085e-03,3.118221184883918085e-01,-1.560902024678658018e+00
1.006800000000000068e+02,-3.045788939004286881e-03,3.078223158855546426e-01,-1.560902024470852467e+00
1.007000000000000028e+02,-3.006213072448492719e-03,3.038225133161087665e-01,-1.560902024263046695e+00
1.007199999999999989e+02,-2.966637205892698557e-03,2.998227107466628905e-01,-1.560902024055241366e+00
1.007399999999999949e+02,-2.927059134735063468e-03,2.958229065185861151e-01,-1.560902023850589071e+00
1.007600000000000051e+02,-2.887483233546788396e-03,2.918231023244151068e-01,-1.560902023645936776e+00
1.007800000000000011e+02,-2.847907332358513323e-03,2.878232980963383314e-01,-1.560902023441284481e+00
1.007999999999999972e+02,-2.808331431170238250e-03,2.838234939021673231e-01,-1.560902023236632408e+00
1.008199999999999932e+02,-2.768753360012603162e-03,2.798236897079963148e-01,-1.560902023031979891e+00
1.008400000000000034e+02,-2.729177811959474648e-03,2.758238842196547025e-01,-1.560902022751379903e+00
1.008599999999999994e+02,-2.689600681264258004e-03,2.718240787560418648e-01,-1.560902022470779915e+00
1.008799999999999955e+02,-2.650023550569041361e-03,2.678242732677002524e-01,-1.560902022190179927e+00
1.009000000000000057e+02,-2.610448002515912847e-03,2.638244678040874147e-01,-1.560902021909579940e+00
1.009200000000000017e+02,-2.570870871820696204e-03,2.598246623404745770e-01,-1.560902021628979952e+00
1.009399999999999977e+02,-2.531294802575688105e-03,2.558248575977117301e-01,-1.560902021394289463e+00
1.009599999999999937e+02,-2.491716841096912761e-03,2.518250528549488831e-01,-1.560902021159599196e+00
1.009800000000000040e+02,-2.452140771851904662e-03,2.478252481121860362e-01,-1.560902020924908484e+00
1.010000000000000000e+02,-2.412564702606896563e-03,2.438254433694231893e-01,-1.560902020690217995e+00
1.010199999999999960e+02,-2.372988633361888464e-03,2.398256386562264975e-01,-1.560902020455527506e+00
1.010400000000000063e+02,-2.333410733891827255e-03,2.358258331595407820e-01,-1.560902020258560396e+00
1.010600000000000023e+02,-2.293835089058855921e-03,2.318260276980837475e-01,-1.560902020061593509e+00
1.010799999999999983e+02,-2.254257189588794712e-03,2.278262222366267131e-01,-1.560902019864626178e+00
1.010999999999999943e+02,-2.214681544755823378e-03,2.238264167751696787e-01,-1.560902019667659069e+00
1.011200000000000045e+02,-2.175103645285762170e-03,2.198266113137126443e-01,-1.560902019470691959e+00
1.011400000000000006e+02,-2.135527609925937792e-03,2.158268095309478218e-01,-1.560902019295294041e+00
1.011599999999999966e+02,-2.095951574566113414e-03,2.118270077481829994e-01,-1.560902019119896345e+00
1.011800000000000068e+02,-2.056375539206289037e-03,2.078272059654181769e-01,-1.560902018944498204e+00
1.012000000000000028e+02,-2.016799503846464659e-03,2.038274041826533545e-01,-1.560902018769100286e+00
1.012199999999999989e+02,-1.977220936592624656e-03,1.998276023998885320e-01,-1.560902018593702589e+00
1.012399999999999949e+02,-1.937644828857104781e-03,1.958277979120706669e-01,-1.560902018341619346e+00
1.012600000000000051e+02,-1.898068721121584906e-03,1.918279934242528018e-01,-1.560902018089536325e+00
1.012800000000000011e+02,-1.858492613386065031e-03,1.878281889364349366e-01,-1.560902017837453082e+00
1.012999999999999972e+02,-1.818914743972034837e-03,1.838283844486170715e-01,-1.560902017585370283e+00
1.013199999999999932e+02,-1.779338636236514962e-03,1.798285799607992064e-01,-1.560902017333287040e+00
1.013400000000000034e+02,-1.739762528500995086e-03,1.758287754729813412e-01,-1.560902017081204241e+00
1.013599999999999994e+02,-1.700181859789114082e-03,1.718289738558968216e-01,-1.560902017025643351e+00
1.013799999999999955e+02,-1.660609183942481863e-03,1.678291722388123020e-01,-1.560902016970082906e+00
1.014000000000000057e+02,-1.621028515230600858e-03,1.638293704968392661e-01,-1.560902016914522017e+00
1.014200000000000017e+02,-1.581450939305755008e-03,1.598295667333865522e-01,-1.560902017273708919e+00
1.014399999999999977e+02,-1.541874599755153029e-03,1.558297629699338382e-01,-1.560902017632895600e+00
1.014599999999999937e+02,-1.502298260204551050e-03,1.518299592064811243e-01,-1.560902017992082058e+00
1.014800000000000040e+02,-1.462721920653949070e-03,1.478301554430284104e-01,-1.560902018351268961e+00
1.015000000000000000e+02,-1.423145581103347091e-03,1.438303516795756964e-01,-1.560902018710455641e+00
1.015199999999999960e+02,-1.383568005178501242e-03,1.398305479161229825e-01,-1.560902019069642321e+00
1.015400000000000063e+02,-1.343991928435657023e-03,1.358307442907781271e-01,-1.560902019441073652e+00
1.015600000000000023e+02,-1.304415851692812805e-03,1.318309406467517708e-01,-1.560902019812504982e+00
1.015799999999999983e+02,-1.264838579334224590e-03,1.278311370214069154e-01,-1.560902020183936312e+00
1.015999999999999943e+02,-1.225262502591380372e-03,1.238313333773805591e-01,-1.560902020555367864e+00
1.016200000000000045e+02,-1.185685230232792157e-03,1.198315297520357037e-01,-1.560902020926798750e+00
1.016400000000000006e+02,-1.146108770163629985e-03,1.158317264351250431e-01,-1.560902021349192648e+00
1.016599999999999966e+02,-1.106532310094467814e-03,1.118319231017868426e-01,-1.560902021771586545e+00
1.016800000000000068e+02,-1.066955850025305642e-03,1.078321197848761820e-01,-1.560902022193979999e+00
1.017000000000000028e+02,-1.027379389956143470e-03,1.038323164515379815e-01,-1.560902022616373674e+00
1.017199999999999989e+02,-9.878029298869812989e-04,9.983251313462732091e-02,-1.560902023038767128e+00
1.017399999999999949e+02,-9.878029298869812989e-04,9.983251313462732091e-02,-1.560902023038767128e+00
1.017600000000000051e+02,-9.878029298869812989e-04,9.983251313462732091e-02,-1.560902023038767128e+00
1.017800000000000011e+02,-9.878029298869812989e-04,9.983251313462732091e-02,-1.560902023038767128e+00
1.017999999999999972e+02,-9.878029298869812989e-04,9.983251313462732091e-02,-1.560902023038767128e+00
1.018199999999999932e+02,-9.878029298869812989e-04,9.983251313462732091e-02,-1.560902023038767128e+00
1.018400000000000034e+02,-9.878029298869812989e-04,9.983251313462732091e-02,-1.560902023038767128e+00
1.018599999999999994e+02,-9.878029298869812989e-04,9.983251313462732091e-02,-1.560902023038767128e+00
1.018799999999999955e+02,-9.878029298869812989e-04,9.983251313462732091e-02,-1.560902023038767128e+00
1.019000000000000057e+02,-9.878029298869812989e-04,9.983251313462732091e-02,-1.560902023038767128e+00
1.019200000000000017e+02,-9.878029298869812989e-04,9.983251313462732091e-02,-1.560902023038767128e+00
1.019399999999999977e+02,-9.878029298869812989e-04,9.983251313462732091e-02,-1.560902023038767128e+00
1.019599999999999937e+02,-9.878029298869812989e-04,9.983251313462732091e-02,-1.560902023038767128e+00
1.019800000000000040e+02,-9.878029298869812989e-04,9.983251313462732091e-02,-1.560902023038767128e+00
1.020000000000000000e+02,-9.878029298869812989e-04,9.983251313462732091e-02,-1.560902023038767128e+00
1.020199999999999960e+02,-9.878029298869812989e-04,9.983251313462732091e-02,-1.560902023038767128e+00
1.020400000000000063e+02,-9.878029298869812989e-04,9.983251313462732091e-02,-1.560902023038767128e+00
1.020600000000000023e+02,-9.878029298869812989e-04,9.983251313462732091e-02,-1.560902023038767128e+00
1.020799999999999983e+02,-9.878029298869812989e-04,9.983251313462732091e-02,-1.560902023038767128e+00
1.020999999999999943e+02,-9.878029298869812989e-04,9.983251313462732091e-02,-1.560902023038767128e+00
1.021200000000000045e+02,-9.878029298869812989e-04,9.983251313462732091e-02,-1.560902023038767128e+00
1.021400000000000006e+02,-9.878029298869812989e-04,9.983251313462732091e-02,-1.560902023038767128e+00
1.021599999999999966e+02,-9.878029298869812989e-04,9.983251313462732091e-02,-1.560902023038767128e+00
1.021800000000000068e+02,-9.878029298869812989e-04,9.983251313462732091e-02,-1.560902023038767128e+00
1.022000000000000028e+02,-9.878029298869812989e-04,9.983251313462732091e-02,-1.560902023038767128e+00
1.022199999999999989e+02,-9.878029298869812989e-04,9.983251313462732091e-02,-1.560902023038767128e+00
1.022399999999999949e+02,-9.878029298869812989e-04,9.983251313462732091e-02,-1.560902023038767128e+00
1.022600000000000051e+02,-9.878029298869812989e-04,9.983251313462732091e-02,-1.560902023038767128e+00
1.022800000000000011e+02,-9.878029298869812989e-04,9.983251313462732091e-02,-1.560902023038767128e+00
1.022999999999999972e+02,-9.878029298869812989e-04,9.983251313462732091e-02,-1.560902023038767128e+00
1.023199999999999932e+02,-9.878029298869812989e-04,9.983251313462732091e-02,-1.560902023038767128e+00
1.023400000000000034e+02,-9.878029298869812989e-04,9.983251313462732091e-02,-1.560902023038767128e+00
1.023599999999999994e+02,-9.878029298869812989e-04,9.983251313462732091e-02,-1.560902023038767128e+00
1.023799999999999955e+02,-9.878029298869812989e-04,9.983251313462732091e-02,-1.560902023038767128e+00
1.024000000000000057e+02,-9.878029298869812989e-04,9.983251313462732091e-02,-1.560902023038767128e+00
1.024200000000000017e+02,-9.878029298869812989e-04,9.983251313462732091e-02,-1.560902023038767128e+00
1.024399999999999977e+02,-9.878029298869812989e-04,9.983251313462732091e-02,-1.560902023038767128e+00
1.024599999999999937e+02,-9.878029298869812989e-04,9.983251313462732091e-02,-1.560902023038767128e+00
1.024800000000000040e+02,-9.878029298869812989e-04,9.983251313462732091e-02,-1.560902023038767128e+00
1.025000000000000000e+02,-9.878029298869812989e-04,9.983251313462732091e-02,-1.560902023038767128e+00
1.025199999999999960e+02,-9.878029298869812989e-04,9.983251313462732091e-02,-1.560902023038767128e+00
1.025400000000000063e+02,-9.878029298869812989e-04,9.983251313462732091e-02,-1.560902023038767128e+00
1.025600000000000023e+02,-9.878029298869812989e-04,9.983251313462732091e-02,-1.560902023038767128e+00
1.025799999999999983e+02,-9.878029298869812989e-04,9.983251313462732091e-02,-1.560902023038767128e+00
1.025999999999999943e+02,-9.878029298869812989e-04,9.983251313462732091e-02,-1.560902023038767128e+00
1.026200000000000045e+02,-9.878029298869812989e-04,9.983251313462732091e-02,-1.560902023038767128e+00
1.026400000000000006e+02,-9.878029298869812989e-04,9.983251313462732091e-02,-1.560902023038767128e+00
1.026599999999999966e+02,-9.878029298869812989e-04,9.983251313462732091e-02,-1.560902023038767128e+00
1.026800000000000068e+02,-9.878029298869812989e-04,9.983251313462732091e-02,-1.560902023038767128e+00
1.027000000000000028e+02,-9.878029298869812989e-04,9.983251313462732091e-02,-1.560902023038767128e+00
1.027199999999999989e+02,-9.878029298869812989e-04,9.983251313462732091e-02,-1.560902023038767128e+00
1.027399999999999949e+02,-9.878029298869812989e-04,9.983251313462732091e-02,-1.560902023038767128e+00
1.027600000000000051e+02,-9.878029298869812989e-04,9.983251313462732091e-02,-1.560902023038767128e+00
1.027800000000000011e+02,-9.878029298869812989e-04,9.983251313462732091e-02,-1.560902023038767128e+00
1.027999999999999972e+02,-9.878029298869812989e-04,9.983251313462732091e-02,-1.560902023038767128e+00
1.028199999999999932e+02,-9.878029298869812989e-04,9.983251313462732091e-02,-1.560902023038767128e+00
1.028400000000000034e+02,-9.878029298869812989e-04,9.983251313462732091e-02,-1.560902023038767128e+00
1.028599999999999994e+02,-9.878029298869812989e-04,9.983251313462732091e-02,-1.560902023038767128e+00
1.028799999999999955e+02,-9.878029298869812989e-04,9.983251313462732091e-02,-1.560902023038767128e+00
1.029000000000000057e+02,-9.878029298869812989e-04,9.983251313462732091e-02,-1.560902023038767128e+00
1.029200000000000017e+02,-9.878029298869812989e-04,9.983251313462732091e-02,-1.560902023038767128e+00
1.029399999999999977e+02,-9.878029298869812989e-04,9.983251313462732091e-02,-1.560902023038767128e+00
1.029599999999999937e+02,-9.878029298869812989e-04,9.983251313462732091e-02,-1.560902023038767128e+00
1.029800000000000040e+02,-9.878029298869812989e-04,9.983251313462732091e-02,-1.560902023038767128e+00
1.030000000000000000e+02,-9.878029298869812989e-04,9.983251313462732091e-02,-1.560902023038767128e+00
1.030199999999999960e+02,-9.878029298869812989e-04,9.983251313462732091e-02,-1.560902023038767128e+00
1.030400000000000063e+02,-9.878029298869812989e-04,9.983251313462732091e-02,-1.560902023038767128e+00
1.030600000000000023e+02,-9.878029298869812989e-04,9.983251313462732091e-02,-1.560902023038767128e+00
1.030799999999999983e+02,-9.878029298869812989e-04,9.983251313462732091e-02,-1.560902023038767128e+00
1.030999999999999943e+02,-9.878029298869812989e-04,9.983251313462732091e-02,-1.560902023038767128e+00
1.031200000000000045e+02,-9.878029298869812989e-04,9.983251313462732091e-02,-1.560902023038767128e+00
1.031400000000000006e+02,-9.878029298869812989e-04,9.983251313462732091e-02,-1.560902023038767128e+00
1.031599999999999966e+02,-9.878029298869812989e-04,9.983251313462732091e-02,-1.560902023038767128e+00
1.031800000000000068e+02,-9.878029298869812989e-04,9.983251313462732091e-02,-1.560902023038767128e+00
1.032000000000000028e+02,-9.878029298869812989e-04,9.983251313462732091e-02,-1.560902023038767128e+00
1.032199999999999989e+02,-9.878029298869812989e-04,9.983251313462732091e-02,-1.560902023038767128e+00
1.032399999999999949e+02,-9.878029298869812989e-04,9.983251313462732091e-02,-1.560902023038767128e+00
1.032600000000000051e+02,-9.878029298869812989e-04,9.983251313462732091e-02,-1.560902023038767128e+00
1.032800000000000011e+02,-9.878029298869812989e-04,9.983251313462732091e-02,-1.560902023038767128e+00
1.032999999999999972e+02,-9.878029298869812989e-04,9.983251313462732091e-02,-1.560902023038767128e+00
1.033199999999999932e+02,-9.878029298869812989e-04,9.983251313462732091e-02,-1.560902023038767128e+00
1.033400000000000034e+02,-9.878029298869812989e-04,9.983251313462732091e-02,-1.560902023038767128e+00
1.033599999999999994e+02,-9.878029298869812989e-04,9.983251313462732091e-02,-1.560902023038767128e+00
1.033799999999999955e+02,-9.878029298869812989e-04,9.983251313462732091e-02,-1.560902023038767128e+00
1.034000000000000057e+02,-9.878029298869812989e-04,9.983251313462732091e-02,-1.560902023038767128e+00
1.034200000000000017e+02,-9.878029298869812989e-04,9.983251313462732091e-02,-1.560902023038767128e+00
1.034399999999999977e+02,-9.878029298869812989e-04,9.983251313462732091e-02,-1.560902023038767128e+00
1.034599999999999937e+02,-9.878029298869812989e-04,9.983251313462732091e-02,-1.560902023038767128e+00
1.034800000000000040e+02,-9.878029298869812989e-04,9.983251313462732091e-02,-1.560902023038767128e+00
1.035000000000000000e+02,-9.878029298869812989e-04,9.983251313462732091e-02,-1.560902023038767128e+00
1.035199999999999960e+02,-9.878029298869812989e-04,9.983251313462732091e-02,-1.560902023038767128e+00
1.035400000000000063e+02,-9.878029298869812989e-04,9.983251313462732091e-02,-1.560902023038767128e+00
1.035600000000000023e+02,-9.878029298869812989e-04,9.983251313462732091e-02,-1.560902023038767128e+00
1.035799999999999983e+02,-9.878029298869812989e-04,9.983251313462732091e-02,-1.560902023038767128e+00
1.035999999999999943e+02,-9.878029298869812989e-04,9.983251313462732091e-02,-1.560902023038767128e+00
1.036200000000000045e+02,-9.878029298869812989e-04,9.983251313462732091e-02,-1.560902023038767128e+00
1.036400000000000006e+02,-9.878029298869812989e-04,9.983251313462732091e-02,-1.560902023038767128e+00
1.036599999999999966e+02,-9.878029298869812989e-04,9.983251313462732091e-02,-1.560902023038767128e+00
1.036800000000000068e+02,-9.878029298869812989e-04,9.983251313462732091e-02,-1.560902023038767128e+00
1.037000000000000028e+02,-9.878029298869812989e-04,9.983251313462732091e-02,-1.560902023038767128e+00
1.037199999999999989e+02,-9.878029298869812989e-04,9.983251313462732091e-02,-1.560902023038767128e+00
1.037399999999999949e+02,-9.878029298869812989e-04,9.983251313462732091e-02,-1.560902023038767128e+00
1.037600000000000051e+02,-9.878029298869812989e-04,9.983251313462732091e-02,-1.560902023038767128e+00
1.037800000000000011e+02,-9.878029298869812989e-04,9.983251313462732091e-02,-1.560902023038767128e+00
1.037999999999999972e+02,-9.878029298869812989e-04,9.983251313462732091e-02,-1.560902023038767128e+00
1.038199999999999932e+02,-9.878029298869812989e-04,9.983251313462732091e-02,-1.560902023038767128e+00
1.038400000000000034e+02,-9.878029298869812989e-04,9.983251313462732091e-02,-1.560902023038767128e+00
1.038599999999999994e+02,-9.878029298869812989e-04,9.983251313462732091e-02,-1.560902023038767128e+00
1.038799999999999955e+02,-9.878029298869812989e-04,9.983251313462732091e-02,-1.560902023038767128e+00
1.039000000000000057e+02,-9.878029298869812989e-04,9.983251313462732091e-02,-1.560902023038767128e+00
1.039200000000000017e+02,-9.878029298869812989e-04,9.983251313462732091e-02,-1.560902023038767128e+00
1.039399999999999977e+02,-9.878029298869812989e-04,9.983251313462732091e-02,-1.560902023038767128e+00
1.039599999999999937e+02,-9.878029298869812989e-04,9.983251313462732091e-02,-1.560902023038767128e+00
1.039800000000000040e+02,-9.878029298869812989e-04,9.983251313462732091e-02,-1.560902023038767128e+00
1.040000000000000000e+02,-9.878029298869812989e-04,9.983251313462732091e-02,-1.560902023038767128e+00
1.040199999999999960e+02,-9.878029298869812989e-04,9.983251313462732091e-02,-1.560902023038767128e+00
1.040400000000000063e+02,-9.878029298869812989e-04,9.983251313462732091e-02,-1.560902023038767128e+00
1.040600000000000023e+02,-9.878029298869812989e-04,9.983251313462732091e-02,-1.560902023038767128e+00
1.040799999999999983e+02,-9.878029298869812989e-04,9.983251313462732091e-02,-1.560902023038767128e+00
1.040999999999999943e+02,-9.878029298869812989e-04,9.983251313462732091e-02,-1.560902023038767128e+00
1.041200000000000045e+02,-9.878029298869812989e-04,9.983251313462732091e-02,-1.560902023038767128e+00
1.041400000000000006e+02,-9.878029298869812989e-04,9.983251313462732091e-02,-1.560902023038767128e+00
1.041599999999999966e+02,-9.878029298869812989e-04,9.983251313462732091e-02,-1.560902023038767128e+00
1.041800000000000068e+02,-9.878029298869812989e-04,9.983251313462732091e-02,-1.560902023038767128e+00
1.042000000000000028e+02,-9.878029298869812989e-04,9.983251313462732091e-02,-1.560902023038767128e+00
1.042199999999999989e+02,-9.878029298869812989e-04,9.983251313462732091e-02,-1.560902023038767128e+00
1.042399999999999949e+02,-9.878029298869812989e-04,9.983251313462732091e-02,-1.560902023038767128e+00
1.042600000000000051e+02,-9.878029298869812989e-04,9.983251313462732091e-02,-1.560902023038767128e+00
1.042800000000000011e+02,-9.878029298869812989e-04,9.983251313462732091e-02,-1.560902023038767128e+00
1.042999999999999972e+02,-9.878029298869812989e-04,9.983251313462732091e-02,-1.560902023038767128e+00
1.043199999999999932e+02,-9.878029298869812989e-04,9.983251313462732091e-02,-1.560902023038767128e+00
1.043400000000000034e+02,-9.878029298869812989e-04,9.983251313462732091e-02,-1.560902023038767128e+00
1.043599999999999994e+02,-9.878029298869812989e-04,9.983251313462732091e-02,-1.560902023038767128e+00
1.043799999999999955e+02,-9.878029298869812989e-04,9.983251313462732091e-02,-1.560902023038767128e+00
1.044000000000000057e+02,-9.878029298869812989e-04,9.983251313462732091e-02,-1.560902023038767128e+00
1.044200000000000017e+02,-9.878029298869812989e-04,9.983251313462732091e-02,-1.560902023038767128e+00
1.044399999999999977e+02,-9.878029298869812989e-04,9.983251313462732091e-02,-1.560902023038767128e+00
1.044599999999999937e+02,-9.878029298869812989e-04,9.983251313462732091e-02,-1.560902023038767128e+00
1.044800000000000040e+02,-9.878029298869812989e-04,9.983251313462732091e-02,-1.560902023038767128e+00
1.045000000000000000e+02,-9.878029298869812989e-04,9.983251313462732091e-02,-1.560902023038767128e+00
1.045199999999999960e+02,-9.878029298869812989e-04,9.983251313462732091e-02,-1.560902023038767128e+00
1.045400000000000063e+02,-9.878029298869812989e-04,9.983251313462732091e-02,-1.560902023038767128e+00
1.045600000000000023e+02,-9.878029298869812989e-04,9.983251313462732091e-02,-1.560902023038767128e+00
1.045799999999999983e+02,-9.878029298869812989e-04,9.983251313462732091e-02,-1.560902023038767128e+00
1.045999999999999943e+02,-9.878029298869812989e-04,9.983251313462732091e-02,-1.560902023038767128e+00
1.046200000000000045e+02,-9.878029298869812989e-04,9.983251313462732091e-02,-1.560902023038767128e+00
1.046400000000000006e+02,-9.878029298869812989e-04,9.983251313462732091e-02,-1.560902023038767128e+00
1.046599999999999966e+02,-9.878029298869812989e-04,9.983251313462732091e-02,-1.560902023038767128e+00
1.046800000000000068e+02,-9.878029298869812989e-04,9.983251313462732091e-02,-1.560902023038767128e+00
1.047000000000000028e+02,-9.878029298869812989e-04,9.983251313462732091e-02,-1.560902023038767128e+00
1.047199999999999989e+02,-9.878029298869812989e-04,9.983251313462732091e-02,-1.560902023038767128e+00
1.047399999999999949e+02,-9.878029298869812989e-04,9.983251313462732091e-02,-1.560902023038767128e+00
1.047600000000000051e+02,-9.878029298869812989e-04,9.983251313462732091e-02,-1.560902023038767128e+00
1.047800000000000011e+02,-9.878029298869812989e-04,9.983251313462732091e-02,-1.560902023038767128e+00
1.047999999999999972e+02,-9.878029298869812989e-04,9.983251313462732091e-02,-1.560902023038767128e+00
1.048199999999999932e+02,-9.878029298869812989e-04,9.983251313462732091e-02,-1.560902023038767128e+00
1.048400000000000034e+02,-9.878029298869812989e-04,9.983251313462732091e-02,-1.560902023038767128e+00
1.048599999999999994e+02,-9.878029298869812989e-04,9.983251313462732091e-02,-1.560902023038767128e+00
1.048799999999999955e+02,-9.878029298869812989e-04,9.983251313462732091e-02,-1.560902023038767128e+00
1.049000000000000057e+02,-9.878029298869812989e-04,9.983251313462732091e-02,-1.560902023038767128e+00
1.049200000000000017e+02,-9.878029298869812989e-04,9.983251313462732091e-02,-1.560902023038767128e+00
1.049399999999999977e+02,-9.878029298869812989e-04,9.983251313462732091e-02,-1.560902023038767128e+00
1.049599999999999937e+02,-9.878029298869812989e-04,9.983251313462732091e-02,-1.560902023038767128e+00
1.049800000000000040e+02,-9.878029298869812989e-04,9.983251313462732091e-02,-1.560902023038767128e+00
1.050000000000000000e+02,-9.878029298869812989e-04,9.983251313462732091e-02,-1.560902023038767128e+00
1.050199999999999960e+02,-9.878029298869812989e-04,9.983251313462732091e-02,-1.560902023038767128e+00
1.050400000000000063e+02,-9.878029298869812989e-04,9.983251313462732091e-02,-1.560902023038767128e+00
1.050600000000000023e+02,-9.878029298869812989e-04,9.983251313462732091e-02,-1.560902023038767128e+00
1.050799999999999983e+02,-9.878029298869812989e-04,9.983251313462732091e-02,-1.560902023038767128e+00
1.050999999999999943e+02,-9.878029298869812989e-04,9.983251313462732091e-02,-1.560902023038767128e+00
1.051200000000000045e+02,-9.878029298869812989e-04,9.983251313462732091e-02,-1.560902023038767128e+00
1.051400000000000006e+02,-9.878029298869812989e-04,9.983251313462732091e-02,-1.560902023038767128e+00
1.051599999999999966e+02,-9.878029298869812989e-04,9.983251313462732091e-02,-1.560902023038767128e+00
1.051800000000000068e+02,-9.878029298869812989e-04,9.983251313462732091e-02,-1.560902023038767128e+00
1.052000000000000028e+02,-9.878029298869812989e-04,9.983251313462732091e-02,-1.560902023038767128e+00
1.052199999999999989e+02,-9.878029298869812989e-04,9.983251313462732091e-02,-1.560902023038767128e+00
1.052399999999999949e+02,-9.878029298869812989e-04,9.983251313462732091e-02,-1.560902023038767128e+00
1.052600000000000051e+02,-9.878029298869812989e-04,9.983251313462732091e-02,-1.560902023038767128e+00
1.052800000000000011e+02,-9.878029298869812989e-04,9.983251313462732091e-02,-1.560902023038767128e+00
1.052999999999999972e+02,-9.878029298869812989e-04,9.983251313462732091e-02,-1.560902023038767128e+00
1.053199999999999932e+02,-9.878029298869812989e-04,9.983251313462732091e-02,-1.560902023038767128e+00
1.053400000000000034e+02,-9.878029298869812989e-04,9.983251313462732091e-02,-1.560902023038767128e+00
1.053599999999999994e+02,-9.878029298869812989e-04,9.983251313462732091e-02,-1.560902023038767128e+00
1.053799999999999955e+02,-9.878029298869812989e-04,9.983251313462732091e-02,-1.560902023038767128e+00
1.054000000000000057e+02,-9.878029298869812989e-04,9.983251313462732091e-02,-1.560902023038767128e+00
1.054200000000000017e+02,-9.878029298869812989e-04,9.983251313462732091e-02,-1.560902023038767128e+00
1.054399999999999977e+02,-9.878029298869812989e-04,9.983251313462732091e-02,-1.560902023038767128e+00
1.054599999999999937e+02,-9.878029298869812989e-04,9.983251313462732091e-02,-1.560902023038767128e+00
1.054800000000000040e+02,-9.878029298869812989e-04,9.983251313462732091e-02,-1.560902023038767128e+00
1.055000000000000000e+02,-9.878029298869812989e-04,9.983251313462732091e-02,-1.560902023038767128e+00
1.055199999999999960e+02,-9.878029298869812989e-04,9.983251313462732091e-02,-1.560902023038767128e+00
1.055400000000000063e+02,-9.878029298869812989e-04,9.983251313462732091e-02,-1.560902023038767128e+00
1.055600000000000023e+02,-9.878029298869812989e-04,9.983251313462732091e-02,-1.560902023038767128e+00
1.055799999999999983e+02,-9.878029298869812989e-04,9.983251313462732091e-02,-1.560902023038767128e+00
1.055999999999999943e+02,-9.878029298869812989e-04,9.983251313462732091e-02,-1.560902023038767128e+00
1.056200000000000045e+02,-9.878029298869812989e-04,9.983251313462732091e-02,-1.560902023038767128e+00
1.056400000000000006e+02,-9.878029298869812989e-04,9.983251313462732091e-02,-1.560902023038767128e+00
1.056599999999999966e+02,-9.878029298869812989e-04,9.983251313462732091e-02,-1.560902023038767128e+00
1.056800000000000068e+02,-9.878029298869812989e-04,9.983251313462732091e-02,-1.560902023038767128e+00
1.057000000000000028e+02,-9.878029298869812989e-04,9.983251313462732091e-02,-1.560902023038767128e+00
1.057199999999999989e+02,-9.878029298869812989e-04,9.983251313462732091e-02,-1.560902023038767128e+00
1.057399999999999949e+02,-9.878029298869812989e-04,9.983251313462732091e-02,-1.560902023038767128e+00
1.057600000000000051e+02,-9.878029298869812989e-04,9.983251313462732091e-02,-1.560902023038767128e+00
1.057800000000000011e+02,-9.878029298869812989e-04,9.983251313462732091e-02,-1.560902023038767128e+00
1.057999999999999972e+02,-9.878029298869812989e-04,9.983251313462732091e-02,-1.560902023038767128e+00
1.058199999999999932e+02,-9.878029298869812989e-04,9.983251313462732091e-02,-1.560902023038767128e+00
1.058400000000000034e+02,-9.878029298869812989e-04,9.983251313462732091e-02,-1.560902023038767128e+00
1.058599999999999994e+02,-9.878029298869812989e-04,9.983251313462732091e-02,-1.560902023038767128e+00
1.058799999999999955e+02,-9.878029298869812989e-04,9.983251313462732091e-02,-1.560902023038767128e+00
1.059000000000000057e+02,-9.878029298869812989e-04,9.983251313462732091e-02,-1.560902023038767128e+00
1.059200000000000017e+02,-9.878029298869812989e-04,9.983251313462732091e-02,-1.560902023038767128e+00
1.059399999999999977e+02,-9.878029298869812989e-04,9.983251313462732091e-02,-1.560902023038767128e+00
1.059599999999999937e+02,-9.878029298869812989e-04,9.983251313462732091e-02,-1.560902023038767128e+00
1.059800000000000040e+02,-9.878029298869812989e-04,9.983251313462732091e-02,-1.560902023038767128e+00
1.060000000000000000e+02,-9.878029298869812989e-04,9.983251313462732091e-02,-1.560902023038767128e+00
1.060199999999999960e+02,-9.878029298869812989e-04,9.983251313462732091e-02,-1.560902023038767128e+00
1.060400000000000063e+02,-9.878029298869812989e-04,9.983251313462732091e-02,-1.560902023038767128e+00
1.060600000000000023e+02,-9.878029298869812989e-04,9.983251313462732091e-02,-1.560902023038767128e+00
1.060799999999999983e+02,-9.878029298869812989e-04,9.983251313462732091e-02,-1.560902023038767128e+00
1.060999999999999943e+02,-9.878029298869812989e-04,9.983251313462732091e-02,-1.560902023038767128e+00
1.061200000000000045e+02,-9.878029298869812989e-04,9.983251313462732091e-02,-1.560902023038767128e+00
1.061400000000000006e+02,-9.878029298869812989e-04,9.983251313462732091e-02,-1.560902023038767128e+00
1.061599999999999966e+02,-9.878029298869812989e-04,9.983251313462732091e-02,-1.560902023038767128e+00
1.061800000000000068e+02,-9.878029298869812989e-04,9.983251313462732091e-02,-1.560902023038767128e+00
1.062000000000000028e+02,-9.878029298869812989e-04,9.983251313462732091e-02,-1.560902023038767128e+00
1.062199999999999989e+02,-9.878029298869812989e-04,9.983251313462732091e-02,-1.560902023038767128e+00
1.062399999999999949e+02,-9.878029298869812989e-04,9.983251313462732091e-02,-1.560902023038767128e+00
1.062600000000000051e+02,-9.878029298869812989e-04,9.983251313462732091e-02,-1.560902023038767128e+00
1.062800000000000011e+02,-9.878029298869812989e-04,9.983251313462732091e-02,-1.560902023038767128e+00
1.062999999999999972e+02,-9.878029298869812989e-04,9.983251313462732091e-02,-1.560902023038767128e+00
1.063199999999999932e+02,-9.878029298869812989e-04,9.983251313462732091e-02,-1.560902023038767128e+00
1.063400000000000034e+02,-9.878029298869812989e-04,9.983251313462732091e-02,-1.560902023038767128e+00
1.063599999999999994e+02,-9.878029298869812989e-04,9.983251313462732091e-02,-1.560902023038767128e+00
1.063799999999999955e+02,-9.878029298869812989e-04,9.983251313462732091e-02,-1.560902023038767128e+00
1.064000000000000057e+02,-9.878029298869812989e-04,9.983251313462732091e-02,-1.560902023038767128e+00
1.064200000000000017e+02,-9.878029298869812989e-04,9.983251313462732091e-02,-1.560902023038767128e+00
1.064399999999999977e+02,-9.878029298869812989e-04,9.983251313462732091e-02,-1.560902023038767128e+00
1.064599999999999937e+02,-9.878029298869812989e-04,9.983251313462732091e-02,-1.560902023038767128e+00
1.064800000000000040e+02,-9.878029298869812989e-04,9.983251313462732091e-02,-1.560902023038767128e+00
1.065000000000000000e+02,-9.878029298869812989e-04,9.983251313462732091e-02,-1.560902023038767128e+00
1.065199999999999960e+02,-9.878029298869812989e-04,9.983251313462732091e-02,-1.560902023038767128e+00
1.065400000000000063e+02,-9.878029298869812989e-04,9.983251313462732091e-02,-1.560902023038767128e+00
1.065600000000000023e+02,-9.878029298869812989e-04,9.983251313462732091e-02,-1.560902023038767128e+00
1.065799999999999983e+02,-9.878029298869812989e-04,9.983251313462732091e-02,-1.560902023038767128e+00
1.065999999999999943e+02,-9.878029298869812989e-04,9.983251313462732091e-02,-1.560902023038767128e+00
1.066200000000000045e+02,-9.878029298869812989e-04,9.983251313462732091e-02,-1.560902023038767128e+00
1.066400000000000006e+02,-9.878029298869812989e-04,9.983251313462732091e-02,-1.560902023038767128e+00
1.066599999999999966e+02,-9.878029298869812989e-04,9.983251313462732091e-02,-1.560902023038767128e+00
1.066800000000000068e+02,-9.878029298869812989e-04,9.983251313462732091e-02,-1.560902023038767128e+00
1.067000000000000028e+02,-9.878029298869812989e-04,9.983251313462732091e-02,-1.560902023038767128e+00
1.067199999999999989e+02,-9.878029298869812989e-04,9.983251313462732091e-02,-1.560902023038767128e+00
1.067399999999999949e+02,-9.878029298869812989e-04,9.983251313462732091e-02,-1.560902023038767128e+00
1.067600000000000051e+02,-9.878029298869812989e-04,9.983251313462732091e-02,-1.560902023038767128e+00
1.067800000000000011e+02,-9.878029298869812989e-04,9.983251313462732091e-02,-1.560902023038767128e+00
1.067999999999999972e+02,-9.878029298869812989e-04,9.983251313462732091e-02,-1.560902023038767128e+00
1.068199999999999932e+02,-9.878029298869812989e-04,9.983251313462732091e-02,-1.560902023038767128e+00
1.068400000000000034e+02,-9.878029298869812989e-04,9.983251313462732091e-02,-1.560902023038767128e+00
1.068599999999999994e+02,-9.878029298869812989e-04,9.983251313462732091e-02,-1.560902023038767128e+00
1.068799999999999955e+02,-9.878029298869812989e-04,9.983251313462732091e-02,-1.560902023038767128e+00
1.069000000000000057e+02,-9.878029298869812989e-04,9.983251313462732091e-02,-1.560902023038767128e+00
1.069200000000000017e+02,-9.878029298869812989e-04,9.983251313462732091e-02,-1.560902023038767128e+00
1.069399999999999977e+02,-9.878029298869812989e-04,9.983251313462732091e-02,-1.560902023038767128e+00
1.069599999999999937e+02,-9.878029298869812989e-04,9.983251313462732091e-02,-1.560902023038767128e+00
1.069800000000000040e+02,-9.878029298869812989e-04,9.983251313462732091e-02,-1.560902023038767128e+00
1.070000000000000000e+02,-9.878029298869812989e-04,9.983251313462732091e-02,-1.560902023038767128e+00
1.070199999999999960e+02,-9.878029298869812989e-04,9.983251313462732091e-02,-1.560902023038767128e+00
1.070400000000000063e+02,-9.878029298869812989e-04,9.983251313462732091e-02,-1.560902023038767128e+00
1.070600000000000023e+02,-9.878029298869812989e-04,9.983251313462732091e-02,-1.560902023038767128e+00
1.070799999999999983e+02,-9.878029298869812989e-04,9.983251313462732091e-02,-1.560902023038767128e+00
1.070999999999999943e+02,-9.878029298869812989e-04,9.983251313462732091e-02,-1.560902023038767128e+00
1.071200000000000045e+02,-9.878029298869812989e-04,9.983251313462732091e-02,-1.560902023038767128e+00
1.071400000000000006e+02,-9.878029298869812989e-04,9.983251313462732091e-02,-1.560902023038767128e+00
1.071599999999999966e+02,-9.878029298869812989e-04,9.983251313462732091e-02,-1.560902023038767128e+00
1.071800000000000068e+02,-9.878029298869812989e-04,9.983251313462732091e-02,-1.560902023038767128e+00
1.072000000000000028e+02,-9.878029298869812989e-04,9.983251313462732091e-02,-1.560902023038767128e+00
1.072199999999999989e+02,-9.878029298869812989e-04,9.983251313462732091e-02,-1.560902023038767128e+00
1.072399999999999949e+02,-9.878029298869812989e-04,9.983251313462732091e-02,-1.560902023038767128e+00
1.072600000000000051e+02,-9.878029298869812989e-04,9.983251313462732091e-02,-1.560902023038767128e+00
1.072800000000000011e+02,-9.878029298869812989e-04,9.983251313462732091e-02,-1.560902023038767128e+00
1.072999999999999972e+02,-9.878029298869812989e-04,9.983251313462732091e-02,-1.560902023038767128e+00
1.073199999999999932e+02,-9.878029298869812989e-04,9.983251313462732091e-02,-1.560902023038767128e+00
1.073400000000000034e+02,-9.878029298869812989e-04,9.983251313462732091e-02,-1.560902023038767128e+00
1.073599999999999994e+02,-9.878029298869812989e-04,9.983251313462732091e-02,-1.560902023038767128e+00
1.073799999999999955e+02,-9.878029298869812989e-04,9.983251313462732091e-02,-1.560902023038767128e+00
1.074000000000000057e+02,-9.878029298869812989e-04,9.983251313462732091e-02,-1.560902023038767128e+00
1.074200000000000017e+02,-9.878029298869812989e-04,9.983251313462732091e-02,-1.560902023038767128e+00
1.074399999999999977e+02,-9.878029298869812989e-04,9.983251313462732091e-02,-1.560902023038767128e+00
1.074599999999999937e+02,-9.878029298869812989e-04,9.983251313462732091e-02,-1.560902023038767128e+00
1.074800000000000040e+02,-9.878029298869812989e-04,9.983251313462732091e-02,-1.560902023038767128e+00
1.075000000000000000e+02,-9.878029298869812989e-04,9.983251313462732091e-02,-1.560902023038767128e+00
1.075199999999999960e+02,-9.878029298869812989e-04,9.983251313462732091e-02,-1.560902023038767128e+00
1.075400000000000063e+02,-9.878029298869812989e-04,9.983251313462732091e-02,-1.560902023038767128e+00
1.075600000000000023e+02,-9.878029298869812989e-04,9.983251313462732091e-02,-1.560902023038767128e+00
1.075799999999999983e+02,-9.878029298869812989e-04,9.983251313462732091e-02,-1.560902023038767128e+00
1.075999999999999943e+02,-9.878029298869812989e-04,9.983251313462732091e-02,-1.560902023038767128e+00
1.076200000000000045e+02,-9.878029298869812989e-04,9.983251313462732091e-02,-1.560902023038767128e+00
1.076400000000000006e+02,-9.878029298869812989e-04,9.983251313462732091e-02,-1.560902023038767128e+00
1.076599999999999966e+02,-9.878029298869812989e-04,9.983251313462732091e-02,-1.560902023038767128e+00
1.076800000000000068e+02,-9.878029298869812989e-04,9.983251313462732091e-02,-1.560902023038767128e+00
1.077000000000000028e+02,-9.878029298869812989e-04,9.983251313462732091e-02,-1.560902023038767128e+00
1.077199999999999989e+02,-9.878029298869812989e-04,9.983251313462732091e-02,-1.560902023038767128e+00
1.077399999999999949e+02,-9.878029298869812989e-04,9.983251313462732091e-02,-1.560902023038767128e+00
1.077600000000000051e+02,-9.878029298869812989e-04,9.983251313462732091e-02,-1.560902023038767128e+00
1.077800000000000011e+02,-9.878029298869812989e-04,9.983251313462732091e-02,-1.560902023038767128e+00
1.077999999999999972e+02,-9.878029298869812989e-04,9.983251313462732091e-02,-1.560902023038767128e+00
1.078199999999999932e+02,-9.878029298869812989e-04,9.983251313462732091e-02,-1.560902023038767128e+00
1.078400000000000034e+02,-9.878029298869812989e-04,9.983251313462732091e-02,-1.560902023038767128e+00
1.078599999999999994e+02,-9.878029298869812989e-04,9.983251313462732091e-02,-1.560902023038767128e+00
1.078799999999999955e+02,-9.878029298869812989e-04,9.983251313462732091e-02,-1.560902023038767128e+00
1.079000000000000057e+02,-9.878029298869812989e-04,9.983251313462732091e-02,-1.560902023038767128e+00
1.079200000000000017e+02,-9.878029298869812989e-04,9.983251313462732091e-02,-1.560902023038767128e+00
1.079399999999999977e+02,-9.878029298869812989e-04,9.983251313462732091e-02,-1.560902023038767128e+00
1.079599999999999937e+02,-9.878029298869812989e-04,9.983251313462732091e-02,-1.560902023038767128e+00
1.079800000000000040e+02,-9.878029298869812989e-04,9.983251313462732091e-02,-1.560902023038767128e+00
1.080000000000000000e+02,-9.878029298869812989e-04,9.983251313462732091e-02,-1.560902023038767128e+00
1.080199999999999960e+02,-9.878029298869812989e-04,9.983251313462732091e-02,-1.560902023038767128e+00
1.080400000000000063e+02,-9.878029298869812989e-04,9.983251313462732091e-02,-1.560902023038767128e+00
1.080600000000000023e+02,-9.878029298869812989e-04,9.983251313462732091e-02,-1.560902023038767128e+00
1.080799999999999983e+02,-9.878029298869812989e-04,9.983251313462732091e-02,-1.560902023038767128e+00
1.080999999999999943e+02,-9.878029298869812989e-04,9.983251313462732091e-02,-1.560902023038767128e+00
1.081200000000000045e+02,-9.878029298869812989e-04,9.983251313462732091e-02,-1.560902023038767128e+00
1.081400000000000006e+02,-9.878029298869812989e-04,9.983251313462732091e-02,-1.560902023038767128e+00
1.081599999999999966e+02,-9.878029298869812989e-04,9.983251313462732091e-02,-1.560902023038767128e+00
1.081800000000000068e+02,-9.878029298869812989e-04,9.983251313462732091e-02,-1.560902023038767128e+00
1.082000000000000028e+02,-9.878029298869812989e-04,9.983251313462732091e-02,-1.560902023038767128e+00
1.082199999999999989e+02,-9.878029298869812989e-04,9.983251313462732091e-02,-1.560902023038767128e+00
1.082399999999999949e+02,-9.878029298869812989e-04,9.983251313462732091e-02,-1.560902023038767128e+00
1.082600000000000051e+02,-9.878029298869812989e-04,9.983251313462732091e-02,-1.560902023038767128e+00
1.082800000000000011e+02,-9.878029298869812989e-04,9.983251313462732091e-02,-1.560902023038767128e+00
1.082999999999999972e+02,-9.878029298869812989e-04,9.983251313462732091e-02,-1.560902023038767128e+00
1.083199999999999932e+02,-9.878029298869812989e-04,9.983251313462732091e-02,-1.560902023038767128e+00
1.083400000000000034e+02,-9.878029298869812989e-04,9.983251313462732091e-02,-1.560902023038767128e+00
1.083599999999999994e+02,-9.878029298869812989e-04,9.983251313462732091e-02,-1.560902023038767128e+00
1.083799999999999955e+02,-9.878029298869812989e-04,9.983251313462732091e-02,-1.560902023038767128e+00
1.084000000000000057e+02,-9.878029298869812989e-04,9.983251313462732091e-02,-1.560902023038767128e+00
1.084200000000000017e+02,-9.878029298869812989e-04,9.983251313462732091e-02,-1.560902023038767128e+00
1.084399999999999977e+02,-9.878029298869812989e-04,9.983251313462732091e-02,-1.560902023038767128e+00
1.084599999999999937e+02,-9.878029298869812989e-04,9.983251313462732091e-02,-1.560902023038767128e+00
1.084800000000000040e+02,-9.878029298869812989e-04,9.983251313462732091e-02,-1.560902023038767128e+00
1.085000000000000000e+02,-9.878029298869812989e-04,9.983251313462732091e-02,-1.560902023038767128e+00
1.085199999999999960e+02,-9.878029298869812989e-04,9.983251313462732091e-02,-1.560902023038767128e+00
1.085400000000000063e+02,-9.878029298869812989e-04,9.983251313462732091e-02,-1.560902023038767128e+00
1.085600000000000023e+02,-9.878029298869812989e-04,9.983251313462732091e-02,-1.560902023038767128e+00
1.085799999999999983e+02,-9.878029298869812989e-04,9.983251313462732091e-02,-1.560902023038767128e+00
1.085999999999999943e+02,-9.878029298869812989e-04,9.983251313462732091e-02,-1.560902023038767128e+00
1.086200000000000045e+02,-9.878029298869812989e-04,9.983251313462732091e-02,-1.560902023038767128e+00
1.086400000000000006e+02,-9.878029298869812989e-04,9.983251313462732091e-02,-1.560902023038767128e+00
1.086599999999999966e+02,-9.878029298869812989e-04,9.983251313462732091e-02,-1.560902023038767128e+00
1.086800000000000068e+02,-9.878029298869812989e-04,9.983251313462732091e-02,-1.560902023038767128e+00
1.087000000000000028e+02,-9.878029298869812989e-04,9.983251313462732091e-02,-1.560902023038767128e+00
1.087199999999999989e+02,-9.878029298869812989e-04,9.983251313462732091e-02,-1.560902023038767128e+00
1.087399999999999949e+02,-9.878029298869812989e-04,9.983251313462732091e-02,-1.560902023038767128e+00
1.087600000000000051e+02,-9.878029298869812989e-04,9.983251313462732091e-02,-1.560902023038767128e+00
1.087800000000000011e+02,-9.878029298869812989e-04,9.983251313462732091e-02,-1.560902023038767128e+00
1.087999999999999972e+02,-9.878029298869812989e-04,9.983251313462732091e-02,-1.560902023038767128e+00
1.088199999999999932e+02,-9.878029298869812989e-04,9.983251313462732091e-02,-1.560902023038767128e+00
1.088400000000000034e+02,-9.878029298869812989e-04,9.983251313462732091e-02,-1.560902023038767128e+00
1.088599999999999994e+02,-9.878029298869812989e-04,9.983251313462732091e-02,-1.560902023038767128e+00
1.088799999999999955e+02,-9.878029298869812989e-04,9.983251313462732091e-02,-1.560902023038767128e+00
1.089000000000000057e+02,-9.878029298869812989e-04,9.983251313462732091e-02,-1.560902023038767128e+00
1.089200000000000017e+02,-9.878029298869812989e-04,9.983251313462732091e-02,-1.560902023038767128e+00
1.089399999999999977e+02,-9.878029298869812989e-04,9.983251313462732091e-02,-1.560902023038767128e+00
1.089599999999999937e+02,-9.878029298869812989e-04,9.983251313462732091e-02,-1.560902023038767128e+00
1.089800000000000040e+02,-9.878029298869812989e-04,9.983251313462732091e-02,-1.560902023038767128e+00
1.090000000000000000e+02,-9.878029298869812989e-04,9.983251313462732091e-02,-1.560902023038767128e+00
1.090199999999999960e+02,-9.878029298869812989e-04,9.983251313462732091e-02,-1.560902023038767128e+00
1.090400000000000063e+02,-9.878029298869812989e-04,9.983251313462732091e-02,-1.560902023038767128e+00
1.090600000000000023e+02,-9.878029298869812989e-04,9.983251313462732091e-02,-1.560902023038767128e+00
1.090799999999999983e+02,-9.878029298869812989e-04,9.983251313462732091e-02,-1.560902023038767128e+00
1.090999999999999943e+02,-9.878029298869812989e-04,9.983251313462732091e-02,-1.560902023038767128e+00
1.091200000000000045e+02,-9.878029298869812989e-04,9.983251313462732091e-02,-1.560902023038767128e+00
1.091400000000000006e+02,-9.878029298869812989e-04,9.983251313462732091e-02,-1.560902023038767128e+00
1.091599999999999966e+02,-9.878029298869812989e-04,9.983251313462732091e-02,-1.560902023038767128e+00
1.091800000000000068e+02,-9.878029298869812989e-04,9.983251313462732091e-02,-1.560902023038767128e+00
1.092000000000000028e+02,-9.878029298869812989e-04,9.983251313462732091e-02,-1.560902023038767128e+00
1.092199999999999989e+02,-9.878029298869812989e-04,9.983251313462732091e-02,-1.560902023038767128e+00
1.092399999999999949e+02,-9.878029298869812989e-04,9.983251313462732091e-02,-1.560902023038767128e+00
1.092600000000000051e+02,-9.878029298869812989e-04,9.983251313462732091e-02,-1.560902023038767128e+00
1.092800000000000011e+02,-9.878029298869812989e-04,9.983251313462732091e-02,-1.560902023038767128e+00
1.092999999999999972e+02,-9.878029298869812989e-04,9.983251313462732091e-02,-1.560902023038767128e+00
1.093199999999999932e+02,-9.878029298869812989e-04,9.983251313462732091e-02,-1.560902023038767128e+00
1.093400000000000034e+02,-9.878029298869812989e-04,9.983251313462732091e-02,-1.560902023038767128e+00
1.093599999999999994e+02,-9.878029298869812989e-04,9.983251313462732091e-02,-1.560902023038767128e+00
1.093799999999999955e+02,-9.878029298869812989e-04,9.983251313462732091e-02,-1.560902023038767128e+00
1.094000000000000057e+02,-9.878029298869812989e-04,9.983251313462732091e-02,-1.560902023038767128e+00
1.094200000000000017e+02,-9.878029298869812989e-04,9.983251313462732091e-02,-1.560902023038767128e+00
1.094399999999999977e+02,-9.878029298869812989e-04,9.983251313462732091e-02,-1.560902023038767128e+00
1.094599999999999937e+02,-9.878029298869812989e-04,9.983251313462732091e-02,-1.560902023038767128e+00
1.094800000000000040e+02,-9.878029298869812989e-04,9.983251313462732091e-02,-1.560902023038767128e+00
1.095000000000000000e+02,-9.878029298869812989e-04,9.983251313462732091e-02,-1.560902023038767128e+00
1.095199999999999960e+02,-9.878029298869812989e-04,9.983251313462732091e-02,-1.560902023038767128e+00
1.095400000000000063e+02,-9.878029298869812989e-04,9.983251313462732091e-02,-1.560902023038767128e+00
1.095600000000000023e+02,-9.878029298869812989e-04,9.983251313462732091e-02,-1.560902023038767128e+00
1.095799999999999983e+02,-9.878029298869812989e-04,9.983251313462732091e-02,-1.560902023038767128e+00
1.095999999999999943e+02,-9.878029298869812989e-04,9.983251313462732091e-02,-1.560902023038767128e+00
1.096200000000000045e+02,-9.878029298869812989e-04,9.983251313462732091e-02,-1.560902023038767128e+00
1.096400000000000006e+02,-9.878029298869812989e-04,9.983251313462732091e-02,-1.560902023038767128e+00
1.096599999999999966e+02,-9.878029298869812989e-04,9.983251313462732091e-02,-1.560902023038767128e+00
1.096800000000000068e+02,-9.878029298869812989e-04,9.983251313462732091e-02,-1.560902023038767128e+00
1.097000000000000028e+02,-9.878029298869812989e-04,9.983251313462732091e-02,-1.560902023038767128e+00
1.097199999999999989e+02,-9.878029298869812989e-04,9.983251313462732091e-02,-1.560902023038767128e+00
1.097399999999999949e+02,-9.878029298869812989e-04,9.983251313462732091e-02,-1.560902023038767128e+00
1.097600000000000051e+02,-9.878029298869812989e-04,9.983251313462732091e-02,-1.560902023038767128e+00
1.097800000000000011e+02,-9.878029298869812989e-04,9.983251313462732091e-02,-1.560902023038767128e+00
1.097999999999999972e+02,-9.878029298869812989e-04,9.983251313462732091e-02,-1.560902023038767128e+00
1.098199999999999932e+02,-9.878029298869812989e-04,9.983251313462732091e-02,-1.560902023038767128e+00
1.098400000000000034e+02,-9.878029298869812989e-04,9.983251313462732091e-02,-1.560902023038767128e+00
1.098599999999999994e+02,-9.878029298869812989e-04,9.983251313462732091e-02,-1.560902023038767128e+00
1.098799999999999955e+02,-9.878029298869812989e-04,9.983251313462732091e-02,-1.560902023038767128e+00
1.099000000000000057e+02,-9.878029298869812989e-04,9.983251313462732091e-02,-1.560902023038767128e+00
1.099200000000000017e+02,-9.878029298869812989e-04,9.983251313462732091e-02,-1.560902023038767128e+00
1.099399999999999977e+02,-9.878029298869812989e-04,9.983251313462732091e-02,-1.560902023038767128e+00
1.099599999999999937e+02,-9.878029298869812989e-04,9.983251313462732091e-02,-1.560902023038767128e+00
1.099800000000000040e+02,-9.878029298869812989e-04,9.983251313462732091e-02,-1.560902023038767128e+00
1.100000000000000000e+02,-9.878029298869812989e-04,9.983251313462732091e-02,-1.560902023038767128e+00
1.100199999999999960e+02,-9.878029298869812989e-04,9.983251313462732091e-02,-1.560902023038767128e+00
1.100400000000000063e+02,-9.878029298869812989e-04,9.983251313462732091e-02,-1.560902023038767128e+00
1.100600000000000023e+02,-9.878029298869812989e-04,9.983251313462732091e-02,-1.560902023038767128e+00
1.100799999999999983e+02,-9.878029298869812989e-04,9.983251313462732091e-02,-1.560902023038767128e+00
1.100999999999999943e+02,-9.878029298869812989e-04,9.983251313462732091e-02,-1.560902023038767128e+00
1.101200000000000045e+02,-9.878029298869812989e-04,9.983251313462732091e-02,-1.560902023038767128e+00
1.101400000000000006e+02,-9.878029298869812989e-04,9.983251313462732091e-02,-1.560902023038767128e+00
1.101599999999999966e+02,-9.878029298869812989e-04,9.983251313462732091e-02,-1.560902023038767128e+00
1.101800000000000068e+02,-9.878029298869812989e-04,9.983251313462732091e-02,-1.560902023038767128e+00
1.102000000000000028e+02,-9.878029298869812989e-04,9.983251313462732091e-02,-1.560902023038767128e+00
1.102199999999999989e+02,-9.878029298869812989e-04,9.983251313462732091e-02,-1.560902023038767128e+00
1.102399999999999949e+02,-9.878029298869812989e-04,9.983251313462732091e-02,-1.560902023038767128e+00
1.102600000000000051e+02,-9.878029298869812989e-04,9.983251313462732091e-02,-1.560902023038767128e+00
1.102800000000000011e+02,-9.878029298869812989e-04,9.983251313462732091e-02,-1.560902023038767128e+00
1.102999999999999972e+02,-9.878029298869812989e-04,9.983251313462732091e-02,-1.560902023038767128e+00
1.103199999999999932e+02,-9.878029298869812989e-04,9.983251313462732091e-02,-1.560902023038767128e+00
1.103400000000000034e+02,-9.878029298869812989e-04,9.983251313462732091e-02,-1.560902023038767128e+00
1.103599999999999994e+02,-9.878029298869812989e-04,9.983251313462732091e-02,-1.560902023038767128e+00
1.103799999999999955e+02,-9.878029298869812989e-04,9.983251313462732091e-02,-1.560902023038767128e+00
1.104000000000000057e+02,-9.878029298869812989e-04,9.983251313462732091e-02,-1.560902023038767128e+00
1.104200000000000017e+02,-9.878029298869812989e-04,9.983251313462732091e-02,-1.560902023038767128e+00
1.104399999999999977e+02,-9.878029298869812989e-04,9.983251313462732091e-02,-1.560902023038767128e+00
1.104599999999999937e+02,-9.878029298869812989e-04,9.983251313462732091e-02,-1.560902023038767128e+00
1.104800000000000040e+02,-9.878029298869812989e-04,9.983251313462732091e-02,-1.560902023038767128e+00
1.105000000000000000e+02,-9.878029298869812989e-04,9.983251313462732091e-02,-1.560902023038767128e+00
1.105199999999999960e+02,-9.878029298869812989e-04,9.983251313462732091e-02,-1.560902023038767128e+00
1.105400000000000063e+02,-9.878029298869812989e-04,9.983251313462732091e-02,-1.560902023038767128e+00
1.105600000000000023e+02,-9.878029298869812989e-04,9.983251313462732091e-02,-1.560902023038767128e+00
1.105799999999999983e+02,-9.878029298869812989e-04,9.983251313462732091e-02,-1.560902023038767128e+00
1.105999999999999943e+02,-9.878029298869812989e-04,9.983251313462732091e-02,-1.560902023038767128e+00
1.106200000000000045e+02,-9.878029298869812989e-04,9.983251313462732091e-02,-1.560902023038767128e+00
1.106400000000000006e+02,-9.878029298869812989e-04,9.983251313462732091e-02,-1.560902023038767128e+00
1.106599999999999966e+02,-9.878029298869812989e-04,9.983251313462732091e-02,-1.560902023038767128e+00
1.106800000000000068e+02,-9.878029298869812989e-04,9.983251313462732091e-02,-1.560902023038767128e+00
1.107000000000000028e+02,-9.878029298869812989e-04,9.983251313462732091e-02,-1.560902023038767128e+00
1.107199999999999989e+02,-9.878029298869812989e-04,9.983251313462732091e-02,-1.560902023038767128e+00
1.107399999999999949e+02,-9.878029298869812989e-04,9.983251313462732091e-02,-1.560902023038767128e+00
1.107600000000000051e+02,-9.878029298869812989e-04,9.983251313462732091e-02,-1.560902023038767128e+00
1.107800000000000011e+02,-9.878029298869812989e-04,9.983251313462732091e-02,-1.560902023038767128e+00
1.107999999999999972e+02,-9.878029298869812989e-04,9.983251313462732091e-02,-1.560902023038767128e+00
1.108199999999999932e+02,-9.878029298869812989e-04,9.983251313462732091e-02,-1.560902023038767128e+00
1.108400000000000034e+02,-9.878029298869812989e-04,9.983251313462732091e-02,-1.560902023038767128e+00
1.108599999999999994e+02,-9.878029298869812989e-04,9.983251313462732091e-02,-1.560902023038767128e+00
1.108799999999999955e+02,-9.878029298869812989e-04,9.983251313462732091e-02,-1.560902023038767128e+00
1.109000000000000057e+02,-9.878029298869812989e-04,9.983251313462732091e-02,-1.560902023038767128e+00
1.109200000000000017e+02,-9.878029298869812989e-04,9.983251313462732091e-02,-1.560902023038767128e+00
1.109399999999999977e+02,-9.878029298869812989e-04,9.983251313462732091e-02,-1.560902023038767128e+00
1.109599999999999937e+02,-9.878029298869812989e-04,9.983251313462732091e-02,-1.560902023038767128e+00
1.109800000000000040e+02,-9.878029298869812989e-04,9.983251313462732091e-02,-1.560902023038767128e+00
1.110000000000000000e+02,-9.878029298869812989e-04,9.983251313462732091e-02,-1.560902023038767128e+00
1.110199999999999960e+02,-9.878029298869812989e-04,9.983251313462732091e-02,-1.560902023038767128e+00
1.110400000000000063e+02,-9.878029298869812989e-04,9.983251313462732091e-02,-1.560902023038767128e+00
1.110600000000000023e+02,-9.878029298869812989e-04,9.983251313462732091e-02,-1.560902023038767128e+00
1.110799999999999983e+02,-9.878029298869812989e-04,9.983251313462732091e-02,-1.560902023038767128e+00
1.110999999999999943e+02,-9.878029298869812989e-04,9.983251313462732091e-02,-1.560902023038767128e+00
1.111200000000000045e+02,-9.878029298869812989e-04,9.983251313462732091e-02,-1.560902023038767128e+00
1.111400000000000006e+02,-9.878029298869812989e-04,9.983251313462732091e-02,-1.560902023038767128e+00
1.111599999999999966e+02,-9.878029298869812989e-04,9.983251313462732091e-02,-1.560902023038767128e+00
1.111800000000000068e+02,-9.878029298869812989e-04,9.983251313462732091e-02,-1.560902023038767128e+00
1.112000000000000028e+02,-9.878029298869812989e-04,9.983251313462732091e-02,-1.560902023038767128e+00
1.112199999999999989e+02,-9.878029298869812989e-04,9.983251313462732091e-02,-1.560902023038767128e+00
1.112399999999999949e+02,-9.878029298869812989e-04,9.983251313462732091e-02,-1.560902023038767128e+00
1.112600000000000051e+02,-9.878029298869812989e-04,9.983251313462732091e-02,-1.560902023038767128e+00
1.112800000000000011e+02,-9.878029298869812989e-04,9.983251313462732091e-02,-1.560902023038767128e+00
1.112999999999999972e+02,-9.878029298869812989e-04,9.983251313462732091e-02,-1.560902023038767128e+00
1.113199999999999932e+02,-9.878029298869812989e-04,9.983251313462732091e-02,-1.560902023038767128e+00
1.113400000000000034e+02,-9.878029298869812989e-04,9.983251313462732091e-02,-1.560902023038767128e+00
1.113599999999999994e+02,-9.878029298869812989e-04,9.983251313462732091e-02,-1.560902023038767128e+00
1.113799999999999955e+02,-9.878029298869812989e-04,9.983251313462732091e-02,-1.560902023038767128e+00
1.114000000000000057e+02,-9.878029298869812989e-04,9.983251313462732091e-02,-1.560902023038767128e+00
1.114200000000000017e+02,-9.878029298869812989e-04,9.983251313462732091e-02,-1.560902023038767128e+00
1.114399999999999977e+02,-9.878029298869812989e-04,9.983251313462732091e-02,-1.560902023038767128e+00
1.114599999999999937e+02,-9.878029298869812989e-04,9.983251313462732091e-02,-1.560902023038767128e+00
1.114800000000000040e+02,-9.878029298869812989e-04,9.983251313462732091e-02,-1.560902023038767128e+00
1.115000000000000000e+02,-9.878029298869812989e-04,9.983251313462732091e-02,-1.560902023038767128e+00
1.115199999999999960e+02,-9.878029298869812989e-04,9.983251313462732091e-02,-1.560902023038767128e+00
1.115400000000000063e+02,-9.878029298869812989e-04,9.983251313462732091e-02,-1.560902023038767128e+00
1.115600000000000023e+02,-9.878029298869812989e-04,9.983251313462732091e-02,-1.560902023038767128e+00
1.115799999999999983e+02,-9.878029298869812989e-04,9.983251313462732091e-02,-1.560902023038767128e+00
1.115999999999999943e+02,-9.878029298869812989e-04,9.983251313462732091e-02,-1.560902023038767128e+00
1.116200000000000045e+02,-9.878029298869812989e-04,9.983251313462732091e-02,-1.560902023038767128e+00
1.116400000000000006e+02,-9.878029298869812989e-04,9.983251313462732091e-02,-1.560902023038767128e+00
1.116599999999999966e+02,-9.878029298869812989e-04,9.983251313462732091e-02,-1.560902023038767128e+00
1.116800000000000068e+02,-9.878029298869812989e-04,9.983251313462732091e-02,-1.560902023038767128e+00
1.117000000000000028e+02,-9.878029298869812989e-04,9.983251313462732091e-02,-1.560902023038767128e+00
1.117199999999999989e+02,-9.878029298869812989e-04,9.983251313462732091e-02,-1.560902023038767128e+00
1.117399999999999949e+02,-9.878029298869812989e-04,9.983251313462732091e-02,-1.560902023038767128e+00
1.117600000000000051e+02,-9.878029298869812989e-04,9.983251313462732091e-02,-1.560902023038767128e+00
1.117800000000000011e+02,-9.878029298869812989e-04,9.983251313462732091e-02,-1.560902023038767128e+00
1.117999999999999972e+02,-9.878029298869812989e-04,9.983251313462732091e-02,-1.560902023038767128e+00
1.118199999999999932e+02,-9.878029298869812989e-04,9.983251313462732091e-02,-1.560902023038767128e+00
1.118400000000000034e+02,-9.878029298869812989e-04,9.983251313462732091e-02,-1.560902023038767128e+00
1.118599999999999994e+02,-9.878029298869812989e-04,9.983251313462732091e-02,-1.560902023038767128e+00
1.118799999999999955e+02,-9.878029298869812989e-04,9.983251313462732091e-02,-1.560902023038767128e+00
1.119000000000000057e+02,-9.878029298869812989e-04,9.983251313462732091e-02,-1.560902023038767128e+00
1.119200000000000017e+02,-9.878029298869812989e-04,9.983251313462732091e-02,-1.560902023038767128e+00
1.119399999999999977e+02,-9.878029298869812989e-04,9.983251313462732091e-02,-1.560902023038767128e+00
1.119599999999999937e+02,-9.878029298869812989e-04,9.983251313462732091e-02,-1.560902023038767128e+00
1.119800000000000040e+02,-9.878029298869812989e-04,9.983251313462732091e-02,-1.560902023038767128e+00
1.120000000000000000e+02,-9.878029298869812989e-04,9.983251313462732091e-02,-1.560902023038767128e+00
1.120199999999999960e+02,-9.878029298869812989e-04,9.983251313462732091e-02,-1.560902023038767128e+00
1.120400000000000063e+02,-9.878029298869812989e-04,9.983251313462732091e-02,-1.560902023038767128e+00
1.120600000000000023e+02,-9.878029298869812989e-04,9.983251313462732091e-02,-1.560902023038767128e+00
1.120799999999999983e+02,-9.878029298869812989e-04,9.983251313462732091e-02,-1.560902023038767128e+00
1.120999999999999943e+02,-9.878029298869812989e-04,9.983251313462732091e-02,-1.560902023038767128e+00
1.121200000000000045e+02,-9.878029298869812989e-04,9.983251313462732091e-02,-1.560902023038767128e+00
1.121400000000000006e+02,-9.878029298869812989e-04,9.983251313462732091e-02,-1.560902023038767128e+00
1.121599999999999966e+02,-9.878029298869812989e-04,9.983251313462732091e-02,-1.560902023038767128e+00
1.121800000000000068e+02,-9.878029298869812989e-04,9.983251313462732091e-02,-1.560902023038767128e+00
1.122000000000000028e+02,-9.878029298869812989e-04,9.983251313462732091e-02,-1.560902023038767128e+00
1.122199999999999989e+02,-9.878029298869812989e-04,9.983251313462732091e-02,-1.560902023038767128e+00
1.122399999999999949e+02,-9.878029298869812989e-04,9.983251313462732091e-02,-1.560902023038767128e+00
1.122600000000000051e+02,-9.878029298869812989e-04,9.983251313462732091e-02,-1.560902023038767128e+00
1.122800000000000011e+02,-9.878029298869812989e-04,9.983251313462732091e-02,-1.560902023038767128e+00
1.122999999999999972e+02,-9.878029298869812989e-04,9.983251313462732091e-02,-1.560902023038767128e+00
1.123199999999999932e+02,-9.878029298869812989e-04,9.983251313462732091e-02,-1.560902023038767128e+00
1.123400000000000034e+02,-9.878029298869812989e-04,9.983251313462732091e-02,-1.560902023038767128e+00
1.123599999999999994e+02,-9.878029298869812989e-04,9.983251313462732091e-02,-1.560902023038767128e+00
1.123799999999999955e+02,-9.878029298869812989e-04,9.983251313462732091e-02,-1.560902023038767128e+00
1.124000000000000057e+02,-9.878029298869812989e-04,9.983251313462732091e-02,-1.560902023038767128e+00
1.124200000000000017e+02,-9.878029298869812989e-04,9.983251313462732091e-02,-1.560902023038767128e+00
1.124399999999999977e+02,-9.878029298869812989e-04,9.983251313462732091e-02,-1.560902023038767128e+00
1.124599999999999937e+02,-9.878029298869812989e-04,9.983251313462732091e-02,-1.560902023038767128e+00
1.124800000000000040e+02,-9.878029298869812989e-04,9.983251313462732091e-02,-1.560902023038767128e+00
1.125000000000000000e+02,-9.878029298869812989e-04,9.983251313462732091e-02,-1.560902023038767128e+00
1.125199999999999960e+02,-9.878029298869812989e-04,9.983251313462732091e-02,-1.560902023038767128e+00
1.125400000000000063e+02,-9.878029298869812989e-04,9.983251313462732091e-02,-1.560902023038767128e+00
1.125600000000000023e+02,-9.878029298869812989e-04,9.983251313462732091e-02,-1.560902023038767128e+00
1.125799999999999983e+02,-9.878029298869812989e-04,9.983251313462732091e-02,-1.560902023038767128e+00
1.125999999999999943e+02,-9.878029298869812989e-04,9.983251313462732091e-02,-1.560902023038767128e+00
1.126200000000000045e+02,-9.878029298869812989e-04,9.983251313462732091e-02,-1.560902023038767128e+00
1.126400000000000006e+02,-9.878029298869812989e-04,9.983251313462732091e-02,-1.560902023038767128e+00
1.126599999999999966e+02,-9.878029298869812989e-04,9.983251313462732091e-02,-1.560902023038767128e+00
1.126800000000000068e+02,-9.878029298869812989e-04,9.983251313462732091e-02,-1.560902023038767128e+00
1.127000000000000028e+02,-9.878029298869812989e-04,9.983251313462732091e-02,-1.560902023038767128e+00
1.127199999999999989e+02,-9.878029298869812989e-04,9.983251313462732091e-02,-1.560902023038767128e+00
1.127399999999999949e+02,-9.878029298869812989e-04,9.983251313462732091e-02,-1.560902023038767128e+00
1.127600000000000051e+02,-9.878029298869812989e-04,9.983251313462732091e-02,-1.560902023038767128e+00
1.127800000000000011e+02,-9.878029298869812989e-04,9.983251313462732091e-02,-1.560902023038767128e+00
1.127999999999999972e+02,-9.878029298869812989e-04,9.983251313462732091e-02,-1.560902023038767128e+00
1.128199999999999932e+02,-9.878029298869812989e-04,9.983251313462732091e-02,-1.560902023038767128e+00
1.128400000000000034e+02,-9.878029298869812989e-04,9.983251313462732091e-02,-1.560902023038767128e+00
1.128599999999999994e+02,-9.878029298869812989e-04,9.983251313462732091e-02,-1.560902023038767128e+00
1.128799999999999955e+02,-9.878029298869812989e-04,9.983251313462732091e-02,-1.560902023038767128e+00
1.129000000000000057e+02,-9.878029298869812989e-04,9.983251313462732091e-02,-1.560902023038767128e+00
1.129200000000000017e+02,-9.878029298869812989e-04,9.983251313462732091e-02,-1.560902023038767128e+00
1.129399999999999977e+02,-9.878029298869812989e-04,9.983251313462732091e-02,-1.560902023038767128e+00
1.129599999999999937e+02,-9.878029298869812989e-04,9.983251313462732091e-02,-1.560902023038767128e+00
1.129800000000000040e+02,-9.878029298869812989e-04,9.983251313462732091e-02,-1.560902023038767128e+00
1.130000000000000000e+02,-9.878029298869812989e-04,9.983251313462732091e-02,-1.560902023038767128e+00
1.130199999999999960e+02,-9.878029298869812989e-04,9.983251313462732091e-02,-1.560902023038767128e+00
1.130400000000000063e+02,-9.878029298869812989e-04,9.983251313462732091e-02,-1.560902023038767128e+00
1.130600000000000023e+02,-9.878029298869812989e-04,9.983251313462732091e-02,-1.560902023038767128e+00
1.130799999999999983e+02,-9.878029298869812989e-04,9.983251313462732091e-02,-1.560902023038767128e+00
1.130999999999999943e+02,-9.878029298869812989e-04,9.983251313462732091e-02,-1.560902023038767128e+00
1.131200000000000045e+02,-9.878029298869812989e-04,9.983251313462732091e-02,-1.560902023038767128e+00
1.131400000000000006e+02,-9.878029298869812989e-04,9.983251313462732091e-02,-1.560902023038767128e+00
1.131599999999999966e+02,-9.878029298869812989e-04,9.983251313462732091e-02,-1.560902023038767128e+00
1.131800000000000068e+02,-9.878029298869812989e-04,9.983251313462732091e-02,-1.560902023038767128e+00
1.132000000000000028e+02,-9.878029298869812989e-04,9.983251313462732091e-02,-1.560902023038767128e+00
1.132199999999999989e+02,-9.878029298869812989e-04,9.983251313462732091e-02,-1.560902023038767128e+00
1.132399999999999949e+02,-9.878029298869812989e-04,9.983251313462732091e-02,-1.560902023038767128e+00
1.132600000000000051e+02,-9.878029298869812989e-04,9.983251313462732091e-02,-1.560902023038767128e+00
1.132800000000000011e+02,-9.878029298869812989e-04,9.983251313462732091e-02,-1.560902023038767128e+00
1.132999999999999972e+02,-9.878029298869812989e-04,9.983251313462732091e-02,-1.560902023038767128e+00
1.133199999999999932e+02,-9.878029298869812989e-04,9.983251313462732091e-02,-1.560902023038767128e+00
1.133400000000000034e+02,-9.878029298869812989e-04,9.983251313462732091e-02,-1.560902023038767128e+00
1.133599999999999994e+02,-9.878029298869812989e-04,9.983251313462732091e-02,-1.560902023038767128e+00
1.133799999999999955e+02,-9.878029298869812989e-04,9.983251313462732091e-02,-1.560902023038767128e+00
1.134000000000000057e+02,-9.878029298869812989e-04,9.983251313462732091e-02,-1.560902023038767128e+00
1.134200000000000017e+02,-9.878029298869812989e-04,9.983251313462732091e-02,-1.560902023038767128e+00
1.134399999999999977e+02,-9.878029298869812989e-04,9.983251313462732091e-02,-1.560902023038767128e+00
1.134599999999999937e+02,-9.878029298869812989e-04,9.983251313462732091e-02,-1.560902023038767128e+00
1.134800000000000040e+02,-9.878029298869812989e-04,9.983251313462732091e-02,-1.560902023038767128e+00
1.135000000000000000e+02,-9.878029298869812989e-04,9.983251313462732091e-02,-1.560902023038767128e+00
1.135199999999999960e+02,-9.878029298869812989e-04,9.983251313462732091e-02,-1.560902023038767128e+00
1.135400000000000063e+02,-9.878029298869812989e-04,9.983251313462732091e-02,-1.560902023038767128e+00
1.135600000000000023e+02,-9.878029298869812989e-04,9.983251313462732091e-02,-1.560902023038767128e+00
1.135799999999999983e+02,-9.878029298869812989e-04,9.983251313462732091e-02,-1.560902023038767128e+00
1.135999999999999943e+02,-9.878029298869812989e-04,9.983251313462732091e-02,-1.560902023038767128e+00
1.136200000000000045e+02,-9.878029298869812989e-04,9.983251313462732091e-02,-1.560902023038767128e+00
1.136400000000000006e+02,-9.878029298869812989e-04,9.983251313462732091e-02,-1.560902023038767128e+00
1.136599999999999966e+02,-9.878029298869812989e-04,9.983251313462732091e-02,-1.560902023038767128e+00
1.136800000000000068e+02,-9.878029298869812989e-04,9.983251313462732091e-02,-1.560902023038767128e+00
1.137000000000000028e+02,-9.878029298869812989e-04,9.983251313462732091e-02,-1.560902023038767128e+00
1.137199999999999989e+02,-9.878029298869812989e-04,9.983251313462732091e-02,-1.560902023038767128e+00
1.137399999999999949e+02,-9.878029298869812989e-04,9.983251313462732091e-02,-1.560902023038767128e+00
1.137600000000000051e+02,-9.878029298869812989e-04,9.983251313462732091e-02,-1.560902023038767128e+00
1.137800000000000011e+02,-9.878029298869812989e-04,9.983251313462732091e-02,-1.560902023038767128e+00
1.137999999999999972e+02,-9.878029298869812989e-04,9.983251313462732091e-02,-1.560902023038767128e+00
1.138199999999999932e+02,-9.878029298869812989e-04,9.983251313462732091e-02,-1.560902023038767128e+00
1.138400000000000034e+02,-9.878029298869812989e-04,9.983251313462732091e-02,-1.560902023038767128e+00
1.138599999999999994e+02,-9.878029298869812989e-04,9.983251313462732091e-02,-1.560902023038767128e+00
1.138799999999999955e+02,-9.878029298869812989e-04,9.983251313462732091e-02,-1.560902023038767128e+00
1.139000000000000057e+02,-9.878029298869812989e-04,9.983251313462732091e-02,-1.560902023038767128e+00
1.139200000000000017e+02,-9.878029298869812989e-04,9.983251313462732091e-02,-1.560902023038767128e+00
1.139399999999999977e+02,-9.878029298869812989e-04,9.983251313462732091e-02,-1.560902023038767128e+00
1.139599999999999937e+02,-9.878029298869812989e-04,9.983251313462732091e-02,-1.560902023038767128e+00
1.139800000000000040e+02,-9.878029298869812989e-04,9.983251313462732091e-02,-1.560902023038767128e+00
1.140000000000000000e+02,-9.878029298869812989e-04,9.983251313462732091e-02,-1.560902023038767128e+00
1.140199999999999960e+02,-9.878029298869812989e-04,9.983251313462732091e-02,-1.560902023038767128e+00
1.140400000000000063e+02,-9.878029298869812989e-04,9.983251313462732091e-02,-1.560902023038767128e+00
1.140600000000000023e+02,-9.878029298869812989e-04,9.983251313462732091e-02,-1.560902023038767128e+00
1.140799999999999983e+02,-9.878029298869812989e-04,9.983251313462732091e-02,-1.560902023038767128e+00
1.140999999999999943e+02,-9.878029298869812989e-04,9.983251313462732091e-02,-1.560902023038767128e+00
1.141200000000000045e+02,-9.878029298869812989e-04,9.983251313462732091e-02,-1.560902023038767128e+00
1.141400000000000006e+02,-9.878029298869812989e-04,9.983251313462732091e-02,-1.560902023038767128e+00
1.141599999999999966e+02,-9.878029298869812989e-04,9.983251313462732091e-02,-1.560902023038767128e+00
1.141800000000000068e+02,-9.878029298869812989e-04,9.983251313462732091e-02,-1.560902023038767128e+00
1.142000000000000028e+02,-9.878029298869812989e-04,9.983251313462732091e-02,-1.560902023038767128e+00
1.142199999999999989e+02,-9.878029298869812989e-04,9.983251313462732091e-02,-1.560902023038767128e+00
1.142399999999999949e+02,-9.878029298869812989e-04,9.983251313462732091e-02,-1.560902023038767128e+00
1.142600000000000051e+02,-9.878029298869812989e-04,9.983251313462732091e-02,-1.560902023038767128e+00
1.142800000000000011e+02,-9.878029298869812989e-04,9.983251313462732091e-02,-1.560902023038767128e+00
1.142999999999999972e+02,-9.878029298869812989e-04,9.983251313462732091e-02,-1.560902023038767128e+00
1.143199999999999932e+02,-9.878029298869812989e-04,9.983251313462732091e-02,-1.560902023038767128e+00
1.143400000000000034e+02,-9.878029298869812989e-04,9.983251313462732091e-02,-1.560902023038767128e+00
1.143599999999999994e+02,-9.878029298869812989e-04,9.983251313462732091e-02,-1.560902023038767128e+00
1.143799999999999955e+02,-9.878029298869812989e-04,9.983251313462732091e-02,-1.560902023038767128e+00
1.144000000000000057e+02,-9.878029298869812989e-04,9.983251313462732091e-02,-1.560902023038767128e+00
1.144200000000000017e+02,-9.878029298869812989e-04,9.983251313462732091e-02,-1.560902023038767128e+00
1.144399999999999977e+02,-9.878029298869812989e-04,9.983251313462732091e-02,-1.560902023038767128e+00
1.144599999999999937e+02,-9.878029298869812989e-04,9.983251313462732091e-02,-1.560902023038767128e+00
1.144800000000000040e+02,-9.878029298869812989e-04,9.983251313462732091e-02,-1.560902023038767128e+00
1.145000000000000000e+02,-9.878029298869812989e-04,9.983251313462732091e-02,-1.560902023038767128e+00
1.145199999999999960e+02,-9.878029298869812989e-04,9.983251313462732091e-02,-1.560902023038767128e+00
1.145400000000000063e+02,-9.878029298869812989e-04,9.983251313462732091e-02,-1.560902023038767128e+00
1.145600000000000023e+02,-9.878029298869812989e-04,9.983251313462732091e-02,-1.560902023038767128e+00
1.145799999999999983e+02,-9.878029298869812989e-04,9.983251313462732091e-02,-1.560902023038767128e+00
1.145999999999999943e+02,-9.878029298869812989e-04,9.983251313462732091e-02,-1.560902023038767128e+00
1.146200000000000045e+02,-9.878029298869812989e-04,9.983251313462732091e-02,-1.560902023038767128e+00
1.146400000000000006e+02,-9.878029298869812989e-04,9.983251313462732091e-02,-1.560902023038767128e+00
1.146599999999999966e+02,-9.878029298869812989e-04,9.983251313462732091e-02,-1.560902023038767128e+00
1.146800000000000068e+02,-9.878029298869812989e-04,9.983251313462732091e-02,-1.560902023038767128e+00
1.147000000000000028e+02,-9.878029298869812989e-04,9.983251313462732091e-02,-1.560902023038767128e+00
1.147199999999999989e+02,-9.878029298869812989e-04,9.983251313462732091e-02,-1.560902023038767128e+00
1.147399999999999949e+02,-9.878029298869812989e-04,9.983251313462732091e-02,-1.560902023038767128e+00
1.147600000000000051e+02,-9.878029298869812989e-04,9.983251313462732091e-02,-1.560902023038767128e+00
1.147800000000000011e+02,-9.878029298869812989e-04,9.983251313462732091e-02,-1.560902023038767128e+00
1.147999999999999972e+02,-9.878029298869812989e-04,9.983251313462732091e-02,-1.560902023038767128e+00
1.148199999999999932e+02,-9.878029298869812989e-04,9.983251313462732091e-02,-1.560902023038767128e+00
1.148400000000000034e+02,-9.878029298869812989e-04,9.983251313462732091e-02,-1.560902023038767128e+00
1.148599999999999994e+02,-9.878029298869812989e-04,9.983251313462732091e-02,-1.560902023038767128e+00
1.148799999999999955e+02,-9.878029298869812989e-04,9.983251313462732091e-02,-1.560902023038767128e+00
1.149000000000000057e+02,-9.878029298869812989e-04,9.983251313462732091e-02,-1.560902023038767128e+00
1.149200000000000017e+02,-9.878029298869812989e-04,9.983251313462732091e-02,-1.560902023038767128e+00
1.149399999999999977e+02,-9.878029298869812989e-04,9.983251313462732091e-02,-1.560902023038767128e+00
1.149599999999999937e+02,-9.878029298869812989e-04,9.983251313462732091e-02,-1.560902023038767128e+00
1.149800000000000040e+02,-9.878029298869812989e-04,9.983251313462732091e-02,-1.560902023038767128e+00
1.150000000000000000e+02,-9.878029298869812989e-04,9.983251313462732091e-02,-1.560902023038767128e+00
1.150199999999999960e+02,-9.878029298869812989e-04,9.983251313462732091e-02,-1.560902023038767128e+00
1.150400000000000063e+02,-9.878029298869812989e-04,9.983251313462732091e-02,-1.560902023038767128e+00
1.150600000000000023e+02,-9.878029298869812989e-04,9.983251313462732091e-02,-1.560902023038767128e+00
1.150799999999999983e+02,-9.878029298869812989e-04,9.983251313462732091e-02,-1.560902023038767128e+00
1.150999999999999943e+02,-9.878029298869812989e-04,9.983251313462732091e-02,-1.560902023038767128e+00
1.151200000000000045e+02,-9.878029298869812989e-04,9.983251313462732091e-02,-1.560902023038767128e+00
1.151400000000000006e+02,-9.878029298869812989e-04,9.983251313462732091e-02,-1.560902023038767128e+00
1.151599999999999966e+02,-9.878029298869812989e-04,9.983251313462732091e-02,-1.560902023038767128e+00
1.151800000000000068e+02,-9.878029298869812989e-04,9.983251313462732091e-02,-1.560902023038767128e+00
1.152000000000000028e+02,-9.878029298869812989e-04,9.983251313462732091e-02,-1.560902023038767128e+00
1.152199999999999989e+02,-9.878029298869812989e-04,9.983251313462732091e-02,-1.560902023038767128e+00
1.152399999999999949e+02,-9.878029298869812989e-04,9.983251313462732091e-02,-1.560902023038767128e+00
1.152600000000000051e+02,-9.878029298869812989e-04,9.983251313462732091e-02,-1.560902023038767128e+00
1.152800000000000011e+02,-9.878029298869812989e-04,9.983251313462732091e-02,-1.560902023038767128e+00
1.152999999999999972e+02,-9.878029298869812989e-04,9.983251313462732091e-02,-1.560902023038767128e+00
1.153199999999999932e+02,-9.878029298869812989e-04,9.983251313462732091e-02,-1.560902023038767128e+00
1.153400000000000034e+02,-9.878029298869812989e-04,9.983251313462732091e-02,-1.560902023038767128e+00
1.153599999999999994e+02,-9.878029298869812989e-04,9.983251313462732091e-02,-1.560902023038767128e+00
1.153799999999999955e+02,-9.878029298869812989e-04,9.983251313462732091e-02,-1.560902023038767128e+00
1.154000000000000057e+02,-9.878029298869812989e-04,9.983251313462732091e-02,-1.560902023038767128e+00
1.154200000000000017e+02,-9.878029298869812989e-04,9.983251313462732091e-02,-1.560902023038767128e+00
1.154399999999999977e+02,-9.878029298869812989e-04,9.983251313462732091e-02,-1.560902023038767128e+00
1.154599999999999937e+02,-9.878029298869812989e-04,9.983251313462732091e-02,-1.560902023038767128e+00
1.154800000000000040e+02,-9.878029298869812989e-04,9.983251313462732091e-02,-1.560902023038767128e+00
1.155000000000000000e+02,-9.878029298869812989e-04,9.983251313462732091e-02,-1.560902023038767128e+00
1.155199999999999960e+02,-9.878029298869812989e-04,9.983251313462732091e-02,-1.560902023038767128e+00
1.155400000000000063e+02,-9.878029298869812989e-04,9.983251313462732091e-02,-1.560902023038767128e+00
1.155600000000000023e+02,-9.878029298869812989e-04,9.983251313462732091e-02,-1.560902023038767128e+00
1.155799999999999983e+02,-9.878029298869812989e-04,9.983251313462732091e-02,-1.560902023038767128e+00
1.155999999999999943e+02,-9.878029298869812989e-04,9.983251313462732091e-02,-1.560902023038767128e+00
1.156200000000000045e+02,-9.878029298869812989e-04,9.983251313462732091e-02,-1.560902023038767128e+00
1.156400000000000006e+02,-9.878029298869812989e-04,9.983251313462732091e-02,-1.560902023038767128e+00
1.156599999999999966e+02,-9.878029298869812989e-04,9.983251313462732091e-02,-1.560902023038767128e+00
1.156800000000000068e+02,-9.878029298869812989e-04,9.983251313462732091e-02,-1.560902023038767128e+00
1.157000000000000028e+02,-9.878029298869812989e-04,9.983251313462732091e-02,-1.560902023038767128e+00
1.157199999999999989e+02,-9.878029298869812989e-04,9.983251313462732091e-02,-1.560902023038767128e+00
1.157399999999999949e+02,-9.878029298869812989e-04,9.983251313462732091e-02,-1.560902023038767128e+00
1.157600000000000051e+02,-9.878029298869812989e-04,9.983251313462732091e-02,-1.560902023038767128e+00
1.157800000000000011e+02,-9.878029298869812989e-04,9.983251313462732091e-02,-1.560902023038767128e+00
1.157999999999999972e+02,-9.878029298869812989e-04,9.983251313462732091e-02,-1.560902023038767128e+00
1.158199999999999932e+02,-9.878029298869812989e-04,9.983251313462732091e-02,-1.560902023038767128e+00
1.158400000000000034e+02,-9.878029298869812989e-04,9.983251313462732091e-02,-1.560902023038767128e+00
1.158599999999999994e+02,-9.878029298869812989e-04,9.983251313462732091e-02,-1.560902023038767128e+00
1.158799999999999955e+02,-9.878029298869812989e-04,9.983251313462732091e-02,-1.560902023038767128e+00
1.159000000000000057e+02,-9.878029298869812989e-04,9.983251313462732091e-02,-1.560902023038767128e+00
1.159200000000000017e+02,-9.878029298869812989e-04,9.983251313462732091e-02,-1.560902023038767128e+00
1.159399999999999977e+02,-9.878029298869812989e-04,9.983251313462732091e-02,-1.560902023038767128e+00
1.159599999999999937e+02,-9.878029298869812989e-04,9.983251313462732091e-02,-1.560902023038767128e+00
1.159800000000000040e+02,-9.878029298869812989e-04,9.983251313462732091e-02,-1.560902023038767128e+00
1.160000000000000000e+02,-9.878029298869812989e-04,9.983251313462732091e-02,-1.560902023038767128e+00
1.160199999999999960e+02,-9.878029298869812989e-04,9.983251313462732091e-02,-1.560902023038767128e+00
1.160400000000000063e+02,-9.878029298869812989e-04,9.983251313462732091e-02,-1.560902023038767128e+00
1.160600000000000023e+02,-9.878029298869812989e-04,9.983251313462732091e-02,-1.560902023038767128e+00
1.160799999999999983e+02,-9.878029298869812989e-04,9.983251313462732091e-02,-1.560902023038767128e+00
1.160999999999999943e+02,-9.878029298869812989e-04,9.983251313462732091e-02,-1.560902023038767128e+00
1.161200000000000045e+02,-9.878029298869812989e-04,9.983251313462732091e-02,-1.560902023038767128e+00
1.161400000000000006e+02,-9.878029298869812989e-04,9.983251313462732091e-02,-1.560902023038767128e+00
1.161599999999999966e+02,-9.878029298869812989e-04,9.983251313462732091e-02,-1.560902023038767128e+00
1.161800000000000068e+02,-9.878029298869812989e-04,9.983251313462732091e-02,-1.560902023038767128e+00
1.162000000000000028e+02,-9.878029298869812989e-04,9.983251313462732091e-02,-1.560902023038767128e+00
1.162199999999999989e+02,-9.878029298869812989e-04,9.983251313462732091e-02,-1.560902023038767128e+00
1.162399999999999949e+02,-9.878029298869812989e-04,9.983251313462732091e-02,-1.560902023038767128e+00
1.162600000000000051e+02,-9.878029298869812989e-04,9.983251313462732091e-02,-1.560902023038767128e+00
1.162800000000000011e+02,-9.878029298869812989e-04,9.983251313462732091e-02,-1.560902023038767128e+00
1.162999999999999972e+02,-9.878029298869812989e-04,9.983251313462732091e-02,-1.560902023038767128e+00
1.163199999999999932e+02,-9.878029298869812989e-04,9.983251313462732091e-02,-1.560902023038767128e+00
1.163400000000000034e+02,-9.878029298869812989e-04,9.983251313462732091e-02,-1.560902023038767128e+00
1.163599999999999994e+02,-9.878029298869812989e-04,9.983251313462732091e-02,-1.560902023038767128e+00
1.163799999999999955e+02,-9.878029298869812989e-04,9.983251313462732091e-02,-1.560902023038767128e+00
1.164000000000000057e+02,-9.878029298869812989e-04,9.983251313462732091e-02,-1.560902023038767128e+00
1.164200000000000017e+02,-9.878029298869812989e-04,9.983251313462732091e-02,-1.560902023038767128e+00
1.164399999999999977e+02,-9.878029298869812989e-04,9.983251313462732091e-02,-1.560902023038767128e+00
1.164599999999999937e+02,-9.878029298869812989e-04,9.983251313462732091e-02,-1.560902023038767128e+00
1.164800000000000040e+02,-9.878029298869812989e-04,9.983251313462732091e-02,-1.560902023038767128e+00
1.165000000000000000e+02,-9.878029298869812989e-04,9.983251313462732091e-02,-1.560902023038767128e+00
1.165199999999999960e+02,-9.878029298869812989e-04,9.983251313462732091e-02,-1.560902023038767128e+00
1.165400000000000063e+02,-9.878029298869812989e-04,9.983251313462732091e-02,-1.560902023038767128e+00
1.165600000000000023e+02,-9.878029298869812989e-04,9.983251313462732091e-02,-1.560902023038767128e+00
1.165799999999999983e+02,-9.878029298869812989e-04,9.983251313462732091e-02,-1.560902023038767128e+00
1.165999999999999943e+02,-9.878029298869812989e-04,9.983251313462732091e-02,-1.560902023038767128e+00
1.166200000000000045e+02,-9.878029298869812989e-04,9.983251313462732091e-02,-1.560902023038767128e+00
1.166400000000000006e+02,-9.878029298869812989e-04,9.983251313462732091e-02,-1.560902023038767128e+00
1.166599999999999966e+02,-9.878029298869812989e-04,9.983251313462732091e-02,-1.560902023038767128e+00
1.166800000000000068e+02,-9.878029298869812989e-04,9.983251313462732091e-02,-1.560902023038767128e+00
1.167000000000000028e+02,-9.878029298869812989e-04,9.983251313462732091e-02,-1.560902023038767128e+00
1.167199999999999989e+02,-9.878029298869812989e-04,9.983251313462732091e-02,-1.560902023038767128e+00
1.167399999999999949e+02,-9.878029298869812989e-04,9.983251313462732091e-02,-1.560902023038767128e+00
1.167600000000000051e+02,-9.878029298869812989e-04,9.983251313462732091e-02,-1.560902023038767128e+00
1.167800000000000011e+02,-9.878029298869812989e-04,9.983251313462732091e-02,-1.560902023038767128e+00
1.167999999999999972e+02,-9.878029298869812989e-04,9.983251313462732091e-02,-1.560902023038767128e+00
1.168199999999999932e+02,-9.878029298869812989e-04,9.983251313462732091e-02,-1.560902023038767128e+00
1.168400000000000034e+02,-9.878029298869812989e-04,9.983251313462732091e-02,-1.560902023038767128e+00
1.168599999999999994e+02,-9.878029298869812989e-04,9.983251313462732091e-02,-1.560902023038767128e+00
1.168799999999999955e+02,-9.878029298869812989e-04,9.983251313462732091e-02,-1.560902023038767128e+00
1.169000000000000057e+02,-9.878029298869812989e-04,9.983251313462732091e-02,-1.560902023038767128e+00
1.169200000000000017e+02,-9.878029298869812989e-04,9.983251313462732091e-02,-1.560902023038767128e+00
1.169399999999999977e+02,-9.878029298869812989e-04,9.983251313462732091e-02,-1.560902023038767128e+00
1.169599999999999937e+02,-9.878029298869812989e-04,9.983251313462732091e-02,-1.560902023038767128e+00
1.169800000000000040e+02,-9.878029298869812989e-04,9.983251313462732091e-02,-1.560902023038767128e+00
1.170000000000000000e+02,-9.878029298869812989e-04,9.983251313462732091e-02,-1.560902023038767128e+00
1.170199999999999960e+02,-9.878029298869812989e-04,9.983251313462732091e-02,-1.560902023038767128e+00
1.170400000000000063e+02,-9.878029298869812989e-04,9.983251313462732091e-02,-1.560902023038767128e+00
1.170600000000000023e+02,-9.878029298869812989e-04,9.983251313462732091e-02,-1.560902023038767128e+00
1.170799999999999983e+02,-9.878029298869812989e-04,9.983251313462732091e-02,-1.560902023038767128e+00
1.170999999999999943e+02,-9.878029298869812989e-04,9.983251313462732091e-02,-1.560902023038767128e+00
1.171200000000000045e+02,-9.878029298869812989e-04,9.983251313462732091e-02,-1.560902023038767128e+00
1.171400000000000006e+02,-9.878029298869812989e-04,9.983251313462732091e-02,-1.560902023038767128e+00
1.171599999999999966e+02,-9.878029298869812989e-04,9.983251313462732091e-02,-1.560902023038767128e+00
1.171800000000000068e+02,-9.878029298869812989e-04,9.983251313462732091e-02,-1.560902023038767128e+00
1.172000000000000028e+02,-9.878029298869812989e-04,9.983251313462732091e-02,-1.560902023038767128e+00
1.172199999999999989e+02,-9.878029298869812989e-04,9.983251313462732091e-02,-1.560902023038767128e+00
1.172399999999999949e+02,-9.878029298869812989e-04,9.983251313462732091e-02,-1.560902023038767128e+00
1.172600000000000051e+02,-9.878029298869812989e-04,9.983251313462732091e-02,-1.560902023038767128e+00
1.172800000000000011e+02,-9.878029298869812989e-04,9.983251313462732091e-02,-1.560902023038767128e+00
1.172999999999999972e+02,-9.878029298869812989e-04,9.983251313462732091e-02,-1.560902023038767128e+00
