# time,x,y,yaw,truth_x,truth_y,truth_yaw
1.048000000000000043e+01,6.800000000000003264e-02,0.000000000000000000e+00,0.000000000000000000e+00,6.800000000000003264e-02,0.000000000000000000e+00,0.000000000000000000e+00
1.067999999999999972e+01,1.080000000000000682e-01,0.000000000000000000e+00,0.000000000000000000e+00,1.080000000000000682e-01,0.000000000000000000e+00,0.000000000000000000e+00
1.088000000000000078e+01,1.480000000000000759e-01,-6.971300436884141635e-18,0.000000000000000000e+00,1.480000000000001037e-01,0.000000000000000000e+00,0.000000000000000000e+00
1.108000000000000007e+01,1.880000000000001115e-01,-3.496077330366937439e-18,2.775557561562891351e-17,1.880000000000001392e-01,0.000000000000000000e+00,0.000000000000000000e+00
1.127999999999999936e+01,2.280000000000001470e-01,-2.385854305741779913e-18,2.775557561562891351e-17,2.280000000000001747e-01,0.000000000000000000e+00,0.000000000000000000e+00
1.148000000000000043e+01,2.680000000000001270e-01,2.106060341017965106e-18,2.775557561562891351e-17,2.680000000000001825e-01,0.000000000000000000e+00,0.000000000000000000e+00
1.167999999999999972e+01,3.080000000000001625e-01,4.061706271176769313e-18,2.775557561562891351e-17,3.080000000000002180e-01,0.000000000000000000e+00,0.000000000000000000e+00
1.188000000000000078e+01,3.480000000000001981e-01,5.171929295801926840e-18,2.775557561562891351e-17,3.480000000000002536e-01,0.000000000000000000e+00,0.000000000000000000e+00
1.208000000000000007e+01,3.880000000000001781e-01,8.944995702152777252e-18,2.775557561562891351e-17,3.880000000000002891e-01,0.000000000000000000e+00,0.000000000000000000e+00
1.227999999999999936e+01,4.280000000000002136e-01,1.005521872677793478e-17,2.775557561562891351e-17,4.280000000000003246e-01,0.000000000000000000e+00,0.000000000000000000e+00
1.248000000000000043e+01,4.680000000000001381e-01,9.028801765842103045e-18,2.775557561562891351e-17,4.680000000000003602e-01,0.000000000000000000e+00,0.000000000000000000e+00
1.267999999999999972e+01,5.080000000000001181e-01,1.013902479046725903e-17,2.775557561562891351e-17,5.080000000000003402e-01,0.000000000000000000e+00,0.000000000000000000e+00
1.288000000000000078e+01,5.480000000000000426e-01,9.891724207808360367e-18,2.775557561562891351e-17,5.480000000000003757e-01,0.000000000000000000e+00,0.000000000000000000e+00
1.308000000000000007e+01,5.880000000000000782e-01,1.066256633061250539e-17,2.775557561562891351e-17,5.880000000000004112e-01,0.000000000000000000e+00,0.000000000000000000e+00
1.327999999999999936e+01,6.280000000000001137e-01,1.177278935523766291e-17,2.775557561562891351e-17,6.280000000000004468e-01,0.000000000000000000e+00,0.000000000000000000e+00
1.348000000000000043e+01,6.680000000000001492e-01,2.089554199039757115e-17,2.775557561562891351e-17,6.680000000000004823e-01,0.000000000000000000e+00,0.000000000000000000e+00
1.367999999999999972e+01,7.080000000000001847e-01,2.400889741765641442e-17,2.775557561562891351e-17,7.080000000000005178e-01,0.000000000000000000e+00,0.000000000000000000e+00
1.388000000000000078e+01,7.480000000000002203e-01,2.511912044228157195e-17,2.775557561562891351e-17,7.480000000000005533e-01,0.000000000000000000e+00,0.000000000000000000e+00
1.408000000000000007e+01,7.880000000000002558e-01,1.466544383954533353e-17,2.775557561562891351e-17,7.880000000000005889e-01,0.000000000000000000e+00,0.000000000000000000e+00
1.430000000000000071e+01,8.320000000000002949e-01,1.588668916663300681e-17,2.775557561562891351e-17,8.320000000000006279e-01,0.000000000000000000e+00,0.000000000000000000e+00
1.448000000000000043e+01,8.680000000000001048e-01,1.373709977592886302e-17,2.775557561562891351e-17,8.680000000000006599e-01,0.000000000000000000e+00,0.000000000000000000e+00
1.467999999999999972e+01,9.080000000000001403e-01,1.406012527233732531e-17,2.775557561562891351e-17,9.080000000000006954e-01,0.000000000000000000e+00,0.000000000000000000e+00
1.488000000000000078e+01,9.480000000000001759e-01,1.517034829696248284e-17,2.775557561562891351e-17,9.480000000000007310e-01,0.000000000000000000e+00,0.000000000000000000e+00
1.508000000000000007e+01,9.880000000000004334e-01,-1.523838531036926520e-18,2.775557561562891351e-17,9.880000000000007665e-01,0.000000000000000000e+00,0.000000000000000000e+00
1.530000000000000071e+01,1.032000000000000473e+00,-3.025932039492563224e-19,2.775557561562891351e-17,1.032000000000000695e+00,0.000000000000000000e+00,0.000000000000000000e+00
1.548000000000000043e+01,1.068000000000000504e+00,-1.335642934375369887e-18,2.775557561562891351e-17,1.068000000000000727e+00,0.000000000000000000e+00,0.000000000000000000e+00
1.567999999999999972e+01,1.108000000000000540e+00,-7.334825228973996544e-19,2.775557561562891351e-17,1.108000000000000762e+00,0.000000000000000000e+00,0.000000000000000000e+00
1.588000000000000078e+01,1.148000000000000576e+00,3.767405017277578721e-19,2.775557561562891351e-17,1.148000000000000798e+00,0.000000000000000000e+00,0.000000000000000000e+00
1.607999999999999829e+01,1.187999999800000372e+00,8.866535112331677099e-18,2.775557561562891351e-17,1.188000000000000833e+00,0.000000000000000000e+00,0.000000000000000000e+00
1.630000000000000071e+01,1.232000000000000428e+00,1.008778044497046596e-17,2.775557561562891351e-17,1.232000000000000872e+00,0.000000000000000000e+00,0.000000000000000000e+00
1.648000000000000043e+01,1.268000000000000460e+00,1.822494316491379871e-17,2.775557561562891351e-17,1.268000000000000904e+00,0.000000000000000000e+00,0.000000000000000000e+00
1.667999999999999972e+01,1.308000000000000496e+00,1.933516618953895623e-17,2.775557561562891351e-17,1.308000000000000940e+00,0.000000000000000000e+00,0.000000000000000000e+00
1.687999999999999901e+01,1.347999999800000515e+00,2.044538920861299818e-17,2.775557561562891351e-17,1.348000000000000975e+00,0.000000000000000000e+00,0.000000000000000000e+00
1.707999999999999829e+01,1.387999999800000550e+00,3.660738628956975064e-17,2.775557561562891351e-17,1.388000000000001011e+00,0.000000000000000000e+00,0.000000000000000000e+00
1.728000000000000114e+01,1.428000000000000602e+00,3.771760931974602375e-17,2.775557561562891351e-17,1.428000000000001046e+00,0.000000000000000000e+00,0.000000000000000000e+00
1.748000000000000043e+01,1.468000000000000638e+00,2.483407775950126176e-17,2.775557561562891351e-17,1.468000000000001082e+00,0.000000000000000000e+00,0.000000000000000000e+00
1.767999999999999972e+01,1.508000000000000673e+00,2.594430078412641929e-17,2.775557561562891351e-17,1.508000000000001117e+00,0.000000000000000000e+00,0.000000000000000000e+00
1.787999999999999901e+01,1.548000000000000709e+00,2.705452380875157681e-17,2.775557561562891351e-17,1.548000000000001153e+00,0.000000000000000000e+00,0.000000000000000000e+00
1.807999999999999829e+01,1.588000000000000744e+00,3.726737200397479966e-17,2.775557561562891351e-17,1.588000000000001188e+00,0.000000000000000000e+00,0.000000000000000000e+00
1.828000000000000114e+01,1.628000000000000780e+00,3.837759502859995719e-17,2.775557561562891351e-17,1.628000000000001224e+00,0.000000000000000000e+00,0.000000000000000000e+00
1.848000000000000043e+01,1.668000000000000593e+00,4.366874380223119618e-17,2.775557561562891351e-17,1.668000000000001259e+00,0.000000000000000000e+00,0.000000000000000000e+00
1.867999999999999972e+01,1.708000000000000629e+00,4.477896682685635371e-17,2.775557561562891351e-17,1.708000000000001295e+00,0.000000000000000000e+00,0.000000000000000000e+00
1.887999999999999901e+01,1.748000000000000664e+00,4.588918985148151123e-17,2.775557561562891351e-17,1.748000000000001330e+00,0.000000000000000000e+00,0.000000000000000000e+00
1.907999999999999829e+01,1.788000000000000478e+00,4.713041038372060706e-17,2.775557561562891351e-17,1.788000000000001366e+00,0.000000000000000000e+00,0.000000000000000000e+00
1.928000000000000114e+01,1.828000000000000513e+00,4.824063340834576459e-17,2.775557561562891351e-17,1.828000000000001402e+00,0.000000000000000000e+00,0.000000000000000000e+00
1.948000000000000043e+01,1.868000000000000105e+00,5.547578649787070103e-17,2.775557561562891351e-17,1.868000000000001437e+00,0.000000000000000000e+00,0.000000000000000000e+00
1.967999999999999972e+01,1.908000000000000140e+00,5.658600952249586472e-17,2.775557561562891351e-17,1.908000000000001473e+00,0.000000000000000000e+00,0.000000000000000000e+00
1.987999999999999901e+01,1.948000000000000176e+00,5.769623254712102225e-17,2.775557561562891351e-17,1.948000000000001508e+00,0.000000000000000000e+00,0.000000000000000000e+00
2.007999999999999829e+01,1.988000000000000211e+00,3.199156942074835907e-17,2.775557561562891351e-17,1.988000000000001544e+00,0.000000000000000000e+00,0.000000000000000000e+00
2.028000000000000114e+01,2.028000000000000025e+00,3.310179244537351043e-17,2.775557561562891351e-17,2.028000000000001357e+00,0.000000000000000000e+00,0.000000000000000000e+00
2.048000000000000043e+01,2.068000000000000060e+00,4.861547924556613911e-17,2.775557561562891351e-17,2.068000000000001393e+00,0.000000000000000000e+00,0.000000000000000000e+00
2.067999999999999972e+01,2.108000000000000096e+00,4.972570227019129664e-17,2.775557561562891351e-17,2.108000000000001428e+00,0.000000000000000000e+00,0.000000000000000000e+00
2.087999999999999901e+01,2.148000000000000131e+00,5.083592529481645416e-17,2.775557561562891351e-17,2.148000000000001464e+00,0.000000000000000000e+00,0.000000000000000000e+00
2.110000000000000142e+01,2.192000000000000171e+00,5.042178993975786614e-17,2.775557561562891351e-17,2.192000000000001503e+00,0.000000000000000000e+00,0.000000000000000000e+00
2.128000000000000114e+01,2.228000000000000203e+00,5.142099066192050792e-17,2.775557561562891351e-17,2.228000000000001535e+00,0.000000000000000000e+00,0.000000000000000000e+00
2.148000000000000043e+01,2.267999999999999794e+00,4.477010848990581444e-17,2.775557561562891351e-17,2.268000000000001570e+00,0.000000000000000000e+00,0.000000000000000000e+00
2.167999999999999972e+01,2.307999999999999829e+00,4.588033151453097197e-17,2.775557561562891351e-17,2.308000000000001606e+00,0.000000000000000000e+00,0.000000000000000000e+00
2.187999999999999901e+01,2.347999999999999421e+00,3.674104683140004262e-17,2.775557561562891351e-17,2.348000000000001641e+00,0.000000000000000000e+00,0.000000000000000000e+00
2.207999999999999829e+01,2.387999999999999456e+00,3.528889292908617689e-17,2.775557561562891351e-17,2.388000000000001677e+00,0.000000000000000000e+00,0.000000000000000000e+00
2.228000000000000114e+01,2.427999999999999492e+00,3.639911595371133442e-17,2.775557561562891351e-17,2.428000000000001712e+00,0.000000000000000000e+00,0.000000000000000000e+00
2.248000000000000043e+01,2.467999999999999527e+00,4.845449352907093860e-17,2.775557561562891351e-17,2.468000000000001748e+00,0.000000000000000000e+00,0.000000000000000000e+00
2.267999999999999972e+01,2.507999999999999563e+00,5.230100519137970625e-17,2.775557561562891351e-17,2.508000000000001783e+00,0.000000000000000000e+00,0.000000000000000000e+00
2.287999999999999901e+01,2.547999999999999599e+00,5.341122821600486377e-17,2.775557561562891351e-17,2.548000000000001819e+00,0.000000000000000000e+00,0.000000000000000000e+00
2.307999999999999829e+01,2.587999999999999634e+00,3.348874029053827424e-17,2.775557561562891351e-17,2.588000000000001855e+00,0.000000000000000000e+00,0.000000000000000000e+00
2.328000000000000114e+01,2.627999999999999670e+00,3.459896331516343176e-17,2.775557561562891351e-17,2.628000000000001890e+00,0.000000000000000000e+00,0.000000000000000000e+00
2.348000000000000043e+01,2.667999999999999705e+00,5.357147311898947209e-17,2.775557561562891351e-17,2.668000000000001926e+00,0.000000000000000000e+00,0.000000000000000000e+00
2.367999999999999972e+01,2.707999999999999741e+00,5.468169614361462962e-17,2.775557561562891351e-17,2.708000000000001961e+00,0.000000000000000000e+00,0.000000000000000000e+00
2.387999999999999901e+01,2.747999999999999776e+00,5.579191916823979331e-17,2.775557561562891351e-17,2.748000000000001997e+00,0.000000000000000000e+00,0.000000000000000000e+00
2.407999999999999829e+01,2.787999999999999812e+00,5.544019183094054398e-17,2.775557561562891351e-17,2.788000000000002032e+00,0.000000000000000000e+00,0.000000000000000000e+00
2.428000000000000114e+01,2.827999999999999847e+00,5.655041485556570767e-17,2.775557561562891351e-17,2.828000000000002068e+00,0.000000000000000000e+00,0.000000000000000000e+00
2.450000000000000000e+01,2.871999999999999886e+00,8.010700309360879025e-17,2.775557561562891351e-17,2.872000000000002107e+00,0.000000000000000000e+00,0.000000000000000000e+00
2.467999999999999972e+01,2.907999999999999918e+00,8.110620381577143203e-17,2.775557561562891351e-17,2.908000000000002139e+00,0.000000000000000000e+00,0.000000000000000000e+00
2.487999999999999901e+01,2.947999999999999954e+00,8.221642684039658955e-17,2.775557561562891351e-17,2.948000000000002174e+00,0.000000000000000000e+00,0.000000000000000000e+00
2.507999999999999829e+01,2.988000000000000878e+00,9.559866989470307633e-17,2.775557561562891351e-17,2.988000000000002210e+00,0.000000000000000000e+00,0.000000000000000000e+00
2.528000000000000114e+01,3.028000000000000913e+00,9.670889291932823386e-17,2.775557561562891351e-17,3.028000000000002245e+00,0.000000000000000000e+00,0.000000000000000000e+00
2.548000000000000043e+01,3.068000000000000949e+00,1.015785966431442861e-16,2.775557561562891351e-17,3.068000000000002281e+00,0.000000000000000000e+00,0.000000000000000000e+00
2.567999999999999972e+01,3.108000000000000984e+00,1.036286898425671612e-16,2.775557561562891351e-17,3.108000000000002316e+00,0.000000000000000000e+00,0.000000000000000000e+00
2.587999999999999901e+01,3.148000000000001020e+00,1.094672568261806357e-16,2.775557561562891351e-17,3.148000000000002352e+00,0.000000000000000000e+00,0.000000000000000000e+00
2.607999999999999829e+01,3.188000000000001055e+00,1.117595658405528847e-16,2.775557561562891351e-17,3.188000000000002387e+00,0.000000000000000000e+00,0.000000000000000000e+00
2.628000000000000114e+01,3.228000000000001091e+00,1.128697888651780176e-16,2.775557561562891351e-17,3.228000000000002423e+00,0.000000000000000000e+00,0.000000000000000000e+00
2.648000000000000043e+01,3.268000000000000682e+00,1.247788860574263638e-16,2.775557561562891351e-17,3.268000000000002458e+00,0.000000000000000000e+00,0.000000000000000000e+00
2.669999999999999929e+01,3.312000000000000721e+00,1.286998499264198157e-16,2.775557561562891351e-17,3.312000000000002498e+00,0.000000000000000000e+00,0.000000000000000000e+00
2.687999999999999901e+01,3.348000000000000753e+00,1.296990506485824698e-16,2.775557561562891351e-17,3.348000000000002530e+00,0.000000000000000000e+00,0.000000000000000000e+00
2.707999999999999829e+01,3.388000000000000789e+00,1.355447230314195185e-16,2.775557561562891351e-17,3.388000000000002565e+00,0.000000000000000000e+00,0.000000000000000000e+00
2.728000000000000114e+01,3.428000000000000824e+00,1.366549460560446514e-16,2.775557561562891351e-17,3.428000000000002601e+00,0.000000000000000000e+00,0.000000000000000000e+00
2.748000000000000043e+01,3.468000000000000860e+00,1.504216386742147368e-16,2.775557561562891351e-17,3.468000000000002636e+00,0.000000000000000000e+00,0.000000000000000000e+00
2.767999999999999972e+01,3.508000000000000895e+00,1.515318616988398944e-16,2.775557561562891351e-17,3.508000000000002672e+00,0.000000000000000000e+00,0.000000000000000000e+00
2.787999999999999901e+01,3.548000000000000931e+00,1.526420847234650519e-16,2.775557561562891351e-17,3.548000000000002707e+00,0.000000000000000000e+00,0.000000000000000000e+00
2.807999999999999829e+01,3.588000000000000966e+00,1.558768562814241802e-16,2.775557561562891351e-17,3.588000000000002743e+00,0.000000000000000000e+00,0.000000000000000000e+00
2.828000000000000114e+01,3.628000000000001002e+00,1.569870793060493131e-16,2.775557561562891351e-17,3.628000000000002778e+00,0.000000000000000000e+00,0.000000000000000000e+00
2.848000000000000043e+01,3.668000000000000593e+00,1.781483964501966901e-16,2.775557561562891351e-17,3.668000000000002814e+00,0.000000000000000000e+00,0.000000000000000000e+00
2.867999999999999972e+01,3.708000000000000629e+00,1.792586194748218476e-16,2.775557561562891351e-17,3.708000000000002849e+00,0.000000000000000000e+00,0.000000000000000000e+00
2.887999999999999901e+01,3.748000000000000664e+00,1.790435609881437324e-16,2.775557561562891351e-17,3.748000000000002885e+00,0.000000000000000000e+00,0.000000000000000000e+00
2.907999999999999829e+01,3.788000000000000700e+00,1.798224636349430902e-16,2.775557561562891351e-17,3.788000000000002920e+00,0.000000000000000000e+00,0.000000000000000000e+00
2.928000000000000114e+01,3.828000000000000735e+00,1.809326866595682231e-16,2.775557561562891351e-17,3.828000000000002956e+00,0.000000000000000000e+00,0.000000000000000000e+00
2.948000000000000043e+01,3.868000000000001215e+00,1.772756877457085579e-16,2.775557561562891351e-17,3.868000000000002991e+00,0.000000000000000000e+00,0.000000000000000000e+00
2.967999999999999972e+01,3.896000000000001240e+00,1.768610383783249687e-16,2.775557561562891351e-17,3.896000000000003016e+00,0.000000000000000000e+00,0.000000000000000000e+00
2.987999999999999901e+01,3.896000000000001240e+00,1.768610383783249687e-16,4.800000000000002875e-02,3.896000000000003016e+00,0.000000000000000000e+00,4.799999999999998712e-02
3.007999999999999829e+01,3.896000000000001240e+00,1.768610383783249687e-16,1.080000000000000404e-01,3.896000000000003016e+00,0.000000000000000000e+00,1.080000000000000127e-01
3.028000000000000114e+01,3.896000000000001240e+00,1.768610383783249687e-16,1.680000000000000937e-01,3.896000000000003016e+00,0.000000000000000000e+00,1.680000000000000659e-01
3.048000000000000043e+01,3.896000000000001240e+00,1.768610383783249687e-16,2.280000000000000360e-01,3.896000000000003016e+00,0.000000000000000000e+00,2.280000000000000637e-01
3.067999999999999972e+01,3.896000000000001240e+00,1.768610383783249687e-16,2.880000000000002558e-01,3.896000000000003016e+00,0.000000000000000000e+00,2.880000000000002558e-01
3.087999999999999901e+01,3.896000000000001240e+00,1.768610383783249687e-16,3.480000000000002536e-01,3.896000000000003016e+00,0.000000000000000000e+00,3.480000000000003091e-01
3.107999999999999829e+01,3.896000000000001240e+00,1.768610383783249687e-16,4.080000000000004179e-01,3.896000000000003016e+00,0.000000000000000000e+00,4.080000000000004179e-01
3.128000000000000114e+01,3.896000000000001240e+00,1.768610383783249687e-16,4.680000000000005822e-01,3.896000000000003016e+00,0.000000000000000000e+00,4.680000000000003602e-01
3.148000000000000043e+01,3.896000000000001240e+00,1.768610383783249687e-16,5.280000000000004690e-01,3.896000000000003016e+00,0.000000000000000000e+00,5.280000000000004690e-01
3.167999999999999972e+01,3.896000000000001240e+00,1.768610383783249687e-16,5.880000000000003002e-01,3.896000000000003016e+00,0.000000000000000000e+00,5.880000000000001892e-01
3.187999999999999901e+01,3.896000000000001240e+00,1.768610383783249687e-16,6.480000000000004645e-01,3.896000000000003016e+00,0.000000000000000000e+00,6.480000000000004645e-01
3.207999999999999829e+01,3.896000000000001240e+00,1.768610383783249687e-16,7.080000000000004068e-01,3.896000000000003016e+00,0.000000000000000000e+00,7.080000000000005178e-01
3.228000000000000114e+01,3.896000000000001240e+00,1.768610383783249687e-16,7.680000000000003491e-01,3.896000000000003016e+00,0.000000000000000000e+00,7.680000000000005711e-01
3.247999999999999687e+01,3.896000000000001240e+00,1.768610383783249687e-16,8.279999997000007106e-01,3.896000000000003016e+00,0.000000000000000000e+00,8.280000000000004023e-01
3.267999999999999972e+01,3.896000000000001240e+00,1.768610383783249687e-16,8.880000000000005667e-01,3.896000000000003016e+00,0.000000000000000000e+00,8.880000000000004556e-01
3.288000000000000256e+01,3.896000000000001240e+00,1.768610383783249687e-16,9.480000000000007310e-01,3.896000000000003016e+00,0.000000000000000000e+00,9.480000000000007310e-01
3.307999999999999829e+01,3.896000000000001240e+00,1.768610383783249687e-16,1.008000000000000673e+00,3.896000000000003016e+00,0.000000000000000000e+00,1.008000000000000895e+00
3.328000000000000114e+01,3.896000000000001240e+00,1.768610383783249687e-16,1.068000000000000949e+00,3.896000000000003016e+00,0.000000000000000000e+00,1.068000000000000727e+00
3.347999999999999687e+01,3.896000000000001240e+00,1.768610383783249687e-16,1.127999999700001421e+00,3.896000000000003016e+00,0.000000000000000000e+00,1.128000000000001002e+00
3.367999999999999972e+01,3.896000000000001240e+00,1.768610383783249687e-16,1.188000000000001055e+00,3.896000000000003016e+00,0.000000000000000000e+00,1.188000000000000833e+00
3.388000000000000256e+01,3.896000000000001240e+00,1.768610383783249687e-16,1.248000000000001330e+00,3.896000000000003016e+00,0.000000000000000000e+00,1.248000000000000886e+00
3.407999999999999829e+01,3.896000000000001240e+00,1.768610383783249687e-16,1.308000000000001384e+00,3.896000000000003016e+00,0.000000000000000000e+00,1.308000000000000718e+00
3.428000000000000114e+01,3.896000000000001240e+00,1.768610383783249687e-16,1.368000000000001215e+00,3.896000000000003016e+00,0.000000000000000000e+00,1.368000000000000993e+00
3.447999999999999687e+01,3.896000000000001240e+00,1.768610383783249687e-16,1.428000000000001268e+00,3.896000000000003016e+00,0.000000000000000000e+00,1.428000000000001268e+00
3.467999999999999972e+01,3.896000000000001240e+00,1.768610383783249687e-16,1.488000000000001766e+00,3.896000000000003016e+00,0.000000000000000000e+00,1.488000000000001100e+00
3.488000000000000256e+01,3.896000000000001240e+00,1.768610383783249687e-16,1.548000000000000709e+00,3.896000000000003016e+00,0.000000000000000000e+00,1.548000000000001153e+00
3.507999999999999829e+01,3.896000000000001240e+00,1.768610383783249687e-16,1.608000000000001206e+00,3.896000000000003016e+00,0.000000000000000000e+00,1.608000000000001206e+00
3.528000000000000114e+01,3.896000000000001240e+00,1.768610383783249687e-16,1.668000000000001259e+00,3.896000000000003016e+00,0.000000000000000000e+00,1.668000000000001259e+00
3.547999999999999687e+01,3.896000000000001240e+00,1.768610383783249687e-16,1.728000000000001091e+00,3.896000000000003016e+00,0.000000000000000000e+00,1.728000000000001313e+00
3.567999999999999972e+01,3.896000000000001240e+00,1.768610383783249687e-16,1.788000000000002032e+00,3.896000000000003016e+00,0.000000000000000000e+00,1.788000000000001144e+00
3.588000000000000256e+01,3.896000000000001240e+00,1.768610383783249687e-16,1.848000000000001641e+00,3.896000000000003016e+00,0.000000000000000000e+00,1.848000000000001419e+00
3.607999999999999829e+01,3.896000000000001240e+00,1.768610383783249687e-16,1.908000000000001251e+00,3.896000000000003016e+00,0.000000000000000000e+00,1.908000000000001473e+00
3.628000000000000114e+01,3.896000000000001240e+00,1.768610383783249687e-16,1.968000000000001526e+00,3.896000000000003016e+00,0.000000000000000000e+00,1.968000000000001526e+00
3.647999999999999687e+01,3.896000000000001240e+00,1.768610383783249687e-16,2.028000000000000913e+00,3.896000000000003016e+00,0.000000000000000000e+00,2.028000000000000469e+00
3.667999999999999972e+01,3.896000000000001240e+00,1.768610383783249687e-16,2.087999999999997858e+00,3.896000000000003016e+00,0.000000000000000000e+00,2.087999999999998302e+00
3.688000000000000256e+01,3.896000000000001240e+00,1.768610383783249687e-16,2.147999999999996135e+00,3.896000000000003016e+00,0.000000000000000000e+00,2.147999999999996135e+00
3.707999999999999829e+01,3.896000000000001240e+00,1.768610383783249687e-16,2.207999999999993967e+00,3.896000000000003016e+00,0.000000000000000000e+00,2.207999999999993967e+00
3.728000000000000114e+01,3.896000000000001240e+00,1.768610383783249687e-16,2.267999999999991800e+00,3.896000000000003016e+00,0.000000000000000000e+00,2.267999999999991800e+00
3.747999999999999687e+01,3.896000000000001240e+00,1.768610383783249687e-16,2.327999999999989633e+00,3.896000000000003016e+00,0.000000000000000000e+00,2.327999999999989633e+00
3.767999999999999972e+01,3.896000000000001240e+00,1.768610383783249687e-16,2.387999999999987466e+00,3.896000000000003016e+00,0.000000000000000000e+00,2.387999999999987466e+00
3.788000000000000256e+01,3.896000000000001240e+00,1.768610383783249687e-16,2.447999999999985299e+00,3.896000000000003016e+00,0.000000000000000000e+00,2.447999999999985299e+00
3.807999999999999829e+01,3.896000000000001240e+00,1.768610383783249687e-16,2.507999999999983132e+00,3.896000000000003016e+00,0.000000000000000000e+00,2.507999999999983132e+00
3.828000000000000114e+01,3.896000000000001240e+00,1.768610383783249687e-16,2.567999999999980965e+00,3.896000000000003016e+00,0.000000000000000000e+00,2.567999999999980965e+00
3.847999999999999687e+01,3.896000000000001240e+00,1.768610383783249687e-16,2.627999999999978797e+00,3.896000000000003016e+00,0.000000000000000000e+00,2.627999999999978797e+00
3.867999999999999972e+01,3.896000000000001240e+00,1.768610383783249687e-16,2.687999999999976630e+00,3.896000000000003016e+00,0.000000000000000000e+00,2.687999999999976630e+00
3.888000000000000256e+01,3.896000000000001240e+00,1.768610383783249687e-16,2.747999999999974463e+00,3.896000000000003016e+00,0.000000000000000000e+00,2.747999999999974463e+00
3.907999999999999829e+01,3.896000000000001240e+00,1.768610383783249687e-16,2.807999999999972296e+00,3.896000000000003016e+00,0.000000000000000000e+00,2.807999999999972296e+00
3.928000000000000114e+01,3.896000000000001240e+00,1.768610383783249687e-16,2.867855559215359840e+00,3.896000000000003016e+00,0.000000000000000000e+00,2.867855559215359840e+00
3.947999999999999687e+01,3.896000000000001240e+00,1.768610383783249687e-16,2.920962423624814619e+00,3.896000000000003016e+00,0.000000000000000000e+00,2.920962423624814619e+00
3.967999999999999972e+01,3.884201794671401586e+00,2.191056680396145061e-03,2.963785930983784400e+00,3.884201794671403363e+00,2.191056680395968986e-03,2.963785930983784400e+00
3.988000000000000256e+01,3.844713435254822009e+00,8.555783406133743788e-03,2.998464432152831538e+00,3.844713435254823786e+00,8.555783406133566846e-03,2.998464432152831538e+00
4.007999999999999829e+01,3.805044365808673668e+00,1.368012562674575730e-02,3.026717323092036338e+00,3.805044365808675444e+00,1.368012562674558383e-02,3.026717323092036338e+00
4.028000000000000114e+01,3.765256925304691915e+00,1.778976401696157061e-02,3.049745247793194558e+00,3.765256925304693691e+00,1.778976401696139714e-02,3.049745247793194558e+00
4.047999999999999687e+01,3.725392260558767266e+00,2.107026547299655980e-02,3.068516922099758570e+00,3.725392260558769042e+00,2.107026547299638633e-02,3.068516922099758570e+00
4.067999999999999972e+01,3.685477467343747371e+00,2.367375654685015610e-02,3.083821000491965503e+00,3.685477467343749147e+00,2.367375654684998262e-02,3.083821000491965503e+00
4.088000000000000256e+01,3.645530340136600156e+00,2.572469289312964008e-02,3.096299648728721987e+00,3.645530340136600600e+00,2.572469289312937640e-02,3.096299648728721543e+00
4.107999999999999829e+01,3.605562527717650845e+00,2.732475928584094174e-02,3.106475825969714943e+00,3.605562527717651289e+00,2.732475928584069194e-02,3.106475825969714499e+00
4.128000000000000114e+01,3.565581625905624108e+00,2.855696807876665147e-02,3.114775467862814118e+00,3.565581625905626773e+00,2.855696807876631146e-02,3.114775467862813230e+00
4.147999999999999687e+01,3.525592563335727014e+00,2.948905465571058371e-02,3.121545529251309681e+00,3.525592563335729679e+00,2.948905465571027840e-02,3.121545529251308793e+00
4.167999999999999972e+01,3.485598517810738706e+00,3.017627346136151495e-02,3.127068662794515674e+00,3.485598517810740926e+00,3.017627346136240313e-02,3.127068662794514786e+00
4.188000000000000256e+01,3.445601521355293073e+00,3.066369151984925726e-02,3.131575163010559493e+00,3.445601521355295294e+00,3.066369151984892419e-02,3.131575163010558160e+00
4.207999999999999829e+01,3.405602859065507637e+00,3.098806508389918488e-02,3.135252686717362902e+00,3.405602859065509858e+00,3.098806508389890038e-02,3.135252686717361570e+00
4.228000000000000114e+01,3.365603331512598828e+00,3.117937275205700035e-02,3.138254164916458144e+00,3.365603331512601049e+00,3.117937275205676789e-02,3.138254164916456812e+00
4.247999999999999687e+01,3.325603426960627829e+00,3.126206668894189467e-02,3.140704243406323037e+00,3.325603426960630049e+00,3.126206668894172119e-02,3.140704243406321705e+00
4.267999999999999972e+01,3.285603434051601823e+00,3.125609315367203211e-02,-3.140480780861713228e+00,3.285603434051604044e+00,3.125609315367190028e-02,-3.140480780861714560e+00
4.288000000000000256e+01,3.245603515252626359e+00,3.117772456824086796e-02,-3.138847461647754411e+00,3.245603515252628135e+00,3.117772456824066674e-02,-3.138847461647756187e+00
4.307999999999999829e+01,3.205603753792248600e+00,3.104041889744441757e-02,-3.137526505819808076e+00,3.205603753792250377e+00,3.104041889744428573e-02,-3.137526505819809852e+00
4.328000000000000114e+01,3.165604184912121699e+00,3.085513258231847508e-02,-3.136434945759360549e+00,3.165604184912122143e+00,3.085513258231829120e-02,-3.136434945759362769e+00
4.347999999999999687e+01,3.125604818045824906e+00,3.063031149905705991e-02,-3.135542688606203665e+00,3.125604818045825350e+00,3.063031149905696623e-02,-3.135542688606205886e+00
4.367999999999999972e+01,3.085605645346025661e+00,3.037318757333234975e-02,-3.134813634114992364e+00,3.085605645346027437e+00,3.037318757333235322e-02,-3.134813634114994585e+00
4.388000000000000256e+01,3.045606650746029764e+00,3.008966717181128792e-02,-3.134217825200806828e+00,3.045606650746031985e+00,3.008966717181138506e-02,-3.134217825200809049e+00
4.407999999999999829e+01,3.005607814688869617e+00,2.978457282799939002e-02,-3.133730820419848850e+00,3.005607814688871837e+00,2.978457282799957737e-02,-3.133730820419851071e+00
4.428000000000000114e+01,2.965609116907063747e+00,2.946184275053309251e-02,-3.133332675874325624e+00,2.965609116907065523e+00,2.946184275053337701e-02,-3.133332675874327844e+00
4.447999999999999687e+01,2.925610537978500680e+00,2.912469350716817562e-02,-3.133007115293542366e+00,2.925610537978502457e+00,2.912469350716854685e-02,-3.133007115293544587e+00
4.467999999999999972e+01,2.885612060121241829e+00,2.877575269614239192e-02,-3.132740853638278811e+00,2.885612060121243605e+00,2.877575269614285336e-02,-3.132740853638281031e+00
4.488000000000000256e+01,2.845613667527237212e+00,2.841716715567001172e-02,-3.132523045765431391e+00,2.845613667527238100e+00,2.841716715567045928e-02,-3.132523045765434055e+00
4.507999999999999829e+01,2.805615346422580370e+00,2.805069123299102490e-02,-3.132344836977483560e+00,2.805615346422581258e+00,2.805069123299157655e-02,-3.132344836977486224e+00
4.528000000000000114e+01,2.765617084978218898e+00,2.767775879761159158e-02,-3.132198996585003670e+00,2.765617084978221119e+00,2.767775879761225424e-02,-3.132198996585006334e+00
4.547999999999999687e+01,2.725618873141332887e+00,2.729954200031503228e-02,-3.132079619113262936e+00,2.725618873141335108e+00,2.729954200031579903e-02,-3.132079619113265601e+00
4.567999999999999972e+01,2.685620702435905116e+00,2.691699922398153172e-02,-3.131981880635574811e+00,2.685620702435907337e+00,2.691699922398240255e-02,-3.131981880635577475e+00
4.588000000000000256e+01,2.645622565760000100e+00,2.653091422068892813e-02,-3.131901840037318863e+00,2.645622565760001876e+00,2.653091422068990651e-02,-3.131901840037321527e+00
4.607999999999999829e+01,2.605624457190369281e+00,2.614192805874639147e-02,-3.131836276904659488e+00,2.605624457190371057e+00,2.614192805874747394e-02,-3.131836276904662153e+00
4.628000000000000114e+01,2.565626371802139705e+00,2.575056520534110133e-02,-3.131782559270934296e+00,2.565626371802141925e+00,2.575056520534230176e-02,-3.131782559270936961e+00
4.647999999999999687e+01,2.525628305514969973e+00,2.535725482451844232e-02,-3.131738535706929394e+00,2.525628305514972194e+00,2.535725482451974683e-02,-3.131738535706932058e+00
4.667999999999999972e+01,2.485630254955378593e+00,2.496234817050016486e-02,-3.131702447261862421e+00,2.485630254955380813e+00,2.496234817050157345e-02,-3.131702447261865085e+00
4.688000000000000256e+01,2.445632217339312131e+00,2.456613279449569934e-02,-3.131672855593288674e+00,2.445632217339314796e+00,2.456613279449721202e-02,-3.131672855593291338e+00
4.707999999999999829e+01,2.405634190368436176e+00,2.416884415194352209e-02,-3.131648584301233385e+00,2.405634190368438841e+00,2.416884415194513885e-02,-3.131648584301236049e+00
4.728000000000000114e+01,2.365636172148423366e+00,2.377067508469756646e-02,-3.131628671033555023e+00,2.365636172148425143e+00,2.377067508469926649e-02,-3.131628671033557687e+00
4.747999999999999687e+01,2.325638161127142389e+00,2.337178357247914756e-02,-3.131612328379040910e+00,2.325638161127144166e+00,2.337178357248094127e-02,-3.131612328379043575e+00
4.767999999999999972e+01,2.285640156025240621e+00,2.297229906629626520e-02,-3.131598911930893347e+00,2.285640156025242398e+00,2.297229906629816992e-02,-3.131598911930896012e+00
4.788000000000000256e+01,2.245642155789854932e+00,2.257232766830962259e-02,-3.131587894201760758e+00,2.245642155789858041e+00,2.257232766831153772e-02,-3.131587894201763866e+00
4.810000000000000142e+01,2.201644360125259325e+00,2.213190014041938741e-02,-3.131578016759698713e+00,2.201644360125262434e+00,2.213190014042144133e-02,-3.131578016759701821e+00
4.828000000000000114e+01,2.165646166617681612e+00,2.177125649207257985e-02,-3.131571405593356339e+00,2.165646166617684276e+00,2.177125649207541438e-02,-3.131571405593359447e+00
4.847999999999999687e+01,2.125648176383661880e+00,2.137028656293541926e-02,-3.131565291333561873e+00,2.125648176383664545e+00,2.137028656293760154e-02,-3.131565291333565426e+00
4.867999999999999972e+01,2.085650188384089443e+00,2.096909459271329920e-02,-3.131560263176012882e+00,2.085650188384092107e+00,2.096909459271562720e-02,-3.131560263176016434e+00
4.888000000000000256e+01,2.045652202207212333e+00,2.056771960210284494e-02,-3.131556087906357533e+00,2.045652202207214998e+00,2.056771960210530478e-02,-3.131556087906361086e+00
4.907999999999999829e+01,2.005654217552615748e+00,2.016619327176170928e-02,-3.131552689526817979e+00,2.005654217552618412e+00,2.016619327176431484e-02,-3.131552689526821531e+00
4.928000000000000114e+01,1.965656234135119362e+00,1.976454351386293731e-02,-3.131549892990306283e+00,1.965656234135122471e+00,1.976454351386568511e-02,-3.131549892990309836e+00
4.947999999999999687e+01,1.925658251736886095e+00,1.936279211909913353e-02,-3.131547589457647440e+00,1.925658251736889204e+00,1.936279211910202705e-02,-3.131547589457650993e+00
4.967999999999999972e+01,1.885660270190783638e+00,1.896095698705164631e-02,-3.131545691161658151e+00,1.885660270190786747e+00,1.896095698705467861e-02,-3.131545691161661704e+00
4.988000000000000256e+01,1.845662289328288796e+00,1.855905268762260418e-02,-3.131544111599839031e+00,1.845662289328291905e+00,1.855905268762577526e-02,-3.131544111599842584e+00
5.007999999999999829e+01,1.805664309036821180e+00,1.815709106761392161e-02,-3.131542822882908084e+00,1.805664309036824289e+00,1.815709106761723146e-02,-3.131542822882911636e+00
5.028000000000000114e+01,1.765666329268325452e+00,1.775508259296439822e-02,-3.131541759888998744e+00,1.765666329268327894e+00,1.775508259296836727e-02,-3.131541759889002297e+00
5.047999999999999687e+01,1.725668349900612908e+00,1.735303494563713786e-02,-3.131540865457620892e+00,1.725668349900615128e+00,1.735303494564061771e-02,-3.131540865457624889e+00
5.067999999999999972e+01,1.685670370751978897e+00,1.695095524400958703e-02,-3.131540143555944677e+00,1.685670370751981118e+00,1.695095524401322648e-02,-3.131540143555948674e+00
5.089999999999999858e+01,1.641672594066689861e+00,1.650863739968027807e-02,-3.131539492127111135e+00,1.641672594066692747e+00,1.650863739968410140e-02,-3.131539492127115132e+00
5.110000000000000142e+01,1.601674615505498833e+00,1.610650773218935336e-02,-3.131539007928070717e+00,1.601674615505501720e+00,1.610650773219333629e-02,-3.131539007928074714e+00
5.128000000000000114e+01,1.565676434859346822e+00,1.574457584497758120e-02,-3.131538644572113839e+00,1.565676434859349264e+00,1.574457584498216781e-02,-3.131538644572117835e+00
5.147999999999999687e+01,1.525678456495725532e+00,1.534241525133417383e-02,-3.131538306149348916e+00,1.525678456495727753e+00,1.534241525133835798e-02,-3.131538306149353357e+00
5.167999999999999972e+01,1.485680478336296240e+00,1.494024232018789124e-02,-3.131538025643268774e+00,1.485680478336298460e+00,1.494024232019225233e-02,-3.131538025643273215e+00
5.189999999999999858e+01,1.441682702521808412e+00,1.449784032947941913e-02,-3.131537769533258242e+00,1.441682702521811077e+00,1.449784032948388257e-02,-3.131537769533263127e+00
5.207999999999999829e+01,1.405684522394343494e+00,1.413586738201260719e-02,-3.131537596237482735e+00,1.405684522394346159e+00,1.413586738201724757e-02,-3.131537596237487620e+00
5.228000000000000114e+01,1.365686544475547493e+00,1.373366855649077803e-02,-3.131537436477359826e+00,1.365686544475550157e+00,1.373366855649561270e-02,-3.131537436477364711e+00
5.250000000000000000e+01,1.321688768693205729e+00,1.329124307152565639e-02,-3.131537289036450122e+00,1.321688768693207505e+00,1.329124307153060729e-02,-3.131537289036455451e+00
5.267999999999999972e+01,1.285690588991295957e+00,1.292925425876883215e-02,-3.131537191070565829e+00,1.285690588991297734e+00,1.292925425877397387e-02,-3.131537191070571158e+00
5.288000000000000256e+01,1.245692611590650811e+00,1.252704065520573833e-02,-3.131537099349612774e+00,1.245692611590652588e+00,1.252704065521144557e-02,-3.131537099349618103e+00
5.307999999999999829e+01,1.205694633533192395e+00,1.212482367496471418e-02,-3.131537022850792162e+00,1.205694633533194171e+00,1.212482367497018723e-02,-3.131537022850797936e+00
5.328000000000000114e+01,1.165696655873744492e+00,1.172260392269719800e-02,-3.131536958978094365e+00,1.165696655873746268e+00,1.172260392270323831e-02,-3.131536958978100138e+00
5.347999999999999687e+01,1.125698678251929818e+00,1.132038182589027199e-02,-3.131536905577695595e+00,1.125698678251931595e+00,1.132038182589612148e-02,-3.131536905577701813e+00
5.367999999999999972e+01,1.085700700789342887e+00,1.091815773883086753e-02,-3.131536860881310780e+00,1.085700700789344664e+00,1.091815773883696682e-02,-3.131536860881316997e+00
5.388000000000000256e+01,1.045702723338028273e+00,1.051593203432741805e-02,-3.131536823417645721e+00,1.045702723338030271e+00,1.051593203433366826e-02,-3.131536823417652382e+00
5.407999999999999829e+01,1.005704745299716096e+00,1.011370494843095817e-02,-3.131536791966663902e+00,1.005704745299718095e+00,1.011370494843747553e-02,-3.131536791966670563e+00
5.428000000000000114e+01,9.657067655438399401e-01,9.711476607488956844e-03,-3.131536765529570054e+00,9.657067655438419385e-01,9.711476607495730939e-03,-3.131536765529576716e+00
5.447999999999999687e+01,9.257087876438622187e-01,9.309247476631957521e-03,-3.131536743075783669e+00,9.257087876438642171e-01,9.309247476638998764e-03,-3.131536743075790330e+00
5.467999999999999972e+01,8.857108090121038613e-01,8.907017386368629511e-03,-3.131536724308620734e+00,8.857108090121058597e-01,8.907017386375937901e-03,-3.131536724308627395e+00
5.488000000000000256e+01,8.457128308961424645e-01,8.504786698828526587e-03,-3.131536708436125860e+00,8.457128308961445740e-01,8.504786698836103859e-03,-3.131536708436132521e+00
5.507999999999999829e+01,8.057148538579750330e-01,8.102555451025986524e-03,-3.131536694995808556e+00,8.057148538579771424e-01,8.102555451033830944e-03,-3.131536694995815218e+00
5.528000000000000114e+01,7.657168760822290476e-01,7.700323753538836601e-03,-3.131536683573635127e+00,7.657168760822311571e-01,7.700323753546946433e-03,-3.131536683573641788e+00
5.547999999999999687e+01,7.257189046834690016e-01,7.298091507133277686e-03,-3.131536673866041731e+00,7.257189046834707780e-01,7.298091507141554052e-03,-3.131536673866048837e+00
5.567999999999999972e+01,6.857209316675619837e-01,6.895859202773150544e-03,-3.131536665553166010e+00,6.857209316675637600e-01,6.895859202781711404e-03,-3.131536665553173115e+00
5.589999999999999858e+01,6.417231647050039012e-01,6.453402924491379727e-03,-3.131536657716927241e+00,6.417231647050058996e-01,6.453402924500148755e-03,-3.131536657716934791e+00
5.607999999999999829e+01,6.057249943236994172e-01,6.091392670610505655e-03,-3.131536652246343255e+00,6.057249943237014156e-01,6.091392670619545299e-03,-3.131536652246350805e+00
5.628000000000000114e+01,5.657270173545636549e-01,5.689159856183476603e-03,-3.131536646979137473e+00,5.657270173545656533e-01,5.689159856192819824e-03,-3.131536646979145022e+00
5.650000000000000000e+01,5.217292368089623267e-01,5.246702855844252895e-03,-3.131536641873873705e+00,5.217292368089642141e-01,5.246702855853827702e-03,-3.131536641873881699e+00
5.667999999999999972e+01,4.857310572747057797e-01,4.884692193796853939e-03,-3.131536638268576755e+00,4.857310572747076671e-01,4.884692193806716709e-03,-3.131536638268584749e+00
5.689999999999999858e+01,4.417332787762208168e-01,4.442235272674943496e-03,-3.131536634338405900e+00,4.417332787762229263e-01,4.442235272685154078e-03,-3.131536634338413894e+00
5.710000000000000142e+01,4.017352840133375791e-01,4.040000779345597794e-03,-3.131536631178774233e+00,4.017352840133396885e-01,4.040000779356127565e-03,-3.131536631178782226e+00
5.728000000000000114e+01,3.657370900993676677e-01,3.677989249425173655e-03,-3.131536628811537160e+00,3.657370900993697771e-01,3.677989249435992258e-03,-3.131536628811545153e+00
5.750000000000000000e+01,3.217393287418761072e-01,3.235531368506499878e-03,-3.131536626165932091e+00,3.217393287418781611e-01,3.235531368517570883e-03,-3.131536626165940529e+00
5.770000000000000284e+01,2.817413610424192583e-01,2.833298843926296620e-03,-3.131536624295200077e+00,2.817413610424213122e-01,2.833298843937705029e-03,-3.131536624295208515e+00
5.788000000000000256e+01,2.457431897800919640e-01,2.471286608705767270e-03,-3.131536622196627651e+00,2.457431897800939624e-01,2.471286608717471016e-03,-3.131536622196636088e+00
5.807999999999999829e+01,2.057452081682160649e-01,2.069051992636222054e-03,-3.131536620843088592e+00,2.057452081682180633e-01,2.069051992648263203e-03,-3.131536620843097030e+00
5.828000000000000114e+01,1.657472295008298180e-01,1.666818032839536244e-03,-3.131536619379354125e+00,1.657472295008318719e-01,1.666818032851882488e-03,-3.131536619379362563e+00
5.847999999999999687e+01,1.257492583904765426e-01,1.264584828248950131e-03,-3.131536616570311793e+00,1.257492583904785965e-01,1.264584828261568943e-03,-3.131536616570320675e+00
5.867999999999999972e+01,9.775068268546317773e-02,9.830194113664356137e-04,-3.131536614653271933e+00,9.775068268546523165e-02,9.830194113793033588e-04,-3.131536614653280814e+00
5.888000000000000256e+01,9.775068268546330263e-02,9.830194113665681032e-04,3.103648692526316921e+00,9.775068268546523165e-02,9.830194113793033588e-04,3.103648692526307595e+00
5.907999999999999829e+01,9.775068268546330263e-02,9.830194113665681032e-04,3.043648692526319088e+00,9.775068268546523165e-02,9.830194113793033588e-04,3.043648692526309762e+00
5.928000000000000114e+01,9.775068268546330263e-02,9.830194113665681032e-04,2.983648692526321256e+00,9.775068268546523165e-02,9.830194113793033588e-04,2.983648692526311930e+00
5.950000000000000000e+01,9.775068268546330263e-02,9.830194113665681032e-04,2.917648692526323639e+00,9.775068268546523165e-02,9.830194113793033588e-04,2.917648692526314314e+00
5.967999999999999972e+01,9.775068268546330263e-02,9.830194113665681032e-04,2.863648692526325590e+00,9.775068268546523165e-02,9.830194113793033588e-04,2.863648692526316264e+00
5.988000000000000256e+01,9.775068268546330263e-02,9.830194113665681032e-04,2.803648692526327757e+00,9.775068268546523165e-02,9.830194113793033588e-04,2.803648692526318431e+00
6.007999999999999829e+01,9.775068268546330263e-02,9.830194113665681032e-04,2.743648692526329924e+00,9.775068268546523165e-02,9.830194113793033588e-04,2.743648692526320598e+00
6.028000000000000114e+01,9.775068268546330263e-02,9.830194113665681032e-04,2.683648692526332091e+00,9.775068268546523165e-02,9.830194113793033588e-04,2.683648692526322765e+00
6.047999999999999687e+01,9.775068268546330263e-02,9.830194113665681032e-04,2.623648692526334258e+00,9.775068268546523165e-02,9.830194113793033588e-04,2.623648692526324933e+00
6.067999999999999972e+01,9.775068268546330263e-02,9.830194113665681032e-04,2.563648692526336426e+00,9.775068268546523165e-02,9.830194113793033588e-04,2.563648692526327100e+00
6.088000000000000256e+01,9.775068268546330263e-02,9.830194113665681032e-04,2.503648692526338593e+00,9.775068268546523165e-02,9.830194113793033588e-04,2.503648692526329267e+00
6.107999999999999829e+01,9.775068268546330263e-02,9.830194113665681032e-04,2.443648692526340760e+00,9.775068268546523165e-02,9.830194113793033588e-04,2.443648692526331434e+00
6.128000000000000114e+01,9.775068268546330263e-02,9.830194113665681032e-04,2.383648692526343371e+00,9.775068268546523165e-02,9.830194113793033588e-04,2.383648692526333601e+00
6.147999999999999687e+01,9.775068268546330263e-02,9.830194113665681032e-04,2.323648692526345094e+00,9.775068268546523165e-02,9.830194113793033588e-04,2.323648692526335768e+00
6.167999999999999972e+01,9.775068268546330263e-02,9.830194113665681032e-04,2.263648692526347261e+00,9.775068268546523165e-02,9.830194113793033588e-04,2.263648692526337936e+00
6.188000000000000256e+01,9.775068268546330263e-02,9.830194113665681032e-04,2.203648692526349429e+00,9.775068268546523165e-02,9.830194113793033588e-04,2.203648692526340103e+00
6.207999999999999829e+01,9.775068268546330263e-02,9.830194113665681032e-04,2.143648692526351596e+00,9.775068268546523165e-02,9.830194113793033588e-04,2.143648692526342270e+00
6.228000000000000114e+01,9.775068268546330263e-02,9.830194113665681032e-04,2.083648692526353319e+00,9.775068268546523165e-02,9.830194113793033588e-04,2.083648692526344437e+00
6.247999999999999687e+01,9.775068268546330263e-02,9.830194113665681032e-04,2.023648692526357262e+00,9.775068268546523165e-02,9.830194113793033588e-04,2.023648692526346604e+00
6.267999999999999972e+01,9.775068268546330263e-02,9.830194113665681032e-04,1.963648692526357209e+00,9.775068268546523165e-02,9.830194113793033588e-04,1.963648692526347217e+00
6.288000000000000256e+01,9.775068268546330263e-02,9.830194113665681032e-04,1.903648692526357378e+00,9.775068268546523165e-02,9.830194113793033588e-04,1.903648692526347164e+00
6.307999999999999829e+01,9.775068268546330263e-02,9.830194113665681032e-04,1.845303879257853996e+00,9.775068268546523165e-02,9.830194113793033588e-04,1.845303879257844226e+00
6.328000000000000114e+01,9.775068268546330263e-02,9.830194113665681032e-04,1.796769136382055265e+00,9.775068268546523165e-02,9.830194113793033588e-04,1.796769136382045939e+00
6.347999999999999687e+01,9.134221746710229073e-02,3.233348740194717102e-02,1.757607840353861528e+00,9.134221746710452505e-02,3.233348740195997328e-02,1.757607840353851314e+00
6.370000000000000284e+01,8.395213340565339799e-02,7.570621476034676556e-02,1.722876236436379216e+00,8.395213340565602089e-02,7.570621476035963027e-02,1.722876236436370112e+00
6.389999999999999858e+01,7.841228411245892982e-02,1.153196533876955227e-01,1.697473756219088914e+00,7.841228411246194130e-02,1.153196533877084429e-01,1.697473756219079588e+00
6.409999999999999432e+01,7.379134286157598699e-02,1.550511166965291565e-01,1.676562675054281470e+00,7.379134284027477619e-02,1.550511168954041563e-01,1.676562674958364640e+00
6.428000000000000114e+01,7.027323682220749934e-02,1.908784500790990102e-01,1.661297160930219619e+00,7.027323682221132961e-02,1.908784500791119998e-01,1.661297160930209182e+00
6.448000000000000398e+01,6.694780620814194672e-02,2.307396524001714133e-01,1.647291490533368430e+00,6.694780620814619332e-02,2.307396524001844029e-01,1.647291490533357550e+00
6.468000000000000682e+01,6.412734876368880732e-02,2.706398742330438645e-01,1.635874494263844570e+00,6.412734876369319270e-02,2.706398742330570206e-01,1.635874494263835244e+00
6.490000000000000568e+01,6.149762226750814242e-02,3.145610311292680317e-01,1.625719626545461205e+00,6.149762226751293026e-02,3.145610311292811878e-01,1.625719626545452323e+00
6.507999999999999829e+01,5.964379378699036921e-02,3.505132000487985455e-01,1.619054291418927205e+00,5.964379378699547624e-02,3.505132000488115351e-01,1.619054291418918989e+00
6.528000000000000114e+01,5.784286085169421804e-02,3.904725735005228904e-01,1.612850163691780914e+00,5.784286085169976915e-02,3.904725735005358245e-01,1.612850163691771366e+00
6.548000000000000398e+01,5.626614375161101411e-02,4.304414434050901073e-01,1.607790093261088460e+00,5.626614375161692605e-02,4.304414434051030414e-01,1.607790093261078912e+00
6.568000000000000682e+01,5.487234346907340216e-02,4.704171242297017219e-01,1.603662619724017580e+00,5.487234346907962634e-02,4.704171242297146560e-01,1.603662619724008476e+00
6.587999999999999545e+01,5.362655717219690088e-02,5.103977009877087578e-01,1.600329558821986575e+00,5.362655716626721358e-02,5.103977011876337233e-01,1.600329558806616426e+00
6.607999999999999829e+01,5.250253426765008613e-02,5.503818926236682119e-01,1.597575500201621646e+00,5.250253426765726789e-02,5.503818926236813125e-01,1.597575500201612542e+00
6.628000000000000114e+01,5.147812253337068905e-02,5.903687643383085382e-01,1.595328055892628605e+00,5.147812253337804428e-02,5.903687643383216388e-01,1.595328055892619501e+00
6.648000000000000398e+01,5.053500782569347871e-02,6.303576388865739233e-01,1.593493791415963923e+00,5.053500782570120864e-02,6.303576388865870239e-01,1.593493791415955041e+00
6.670000000000000284e+01,4.957373001770286336e-02,6.743471321498988313e-01,1.591860206450943949e+00,4.957373001771102350e-02,6.743471321499119320e-01,1.591860206450935067e+00
6.690000000000000568e+01,4.875598550289902272e-02,7.143387700736359980e-01,1.590662851345211237e+00,4.875598550290754368e-02,7.143387700736490986e-01,1.590662851345201689e+00
6.707999999999999829e+01,4.805695672813187214e-02,7.503319815797450110e-01,1.589786120465837227e+00,4.805695672814060126e-02,7.503319815797578896e-01,1.589786120465827901e+00
6.728000000000000114e+01,4.731406791157750230e-02,7.903250813457549651e-01,1.588977272704015897e+00,4.731406791158680736e-02,7.903250813457678436e-01,1.588977272704005905e+00
6.748000000000000398e+01,4.660074999326336426e-02,8.303187198159039939e-01,1.588308258925384964e+00,4.660074999327305789e-02,8.303187198159168725e-01,1.588308258925375416e+00
6.768000000000000682e+01,4.591170039116321960e-02,8.703127840017407246e-01,1.587756419251600937e+00,4.591170039117337121e-02,8.703127840017534922e-01,1.587756419251591389e+00
6.790000000000000568e+01,4.517677010032653678e-02,9.143066453784012282e-01,1.587265603342797649e+00,4.517677010033711860e-02,9.143066453784139958e-01,1.587265603342788101e+00
6.809999999999999432e+01,4.452551129192529322e-02,9.543013428884385974e-01,1.586906262798615019e+00,4.452551128871103797e-02,9.543013430884256243e-01,1.586906262796955680e+00
6.828000000000000114e+01,4.395046777265102650e-02,9.902967499827509679e-01,1.586643146470118282e+00,4.395046777266193444e-02,9.902967499827639575e-01,1.586643146470109400e+00
6.848000000000000398e+01,4.332164332359232650e-02,1.030291806827638545e+00,1.586401065937804944e+00,4.332164332360360914e-02,1.030291806827651646e+00,1.586401065937795396e+00
6.868000000000000682e+01,4.270160426224749173e-02,1.070287000866930294e+00,1.586201213828146495e+00,4.270160426225937111e-02,1.070287000866943394e+00,1.586201213828136725e+00
6.887999999999999545e+01,4.208890003073968017e-02,1.110282307964095105e+00,1.586034684854373156e+00,4.208890003075193426e-02,1.110282307964108206e+00,1.586034684854363608e+00
6.907999999999999829e+01,4.148215440574597179e-02,1.150277705916816551e+00,1.585902135807045532e+00,4.148215440575863527e-02,1.150277705916829429e+00,1.585902135807036428e+00
6.928000000000000114e+01,4.088016471161753235e-02,1.190273175746324075e+00,1.585795120638081146e+00,4.088016471163057747e-02,1.190273175746336953e+00,1.585795120638071154e+00
6.948000000000000398e+01,4.028205181810112778e-02,1.230268703745379444e+00,1.585707546153357406e+00,4.028205181811464475e-02,1.230268703745392544e+00,1.585707546153348302e+00
6.970000000000000284e+01,3.962776893570925385e-02,1.274263838850494990e+00,1.585629329029479839e+00,3.962776893572301368e-02,1.274263838850508090e+00,1.585629329029470291e+00
6.987999999999999545e+01,3.909478769238686202e-02,1.310259893227613714e+00,1.585576592273438390e+00,3.909478769240095491e-02,1.310259893227626815e+00,1.585576592273429064e+00
7.007999999999999829e+01,3.850459290532762258e-02,1.350255538863719407e+00,1.585528647338205754e+00,3.850459290534205548e-02,1.350255538863732507e+00,1.585528647338195984e+00
7.028000000000000114e+01,3.791613578481563968e-02,1.390251210105102331e+00,1.585489376084423752e+00,3.791613578483044034e-02,1.390251210105115431e+00,1.585489376084414204e+00
7.048000000000000398e+01,3.732910215937156745e-02,1.430246902265936315e+00,1.585457200956714940e+00,3.732910215938672893e-02,1.430246902265949416e+00,1.585457200956705393e+00
7.068000000000000682e+01,3.674323495486654656e-02,1.470242611529864352e+00,1.585430832993792061e+00,3.674323495488211744e-02,1.470242611529877452e+00,1.585430832993782069e+00
7.087999999999999545e+01,3.615833051262282161e-02,1.510238334885017908e+00,1.585409004628497209e+00,3.615833051263876718e-02,1.510238334885031009e+00,1.585409004628487661e+00
7.107999999999999829e+01,3.557421079462663033e-02,1.550234069709903739e+00,1.585391323608910996e+00,3.557421079464335306e-02,1.550234069709916618e+00,1.585391323608901448e+00
7.128000000000000114e+01,3.499073367628259545e-02,1.590229813914521673e+00,1.585376684428512206e+00,3.499073367629953329e-02,1.590229813914534551e+00,1.585376684428502880e+00
7.148000000000000398e+01,3.440778633084148885e-02,1.630225565844168223e+00,1.585364808720156171e+00,3.440778633085878752e-02,1.630225565844181101e+00,1.585364808720147289e+00
7.168000000000000682e+01,3.382526959142803658e-02,1.670221324044650846e+00,1.585355068174782778e+00,3.382526959144550871e-02,1.670221324044663946e+00,1.585355068174772786e+00
7.187999999999999545e+01,3.324310626223644233e-02,1.710217087392058799e+00,1.585347071978049360e+00,3.324310626225428916e-02,1.710217087392071900e+00,1.585347071978040256e+00
7.207999999999999829e+01,3.266123309916472983e-02,1.750212854963615117e+00,1.585340505645415954e+00,3.266123309918290279e-02,1.750212854963628217e+00,1.585340505645406628e+00
7.228000000000000114e+01,3.207959825418139205e-02,1.790208625999000658e+00,1.585335111703532140e+00,3.207959825419964828e-02,1.790208625999013758e+00,1.585335111703522815e+00
7.248000000000000398e+01,3.149815920801601193e-02,1.830204399878964105e+00,1.585330679305054558e+00,3.149815920803400449e-02,1.830204399878976762e+00,1.585330679305045454e+00
7.268000000000000682e+01,3.091688108576889915e-02,1.870200176107315482e+00,1.585327035744909185e+00,3.091688108578831418e-02,1.870200176107327916e+00,1.585327035744899637e+00
7.287999999999999545e+01,3.033573527102090273e-02,1.910195954262769558e+00,1.585324039526501361e+00,3.033573527104071327e-02,1.910195954262781992e+00,1.585324039526491369e+00
7.307999999999999829e+01,2.975469827669707454e-02,1.950191733997926669e+00,1.585321574693821844e+00,2.975469827671750611e-02,1.950191733997939991e+00,1.585321574693812074e+00
7.328000000000000114e+01,2.917375082053907595e-02,1.990187515044083533e+00,1.585319546196955587e+00,2.917375082055989610e-02,1.990187515044096855e+00,1.585319546196945595e+00
7.348000000000000398e+01,2.859287722267491588e-02,2.030183297146602950e+00,1.585317860541334722e+00,2.859287722269612461e-02,2.030183297146616717e+00,1.585317860541324508e+00
7.368000000000000682e+01,2.801206517124817108e-02,2.070179080145658546e+00,1.585316473826329231e+00,2.801206517126931042e-02,2.070179080145671868e+00,1.585316473826319683e+00
7.387999999999999545e+01,2.743130307283753178e-02,2.110174863868182538e+00,1.585315345566463918e+00,2.743130307285904582e-02,2.110174863868195860e+00,1.585315345566454370e+00
7.407999999999999829e+01,2.685058251377023600e-02,2.150170648187349709e+00,1.585314397578584389e+00,2.685058251379212474e-02,2.150170648187363032e+00,1.585314397578575063e+00
7.428000000000000114e+01,2.626989590088898985e-02,2.190166433016213610e+00,1.585313633874963157e+00,2.626989590091192289e-02,2.190166433016226932e+00,1.585313633874953387e+00
7.448000000000000398e+01,2.568923712781841923e-02,2.230162218273352703e+00,1.585312997846224592e+00,2.568923712784171656e-02,2.230162218273366470e+00,1.585312997846214600e+00
7.470000000000000284e+01,2.505053896495005802e-02,2.274157582414642054e+00,1.585312430859072919e+00,2.505053896497341781e-02,2.274157582414655820e+00,1.585312430859063149e+00
7.487999999999999545e+01,2.452798464530628331e-02,2.310153789691669513e+00,1.585312049473679874e+00,2.452798464532999004e-02,2.310153789691683279e+00,1.585312049473670326e+00
7.507999999999999829e+01,2.394738347151156160e-02,2.350149575665112067e+00,1.585311694921633485e+00,2.394738347153550773e-02,2.350149575665124946e+00,1.585311694921623937e+00
7.528000000000000114e+01,2.336679519967953950e-02,2.390145361908722954e+00,1.585311401661327890e+00,2.336679519970386726e-02,2.390145361908735833e+00,1.585311401661318120e+00
7.548000000000000398e+01,2.278621762698939193e-02,2.430141148334561407e+00,1.585311158942316556e+00,2.278621762701409439e-02,2.430141148334574286e+00,1.585311158942307230e+00
7.568000000000000682e+01,2.220564886660240586e-02,2.470136934918530258e+00,1.585310957919072727e+00,2.220564886662795834e-02,2.470136934918544025e+00,1.585310957919062735e+00
7.587999999999999545e+01,2.162508746483862015e-02,2.510132721648061782e+00,1.585310791311825618e+00,2.162508746486454733e-02,2.510132721648075549e+00,1.585310791311815404e+00
7.607999999999999829e+01,2.104453214071360170e-02,2.550128508304180031e+00,1.585310653125273639e+00,2.104453214073863029e-02,2.550128508304194241e+00,1.585310653125264757e+00
7.628000000000000114e+01,2.046398185562578464e-02,2.590124295027329104e+00,1.585310538419807624e+00,2.046398185565116712e-02,2.590124295027343315e+00,1.585310538419798521e+00
7.648000000000000398e+01,1.988343572551802205e-02,2.630120082010286797e+00,1.585310443128899571e+00,1.988343572554375840e-02,2.630120082010301008e+00,1.585310443128890023e+00
7.668000000000000682e+01,1.930289306763202303e-02,2.670115869063829361e+00,1.585310363895871433e+00,1.930289306765884533e-02,2.670115869063844016e+00,1.585310363895862329e+00
7.687999999999999545e+01,1.872235335806057485e-02,2.710111656410007175e+00,1.585310297953789638e+00,1.872235335808777879e-02,2.710111656410021830e+00,1.585310297953779868e+00
7.707999999999999829e+01,1.814181603085161104e-02,2.750107443229267812e+00,1.585310243018984711e+00,1.814181603087921396e-02,2.750107443229281579e+00,1.585310243018975163e+00
7.729999999999999716e+01,1.750322725217714689e-02,2.794102809389258812e+00,1.585310192996037593e+00,1.750322725220561024e-02,2.794102809389272135e+00,1.585310192996027823e+00
7.748000000000000398e+01,1.698074709580816438e-02,2.830099018371872166e+00,1.585310158963433969e+00,1.698074709583696773e-02,2.830099018371885489e+00,1.585310158963424199e+00
7.768000000000000682e+01,1.640021475134475701e-02,2.870094805860314846e+00,1.585310126993661139e+00,1.640021475137392465e-02,2.870094805860329501e+00,1.585310126993652036e+00
7.787999999999999545e+01,1.581968368694777402e-02,2.910090592497505124e+00,1.585310100230852948e+00,1.581968368697733718e-02,2.910090592497519779e+00,1.585310100230842068e+00
7.807999999999999829e+01,1.523915354124123767e-02,2.950086380337230363e+00,1.585310077598708123e+00,1.523915354127244014e-02,2.950086380337245462e+00,1.585310077598698575e+00
7.828000000000000114e+01,1.465862427719331722e-02,2.990082167874494434e+00,1.585310058826775448e+00,1.465862427722276935e-02,2.990082167874509533e+00,1.585310058826765900e+00
7.848000000000000398e+01,1.407809577096899752e-02,3.030077954430928422e+00,1.585310043166992422e+00,1.407809577099752331e-02,3.030077954430943077e+00,1.585310043166983318e+00
7.868000000000000682e+01,1.349756767352755168e-02,3.070073740397253559e+00,1.585310029847424751e+00,1.349756767355815394e-02,3.070073740397268214e+00,1.585310029847415203e+00
7.887999999999999545e+01,1.291704054173075343e-02,3.110069524639842431e+00,1.585310018612992033e+00,1.291704054176173733e-02,3.110069524639857086e+00,1.585310018612981819e+00
7.907999999999999829e+01,1.233651314327360686e-02,3.150065309067040520e+00,1.585310009133577225e+00,1.233651314330554832e-02,3.150065309067056063e+00,1.585310009133567677e+00
7.929999999999999716e+01,1.169793380654336572e-02,3.194060675096478175e+00,1.585310000372730510e+00,1.169793380657483707e-02,3.194060675096494162e+00,1.585310000372720962e+00
7.948000000000000398e+01,1.117545973002207274e-02,3.230056884890250668e+00,1.585309994206194339e+00,1.117545973005387716e-02,3.230056884890266655e+00,1.585309994206184792e+00
7.968000000000000682e+01,1.059493377566811910e-02,3.270052673151814471e+00,1.585309988343368781e+00,1.059493377570060006e-02,3.270052673151830458e+00,1.585309988343359677e+00
7.987999999999999545e+01,1.001440753251823905e-02,3.310048454302805698e+00,1.585309983367331643e+00,1.001440753255108777e-02,3.310048454302821686e+00,1.585309983367322539e+00
8.007999999999999829e+01,9.433882217491957808e-03,3.350044244854975428e+00,1.585309979114496004e+00,9.433882217524438771e-03,3.350044244854990971e+00,1.585309979114486678e+00
8.028000000000000114e+01,8.853355717809331324e-03,3.390040036176600324e+00,1.585309975417585671e+00,8.853355717843427314e-03,3.390040036176615867e+00,1.585309975417575901e+00
8.048000000000000398e+01,8.272831542609963493e-03,3.430035816224221268e+00,1.585309972230229292e+00,8.272831542644035197e-03,3.430035816224237699e+00,1.585309972230219300e+00
8.068000000000000682e+01,7.692306303358340501e-03,3.470031602674733762e+00,1.585309969413532860e+00,7.692306303393274362e-03,3.470031602674750193e+00,1.585309969413523756e+00
8.087999999999999545e+01,7.111780266747208361e-03,3.510027389377367246e+00,1.585309966898593714e+00,7.111780266782530800e-03,3.510027389377383678e+00,1.585309966898584388e+00
8.109999999999999432e+01,6.473203421296678389e-03,3.554022748079885829e+00,1.585309964466220523e+00,6.473203421331751896e-03,3.554022748079902705e+00,1.585309964466210308e+00
8.128000000000000114e+01,5.950730901399270759e-03,3.590018941259335961e+00,1.585309962863599820e+00,5.950730901434682536e-03,3.590018941259352836e+00,1.585309962863590050e+00
8.148000000000000398e+01,5.370205963476390107e-03,3.630014746107499413e+00,1.585309961061194262e+00,5.370205963512178320e-03,3.630014746107516288e+00,1.585309961061184270e+00
8.168000000000000682e+01,4.789681624989325544e-03,3.670010537037389220e+00,1.585309959714548800e+00,4.789681625026073059e-03,3.670010537037405651e+00,1.585309959714538586e+00
8.187999999999999545e+01,4.209143407816612337e-03,3.710006334563508812e+00,1.585309958393048113e+00,4.209143407853750164e-03,3.710006334563525243e+00,1.585309958393038343e+00
8.209999999999999432e+01,3.570566049090045241e-03,3.754001701543783653e+00,1.585309949293810305e+00,3.570566049126539486e-03,3.754001701543801417e+00,1.585309949293801424e+00
8.228000000000000114e+01,3.048094509490876462e-03,3.789997909491943595e+00,1.585309941235327313e+00,3.048094509527703774e-03,3.789997909491961359e+00,1.585309941235318432e+00
8.248000000000000398e+01,2.467570374688486060e-03,3.829993697056531587e+00,1.585309932470098326e+00,2.467570374725582254e-03,3.829993697056548463e+00,1.585309932470089000e+00
8.268000000000000682e+01,1.887046799014335027e-03,3.869989481867818881e+00,1.585309923805279686e+00,1.887046799051768625e-03,3.869989481867835757e+00,1.585309923805269916e+00
8.287999999999999545e+01,1.480680365932616083e-03,3.897986531821358902e+00,1.585309917310226524e+00,1.480680365970309022e-03,3.897986531821375777e+00,1.585309917310217198e+00
8.307999999999999829e+01,1.480680365932126458e-03,3.897986531821357126e+00,1.633309917310226789e+00,1.480680365970309022e-03,3.897986531821375777e+00,1.633309917310217241e+00
8.328000000000000114e+01,1.480680365932126458e-03,3.897986531821357126e+00,1.693309917310227064e+00,1.480680365970309022e-03,3.897986531821375777e+00,1.693309917310217294e+00
8.348000000000000398e+01,1.480680365932126458e-03,3.897986531821357126e+00,1.753309917310227117e+00,1.480680365970309022e-03,3.897986531821375777e+00,1.753309917310217347e+00
8.368000000000000682e+01,1.480680365932126458e-03,3.897986531821357126e+00,1.813309917310227615e+00,1.480680365970309022e-03,3.897986531821375777e+00,1.813309917310217401e+00
8.387999999999999545e+01,1.480680365932126458e-03,3.897986531821357126e+00,1.873309917310228112e+00,1.480680365970309022e-03,3.897986531821375777e+00,1.873309917310217454e+00
8.407999999999999829e+01,1.480680365932126458e-03,3.897986531821357126e+00,1.933309917310227721e+00,1.480680365970309022e-03,3.897986531821375777e+00,1.933309917310217285e+00
8.428000000000000114e+01,1.480680365932126458e-03,3.897986531821357126e+00,1.993309917310227330e+00,1.480680365970309022e-03,3.897986531821375777e+00,1.993309917310217561e+00
8.448000000000000398e+01,1.480680365932126458e-03,3.897986531821357126e+00,2.053309917310225607e+00,1.480680365970309022e-03,3.897986531821375777e+00,2.053309917310215837e+00
8.468000000000000682e+01,1.480680365932126458e-03,3.897986531821357126e+00,2.113309917310222996e+00,1.480680365970309022e-03,3.897986531821375777e+00,2.113309917310213670e+00
8.487999999999999545e+01,1.480680365932126458e-03,3.897986531821357126e+00,2.173309917310220829e+00,1.480680365970309022e-03,3.897986531821375777e+00,2.173309917310211503e+00
8.507999999999999829e+01,1.480680365932126458e-03,3.897986531821357126e+00,2.233309917310218218e+00,1.480680365970309022e-03,3.897986531821375777e+00,2.233309917310209336e+00
8.528000000000000114e+01,1.480680365932126458e-03,3.897986531821357126e+00,2.293309917310216495e+00,1.480680365970309022e-03,3.897986531821375777e+00,2.293309917310207169e+00
8.548000000000000398e+01,1.480680365932126458e-03,3.897986531821357126e+00,2.353309917310213883e+00,1.480680365970309022e-03,3.897986531821375777e+00,2.353309917310205002e+00
8.568000000000000682e+01,1.480680365932126458e-03,3.897986531821357126e+00,2.413309917310212160e+00,1.480680365970309022e-03,3.897986531821375777e+00,2.413309917310202835e+00
8.587999999999999545e+01,1.480680365932126458e-03,3.897986531821357126e+00,2.473309917310209993e+00,1.480680365970309022e-03,3.897986531821375777e+00,2.473309917310200667e+00
8.607999999999999829e+01,1.480680365932126458e-03,3.897986531821357126e+00,2.533309917310207826e+00,1.480680365970309022e-03,3.897986531821375777e+00,2.533309917310198500e+00
8.628000000000000114e+01,1.480680365932126458e-03,3.897986531821357126e+00,2.593309917310205215e+00,1.480680365970309022e-03,3.897986531821375777e+00,2.593309917310196333e+00
8.648000000000000398e+01,1.480680365932126458e-03,3.897986531821357126e+00,2.653309917310203492e+00,1.480680365970309022e-03,3.897986531821375777e+00,2.653309917310194166e+00
8.668000000000000682e+01,1.480680365932126458e-03,3.897986531821357126e+00,2.713309917310201325e+00,1.480680365970309022e-03,3.897986531821375777e+00,2.713309917310191999e+00
8.687999999999999545e+01,1.480680365932126458e-03,3.897986531821357126e+00,2.773309917310199157e+00,1.480680365970309022e-03,3.897986531821375777e+00,2.773309917310189832e+00
8.707999999999999829e+01,1.480680365932126458e-03,3.897986531821357126e+00,2.833309917310196990e+00,1.480680365970309022e-03,3.897986531821375777e+00,2.833309917310187664e+00
8.728000000000000114e+01,1.480680365932126458e-03,3.897986531821357126e+00,2.893309917310194823e+00,1.480680365970309022e-03,3.897986531821375777e+00,2.893309917310185497e+00
8.748000000000000398e+01,1.480680365932126458e-03,3.897986531821357126e+00,2.953309917310192656e+00,1.480680365970309022e-03,3.897986531821375777e+00,2.953309917310183330e+00
8.768000000000000682e+01,1.480680365932126458e-03,3.897986531821357126e+00,3.013309917310190489e+00,1.480680365970309022e-03,3.897986531821375777e+00,3.013309917310181163e+00
8.787999999999999545e+01,1.480680365932126458e-03,3.897986531821357126e+00,3.073309917310188322e+00,1.480680365970309022e-03,3.897986531821375777e+00,3.073309917310178996e+00
8.807999999999999829e+01,1.480680365932126458e-03,3.897986531821357126e+00,3.133309917310186155e+00,1.480680365970309022e-03,3.897986531821375777e+00,3.133309917310176829e+00
8.828000000000000114e+01,1.480680365932126458e-03,3.897986531821357126e+00,-3.089875389869402689e+00,1.480680365970309022e-03,3.897986531821375777e+00,-3.089875389869412015e+00
8.848000000000000398e+01,1.480680365932126458e-03,3.897986531821357126e+00,-3.029875389869404856e+00,1.480680365970309022e-03,3.897986531821375777e+00,-3.029875389869414182e+00
8.868000000000000682e+01,1.480680365932126458e-03,3.897986531821357126e+00,-2.969875389869407023e+00,1.480680365970309022e-03,3.897986531821375777e+00,-2.969875389869416349e+00
8.887999999999999545e+01,1.480680365932126458e-03,3.897986531821357126e+00,-2.909875389869409190e+00,1.480680365970309022e-03,3.897986531821375777e+00,-2.909875389869418516e+00
8.907999999999999829e+01,1.480680365932126458e-03,3.897986531821357126e+00,-2.849875389869411357e+00,1.480680365970309022e-03,3.897986531821375777e+00,-2.849875389869420683e+00
8.928000000000000114e+01,1.480680365932126458e-03,3.897986531821357126e+00,-2.789875389869413524e+00,1.480680365970309022e-03,3.897986531821375777e+00,-2.789875389869422850e+00
8.948000000000000398e+01,1.480680365932126458e-03,3.897986531821357126e+00,-2.729875389869415692e+00,1.480680365970309022e-03,3.897986531821375777e+00,-2.729875389869425018e+00
8.968000000000000682e+01,1.480680365932126458e-03,3.897986531821357126e+00,-2.669875389869417859e+00,1.480680365970309022e-03,3.897986531821375777e+00,-2.669875389869427185e+00
8.987999999999999545e+01,1.480680365932126458e-03,3.897986531821357126e+00,-2.609875389869420026e+00,1.480680365970309022e-03,3.897986531821375777e+00,-2.609875389869429352e+00
9.007999999999999829e+01,1.480680365932126458e-03,3.897986531821357126e+00,-2.549875389869422193e+00,1.480680365970309022e-03,3.897986531821375777e+00,-2.549875389869431519e+00
9.028000000000000114e+01,1.480680365932126458e-03,3.897986531821357126e+00,-2.489875389869424360e+00,1.480680365970309022e-03,3.897986531821375777e+00,-2.489875389869433686e+00
9.048000000000000398e+01,1.480680365932126458e-03,3.897986531821357126e+00,-2.429875389869426527e+00,1.480680365970309022e-03,3.897986531821375777e+00,-2.429875389869435853e+00
9.068000000000000682e+01,1.480680365932126458e-03,3.897986531821357126e+00,-2.369875389869428695e+00,1.480680365970309022e-03,3.897986531821375777e+00,-2.369875389869438020e+00
9.087999999999999545e+01,1.480680365932126458e-03,3.897986531821357126e+00,-2.309875389869431306e+00,1.480680365970309022e-03,3.897986531821375777e+00,-2.309875389869440188e+00
9.107999999999999829e+01,1.480680365932126458e-03,3.897986531821357126e+00,-2.249875389869433029e+00,1.480680365970309022e-03,3.897986531821375777e+00,-2.249875389869442355e+00
9.128000000000000114e+01,1.480680365932126458e-03,3.897986531821357126e+00,-2.189875389869435196e+00,1.480680365970309022e-03,3.897986531821375777e+00,-2.189875389869444522e+00
9.148000000000000398e+01,1.480680365932126458e-03,3.897986531821357126e+00,-2.129875389869437807e+00,1.480680365970309022e-03,3.897986531821375777e+00,-2.129875389869446689e+00
9.168000000000000682e+01,1.480680365932126458e-03,3.897986531821357126e+00,-2.069875389869439530e+00,1.480680365970309022e-03,3.897986531821375777e+00,-2.069875389869449300e+00
9.187999999999999545e+01,1.480680365932126458e-03,3.897986531821357126e+00,-2.009875389869441697e+00,1.480680365970309022e-03,3.897986531821375777e+00,-2.009875389869451023e+00
9.209999999999999432e+01,1.480680365932126458e-03,3.897986531821357126e+00,-1.943875389869442083e+00,1.480680365970309022e-03,3.897986531821375777e+00,-1.943875389869451187e+00
9.228000000000000114e+01,1.480680365932126458e-03,3.897986531821357126e+00,-1.889875389869442701e+00,1.480680365970309022e-03,3.897986531821375777e+00,-1.889875389869451139e+00
9.248000000000000398e+01,1.480680365932126458e-03,3.897986531821357126e+00,-1.830913437548448375e+00,1.480680365970309022e-03,3.897986531821375777e+00,-1.830913437548457701e+00
9.268000000000000682e+01,1.480680365932126458e-03,3.897986531821357126e+00,-1.780510985044193806e+00,1.480680365970309022e-03,3.897986531821375777e+00,-1.780510985044202910e+00
9.287999999999999545e+01,-6.038611008418737214e-04,3.886169035173622444e+00,-1.739879872761412427e+00,-6.038611008038004442e-04,3.886169035173641095e+00,-1.739879872761421309e+00
9.307999999999999829e+01,-6.660355888520257985e-03,3.846632026158008255e+00,-1.706976777229477715e+00,-6.660355888482550300e-03,3.846632026158026907e+00,-1.706976777229487263e+00
9.328000000000000114e+01,-1.153878400407354343e-02,3.806931831280496503e+00,-1.680170350652262723e+00,-1.153878400403620524e-02,3.806931831280515155e+00,-1.680170350652271827e+00
9.348000000000000398e+01,-1.545384372915981248e-02,3.767124685111075788e+00,-1.658321441032565735e+00,-1.545384372912284206e-02,3.767124685111094440e+00,-1.658321441032574617e+00
9.368000000000000682e+01,-1.858190322604171343e-02,3.727247710549207227e+00,-1.640510927263209906e+00,-1.858190322600448627e-02,3.727247710549225435e+00,-1.640510927263219232e+00
9.387999999999999545e+01,-2.106745868771138508e-02,3.687325360889034176e+00,-1.625990521347954187e+00,-2.106745868767453955e-02,3.687325360889052384e+00,-1.625990521347963735e+00
9.407999999999999829e+01,-2.302867598824601472e-02,3.647373702558522002e+00,-1.614150921730578281e+00,-2.302867598820977635e-02,3.647373702558539321e+00,-1.614150921730588051e+00
9.428000000000000114e+01,-2.456207585359215448e-02,3.607403259728279465e+00,-1.604495931169492851e+00,-2.456207585355631856e-02,3.607403259728296785e+00,-1.604495931169502398e+00
9.448000000000000398e+01,-2.574644160966039000e-02,3.567420900624599156e+00,-1.596621410603431990e+00,-2.574644160962403366e-02,3.567420900624617808e+00,-1.596621410603441538e+00
9.468000000000000682e+01,-2.664605089171410285e-02,3.527431086650908210e+00,-1.590198160455498666e+00,-2.664605089167914123e-02,3.527431086650927305e+00,-1.590198160455507992e+00
9.487999999999999545e+01,-2.731333382775278165e-02,3.487436698478740382e+00,-1.584957993357732686e+00,-2.731333382771820167e-02,3.487436698478759478e+00,-1.584957993357742012e+00
9.509999999999999432e+01,-2.782981722540226951e-02,3.443439769497560032e+00,-1.580293219022811169e+00,-2.782981722536911895e-02,3.443439769497577796e+00,-1.580293219022820050e+00
9.528000000000000114e+01,-2.811407993793680130e-02,3.407440906202211295e+00,-1.577193332423259653e+00,-2.811407993790398380e-02,3.407440906202229058e+00,-1.577193332423268757e+00
9.548000000000000398e+01,-2.830966929618415270e-02,3.367441398483297377e+00,-1.574288545398037531e+00,-2.830966929615170297e-02,3.367441398483315140e+00,-1.574288545398046413e+00
9.568000000000000682e+01,-2.840130696331531063e-02,3.327441512343298768e+00,-1.571974104923114623e+00,-2.840130696328268395e-02,3.327441512343316088e+00,-1.571974104923123949e+00
9.587999999999999545e+01,-2.840923001767620137e-02,3.287441519050329664e+00,-1.570085711454664912e+00,-2.840923001764396327e-02,3.287441519050346983e+00,-1.570085711454674904e+00
9.609999999999999432e+01,-2.834013567615307691e-02,3.243441578385670265e+00,-1.568418596669766130e+00,-2.834013567612050227e-02,3.243441578385688029e+00,-1.568418596669775456e+00
9.629999999999999716e+01,-2.821883788849087818e-02,3.203441764944451986e+00,-1.567157107530856797e+00,-2.821883788845867824e-02,3.203441764944469750e+00,-1.567157107530865900e+00
9.650000000000000000e+01,-2.805248105510383533e-02,3.163442112553022323e+00,-1.566151719474755177e+00,-2.805248105507220438e-02,3.163442112553040975e+00,-1.566151719474763615e+00
9.668000000000000682e+01,-2.787143453245335273e-02,3.127442568634380748e+00,-1.565406968101724638e+00,-2.787143453242206179e-02,3.127442568634399400e+00,-1.565406968101733964e+00
9.687999999999999545e+01,-2.764143372951062202e-02,3.087443230691954810e+00,-1.564715204826171213e+00,-2.764143372947971272e-02,3.087443230691973461e+00,-1.564715204826180539e+00
9.707999999999999829e+01,-2.738655168751693778e-02,3.047444043289802895e+00,-1.564151457856153948e+00,-2.738655168748750993e-02,3.047444043289821991e+00,-1.564151457856163496e+00
9.728000000000000114e+01,-2.711130412967514836e-02,3.007444990660751660e+00,-1.563695925405341747e+00,-2.711130412964510641e-02,3.007444990660770756e+00,-1.563695925405351295e+00
9.748000000000000398e+01,-2.681956867722230450e-02,2.967446054774636632e+00,-1.563323726129455249e+00,-2.681956867719265808e-02,2.967446054774655728e+00,-1.563323726129464797e+00
9.768000000000000682e+01,-2.651435366877678140e-02,2.927447219397941058e+00,-1.563019383640441795e+00,-2.651435366874768662e-02,2.927447219397961042e+00,-1.563019383640451121e+00
9.787999999999999545e+01,-2.619811557221597004e-02,2.887448469601975987e+00,-1.562770477582871909e+00,-2.619811557218724996e-02,2.887448469601995971e+00,-1.562770477582881457e+00
9.807999999999999829e+01,-2.587286139166528401e-02,2.847449792071105712e+00,-1.562566868865576053e+00,-2.587286139163666801e-02,2.847449792071124808e+00,-1.562566868865584935e+00
9.828000000000000114e+01,-2.554023119305140130e-02,2.807451175176830738e+00,-1.562400279316506602e+00,-2.554023119302460329e-02,2.807451175176849834e+00,-1.562400279316515928e+00
9.848000000000000398e+01,-2.520156543085540907e-02,2.767452608914627632e+00,-1.562263949081369452e+00,-2.520156543082896494e-02,2.767452608914646728e+00,-1.562263949081378334e+00
9.868000000000000682e+01,-2.485795988263908227e-02,2.727454084772199305e+00,-1.562152357267850400e+00,-2.485795988261245773e-02,2.727454084772219289e+00,-1.562152357267859504e+00
9.890000000000000568e+01,-2.447535293361701239e-02,2.683455748322542078e+00,-1.562052664127362656e+00,-2.447535293359079725e-02,2.683455748322562062e+00,-1.562052664127371537e+00
9.907999999999999829e+01,-2.415934989399813257e-02,2.647457135271302331e+00,-1.561986175271150579e+00,-2.415934989397225049e-02,2.647457135271322315e+00,-1.561986175271160127e+00
9.928000000000000114e+01,-2.380567741008034893e-02,2.607458698861229607e+00,-1.561924890064698035e+00,-2.380567741005485544e-02,2.607458698861249591e+00,-1.561924890064706473e+00
9.948000000000000398e+01,-2.344978330530747210e-02,2.567460282154289786e+00,-1.561874678023482454e+00,-2.344978330528236024e-02,2.567460282154309770e+00,-1.561874678023492224e+00
9.968000000000000682e+01,-2.309206876330886088e-02,2.527461881684959000e+00,-1.561833527904721963e+00,-2.309206876328370045e-02,2.527461881684978984e+00,-1.561833527904731511e+00
9.987999999999999545e+01,-2.273286213403669445e-02,2.487463494587242696e+00,-1.561799795384176681e+00,-2.273286213401191566e-02,2.487463494587262680e+00,-1.561799795384185785e+00
1.000799999999999983e+02,-2.237243221590713357e-02,2.447465118492632374e+00,-1.561772135864315736e+00,-2.237243221588273642e-02,2.447465118492652358e+00,-1.561772135864324396e+00
1.002800000000000011e+02,-2.201099910636944434e-02,2.407466751451227349e+00,-1.561749449627558572e+00,-2.201099910634551210e-02,2.407466751451247777e+00,-1.561749449627568342e+00
1.004800000000000040e+02,-2.164873548435677919e-02,2.367468391923338800e+00,-1.561730473406309772e+00,-2.164873548433322858e-02,2.367468391923359228e+00,-1.561730473406319541e+00
1.006800000000000068e+02,-2.128579084453203346e-02,2.327470038569605215e+00,-1.561715262648574853e+00,-2.128579084450887490e-02,2.327470038569625643e+00,-1.561715262648584179e+00
1.009000000000000057e+02,-2.088591860858612925e-02,2.283471855627162483e+00,-1.561701643576530518e+00,-2.088591860856338009e-02,2.283471855627182912e+00,-1.561701643576539844e+00
1.010799999999999983e+02,-2.055834441134661225e-02,2.247473346002050842e+00,-1.561692437812097767e+00,-2.055834441132420309e-02,2.247473346002071271e+00,-1.561692437812106871e+00
1.012800000000000011e+02,-2.019401962652846508e-02,2.207475005191824824e+00,-1.561684034245694574e+00,-2.019401962650595878e-02,2.207475005191846140e+00,-1.561684034245703900e+00
1.014800000000000040e+02,-1.982938991686815020e-02,2.167476667161818860e+00,-1.561677132401139589e+00,-1.982938991684603247e-02,2.167476667161840176e+00,-1.561677132401148915e+00
1.016800000000000068e+02,-1.946450960921908627e-02,2.127478331418726221e+00,-1.561671458760113929e+00,-1.946450960919805448e-02,2.127478331418746649e+00,-1.561671458760123254e+00
1.018799999999999955e+02,-1.909942326065789883e-02,2.087479997555985012e+00,-1.561666793032096212e+00,-1.909942326063723481e-02,2.087479997556005440e+00,-1.561666793032105094e+00
1.020799999999999983e+02,-1.873416744327593281e-02,2.047481665235196591e+00,-1.561662954688610494e+00,-1.873416744325596961e-02,2.047481665235216575e+00,-1.561662954688619820e+00
1.022800000000000011e+02,-1.836877218288631222e-02,2.007483334186377366e+00,-1.561659795747105672e+00,-1.836877218286617208e-02,2.007483334186397350e+00,-1.561659795747115220e+00
1.024800000000000040e+02,-1.800326213735392589e-02,1.967485004205208998e+00,-1.561657194871985066e+00,-1.800326213733416739e-02,1.967485004205228982e+00,-1.561657194871994836e+00
1.026800000000000068e+02,-1.763765756554019556e-02,1.927486675087058510e+00,-1.561655052549416167e+00,-1.763765756552112401e-02,1.927486675087078938e+00,-1.561655052549425271e+00
1.028799999999999955e+02,-1.727197511671163879e-02,1.887488346661547078e+00,-1.561653287140312596e+00,-1.727197511669295582e-02,1.887488346661567507e+00,-1.561653287140322588e+00
1.030799999999999983e+02,-1.690622847606966517e-02,1.847490018845389326e+00,-1.561651831650318956e+00,-1.690622847605127363e-02,1.847490018845409310e+00,-1.561651831650328059e+00
1.032800000000000011e+02,-1.654042890062841498e-02,1.807491691504865772e+00,-1.561650631086592078e+00,-1.654042890060980486e-02,1.807491691504885534e+00,-1.561650631086601626e+00
1.034800000000000040e+02,-1.617458565435686210e-02,1.767493364576421033e+00,-1.561649640294213937e+00,-1.617458565433864751e-02,1.767493364576440795e+00,-1.561649640294223929e+00
1.036800000000000068e+02,-1.580870635532813373e-02,1.727495037911577436e+00,-1.561648822184838803e+00,-1.580870635531082119e-02,1.727495037911596754e+00,-1.561648822184847907e+00
1.038799999999999955e+02,-1.544279727485875497e-02,1.687496711547273209e+00,-1.561648146285531169e+00,-1.544279727484182060e-02,1.687496711547292527e+00,-1.561648146285540051e+00
1.040799999999999983e+02,-1.507686358919486415e-02,1.647498385450452574e+00,-1.561647587550470062e+00,-1.507686358917833050e-02,1.647498385450472114e+00,-1.561647587550479166e+00
1.042800000000000011e+02,-1.471090956223147436e-02,1.607500059478071286e+00,-1.561647125387517265e+00,-1.471090956221464061e-02,1.607500059478090826e+00,-1.561647125387527701e+00
1.044800000000000040e+02,-1.434493869365790000e-02,1.567501733667739261e+00,-1.561646742858980863e+00,-1.434493869364146176e-02,1.567501733667758801e+00,-1.561646742858990855e+00
1.046800000000000068e+02,-1.397895388553257491e-02,1.527503408032697685e+00,-1.561646426030443680e+00,-1.397895388551699015e-02,1.527503408032717225e+00,-1.561646426030453449e+00
1.049000000000000057e+02,-1.357635733690110147e-02,1.483505249921779123e+00,-1.561646139346789086e+00,-1.357635733688595039e-02,1.483505249921798663e+00,-1.561646139346798634e+00
1.050799999999999983e+02,-1.324695159226301454e-02,1.447506757051369330e+00,-1.561645945618153508e+00,-1.324695159224803173e-02,1.447506757051389092e+00,-1.561645945618163056e+00
1.052800000000000011e+02,-1.288093769943956558e-02,1.407508431469380650e+00,-1.561645764808196502e+00,-1.288093769942537554e-02,1.407508431469400412e+00,-1.561645764808206271e+00
1.054800000000000040e+02,-1.251491723536526414e-02,1.367510106163380978e+00,-1.561645614592106712e+00,-1.251491723535145574e-02,1.367510106163400740e+00,-1.561645614592116038e+00
1.056800000000000068e+02,-1.214889124872612844e-02,1.327511780847884681e+00,-1.561645489681999122e+00,-1.214889124871247270e-02,1.327511780847903999e+00,-1.561645489682008670e+00
1.058799999999999955e+02,-1.178286075259125411e-02,1.287513455692026021e+00,-1.561645385719542478e+00,-1.178286075257826970e-02,1.287513455692045339e+00,-1.561645385719551138e+00
1.060799999999999983e+02,-1.141682643403966156e-02,1.247515130492541369e+00,-1.561645299104446050e+00,-1.141682643402705186e-02,1.247515130492560687e+00,-1.561645299104454931e+00
1.062800000000000011e+02,-1.105078893247717423e-02,1.207516805371551705e+00,-1.561645226869976977e+00,-1.105078893246463391e-02,1.207516805371571245e+00,-1.561645226869986969e+00
1.064800000000000040e+02,-1.068474880736791470e-02,1.167518479969004597e+00,-1.561645166558881082e+00,-1.068474880735576990e-02,1.167518479969024137e+00,-1.561645166558891074e+00
1.066800000000000068e+02,-1.031870645382806408e-02,1.127520154521736817e+00,-1.561645116141560985e+00,-1.031870645381650388e-02,1.127520154521755913e+00,-1.561645116141570311e+00
1.068799999999999955e+02,-9.952662284043642046e-03,1.087521829742785773e+00,-1.561645073941225315e+00,-9.952662284032456549e-03,1.087521829742804869e+00,-1.561645073941234863e+00
1.070799999999999983e+02,-9.586616502841198428e-03,1.047523504156346652e+00,-1.561645038266016527e+00,-9.586616502830481307e-03,1.047523504156365748e+00,-1.561645038266025853e+00
1.072800000000000011e+02,-9.220569429132840014e-03,1.007525178052576242e+00,-1.561645008640739185e+00,-9.220569429122409122e-03,1.007525178052595338e+00,-1.561645008640748511e+00
1.074800000000000040e+02,-8.854521214284819669e-03,9.675268525690589039e-01,-1.561644983515913632e+00,-8.854521214274766946e-03,9.675268525690779997e-01,-1.561644983515923180e+00
1.076800000000000068e+02,-8.488472369692747280e-03,9.275285285771796007e-01,-1.561644962573240702e+00,-8.488472369682939153e-03,9.275285285771990296e-01,-1.561644962573250472e+00
1.078799999999999955e+02,-8.122422338263829075e-03,8.875302047555656548e-01,-1.561644944895653531e+00,-8.122422338254605551e-03,8.875302047555851948e-01,-1.561644944895662412e+00
1.080799999999999983e+02,-7.756371826572360656e-03,8.475318796380830744e-01,-1.561644929838665430e+00,-7.756371826563504893e-03,8.475318796381026143e-01,-1.561644929838674312e+00
1.082800000000000011e+02,-7.390320759707872701e-03,8.075335541813021267e-01,-1.561644917196661764e+00,-7.390320759699613683e-03,8.075335541813215556e-01,-1.561644917196670868e+00
1.084800000000000040e+02,-7.024269323498901797e-03,7.675352266198661733e-01,-1.561644906474710659e+00,-7.024269323490739923e-03,7.675352266198856022e-01,-1.561644906474719985e+00
1.086800000000000068e+02,-6.658217659233416248e-03,7.275368993900628301e-01,-1.561644897327751247e+00,-6.658217659225529328e-03,7.275368993900823700e-01,-1.561644897327760351e+00
1.088799999999999955e+02,-6.292165452368139213e-03,6.875385738957177084e-01,-1.561644889559494098e+00,-6.292165452360637401e-03,6.875385738957372483e-01,-1.561644889559503868e+00
1.090799999999999983e+02,-5.926112828733549540e-03,6.475402478176626175e-01,-1.561644882903396203e+00,-5.926112828726432837e-03,6.475402478176821575e-01,-1.561644882903406195e+00
1.092999999999999972e+02,-5.523454488996324026e-03,6.035420947828374905e-01,-1.561644876587156450e+00,-5.523454488989560339e-03,6.035420947828569194e-01,-1.561644876587165331e+00
1.094800000000000040e+02,-5.194007182726046584e-03,5.675436018313907427e-01,-1.561644872191582101e+00,-5.194007182719638516e-03,5.675436018314101716e-01,-1.561644872191591871e+00
1.096800000000000068e+02,-4.827953867935252594e-03,5.275452773343277668e-01,-1.561644867728322561e+00,-4.827953867929432596e-03,5.275452773343470847e-01,-1.561644867728332331e+00
1.099000000000000057e+02,-4.425294613296729129e-03,4.835471285309301814e-01,-1.561644863639458425e+00,-4.425294613291332405e-03,4.835471285309494993e-01,-1.561644863639467307e+00
1.099200000000000017e+02,-4.388689341659377310e-03,4.795472972587558336e-01,-1.561644863293992103e+00,-4.388689341654018750e-03,4.795472972587751515e-01,-1.561644863294001206e+00
1.102800000000000011e+02,-3.729793218749270778e-03,4.075503027697374714e-01,-1.561644857755623450e+00,-3.729793218744440440e-03,4.075503027697567893e-01,-1.561644857755633442e+00
1.104800000000000040e+02,-3.363739388462274205e-03,3.675519757706244839e-01,-1.561644855030432932e+00,-3.363739388457832446e-03,3.675519757706438018e-01,-1.561644855030442258e+00
1.106800000000000068e+02,-2.997685013718546197e-03,3.275536423887773219e-01,-1.561644852515452486e+00,-2.997685013714493883e-03,3.275536423887966397e-01,-1.561644852515462256e+00
1.108799999999999955e+02,-2.631631203410920647e-03,2.875553177851081776e-01,-1.561644850065823542e+00,-2.631631203407357091e-03,2.875553177851274400e-01,-1.561644850065833090e+00
1.110799999999999983e+02,-2.265578662326276586e-03,2.475570023185240942e-01,-1.561644847570863748e+00,-2.265578662323080791e-03,2.475570023185433566e-01,-1.561644847570873296e+00
1.112800000000000011e+02,-1.899523946261432675e-03,2.075586886373043671e-01,-1.561644845402017312e+00,-1.899523946258643674e-03,2.075586886373236295e-01,-1.561644845402026860e+00
1.114800000000000040e+02,-1.533470543263909872e-03,1.675603613211011922e-01,-1.561644843380255443e+00,-1.533470543261505545e-03,1.675603613211204546e-01,-1.561644843380265213e+00
1.116800000000000068e+02,-1.167418076114213384e-03,1.275620336390501097e-01,-1.561644840776173382e+00,-1.167418076112223656e-03,1.275620336390693721e-01,-1.561644840776182708e+00
1.118799999999999955e+02,-9.111795282833760543e-04,9.956321220683146678e-02,-1.561644838021957860e+00,-9.111795282816482697e-04,9.956321220685072915e-02,-1.561644838021966741e+00
1.120799999999999983e+02,-9.111795282833463471e-04,9.956321220683145290e-02,-1.561644838021957860e+00,-9.111795282816482697e-04,9.956321220685072915e-02,-1.561644838021966741e+00
1.122800000000000011e+02,-9.111795282833765964e-04,9.956321220683145290e-02,-1.561644838021957638e+00,-9.111795282816482697e-04,9.956321220685072915e-02,-1.561644838021966741e+00
1.124800000000000040e+02,-9.111795282833765964e-04,9.956321220683145290e-02,-1.561644838021957638e+00,-9.111795282816482697e-04,9.956321220685072915e-02,-1.561644838021966741e+00
1.126800000000000068e+02,-9.111795282833765964e-04,9.956321220683145290e-02,-1.561644838021957638e+00,-9.111795282816482697e-04,9.956321220685072915e-02,-1.561644838021966741e+00
1.128799999999999955e+02,-9.111795282833765964e-04,9.956321220683145290e-02,-1.561644838021957638e+00,-9.111795282816482697e-04,9.956321220685072915e-02,-1.561644838021966741e+00
1.130799999999999983e+02,-9.111795282833765964e-04,9.956321220683145290e-02,-1.561644838021957638e+00,-9.111795282816482697e-04,9.956321220685072915e-02,-1.561644838021966741e+00
1.132800000000000011e+02,-9.111795282833765964e-04,9.956321220683145290e-02,-1.561644838021957638e+00,-9.111795282816482697e-04,9.956321220685072915e-02,-1.561644838021966741e+00
1.134800000000000040e+02,-9.111795282833765964e-04,9.956321220683145290e-02,-1.561644838021957638e+00,-9.111795282816482697e-04,9.956321220685072915e-02,-1.561644838021966741e+00
1.136800000000000068e+02,-9.111795282833765964e-04,9.956321220683145290e-02,-1.561644838021957638e+00,-9.111795282816482697e-04,9.956321220685072915e-02,-1.561644838021966741e+00
1.138799999999999955e+02,-9.111795282833765964e-04,9.956321220683145290e-02,-1.561644838021957638e+00,-9.111795282816482697e-04,9.956321220685072915e-02,-1.561644838021966741e+00
1.140799999999999983e+02,-9.111795282833765964e-04,9.956321220683145290e-02,-1.561644838021957638e+00,-9.111795282816482697e-04,9.956321220685072915e-02,-1.561644838021966741e+00
1.142800000000000011e+02,-9.111795282833765964e-04,9.956321220683145290e-02,-1.561644838021957638e+00,-9.111795282816482697e-04,9.956321220685072915e-02,-1.561644838021966741e+00
1.144800000000000040e+02,-9.111795282833765964e-04,9.956321220683145290e-02,-1.561644838021957638e+00,-9.111795282816482697e-04,9.956321220685072915e-02,-1.561644838021966741e+00
1.146800000000000068e+02,-9.111795282833765964e-04,9.956321220683145290e-02,-1.561644838021957638e+00,-9.111795282816482697e-04,9.956321220685072915e-02,-1.561644838021966741e+00
1.148799999999999955e+02,-9.111795282833765964e-04,9.956321220683145290e-02,-1.561644838021957638e+00,-9.111795282816482697e-04,9.956321220685072915e-02,-1.561644838021966741e+00
1.150799999999999983e+02,-9.111795282833765964e-04,9.956321220683145290e-02,-1.561644838021957638e+00,-9.111795282816482697e-04,9.956321220685072915e-02,-1.561644838021966741e+00
1.152800000000000011e+02,-9.111795282833765964e-04,9.956321220683145290e-02,-1.561644838021957638e+00,-9.111795282816482697e-04,9.956321220685072915e-02,-1.561644838021966741e+00
1.154800000000000040e+02,-9.111795282833765964e-04,9.956321220683145290e-02,-1.561644838021957638e+00,-9.111795282816482697e-04,9.956321220685072915e-02,-1.561644838021966741e+00
1.156800000000000068e+02,-9.111795282833765964e-04,9.956321220683145290e-02,-1.561644838021957638e+00,-9.111795282816482697e-04,9.956321220685072915e-02,-1.561644838021966741e+00
1.158799999999999955e+02,-9.111795282833765964e-04,9.956321220683145290e-02,-1.561644838021957638e+00,-9.111795282816482697e-04,9.956321220685072915e-02,-1.561644838021966741e+00
1.160799999999999983e+02,-9.111795282833765964e-04,9.956321220683145290e-02,-1.561644838021957638e+00,-9.111795282816482697e-04,9.956321220685072915e-02,-1.561644838021966741e+00
1.162800000000000011e+02,-9.111795282833765964e-04,9.956321220683145290e-02,-1.561644838021957638e+00,-9.111795282816482697e-04,9.956321220685072915e-02,-1.561644838021966741e+00
1.164800000000000040e+02,-9.111795282833765964e-04,9.956321220683145290e-02,-1.561644838021957638e+00,-9.111795282816482697e-04,9.956321220685072915e-02,-1.561644838021966741e+00
1.166800000000000068e+02,-9.111795282833765964e-04,9.956321220683145290e-02,-1.561644838021957638e+00,-9.111795282816482697e-04,9.956321220685072915e-02,-1.561644838021966741e+00
1.168799999999999955e+02,-9.111795282833765964e-04,9.956321220683145290e-02,-1.561644838021957638e+00,-9.111795282816482697e-04,9.956321220685072915e-02,-1.561644838021966741e+00
1.170799999999999983e+02,-9.111795282833765964e-04,9.956321220683145290e-02,-1.561644838021957638e+00,-9.111795282816482697e-04,9.956321220685072915e-02,-1.561644838021966741e+00
1.172800000000000011e+02,-9.111795282833765964e-04,9.956321220683145290e-02,-1.561644838021957638e+00,-9.111795282816482697e-04,9.956321220685072915e-02,-1.561644838021966741e+00
1.174800000000000040e+02,-9.111795282833765964e-04,9.956321220683145290e-02,-1.561644838021957638e+00,-9.111795282816482697e-04,9.956321220685072915e-02,-1.561644838021966741e+00
1.176800000000000068e+02,-9.111795282833765964e-04,9.956321220683145290e-02,-1.561644838021957638e+00,-9.111795282816482697e-04,9.956321220685072915e-02,-1.561644838021966741e+00
1.178799999999999955e+02,-9.111795282833765964e-04,9.956321220683145290e-02,-1.561644838021957638e+00,-9.111795282816482697e-04,9.956321220685072915e-02,-1.561644838021966741e+00
1.180799999999999983e+02,-9.111795282833765964e-04,9.956321220683145290e-02,-1.561644838021957638e+00,-9.111795282816482697e-04,9.956321220685072915e-02,-1.561644838021966741e+00
1.182800000000000011e+02,-9.111795282833765964e-04,9.956321220683145290e-02,-1.561644838021957638e+00,-9.111795282816482697e-04,9.956321220685072915e-02,-1.561644838021966741e+00
1.184800000000000040e+02,-9.111795282833765964e-04,9.956321220683145290e-02,-1.561644838021957638e+00,-9.111795282816482697e-04,9.956321220685072915e-02,-1.561644838021966741e+00
1.187000000000000028e+02,-9.111795282833765964e-04,9.956321220683145290e-02,-1.561644838021957638e+00,-9.111795282816482697e-04,9.956321220685072915e-02,-1.561644838021966741e+00
1.188799999999999955e+02,-9.111795282833765964e-04,9.956321220683145290e-02,-1.561644838021957638e+00,-9.111795282816482697e-04,9.956321220685072915e-02,-1.561644838021966741e+00
1.190799999999999983e+02,-9.111795282833765964e-04,9.956321220683145290e-02,-1.561644838021957638e+00,-9.111795282816482697e-04,9.956321220685072915e-02,-1.561644838021966741e+00
1.192800000000000011e+02,-9.111795282833765964e-04,9.956321220683145290e-02,-1.561644838021957638e+00,-9.111795282816482697e-04,9.956321220685072915e-02,-1.561644838021966741e+00
1.194800000000000040e+02,-9.111795282833765964e-04,9.956321220683145290e-02,-1.561644838021957638e+00,-9.111795282816482697e-04,9.956321220685072915e-02,-1.561644838021966741e+00
1.196800000000000068e+02,-9.111795282833765964e-04,9.956321220683145290e-02,-1.561644838021957638e+00,-9.111795282816482697e-04,9.956321220685072915e-02,-1.561644838021966741e+00
1.198799999999999955e+02,-9.111795282833765964e-04,9.956321220683145290e-02,-1.561644838021957638e+00,-9.111795282816482697e-04,9.956321220685072915e-02,-1.561644838021966741e+00
1.200799999999999983e+02,-9.111795282833765964e-04,9.956321220683145290e-02,-1.561644838021957638e+00,-9.111795282816482697e-04,9.956321220685072915e-02,-1.561644838021966741e+00
1.202800000000000011e+02,-9.111795282833765964e-04,9.956321220683145290e-02,-1.561644838021957638e+00,-9.111795282816482697e-04,9.956321220685072915e-02,-1.561644838021966741e+00
1.204800000000000040e+02,-9.111795282833765964e-04,9.956321220683145290e-02,-1.561644838021957638e+00,-9.111795282816482697e-04,9.956321220685072915e-02,-1.561644838021966741e+00
1.206800000000000068e+02,-9.111795282833765964e-04,9.956321220683145290e-02,-1.561644838021957638e+00,-9.111795282816482697e-04,9.956321220685072915e-02,-1.561644838021966741e+00
1.208799999999999955e+02,-9.111795282833765964e-04,9.956321220683145290e-02,-1.561644838021957638e+00,-9.111795282816482697e-04,9.956321220685072915e-02,-1.561644838021966741e+00
1.210799999999999983e+02,-9.111795282833765964e-04,9.956321220683145290e-02,-1.561644838021957638e+00,-9.111795282816482697e-04,9.956321220685072915e-02,-1.561644838021966741e+00
1.212800000000000011e+02,-9.111795282833765964e-04,9.956321220683145290e-02,-1.561644838021957638e+00,-9.111795282816482697e-04,9.956321220685072915e-02,-1.561644838021966741e+00
1.214800000000000040e+02,-9.111795282833765964e-04,9.956321220683145290e-02,-1.561644838021957638e+00,-9.111795282816482697e-04,9.956321220685072915e-02,-1.561644838021966741e+00
1.216800000000000068e+02,-9.111795282833765964e-04,9.956321220683145290e-02,-1.561644838021957638e+00,-9.111795282816482697e-04,9.956321220685072915e-02,-1.561644838021966741e+00
1.218799999999999955e+02,-9.111795282833765964e-04,9.956321220683145290e-02,-1.561644838021957638e+00,-9.111795282816482697e-04,9.956321220685072915e-02,-1.561644838021966741e+00
1.220799999999999983e+02,-9.111795282833765964e-04,9.956321220683145290e-02,-1.561644838021957638e+00,-9.111795282816482697e-04,9.956321220685072915e-02,-1.561644838021966741e+00
1.222800000000000011e+02,-9.111795282833765964e-04,9.956321220683145290e-02,-1.561644838021957638e+00,-9.111795282816482697e-04,9.956321220685072915e-02,-1.561644838021966741e+00
1.224800000000000040e+02,-9.111795282833765964e-04,9.956321220683145290e-02,-1.561644838021957638e+00,-9.111795282816482697e-04,9.956321220685072915e-02,-1.561644838021966741e+00
1.226800000000000068e+02,-9.111795282833765964e-04,9.956321220683145290e-02,-1.561644838021957638e+00,-9.111795282816482697e-04,9.956321220685072915e-02,-1.561644838021966741e+00
1.228799999999999955e+02,-9.111795282833765964e-04,9.956321220683145290e-02,-1.561644838021957638e+00,-9.111795282816482697e-04,9.956321220685072915e-02,-1.561644838021966741e+00
1.230799999999999983e+02,-9.111795282833765964e-04,9.956321220683145290e-02,-1.561644838021957638e+00,-9.111795282816482697e-04,9.956321220685072915e-02,-1.561644838021966741e+00
1.232800000000000011e+02,-9.111795282833765964e-04,9.956321220683145290e-02,-1.561644838021957638e+00,-9.111795282816482697e-04,9.956321220685072915e-02,-1.561644838021966741e+00
1.234800000000000040e+02,-9.111795282833765964e-04,9.956321220683145290e-02,-1.561644838021957638e+00,-9.111795282816482697e-04,9.956321220685072915e-02,-1.561644838021966741e+00
1.236800000000000068e+02,-9.111795282833765964e-04,9.956321220683145290e-02,-1.561644838021957638e+00,-9.111795282816482697e-04,9.956321220685072915e-02,-1.561644838021966741e+00
1.238799999999999955e+02,-9.111795282833765964e-04,9.956321220683145290e-02,-1.561644838021957638e+00,-9.111795282816482697e-04,9.956321220685072915e-02,-1.561644838021966741e+00
1.240799999999999983e+02,-9.111795282833765964e-04,9.956321220683145290e-02,-1.561644838021957638e+00,-9.111795282816482697e-04,9.956321220685072915e-02,-1.561644838021966741e+00
1.242800000000000011e+02,-9.111795282833765964e-04,9.956321220683145290e-02,-1.561644838021957638e+00,-9.111795282816482697e-04,9.956321220685072915e-02,-1.561644838021966741e+00
1.244800000000000040e+02,-9.111795282833765964e-04,9.956321220683145290e-02,-1.561644838021957638e+00,-9.111795282816482697e-04,9.956321220685072915e-02,-1.561644838021966741e+00
1.246800000000000068e+02,-9.111795282833765964e-04,9.956321220683145290e-02,-1.561644838021957638e+00,-9.111795282816482697e-04,9.956321220685072915e-02,-1.561644838021966741e+00
1.248799999999999955e+02,-9.111795282833765964e-04,9.956321220683145290e-02,-1.561644838021957638e+00,-9.111795282816482697e-04,9.956321220685072915e-02,-1.561644838021966741e+00
1.250799999999999983e+02,-9.111795282833765964e-04,9.956321220683145290e-02,-1.561644838021957638e+00,-9.111795282816482697e-04,9.956321220685072915e-02,-1.561644838021966741e+00
1.252800000000000011e+02,-9.111795282833765964e-04,9.956321220683145290e-02,-1.561644838021957638e+00,-9.111795282816482697e-04,9.956321220685072915e-02,-1.561644838021966741e+00
1.254800000000000040e+02,-9.111795282833765964e-04,9.956321220683145290e-02,-1.561644838021957638e+00,-9.111795282816482697e-04,9.956321220685072915e-02,-1.561644838021966741e+00
1.256800000000000068e+02,-9.111795282833765964e-04,9.956321220683145290e-02,-1.561644838021957638e+00,-9.111795282816482697e-04,9.956321220685072915e-02,-1.561644838021966741e+00
1.258799999999999955e+02,-9.111795282833765964e-04,9.956321220683145290e-02,-1.561644838021957638e+00,-9.111795282816482697e-04,9.956321220685072915e-02,-1.561644838021966741e+00
1.260799999999999983e+02,-9.111795282833765964e-04,9.956321220683145290e-02,-1.561644838021957638e+00,-9.111795282816482697e-04,9.956321220685072915e-02,-1.561644838021966741e+00
1.262800000000000011e+02,-9.111795282833765964e-04,9.956321220683145290e-02,-1.561644838021957638e+00,-9.111795282816482697e-04,9.956321220685072915e-02,-1.561644838021966741e+00
1.264599999999999937e+02,-9.111795282833765964e-04,9.956321220683145290e-02,-1.561644838021957638e+00,-9.111795282816482697e-04,9.956321220685072915e-02,-1.561644838021966741e+00
